CEP,lat,lng,city_norm,n_pedidos,valor_total,freight_total,cohort,estimator,evaluation_metric,fit_space,coordinate_interpretation
20010,-22.902472412497978,-43.17539997876279,rio de janeiro,7,463.75999999999999,112.34999999999999,main,median,haversine,angular,"postal representative, not individual order address"
20011,-22.904496094639068,-43.175896816261776,rio de janeiro,15,1713.52,347.89999999999998,main,median,haversine,angular,"postal representative, not individual order address"
20020,-22.906360477927223,-43.173734830284459,rio de janeiro,9,633.90999999999997,143.70000000000002,main,median,haversine,angular,"postal representative, not individual order address"
20021,-22.912121384482425,-43.172760006127611,rio de janeiro,13,1735.9000000000001,320.03000000000003,main,median,haversine,angular,"postal representative, not individual order address"
20030,-22.910488104074133,-43.173895076317216,rio de janeiro,21,2617.27,477.13999999999999,main,median,haversine,angular,"postal representative, not individual order address"
20031,-22.909623653615373,-43.176773644613007,rio de janeiro,38,5762.54,804.27999999999997,main,median,haversine,angular,"postal representative, not individual order address"
20040,-22.905074237271261,-43.177172667782301,rio de janeiro,35,6113.25,738.00999999999999,main,median,haversine,angular,"postal representative, not individual order address"
20041,-22.903569733827723,-43.179453481822371,rio de janeiro,2,36.799999999999997,24.34,main,median,haversine,angular,"postal representative, not individual order address"
20050,-22.905388990564941,-43.178827499999983,rio de janeiro,8,1481.3699999999999,188.03999999999999,main,median,haversine,angular,"postal representative, not individual order address"
20051,-22.902524517081105,-43.183330363609969,rio de janeiro,3,319.5,61.450000000000003,main,median,haversine,angular,"postal representative, not individual order address"
20060,-22.906715575641115,-43.184530342541919,rio de janeiro,2,90,33.870000000000005,main,median,haversine,angular,"postal representative, not individual order address"
20061,-22.905911692480792,-43.185894508553901,rio de janeiro,1,89.900000000000006,8.0399999999999991,main,median,haversine,angular,"postal representative, not individual order address"
20070,-22.902462523457743,-43.179633471550574,rio de janeiro,6,448.83999999999997,100.97,main,median,haversine,angular,"postal representative, not individual order address"
20071,-22.901833414103496,-43.180802460586321,rio de janeiro,14,2068.25,348.86000000000001,main,median,haversine,angular,"postal representative, not individual order address"
20080,-22.901058733827725,-43.185554918748906,rio de janeiro,6,13719.209999999999,304.18000000000001,main,median,haversine,angular,"postal representative, not individual order address"
20081,-22.897514536211027,-43.184015450040405,rio de janeiro,15,6218.6999999999998,445.81999999999999,main,median,haversine,angular,"postal representative, not individual order address"
20090,-22.8991184007733,-43.179635337447039,rio de janeiro,20,1936.5699999999999,416.61000000000001,main,median,haversine,angular,"postal representative, not individual order address"
20091,-22.89982352262103,-43.17812973258696,rio de janeiro,13,1576.52,301.47000000000003,main,median,haversine,angular,"postal representative, not individual order address"
20210,-22.90892765758392,-43.202272231695225,rio de janeiro,7,594,175.75,main,median,haversine,angular,"postal representative, not individual order address"
20211,-22.911677528997672,-43.198142254371277,rio de janeiro,19,2948.4699999999998,443.14999999999998,main,median,haversine,angular,"postal representative, not individual order address"
20220,-22.900391576043084,-43.201487564184305,rio de janeiro,17,1928.8399999999999,431.13,main,median,haversine,angular,"postal representative, not individual order address"
20221,-22.89903798723239,-43.190996820012678,rio de janeiro,5,1750.25,104.04000000000001,main,median,haversine,angular,"postal representative, not individual order address"
20230,-22.91345759457133,-43.187971133360257,rio de janeiro,46,7480.7399999999998,1136.4100000000001,main,median,haversine,angular,"postal representative, not individual order address"
20231,-22.911723408275112,-43.186275226933972,rio de janeiro,23,2778.5599999999999,619.90999999999997,main,median,haversine,angular,"postal representative, not individual order address"
20240,-22.917329414363294,-43.18875553719198,rio de janeiro,13,1515.4300000000001,249.33000000000001,main,median,haversine,angular,"postal representative, not individual order address"
20241,-22.920179070777287,-43.1800400189857,rio de janeiro,31,4725.8000000000002,734.47000000000003,main,median,haversine,angular,"postal representative, not individual order address"
20250,-22.919311423827025,-43.207554363581309,rio de janeiro,10,1227.6500000000001,328.29000000000002,main,median,haversine,angular,"postal representative, not individual order address"
20251,-22.924787719963589,-43.199137587425696,rio de janeiro,14,2200.0700000000002,360.21000000000004,main,median,haversine,angular,"postal representative, not individual order address"
20260,-22.919878227018398,-43.215531846384621,rio de janeiro,50,7159.6500000000005,1272.8199999999999,main,median,haversine,angular,"postal representative, not individual order address"
20261,-22.923567074095509,-43.212628032604343,rio de janeiro,41,5153,968.55999999999995,main,median,haversine,angular,"postal representative, not individual order address"
20270,-22.916833051618703,-43.21798092630852,rio de janeiro,42,5971.4399999999996,935.01999999999998,main,median,haversine,angular,"postal representative, not individual order address"
20271,-22.91408114285877,-43.223869566882158,rio de janeiro,41,4241.4499999999998,768.13,main,median,haversine,angular,"postal representative, not individual order address"
20510,-22.93035788314392,-43.241617885105832,rio de janeiro,42,6737.0500000000002,1036.3099999999999,main,median,haversine,angular,"postal representative, not individual order address"
20511,-22.930156503606682,-43.240173172341272,rio de janeiro,43,5607.6300000000001,950.36000000000001,main,median,haversine,angular,"postal representative, not individual order address"
20520,-22.925419282965532,-43.232072863400354,rio de janeiro,64,8229.2000000000007,1601.7,main,median,haversine,angular,"postal representative, not individual order address"
20521,-22.927911349702853,-43.232150351520531,rio de janeiro,42,7425.79,954.00999999999999,main,median,haversine,angular,"postal representative, not individual order address"
20530,-22.937512792544215,-43.246645978215689,rio de janeiro,32,4483.4200000000001,763.49000000000001,main,median,haversine,angular,"postal representative, not individual order address"
20531,-22.95073136280994,-43.262458023097189,rio de janeiro,8,3652.3400000000001,170.88999999999999,main,median,haversine,angular,"postal representative, not individual order address"
20535,-22.891499643995644,-43.252709074620526,rio de janeiro,4,314.95999999999998,79.530000000000001,main,median,haversine,angular,"postal representative, not individual order address"
20540,-22.922587334731741,-43.242445681242387,rio de janeiro,73,13210.620000000001,1656.6700000000001,main,median,haversine,angular,"postal representative, not individual order address"
20541,-22.922355824860112,-43.243986681804977,rio de janeiro,72,6773.8199999999997,1616.8800000000001,main,median,haversine,angular,"postal representative, not individual order address"
20550,-22.917686364692159,-43.231241920278116,rio de janeiro,71,7851.6199999999999,1458.8499999999999,main,median,haversine,angular,"postal representative, not individual order address"
20551,-22.914400672773947,-43.245630204137562,rio de janeiro,52,7163.5500000000002,1358.26,main,median,haversine,angular,"postal representative, not individual order address"
20560,-22.918606538302836,-43.256743384472216,rio de janeiro,46,5146.8100000000004,931.38999999999999,main,median,haversine,angular,"postal representative, not individual order address"
20561,-22.923126168734587,-43.263343188874131,rio de janeiro,28,3756.96,666.58000000000004,main,median,haversine,angular,"postal representative, not individual order address"
20710,-22.90853837301637,-43.276765855271442,rio de janeiro,10,1866.0699999999999,226.34,main,median,haversine,angular,"postal representative, not individual order address"
20715,-22.91319278766813,-43.269141521495847,rio de janeiro,6,514.70000000000005,108.62,main,median,haversine,angular,"postal representative, not individual order address"
20720,-22.906808590628359,-43.288212059668787,rio de janeiro,50,6868.1199999999999,1383.99,main,median,haversine,angular,"postal representative, not individual order address"
20725,-22.905808029978623,-43.283161695726903,rio de janeiro,9,1895.1900000000001,166.37,main,median,haversine,angular,"postal representative, not individual order address"
20730,-22.901158581741559,-43.298572148767917,rio de janeiro,13,1534.01,228.22999999999999,main,median,haversine,angular,"postal representative, not individual order address"
20735,-22.900371422153583,-43.286384704397342,rio de janeiro,36,3917.4000000000001,779.96000000000004,main,median,haversine,angular,"postal representative, not individual order address"
20740,-22.89597548375561,-43.312867946852087,rio de janeiro,11,980.23000000000002,257.93000000000001,main,median,haversine,angular,"postal representative, not individual order address"
20745,-22.904062574528197,-43.30650972967279,rio de janeiro,18,2203.75,413.93000000000001,main,median,haversine,angular,"postal representative, not individual order address"
20750,-22.874232658318569,-43.300192232586959,rio de janeiro,5,983.77999999999997,166.88999999999999,main,median,haversine,angular,"postal representative, not individual order address"
20751,-22.883955223700177,-43.304684518942224,rio de janeiro,13,1523.3800000000001,258.60000000000002,main,median,haversine,angular,"postal representative, not individual order address"
20755,-22.888777012767612,-43.29716953260435,rio de janeiro,8,500.80000000000001,141.18000000000001,main,median,haversine,angular,"postal representative, not individual order address"
20756,-22.888428025246764,-43.304146098389992,rio de janeiro,10,858.62,236.25999999999999,main,median,haversine,angular,"postal representative, not individual order address"
20760,-22.878327740766952,-43.287039535975552,rio de janeiro,4,259.88999999999999,63.090000000000003,main,median,haversine,angular,"postal representative, not individual order address"
20761,-22.869382394815016,-43.297253039471485,rio de janeiro,1,74.989999999999995,17.16,main,median,haversine,angular,"postal representative, not individual order address"
20765,-22.87049748958399,-43.286726624346251,rio de janeiro,8,1218.54,396.61000000000001,main,median,haversine,angular,"postal representative, not individual order address"
20766,-22.865561497085807,-43.287702750000008,rio de janeiro,5,537.49000000000001,108.56,main,median,haversine,angular,"postal representative, not individual order address"
20770,-22.892221151826355,-43.286175612960932,rio de janeiro,12,1088.22,224.28,main,median,haversine,angular,"postal representative, not individual order address"
20771,-22.885651556480287,-43.280623699757037,rio de janeiro,31,5914.6300000000001,721,main,median,haversine,angular,"postal representative, not individual order address"
20775,-22.895235340412018,-43.277630090284049,rio de janeiro,23,2874.77,411.74000000000001,main,median,haversine,angular,"postal representative, not individual order address"
20780,-22.896552719949256,-43.271215027035772,rio de janeiro,32,4036.23,684.91999999999996,main,median,haversine,angular,"postal representative, not individual order address"
20785,-22.886614268105514,-43.26793577240467,rio de janeiro,16,3937.1300000000001,373.56,main,median,haversine,angular,"postal representative, not individual order address"
20910,-22.899799131282798,-43.228898853179629,rio de janeiro,11,1550.76,256.01999999999998,main,median,haversine,angular,"postal representative, not individual order address"
20911,-22.894114190951584,-43.24169391520001,rio de janeiro,8,552.90999999999997,168.74000000000001,main,median,haversine,angular,"postal representative, not individual order address"
20920,-22.894691688874108,-43.232734996231208,rio de janeiro,8,651.54999999999995,204.59,main,median,haversine,angular,"postal representative, not individual order address"
20921,-22.894201085809595,-43.224361323619348,rio de janeiro,19,1619.8399999999999,680.13999999999999,main,median,haversine,angular,"postal representative, not individual order address"
20930,-22.890307860955573,-43.226249737290175,rio de janeiro,3,371.88,85.700000000000003,main,median,haversine,angular,"postal representative, not individual order address"
20931,-22.877900431996657,-43.21692300502032,rio de janeiro,11,1466.49,213.49000000000001,main,median,haversine,angular,"postal representative, not individual order address"
20932,-22.85332248950828,-43.397360098269154,rio de janeiro,1,140,15.73,main,median,haversine,angular,"postal representative, not individual order address"
20940,-22.902722527901162,-43.218948243534243,rio de janeiro,18,1491.1900000000001,333.77999999999997,main,median,haversine,angular,"postal representative, not individual order address"
20941,-22.906132323071105,-43.218858798084142,rio de janeiro,15,3056.7000000000003,433.38,main,median,haversine,angular,"postal representative, not individual order address"
20943,-22.90831646404876,-43.235760950314543,rio de janeiro,3,249.78999999999999,102.63,main,median,haversine,angular,"postal representative, not individual order address"
20950,-22.903440789341573,-43.255880475445714,rio de janeiro,34,2990.5799999999999,782.28999999999996,main,median,haversine,angular,"postal representative, not individual order address"
20960,-22.89935304509784,-43.248928295429607,rio de janeiro,6,548.07000000000005,125.38,main,median,haversine,angular,"postal representative, not individual order address"
20961,-22.899142151260879,-43.261772338190326,rio de janeiro,3,432.60000000000002,49.490000000000002,main,median,haversine,angular,"postal representative, not individual order address"
20970,-22.895070464885485,-43.258645613927555,rio de janeiro,4,454.88,67.890000000000001,main,median,haversine,angular,"postal representative, not individual order address"
20972,-22.887529039110216,-43.259369022685803,rio de janeiro,1,32.899999999999999,17.600000000000001,main,median,haversine,angular,"postal representative, not individual order address"
20973,-22.886925021437865,-43.252960240957862,rio de janeiro,3,635.86000000000001,174.25,main,median,haversine,angular,"postal representative, not individual order address"
20975,-22.894773390789968,-43.251129330688507,rio de janeiro,3,468.88999999999999,66.579999999999998,main,median,haversine,angular,"postal representative, not individual order address"
21010,-22.816821389809022,-43.293523022765257,rio de janeiro,7,766.58000000000004,146.56999999999999,main,median,haversine,angular,"postal representative, not individual order address"
21011,-22.827412750202008,-43.283215734246099,rio de janeiro,16,1599.55,367.76999999999998,main,median,haversine,angular,"postal representative, not individual order address"
21012,-22.82574015944375,-43.290406112176008,rio de janeiro,7,1389.79,117.19,main,median,haversine,angular,"postal representative, not individual order address"
21020,-22.836436732168615,-43.275556609065802,rio de janeiro,33,5932.2700000000004,761.38999999999999,main,median,haversine,angular,"postal representative, not individual order address"
21021,-22.841859215938552,-43.264850043781138,rio de janeiro,25,3897.8099999999999,520.54999999999995,main,median,haversine,angular,"postal representative, not individual order address"
21030,-22.844110661944992,-43.249413823319081,rio de janeiro,3,1057.95,259.58999999999997,main,median,haversine,angular,"postal representative, not individual order address"
21031,-22.848679293048441,-43.25642816139132,rio de janeiro,17,3068.8200000000002,474.81999999999999,main,median,haversine,angular,"postal representative, not individual order address"
21032,-22.860412710802663,-43.255470798632409,rio de janeiro,9,819.96000000000004,183.84999999999999,main,median,haversine,angular,"postal representative, not individual order address"
21040,-22.857016054677128,-43.251328085238043,rio de janeiro,9,1248.3900000000001,163.46000000000001,main,median,haversine,angular,"postal representative, not individual order address"
21041,-22.868219587021688,-43.251085021784299,rio de janeiro,10,958.38,174.53,main,median,haversine,angular,"postal representative, not individual order address"
21042,-22.862534516374282,-43.242663975432748,rio de janeiro,4,743.25999999999999,89.859999999999985,main,median,haversine,angular,"postal representative, not individual order address"
21043,-22.858117876602037,-43.246122910675169,rio de janeiro,1,49.899999999999999,14.1,main,median,haversine,angular,"postal representative, not individual order address"
21044,-22.853546254488244,-43.242954164038814,rio de janeiro,4,464.88,86.120000000000005,main,median,haversine,angular,"postal representative, not individual order address"
21046,-22.870737650180892,-43.238712940258203,rio de janeiro,4,357.99000000000001,68.079999999999998,main,median,haversine,angular,"postal representative, not individual order address"
21050,-22.877480620030063,-43.259160410352592,rio de janeiro,17,2979.1599999999999,584.70000000000005,main,median,haversine,angular,"postal representative, not individual order address"
21051,-22.874250425760255,-43.267943909749,rio de janeiro,5,652.78999999999996,131.29000000000002,main,median,haversine,angular,"postal representative, not individual order address"
21060,-22.856885588983584,-43.263163220237701,rio de janeiro,17,2083.3299999999999,403.18000000000001,main,median,haversine,angular,"postal representative, not individual order address"
21061,-22.867055489856089,-43.268356177505801,rio de janeiro,14,1816.1700000000001,305.29000000000002,main,median,haversine,angular,"postal representative, not individual order address"
21070,-22.842981712187644,-43.282379304749234,rio de janeiro,9,609.38,219.72,main,median,haversine,angular,"postal representative, not individual order address"
21071,-22.850941346124824,-43.278097413338898,rio de janeiro,4,1413.98,172.91999999999999,main,median,haversine,angular,"postal representative, not individual order address"
21073,-22.850776824109129,-43.270083990146574,rio de janeiro,26,3602.9099999999999,547.63,main,median,haversine,angular,"postal representative, not individual order address"
21210,-22.84258446627047,-43.303678777468456,rio de janeiro,17,2608.7000000000003,517.70000000000005,main,median,haversine,angular,"postal representative, not individual order address"
21211,-22.836444957527892,-43.308212856512192,rio de janeiro,13,2156.8899999999999,278.95999999999998,main,median,haversine,angular,"postal representative, not individual order address"
21215,-22.834482662242369,-43.296439242310498,rio de janeiro,18,2058.8299999999999,338.39999999999998,main,median,haversine,angular,"postal representative, not individual order address"
21220,-22.850412639930923,-43.313807871087732,rio de janeiro,24,4986.2600000000002,571.13999999999999,main,median,haversine,angular,"postal representative, not individual order address"
21221,-22.845145086588985,-43.309265391194003,rio de janeiro,22,2323.4299999999998,462.16000000000003,main,median,haversine,angular,"postal representative, not individual order address"
21230,-22.826485581193296,-43.323432875613911,rio de janeiro,42,3904.0900000000001,917.69000000000005,main,median,haversine,angular,"postal representative, not individual order address"
21231,-22.830750512637714,-43.321305007213347,rio de janeiro,7,522.68000000000006,151.78999999999999,main,median,haversine,angular,"postal representative, not individual order address"
21235,-22.837451405505156,-43.323232840960273,rio de janeiro,36,5835.9700000000003,759.40999999999997,main,median,haversine,angular,"postal representative, not individual order address"
21236,-22.830910548848742,-43.314204013445767,rio de janeiro,1,65.989999999999995,14.210000000000001,main,median,haversine,angular,"postal representative, not individual order address"
21240,-22.810137443793657,-43.322851293784957,rio de janeiro,7,1125.97,136.44999999999999,main,median,haversine,angular,"postal representative, not individual order address"
21241,-22.812922488199007,-43.309730601830765,rio de janeiro,4,371.80000000000001,89.579999999999998,main,median,haversine,angular,"postal representative, not individual order address"
21250,-22.824490474320541,-43.307557664305506,rio de janeiro,22,2381.1600000000003,412.27999999999997,main,median,haversine,angular,"postal representative, not individual order address"
21310,-22.878901440605347,-43.339493735212692,rio de janeiro,18,1737.5799999999999,442.75999999999999,main,median,haversine,angular,"postal representative, not individual order address"
21311,-22.889148401335888,-43.327700884817361,rio de janeiro,16,2185.0599999999999,357.22000000000003,main,median,haversine,angular,"postal representative, not individual order address"
21320,-22.894145203993325,-43.347174507794882,rio de janeiro,16,1956.6900000000001,469.44999999999999,main,median,haversine,angular,"postal representative, not individual order address"
21321,-22.896198422860401,-43.355687467961239,rio de janeiro,57,8732.0200000000004,1754.27,main,median,haversine,angular,"postal representative, not individual order address"
21330,-22.882376409414437,-43.363361678169646,rio de janeiro,50,7840.1800000000003,1496.24,main,median,haversine,angular,"postal representative, not individual order address"
21331,-22.872718341104505,-43.364321140717855,rio de janeiro,25,2274.9699999999998,606.39999999999998,main,median,haversine,angular,"postal representative, not individual order address"
21340,-22.871102788649079,-43.354862795314176,rio de janeiro,9,1093.1500000000001,191.30000000000001,main,median,haversine,angular,"postal representative, not individual order address"
21341,-22.883008551304041,-43.349769051803683,rio de janeiro,22,2703.8299999999999,699.02999999999997,main,median,haversine,angular,"postal representative, not individual order address"
21350,-22.877944187344905,-43.329263685382998,rio de janeiro,12,2597.3899999999999,227.72,main,median,haversine,angular,"postal representative, not individual order address"
21351,-22.870421822638413,-43.34239072828781,rio de janeiro,10,989.37,199.56999999999999,main,median,haversine,angular,"postal representative, not individual order address"
21360,-22.867234228980283,-43.334696129502447,rio de janeiro,8,1156.7,129.31,main,median,haversine,angular,"postal representative, not individual order address"
21361,-22.853066627243422,-43.328187042183643,rio de janeiro,12,1632.5700000000002,282.73000000000002,main,median,haversine,angular,"postal representative, not individual order address"
21370,-22.870780636707146,-43.31855263113858,rio de janeiro,4,407.10000000000002,82.900000000000006,main,median,haversine,angular,"postal representative, not individual order address"
21371,-22.851371608113503,-43.324052961423028,rio de janeiro,9,1204.3399999999999,169.38,main,median,haversine,angular,"postal representative, not individual order address"
21380,-22.884763705782337,-43.318704249495191,rio de janeiro,19,2926.7399999999998,476.49000000000001,main,median,haversine,angular,"postal representative, not individual order address"
21381,-22.87886160115994,-43.315541981851013,rio de janeiro,8,2280.5900000000001,197.33000000000001,main,median,haversine,angular,"postal representative, not individual order address"
21510,-22.841379471002327,-43.349749537480449,rio de janeiro,7,752.49000000000001,136.12,main,median,haversine,angular,"postal representative, not individual order address"
21511,-22.843233644050407,-43.354416918128521,rio de janeiro,5,786.59000000000003,113.06999999999999,main,median,haversine,angular,"postal representative, not individual order address"
21512,-22.836111705299409,-43.363494383306843,rio de janeiro,5,554.31000000000006,115.27,main,median,haversine,angular,"postal representative, not individual order address"
21515,-22.827719800210637,-43.36298572771183,rio de janeiro,5,583.13,102.40000000000001,main,median,haversine,angular,"postal representative, not individual order address"
21520,-22.80990677491485,-43.363164032892819,rio de janeiro,3,293.89999999999998,65.730000000000004,main,median,haversine,angular,"postal representative, not individual order address"
21530,-22.826290558139576,-43.346164988324404,rio de janeiro,6,795.54999999999995,125.31999999999999,main,median,haversine,angular,"postal representative, not individual order address"
21532,-22.815816214524904,-43.361318409660093,rio de janeiro,1,27,15.109999999999999,main,median,haversine,angular,"postal representative, not individual order address"
21535,-22.81425523399885,-43.337847002625722,rio de janeiro,2,92.890000000000001,35.270000000000003,main,median,haversine,angular,"postal representative, not individual order address"
21540,-22.851001487376614,-43.342430948583306,rio de janeiro,10,2602.46,313.19999999999999,main,median,haversine,angular,"postal representative, not individual order address"
21545,-22.844493512637705,-43.343132343410751,rio de janeiro,4,713.58000000000004,117.04000000000001,main,median,haversine,angular,"postal representative, not individual order address"
21550,-22.8622029888915,-43.354071266864757,rio de janeiro,14,1014.38,375.16000000000003,main,median,haversine,angular,"postal representative, not individual order address"
21555,-22.854765493623361,-43.363504251601327,rio de janeiro,13,1670.6700000000001,305.44999999999999,main,median,haversine,angular,"postal representative, not individual order address"
21557,-22.856088111621052,-43.374942099774962,rio de janeiro,3,136.88999999999999,51.609999999999999,main,median,haversine,angular,"postal representative, not individual order address"
21610,-22.866385578662914,-43.372546724464776,rio de janeiro,20,4347.2200000000003,592.72000000000003,main,median,haversine,angular,"postal representative, not individual order address"
21615,-22.86257115735388,-43.389781130850118,rio de janeiro,17,2248.3099999999999,378.72000000000003,main,median,haversine,angular,"postal representative, not individual order address"
21616,-22.851936475179851,-43.396401204014033,rio de janeiro,10,1153.7,199.25,main,median,haversine,angular,"postal representative, not individual order address"
21620,-22.839524010675806,-43.403841994734208,rio de janeiro,12,795.48000000000002,174.41,main,median,haversine,angular,"postal representative, not individual order address"
21625,-22.831790247648279,-43.400123938369298,rio de janeiro,11,976.39999999999998,200.41999999999999,main,median,haversine,angular,"postal representative, not individual order address"
21630,-22.825718172081459,-43.412371208985,rio de janeiro,5,654.59999999999991,84.780000000000001,main,median,haversine,angular,"postal representative, not individual order address"
21635,-22.832700924793642,-43.41103726234924,rio de janeiro,2,146.90000000000001,38.609999999999999,main,median,haversine,angular,"postal representative, not individual order address"
21640,-22.835948489324185,-43.393102696491496,rio de janeiro,2,155.99000000000001,36.829999999999998,main,median,haversine,angular,"postal representative, not individual order address"
21645,-22.821254716680524,-43.397649710999993,rio de janeiro,2,129.90000000000001,33.32,main,median,haversine,angular,"postal representative, not individual order address"
21650,-22.814056935916465,-43.374343156731094,rio de janeiro,5,475.77999999999997,128.24000000000001,main,median,haversine,angular,"postal representative, not individual order address"
21655,-22.816424663189096,-43.383017439278149,rio de janeiro,2,160.80000000000001,50.259999999999998,main,median,haversine,angular,"postal representative, not individual order address"
21660,-22.84054728812308,-43.376431133086136,rio de janeiro,7,568.59000000000003,186.90000000000001,main,median,haversine,angular,"postal representative, not individual order address"
21665,-22.834898225085151,-43.376764716857451,rio de janeiro,1,69.989999999999995,19.460000000000001,main,median,haversine,angular,"postal representative, not individual order address"
21670,-22.849642847400503,-43.377451080688495,rio de janeiro,5,969.78999999999996,110.27,main,median,haversine,angular,"postal representative, not individual order address"
21675,-22.84633251631551,-43.369663432136896,rio de janeiro,8,1097.5799999999999,182.36000000000001,main,median,haversine,angular,"postal representative, not individual order address"
21710,-22.87813544936224,-43.426016818853242,rio de janeiro,11,1014.17,301.73000000000002,main,median,haversine,angular,"postal representative, not individual order address"
21715,-22.879098335276129,-43.438576360612998,rio de janeiro,11,2274.79,235.47999999999999,main,median,haversine,angular,"postal representative, not individual order address"
21720,-22.865034069940567,-43.448256000548255,rio de janeiro,3,96.799999999999997,44.990000000000002,main,median,haversine,angular,"postal representative, not individual order address"
21721,-22.873559624561128,-43.437974201915857,rio de janeiro,2,254,49.640000000000001,main,median,haversine,angular,"postal representative, not individual order address"
21725,-22.857339448382557,-43.450556722547546,rio de janeiro,6,406.99000000000001,98.810000000000002,main,median,haversine,angular,"postal representative, not individual order address"
21730,-22.864265255900499,-43.432159929736152,rio de janeiro,7,1069.0699999999999,227.05000000000001,main,median,haversine,angular,"postal representative, not individual order address"
21735,-22.871043691369945,-43.430226383360264,rio de janeiro,6,1271.8699999999999,92.560000000000002,main,median,haversine,angular,"postal representative, not individual order address"
21740,-22.884436477927228,-43.381413806826721,rio de janeiro,10,2002.5999999999999,264.68000000000001,main,median,haversine,angular,"postal representative, not individual order address"
21741,-22.889148393324469,-43.396421840556243,rio de janeiro,6,859.59000000000003,206.53,main,median,haversine,angular,"postal representative, not individual order address"
21745,-22.877389814320889,-43.40945146512626,rio de janeiro,8,978.35000000000002,163.75,main,median,haversine,angular,"postal representative, not individual order address"
21746,-22.880104244662085,-43.404417115267236,rio de janeiro,1,34.990000000000002,14.52,main,median,haversine,angular,"postal representative, not individual order address"
21750,-22.879259706359257,-43.415810062034723,rio de janeiro,10,1559.27,348.38,main,median,haversine,angular,"postal representative, not individual order address"
21755,-22.88444299471988,-43.421737620318531,rio de janeiro,4,399.69000000000005,78.009999999999991,main,median,haversine,angular,"postal representative, not individual order address"
21760,-22.890590834479813,-43.419676654815326,rio de janeiro,11,787.10000000000002,183.00999999999999,main,median,haversine,angular,"postal representative, not individual order address"
21765,-22.890628869698148,-43.431118926582641,rio de janeiro,12,1811.0799999999999,279.32999999999998,main,median,haversine,angular,"postal representative, not individual order address"
21770,-22.892475708580964,-43.441570011512525,rio de janeiro,7,884.48000000000002,139.63999999999999,main,median,haversine,angular,"postal representative, not individual order address"
21775,-22.886710565352931,-43.44684427892556,rio de janeiro,9,1185.28,187.86000000000001,main,median,haversine,angular,"postal representative, not individual order address"
21810,-22.8785995434244,-43.459981317935203,rio de janeiro,11,1365.3499999999999,224.63999999999999,main,median,haversine,angular,"postal representative, not individual order address"
21815,-22.885395485429044,-43.454800613105149,rio de janeiro,8,1248.3900000000001,155.77000000000001,main,median,haversine,angular,"postal representative, not individual order address"
21820,-22.883336999999997,-43.471597853800013,rio de janeiro,11,1195.0899999999999,290.13999999999999,main,median,haversine,angular,"postal representative, not individual order address"
21825,-22.890969378724932,-43.475111999999996,rio de janeiro,5,818.97000000000003,132.28999999999999,main,median,haversine,angular,"postal representative, not individual order address"
21830,-22.880551170133892,-43.482546209547579,rio de janeiro,9,2079.25,184.38999999999999,main,median,haversine,angular,"postal representative, not individual order address"
21831,-22.889980452763453,-43.483325561125895,rio de janeiro,7,722.5,129.55000000000001,main,median,haversine,angular,"postal representative, not individual order address"
21832,-22.895772316220235,-43.490665220828234,rio de janeiro,9,731.68999999999994,193.47,main,median,haversine,angular,"postal representative, not individual order address"
21833,-22.881570412430062,-43.49395110895518,rio de janeiro,3,455.48000000000002,98.359999999999999,main,median,haversine,angular,"postal representative, not individual order address"
21840,-22.870342477927228,-43.472411098327171,rio de janeiro,6,679.5,174.69,main,median,haversine,angular,"postal representative, not individual order address"
21842,-22.868189999999998,-43.478096704555909,rio de janeiro,9,852.73000000000002,222.63,main,median,haversine,angular,"postal representative, not individual order address"
21843,-22.871402370654401,-43.49305463080826,rio de janeiro,6,467.67000000000002,114.45999999999999,main,median,haversine,angular,"postal representative, not individual order address"
21850,-22.859514502914195,-43.487233317935207,rio de janeiro,2,434.99000000000001,37.880000000000003,main,median,haversine,angular,"postal representative, not individual order address"
21852,-22.858990694017429,-43.49175606994055,rio de janeiro,1,105.90000000000001,17.989999999999998,main,median,haversine,angular,"postal representative, not individual order address"
21853,-22.851976097409032,-43.489550556206346,rio de janeiro,11,1099.6700000000001,234.75,main,median,haversine,angular,"postal representative, not individual order address"
21854,-22.843419102083576,-43.491649999999936,rio de janeiro,1,79.980000000000004,30.460000000000001,main,median,haversine,angular,"postal representative, not individual order address"
21860,-22.863022878988989,-43.460426819031731,rio de janeiro,5,723.89999999999998,98.719999999999999,main,median,haversine,angular,"postal representative, not individual order address"
21862,-22.864351885303449,-43.466663803200383,rio de janeiro,6,1145.79,117.63,main,median,haversine,angular,"postal representative, not individual order address"
21863,-22.851886288977376,-43.466752770471444,rio de janeiro,6,1554.46,235.33000000000001,main,median,haversine,angular,"postal representative, not individual order address"
21864,-22.854377751125064,-43.459579675832387,rio de janeiro,3,207.5,71.930000000000007,main,median,haversine,angular,"postal representative, not individual order address"
21865,-22.850261518177639,-43.46162133173118,rio de janeiro,2,25.890000000000001,30.34,main,median,haversine,angular,"postal representative, not individual order address"
21866,-22.846862766028039,-43.465667023457762,rio de janeiro,8,901.33000000000004,181.81999999999999,main,median,haversine,angular,"postal representative, not individual order address"
21870,-22.871186528997669,-43.45946958658898,rio de janeiro,7,1212.02,168.09,main,median,haversine,angular,"postal representative, not individual order address"
21875,-22.871811311964173,-43.452616714084826,rio de janeiro,2,864.79999999999995,99.450000000000003,main,median,haversine,angular,"postal representative, not individual order address"
21910,-22.797603062727202,-43.180623294737259,rio de janeiro,15,1492.97,478.19999999999999,main,median,haversine,angular,"postal representative, not individual order address"
21911,-22.78986752622771,-43.172663722994741,rio de janeiro,9,1442.4200000000001,315.54000000000002,main,median,haversine,angular,"postal representative, not individual order address"
21920,-22.797842878700521,-43.19545824839868,rio de janeiro,25,2088.0700000000002,534.94000000000005,main,median,haversine,angular,"postal representative, not individual order address"
21921,-22.808144722310431,-43.184500604146244,rio de janeiro,13,1134.3800000000001,262.77999999999997,main,median,haversine,angular,"postal representative, not individual order address"
21930,-22.820346451007023,-43.177597747850427,rio de janeiro,12,2009.1800000000001,245.03,main,median,haversine,angular,"postal representative, not individual order address"
21931,-22.807903515407663,-43.198936213572608,rio de janeiro,39,6437.6199999999999,848.98000000000002,main,median,haversine,angular,"postal representative, not individual order address"
21932,-22.800769411999969,-43.211145794204072,rio de janeiro,4,789.77999999999997,126.70999999999998,main,median,haversine,angular,"postal representative, not individual order address"
21940,-22.814348940331204,-43.202670752842081,rio de janeiro,30,3367,655.42999999999995,main,median,haversine,angular,"postal representative, not individual order address"
21941,-22.815872853453754,-43.224287401465787,rio de janeiro,21,6635.8499999999995,515.45000000000005,main,median,haversine,angular,"postal representative, not individual order address"
22010,-22.962608088810693,-43.170662141698813,rio de janeiro,24,1880.49,495.55000000000001,main,median,haversine,angular,"postal representative, not individual order address"
22011,-22.964032519562604,-43.176197519980967,rio de janeiro,30,4796.8599999999997,658.17999999999995,main,median,haversine,angular,"postal representative, not individual order address"
22020,-22.965555865398976,-43.178395799324896,rio de janeiro,23,4963.1499999999996,533.07000000000005,main,median,haversine,angular,"postal representative, not individual order address"
22021,-22.965357184528081,-43.178106753606691,rio de janeiro,22,3326.0799999999999,550.08000000000004,main,median,haversine,angular,"postal representative, not individual order address"
22030,-22.965060960038048,-43.18290375590049,rio de janeiro,26,3540.4500000000003,674.97000000000003,main,median,haversine,angular,"postal representative, not individual order address"
22031,-22.966148461567268,-43.187686458797323,rio de janeiro,22,5414.8999999999996,517.70000000000005,main,median,haversine,angular,"postal representative, not individual order address"
22040,-22.968496446563627,-43.184242990016656,rio de janeiro,20,3262.77,445.66000000000003,main,median,haversine,angular,"postal representative, not individual order address"
22041,-22.967573222733552,-43.190361228071453,rio de janeiro,24,4041.6100000000001,625.93999999999994,main,median,haversine,angular,"postal representative, not individual order address"
22050,-22.972648939364589,-43.187446968924867,rio de janeiro,27,3718.1700000000001,672,main,median,haversine,angular,"postal representative, not individual order address"
22051,-22.97261425561204,-43.190423239944565,rio de janeiro,21,2999.5100000000002,537.91999999999996,main,median,haversine,angular,"postal representative, not individual order address"
22060,-22.977201808630056,-43.190262418546908,rio de janeiro,17,2549.8499999999999,319.50999999999999,main,median,haversine,angular,"postal representative, not individual order address"
22061,-22.975773003606676,-43.192848077644399,rio de janeiro,21,1757.99,343.51999999999998,main,median,haversine,angular,"postal representative, not individual order address"
22070,-22.982046506520863,-43.189903176409288,rio de janeiro,19,2174.79,506.39999999999998,main,median,haversine,angular,"postal representative, not individual order address"
22071,-22.978914130157619,-43.193800094783313,rio de janeiro,32,3343.75,703.13999999999999,main,median,haversine,angular,"postal representative, not individual order address"
22080,-22.985983257833741,-43.191866415344244,rio de janeiro,21,5249.1499999999996,671.55999999999995,main,median,haversine,angular,"postal representative, not individual order address"
22081,-22.984638967251417,-43.193406698309182,rio de janeiro,28,5147.6000000000004,843.65999999999997,main,median,haversine,angular,"postal representative, not individual order address"
22210,-22.932084510675818,-43.175453422009362,rio de janeiro,33,5048.54,808.88,main,median,haversine,angular,"postal representative, not individual order address"
22211,-22.923484910352585,-43.178806859974642,rio de janeiro,4,576.88,85.530000000000001,main,median,haversine,angular,"postal representative, not individual order address"
22220,-22.929567490839069,-43.176811337223683,rio de janeiro,27,2317.3499999999999,594.01999999999998,main,median,haversine,angular,"postal representative, not individual order address"
22221,-22.929697960571986,-43.179402176789601,rio de janeiro,43,5759.8100000000004,1217.5,main,median,haversine,angular,"postal representative, not individual order address"
22230,-22.937430121847743,-43.176862902706524,rio de janeiro,52,7611.8000000000002,1254.1400000000001,main,median,haversine,angular,"postal representative, not individual order address"
22231,-22.935280735501159,-43.181659060851743,rio de janeiro,45,5551.9799999999996,1143.95,main,median,haversine,angular,"postal representative, not individual order address"
22240,-22.935340696375931,-43.186718398333056,rio de janeiro,47,6487.1199999999999,945.74000000000001,main,median,haversine,angular,"postal representative, not individual order address"
22241,-22.938277399128509,-43.196787753274769,rio de janeiro,15,2430.8200000000002,403.02999999999997,main,median,haversine,angular,"postal representative, not individual order address"
22245,-22.941443650845411,-43.191613185382991,rio de janeiro,15,1801.77,281.29000000000002,main,median,haversine,angular,"postal representative, not individual order address"
22250,-22.941046165690945,-43.17617823078362,rio de janeiro,55,8478.2800000000007,1252.5599999999999,main,median,haversine,angular,"postal representative, not individual order address"
22251,-22.944469945322865,-43.184902217179285,rio de janeiro,35,8114.3600000000006,858.25999999999999,main,median,haversine,angular,"postal representative, not individual order address"
22260,-22.949477453257384,-43.188355838882821,rio de janeiro,49,8913.1299999999992,1218.53,main,median,haversine,angular,"postal representative, not individual order address"
22261,-22.957250259507173,-43.200479813895832,rio de janeiro,22,2872.9499999999998,559.83000000000004,main,median,haversine,angular,"postal representative, not individual order address"
22270,-22.952838782676466,-43.188574149864451,rio de janeiro,45,5801.0200000000004,1038.4400000000001,main,median,haversine,angular,"postal representative, not individual order address"
22271,-22.95640160921003,-43.194363266432077,rio de janeiro,22,3039.9200000000001,542.80999999999995,main,median,haversine,angular,"postal representative, not individual order address"
22280,-22.954521478763947,-43.185702100207656,rio de janeiro,29,6348.0100000000002,611.00999999999999,main,median,haversine,angular,"postal representative, not individual order address"
22281,-22.957611307519208,-43.19332821233187,rio de janeiro,18,1496.1300000000001,392.67000000000002,main,median,haversine,angular,"postal representative, not individual order address"
22290,-22.954598067170611,-43.177311692691639,rio de janeiro,56,7414.8100000000004,1148.29,main,median,haversine,angular,"postal representative, not individual order address"
22291,-22.946260884444229,-43.162111365586654,rio de janeiro,10,1070.3699999999999,198.22999999999999,main,median,haversine,angular,"postal representative, not individual order address"
22410,-22.984120204830045,-43.208371999524381,rio de janeiro,38,7201.8100000000004,725.67999999999995,main,median,haversine,angular,"postal representative, not individual order address"
22411,-22.982830438253739,-43.201593115182646,rio de janeiro,21,1692.3299999999999,500.38999999999999,main,median,haversine,angular,"postal representative, not individual order address"
22420,-22.9854925434244,-43.203275507631716,rio de janeiro,24,3357.75,534.72000000000003,main,median,haversine,angular,"postal representative, not individual order address"
22421,-22.982166178458098,-43.208052833819039,rio de janeiro,8,1112.9000000000001,188.58000000000001,main,median,haversine,angular,"postal representative, not individual order address"
22430,-22.981969840368173,-43.219996701079147,rio de janeiro,35,9180.7099999999991,962.55999999999995,main,median,haversine,angular,"postal representative, not individual order address"
22431,-22.982681807389302,-43.224309481274112,rio de janeiro,22,2425.5700000000002,521.35000000000002,main,median,haversine,angular,"postal representative, not individual order address"
22440,-22.984312987232386,-43.219992981678132,rio de janeiro,25,3987.4899999999998,602.04999999999995,main,median,haversine,angular,"postal representative, not individual order address"
22441,-22.984902366639727,-43.224241201223371,rio de janeiro,26,3258.1799999999998,576.96000000000004,main,median,haversine,angular,"postal representative, not individual order address"
22450,-22.985741891482469,-43.231288641410345,rio de janeiro,39,5424.54,867.00999999999999,main,median,haversine,angular,"postal representative, not individual order address"
22451,-22.978469157654736,-43.233833368572981,rio de janeiro,56,9533.0100000000002,1393.1500000000001,main,median,haversine,angular,"postal representative, not individual order address"
22452,-22.99707174894662,-43.242563417017777,rio de janeiro,2,145.88,55.700000000000003,main,median,haversine,angular,"postal representative, not individual order address"
22460,-22.965012010820043,-43.222581162228046,rio de janeiro,15,3956.0900000000001,285.88999999999999,main,median,haversine,angular,"postal representative, not individual order address"
22461,-22.961017550926208,-43.215228989324181,rio de janeiro,32,4330.4899999999998,793.60000000000002,main,median,haversine,angular,"postal representative, not individual order address"
22470,-22.96437525339033,-43.216311407236383,rio de janeiro,35,4948.8699999999999,807.55999999999995,main,median,haversine,angular,"postal representative, not individual order address"
22471,-22.966596492368282,-43.202810289341564,rio de janeiro,28,3499.3800000000001,709.75999999999999,main,median,haversine,angular,"postal representative, not individual order address"
22610,-22.9961882714524,-43.258441450732683,rio de janeiro,29,3507.7200000000003,792.04999999999995,main,median,haversine,angular,"postal representative, not individual order address"
22611,-23.008899137803667,-43.296523697103197,rio de janeiro,8,977.63999999999999,154.16,main,median,haversine,angular,"postal representative, not individual order address"
22620,-23.010010522621027,-43.319601057043059,rio de janeiro,35,4874.3999999999996,855.35000000000002,main,median,haversine,angular,"postal representative, not individual order address"
22621,-23.011134852068771,-43.310365258324218,rio de janeiro,27,4191.21,627.29999999999995,main,median,haversine,angular,"postal representative, not individual order address"
22630,-23.010480587281481,-43.334463714813374,rio de janeiro,30,5478.0799999999999,706.58000000000004,main,median,haversine,angular,"postal representative, not individual order address"
22631,-23.004214031623405,-43.335593643632045,rio de janeiro,85,15257.940000000001,2433.5999999999999,main,median,haversine,angular,"postal representative, not individual order address"
22640,-23.000322593973841,-43.331646412419303,rio de janeiro,26,4572.5,636.39999999999998,main,median,haversine,angular,"postal representative, not individual order address"
22641,-22.988315080144602,-43.303980374401355,rio de janeiro,6,650.19000000000005,204.84999999999999,main,median,haversine,angular,"postal representative, not individual order address"
22710,-22.933631577298154,-43.376470227883758,rio de janeiro,51,6493,1202.51,main,median,haversine,angular,"postal representative, not individual order address"
22711,-22.944182414942851,-43.392722952237513,rio de janeiro,1,39.990000000000002,21.190000000000001,main,median,haversine,angular,"postal representative, not individual order address"
22713,-22.930035412430051,-43.389437732321468,rio de janeiro,30,3629.2800000000002,731.25,main,median,haversine,angular,"postal representative, not individual order address"
22715,-22.922747444630385,-43.382751436773042,rio de janeiro,9,1131.47,192.93000000000001,main,median,haversine,angular,"postal representative, not individual order address"
22720,-22.917692601131279,-43.388260345807723,rio de janeiro,25,4559.0900000000001,582.98000000000002,main,median,haversine,angular,"postal representative, not individual order address"
22723,-22.915532944486159,-43.401640687620208,rio de janeiro,41,5884.7799999999997,1120.71,main,median,haversine,angular,"postal representative, not individual order address"
22725,-22.912000889260764,-43.377521406053432,rio de janeiro,21,3100.9899999999998,496.39999999999998,main,median,haversine,angular,"postal representative, not individual order address"
22730,-22.920642500367869,-43.36913945550598,rio de janeiro,22,5331.2700000000004,505.49000000000001,main,median,haversine,angular,"postal representative, not individual order address"
22733,-22.904227592489541,-43.360357885045033,rio de janeiro,18,3219.8400000000001,353.06,main,median,haversine,angular,"postal representative, not individual order address"
22735,-22.92167385596392,-43.360331170003988,rio de janeiro,15,2154.98,507.66000000000003,main,median,haversine,angular,"postal representative, not individual order address"
22740,-22.926311266172281,-43.358081527194329,rio de janeiro,22,3718.7399999999998,679.08000000000004,main,median,haversine,angular,"postal representative, not individual order address"
22743,-22.930412639848665,-43.347039781938072,rio de janeiro,48,5392.9799999999996,1090.6199999999999,main,median,haversine,angular,"postal representative, not individual order address"
22745,-22.935304308644387,-43.333493394632001,rio de janeiro,31,4536.7600000000002,738.04999999999995,main,median,haversine,angular,"postal representative, not individual order address"
22750,-22.942726521524516,-43.33383599333488,rio de janeiro,49,5831.0100000000002,1195.26,main,median,haversine,angular,"postal representative, not individual order address"
22753,-22.971588385030664,-43.330068286395651,rio de janeiro,52,9949.9300000000003,1302.0599999999999,main,median,haversine,angular,"postal representative, not individual order address"
22755,-22.945210543712847,-43.339842232558318,rio de janeiro,19,2335.5500000000002,368.73000000000002,main,median,haversine,angular,"postal representative, not individual order address"
22760,-22.938116465015383,-43.346249914983673,rio de janeiro,16,2226.3499999999999,417.29000000000002,main,median,haversine,angular,"postal representative, not individual order address"
22763,-22.948176604218361,-43.353842039413671,rio de janeiro,15,2140.27,326.47000000000003,main,median,haversine,angular,"postal representative, not individual order address"
22765,-22.955946242062758,-43.347079430059438,rio de janeiro,25,4579.54,679.97000000000003,main,median,haversine,angular,"postal representative, not individual order address"
22770,-22.936854813491813,-43.359961025059079,rio de janeiro,46,5329.96,1030.71,main,median,haversine,angular,"postal representative, not individual order address"
22772,-22.949805127257761,-43.360588988271125,rio de janeiro,1,29.899999999999999,19.84,main,median,haversine,angular,"postal representative, not individual order address"
22773,-22.949028244151783,-43.364329528305191,rio de janeiro,9,804.58000000000004,177.11000000000001,main,median,haversine,angular,"postal representative, not individual order address"
22775,-22.970894018595992,-43.387842336257087,rio de janeiro,103,16328.190000000001,2747.8699999999999,main,median,haversine,angular,"postal representative, not individual order address"
22776,-22.989315173013143,-43.353636132658394,rio de janeiro,11,1213.3199999999999,196.38999999999999,main,median,haversine,angular,"postal representative, not individual order address"
22780,-22.964288895954525,-43.402024304605,rio de janeiro,48,6361.4499999999998,1152.6199999999999,main,median,haversine,angular,"postal representative, not individual order address"
22783,-22.986114974864595,-43.456155352459099,rio de janeiro,44,5413.7600000000002,990.75,main,median,haversine,angular,"postal representative, not individual order address"
22785,-22.98083198763354,-43.494010870239819,rio de janeiro,15,1410.98,285.80000000000001,main,median,haversine,angular,"postal representative, not individual order address"
22790,-23.014294742166268,-43.464131672838931,rio de janeiro,136,21785.209999999999,3014.8299999999999,main,median,haversine,angular,"postal representative, not individual order address"
22793,-23.001664514859417,-43.403839538028691,rio de janeiro,116,16054.059999999999,2801.79,main,median,haversine,angular,"postal representative, not individual order address"
22795,-23.021879893070619,-43.463654399667533,rio de janeiro,68,8942.5400000000009,1343.9400000000001,main,median,haversine,angular,"postal representative, not individual order address"
23010,-22.885051106511668,-43.511013422904938,rio de janeiro,10,2100.6500000000001,230.16999999999999,main,median,haversine,angular,"postal representative, not individual order address"
23012,-22.891286698164944,-43.529259140223232,rio de janeiro,5,1666.78,71.359999999999999,main,median,haversine,angular,"postal representative, not individual order address"
23013,-22.901703097149237,-43.539666419311501,rio de janeiro,11,1484.74,245.61000000000001,main,median,haversine,angular,"postal representative, not individual order address"
23015,-22.907876877878138,-43.539725727063022,rio de janeiro,4,478.57999999999998,60.920000000000002,main,median,haversine,angular,"postal representative, not individual order address"
23016,-22.912525885654084,-43.536182778925557,rio de janeiro,5,584.28999999999996,123.8,main,median,haversine,angular,"postal representative, not individual order address"
23017,-22.918876256472355,-43.527506301690806,rio de janeiro,16,1662.23,445.82999999999998,main,median,haversine,angular,"postal representative, not individual order address"
23020,-23.000643279177964,-43.553157554797963,rio de janeiro,17,2349.8099999999999,324.69,main,median,haversine,angular,"postal representative, not individual order address"
23025,-22.997298387332677,-43.626638250000013,rio de janeiro,4,623.88,101.11,main,median,haversine,angular,"postal representative, not individual order address"
23026,-22.994749463095971,-43.634610694586932,rio de janeiro,7,655.34000000000003,166.19999999999999,main,median,haversine,angular,"postal representative, not individual order address"
23027,-23.00112704025041,-43.639019070012679,rio de janeiro,1,40,22.210000000000001,main,median,haversine,angular,"postal representative, not individual order address"
23028,-22.981248905573651,-43.662428849878737,rio de janeiro,7,716.60000000000002,167.09999999999999,main,median,haversine,angular,"postal representative, not individual order address"
23030,-22.969262870938902,-43.589817777037304,rio de janeiro,12,1097.6300000000001,274.43000000000001,main,median,haversine,angular,"postal representative, not individual order address"
23031,-22.964413107900977,-43.610785565478082,rio de janeiro,6,471.79000000000002,80.620000000000005,main,median,haversine,angular,"postal representative, not individual order address"
23032,-22.973956926613816,-43.645503619626048,rio de janeiro,11,3148.5900000000001,275.80000000000001,main,median,haversine,angular,"postal representative, not individual order address"
23033,-22.956723203993917,-43.604956395325637,rio de janeiro,8,2094.3800000000001,214.02000000000001,main,median,haversine,angular,"postal representative, not individual order address"
23035,-22.94626033543803,-43.597068296401353,rio de janeiro,12,2189.1900000000001,354.29000000000002,main,median,haversine,angular,"postal representative, not individual order address"
23036,-22.940468488458805,-43.577037767357609,rio de janeiro,10,1326.9200000000001,222.66,main,median,haversine,angular,"postal representative, not individual order address"
23040,-22.925425657092156,-43.551046737737195,rio de janeiro,19,1770.0799999999999,454.23000000000002,main,median,haversine,angular,"postal representative, not individual order address"
23042,-22.927549379133215,-43.558773087122617,rio de janeiro,10,886.46000000000004,171.69,main,median,haversine,angular,"postal representative, not individual order address"
23045,-22.915108068555597,-43.563234327913641,rio de janeiro,23,3760.75,557.40999999999997,main,median,haversine,angular,"postal representative, not individual order address"
23047,-22.925450622548009,-43.562695783398972,rio de janeiro,6,1366.2300000000002,105.23999999999999,main,median,haversine,angular,"postal representative, not individual order address"
23050,-22.90584639800333,-43.567283650297142,rio de janeiro,16,3374.6399999999999,352.02999999999997,main,median,haversine,angular,"postal representative, not individual order address"
23052,-22.906153508194315,-43.552991771163931,rio de janeiro,18,3617.71,855.80999999999995,main,median,haversine,angular,"postal representative, not individual order address"
23055,-22.911147450458756,-43.57848300874258,rio de janeiro,13,1400.1900000000001,221.31999999999999,main,median,haversine,angular,"postal representative, not individual order address"
23056,-22.91825666472387,-43.614383197501162,rio de janeiro,5,373.77999999999997,85.810000000000002,main,median,haversine,angular,"postal representative, not individual order address"
23057,-22.92587199049488,-43.601342004351352,rio de janeiro,7,452.58999999999997,193.22999999999999,main,median,haversine,angular,"postal representative, not individual order address"
23058,-22.916306671158651,-43.619483147465672,rio de janeiro,10,1053.1900000000001,194.84999999999999,main,median,haversine,angular,"postal representative, not individual order address"
23059,-22.913903976123883,-43.590991402409678,rio de janeiro,16,1443.3,256.62,main,median,haversine,angular,"postal representative, not individual order address"
23060,-22.896439350564179,-43.606953468642978,rio de janeiro,24,4553.7600000000002,519.86000000000001,main,median,haversine,angular,"postal representative, not individual order address"
23061,-22.909453610857156,-43.618814439494486,rio de janeiro,7,631.73000000000002,140.50999999999999,main,median,haversine,angular,"postal representative, not individual order address"
23062,-22.903777791563272,-43.599383186940877,rio de janeiro,8,615.43000000000006,214.69999999999999,main,median,haversine,angular,"postal representative, not individual order address"
23063,-22.897989481822361,-43.592401852358059,rio de janeiro,13,1921.02,345.31,main,median,haversine,angular,"postal representative, not individual order address"
23064,-22.901432029141901,-43.589218908823376,rio de janeiro,8,1336.8499999999999,139.71000000000001,main,median,haversine,angular,"postal representative, not individual order address"
23065,-22.876864474492471,-43.632697427001006,rio de janeiro,9,843.27999999999997,229.30000000000001,main,median,haversine,angular,"postal representative, not individual order address"
23066,-22.888220297690363,-43.629386144649722,rio de janeiro,15,1722,255.93000000000001,main,median,haversine,angular,"postal representative, not individual order address"
23067,-22.882480867994644,-43.614898409790243,rio de janeiro,2,477.99000000000001,166.59999999999999,main,median,haversine,angular,"postal representative, not individual order address"
23068,-22.886240532056089,-43.597151391626689,rio de janeiro,8,1058.1800000000001,284.94,main,median,haversine,angular,"postal representative, not individual order address"
23070,-22.897497594494848,-43.577163838190302,rio de janeiro,17,3048.4699999999998,403.75999999999999,main,median,haversine,angular,"postal representative, not individual order address"
23071,-22.887714405698045,-43.582361201367583,rio de janeiro,13,1112.9000000000001,252.74000000000001,main,median,haversine,angular,"postal representative, not individual order address"
23073,-22.888594503606669,-43.587552790928555,rio de janeiro,11,1612.76,212.03,main,median,haversine,angular,"postal representative, not individual order address"
23075,-22.879118416924303,-43.57625920989382,rio de janeiro,31,3144.3200000000002,654.76999999999998,main,median,haversine,angular,"postal representative, not individual order address"
23076,-22.883198874865943,-43.57521274034859,rio de janeiro,1,20.300000000000001,15.1,main,median,haversine,angular,"postal representative, not individual order address"
23078,-22.876470663958958,-43.583119002381189,rio de janeiro,12,946.09000000000003,383.41000000000003,main,median,haversine,angular,"postal representative, not individual order address"
23080,-22.898725417984309,-43.565158416945579,rio de janeiro,15,2280.4700000000003,389.86000000000001,main,median,haversine,angular,"postal representative, not individual order address"
23081,-22.894216070028389,-43.567330115110508,rio de janeiro,5,777.67000000000007,83.039999999999992,main,median,haversine,angular,"postal representative, not individual order address"
23082,-22.891195173466443,-43.570860815021021,rio de janeiro,4,621.99000000000001,73.900000000000006,main,median,haversine,angular,"postal representative, not individual order address"
23085,-22.893672130292519,-43.546380531053416,rio de janeiro,10,814.95999999999992,227.80000000000001,main,median,haversine,angular,"postal representative, not individual order address"
23087,-22.887081387183287,-43.557676810029371,rio de janeiro,17,2807.6500000000001,336.32999999999998,main,median,haversine,angular,"postal representative, not individual order address"
23088,-22.884940320012682,-43.550385590339893,rio de janeiro,13,1481.53,335.75999999999999,main,median,haversine,angular,"postal representative, not individual order address"
23090,-22.877231320651386,-43.563881779141909,rio de janeiro,12,1307.95,259.38999999999999,main,median,haversine,angular,"postal representative, not individual order address"
23092,-22.873324823071552,-43.544206910237023,rio de janeiro,22,3447.4200000000001,542.24000000000001,main,median,haversine,angular,"postal representative, not individual order address"
23093,-22.878283057061541,-43.533487025514376,rio de janeiro,11,1735.5799999999999,308.76999999999998,main,median,haversine,angular,"postal representative, not individual order address"
23094,-22.874706712187638,-43.515447537884477,rio de janeiro,9,1068.99,230.87,main,median,haversine,angular,"postal representative, not individual order address"
23095,-22.87159302746911,-43.55970258841937,rio de janeiro,15,1486.6800000000001,407.38,main,median,haversine,angular,"postal representative, not individual order address"
23097,-22.851867693477001,-43.535634110264098,rio de janeiro,8,2435.2600000000002,129.27000000000001,main,median,haversine,angular,"postal representative, not individual order address"
23098,-22.867435499567303,-43.51332827961803,rio de janeiro,2,478.91000000000003,102.69,main,median,haversine,angular,"postal representative, not individual order address"
23510,-22.919132912026026,-43.679454486525579,rio de janeiro,7,745.27999999999997,165.56999999999999,main,median,haversine,angular,"postal representative, not individual order address"
23515,-22.924329868918583,-43.683564821195645,rio de janeiro,6,889.86000000000001,244.84,main,median,haversine,angular,"postal representative, not individual order address"
23520,-22.935940716233457,-43.674403403478713,rio de janeiro,27,2148.5799999999999,500.97000000000003,main,median,haversine,angular,"postal representative, not individual order address"
23525,-22.946409943527389,-43.681130854301188,rio de janeiro,5,470.63,61.82,main,median,haversine,angular,"postal representative, not individual order address"
23530,-22.977805499999995,-43.688607408783298,rio de janeiro,8,966.25,156.52000000000001,main,median,haversine,angular,"postal representative, not individual order address"
23535,-22.979479425356224,-43.694505256592976,rio de janeiro,14,1817.6700000000001,692.35000000000002,main,median,haversine,angular,"postal representative, not individual order address"
23540,-22.974699877315537,-43.701768945943243,rio de janeiro,9,815.74000000000001,172.04000000000002,main,median,haversine,angular,"postal representative, not individual order address"
23545,-22.967417876348925,-43.70557631230885,rio de janeiro,11,1098.27,221.00999999999999,main,median,haversine,angular,"postal representative, not individual order address"
23547,-22.956375860811345,-43.684129142102847,rio de janeiro,2,145.88999999999999,35.370000000000005,main,median,haversine,angular,"postal representative, not individual order address"
23550,-22.931492573143224,-43.690334371573613,rio de janeiro,16,2308.0700000000002,295.81999999999999,main,median,haversine,angular,"postal representative, not individual order address"
23555,-22.916368482084462,-43.69510355886576,rio de janeiro,6,1248.1099999999999,135.50999999999999,main,median,haversine,angular,"postal representative, not individual order address"
23560,-22.902781953125761,-43.704131473916519,rio de janeiro,19,3971.1799999999998,343.14999999999998,main,median,haversine,angular,"postal representative, not individual order address"
23565,-22.888871412718512,-43.718657501240749,rio de janeiro,2,76.990000000000009,37.640000000000001,main,median,haversine,angular,"postal representative, not individual order address"
23570,-22.911623897605519,-43.679006491325332,rio de janeiro,10,1559.8699999999999,223.16999999999999,main,median,haversine,angular,"postal representative, not individual order address"
23573,-22.912693312828459,-43.653446586040729,rio de janeiro,5,736.48000000000002,99.390000000000001,main,median,haversine,angular,"postal representative, not individual order address"
23575,-22.900808962023916,-43.672336831121193,rio de janeiro,18,1646.1500000000001,352.12,main,median,haversine,angular,"postal representative, not individual order address"
23580,-22.913517584556161,-43.631366877503829,rio de janeiro,13,1938.1700000000001,278.05000000000001,main,median,haversine,angular,"postal representative, not individual order address"
23585,-22.923571236015238,-43.635422152244715,rio de janeiro,22,2298.4099999999999,401.89999999999998,main,median,haversine,angular,"postal representative, not individual order address"
23587,-22.920193361648064,-43.625023743262787,rio de janeiro,18,2743.7600000000002,430.50999999999999,main,median,haversine,angular,"postal representative, not individual order address"
23595,-22.934436454065438,-43.652971592013344,rio de janeiro,12,1005.36,221.59,main,median,haversine,angular,"postal representative, not individual order address"
23810,-22.870437366799383,-43.76812694520693,itaguai,10,1477.6700000000001,210.63,main,median,haversine,angular,"postal representative, not individual order address"
23811,-22.863195620134601,-43.768439134638797,itaguai,5,573.13999999999999,105.33,main,median,haversine,angular,"postal representative, not individual order address"
23812,-22.872199163803263,-43.763074256616008,itaguai,5,793.85000000000002,136.33000000000001,main,median,haversine,angular,"postal representative, not individual order address"
23815,-22.869976639496446,-43.779948271949422,itaguai,4,995.88,106.03,main,median,haversine,angular,"postal representative, not individual order address"
23820,-22.864021770251654,-43.785085654480604,itaguai,4,522.39999999999998,106.66,main,median,haversine,angular,"postal representative, not individual order address"
23821,-22.871180347682056,-43.788530676844672,itaguai,1,249.90000000000001,36.880000000000003,main,median,haversine,angular,"postal representative, not individual order address"
23822,-22.864735683256651,-43.791272755864391,itaguai,1,247,19.609999999999999,main,median,haversine,angular,"postal representative, not individual order address"
23825,-22.882986703639759,-43.82038978444772,itaguai,4,375.05000000000001,52.020000000000003,main,median,haversine,angular,"postal representative, not individual order address"
23826,-22.901356354332812,-43.850458671453197,itaguai,4,246.44999999999999,77.390000000000001,main,median,haversine,angular,"postal representative, not individual order address"
23830,-22.845069090801179,-43.767197405568801,itaguai,2,258,126.25,main,median,haversine,angular,"postal representative, not individual order address"
23831,-22.876825499999995,-43.815132652645495,itaguai,3,234.80000000000001,52.259999999999998,main,median,haversine,angular,"postal representative, not individual order address"
23832,-22.855345092989712,-43.765834563284727,itaguai,1,89,15.369999999999999,main,median,haversine,angular,"postal representative, not individual order address"
23855,-22.870536667550173,-43.776379015326071,itaguai,2,59.399999999999999,35.020000000000003,main,median,haversine,angular,"postal representative, not individual order address"
23890,-22.797221074710517,-43.641677313446202,seropedica,3,218.59999999999999,62.869999999999997,main,median,haversine,angular,"postal representative, not individual order address"
23893,-22.70690150738654,-43.70875553852354,seropedica,2,309.89999999999998,43.75,main,median,haversine,angular,"postal representative, not individual order address"
23894,-22.743029134167873,-43.698201741893627,seropedica,9,820.26999999999998,181.34999999999999,main,median,haversine,angular,"postal representative, not individual order address"
23895,-22.746572282003044,-43.705684967951015,seropedica,9,1833.8099999999999,411.08999999999997,main,median,haversine,angular,"postal representative, not individual order address"
23897,-22.796630591283911,-43.65201984913476,seropedica,2,144.97999999999999,33.009999999999998,main,median,haversine,angular,"postal representative, not individual order address"
23898,-22.80844235493424,-43.641722029602491,seropedica,8,1063.5899999999999,133.13,main,median,haversine,angular,"postal representative, not individual order address"
24020,-22.89427492911236,-43.120283203407965,niteroi,34,10724.530000000001,794.60000000000002,main,median,haversine,angular,"postal representative, not individual order address"
24030,-22.88751675166894,-43.120596791741271,niteroi,33,4484.3999999999996,715.04999999999995,main,median,haversine,angular,"postal representative, not individual order address"
24040,-22.883035555106414,-43.125231210254398,niteroi,4,439.42000000000002,74.800000000000011,main,median,haversine,angular,"postal representative, not individual order address"
24050,-22.872435255918671,-43.114860602843237,niteroi,2,242.90000000000001,50.939999999999998,main,median,haversine,angular,"postal representative, not individual order address"
24060,-22.884770582151553,-43.110580619819686,niteroi,9,1055.9400000000001,207.37,main,median,haversine,angular,"postal representative, not individual order address"
24070,-22.893097526775978,-43.110851993334883,niteroi,1,56.100000000000001,19.579999999999998,main,median,haversine,angular,"postal representative, not individual order address"
24110,-22.866579900473049,-43.098220645017022,niteroi,44,4099.1800000000003,844.68000000000006,main,median,haversine,angular,"postal representative, not individual order address"
24111,-22.86326188164977,-43.092933827485858,niteroi,2,74.900000000000006,35.060000000000002,main,median,haversine,angular,"postal representative, not individual order address"
24119,-22.863434928462532,-43.097257374031642,niteroi,1,38.899999999999999,15.23,main,median,haversine,angular,"postal representative, not individual order address"
24120,-22.882884889814065,-43.092692577414375,niteroi,36,4472.3199999999997,898.24000000000001,main,median,haversine,angular,"postal representative, not individual order address"
24130,-22.879610274936699,-43.091603704065434,niteroi,26,3916.8299999999999,574.26999999999998,main,median,haversine,angular,"postal representative, not individual order address"
24140,-22.888843406616004,-43.068122759447682,niteroi,6,241.66999999999999,104.78,main,median,haversine,angular,"postal representative, not individual order address"
24141,-22.876883036081132,-43.05133430648236,niteroi,4,373.79000000000002,109.26000000000001,main,median,haversine,angular,"postal representative, not individual order address"
24210,-22.902127847625383,-43.124638070633047,niteroi,69,7669.0900000000001,1437.52,main,median,haversine,angular,"postal representative, not individual order address"
24220,-22.90316625284208,-43.107130685007633,niteroi,115,17242.790000000001,2742.25,main,median,haversine,angular,"postal representative, not individual order address"
24230,-22.906003546404062,-43.10553826082004,niteroi,117,17100.689999999999,2802.1999999999998,main,median,haversine,angular,"postal representative, not individual order address"
24240,-22.897908050022831,-43.099514747772297,niteroi,59,6874.1499999999996,1447.55,main,median,haversine,angular,"postal representative, not individual order address"
24241,-22.904265865398976,-43.092822227384744,niteroi,21,2001.47,365.37,main,median,haversine,angular,"postal representative, not individual order address"
24310,-22.909096319464425,-43.065826318571823,niteroi,8,427.54000000000002,154.54999999999998,main,median,haversine,angular,"postal representative, not individual order address"
24315,-22.901397089844394,-43.065970576981243,niteroi,22,2712,439.88999999999999,main,median,haversine,angular,"postal representative, not individual order address"
24320,-22.906870719638384,-43.054083487252512,niteroi,21,3476.6199999999999,482.55000000000001,main,median,haversine,angular,"postal representative, not individual order address"
24322,-22.895778051947783,-43.035414128361253,niteroi,5,543.38999999999999,85.969999999999999,main,median,haversine,angular,"postal representative, not individual order address"
24325,-22.881352521227555,-43.027769526086402,niteroi,3,294.88999999999999,99.099999999999994,main,median,haversine,angular,"postal representative, not individual order address"
24330,-22.89971307208766,-42.989523627234199,niteroi,9,775,171.03999999999999,main,median,haversine,angular,"postal representative, not individual order address"
24340,-22.944152786057888,-43.034791153582049,niteroi,20,2547.8000000000002,471.67000000000002,main,median,haversine,angular,"postal representative, not individual order address"
24342,-22.936923942837232,-43.023931515513993,niteroi,21,2043.1199999999999,406.06,main,median,haversine,angular,"postal representative, not individual order address"
24344,-22.93565095793306,-43.012318994120442,niteroi,10,2482.9899999999998,294.22000000000003,main,median,haversine,angular,"postal representative, not individual order address"
24346,-22.953160636577909,-43.028499452016263,niteroi,12,1772.21,432.31999999999999,main,median,haversine,angular,"postal representative, not individual order address"
24348,-22.972052996393312,-43.032131811767975,niteroi,5,414.13999999999999,88.769999999999996,main,median,haversine,angular,"postal representative, not individual order address"
24350,-22.938556678817257,-43.061892954077678,niteroi,36,6386.0600000000004,1229.22,main,median,haversine,angular,"postal representative, not individual order address"
24355,-22.940590374308972,-43.042159989648717,niteroi,11,1544.7,383.66000000000003,main,median,haversine,angular,"postal representative, not individual order address"
24358,-22.954498317216,-43.062917181756021,niteroi,20,2331.5100000000002,483.82999999999998,main,median,haversine,angular,"postal representative, not individual order address"
24360,-22.918094892121076,-43.093687619443422,niteroi,31,4068.8200000000002,920.77999999999997,main,median,haversine,angular,"postal representative, not individual order address"
24365,-22.911920589914171,-43.082643718852729,niteroi,3,386.60000000000002,54.689999999999998,main,median,haversine,angular,"postal representative, not individual order address"
24370,-22.926612404668436,-43.094852455444666,niteroi,4,2545.9000000000001,105.53,main,median,haversine,angular,"postal representative, not individual order address"
24410,-22.860423658125136,-43.089621717164974,sao goncalo,1,179.99000000000001,45.719999999999999,main,median,haversine,angular,"postal representative, not individual order address"
24411,-22.858167789830944,-43.083906142723208,sao goncalo,1,79.900000000000006,16.809999999999999,main,median,haversine,angular,"postal representative, not individual order address"
24412,-22.847718805121922,-43.076144903438085,sao goncalo,8,1215.77,175.53,main,median,haversine,angular,"postal representative, not individual order address"
24415,-22.840355859066509,-43.075346484301107,sao goncalo,8,1171.5799999999999,267.80000000000001,main,median,haversine,angular,"postal representative, not individual order address"
24416,-22.840149621601334,-43.066364745237181,sao goncalo,13,1308.23,266.13999999999999,main,median,haversine,angular,"postal representative, not individual order address"
24417,-22.845906479501352,-43.050547354163889,sao goncalo,2,328.80000000000001,60.469999999999999,main,median,haversine,angular,"postal representative, not individual order address"
24420,-22.835517168697908,-43.046694901181972,sao goncalo,2,266.60000000000002,78.97999999999999,main,median,haversine,angular,"postal representative, not individual order address"
24421,-22.831640653887533,-43.041632564798185,sao goncalo,8,610.98000000000002,144.78,main,median,haversine,angular,"postal representative, not individual order address"
24422,-22.82840459635764,-43.029126774672612,sao goncalo,10,1551.78,191.34,main,median,haversine,angular,"postal representative, not individual order address"
24425,-22.852131696306461,-43.091761742786531,sao goncalo,6,316.68000000000001,95.709999999999994,main,median,haversine,angular,"postal representative, not individual order address"
24426,-22.841215426496039,-43.089075557346632,sao goncalo,4,620.29999999999995,134.31999999999999,main,median,haversine,angular,"postal representative, not individual order address"
24430,-22.830445827764798,-43.089343079508808,sao goncalo,6,456.38999999999999,93.290000000000006,main,median,haversine,angular,"postal representative, not individual order address"
24431,-22.828657499999998,-43.080516926567398,sao goncalo,18,2040.3499999999999,324.25999999999999,main,median,haversine,angular,"postal representative, not individual order address"
24435,-22.828092168355855,-43.068772291371921,sao goncalo,13,2237.9299999999998,259.01999999999998,main,median,haversine,angular,"postal representative, not individual order address"
24436,-22.821112438059316,-43.066320273871206,sao goncalo,10,1290.28,224.06,main,median,haversine,angular,"postal representative, not individual order address"
24440,-22.826413437605595,-43.053180037616045,sao goncalo,18,2022.21,450.74000000000001,main,median,haversine,angular,"postal representative, not individual order address"
24445,-22.819145152582344,-43.036113091680086,sao goncalo,19,2181.4699999999998,351.5,main,median,haversine,angular,"postal representative, not individual order address"
24450,-22.821187607273103,-43.01880953344557,sao goncalo,11,1065.5899999999999,167.62,main,median,haversine,angular,"postal representative, not individual order address"
24451,-22.828270056368339,-43.012103474825672,sao goncalo,19,2965.75,581.23000000000002,main,median,haversine,angular,"postal representative, not individual order address"
24452,-22.819600986687075,-43.003764277840922,sao goncalo,8,479.19,146.93000000000001,main,median,haversine,angular,"postal representative, not individual order address"
24455,-22.809297520823172,-43.025336951743718,sao goncalo,7,966.38,171.54000000000002,main,median,haversine,angular,"postal representative, not individual order address"
24456,-22.810383836463782,-43.016712762755922,sao goncalo,8,1221.3199999999999,225.44999999999999,main,median,haversine,angular,"postal representative, not individual order address"
24457,-22.804402804174956,-43.013368277620494,sao goncalo,6,1374.1900000000001,186.66999999999999,main,median,haversine,angular,"postal representative, not individual order address"
24460,-22.81478177600594,-43.042894030847243,sao goncalo,5,521.59000000000003,119.52,main,median,haversine,angular,"postal representative, not individual order address"
24461,-22.802144865123449,-43.037367757274033,sao goncalo,6,469.07999999999998,129.67000000000002,main,median,haversine,angular,"postal representative, not individual order address"
24465,-22.820111606270189,-43.056524249999988,sao goncalo,5,312.39999999999998,79.489999999999995,main,median,haversine,angular,"postal representative, not individual order address"
24466,-22.8095991723556,-43.062779425085708,sao goncalo,3,228.97999999999999,38.710000000000001,main,median,haversine,angular,"postal representative, not individual order address"
24467,-22.805538694185458,-43.052536741262514,sao goncalo,2,130.96000000000001,35.420000000000002,main,median,haversine,angular,"postal representative, not individual order address"
24470,-22.795547167738501,-43.045107899997063,sao goncalo,1,193.80000000000001,35.859999999999999,main,median,haversine,angular,"postal representative, not individual order address"
24471,-22.787020489060396,-43.042180660808199,sao goncalo,2,99.75,56.939999999999998,main,median,haversine,angular,"postal representative, not individual order address"
24472,-22.789429609284529,-43.038698134182368,sao goncalo,2,288.80000000000001,39.149999999999999,main,median,haversine,angular,"postal representative, not individual order address"
24473,-22.78870358437883,-43.032061277123759,sao goncalo,1,34.979999999999997,28.199999999999999,main,median,haversine,angular,"postal representative, not individual order address"
24474,-22.794938727411058,-43.027092870195617,sao goncalo,1,99.900000000000006,15.460000000000001,main,median,haversine,angular,"postal representative, not individual order address"
24475,-22.772459753565681,-43.038192533884789,sao goncalo,1,99.989999999999995,16.949999999999999,main,median,haversine,angular,"postal representative, not individual order address"
24710,-22.823153080359351,-43.001986080193348,sao goncalo,13,2092.9700000000003,358.44,main,median,haversine,angular,"postal representative, not individual order address"
24711,-22.819553357981604,-42.997604077402954,sao goncalo,7,855.56000000000006,142.63,main,median,haversine,angular,"postal representative, not individual order address"
24715,-22.801715760129312,-42.992478844342401,sao goncalo,6,878.5,113.62,main,median,haversine,angular,"postal representative, not individual order address"
24716,-22.788106742896087,-43.005925532772785,sao goncalo,3,2863.9000000000001,102.5,main,median,haversine,angular,"postal representative, not individual order address"
24717,-22.80926151318576,-43.003264295396072,sao goncalo,4,309.69,99.390000000000001,main,median,haversine,angular,"postal representative, not individual order address"
24720,-22.812430771982832,-42.988604053822783,sao goncalo,3,207.69,38.630000000000003,main,median,haversine,angular,"postal representative, not individual order address"
24721,-22.791859557634929,-42.980089689955776,sao goncalo,1,138,100.56,main,median,haversine,angular,"postal representative, not individual order address"
24722,-22.796509488609189,-42.977733433118424,sao goncalo,9,1502.5899999999999,173.56999999999999,main,median,haversine,angular,"postal representative, not individual order address"
24723,-22.815881818318132,-42.95084682281653,sao goncalo,5,736.45000000000005,126.84999999999999,main,median,haversine,angular,"postal representative, not individual order address"
24724,-22.805094726466542,-42.955507523849306,sao goncalo,4,538.89999999999998,91.849999999999994,main,median,haversine,angular,"postal representative, not individual order address"
24725,-22.8101049887442,-42.969620030648365,sao goncalo,4,1169.4000000000001,82.640000000000001,main,median,haversine,angular,"postal representative, not individual order address"
24726,-22.781147648649771,-42.962654118188333,sao goncalo,1,151,15.720000000000001,main,median,haversine,angular,"postal representative, not individual order address"
24730,-22.82930136101589,-42.987907720974817,sao goncalo,3,437.99000000000001,82.680000000000007,main,median,haversine,angular,"postal representative, not individual order address"
24731,-22.823285206137257,-42.986410412154363,sao goncalo,2,320.62,44.270000000000003,main,median,haversine,angular,"postal representative, not individual order address"
24732,-22.827458026372732,-42.9745283895734,sao goncalo,3,450.76999999999998,48.409999999999997,main,median,haversine,angular,"postal representative, not individual order address"
24734,-22.829047963505381,-42.961800626432563,sao goncalo,1,39.899999999999999,15.789999999999999,main,median,haversine,angular,"postal representative, not individual order address"
24735,-22.844203819599851,-42.956130897718658,sao goncalo,1,26.699999999999999,15.109999999999999,main,median,haversine,angular,"postal representative, not individual order address"
24736,-22.819529846797643,-42.967975898166877,sao goncalo,5,783.98000000000002,78.109999999999999,main,median,haversine,angular,"postal representative, not individual order address"
24737,-22.843906106950122,-42.958957684807928,sao goncalo,1,117.3,22.289999999999999,main,median,haversine,angular,"postal representative, not individual order address"
24738,-22.852318344284207,-42.943456672337994,sao goncalo,5,132.06,77.150000000000006,main,median,haversine,angular,"postal representative, not individual order address"
24740,-22.833132672681195,-42.996755249999993,sao goncalo,2,168.99000000000001,32.5,main,median,haversine,angular,"postal representative, not individual order address"
24742,-22.838852547743151,-43.003555362350809,sao goncalo,4,448.29000000000002,56.130000000000003,main,median,haversine,angular,"postal representative, not individual order address"
24743,-22.845731962685527,-42.996867304403089,sao goncalo,7,484.85000000000002,168.22,main,median,haversine,angular,"postal representative, not individual order address"
24744,-22.844299965145517,-43.012302923609546,sao goncalo,9,1463.3699999999999,226.53999999999999,main,median,haversine,angular,"postal representative, not individual order address"
24745,-22.850598013373741,-43.005185592211831,sao goncalo,5,328.76999999999998,106.42,main,median,haversine,angular,"postal representative, not individual order address"
24746,-22.840188395254518,-42.987404591077322,sao goncalo,2,121.90000000000001,32.730000000000004,main,median,haversine,angular,"postal representative, not individual order address"
24750,-22.858879579529457,-43.028645400858593,sao goncalo,7,802.17000000000007,133.46000000000001,main,median,haversine,angular,"postal representative, not individual order address"
24751,-22.871238117888137,-42.993915538899529,sao goncalo,10,1346.01,208.28,main,median,haversine,angular,"postal representative, not individual order address"
24752,-22.883535507290517,-42.981828346817167,sao goncalo,4,846.88999999999999,51.859999999999999,main,median,haversine,angular,"postal representative, not individual order address"
24753,-22.886210023495728,-42.990634161174981,sao goncalo,2,409.7000000000001,84.699999999999989,main,median,haversine,angular,"postal representative, not individual order address"
24754,-22.87242039363894,-43.02792969910017,sao goncalo,6,423.69,120.64,main,median,haversine,angular,"postal representative, not individual order address"
24755,-22.859912806800455,-43.0173956920734,sao goncalo,1,20.899999999999999,15.1,main,median,haversine,angular,"postal representative, not individual order address"
24756,-22.891825634023764,-43.006206836798846,sao goncalo,10,1781.8800000000001,224.75,main,median,haversine,angular,"postal representative, not individual order address"
24800,-22.744409276201345,-42.857659892166595,itaborai,10,1027.8900000000001,195.81999999999999,main,median,haversine,angular,"postal representative, not individual order address"
24801,-22.740166242807398,-42.847395915197005,itaborai,2,254.97999999999999,41.359999999999999,main,median,haversine,angular,"postal representative, not individual order address"
24802,-22.721286319784472,-42.822336235416657,itaborai,1,199,21.66,main,median,haversine,angular,"postal representative, not individual order address"
24804,-22.7480414962872,-42.842593663496494,itaborai,3,269.70000000000005,59.760000000000005,main,median,haversine,angular,"postal representative, not individual order address"
24805,-22.733261124102032,-42.831251600106846,itaborai,1,53.899999999999999,22.960000000000001,main,median,haversine,angular,"postal representative, not individual order address"
24808,-22.757732912304228,-42.858924565145237,itaborai,12,1489.52,289.06,main,median,haversine,angular,"postal representative, not individual order address"
24812,-22.74994800686078,-42.870605115057089,itaborai,6,1169.7,194.99000000000001,main,median,haversine,angular,"postal representative, not individual order address"
24813,-22.748116157070065,-42.890992417357317,itaborai,1,260,37.420000000000002,main,median,haversine,angular,"postal representative, not individual order address"
24830,-22.702858223150649,-42.875345323071883,itaborai,1,45.899999999999999,15.56,main,median,haversine,angular,"postal representative, not individual order address"
24846,-22.715385583988368,-42.806385841320235,itaborai,2,153.80000000000001,30.579999999999998,main,median,haversine,angular,"postal representative, not individual order address"
24855,-22.77328499999993,-42.917856302999951,itaborai,3,485.88,69.329999999999998,main,median,haversine,angular,"postal representative, not individual order address"
24856,-22.765686054559296,-42.914317303915482,itaborai,1,145,15.76,main,median,haversine,angular,"postal representative, not individual order address"
24858,-22.773137845995556,-42.933614164658842,itaborai,6,512.77999999999997,120.95,main,median,haversine,angular,"postal representative, not individual order address"
24859,-22.784927098752384,-42.927487274387616,itaborai,2,57.899999999999999,38.850000000000001,main,median,haversine,angular,"postal representative, not individual order address"
24866,-22.729881392544605,-42.940160791716366,itaborai,2,95.900000000000006,33.520000000000003,main,median,haversine,angular,"postal representative, not individual order address"
24876,-22.712534243538499,-42.895404731116521,itaborai,3,334,39.740000000000002,main,median,haversine,angular,"postal representative, not individual order address"
24890,-22.734810943072141,-42.722577383327973,tangua,6,504.88,131.16,main,median,haversine,angular,"postal representative, not individual order address"
24900,-22.918123077163223,-42.817606506045927,marica,14,2316.0799999999999,252.06999999999999,main,median,haversine,angular,"postal representative, not individual order address"
24901,-22.919018067869089,-42.821309256138171,marica,7,842.16999999999996,123.89,main,median,haversine,angular,"postal representative, not individual order address"
24902,-22.924166328944395,-42.816810707734241,marica,2,187.80000000000001,26.940000000000001,main,median,haversine,angular,"postal representative, not individual order address"
24903,-22.911175047953051,-42.806073506671353,marica,6,365.95999999999998,150.5,main,median,haversine,angular,"postal representative, not individual order address"
24904,-22.905686033107195,-42.810313193913565,marica,3,301.14999999999998,46.210000000000001,main,median,haversine,angular,"postal representative, not individual order address"
24905,-22.958491500000004,-42.989042250000011,marica,6,430.05000000000001,131.91,main,median,haversine,angular,"postal representative, not individual order address"
24910,-22.877543038117786,-42.801344858745189,marica,1,9.9000000000000004,15.23,main,median,haversine,angular,"postal representative, not individual order address"
24912,-22.90593033308642,-42.825244610370618,marica,6,792.43999999999994,164.97,main,median,haversine,angular,"postal representative, not individual order address"
24913,-22.911216214196553,-42.824102848186079,marica,6,828.97000000000003,102.88,main,median,haversine,angular,"postal representative, not individual order address"
24914,-22.924865635924128,-42.852549169174203,marica,7,646.25,171.55000000000001,main,median,haversine,angular,"postal representative, not individual order address"
24915,-22.956489373689013,-42.813791902639551,marica,3,326.70000000000005,89.650000000000006,main,median,haversine,angular,"postal representative, not individual order address"
24916,-22.955333258291716,-42.795513145206002,marica,2,265.99000000000001,43.799999999999997,main,median,haversine,angular,"postal representative, not individual order address"
24921,-22.955479999999969,-42.790874440566029,marica,1,95.900000000000006,22.989999999999998,main,median,haversine,angular,"postal representative, not individual order address"
24922,-22.954400999999997,-42.703096500000001,marica,2,78.900000000000006,30.700000000000003,main,median,haversine,angular,"postal representative, not individual order address"
24930,-22.922738625147183,-42.887894878607149,marica,4,387.58999999999997,79.599999999999994,main,median,haversine,angular,"postal representative, not individual order address"
24931,-22.93655500369961,-42.887838277163439,marica,9,1258.29,235.18000000000001,main,median,haversine,angular,"postal representative, not individual order address"
24933,-22.96471208273482,-42.917597077250974,marica,8,615.57000000000005,182.63,main,median,haversine,angular,"postal representative, not individual order address"
24934,-22.948368100326544,-42.94422423891416,marica,3,698.74000000000001,73.759999999999991,main,median,haversine,angular,"postal representative, not individual order address"
24935,-22.956325544590875,-42.962183892689048,marica,6,691.60000000000002,118.01000000000001,main,median,haversine,angular,"postal representative, not individual order address"
24936,-22.959038807351881,-42.982808470971534,marica,16,2305.71,344.86000000000001,main,median,haversine,angular,"postal representative, not individual order address"
24937,-22.963101862888813,-43.00686553719197,marica,2,269.98000000000002,30.539999999999999,main,median,haversine,angular,"postal representative, not individual order address"
24940,-22.928842964239223,-42.948414422999967,marica,2,254,69.689999999999998,main,median,haversine,angular,"postal representative, not individual order address"
24941,-22.916123580282772,-42.78513052984939,marica,2,179.88999999999999,19.210000000000001,main,median,haversine,angular,"postal representative, not individual order address"
24942,-22.925406991078624,-42.933382744980889,marica,5,378.47000000000003,78.97999999999999,main,median,haversine,angular,"postal representative, not individual order address"
24943,-22.910146229977641,-42.930249345220005,marica,5,407.86000000000001,113.56999999999999,main,median,haversine,angular,"postal representative, not individual order address"
24944,-22.89563349999997,-42.939761050999948,marica,5,280.30000000000001,84.590000000000003,main,median,haversine,angular,"postal representative, not individual order address"
25010,-22.789220900236192,-43.314543755817859,duque de caxias,3,434.30000000000001,129,main,median,haversine,angular,"postal representative, not individual order address"
25015,-22.791087604605643,-43.322425074479575,duque de caxias,9,951.16999999999996,212.50999999999999,main,median,haversine,angular,"postal representative, not individual order address"
25020,-22.783496649716405,-43.310403462452776,duque de caxias,5,623.54999999999995,121.73999999999999,main,median,haversine,angular,"postal representative, not individual order address"
25025,-22.784178712164199,-43.323735269541871,duque de caxias,5,335.63,81.790000000000006,main,median,haversine,angular,"postal representative, not individual order address"
25030,-22.773777863666751,-43.311339832909098,duque de caxias,1,89.989999999999995,17.879999999999999,main,median,haversine,angular,"postal representative, not individual order address"
25035,-22.757737500000001,-43.308902523376069,duque de caxias,14,1404.55,386.23000000000002,main,median,haversine,angular,"postal representative, not individual order address"
25036,-22.762544265912986,-43.316744984330398,duque de caxias,4,839.88999999999999,67.539999999999992,main,median,haversine,angular,"postal representative, not individual order address"
25040,-22.744342770905547,-43.320376244232541,duque de caxias,9,552.29999999999995,144.53,main,median,haversine,angular,"postal representative, not individual order address"
25041,-22.735380102705744,-43.318830930881617,duque de caxias,4,484.63,81.230000000000004,main,median,haversine,angular,"postal representative, not individual order address"
25042,-22.74221648679724,-43.316919630059573,duque de caxias,1,299.99000000000001,24.969999999999999,main,median,haversine,angular,"postal representative, not individual order address"
25045,-22.722771491140016,-43.315950573064278,duque de caxias,6,404.27999999999997,111.91,main,median,haversine,angular,"postal representative, not individual order address"
25046,-22.72368299866876,-43.321983774385963,duque de caxias,6,1793.04,201.38,main,median,haversine,angular,"postal representative, not individual order address"
25050,-22.752447945097195,-43.297415077366075,duque de caxias,3,264.80000000000001,50.079999999999998,main,median,haversine,angular,"postal representative, not individual order address"
25051,-22.761996561310983,-43.291115288745694,duque de caxias,2,88.969999999999999,30.57,main,median,haversine,angular,"postal representative, not individual order address"
25055,-22.760192104200652,-43.284682053581065,duque de caxias,4,608.69000000000005,91.519999999999996,main,median,haversine,angular,"postal representative, not individual order address"
25060,-22.765958186946445,-43.300912840832673,duque de caxias,12,1637.9400000000001,245.94,main,median,haversine,angular,"postal representative, not individual order address"
25065,-22.77389337335833,-43.291514795592441,duque de caxias,9,1005.27,165.84,main,median,haversine,angular,"postal representative, not individual order address"
25070,-22.783893252093517,-43.306298345005317,duque de caxias,15,2836.5500000000002,342.06,main,median,haversine,angular,"postal representative, not individual order address"
25071,-22.790790375655192,-43.304306214900237,duque de caxias,2,128.78,110.98,main,median,haversine,angular,"postal representative, not individual order address"
25075,-22.791889823708502,-43.298378182244932,duque de caxias,3,403.89999999999998,27.149999999999999,main,median,haversine,angular,"postal representative, not individual order address"
25080,-22.785097511633001,-43.296120000000002,duque de caxias,3,295.63999999999999,63.719999999999999,main,median,haversine,angular,"postal representative, not individual order address"
25085,-22.797100927159804,-43.291378600943673,duque de caxias,1,259,16.690000000000001,main,median,haversine,angular,"postal representative, not individual order address"
25086,-22.784565686744319,-43.291107476861782,duque de caxias,2,139.78999999999999,49.490000000000002,main,median,haversine,angular,"postal representative, not individual order address"
25211,-22.6726615045914,-43.260402079711895,duque de caxias,3,649.89999999999998,94.620000000000005,main,median,haversine,angular,"postal representative, not individual order address"
25212,-22.675203711589852,-43.255360174881844,duque de caxias,9,1436.97,288.00999999999999,main,median,haversine,angular,"postal representative, not individual order address"
25213,-22.674249796260625,-43.277381019238234,duque de caxias,8,2626.2600000000002,187.72,main,median,haversine,angular,"postal representative, not individual order address"
25214,-22.685543776263799,-43.264604553370035,duque de caxias,6,748.43000000000006,115.28,main,median,haversine,angular,"postal representative, not individual order address"
25215,-22.682725505794764,-43.280514347597737,duque de caxias,4,199.72,92.260000000000005,main,median,haversine,angular,"postal representative, not individual order address"
25220,-22.683234759957912,-43.242858446486153,duque de caxias,4,353.45000000000005,64.159999999999997,main,median,haversine,angular,"postal representative, not individual order address"
25223,-22.688563436191309,-43.255967087491243,duque de caxias,2,118.98999999999999,34.240000000000002,main,median,haversine,angular,"postal representative, not individual order address"
25225,-22.702962757883093,-43.272864411473968,duque de caxias,3,251.88,74.930000000000007,main,median,haversine,angular,"postal representative, not individual order address"
25230,-22.689935238778581,-43.288600034743489,duque de caxias,1,29.899999999999999,18.309999999999999,main,median,haversine,angular,"postal representative, not individual order address"
25231,-22.683847905169586,-43.298673589617358,duque de caxias,1,227.90000000000001,16.48,main,median,haversine,angular,"postal representative, not individual order address"
25233,-22.70773783563989,-43.301622811080279,duque de caxias,4,912.04999999999995,112.23999999999999,main,median,haversine,angular,"postal representative, not individual order address"
25235,-22.708085491174081,-43.312983936819883,duque de caxias,3,527.89999999999998,63.539999999999999,main,median,haversine,angular,"postal representative, not individual order address"
25237,-22.753574853365865,-43.305893071458286,duque de caxias,1,49.899999999999999,18,main,median,haversine,angular,"postal representative, not individual order address"
25240,-22.645122460805361,-43.291317488717432,duque de caxias,9,854.26999999999998,155.09,main,median,haversine,angular,"postal representative, not individual order address"
25241,-22.571207999999999,-43.312684499999982,duque de caxias,1,59.990000000000002,16.18,main,median,haversine,angular,"postal representative, not individual order address"
25243,-22.66472692752788,-43.290644969888241,duque de caxias,2,154.90000000000001,24.079999999999998,main,median,haversine,angular,"postal representative, not individual order address"
25245,-22.573618873742554,-43.312910609773951,duque de caxias,4,1164.3900000000001,183.36000000000001,main,median,haversine,angular,"postal representative, not individual order address"
25250,-22.591393983345917,-43.302849147064649,duque de caxias,13,1324.26,320.50999999999999,main,median,haversine,angular,"postal representative, not individual order address"
25251,-22.654931224259315,-43.279092508381972,duque de caxias,3,234.84999999999999,48.420000000000002,main,median,haversine,angular,"postal representative, not individual order address"
25253,-22.605294370238383,-43.281921203083037,duque de caxias,2,96,45.620000000000005,main,median,haversine,angular,"postal representative, not individual order address"
25255,-22.632466189104921,-43.282594438293096,duque de caxias,9,663.68999999999994,140.77000000000001,main,median,haversine,angular,"postal representative, not individual order address"
25260,-22.643077282645809,-43.277108794262631,duque de caxias,3,414.80000000000001,52.689999999999998,main,median,haversine,angular,"postal representative, not individual order address"
25261,-22.644949371172924,-43.262415832283182,duque de caxias,6,316.48000000000002,128.69,main,median,haversine,angular,"postal representative, not individual order address"
25264,-22.647023785470278,-43.235323807319389,duque de caxias,4,279.77999999999997,73.969999999999999,main,median,haversine,angular,"postal representative, not individual order address"
25265,-22.657081434194964,-43.228824999999972,duque de caxias,1,149.99000000000001,40.380000000000003,main,median,haversine,angular,"postal representative, not individual order address"
25266,-22.640297418065721,-43.222836746940111,duque de caxias,4,668.70000000000005,86.510000000000005,main,median,haversine,angular,"postal representative, not individual order address"
25267,-22.636867874835367,-43.246427199787526,duque de caxias,2,689.20000000000005,58.159999999999997,main,median,haversine,angular,"postal representative, not individual order address"
25268,-22.655043891999981,-43.272480499999972,duque de caxias,5,531.85000000000002,130.26999999999998,main,median,haversine,angular,"postal representative, not individual order address"
25270,-22.618210896693441,-43.233593781858673,duque de caxias,1,19,15.23,main,median,haversine,angular,"postal representative, not individual order address"
25271,-22.628424999999936,-43.213516541937267,duque de caxias,5,422.38,76.129999999999995,main,median,haversine,angular,"postal representative, not individual order address"
25272,-22.620344725416203,-43.209251455983996,duque de caxias,1,319,16.98,main,median,haversine,angular,"postal representative, not individual order address"
25275,-22.641476986106163,-43.222833770245963,duque de caxias,3,389.80000000000001,69.430000000000007,main,median,haversine,angular,"postal representative, not individual order address"
25510,-22.790631827247477,-43.374445663584979,sao joao de meriti,14,1946.6500000000001,378.12,main,median,haversine,angular,"postal representative, not individual order address"
25515,-22.80084095480904,-43.363601080354286,sao joao de meriti,15,2308.8800000000001,333.18000000000001,main,median,haversine,angular,"postal representative, not individual order address"
25520,-22.803857510457959,-43.37526659276007,sao joao de meriti,14,2559.5799999999999,378.49000000000001,main,median,haversine,angular,"postal representative, not individual order address"
25525,-22.796202576934213,-43.383086249523913,sao joao de meriti,9,1097.5899999999999,177.07999999999998,main,median,haversine,angular,"postal representative, not individual order address"
25530,-22.80650556707883,-43.389927881287853,sao joao de meriti,2,116.89,38.189999999999998,main,median,haversine,angular,"postal representative, not individual order address"
25535,-22.79099101587699,-43.40303312596351,sao joao de meriti,1,179.99000000000001,40.590000000000003,main,median,haversine,angular,"postal representative, not individual order address"
25540,-22.783912380347001,-43.397401299253829,sao joao de meriti,5,518.60000000000002,107.95999999999999,main,median,haversine,angular,"postal representative, not individual order address"
25545,-22.788592557985382,-43.386690293505424,sao joao de meriti,4,584.89999999999998,92.120000000000005,main,median,haversine,angular,"postal representative, not individual order address"
25550,-22.774737438411719,-43.383852135482798,sao joao de meriti,10,1978.49,254.06999999999999,main,median,haversine,angular,"postal representative, not individual order address"
25555,-22.779537501113545,-43.37077103583885,sao joao de meriti,9,945.08000000000004,234.62,main,median,haversine,angular,"postal representative, not individual order address"
25560,-22.769711367523303,-43.37095227573905,sao joao de meriti,4,710.94000000000005,72.370000000000005,main,median,haversine,angular,"postal representative, not individual order address"
25561,-22.774260259161558,-43.36640092538574,sao joao de meriti,4,422.63,200.86000000000001,main,median,haversine,angular,"postal representative, not individual order address"
25565,-22.785058218698762,-43.36095487770843,sao joao de meriti,5,598.78999999999996,63.939999999999998,main,median,haversine,angular,"postal representative, not individual order address"
25570,-22.767474970812167,-43.352177208581082,sao joao de meriti,5,1388.79,107.51000000000001,main,median,haversine,angular,"postal representative, not individual order address"
25571,-22.76316061916987,-43.345435570761403,sao joao de meriti,4,540.88999999999999,62.340000000000003,main,median,haversine,angular,"postal representative, not individual order address"
25575,-22.767542552218892,-43.334768760316017,sao joao de meriti,2,219.97,76.730000000000004,main,median,haversine,angular,"postal representative, not individual order address"
25576,-22.77678281678007,-43.350493223552569,sao joao de meriti,3,339.5,67.25,main,median,haversine,angular,"postal representative, not individual order address"
25580,-22.782143833162444,-43.338753969392783,sao joao de meriti,3,226.80000000000001,51.020000000000003,main,median,haversine,angular,"postal representative, not individual order address"
25581,-22.7897202413202,-43.349183708660085,sao joao de meriti,2,270.69999999999999,101.66,main,median,haversine,angular,"postal representative, not individual order address"
25585,-22.794278940371921,-43.335973435975831,sao joao de meriti,9,821.89999999999998,167.06,main,median,haversine,angular,"postal representative, not individual order address"
25610,-22.504630817453137,-43.168303652494693,petropolis,4,784.57999999999993,109.34999999999999,main,median,haversine,angular,"postal representative, not individual order address"
25615,-22.495340765671195,-43.158769289626598,petropolis,9,2496.5300000000002,296.70000000000005,main,median,haversine,angular,"postal representative, not individual order address"
25620,-22.510371238735601,-43.177077063488028,petropolis,14,1920.3800000000001,403.77999999999997,main,median,haversine,angular,"postal representative, not individual order address"
25625,-22.515738410154107,-43.170331896129099,petropolis,3,193.99000000000001,52.060000000000002,main,median,haversine,angular,"postal representative, not individual order address"
25630,-22.523310666602349,-43.1610307890328,petropolis,3,239.22000000000003,74.349999999999994,main,median,haversine,angular,"postal representative, not individual order address"
25635,-22.530699976390043,-43.173452497112855,petropolis,13,1790.3800000000001,316.24000000000001,main,median,haversine,angular,"postal representative, not individual order address"
25640,-22.522123973984971,-43.183371855918963,petropolis,7,563.68000000000006,149.13,main,median,haversine,angular,"postal representative, not individual order address"
25645,-22.53988593060518,-43.197575382221615,petropolis,6,586.78999999999996,119.15000000000001,main,median,haversine,angular,"postal representative, not individual order address"
25650,-22.531517713452828,-43.209169639107678,petropolis,10,1438.0799999999999,218.05000000000001,main,median,haversine,angular,"postal representative, not individual order address"
25651,-22.525005577255342,-43.211927387156415,petropolis,10,2676.5700000000002,201.33000000000001,main,median,haversine,angular,"postal representative, not individual order address"
25655,-22.519867377177885,-43.192768412910056,petropolis,20,3301.5599999999999,682.18000000000006,main,median,haversine,angular,"postal representative, not individual order address"
25660,-22.51250861856975,-43.208110347847743,petropolis,8,456.75,130.77000000000001,main,median,haversine,angular,"postal representative, not individual order address"
25665,-22.510125797378475,-43.220256449521379,petropolis,16,2453.9000000000001,373.52999999999997,main,median,haversine,angular,"postal representative, not individual order address"
25670,-22.491714457426166,-43.21031264680613,petropolis,1,103.90000000000001,16.32,main,median,haversine,angular,"postal representative, not individual order address"
25675,-22.496906997124281,-43.20042075466062,petropolis,6,1020.77,149.84,main,median,haversine,angular,"postal representative, not individual order address"
25680,-22.490243793259719,-43.18248501556134,petropolis,12,1880.45,494.18000000000001,main,median,haversine,angular,"postal representative, not individual order address"
25685,-22.508449771958414,-43.181537574290559,petropolis,9,647.67999999999995,192.5,main,median,haversine,angular,"postal representative, not individual order address"
25710,-22.473345326406371,-43.149373760118806,petropolis,16,2736.4000000000001,646.96000000000004,main,median,haversine,angular,"postal representative, not individual order address"
25715,-22.470589558250371,-43.161531252016069,petropolis,6,572.79999999999995,97.590000000000003,main,median,haversine,angular,"postal representative, not individual order address"
25720,-22.436878792984327,-43.139746458482932,petropolis,15,1427.6600000000001,263.66000000000003,main,median,haversine,angular,"postal representative, not individual order address"
25725,-22.425398680634018,-43.197340829851463,petropolis,3,345.88999999999999,55.439999999999998,main,median,haversine,angular,"postal representative, not individual order address"
25730,-22.410493489044505,-43.133782909281592,petropolis,18,2144.8200000000002,552.5,main,median,haversine,angular,"postal representative, not individual order address"
25740,-22.370807004960234,-43.124905444134967,petropolis,4,350.20000000000005,103.3,main,median,haversine,angular,"postal representative, not individual order address"
25745,-22.386065124504977,-43.10525359733829,petropolis,6,538.42999999999995,135.37,main,median,haversine,angular,"postal representative, not individual order address"
25750,-22.334981004133411,-43.129546745870186,petropolis,10,1118.48,243.37,main,median,haversine,angular,"postal representative, not individual order address"
25770,-22.257375796810447,-43.075872806700858,petropolis,5,457.79000000000002,154.81,main,median,haversine,angular,"postal representative, not individual order address"
25900,-22.656552657203321,-43.04169557066254,mage,18,1902.22,408.58999999999997,main,median,haversine,angular,"postal representative, not individual order address"
25901,-22.653114751653362,-43.035985890601111,mage,9,1310.8699999999999,168.63,main,median,haversine,angular,"postal representative, not individual order address"
25902,-22.636026622937074,-43.161738733389939,mage,1,146,29.359999999999999,main,median,haversine,angular,"postal representative, not individual order address"
25903,-22.649022192441368,-43.041942419984252,mage,3,289.88,49.100000000000001,main,median,haversine,angular,"postal representative, not individual order address"
25904,-22.65181465633809,-43.053612610253388,mage,1,1499.99,21.760000000000002,main,median,haversine,angular,"postal representative, not individual order address"
25905,-22.661390928999936,-43.035250835999932,mage,2,204.75000000000003,71.469999999999999,main,median,haversine,angular,"postal representative, not individual order address"
25907,-22.638707067208863,-43.203633898398586,mage,1,3.54,14.1,main,median,haversine,angular,"postal representative, not individual order address"
25908,-22.647604903870437,-43.159227885290157,mage,2,327.88999999999999,37.350000000000001,main,median,haversine,angular,"postal representative, not individual order address"
25911,-22.549038961218727,-43.045691499399894,mage,4,526.49000000000001,131.56999999999999,main,median,haversine,angular,"postal representative, not individual order address"
25912,-22.55643291395852,-43.050677596567922,mage,1,64.989999999999995,27.510000000000002,main,median,haversine,angular,"postal representative, not individual order address"
25914,-22.576920795340676,-43.061481757005353,mage,3,203.80000000000001,73.780000000000001,main,median,haversine,angular,"postal representative, not individual order address"
25921,-22.655612074258695,-43.140383712442201,mage,1,257.89999999999998,16.91,main,median,haversine,angular,"postal representative, not individual order address"
25922,-22.662563204912185,-43.131586042144072,mage,6,602.49000000000001,134.80000000000001,main,median,haversine,angular,"postal representative, not individual order address"
25925,-22.706468124645369,-43.132281009176047,mage,2,174.99000000000001,30.579999999999998,main,median,haversine,angular,"postal representative, not individual order address"
25926,-22.704387287090093,-43.162291695923429,mage,9,1116.8,259.75999999999999,main,median,haversine,angular,"postal representative, not individual order address"
25928,-22.636016818226437,-43.025343316185079,mage,1,379.80000000000001,38.420000000000002,main,median,haversine,angular,"postal representative, not individual order address"
25930,-22.703366966882925,-43.166910603654138,mage,1,89.900000000000006,16.390000000000001,main,median,haversine,angular,"postal representative, not individual order address"
25931,-22.614609568752904,-43.173931852788343,mage,12,1602.95,389.10000000000002,main,median,haversine,angular,"postal representative, not individual order address"
25932,-22.605502230121555,-43.173478087325563,mage,1,29.5,19.84,main,median,haversine,angular,"postal representative, not individual order address"
25933,-22.585634358877758,-43.18686436152349,mage,4,745.78999999999996,78.259999999999991,main,median,haversine,angular,"postal representative, not individual order address"
25935,-22.602628063985435,-43.184738540959316,mage,15,1657.6199999999999,241.65000000000001,main,median,haversine,angular,"postal representative, not individual order address"
25936,-22.604714039992697,-43.194288422748144,mage,2,102,38.979999999999997,main,median,haversine,angular,"postal representative, not individual order address"
25937,-22.62978232448949,-43.181454683861148,mage,2,258.89999999999998,41.340000000000003,main,median,haversine,angular,"postal representative, not individual order address"
25938,-22.648733031423813,-43.202848654178339,mage,3,670.20000000000005,61.770000000000003,main,median,haversine,angular,"postal representative, not individual order address"
25940,-22.657683643389685,-43.012111594152771,guapimirim,4,527.70000000000005,116.40000000000001,main,median,haversine,angular,"postal representative, not individual order address"
25943,-22.551781145139479,-42.984160793787026,guapimirim,3,129.90000000000001,47.219999999999999,main,median,haversine,angular,"postal representative, not individual order address"
25945,-22.53050063479952,-42.985848765626905,guapimirim,1,124.98999999999999,14.619999999999999,main,median,haversine,angular,"postal representative, not individual order address"
25946,-22.526252776321712,-42.977909681547956,guapimirim,11,1815.77,266.41000000000003,main,median,haversine,angular,"postal representative, not individual order address"
25949,-22.514389797882352,-42.969190928442728,guapimirim,2,368.89999999999998,35.079999999999998,main,median,haversine,angular,"postal representative, not individual order address"
26010,-22.756350707508076,-43.422528996649874,nova iguacu,13,1374.9300000000001,336.53000000000003,main,median,haversine,angular,"postal representative, not individual order address"
26011,-22.749167982753818,-43.4288344775117,nova iguacu,9,1347.6600000000001,238.13,main,median,haversine,angular,"postal representative, not individual order address"
26012,-22.741409413772281,-43.436396745759538,nova iguacu,9,836.70000000000005,173.09999999999999,main,median,haversine,angular,"postal representative, not individual order address"
26013,-22.744160438865507,-43.442301469249024,nova iguacu,13,1767.75,299.43000000000001,main,median,haversine,angular,"postal representative, not individual order address"
26015,-22.748203295194685,-43.439903586552177,nova iguacu,7,453.85000000000002,155.03,main,median,haversine,angular,"postal representative, not individual order address"
26020,-22.735205914121199,-43.450468178245586,nova iguacu,14,1474.25,265.17000000000002,main,median,haversine,angular,"postal representative, not individual order address"
26021,-22.7284851762229,-43.439652143939817,nova iguacu,5,570.88999999999999,157.96000000000001,main,median,haversine,angular,"postal representative, not individual order address"
26022,-22.727266373521541,-43.452069005277288,nova iguacu,10,1023.6799999999999,227.59,main,median,haversine,angular,"postal representative, not individual order address"
26023,-22.710940143344331,-43.441916170308005,nova iguacu,1,129.34,21.399999999999999,main,median,haversine,angular,"postal representative, not individual order address"
26030,-22.73476684604374,-43.463815803301664,nova iguacu,9,1362.0799999999999,183.65000000000001,main,median,haversine,angular,"postal representative, not individual order address"
26031,-22.734658511669025,-43.477220570365482,nova iguacu,4,339.29000000000002,82.650000000000006,main,median,haversine,angular,"postal representative, not individual order address"
26032,-22.727889260210784,-43.474671129972585,nova iguacu,5,382.69,84.939999999999998,main,median,haversine,angular,"postal representative, not individual order address"
26033,-22.72198286636366,-43.463931455594157,nova iguacu,1,29,14.52,main,median,haversine,angular,"postal representative, not individual order address"
26035,-22.720618924839385,-43.463565493739651,nova iguacu,1,98,37.259999999999998,main,median,haversine,angular,"postal representative, not individual order address"
26040,-22.713903742055358,-43.454996989946487,nova iguacu,5,659.39999999999998,115.36,main,median,haversine,angular,"postal representative, not individual order address"
26041,-22.709328438971543,-43.461167700256489,nova iguacu,9,478.73000000000002,168.22999999999999,main,median,haversine,angular,"postal representative, not individual order address"
26042,-22.702270041753849,-43.473130409652249,nova iguacu,1,179,9.1999999999999993,main,median,haversine,angular,"postal representative, not individual order address"
26050,-22.687718230385386,-43.466212059447727,nova iguacu,4,370.58999999999997,85.260000000000005,main,median,haversine,angular,"postal representative, not individual order address"
26051,-22.692848813238403,-43.458468370471273,nova iguacu,6,353.45999999999998,166.91999999999999,main,median,haversine,angular,"postal representative, not individual order address"
26052,-22.680259466481019,-43.446769067369175,nova iguacu,7,912.52999999999997,204.37,main,median,haversine,angular,"postal representative, not individual order address"
26053,-22.672620184389736,-43.455435893961862,nova iguacu,2,271.99000000000001,49.420000000000002,main,median,haversine,angular,"postal representative, not individual order address"
26060,-22.697198276763071,-43.430655049513973,nova iguacu,6,722.87,123.06999999999999,main,median,haversine,angular,"postal representative, not individual order address"
26062,-22.648609237489225,-43.414619851935036,nova iguacu,1,134.90000000000001,23.809999999999999,main,median,haversine,angular,"postal representative, not individual order address"
26063,-22.741514529468709,-43.466433634255651,nova iguacu,1,20.890000000000001,15.789999999999999,main,median,haversine,angular,"postal representative, not individual order address"
26070,-22.70974784549507,-43.431107235865014,nova iguacu,18,3306.4400000000001,472.25999999999999,main,median,haversine,angular,"postal representative, not individual order address"
26080,-22.723555778720009,-43.510612356690814,nova iguacu,5,558.68000000000006,110.64,main,median,haversine,angular,"postal representative, not individual order address"
26082,-22.732089629018912,-43.501326958030504,nova iguacu,1,69,31.129999999999999,main,median,haversine,angular,"postal representative, not individual order address"
26083,-22.738169847867503,-43.510604517729256,nova iguacu,6,578.48000000000002,127.62,main,median,haversine,angular,"postal representative, not individual order address"
26084,-22.735003749920928,-43.522643090058786,nova iguacu,3,174.99000000000001,47.399999999999999,main,median,haversine,angular,"postal representative, not individual order address"
26085,-22.7220881059242,-43.533353602055918,nova iguacu,2,176.86000000000001,43.990000000000002,main,median,haversine,angular,"postal representative, not individual order address"
26086,-22.727020373464192,-43.525770584225995,nova iguacu,5,398.80000000000001,117.61,main,median,haversine,angular,"postal representative, not individual order address"
26087,-22.715320295169995,-43.521764871112346,nova iguacu,14,2048.6799999999998,290.32999999999998,main,median,haversine,angular,"postal representative, not individual order address"
26088,-22.706933961032234,-43.528273397884938,nova iguacu,5,417.01999999999998,159.08999999999995,main,median,haversine,angular,"postal representative, not individual order address"
26110,-22.757930999999992,-43.368909697746645,belford roxo,3,340.98000000000002,43,main,median,haversine,angular,"postal representative, not individual order address"
26112,-22.749358429156374,-43.404322190087385,belford roxo,6,661.59000000000003,105.54000000000001,main,median,haversine,angular,"postal representative, not individual order address"
26113,-22.757109660481568,-43.398140636434135,belford roxo,4,209.90000000000001,61.219999999999999,main,median,haversine,angular,"postal representative, not individual order address"
26115,-22.740567881631907,-43.392583298537097,belford roxo,7,719.57000000000005,141.83000000000001,main,median,haversine,angular,"postal representative, not individual order address"
26116,-22.748006331044049,-43.3940957675077,belford roxo,3,303.73000000000002,53.18,main,median,haversine,angular,"postal representative, not individual order address"
26120,-22.741324444642281,-43.407830217201301,belford roxo,3,174.59,60.479999999999997,main,median,haversine,angular,"postal representative, not individual order address"
26123,-22.738067376384866,-43.411680013614692,belford roxo,3,211.77000000000001,56.890000000000001,main,median,haversine,angular,"postal representative, not individual order address"
26125,-22.732764999999969,-43.403276336927348,belford roxo,2,949.79999999999995,49.770000000000003,main,median,haversine,angular,"postal representative, not individual order address"
26130,-22.765987535694773,-43.404434940864256,belford roxo,13,1363.77,322.62,main,median,haversine,angular,"postal representative, not individual order address"
26135,-22.75007767644189,-43.412024197139189,belford roxo,3,362.49000000000001,83.739999999999995,main,median,haversine,angular,"postal representative, not individual order address"
26140,-22.738280488224319,-43.418897471121205,belford roxo,6,1361.99,285.13,main,median,haversine,angular,"postal representative, not individual order address"
26143,-22.72635532545516,-43.427213465729338,belford roxo,1,146.99000000000001,20.52,main,median,haversine,angular,"postal representative, not individual order address"
26155,-22.721751939260169,-43.402409218014967,belford roxo,2,501.85000000000002,75.459999999999994,main,median,haversine,angular,"postal representative, not individual order address"
26160,-22.732392164450566,-43.393618289882433,belford roxo,5,1229.78,92.989999999999995,main,median,haversine,angular,"postal representative, not individual order address"
26163,-22.716442500517608,-43.389108755223731,belford roxo,1,16.989999999999998,15.109999999999999,main,median,haversine,angular,"postal representative, not individual order address"
26165,-22.729710228761107,-43.383021322110125,belford roxo,6,543.64999999999998,134.29000000000002,main,median,haversine,angular,"postal representative, not individual order address"
26167,-22.736064128247449,-43.383304110482491,belford roxo,3,185.88999999999999,41.539999999999999,main,median,haversine,angular,"postal representative, not individual order address"
26170,-22.734252578122508,-43.364550171459577,belford roxo,1,12.99,15.23,main,median,haversine,angular,"postal representative, not individual order address"
26172,-22.725231626407066,-43.369035564092471,belford roxo,1,56.990000000000002,15.15,main,median,haversine,angular,"postal representative, not individual order address"
26173,-22.72868367178685,-43.356032371184398,belford roxo,3,308.80000000000001,81.370000000000005,main,median,haversine,angular,"postal representative, not individual order address"
26175,-22.722615600372858,-43.342081547938719,belford roxo,4,318.97000000000003,87.960000000000008,main,median,haversine,angular,"postal representative, not individual order address"
26178,-22.716076331824318,-43.377775117774611,belford roxo,4,344.60000000000002,86.109999999999985,main,median,haversine,angular,"postal representative, not individual order address"
26180,-22.709665707049208,-43.341811846966571,belford roxo,1,31.899999999999999,14.1,main,median,haversine,angular,"postal representative, not individual order address"
26183,-22.718630496148691,-43.334788499999988,belford roxo,8,635.56000000000006,131.81999999999999,main,median,haversine,angular,"postal representative, not individual order address"
26185,-22.711299273203188,-43.332459664573776,belford roxo,3,412.7000000000001,204.06,main,median,haversine,angular,"postal representative, not individual order address"
26187,-22.732658485218312,-43.343250794295749,belford roxo,3,303.44,54.780000000000001,main,median,haversine,angular,"postal representative, not individual order address"
26190,-22.737778479674127,-43.338105214253545,belford roxo,1,34.899999999999999,17.059999999999999,main,median,haversine,angular,"postal representative, not individual order address"
26193,-22.7428394679891,-43.342895822121577,belford roxo,3,289.18000000000001,49.600000000000001,main,median,haversine,angular,"postal representative, not individual order address"
26196,-22.748390885525652,-43.359973278266231,belford roxo,1,170,18.440000000000001,main,median,haversine,angular,"postal representative, not individual order address"
26210,-22.757902336413057,-43.450107430598059,nova iguacu,13,1269,240.84,main,median,haversine,angular,"postal representative, not individual order address"
26215,-22.752582179703964,-43.444221463420185,nova iguacu,12,1237.46,273.19,main,median,haversine,angular,"postal representative, not individual order address"
26216,-22.756938801383384,-43.443585610985807,nova iguacu,3,104.39,44.68,main,median,haversine,angular,"postal representative, not individual order address"
26220,-22.759656600259042,-43.43848994874962,nova iguacu,12,2165.8000000000002,275.35000000000002,main,median,haversine,angular,"postal representative, not individual order address"
26221,-22.762019666102137,-43.441786338536787,nova iguacu,6,612.39999999999998,188.31,main,median,haversine,angular,"postal representative, not individual order address"
26225,-22.764064796859731,-43.429654036999978,nova iguacu,6,918.48000000000002,193.56999999999999,main,median,haversine,angular,"postal representative, not individual order address"
26230,-22.764672985804573,-43.420576260555123,nova iguacu,1,287.70000000000005,60.479999999999997,main,median,haversine,angular,"postal representative, not individual order address"
26250,-22.765840992357159,-43.443847909390684,nova iguacu,6,1438.98,209.46000000000001,main,median,haversine,angular,"postal representative, not individual order address"
26255,-22.761224033831567,-43.456112204618911,nova iguacu,33,8364.0100000000002,1122.8,main,median,haversine,angular,"postal representative, not individual order address"
26256,-22.757089804225789,-43.468706865767238,nova iguacu,1,141.40000000000001,22.07,main,median,haversine,angular,"postal representative, not individual order address"
26260,-22.758200948303831,-43.476295863216166,nova iguacu,1,12.99,14.1,main,median,haversine,angular,"postal representative, not individual order address"
26261,-22.758982616944046,-43.482590030814883,nova iguacu,10,1303.8699999999999,183.50999999999999,main,median,haversine,angular,"postal representative, not individual order address"
26262,-22.755615912734104,-43.483448704213252,nova iguacu,4,274.88,83.890000000000001,main,median,haversine,angular,"postal representative, not individual order address"
26263,-22.753004027390983,-43.479844268942792,nova iguacu,9,1057.78,253.44,main,median,haversine,angular,"postal representative, not individual order address"
26265,-22.761630009255462,-43.488375841737813,nova iguacu,8,705.18000000000006,160.91,main,median,haversine,angular,"postal representative, not individual order address"
26266,-22.760539164096599,-43.500091299726087,nova iguacu,1,64.989999999999995,14.199999999999999,main,median,haversine,angular,"postal representative, not individual order address"
26270,-22.771977156370237,-43.51302579468031,nova iguacu,2,153.65000000000001,27.710000000000001,main,median,haversine,angular,"postal representative, not individual order address"
26271,-22.763733795646139,-43.508725318164117,nova iguacu,3,551.96000000000004,46.460000000000001,main,median,haversine,angular,"postal representative, not individual order address"
26272,-22.763660404356891,-43.504587286698523,nova iguacu,2,508.89999999999998,43.780000000000001,main,median,haversine,angular,"postal representative, not individual order address"
26275,-22.753106464482627,-43.4975082210102,nova iguacu,3,84.890000000000001,64.129999999999995,main,median,haversine,angular,"postal representative, not individual order address"
26276,-22.74594645781761,-43.500290066881782,nova iguacu,8,564.72000000000003,234.40000000000001,main,median,haversine,angular,"postal representative, not individual order address"
26277,-22.757901420684334,-43.513740415665339,nova iguacu,7,574.58000000000004,146.88999999999999,main,median,haversine,angular,"postal representative, not individual order address"
26278,-22.750375437769801,-43.514143186936437,nova iguacu,3,103.89,29.920000000000002,main,median,haversine,angular,"postal representative, not individual order address"
26279,-22.745955169203643,-43.51609570255534,nova iguacu,3,704.5,56.719999999999999,main,median,haversine,angular,"postal representative, not individual order address"
26280,-22.742168349766779,-43.483095769585852,nova iguacu,5,487.76999999999998,133.49000000000001,main,median,haversine,angular,"postal representative, not individual order address"
26281,-22.742508816626909,-43.475093681984603,nova iguacu,4,319.92000000000002,179.04000000000002,main,median,haversine,angular,"postal representative, not individual order address"
26282,-22.742322844860546,-43.465492750077587,nova iguacu,2,174.90000000000001,32.109999999999999,main,median,haversine,angular,"postal representative, not individual order address"
26285,-22.750088488141653,-43.456827297928704,nova iguacu,10,1061.3900000000001,249.69999999999999,main,median,haversine,angular,"postal representative, not individual order address"
26286,-22.749172996607921,-43.468271714047923,nova iguacu,8,760.56999999999994,232.84,main,median,haversine,angular,"postal representative, not individual order address"
26290,-22.771943889865383,-43.525243215715406,nova iguacu,12,2442.9099999999999,211.53,main,median,haversine,angular,"postal representative, not individual order address"
26291,-22.780388083805171,-43.541315089813565,nova iguacu,4,1112.4100000000001,89.049999999999997,main,median,haversine,angular,"postal representative, not individual order address"
26292,-22.763375944031285,-43.553017479519504,nova iguacu,6,1152.6900000000001,121.09999999999999,main,median,haversine,angular,"postal representative, not individual order address"
26293,-22.794956528298297,-43.578288038221181,nova iguacu,1,265,45.850000000000001,main,median,haversine,angular,"postal representative, not individual order address"
26296,-22.808506559053864,-43.603692458207149,nova iguacu,3,1570.8900000000001,98.689999999999998,main,median,haversine,angular,"postal representative, not individual order address"
26297,-22.818821843968124,-43.59642785652575,nova iguacu,3,503.80000000000001,76.75,main,median,haversine,angular,"postal representative, not individual order address"
26298,-22.829900524999971,-43.60632090750066,nova iguacu,5,1986.8599999999999,132.22,main,median,haversine,angular,"postal representative, not individual order address"
26299,-22.843061944798709,-43.614888530194257,nova iguacu,1,148.90000000000001,20.23,main,median,haversine,angular,"postal representative, not individual order address"
26310,-22.717479756570565,-43.565339966578321,queimados,9,950.48000000000002,358.38,main,median,haversine,angular,"postal representative, not individual order address"
26311,-22.721936385769464,-43.578096080280758,queimados,2,427,57.57,main,median,haversine,angular,"postal representative, not individual order address"
26313,-22.724625079276926,-43.567763451532429,queimados,4,439.98000000000002,64.819999999999993,main,median,haversine,angular,"postal representative, not individual order address"
26315,-22.727841129804382,-43.58871753865381,queimados,2,114.89,34.849999999999994,main,median,haversine,angular,"postal representative, not individual order address"
26316,-22.691116008059854,-43.596971174148528,queimados,1,49.799999999999997,14.52,main,median,haversine,angular,"postal representative, not individual order address"
26320,-22.710705016868459,-43.578650335805598,queimados,3,211.80000000000001,54.299999999999997,main,median,haversine,angular,"postal representative, not individual order address"
26321,-22.708683280275274,-43.573035373525677,queimados,2,228.99000000000001,31.460000000000001,main,median,haversine,angular,"postal representative, not individual order address"
26323,-22.72558793327649,-43.560487973356793,queimados,6,889.70000000000005,121.63,main,median,haversine,angular,"postal representative, not individual order address"
26325,-22.720251485853563,-43.555998771693503,queimados,3,363,61.579999999999998,main,median,haversine,angular,"postal representative, not individual order address"
26330,-22.734624792478819,-43.54360744378576,queimados,2,224.90000000000001,42.960000000000001,main,median,haversine,angular,"postal representative, not individual order address"
26380,-22.708849789718091,-43.549399741075696,queimados,1,79.900000000000006,19.75,main,median,haversine,angular,"postal representative, not individual order address"
26381,-22.698106225861192,-43.558611144337007,queimados,3,257.68000000000001,78.460000000000008,main,median,haversine,angular,"postal representative, not individual order address"
26382,-22.694469754469395,-43.532257224356435,queimados,1,120,16.600000000000001,main,median,haversine,angular,"postal representative, not individual order address"
26383,-22.709515615689011,-43.561078460179445,queimados,8,819.41999999999996,126.87,main,median,haversine,angular,"postal representative, not individual order address"
26385,-22.706098941238604,-43.557220080726445,queimados,6,664.30999999999995,122.95,main,median,haversine,angular,"postal representative, not individual order address"
26413,-22.695784124904499,-43.62431484673769,japeri,1,56.990000000000002,15.15,main,median,haversine,angular,"postal representative, not individual order address"
26420,-22.683077604613629,-43.610977957895749,japeri,2,216.80000000000001,39.859999999999999,main,median,haversine,angular,"postal representative, not individual order address"
26423,-22.678717978687711,-43.61129329200363,japeri,1,75,14.699999999999999,main,median,haversine,angular,"postal representative, not individual order address"
26425,-22.683139621174774,-43.610255437816122,japeri,1,809,27.59,main,median,haversine,angular,"postal representative, not individual order address"
26430,-22.690769535819125,-43.606924980704548,japeri,3,256.99000000000001,47.399999999999999,main,median,haversine,angular,"postal representative, not individual order address"
26433,-22.649234655977612,-43.652738172166366,japeri,4,478.88999999999999,123.43000000000001,main,median,haversine,angular,"postal representative, not individual order address"
26435,-22.648745439184033,-43.657217958621274,japeri,4,352.69,185.08000000000001,main,median,haversine,angular,"postal representative, not individual order address"
26440,-22.643883945188897,-43.645829839508266,japeri,4,252.61000000000001,78.170000000000002,main,median,haversine,angular,"postal representative, not individual order address"
26443,-22.642998940680435,-43.660648983463318,japeri,2,164.31999999999999,47.07,main,median,haversine,angular,"postal representative, not individual order address"
26445,-22.67183818295079,-43.60803525,japeri,3,266.98000000000002,54.939999999999998,main,median,haversine,angular,"postal representative, not individual order address"
26450,-22.668736220532026,-43.609881954971087,japeri,1,229.99000000000001,18.859999999999999,main,median,haversine,angular,"postal representative, not individual order address"
26453,-22.674173730817191,-43.612390704143891,japeri,3,232.66000000000005,52.929999999999993,main,median,haversine,angular,"postal representative, not individual order address"
26455,-22.672081218344303,-43.59984673040497,japeri,1,109.90000000000001,16.530000000000001,main,median,haversine,angular,"postal representative, not individual order address"
26460,-22.67702531062184,-43.596491385413962,japeri,2,878.55999999999995,471.56999999999999,main,median,haversine,angular,"postal representative, not individual order address"
26470,-22.677250728143179,-43.594632526829599,japeri,1,18.899999999999999,15.1,main,median,haversine,angular,"postal representative, not individual order address"
26480,-22.667916878063743,-43.585773328490873,japeri,1,57.990000000000002,16.170000000000002,main,median,haversine,angular,"postal representative, not individual order address"
26510,-22.816318462646429,-43.416282528792763,nilopolis,21,3009.1999999999998,533.19000000000005,main,median,haversine,angular,"postal representative, not individual order address"
26515,-22.82009022000884,-43.422242671407751,nilopolis,3,316.89999999999998,58.299999999999997,main,median,haversine,angular,"postal representative, not individual order address"
26520,-22.811934146559597,-43.428974532025656,nilopolis,17,1366.2,279.30000000000001,main,median,haversine,angular,"postal representative, not individual order address"
26521,-22.80930209839471,-43.432664477658825,nilopolis,6,760.78999999999996,165.45000000000002,main,median,haversine,angular,"postal representative, not individual order address"
26525,-22.80572828112987,-43.423175275533083,nilopolis,20,2828.5700000000002,474.89999999999998,main,median,haversine,angular,"postal representative, not individual order address"
26526,-22.804345745218811,-43.420831936144864,nilopolis,2,279.80000000000001,27.670000000000002,main,median,haversine,angular,"postal representative, not individual order address"
26530,-22.80068763878981,-43.415823527364822,nilopolis,8,1042.26,129.66,main,median,haversine,angular,"postal representative, not individual order address"
26535,-22.799938006972436,-43.410957588829781,nilopolis,10,1140.6700000000001,180.15000000000001,main,median,haversine,angular,"postal representative, not individual order address"
26540,-22.807570578499792,-43.408722332498193,nilopolis,7,1044.22,319.59000000000003,main,median,haversine,angular,"postal representative, not individual order address"
26545,-22.814180676078159,-43.403395752517511,nilopolis,9,1338.5700000000002,167.59,main,median,haversine,angular,"postal representative, not individual order address"
26550,-22.771054926843863,-43.431491987094077,mesquita,4,251.78999999999999,79.730000000000004,main,median,haversine,angular,"postal representative, not individual order address"
26551,-22.781514193726554,-43.425908742413874,mesquita,10,1064.2,220.03,main,median,haversine,angular,"postal representative, not individual order address"
26553,-22.788163545902371,-43.432198972595479,mesquita,6,760.70000000000005,149.50999999999999,main,median,haversine,angular,"postal representative, not individual order address"
26554,-22.789682732340502,-43.43711414736552,mesquita,4,380.88,66.239999999999995,main,median,haversine,angular,"postal representative, not individual order address"
26556,-22.777250874094399,-43.43592281898102,mesquita,4,592.38,127.65000000000001,main,median,haversine,angular,"postal representative, not individual order address"
26557,-22.770540910959021,-43.435725028574382,mesquita,2,407.97000000000003,53.630000000000003,main,median,haversine,angular,"postal representative, not individual order address"
26560,-22.77257878878957,-43.4247207169429,mesquita,4,702.75999999999999,86.189999999999998,main,median,haversine,angular,"postal representative, not individual order address"
26562,-22.770079410559852,-43.42200034850795,mesquita,8,1046.3699999999999,138.78,main,median,haversine,angular,"postal representative, not individual order address"
26564,-22.774258480793005,-43.41783062953261,mesquita,6,590.59000000000003,106.34,main,median,haversine,angular,"postal representative, not individual order address"
26570,-22.77868010708621,-43.416197359673106,mesquita,2,176.99000000000001,31.23,main,median,haversine,angular,"postal representative, not individual order address"
26572,-22.784548807981437,-43.410197892373041,mesquita,4,613.70000000000005,92.939999999999998,main,median,haversine,angular,"postal representative, not individual order address"
26574,-22.77784960941257,-43.402509099536893,mesquita,4,671.20000000000005,181,main,median,haversine,angular,"postal representative, not individual order address"
26580,-22.787338965387939,-43.421206075371856,mesquita,5,455.79000000000002,129.06999999999999,main,median,haversine,angular,"postal representative, not individual order address"
26582,-22.791846546295421,-43.415053308116313,mesquita,5,832.5,116.70999999999999,main,median,haversine,angular,"postal representative, not individual order address"
26584,-22.796540959970642,-43.425820095117928,mesquita,2,135.40000000000001,49.829999999999998,main,median,haversine,angular,"postal representative, not individual order address"
26585,-22.798268366640382,-43.435809165155362,mesquita,3,338.89999999999998,128.06,main,median,haversine,angular,"postal representative, not individual order address"
26587,-22.805104499999999,-43.435402504259521,mesquita,2,109.90000000000001,38.359999999999999,main,median,haversine,angular,"postal representative, not individual order address"
26600,-22.614024770343718,-43.705664291359113,paracambi,35,6571.96,944.26999999999998,main,median,haversine,angular,"postal representative, not individual order address"
28680,-22.466181774996222,-42.65473933987149,cachoeiras de macacu,19,1819.26,363.89999999999998,main,median,haversine,angular,"postal representative, not individual order address"
28695,-22.599636864370179,-42.740990016492873,cachoeiras de macacu,1,99,22.16,main,median,haversine,angular,"postal representative, not individual order address"
28800,-22.711045625965959,-42.628828774640979,rio bonito,27,4352.1099999999997,594.17999999999995,main,median,haversine,angular,"postal representative, not individual order address"
