CEP,lat,lng,city_norm,n_pedidos,valor_total,freight_total,cohort,estimator,evaluation_metric,fit_space,coordinate_interpretation
20010,-22.902565933548235,-43.17859890530714,rio de janeiro,7,463.75999999999999,112.34999999999999,main,mean_repeated,haversine,projected,"postal representative, not individual order address"
20011,-22.904993445903926,-43.176077696473982,rio de janeiro,15,1713.52,347.89999999999998,main,mean_repeated,haversine,projected,"postal representative, not individual order address"
20020,-22.907494545333339,-43.17316912947846,rio de janeiro,9,633.90999999999997,143.70000000000002,main,mean_repeated,haversine,projected,"postal representative, not individual order address"
20021,-22.912369544913428,-43.173500793354961,rio de janeiro,13,1735.9000000000001,320.03000000000003,main,mean_repeated,haversine,projected,"postal representative, not individual order address"
20030,-22.909873939082548,-43.173650365485273,rio de janeiro,21,2617.27,477.13999999999999,main,mean_repeated,haversine,projected,"postal representative, not individual order address"
20031,-22.909572437655488,-43.177703112986897,rio de janeiro,38,5762.54,804.27999999999997,main,mean_repeated,haversine,projected,"postal representative, not individual order address"
20040,-22.905686000249091,-43.177156307060464,rio de janeiro,35,6113.25,738.00999999999999,main,mean_repeated,haversine,projected,"postal representative, not individual order address"
20041,-22.903200752387249,-43.178645582331413,rio de janeiro,2,36.799999999999997,24.34,main,mean_repeated,haversine,projected,"postal representative, not individual order address"
20050,-22.905696239420447,-43.179258208124025,rio de janeiro,8,1481.3699999999999,188.03999999999999,main,mean_repeated,haversine,projected,"postal representative, not individual order address"
20051,-22.903063100942571,-43.182989268757368,rio de janeiro,3,319.5,61.450000000000003,main,mean_repeated,haversine,projected,"postal representative, not individual order address"
20060,-22.90742646003482,-43.221112903281877,rio de janeiro,2,90,33.870000000000005,main,mean_repeated,haversine,projected,"postal representative, not individual order address"
20061,-22.905811724167148,-43.18562902375168,rio de janeiro,1,89.900000000000006,8.0399999999999991,main,mean_repeated,haversine,projected,"postal representative, not individual order address"
20070,-22.902331574261797,-43.179278841545063,rio de janeiro,6,448.83999999999997,100.97,main,mean_repeated,haversine,projected,"postal representative, not individual order address"
20071,-22.902076954244112,-43.18149783382578,rio de janeiro,14,2068.25,348.86000000000001,main,mean_repeated,haversine,projected,"postal representative, not individual order address"
20080,-22.901209379401656,-43.184957242817511,rio de janeiro,6,13719.209999999999,304.18000000000001,main,mean_repeated,haversine,projected,"postal representative, not individual order address"
20081,-22.897715083300223,-43.18332992060644,rio de janeiro,15,6218.6999999999998,445.81999999999999,main,mean_repeated,haversine,projected,"postal representative, not individual order address"
20090,-22.899054123828943,-43.179420631717853,rio de janeiro,20,1936.5699999999999,416.61000000000001,main,mean_repeated,haversine,projected,"postal representative, not individual order address"
20091,-22.900151286264816,-43.178275874395077,rio de janeiro,13,1576.52,301.47000000000003,main,mean_repeated,haversine,projected,"postal representative, not individual order address"
20210,-22.90869650356516,-43.201016378284464,rio de janeiro,7,594,175.75,main,mean_repeated,haversine,projected,"postal representative, not individual order address"
20211,-22.911485038665671,-43.198442479731021,rio de janeiro,19,2948.4699999999998,443.14999999999998,main,mean_repeated,haversine,projected,"postal representative, not individual order address"
20220,-22.899829533909223,-43.200804335397841,rio de janeiro,17,1928.8399999999999,431.13,main,mean_repeated,haversine,projected,"postal representative, not individual order address"
20221,-22.89945802156581,-43.197084522165021,rio de janeiro,5,1750.25,104.04000000000001,main,mean_repeated,haversine,projected,"postal representative, not individual order address"
20230,-22.912857010734331,-43.188349118437991,rio de janeiro,46,7480.7399999999998,1136.4100000000001,main,mean_repeated,haversine,projected,"postal representative, not individual order address"
20231,-22.91259168660638,-43.186292650334593,rio de janeiro,23,2778.5599999999999,619.90999999999997,main,mean_repeated,haversine,projected,"postal representative, not individual order address"
20240,-22.917770340408847,-43.18905754157791,rio de janeiro,13,1515.4300000000001,249.33000000000001,main,mean_repeated,haversine,projected,"postal representative, not individual order address"
20241,-22.922006425170562,-43.185657418509528,rio de janeiro,31,4725.8000000000002,734.47000000000003,main,mean_repeated,haversine,projected,"postal representative, not individual order address"
20250,-22.919337655136697,-43.212474709762311,rio de janeiro,10,1227.6500000000001,328.29000000000002,main,mean_repeated,haversine,projected,"postal representative, not individual order address"
20251,-22.922200558918448,-43.200156266641343,rio de janeiro,14,2200.0700000000002,360.21000000000004,main,mean_repeated,haversine,projected,"postal representative, not individual order address"
20260,-22.919342584449812,-43.215423225025688,rio de janeiro,50,7159.6500000000005,1272.8199999999999,main,mean_repeated,haversine,projected,"postal representative, not individual order address"
20261,-22.924015428292378,-43.213547671608914,rio de janeiro,41,5153,968.55999999999995,main,mean_repeated,haversine,projected,"postal representative, not individual order address"
20270,-22.916244564738715,-43.217950335265293,rio de janeiro,42,5971.4399999999996,935.01999999999998,main,mean_repeated,haversine,projected,"postal representative, not individual order address"
20271,-22.915669330916131,-43.225213482330503,rio de janeiro,41,4241.4499999999998,768.13,main,mean_repeated,haversine,projected,"postal representative, not individual order address"
20510,-22.930347789330725,-43.242752264879023,rio de janeiro,42,6737.0500000000002,1036.3099999999999,main,mean_repeated,haversine,projected,"postal representative, not individual order address"
20511,-22.928413131660601,-43.240538180114825,rio de janeiro,43,5607.6300000000001,950.36000000000001,main,mean_repeated,haversine,projected,"postal representative, not individual order address"
20520,-22.926258825257275,-43.231846424609145,rio de janeiro,64,8229.2000000000007,1601.7,main,mean_repeated,haversine,projected,"postal representative, not individual order address"
20521,-22.927918848210943,-43.231972121774952,rio de janeiro,42,7425.79,954.00999999999999,main,mean_repeated,haversine,projected,"postal representative, not individual order address"
20530,-22.937686253064172,-43.24886943417944,rio de janeiro,32,4483.4200000000001,763.49000000000001,main,mean_repeated,haversine,projected,"postal representative, not individual order address"
20531,-22.958246852875916,-43.270332932039771,rio de janeiro,8,3652.3400000000001,170.88999999999999,main,mean_repeated,haversine,projected,"postal representative, not individual order address"
20535,-22.877802617547648,-43.273092853972443,rio de janeiro,4,314.95999999999998,79.530000000000001,main,mean_repeated,haversine,projected,"postal representative, not individual order address"
20540,-22.922555910410811,-43.243901231317686,rio de janeiro,73,13210.620000000001,1656.6700000000001,main,mean_repeated,haversine,projected,"postal representative, not individual order address"
20541,-22.922758980989411,-43.246104027508025,rio de janeiro,72,6773.8199999999997,1616.8800000000001,main,mean_repeated,haversine,projected,"postal representative, not individual order address"
20550,-22.916792143186889,-43.231550399129098,rio de janeiro,71,7851.6199999999999,1458.8499999999999,main,mean_repeated,haversine,projected,"postal representative, not individual order address"
20551,-22.914390650925078,-43.24569874883489,rio de janeiro,52,7163.5500000000002,1358.26,main,mean_repeated,haversine,projected,"postal representative, not individual order address"
20560,-22.918636000417841,-43.25724486396328,rio de janeiro,46,5146.8100000000004,931.38999999999999,main,mean_repeated,haversine,projected,"postal representative, not individual order address"
20561,-22.923671061855,-43.279510613255347,rio de janeiro,28,3756.96,666.58000000000004,main,mean_repeated,haversine,projected,"postal representative, not individual order address"
20710,-22.90830858763459,-43.276424309450299,rio de janeiro,10,1866.0699999999999,226.34,main,mean_repeated,haversine,projected,"postal representative, not individual order address"
20715,-22.91224198054703,-43.268726673369912,rio de janeiro,6,514.70000000000005,108.62,main,mean_repeated,haversine,projected,"postal representative, not individual order address"
20720,-22.906575946931888,-43.288191675905772,rio de janeiro,50,6868.1199999999999,1383.99,main,mean_repeated,haversine,projected,"postal representative, not individual order address"
20725,-22.906412217480728,-43.282495177007164,rio de janeiro,9,1895.1900000000001,166.37,main,mean_repeated,haversine,projected,"postal representative, not individual order address"
20730,-22.902290913852568,-43.298395173268787,rio de janeiro,13,1534.01,228.22999999999999,main,mean_repeated,haversine,projected,"postal representative, not individual order address"
20735,-22.900247004009792,-43.286209546514357,rio de janeiro,36,3917.4000000000001,779.96000000000004,main,mean_repeated,haversine,projected,"postal representative, not individual order address"
20740,-22.89620288125079,-43.312660613544111,rio de janeiro,11,980.23000000000002,257.93000000000001,main,mean_repeated,haversine,projected,"postal representative, not individual order address"
20745,-22.903600471965063,-43.306901589519335,rio de janeiro,18,2203.75,413.93000000000001,main,mean_repeated,haversine,projected,"postal representative, not individual order address"
20750,-22.87518071840644,-43.300827977367973,rio de janeiro,5,983.77999999999997,166.88999999999999,main,mean_repeated,haversine,projected,"postal representative, not individual order address"
20751,-22.883894678436565,-43.305384256050978,rio de janeiro,13,1523.3800000000001,258.60000000000002,main,mean_repeated,haversine,projected,"postal representative, not individual order address"
20755,-22.888719129958837,-43.297108701359242,rio de janeiro,8,500.80000000000001,141.18000000000001,main,mean_repeated,haversine,projected,"postal representative, not individual order address"
20756,-22.889303208418365,-43.304540372254607,rio de janeiro,10,858.62,236.25999999999999,main,mean_repeated,haversine,projected,"postal representative, not individual order address"
20760,-22.879177245162506,-43.285926909427431,rio de janeiro,4,259.88999999999999,63.090000000000003,main,mean_repeated,haversine,projected,"postal representative, not individual order address"
20761,-22.870098149013963,-43.297217917069602,rio de janeiro,1,74.989999999999995,17.16,main,mean_repeated,haversine,projected,"postal representative, not individual order address"
20765,-22.870675121002769,-43.286124686271528,rio de janeiro,8,1218.54,396.61000000000001,main,mean_repeated,haversine,projected,"postal representative, not individual order address"
20766,-22.865673065092224,-43.289317820043117,rio de janeiro,5,537.49000000000001,108.56,main,mean_repeated,haversine,projected,"postal representative, not individual order address"
20770,-22.892631104117811,-43.286013573263183,rio de janeiro,12,1088.22,224.28,main,mean_repeated,haversine,projected,"postal representative, not individual order address"
20771,-22.886545226178828,-43.281578990708248,rio de janeiro,31,5914.6300000000001,721,main,mean_repeated,haversine,projected,"postal representative, not individual order address"
20775,-22.894787607705087,-43.277545553376022,rio de janeiro,23,2874.77,411.74000000000001,main,mean_repeated,haversine,projected,"postal representative, not individual order address"
20780,-22.896463187772799,-43.27217170225893,rio de janeiro,32,4036.23,684.91999999999996,main,mean_repeated,haversine,projected,"postal representative, not individual order address"
20785,-22.886593254313329,-43.267834200698552,rio de janeiro,16,3937.1300000000001,373.56,main,mean_repeated,haversine,projected,"postal representative, not individual order address"
20910,-22.899524395109879,-43.230524380416782,rio de janeiro,11,1550.76,256.01999999999998,main,mean_repeated,haversine,projected,"postal representative, not individual order address"
20911,-22.893148853114639,-43.242201014642525,rio de janeiro,8,552.90999999999997,168.74000000000001,main,mean_repeated,haversine,projected,"postal representative, not individual order address"
20920,-22.895244859672271,-43.231902550436999,rio de janeiro,8,651.54999999999995,204.59,main,mean_repeated,haversine,projected,"postal representative, not individual order address"
20921,-22.893703236582244,-43.231517621190036,rio de janeiro,19,1619.8399999999999,680.13999999999999,main,mean_repeated,haversine,projected,"postal representative, not individual order address"
20930,-22.889979653251217,-43.228832891614729,rio de janeiro,3,371.88,85.700000000000003,main,mean_repeated,haversine,projected,"postal representative, not individual order address"
20931,-22.880476502680093,-43.217723152638648,rio de janeiro,11,1466.49,213.49000000000001,main,mean_repeated,haversine,projected,"postal representative, not individual order address"
20932,-22.85332248950828,-43.397360098269154,rio de janeiro,1,140,15.73,main,mean_repeated,haversine,projected,"postal representative, not individual order address"
20940,-22.90178148194564,-43.219200053257516,rio de janeiro,18,1491.1900000000001,333.77999999999997,main,mean_repeated,haversine,projected,"postal representative, not individual order address"
20941,-22.905038579309721,-43.218289836880224,rio de janeiro,15,3056.7000000000003,433.38,main,mean_repeated,haversine,projected,"postal representative, not individual order address"
20943,-22.907619844963776,-43.235904454902119,rio de janeiro,3,249.78999999999999,102.63,main,mean_repeated,haversine,projected,"postal representative, not individual order address"
20950,-22.903995691416739,-43.255586095591539,rio de janeiro,34,2990.5799999999999,782.28999999999996,main,mean_repeated,haversine,projected,"postal representative, not individual order address"
20960,-22.899105988671952,-43.249321637815832,rio de janeiro,6,548.07000000000005,125.38,main,mean_repeated,haversine,projected,"postal representative, not individual order address"
20961,-22.898921088541261,-43.260487830577112,rio de janeiro,3,432.60000000000002,49.490000000000002,main,mean_repeated,haversine,projected,"postal representative, not individual order address"
20970,-22.89490962921127,-43.298955185959549,rio de janeiro,4,454.88,67.890000000000001,main,mean_repeated,haversine,projected,"postal representative, not individual order address"
20972,-22.908149571852817,-43.260206309713048,rio de janeiro,1,32.899999999999999,17.600000000000001,main,mean_repeated,haversine,projected,"postal representative, not individual order address"
20973,-22.894802993658882,-43.304606788075013,rio de janeiro,3,635.86000000000001,174.25,main,mean_repeated,haversine,projected,"postal representative, not individual order address"
20975,-22.894423556972122,-43.251622708261415,rio de janeiro,3,468.88999999999999,66.579999999999998,main,mean_repeated,haversine,projected,"postal representative, not individual order address"
21010,-22.823839184254719,-43.306301852362601,rio de janeiro,7,766.58000000000004,146.56999999999999,main,mean_repeated,haversine,projected,"postal representative, not individual order address"
21011,-22.827727546600816,-43.286422320730203,rio de janeiro,16,1599.55,367.76999999999998,main,mean_repeated,haversine,projected,"postal representative, not individual order address"
21012,-22.835042850775064,-43.312636472404378,rio de janeiro,7,1389.79,117.19,main,mean_repeated,haversine,projected,"postal representative, not individual order address"
21020,-22.835828487618876,-43.276143784165548,rio de janeiro,33,5932.2700000000004,761.38999999999999,main,mean_repeated,haversine,projected,"postal representative, not individual order address"
21021,-22.842072893003269,-43.265065434319375,rio de janeiro,25,3897.8099999999999,520.54999999999995,main,mean_repeated,haversine,projected,"postal representative, not individual order address"
21030,-22.850002554499312,-43.263354020176415,rio de janeiro,3,1057.95,259.58999999999997,main,mean_repeated,haversine,projected,"postal representative, not individual order address"
21031,-22.848256572311051,-43.256133443686423,rio de janeiro,17,3068.8200000000002,474.81999999999999,main,mean_repeated,haversine,projected,"postal representative, not individual order address"
21032,-22.860376601769168,-43.255669827757202,rio de janeiro,9,819.96000000000004,183.84999999999999,main,mean_repeated,haversine,projected,"postal representative, not individual order address"
21040,-22.858267172627272,-43.25269222978843,rio de janeiro,9,1248.3900000000001,163.46000000000001,main,mean_repeated,haversine,projected,"postal representative, not individual order address"
21041,-22.871441098801021,-43.258727578503766,rio de janeiro,10,958.38,174.53,main,mean_repeated,haversine,projected,"postal representative, not individual order address"
21042,-22.864865411057249,-43.248700503527907,rio de janeiro,4,743.25999999999999,89.859999999999985,main,mean_repeated,haversine,projected,"postal representative, not individual order address"
21043,-22.886580416060379,-43.2773189390998,rio de janeiro,1,49.899999999999999,14.1,main,mean_repeated,haversine,projected,"postal representative, not individual order address"
21044,-22.857706333465654,-43.267186202026345,rio de janeiro,4,464.88,86.120000000000005,main,mean_repeated,haversine,projected,"postal representative, not individual order address"
21046,-22.871784606186221,-43.250040209943052,rio de janeiro,4,357.99000000000001,68.079999999999998,main,mean_repeated,haversine,projected,"postal representative, not individual order address"
21050,-22.87598170475497,-43.260056154664383,rio de janeiro,17,2979.1599999999999,584.70000000000005,main,mean_repeated,haversine,projected,"postal representative, not individual order address"
21051,-22.874222414375385,-43.267287900449588,rio de janeiro,5,652.78999999999996,131.29000000000002,main,mean_repeated,haversine,projected,"postal representative, not individual order address"
21060,-22.857331891254034,-43.263639568164052,rio de janeiro,17,2083.3299999999999,403.18000000000001,main,mean_repeated,haversine,projected,"postal representative, not individual order address"
21061,-22.866391297064204,-43.271588010936242,rio de janeiro,14,1816.1700000000001,305.29000000000002,main,mean_repeated,haversine,projected,"postal representative, not individual order address"
21070,-22.843914411682647,-43.283779066776354,rio de janeiro,9,609.38,219.72,main,mean_repeated,haversine,projected,"postal representative, not individual order address"
21071,-22.860726267312923,-43.287646505819787,rio de janeiro,4,1413.98,172.91999999999999,main,mean_repeated,haversine,projected,"postal representative, not individual order address"
21073,-22.850770856036998,-43.270521523602078,rio de janeiro,26,3602.9099999999999,547.63,main,mean_repeated,haversine,projected,"postal representative, not individual order address"
21210,-22.84373140637614,-43.302426725826379,rio de janeiro,17,2608.7000000000003,517.70000000000005,main,mean_repeated,haversine,projected,"postal representative, not individual order address"
21211,-22.836828071243165,-43.30804460963914,rio de janeiro,13,2156.8899999999999,278.95999999999998,main,mean_repeated,haversine,projected,"postal representative, not individual order address"
21215,-22.833788776762518,-43.296044333899992,rio de janeiro,18,2058.8299999999999,338.39999999999998,main,mean_repeated,haversine,projected,"postal representative, not individual order address"
21220,-22.849422868592249,-43.313508827488242,rio de janeiro,24,4986.2600000000002,571.13999999999999,main,mean_repeated,haversine,projected,"postal representative, not individual order address"
21221,-22.846064764028309,-43.310535362275189,rio de janeiro,22,2323.4299999999998,462.16000000000003,main,mean_repeated,haversine,projected,"postal representative, not individual order address"
21230,-22.82666297562433,-43.322531463488403,rio de janeiro,42,3904.0900000000001,917.69000000000005,main,mean_repeated,haversine,projected,"postal representative, not individual order address"
21231,-22.831527268945862,-43.322196719974023,rio de janeiro,7,522.68000000000006,151.78999999999999,main,mean_repeated,haversine,projected,"postal representative, not individual order address"
21235,-22.837911776525178,-43.322271046058205,rio de janeiro,36,5835.9700000000003,759.40999999999997,main,mean_repeated,haversine,projected,"postal representative, not individual order address"
21236,-22.839685265984301,-43.337124800231017,rio de janeiro,1,65.989999999999995,14.210000000000001,main,mean_repeated,haversine,projected,"postal representative, not individual order address"
21240,-22.811121030063202,-43.326212799077673,rio de janeiro,7,1125.97,136.44999999999999,main,mean_repeated,haversine,projected,"postal representative, not individual order address"
21241,-22.81349696231808,-43.308036771342358,rio de janeiro,4,371.80000000000001,89.579999999999998,main,mean_repeated,haversine,projected,"postal representative, not individual order address"
21250,-22.824619091439565,-43.306746674883868,rio de janeiro,22,2381.1600000000003,412.27999999999997,main,mean_repeated,haversine,projected,"postal representative, not individual order address"
21310,-22.879083342003987,-43.339355607033973,rio de janeiro,18,1737.5799999999999,442.75999999999999,main,mean_repeated,haversine,projected,"postal representative, not individual order address"
21311,-22.889181773523319,-43.327635945964673,rio de janeiro,16,2185.0599999999999,357.22000000000003,main,mean_repeated,haversine,projected,"postal representative, not individual order address"
21320,-22.892905876006864,-43.347644389533606,rio de janeiro,16,1956.6900000000001,469.44999999999999,main,mean_repeated,haversine,projected,"postal representative, not individual order address"
21321,-22.895126173289949,-43.357502145957,rio de janeiro,57,8732.0200000000004,1754.27,main,mean_repeated,haversine,projected,"postal representative, not individual order address"
21330,-22.882876782615799,-43.364174483570487,rio de janeiro,50,7840.1800000000003,1496.24,main,mean_repeated,haversine,projected,"postal representative, not individual order address"
21331,-22.87350715228709,-43.365677543874483,rio de janeiro,25,2274.9699999999998,606.39999999999998,main,mean_repeated,haversine,projected,"postal representative, not individual order address"
21340,-22.871018134717986,-43.356844914715353,rio de janeiro,9,1093.1500000000001,191.30000000000001,main,mean_repeated,haversine,projected,"postal representative, not individual order address"
21341,-22.882442915756783,-43.349470070284447,rio de janeiro,22,2703.8299999999999,699.02999999999997,main,mean_repeated,haversine,projected,"postal representative, not individual order address"
21350,-22.877932352600041,-43.330166204427456,rio de janeiro,12,2597.3899999999999,227.72,main,mean_repeated,haversine,projected,"postal representative, not individual order address"
21351,-22.870448202643569,-43.342965268163042,rio de janeiro,10,989.37,199.56999999999999,main,mean_repeated,haversine,projected,"postal representative, not individual order address"
21360,-22.866945338258187,-43.334781705066909,rio de janeiro,8,1156.7,129.31,main,mean_repeated,haversine,projected,"postal representative, not individual order address"
21361,-22.85332826176321,-43.328228062631148,rio de janeiro,12,1632.5700000000002,282.73000000000002,main,mean_repeated,haversine,projected,"postal representative, not individual order address"
21370,-22.87000636720115,-43.320044863242828,rio de janeiro,4,407.10000000000002,82.900000000000006,main,mean_repeated,haversine,projected,"postal representative, not individual order address"
21371,-22.851062285968769,-43.326178847752523,rio de janeiro,9,1204.3399999999999,169.38,main,mean_repeated,haversine,projected,"postal representative, not individual order address"
21380,-22.883317935180688,-43.319511906680248,rio de janeiro,19,2926.7399999999998,476.49000000000001,main,mean_repeated,haversine,projected,"postal representative, not individual order address"
21381,-22.879075287080031,-43.314672063074205,rio de janeiro,8,2280.5900000000001,197.33000000000001,main,mean_repeated,haversine,projected,"postal representative, not individual order address"
21510,-22.84251003329592,-43.353490690661332,rio de janeiro,7,752.49000000000001,136.12,main,mean_repeated,haversine,projected,"postal representative, not individual order address"
21511,-22.84410299270375,-43.352192692225941,rio de janeiro,5,786.59000000000003,113.06999999999999,main,mean_repeated,haversine,projected,"postal representative, not individual order address"
21512,-22.841468688290849,-43.361952920929319,rio de janeiro,5,554.31000000000006,115.27,main,mean_repeated,haversine,projected,"postal representative, not individual order address"
21515,-22.839027309870939,-43.355877462265163,rio de janeiro,5,583.13,102.40000000000001,main,mean_repeated,haversine,projected,"postal representative, not individual order address"
21520,-22.810998397638027,-43.361877158530604,rio de janeiro,3,293.89999999999998,65.730000000000004,main,mean_repeated,haversine,projected,"postal representative, not individual order address"
21530,-22.828811915352887,-43.346307609440586,rio de janeiro,6,795.54999999999995,125.31999999999999,main,mean_repeated,haversine,projected,"postal representative, not individual order address"
21532,-22.8130814021041,-43.36036408098235,rio de janeiro,1,27,15.109999999999999,main,mean_repeated,haversine,projected,"postal representative, not individual order address"
21535,-22.819448109307601,-43.35408490190018,rio de janeiro,2,92.890000000000001,35.270000000000003,main,mean_repeated,haversine,projected,"postal representative, not individual order address"
21540,-22.852143526409453,-43.342813020278847,rio de janeiro,10,2602.46,313.19999999999999,main,mean_repeated,haversine,projected,"postal representative, not individual order address"
21545,-22.8432861377694,-43.343444318193711,rio de janeiro,4,713.58000000000004,117.04000000000001,main,mean_repeated,haversine,projected,"postal representative, not individual order address"
21550,-22.86207117720982,-43.35623041492665,rio de janeiro,14,1014.38,375.16000000000003,main,mean_repeated,haversine,projected,"postal representative, not individual order address"
21555,-22.855135850026095,-43.363507308428119,rio de janeiro,13,1670.6700000000001,305.44999999999999,main,mean_repeated,haversine,projected,"postal representative, not individual order address"
21557,-22.856203714532519,-43.374955789677323,rio de janeiro,3,136.88999999999999,51.609999999999999,main,mean_repeated,haversine,projected,"postal representative, not individual order address"
21610,-22.867011045510356,-43.371883316604816,rio de janeiro,20,4347.2200000000003,592.72000000000003,main,mean_repeated,haversine,projected,"postal representative, not individual order address"
21615,-22.862090786321978,-43.391369258688862,rio de janeiro,17,2248.3099999999999,378.72000000000003,main,mean_repeated,haversine,projected,"postal representative, not individual order address"
21616,-22.853879739168629,-43.396809432222291,rio de janeiro,10,1153.7,199.25,main,mean_repeated,haversine,projected,"postal representative, not individual order address"
21620,-22.839350559609453,-43.404860560122628,rio de janeiro,12,795.48000000000002,174.41,main,mean_repeated,haversine,projected,"postal representative, not individual order address"
21625,-22.832605349060035,-43.402808561949037,rio de janeiro,11,976.39999999999998,200.41999999999999,main,mean_repeated,haversine,projected,"postal representative, not individual order address"
21630,-22.825649495444644,-43.411649846764313,rio de janeiro,5,654.59999999999991,84.780000000000001,main,mean_repeated,haversine,projected,"postal representative, not individual order address"
21635,-22.832902971525161,-43.41230278119793,rio de janeiro,2,146.90000000000001,38.609999999999999,main,mean_repeated,haversine,projected,"postal representative, not individual order address"
21640,-22.834633240228669,-43.392756369972851,rio de janeiro,2,155.99000000000001,36.829999999999998,main,mean_repeated,haversine,projected,"postal representative, not individual order address"
21645,-22.821385636314904,-43.39760318048674,rio de janeiro,2,129.90000000000001,33.32,main,mean_repeated,haversine,projected,"postal representative, not individual order address"
21650,-22.816850689474528,-43.374314532417216,rio de janeiro,5,475.77999999999997,128.24000000000001,main,mean_repeated,haversine,projected,"postal representative, not individual order address"
21655,-22.818616394359942,-43.382598700728003,rio de janeiro,2,160.80000000000001,50.259999999999998,main,mean_repeated,haversine,projected,"postal representative, not individual order address"
21660,-22.839960552960555,-43.377039105722908,rio de janeiro,7,568.59000000000003,186.90000000000001,main,mean_repeated,haversine,projected,"postal representative, not individual order address"
21665,-22.834271566010589,-43.377978641515625,rio de janeiro,1,69.989999999999995,19.460000000000001,main,mean_repeated,haversine,projected,"postal representative, not individual order address"
21670,-22.849843652150359,-43.380870241371099,rio de janeiro,5,969.78999999999996,110.27,main,mean_repeated,haversine,projected,"postal representative, not individual order address"
21675,-22.849034554602184,-43.374423646812801,rio de janeiro,8,1097.5799999999999,182.36000000000001,main,mean_repeated,haversine,projected,"postal representative, not individual order address"
21710,-22.876979699775763,-43.425279126762909,rio de janeiro,11,1014.17,301.73000000000002,main,mean_repeated,haversine,projected,"postal representative, not individual order address"
21715,-22.879476747053332,-43.440263981238033,rio de janeiro,11,2274.79,235.47999999999999,main,mean_repeated,haversine,projected,"postal representative, not individual order address"
21720,-22.865120805735398,-43.4470342137163,rio de janeiro,3,96.799999999999997,44.990000000000002,main,mean_repeated,haversine,projected,"postal representative, not individual order address"
21721,-22.875355846578699,-43.280636462004729,rio de janeiro,2,254,49.640000000000001,main,mean_repeated,haversine,projected,"postal representative, not individual order address"
21725,-22.859182993934169,-43.456665616338015,rio de janeiro,6,406.99000000000001,98.810000000000002,main,mean_repeated,haversine,projected,"postal representative, not individual order address"
21730,-22.86435505255422,-43.434757144170185,rio de janeiro,7,1069.0699999999999,227.05000000000001,main,mean_repeated,haversine,projected,"postal representative, not individual order address"
21735,-22.871537517256936,-43.429726914847002,rio de janeiro,6,1271.8699999999999,92.560000000000002,main,mean_repeated,haversine,projected,"postal representative, not individual order address"
21740,-22.88433305340309,-43.387504877344114,rio de janeiro,10,2002.5999999999999,264.68000000000001,main,mean_repeated,haversine,projected,"postal representative, not individual order address"
21741,-22.889627883506591,-43.395124429249634,rio de janeiro,6,859.59000000000003,206.53,main,mean_repeated,haversine,projected,"postal representative, not individual order address"
21745,-22.879549301241177,-43.410118624961818,rio de janeiro,8,978.35000000000002,163.75,main,mean_repeated,haversine,projected,"postal representative, not individual order address"
21746,-22.885775526693383,-43.4110256032492,rio de janeiro,1,34.990000000000002,14.52,main,mean_repeated,haversine,projected,"postal representative, not individual order address"
21750,-22.878735432655478,-43.415788362287785,rio de janeiro,10,1559.27,348.38,main,mean_repeated,haversine,projected,"postal representative, not individual order address"
21755,-22.883853344155629,-43.419136355497571,rio de janeiro,4,399.69000000000005,78.009999999999991,main,mean_repeated,haversine,projected,"postal representative, not individual order address"
21760,-22.890448292085239,-43.420583894550411,rio de janeiro,11,787.10000000000002,183.00999999999999,main,mean_repeated,haversine,projected,"postal representative, not individual order address"
21765,-22.890938364362235,-43.430685377413553,rio de janeiro,12,1811.0799999999999,279.32999999999998,main,mean_repeated,haversine,projected,"postal representative, not individual order address"
21770,-22.892257517452293,-43.442086965448723,rio de janeiro,7,884.48000000000002,139.63999999999999,main,mean_repeated,haversine,projected,"postal representative, not individual order address"
21775,-22.886952911633603,-43.446644127201374,rio de janeiro,9,1185.28,187.86000000000001,main,mean_repeated,haversine,projected,"postal representative, not individual order address"
21810,-22.87922054417216,-43.459310464937992,rio de janeiro,11,1365.3499999999999,224.63999999999999,main,mean_repeated,haversine,projected,"postal representative, not individual order address"
21815,-22.885483851873861,-43.457692806726577,rio de janeiro,8,1248.3900000000001,155.77000000000001,main,mean_repeated,haversine,projected,"postal representative, not individual order address"
21820,-22.881888435047649,-43.468997604007342,rio de janeiro,11,1195.0899999999999,290.13999999999999,main,mean_repeated,haversine,projected,"postal representative, not individual order address"
21825,-22.892248480036507,-43.470866203327212,rio de janeiro,5,818.97000000000003,132.28999999999999,main,mean_repeated,haversine,projected,"postal representative, not individual order address"
21830,-22.880118655848957,-43.483604754804006,rio de janeiro,9,2079.25,184.38999999999999,main,mean_repeated,haversine,projected,"postal representative, not individual order address"
21831,-22.889762604191279,-43.483907851345087,rio de janeiro,7,722.5,129.55000000000001,main,mean_repeated,haversine,projected,"postal representative, not individual order address"
21832,-22.894998640111965,-43.490836960215546,rio de janeiro,9,731.68999999999994,193.47,main,mean_repeated,haversine,projected,"postal representative, not individual order address"
21833,-22.881481875105301,-43.494483285479639,rio de janeiro,3,455.48000000000002,98.359999999999999,main,mean_repeated,haversine,projected,"postal representative, not individual order address"
21840,-22.868363814263653,-43.469232167950608,rio de janeiro,6,679.5,174.69,main,mean_repeated,haversine,projected,"postal representative, not individual order address"
21842,-22.868421364534367,-43.479855541348321,rio de janeiro,9,852.73000000000002,222.63,main,mean_repeated,haversine,projected,"postal representative, not individual order address"
21843,-22.870893429404216,-43.483301504432163,rio de janeiro,6,467.67000000000002,114.45999999999999,main,mean_repeated,haversine,projected,"postal representative, not individual order address"
21850,-22.859425219557973,-43.486817054989416,rio de janeiro,2,434.99000000000001,37.880000000000003,main,mean_repeated,haversine,projected,"postal representative, not individual order address"
21852,-22.86305592280701,-43.469636593016901,rio de janeiro,1,105.90000000000001,17.989999999999998,main,mean_repeated,haversine,projected,"postal representative, not individual order address"
21853,-22.857082764875649,-43.486439191165495,rio de janeiro,11,1099.6700000000001,234.75,main,mean_repeated,haversine,projected,"postal representative, not individual order address"
21854,-22.845556518964184,-43.495016456480641,rio de janeiro,1,79.980000000000004,30.460000000000001,main,mean_repeated,haversine,projected,"postal representative, not individual order address"
21860,-22.862369101863525,-43.467286461177963,rio de janeiro,5,723.89999999999998,98.719999999999999,main,mean_repeated,haversine,projected,"postal representative, not individual order address"
21862,-22.864698795351657,-43.466360139745291,rio de janeiro,6,1145.79,117.63,main,mean_repeated,haversine,projected,"postal representative, not individual order address"
21863,-22.850951552039938,-43.466935127474507,rio de janeiro,6,1554.46,235.33000000000001,main,mean_repeated,haversine,projected,"postal representative, not individual order address"
21864,-22.853845962536496,-43.461035650250771,rio de janeiro,3,207.5,71.930000000000007,main,mean_repeated,haversine,projected,"postal representative, not individual order address"
21865,-22.853042262633373,-43.470424971152191,rio de janeiro,2,25.890000000000001,30.34,main,mean_repeated,haversine,projected,"postal representative, not individual order address"
21866,-22.859130493251165,-43.478806056893461,rio de janeiro,8,901.33000000000004,181.81999999999999,main,mean_repeated,haversine,projected,"postal representative, not individual order address"
21870,-22.871019283986563,-43.458514428725749,rio de janeiro,7,1212.02,168.09,main,mean_repeated,haversine,projected,"postal representative, not individual order address"
21875,-22.873409010490445,-43.453741156927201,rio de janeiro,2,864.79999999999995,99.450000000000003,main,mean_repeated,haversine,projected,"postal representative, not individual order address"
21910,-22.797778392204659,-43.181360862515433,rio de janeiro,15,1492.97,478.19999999999999,main,mean_repeated,haversine,projected,"postal representative, not individual order address"
21911,-22.790081942995201,-43.172573193563643,rio de janeiro,9,1442.4200000000001,315.54000000000002,main,mean_repeated,haversine,projected,"postal representative, not individual order address"
21920,-22.798115581439351,-43.195697722709411,rio de janeiro,25,2088.0700000000002,534.94000000000005,main,mean_repeated,haversine,projected,"postal representative, not individual order address"
21921,-22.808304429133401,-43.185648566977207,rio de janeiro,13,1134.3800000000001,262.77999999999997,main,mean_repeated,haversine,projected,"postal representative, not individual order address"
21930,-22.819481062981133,-43.1783585853495,rio de janeiro,12,2009.1800000000001,245.03,main,mean_repeated,haversine,projected,"postal representative, not individual order address"
21931,-22.809517664348768,-43.200203165434935,rio de janeiro,39,6437.6199999999999,848.98000000000002,main,mean_repeated,haversine,projected,"postal representative, not individual order address"
21932,-22.804862862717741,-43.225728226319561,rio de janeiro,4,789.77999999999997,126.70999999999998,main,mean_repeated,haversine,projected,"postal representative, not individual order address"
21940,-22.813888711430131,-43.202477496382571,rio de janeiro,30,3367,655.42999999999995,main,mean_repeated,haversine,projected,"postal representative, not individual order address"
21941,-22.833834004293301,-43.248856689738808,rio de janeiro,21,6635.8499999999995,515.45000000000005,main,mean_repeated,haversine,projected,"postal representative, not individual order address"
22010,-22.962712938814789,-43.170810782953602,rio de janeiro,24,1880.49,495.55000000000001,main,mean_repeated,haversine,projected,"postal representative, not individual order address"
22011,-22.964006105632659,-43.176583586189793,rio de janeiro,30,4796.8599999999997,658.17999999999995,main,mean_repeated,haversine,projected,"postal representative, not individual order address"
22020,-22.965453849156813,-43.178475668043752,rio de janeiro,23,4963.1499999999996,533.07000000000005,main,mean_repeated,haversine,projected,"postal representative, not individual order address"
22021,-22.96571567280818,-43.178905752541766,rio de janeiro,22,3326.0799999999999,550.08000000000004,main,mean_repeated,haversine,projected,"postal representative, not individual order address"
22030,-22.965586191842657,-43.184053068618113,rio de janeiro,26,3540.4500000000003,674.97000000000003,main,mean_repeated,haversine,projected,"postal representative, not individual order address"
22031,-22.966933621230865,-43.187921650856048,rio de janeiro,22,5414.8999999999996,517.70000000000005,main,mean_repeated,haversine,projected,"postal representative, not individual order address"
22040,-22.968389299018032,-43.184994472641698,rio de janeiro,20,3262.77,445.66000000000003,main,mean_repeated,haversine,projected,"postal representative, not individual order address"
22041,-22.967673604620369,-43.190028283432838,rio de janeiro,24,4041.6100000000001,625.93999999999994,main,mean_repeated,haversine,projected,"postal representative, not individual order address"
22050,-22.972595655601555,-43.187719456337241,rio de janeiro,27,3718.1700000000001,672,main,mean_repeated,haversine,projected,"postal representative, not individual order address"
22051,-22.972873846317363,-43.190521303708728,rio de janeiro,21,2999.5100000000002,537.91999999999996,main,mean_repeated,haversine,projected,"postal representative, not individual order address"
22060,-22.97702862454598,-43.190340897607918,rio de janeiro,17,2549.8499999999999,319.50999999999999,main,mean_repeated,haversine,projected,"postal representative, not individual order address"
22061,-22.975419252327107,-43.192633652194793,rio de janeiro,21,1757.99,343.51999999999998,main,mean_repeated,haversine,projected,"postal representative, not individual order address"
22070,-22.980688017563597,-43.18955936508214,rio de janeiro,19,2174.79,506.39999999999998,main,mean_repeated,haversine,projected,"postal representative, not individual order address"
22071,-22.980184787318848,-43.194590667739973,rio de janeiro,32,3343.75,703.13999999999999,main,mean_repeated,haversine,projected,"postal representative, not individual order address"
22080,-22.984663776560211,-43.192528449128403,rio de janeiro,21,5249.1499999999996,671.55999999999995,main,mean_repeated,haversine,projected,"postal representative, not individual order address"
22081,-22.984441149894824,-43.193415923903281,rio de janeiro,28,5147.6000000000004,843.65999999999997,main,mean_repeated,haversine,projected,"postal representative, not individual order address"
22210,-22.931070810893203,-43.176115962189314,rio de janeiro,33,5048.54,808.88,main,mean_repeated,haversine,projected,"postal representative, not individual order address"
22211,-22.923384297280904,-43.179530436549925,rio de janeiro,4,576.88,85.530000000000001,main,mean_repeated,haversine,projected,"postal representative, not individual order address"
22220,-22.929564463721729,-43.176846368909658,rio de janeiro,27,2317.3499999999999,594.01999999999998,main,mean_repeated,haversine,projected,"postal representative, not individual order address"
22221,-22.928999413639037,-43.18145032839962,rio de janeiro,43,5759.8100000000004,1217.5,main,mean_repeated,haversine,projected,"postal representative, not individual order address"
22230,-22.937297973252814,-43.176889612976375,rio de janeiro,52,7611.8000000000002,1254.1400000000001,main,mean_repeated,haversine,projected,"postal representative, not individual order address"
22231,-22.936153909752679,-43.181832267833023,rio de janeiro,45,5551.9799999999996,1143.95,main,mean_repeated,haversine,projected,"postal representative, not individual order address"
22240,-22.935263476239665,-43.187263572971162,rio de janeiro,47,6487.1199999999999,945.74000000000001,main,mean_repeated,haversine,projected,"postal representative, not individual order address"
22241,-22.93845834691675,-43.196368076205502,rio de janeiro,15,2430.8200000000002,403.02999999999997,main,mean_repeated,haversine,projected,"postal representative, not individual order address"
22245,-22.941061091973182,-43.191231191173394,rio de janeiro,15,1801.77,281.29000000000002,main,mean_repeated,haversine,projected,"postal representative, not individual order address"
22250,-22.942211644081578,-43.177586938182593,rio de janeiro,55,8478.2800000000007,1252.5599999999999,main,mean_repeated,haversine,projected,"postal representative, not individual order address"
22251,-22.945344203574265,-43.185010548945066,rio de janeiro,35,8114.3600000000006,858.25999999999999,main,mean_repeated,haversine,projected,"postal representative, not individual order address"
22260,-22.94921626511125,-43.190213962568443,rio de janeiro,49,8913.1299999999992,1218.53,main,mean_repeated,haversine,projected,"postal representative, not individual order address"
22261,-22.957218258089721,-43.200260609059363,rio de janeiro,22,2872.9499999999998,559.83000000000004,main,mean_repeated,haversine,projected,"postal representative, not individual order address"
22270,-22.953082188232276,-43.189245364906768,rio de janeiro,45,5801.0200000000004,1038.4400000000001,main,mean_repeated,haversine,projected,"postal representative, not individual order address"
22271,-22.956103796414521,-43.193951055351853,rio de janeiro,22,3039.9200000000001,542.80999999999995,main,mean_repeated,haversine,projected,"postal representative, not individual order address"
22280,-22.954408685481411,-43.185650031057385,rio de janeiro,29,6348.0100000000002,611.00999999999999,main,mean_repeated,haversine,projected,"postal representative, not individual order address"
22281,-22.956851905823061,-43.193645741400232,rio de janeiro,18,1496.1300000000001,392.67000000000002,main,mean_repeated,haversine,projected,"postal representative, not individual order address"
22290,-22.954428429403357,-43.177074208583683,rio de janeiro,56,7414.8100000000004,1148.29,main,mean_repeated,haversine,projected,"postal representative, not individual order address"
22291,-22.942311951383264,-43.166780906762526,rio de janeiro,10,1070.3699999999999,198.22999999999999,main,mean_repeated,haversine,projected,"postal representative, not individual order address"
22410,-22.98392343049867,-43.207101465917965,rio de janeiro,38,7201.8100000000004,725.67999999999995,main,mean_repeated,haversine,projected,"postal representative, not individual order address"
22411,-22.981944699776768,-43.202413135708241,rio de janeiro,21,1692.3299999999999,500.38999999999999,main,mean_repeated,haversine,projected,"postal representative, not individual order address"
22420,-22.985312022606557,-43.204142763787189,rio de janeiro,24,3357.75,534.72000000000003,main,mean_repeated,haversine,projected,"postal representative, not individual order address"
22421,-22.982140216547386,-43.206875250730363,rio de janeiro,8,1112.9000000000001,188.58000000000001,main,mean_repeated,haversine,projected,"postal representative, not individual order address"
22430,-22.98210232841188,-43.220133149701809,rio de janeiro,35,9180.7099999999991,962.55999999999995,main,mean_repeated,haversine,projected,"postal representative, not individual order address"
22431,-22.98284371340203,-43.224740007201753,rio de janeiro,22,2425.5700000000002,521.35000000000002,main,mean_repeated,haversine,projected,"postal representative, not individual order address"
22440,-22.984439128577424,-43.221512713158923,rio de janeiro,25,3987.4899999999998,602.04999999999995,main,mean_repeated,haversine,projected,"postal representative, not individual order address"
22441,-22.984160176092551,-43.224954748802638,rio de janeiro,26,3258.1799999999998,576.96000000000004,main,mean_repeated,haversine,projected,"postal representative, not individual order address"
22450,-22.986493696399247,-43.233068062473691,rio de janeiro,39,5424.54,867.00999999999999,main,mean_repeated,haversine,projected,"postal representative, not individual order address"
22451,-22.97841522971715,-43.237729192717843,rio de janeiro,56,9533.0100000000002,1393.1500000000001,main,mean_repeated,haversine,projected,"postal representative, not individual order address"
22452,-22.952645498107493,-43.30267070542142,rio de janeiro,2,145.88,55.700000000000003,main,mean_repeated,haversine,projected,"postal representative, not individual order address"
22460,-22.964834958641688,-43.224902230702952,rio de janeiro,15,3956.0900000000001,285.88999999999999,main,mean_repeated,haversine,projected,"postal representative, not individual order address"
22461,-22.961345034096048,-43.213641388050817,rio de janeiro,32,4330.4899999999998,793.60000000000002,main,mean_repeated,haversine,projected,"postal representative, not individual order address"
22470,-22.965504326975658,-43.215448413220379,rio de janeiro,35,4948.8699999999999,807.55999999999995,main,mean_repeated,haversine,projected,"postal representative, not individual order address"
22471,-22.967625971408516,-43.203212882392485,rio de janeiro,28,3499.3800000000001,709.75999999999999,main,mean_repeated,haversine,projected,"postal representative, not individual order address"
22610,-22.99599813649958,-43.261663703422506,rio de janeiro,29,3507.7200000000003,792.04999999999995,main,mean_repeated,haversine,projected,"postal representative, not individual order address"
22611,-23.008068841447862,-43.298611765344468,rio de janeiro,8,977.63999999999999,154.16,main,mean_repeated,haversine,projected,"postal representative, not individual order address"
22620,-23.009474979914749,-43.334530048914957,rio de janeiro,35,4874.3999999999996,855.35000000000002,main,mean_repeated,haversine,projected,"postal representative, not individual order address"
22621,-23.010803499326403,-43.309886652481097,rio de janeiro,27,4191.21,627.29999999999995,main,mean_repeated,haversine,projected,"postal representative, not individual order address"
22630,-23.010131257960492,-43.338679519974157,rio de janeiro,30,5478.0799999999999,706.58000000000004,main,mean_repeated,haversine,projected,"postal representative, not individual order address"
22631,-23.003656668383979,-43.340758853213849,rio de janeiro,85,15257.940000000001,2433.5999999999999,main,mean_repeated,haversine,projected,"postal representative, not individual order address"
22640,-23.001267617010637,-43.335598837067202,rio de janeiro,26,4572.5,636.39999999999998,main,mean_repeated,haversine,projected,"postal representative, not individual order address"
22641,-22.986105098852665,-43.311520670632312,rio de janeiro,6,650.19000000000005,204.84999999999999,main,mean_repeated,haversine,projected,"postal representative, not individual order address"
22710,-22.934576022997884,-43.375788413326823,rio de janeiro,51,6493,1202.51,main,mean_repeated,haversine,projected,"postal representative, not individual order address"
22711,-22.91373119718309,-43.390897120577669,rio de janeiro,1,39.990000000000002,21.190000000000001,main,mean_repeated,haversine,projected,"postal representative, not individual order address"
22713,-22.930174584016687,-43.396083912145642,rio de janeiro,30,3629.2800000000002,731.25,main,mean_repeated,haversine,projected,"postal representative, not individual order address"
22715,-22.923355641776094,-43.383046917508274,rio de janeiro,9,1131.47,192.93000000000001,main,mean_repeated,haversine,projected,"postal representative, not individual order address"
22720,-22.918167419985291,-43.386515528441173,rio de janeiro,25,4559.0900000000001,582.98000000000002,main,mean_repeated,haversine,projected,"postal representative, not individual order address"
22723,-22.916897084840269,-43.402788833135361,rio de janeiro,41,5884.7799999999997,1120.71,main,mean_repeated,haversine,projected,"postal representative, not individual order address"
22725,-22.91150171276762,-43.376526107224187,rio de janeiro,21,3100.9899999999998,496.39999999999998,main,mean_repeated,haversine,projected,"postal representative, not individual order address"
22730,-22.920002522357752,-43.369575407350602,rio de janeiro,22,5331.2700000000004,505.49000000000001,main,mean_repeated,haversine,projected,"postal representative, not individual order address"
22733,-22.906015750671408,-43.364980246342064,rio de janeiro,18,3219.8400000000001,353.06,main,mean_repeated,haversine,projected,"postal representative, not individual order address"
22735,-22.920928532759326,-43.358465481509597,rio de janeiro,15,2154.98,507.66000000000003,main,mean_repeated,haversine,projected,"postal representative, not individual order address"
22740,-22.926256595321949,-43.359757778281057,rio de janeiro,22,3718.7399999999998,679.08000000000004,main,mean_repeated,haversine,projected,"postal representative, not individual order address"
22743,-22.930174278267923,-43.346440388090059,rio de janeiro,48,5392.9799999999996,1090.6199999999999,main,mean_repeated,haversine,projected,"postal representative, not individual order address"
22745,-22.935058480174082,-43.333594070428553,rio de janeiro,31,4536.7600000000002,738.04999999999995,main,mean_repeated,haversine,projected,"postal representative, not individual order address"
22750,-22.943384670900659,-43.334379195440683,rio de janeiro,49,5831.0100000000002,1195.26,main,mean_repeated,haversine,projected,"postal representative, not individual order address"
22753,-22.966192360899608,-43.330734513875441,rio de janeiro,52,9949.9300000000003,1302.0599999999999,main,mean_repeated,haversine,projected,"postal representative, not individual order address"
22755,-22.947502549436848,-43.338142101932029,rio de janeiro,19,2335.5500000000002,368.73000000000002,main,mean_repeated,haversine,projected,"postal representative, not individual order address"
22760,-22.938856559491374,-43.345833803466263,rio de janeiro,16,2226.3499999999999,417.29000000000002,main,mean_repeated,haversine,projected,"postal representative, not individual order address"
22763,-22.949418433889697,-43.38717689639774,rio de janeiro,15,2140.27,326.47000000000003,main,mean_repeated,haversine,projected,"postal representative, not individual order address"
22765,-22.954431333815165,-43.355273422217607,rio de janeiro,25,4579.54,679.97000000000003,main,mean_repeated,haversine,projected,"postal representative, not individual order address"
22770,-22.936910913712651,-43.360973350350811,rio de janeiro,46,5329.96,1030.71,main,mean_repeated,haversine,projected,"postal representative, not individual order address"
22772,-22.95005017710918,-43.360847511047247,rio de janeiro,1,29.899999999999999,19.84,main,mean_repeated,haversine,projected,"postal representative, not individual order address"
22773,-22.94846910030558,-43.364489898207424,rio de janeiro,9,804.58000000000004,177.11000000000001,main,mean_repeated,haversine,projected,"postal representative, not individual order address"
22775,-22.969148201152677,-43.383065237968161,rio de janeiro,103,16328.190000000001,2747.8699999999999,main,mean_repeated,haversine,projected,"postal representative, not individual order address"
22776,-22.99004850815858,-43.354481072015858,rio de janeiro,11,1213.3199999999999,196.38999999999999,main,mean_repeated,haversine,projected,"postal representative, not individual order address"
22780,-22.962843790439337,-43.401165783067313,rio de janeiro,48,6361.4499999999998,1152.6199999999999,main,mean_repeated,haversine,projected,"postal representative, not individual order address"
22783,-22.984082408782115,-43.448890199194111,rio de janeiro,44,5413.7600000000002,990.75,main,mean_repeated,haversine,projected,"postal representative, not individual order address"
22785,-22.979900329721087,-43.49176475913368,rio de janeiro,15,1410.98,285.80000000000001,main,mean_repeated,haversine,projected,"postal representative, not individual order address"
22790,-23.012986504226461,-43.46551954103294,rio de janeiro,136,21785.209999999999,3014.8299999999999,main,mean_repeated,haversine,projected,"postal representative, not individual order address"
22793,-23.000618991095681,-43.404718284567252,rio de janeiro,116,16054.059999999999,2801.79,main,mean_repeated,haversine,projected,"postal representative, not individual order address"
22795,-23.020470737334893,-43.462656420683039,rio de janeiro,68,8942.5400000000009,1343.9400000000001,main,mean_repeated,haversine,projected,"postal representative, not individual order address"
23010,-22.885872200386764,-43.513728918040449,rio de janeiro,10,2100.6500000000001,230.16999999999999,main,mean_repeated,haversine,projected,"postal representative, not individual order address"
23012,-22.891289709125683,-43.528538034861306,rio de janeiro,5,1666.78,71.359999999999999,main,mean_repeated,haversine,projected,"postal representative, not individual order address"
23013,-22.901257810100439,-43.541434503067336,rio de janeiro,11,1484.74,245.61000000000001,main,mean_repeated,haversine,projected,"postal representative, not individual order address"
23015,-22.908174032805224,-43.539677878259518,rio de janeiro,4,478.57999999999998,60.920000000000002,main,mean_repeated,haversine,projected,"postal representative, not individual order address"
23016,-22.912595307197087,-43.535938791153583,rio de janeiro,5,584.28999999999996,123.8,main,mean_repeated,haversine,projected,"postal representative, not individual order address"
23017,-22.919574762615909,-43.528555702253051,rio de janeiro,16,1662.23,445.82999999999998,main,mean_repeated,haversine,projected,"postal representative, not individual order address"
23020,-23.004990522576701,-43.547845204575459,rio de janeiro,17,2349.8099999999999,324.69,main,mean_repeated,haversine,projected,"postal representative, not individual order address"
23025,-22.990469247985331,-43.615505701818989,rio de janeiro,4,623.88,101.11,main,mean_repeated,haversine,projected,"postal representative, not individual order address"
23026,-22.990737348294779,-43.630450921448379,rio de janeiro,7,655.34000000000003,166.19999999999999,main,mean_repeated,haversine,projected,"postal representative, not individual order address"
23027,-23.00123690831294,-43.640095136908378,rio de janeiro,1,40,22.210000000000001,main,mean_repeated,haversine,projected,"postal representative, not individual order address"
23028,-22.980562963174371,-43.659989867147871,rio de janeiro,7,716.60000000000002,167.09999999999999,main,mean_repeated,haversine,projected,"postal representative, not individual order address"
23030,-22.966699556811079,-43.601768668742501,rio de janeiro,12,1097.6300000000001,274.43000000000001,main,mean_repeated,haversine,projected,"postal representative, not individual order address"
23031,-22.964378631240205,-43.611867369266768,rio de janeiro,6,471.79000000000002,80.620000000000005,main,mean_repeated,haversine,projected,"postal representative, not individual order address"
23032,-22.972563998366837,-43.642950470314368,rio de janeiro,11,3148.5900000000001,275.80000000000001,main,mean_repeated,haversine,projected,"postal representative, not individual order address"
23033,-22.955943986568656,-43.606596133588177,rio de janeiro,8,2094.3800000000001,214.02000000000001,main,mean_repeated,haversine,projected,"postal representative, not individual order address"
23035,-22.945894102935657,-43.594457021538446,rio de janeiro,12,2189.1900000000001,354.29000000000002,main,mean_repeated,haversine,projected,"postal representative, not individual order address"
23036,-22.937899966329617,-43.578646142633474,rio de janeiro,10,1326.9200000000001,222.66,main,mean_repeated,haversine,projected,"postal representative, not individual order address"
23040,-22.9331056624521,-43.554113810125521,rio de janeiro,19,1770.0799999999999,454.23000000000002,main,mean_repeated,haversine,projected,"postal representative, not individual order address"
23042,-22.927779325237221,-43.554503392883646,rio de janeiro,10,886.46000000000004,171.69,main,mean_repeated,haversine,projected,"postal representative, not individual order address"
23045,-22.916840745702157,-43.562340107121237,rio de janeiro,23,3760.75,557.40999999999997,main,mean_repeated,haversine,projected,"postal representative, not individual order address"
23047,-22.925942886418497,-43.561357507907651,rio de janeiro,6,1366.2300000000002,105.23999999999999,main,mean_repeated,haversine,projected,"postal representative, not individual order address"
23050,-22.906374170614946,-43.566410061329776,rio de janeiro,16,3374.6399999999999,352.02999999999997,main,mean_repeated,haversine,projected,"postal representative, not individual order address"
23052,-22.906619343447986,-43.552249859606512,rio de janeiro,18,3617.71,855.80999999999995,main,mean_repeated,haversine,projected,"postal representative, not individual order address"
23055,-22.9099494896574,-43.5764230099429,rio de janeiro,13,1400.1900000000001,221.31999999999999,main,mean_repeated,haversine,projected,"postal representative, not individual order address"
23056,-22.918189881677439,-43.612350856541859,rio de janeiro,5,373.77999999999997,85.810000000000002,main,mean_repeated,haversine,projected,"postal representative, not individual order address"
23057,-22.917530927853001,-43.528324896794473,rio de janeiro,7,452.58999999999997,193.22999999999999,main,mean_repeated,haversine,projected,"postal representative, not individual order address"
23058,-22.914787266177115,-43.590780395537109,rio de janeiro,10,1053.1900000000001,194.84999999999999,main,mean_repeated,haversine,projected,"postal representative, not individual order address"
23059,-22.913307945677737,-43.590429851372157,rio de janeiro,16,1443.3,256.62,main,mean_repeated,haversine,projected,"postal representative, not individual order address"
23060,-22.896089584185965,-43.598896711909283,rio de janeiro,24,4553.7600000000002,519.86000000000001,main,mean_repeated,haversine,projected,"postal representative, not individual order address"
23061,-22.908445285088447,-43.60810021286953,rio de janeiro,7,631.73000000000002,140.50999999999999,main,mean_repeated,haversine,projected,"postal representative, not individual order address"
23062,-22.90265768897671,-43.599171932707527,rio de janeiro,8,615.43000000000006,214.69999999999999,main,mean_repeated,haversine,projected,"postal representative, not individual order address"
23063,-22.897521961702388,-43.591752252623216,rio de janeiro,13,1921.02,345.31,main,mean_repeated,haversine,projected,"postal representative, not individual order address"
23064,-22.900742702573609,-43.584638425541542,rio de janeiro,8,1336.8499999999999,139.71000000000001,main,mean_repeated,haversine,projected,"postal representative, not individual order address"
23065,-22.882938283581169,-43.625086210988606,rio de janeiro,9,843.27999999999997,229.30000000000001,main,mean_repeated,haversine,projected,"postal representative, not individual order address"
23066,-22.888192458215805,-43.624736504286922,rio de janeiro,15,1722,255.93000000000001,main,mean_repeated,haversine,projected,"postal representative, not individual order address"
23067,-22.882436144790208,-43.616583467984732,rio de janeiro,2,477.99000000000001,166.59999999999999,main,mean_repeated,haversine,projected,"postal representative, not individual order address"
23068,-22.88645864857024,-43.597629681907172,rio de janeiro,8,1058.1800000000001,284.94,main,mean_repeated,haversine,projected,"postal representative, not individual order address"
23070,-22.896407842881192,-43.577510013811043,rio de janeiro,17,3048.4699999999998,403.75999999999999,main,mean_repeated,haversine,projected,"postal representative, not individual order address"
23071,-22.888368672611158,-43.580909494482988,rio de janeiro,13,1112.9000000000001,252.74000000000001,main,mean_repeated,haversine,projected,"postal representative, not individual order address"
23073,-22.88998422832266,-43.579397583037689,rio de janeiro,11,1612.76,212.03,main,mean_repeated,haversine,projected,"postal representative, not individual order address"
23075,-22.877775179542617,-43.577710512897831,rio de janeiro,31,3144.3200000000002,654.76999999999998,main,mean_repeated,haversine,projected,"postal representative, not individual order address"
23076,-22.882455390113918,-43.574942249018072,rio de janeiro,1,20.300000000000001,15.1,main,mean_repeated,haversine,projected,"postal representative, not individual order address"
23078,-22.87216705136316,-43.589253073772461,rio de janeiro,12,946.09000000000003,383.41000000000003,main,mean_repeated,haversine,projected,"postal representative, not individual order address"
23080,-22.898539335408451,-43.565421405163477,rio de janeiro,15,2280.4700000000003,389.86000000000001,main,mean_repeated,haversine,projected,"postal representative, not individual order address"
23081,-22.894339599203761,-43.567222904546611,rio de janeiro,5,777.67000000000007,83.039999999999992,main,mean_repeated,haversine,projected,"postal representative, not individual order address"
23082,-22.894215304190801,-43.571290871484081,rio de janeiro,4,621.99000000000001,73.900000000000006,main,mean_repeated,haversine,projected,"postal representative, not individual order address"
23085,-22.893920459110284,-43.546423978075673,rio de janeiro,10,814.95999999999992,227.80000000000001,main,mean_repeated,haversine,projected,"postal representative, not individual order address"
23087,-22.886393425025823,-43.558872618395576,rio de janeiro,17,2807.6500000000001,336.32999999999998,main,mean_repeated,haversine,projected,"postal representative, not individual order address"
23088,-22.88543771705454,-43.549719574232682,rio de janeiro,13,1481.53,335.75999999999999,main,mean_repeated,haversine,projected,"postal representative, not individual order address"
23090,-22.878043319496523,-43.562917395844295,rio de janeiro,12,1307.95,259.38999999999999,main,mean_repeated,haversine,projected,"postal representative, not individual order address"
23092,-22.870856012007138,-43.543848748962922,rio de janeiro,22,3447.4200000000001,542.24000000000001,main,mean_repeated,haversine,projected,"postal representative, not individual order address"
23093,-22.877515295743311,-43.530293480753762,rio de janeiro,11,1735.5799999999999,308.76999999999998,main,mean_repeated,haversine,projected,"postal representative, not individual order address"
23094,-22.876209770242788,-43.519816736380257,rio de janeiro,9,1068.99,230.87,main,mean_repeated,haversine,projected,"postal representative, not individual order address"
23095,-22.869409666215009,-43.556587177829428,rio de janeiro,15,1486.6800000000001,407.38,main,mean_repeated,haversine,projected,"postal representative, not individual order address"
23097,-22.851096763270359,-43.536138690950381,rio de janeiro,8,2435.2600000000002,129.27000000000001,main,mean_repeated,haversine,projected,"postal representative, not individual order address"
23098,-22.870188890670534,-43.521876885333171,rio de janeiro,2,478.91000000000003,102.69,main,mean_repeated,haversine,projected,"postal representative, not individual order address"
23510,-22.919734370551129,-43.67148457968753,rio de janeiro,7,745.27999999999997,165.56999999999999,main,mean_repeated,haversine,projected,"postal representative, not individual order address"
23515,-22.92368923724333,-43.682925923943522,rio de janeiro,6,889.86000000000001,244.84,main,mean_repeated,haversine,projected,"postal representative, not individual order address"
23520,-22.936255491866653,-43.661399065747545,rio de janeiro,27,2148.5799999999999,500.97000000000003,main,mean_repeated,haversine,projected,"postal representative, not individual order address"
23525,-22.945035522626561,-43.676924314102138,rio de janeiro,5,470.63,61.82,main,mean_repeated,haversine,projected,"postal representative, not individual order address"
23530,-22.973834321262331,-43.681076192478599,rio de janeiro,8,966.25,156.52000000000001,main,mean_repeated,haversine,projected,"postal representative, not individual order address"
23535,-22.979021180890101,-43.690122451652577,rio de janeiro,14,1817.6700000000001,692.35000000000002,main,mean_repeated,haversine,projected,"postal representative, not individual order address"
23540,-22.974468021753417,-43.696539704365605,rio de janeiro,9,815.74000000000001,172.04000000000002,main,mean_repeated,haversine,projected,"postal representative, not individual order address"
23545,-22.967091308000946,-43.700265635553997,rio de janeiro,11,1098.27,221.00999999999999,main,mean_repeated,haversine,projected,"postal representative, not individual order address"
23547,-22.93249321644976,-43.62300753113864,rio de janeiro,2,145.88999999999999,35.370000000000005,main,mean_repeated,haversine,projected,"postal representative, not individual order address"
23550,-22.930711174851965,-43.689463800258537,rio de janeiro,16,2308.0700000000002,295.81999999999999,main,mean_repeated,haversine,projected,"postal representative, not individual order address"
23555,-22.91750488776345,-43.69308722014739,rio de janeiro,6,1248.1099999999999,135.50999999999999,main,mean_repeated,haversine,projected,"postal representative, not individual order address"
23560,-22.898979722466947,-43.699308339686013,rio de janeiro,19,3971.1799999999998,343.14999999999998,main,mean_repeated,haversine,projected,"postal representative, not individual order address"
23565,-22.897761741341185,-43.69665951306267,rio de janeiro,2,76.990000000000009,37.640000000000001,main,mean_repeated,haversine,projected,"postal representative, not individual order address"
23570,-22.909310774242133,-43.671119727739992,rio de janeiro,10,1559.8699999999999,223.16999999999999,main,mean_repeated,haversine,projected,"postal representative, not individual order address"
23573,-22.913149027532867,-43.653569673637492,rio de janeiro,5,736.48000000000002,99.390000000000001,main,mean_repeated,haversine,projected,"postal representative, not individual order address"
23575,-22.897989740168889,-43.668559184847297,rio de janeiro,18,1646.1500000000001,352.12,main,mean_repeated,haversine,projected,"postal representative, not individual order address"
23580,-22.911119400069488,-43.622641625227558,rio de janeiro,13,1938.1700000000001,278.05000000000001,main,mean_repeated,haversine,projected,"postal representative, not individual order address"
23585,-22.924510509727508,-43.635297057314219,rio de janeiro,22,2298.4099999999999,401.89999999999998,main,mean_repeated,haversine,projected,"postal representative, not individual order address"
23587,-22.922380751135307,-43.629510536912335,rio de janeiro,18,2743.7600000000002,430.50999999999999,main,mean_repeated,haversine,projected,"postal representative, not individual order address"
23595,-22.926684023236461,-43.629330310698393,rio de janeiro,12,1005.36,221.59,main,mean_repeated,haversine,projected,"postal representative, not individual order address"
23810,-22.870934109341071,-43.769012683026723,itaguai,10,1477.6700000000001,210.63,main,mean_repeated,haversine,projected,"postal representative, not individual order address"
23811,-22.864749343835488,-43.767300984202564,itaguai,5,573.13999999999999,105.33,main,mean_repeated,haversine,projected,"postal representative, not individual order address"
23812,-22.872059666972863,-43.77093362835852,itaguai,5,793.85000000000002,136.33000000000001,main,mean_repeated,haversine,projected,"postal representative, not individual order address"
23815,-22.868670153263292,-43.780139527800472,itaguai,4,995.88,106.03,main,mean_repeated,haversine,projected,"postal representative, not individual order address"
23820,-22.862780471644363,-43.785267628191967,itaguai,4,522.39999999999998,106.66,main,mean_repeated,haversine,projected,"postal representative, not individual order address"
23821,-22.870305329108017,-43.79064137470553,itaguai,1,249.90000000000001,36.880000000000003,main,mean_repeated,haversine,projected,"postal representative, not individual order address"
23822,-22.861638585933974,-43.793426630645442,itaguai,1,247,19.609999999999999,main,mean_repeated,haversine,projected,"postal representative, not individual order address"
23825,-22.885828313712477,-43.827855848193273,itaguai,4,375.05000000000001,52.020000000000003,main,mean_repeated,haversine,projected,"postal representative, not individual order address"
23826,-22.89560484133116,-43.845870263032559,itaguai,4,246.44999999999999,77.390000000000001,main,mean_repeated,haversine,projected,"postal representative, not individual order address"
23830,-22.845867186945199,-43.783333804281916,itaguai,2,258,126.25,main,mean_repeated,haversine,projected,"postal representative, not individual order address"
23831,-22.876635031970025,-43.809851266981823,itaguai,3,234.80000000000001,52.259999999999998,main,mean_repeated,haversine,projected,"postal representative, not individual order address"
23832,-22.855345092989712,-43.765834563284727,itaguai,1,89,15.369999999999999,main,mean_repeated,haversine,projected,"postal representative, not individual order address"
23855,-22.863870769991468,-43.759234267189299,itaguai,2,59.399999999999999,35.020000000000003,main,mean_repeated,haversine,projected,"postal representative, not individual order address"
23890,-22.787688375690134,-43.648901661126068,seropedica,3,218.59999999999999,62.869999999999997,main,mean_repeated,haversine,projected,"postal representative, not individual order address"
23893,-22.71072154468618,-43.691402328602983,seropedica,2,309.89999999999998,43.75,main,mean_repeated,haversine,projected,"postal representative, not individual order address"
23894,-22.74100679492528,-43.699829819938401,seropedica,9,820.26999999999998,181.34999999999999,main,mean_repeated,haversine,projected,"postal representative, not individual order address"
23895,-22.746274001626645,-43.708503424610186,seropedica,9,1833.8099999999999,411.08999999999997,main,mean_repeated,haversine,projected,"postal representative, not individual order address"
23897,-22.792366849451536,-43.662640119980665,seropedica,2,144.97999999999999,33.009999999999998,main,mean_repeated,haversine,projected,"postal representative, not individual order address"
23898,-22.807910816253671,-43.644304412473865,seropedica,8,1063.5899999999999,133.13,main,mean_repeated,haversine,projected,"postal representative, not individual order address"
24020,-22.893701145563103,-43.120417849276677,niteroi,34,10724.530000000001,794.60000000000002,main,mean_repeated,haversine,projected,"postal representative, not individual order address"
24030,-22.888697457782278,-43.11830702093674,niteroi,33,4484.3999999999996,715.04999999999995,main,mean_repeated,haversine,projected,"postal representative, not individual order address"
24040,-22.882735624308985,-43.123496281234743,niteroi,4,439.42000000000002,74.800000000000011,main,mean_repeated,haversine,projected,"postal representative, not individual order address"
24050,-22.875175039858849,-43.109560284753925,niteroi,2,242.90000000000001,50.939999999999998,main,mean_repeated,haversine,projected,"postal representative, not individual order address"
24060,-22.885934196316509,-43.110654370820299,niteroi,9,1055.9400000000001,207.37,main,mean_repeated,haversine,projected,"postal representative, not individual order address"
24070,-22.893486245089811,-43.110890975818059,niteroi,1,56.100000000000001,19.579999999999998,main,mean_repeated,haversine,projected,"postal representative, not individual order address"
24110,-22.867915276400392,-43.09960548772942,niteroi,44,4099.1800000000003,844.68000000000006,main,mean_repeated,haversine,projected,"postal representative, not individual order address"
24111,-22.86398451494475,-43.092523066790811,niteroi,2,74.900000000000006,35.060000000000002,main,mean_repeated,haversine,projected,"postal representative, not individual order address"
24119,-22.863434928462532,-43.097257374031642,niteroi,1,38.899999999999999,15.23,main,mean_repeated,haversine,projected,"postal representative, not individual order address"
24120,-22.88327023685682,-43.092274005588962,niteroi,36,4472.3199999999997,898.24000000000001,main,mean_repeated,haversine,projected,"postal representative, not individual order address"
24130,-22.879226893202649,-43.091571865721441,niteroi,26,3916.8299999999999,574.26999999999998,main,mean_repeated,haversine,projected,"postal representative, not individual order address"
24140,-22.889267493261837,-43.048608858087029,niteroi,6,241.66999999999999,104.78,main,mean_repeated,haversine,projected,"postal representative, not individual order address"
24141,-22.878169157189941,-43.05564163085743,niteroi,4,373.79000000000002,109.26000000000001,main,mean_repeated,haversine,projected,"postal representative, not individual order address"
24210,-22.9019529825833,-43.123884552576321,niteroi,69,7669.0900000000001,1437.52,main,mean_repeated,haversine,projected,"postal representative, not individual order address"
24220,-22.903244816618852,-43.107023598220486,niteroi,115,17242.790000000001,2742.25,main,mean_repeated,haversine,projected,"postal representative, not individual order address"
24230,-22.90630099451813,-43.105973880660926,niteroi,117,17100.689999999999,2802.1999999999998,main,mean_repeated,haversine,projected,"postal representative, not individual order address"
24240,-22.897237232548903,-43.099157564286926,niteroi,59,6874.1499999999996,1447.55,main,mean_repeated,haversine,projected,"postal representative, not individual order address"
24241,-22.904219800443407,-43.09158065028214,niteroi,21,2001.47,365.37,main,mean_repeated,haversine,projected,"postal representative, not individual order address"
24310,-22.9110328213164,-43.067426812379047,niteroi,8,427.54000000000002,154.54999999999998,main,mean_repeated,haversine,projected,"postal representative, not individual order address"
24315,-22.901684792085454,-43.068914960888158,niteroi,22,2712,439.88999999999999,main,mean_repeated,haversine,projected,"postal representative, not individual order address"
24320,-22.902823180776025,-43.050858129377211,niteroi,21,3476.6199999999999,482.55000000000001,main,mean_repeated,haversine,projected,"postal representative, not individual order address"
24322,-22.896323056633179,-43.038457727277269,niteroi,5,543.38999999999999,85.969999999999999,main,mean_repeated,haversine,projected,"postal representative, not individual order address"
24325,-22.882411375017146,-43.023744808929656,niteroi,3,294.88999999999999,99.099999999999994,main,mean_repeated,haversine,projected,"postal representative, not individual order address"
24330,-22.901199547746405,-42.991174595669065,niteroi,9,775,171.03999999999999,main,mean_repeated,haversine,projected,"postal representative, not individual order address"
24340,-22.947654432561997,-43.03365087049761,niteroi,20,2547.8000000000002,471.67000000000002,main,mean_repeated,haversine,projected,"postal representative, not individual order address"
24342,-22.937391616620623,-43.022146384113576,niteroi,21,2043.1199999999999,406.06,main,mean_repeated,haversine,projected,"postal representative, not individual order address"
24344,-22.936859835730829,-43.014915229908233,niteroi,10,2482.9899999999998,294.22000000000003,main,mean_repeated,haversine,projected,"postal representative, not individual order address"
24346,-22.949230362397248,-43.028055208043241,niteroi,12,1772.21,432.31999999999999,main,mean_repeated,haversine,projected,"postal representative, not individual order address"
24348,-22.970402738373885,-43.03213294708582,niteroi,5,414.13999999999999,88.769999999999996,main,mean_repeated,haversine,projected,"postal representative, not individual order address"
24350,-22.940616864219159,-43.065454011123407,niteroi,36,6386.0600000000004,1229.22,main,mean_repeated,haversine,projected,"postal representative, not individual order address"
24355,-22.941155596656401,-43.043134176624925,niteroi,11,1544.7,383.66000000000003,main,mean_repeated,haversine,projected,"postal representative, not individual order address"
24358,-22.954105582144187,-43.068005436171497,niteroi,20,2331.5100000000002,483.82999999999998,main,mean_repeated,haversine,projected,"postal representative, not individual order address"
24360,-22.918111396951545,-43.092141451868933,niteroi,31,4068.8200000000002,920.77999999999997,main,mean_repeated,haversine,projected,"postal representative, not individual order address"
24365,-22.912243204052235,-43.081509330803947,niteroi,3,386.60000000000002,54.689999999999998,main,mean_repeated,haversine,projected,"postal representative, not individual order address"
24370,-22.92466477380604,-43.099869861446081,niteroi,4,2545.9000000000001,105.53,main,mean_repeated,haversine,projected,"postal representative, not individual order address"
24410,-22.859653314312613,-43.080782302039893,sao goncalo,1,179.99000000000001,45.719999999999999,main,mean_repeated,haversine,projected,"postal representative, not individual order address"
24411,-22.857537384723521,-43.081690345407161,sao goncalo,1,79.900000000000006,16.809999999999999,main,mean_repeated,haversine,projected,"postal representative, not individual order address"
24412,-22.847500221583047,-43.075424616515882,sao goncalo,8,1215.77,175.53,main,mean_repeated,haversine,projected,"postal representative, not individual order address"
24415,-22.840857693725681,-43.076235481957823,sao goncalo,8,1171.5799999999999,267.80000000000001,main,mean_repeated,haversine,projected,"postal representative, not individual order address"
24416,-22.840098124434224,-43.067783333874118,sao goncalo,13,1308.23,266.13999999999999,main,mean_repeated,haversine,projected,"postal representative, not individual order address"
24417,-22.845410939224823,-43.050139675781828,sao goncalo,2,328.80000000000001,60.469999999999999,main,mean_repeated,haversine,projected,"postal representative, not individual order address"
24420,-22.835696540771,-43.046659352747774,sao goncalo,2,266.60000000000002,78.97999999999999,main,mean_repeated,haversine,projected,"postal representative, not individual order address"
24421,-22.830656082170719,-43.042041410886767,sao goncalo,8,610.98000000000002,144.78,main,mean_repeated,haversine,projected,"postal representative, not individual order address"
24422,-22.827726551017101,-43.028899045397068,sao goncalo,10,1551.78,191.34,main,mean_repeated,haversine,projected,"postal representative, not individual order address"
24425,-22.852695605444847,-43.090146187278862,sao goncalo,6,316.68000000000001,95.709999999999994,main,mean_repeated,haversine,projected,"postal representative, not individual order address"
24426,-22.840411171156656,-43.086602790464028,sao goncalo,4,620.29999999999995,134.31999999999999,main,mean_repeated,haversine,projected,"postal representative, not individual order address"
24430,-22.830092235510783,-43.085652798523803,sao goncalo,6,456.38999999999999,93.290000000000006,main,mean_repeated,haversine,projected,"postal representative, not individual order address"
24431,-22.828438640757533,-43.080647059029559,sao goncalo,18,2040.3499999999999,324.25999999999999,main,mean_repeated,haversine,projected,"postal representative, not individual order address"
24435,-22.827481947170185,-43.069815234475598,sao goncalo,13,2237.9299999999998,259.01999999999998,main,mean_repeated,haversine,projected,"postal representative, not individual order address"
24436,-22.821247533767679,-43.066948767903845,sao goncalo,10,1290.28,224.06,main,mean_repeated,haversine,projected,"postal representative, not individual order address"
24440,-22.827149190613213,-43.053948141229696,sao goncalo,18,2022.21,450.74000000000001,main,mean_repeated,haversine,projected,"postal representative, not individual order address"
24445,-22.819261693552441,-43.034765203493123,sao goncalo,19,2181.4699999999998,351.5,main,mean_repeated,haversine,projected,"postal representative, not individual order address"
24450,-22.823169080056481,-43.020028236246667,sao goncalo,11,1065.5899999999999,167.62,main,mean_repeated,haversine,projected,"postal representative, not individual order address"
24451,-22.829351276710405,-43.01399541493803,sao goncalo,19,2965.75,581.23000000000002,main,mean_repeated,haversine,projected,"postal representative, not individual order address"
24452,-22.819291471555072,-43.006358383645967,sao goncalo,8,479.19,146.93000000000001,main,mean_repeated,haversine,projected,"postal representative, not individual order address"
24455,-22.808780189018321,-43.025866765128796,sao goncalo,7,966.38,171.54000000000002,main,mean_repeated,haversine,projected,"postal representative, not individual order address"
24456,-22.809295674102732,-43.016040373940605,sao goncalo,8,1221.3199999999999,225.44999999999999,main,mean_repeated,haversine,projected,"postal representative, not individual order address"
24457,-22.806624227141477,-43.012656807667405,sao goncalo,6,1374.1900000000001,186.66999999999999,main,mean_repeated,haversine,projected,"postal representative, not individual order address"
24460,-22.814787634492188,-43.04329935349616,sao goncalo,5,521.59000000000003,119.52,main,mean_repeated,haversine,projected,"postal representative, not individual order address"
24461,-22.803350481704697,-43.035818282243802,sao goncalo,6,469.07999999999998,129.67000000000002,main,mean_repeated,haversine,projected,"postal representative, not individual order address"
24465,-22.81949144895205,-43.055163805708702,sao goncalo,5,312.39999999999998,79.489999999999995,main,mean_repeated,haversine,projected,"postal representative, not individual order address"
24466,-22.811123478295585,-43.062369547929322,sao goncalo,3,228.97999999999999,38.710000000000001,main,mean_repeated,haversine,projected,"postal representative, not individual order address"
24467,-22.805308252046,-43.052647929571229,sao goncalo,2,130.96000000000001,35.420000000000002,main,mean_repeated,haversine,projected,"postal representative, not individual order address"
24470,-22.796290333508669,-43.045313938554123,sao goncalo,1,193.80000000000001,35.859999999999999,main,mean_repeated,haversine,projected,"postal representative, not individual order address"
24471,-22.785600785156785,-43.045936402286863,sao goncalo,2,99.75,56.939999999999998,main,mean_repeated,haversine,projected,"postal representative, not individual order address"
24472,-22.789315227589743,-43.03850388360695,sao goncalo,2,288.80000000000001,39.149999999999999,main,mean_repeated,haversine,projected,"postal representative, not individual order address"
24473,-22.787988229533347,-43.032356249660417,sao goncalo,1,34.979999999999997,28.199999999999999,main,mean_repeated,haversine,projected,"postal representative, not individual order address"
24474,-22.794969261024608,-43.024414346607692,sao goncalo,1,99.900000000000006,15.460000000000001,main,mean_repeated,haversine,projected,"postal representative, not individual order address"
24475,-22.777267778897787,-43.027446308928425,sao goncalo,1,99.989999999999995,16.949999999999999,main,mean_repeated,haversine,projected,"postal representative, not individual order address"
24710,-22.822624306841355,-43.003093742121557,sao goncalo,13,2092.9700000000003,358.44,main,mean_repeated,haversine,projected,"postal representative, not individual order address"
24711,-22.818906926534805,-42.997511962391108,sao goncalo,7,855.56000000000006,142.63,main,mean_repeated,haversine,projected,"postal representative, not individual order address"
24715,-22.802767729766241,-42.990281808664548,sao goncalo,6,878.5,113.62,main,mean_repeated,haversine,projected,"postal representative, not individual order address"
24716,-22.789880594175649,-43.004280479823663,sao goncalo,3,2863.9000000000001,102.5,main,mean_repeated,haversine,projected,"postal representative, not individual order address"
24717,-22.808029904019023,-43.003034002362853,sao goncalo,4,309.69,99.390000000000001,main,mean_repeated,haversine,projected,"postal representative, not individual order address"
24720,-22.813217838338208,-42.987410332223291,sao goncalo,3,207.69,38.630000000000003,main,mean_repeated,haversine,projected,"postal representative, not individual order address"
24721,-22.801495702866447,-42.983908612018652,sao goncalo,1,138,100.56,main,mean_repeated,haversine,projected,"postal representative, not individual order address"
24722,-22.796501747075485,-42.976229884705042,sao goncalo,9,1502.5899999999999,173.56999999999999,main,mean_repeated,haversine,projected,"postal representative, not individual order address"
24723,-22.817623590878529,-42.94676360586466,sao goncalo,5,736.45000000000005,126.84999999999999,main,mean_repeated,haversine,projected,"postal representative, not individual order address"
24724,-22.805769003517707,-42.957267249723628,sao goncalo,4,538.89999999999998,91.849999999999994,main,mean_repeated,haversine,projected,"postal representative, not individual order address"
24725,-22.811456217228336,-42.972208631733523,sao goncalo,4,1169.4000000000001,82.640000000000001,main,mean_repeated,haversine,projected,"postal representative, not individual order address"
24726,-22.788511702760541,-42.958565788861314,sao goncalo,1,151,15.720000000000001,main,mean_repeated,haversine,projected,"postal representative, not individual order address"
24730,-22.829046912919456,-42.987842464439758,sao goncalo,3,437.99000000000001,82.680000000000007,main,mean_repeated,haversine,projected,"postal representative, not individual order address"
24731,-22.822811422053213,-42.986851146506943,sao goncalo,2,320.62,44.270000000000003,main,mean_repeated,haversine,projected,"postal representative, not individual order address"
24732,-22.827064469158785,-42.973897662439498,sao goncalo,3,450.76999999999998,48.409999999999997,main,mean_repeated,haversine,projected,"postal representative, not individual order address"
24734,-22.829471848017025,-42.960756997370602,sao goncalo,1,39.899999999999999,15.789999999999999,main,mean_repeated,haversine,projected,"postal representative, not individual order address"
24735,-22.845883873637536,-42.954263080319819,sao goncalo,1,26.699999999999999,15.109999999999999,main,mean_repeated,haversine,projected,"postal representative, not individual order address"
24736,-22.820033389763783,-42.969922193443765,sao goncalo,5,783.98000000000002,78.109999999999999,main,mean_repeated,haversine,projected,"postal representative, not individual order address"
24737,-22.841623880292818,-42.962313232221362,sao goncalo,1,117.3,22.289999999999999,main,mean_repeated,haversine,projected,"postal representative, not individual order address"
24738,-22.851785749069546,-42.94354284297728,sao goncalo,5,132.06,77.150000000000006,main,mean_repeated,haversine,projected,"postal representative, not individual order address"
24740,-22.832952987571836,-42.997246745756541,sao goncalo,2,168.99000000000001,32.5,main,mean_repeated,haversine,projected,"postal representative, not individual order address"
24742,-22.838766642599392,-43.003795231731353,sao goncalo,4,448.29000000000002,56.130000000000003,main,mean_repeated,haversine,projected,"postal representative, not individual order address"
24743,-22.845998417596405,-42.997067589219292,sao goncalo,7,484.85000000000002,168.22,main,mean_repeated,haversine,projected,"postal representative, not individual order address"
24744,-22.84230016004733,-43.012143227734782,sao goncalo,9,1463.3699999999999,226.53999999999999,main,mean_repeated,haversine,projected,"postal representative, not individual order address"
24745,-22.852801036751849,-43.004543970992522,sao goncalo,5,328.76999999999998,106.42,main,mean_repeated,haversine,projected,"postal representative, not individual order address"
24746,-22.839067007882178,-42.98789279135017,sao goncalo,2,121.90000000000001,32.730000000000004,main,mean_repeated,haversine,projected,"postal representative, not individual order address"
24750,-22.854636691924167,-43.022584373038818,sao goncalo,7,802.17000000000007,133.46000000000001,main,mean_repeated,haversine,projected,"postal representative, not individual order address"
24751,-22.867825487785609,-43.002749069555286,sao goncalo,10,1346.01,208.28,main,mean_repeated,haversine,projected,"postal representative, not individual order address"
24752,-22.882259138501706,-42.984361728672162,sao goncalo,4,846.88999999999999,51.859999999999999,main,mean_repeated,haversine,projected,"postal representative, not individual order address"
24753,-22.886287014367561,-42.991668658966553,sao goncalo,2,409.7000000000001,84.699999999999989,main,mean_repeated,haversine,projected,"postal representative, not individual order address"
24754,-22.872354587681084,-43.027432812835386,sao goncalo,6,423.69,120.64,main,mean_repeated,haversine,projected,"postal representative, not individual order address"
24755,-22.85926645726612,-43.015307855881765,sao goncalo,1,20.899999999999999,15.1,main,mean_repeated,haversine,projected,"postal representative, not individual order address"
24756,-22.885933394996819,-43.011983104667294,sao goncalo,10,1781.8800000000001,224.75,main,mean_repeated,haversine,projected,"postal representative, not individual order address"
24800,-22.742481293107708,-42.857210752586653,itaborai,10,1027.8900000000001,195.81999999999999,main,mean_repeated,haversine,projected,"postal representative, not individual order address"
24801,-22.7395793666599,-42.84701335677763,itaborai,2,254.97999999999999,41.359999999999999,main,mean_repeated,haversine,projected,"postal representative, not individual order address"
24802,-22.729006918491564,-42.834668358766947,itaborai,1,199,21.66,main,mean_repeated,haversine,projected,"postal representative, not individual order address"
24804,-22.747090526611107,-42.843422107374529,itaborai,3,269.70000000000005,59.760000000000005,main,mean_repeated,haversine,projected,"postal representative, not individual order address"
24805,-22.735331489397929,-42.838837742593363,itaborai,1,53.899999999999999,22.960000000000001,main,mean_repeated,haversine,projected,"postal representative, not individual order address"
24808,-22.756776234305871,-42.855419742696405,itaborai,12,1489.52,289.06,main,mean_repeated,haversine,projected,"postal representative, not individual order address"
24812,-22.750196280856521,-42.871877166032107,itaborai,6,1169.7,194.99000000000001,main,mean_repeated,haversine,projected,"postal representative, not individual order address"
24813,-22.754117583287929,-42.888835530246112,itaborai,1,260,37.420000000000002,main,mean_repeated,haversine,projected,"postal representative, not individual order address"
24830,-22.7113078008679,-42.873314253166519,itaborai,1,45.899999999999999,15.56,main,mean_repeated,haversine,projected,"postal representative, not individual order address"
24846,-22.715385583988368,-42.806385841320242,itaborai,2,153.80000000000001,30.579999999999998,main,mean_repeated,haversine,projected,"postal representative, not individual order address"
24855,-22.773459679480904,-42.915654417718251,itaborai,3,485.88,69.329999999999998,main,mean_repeated,haversine,projected,"postal representative, not individual order address"
24856,-22.758079138566369,-42.910633112062342,itaborai,1,145,15.76,main,mean_repeated,haversine,projected,"postal representative, not individual order address"
24858,-22.77209935726771,-42.922643079861238,itaborai,6,512.77999999999997,120.95,main,mean_repeated,haversine,projected,"postal representative, not individual order address"
24859,-22.773402305585869,-42.909847666208258,itaborai,2,57.899999999999999,38.850000000000001,main,mean_repeated,haversine,projected,"postal representative, not individual order address"
24866,-22.733731178875288,-42.932765307343267,itaborai,2,95.900000000000006,33.520000000000003,main,mean_repeated,haversine,projected,"postal representative, not individual order address"
24876,-22.712534243538499,-42.895404731116521,itaborai,3,334,39.740000000000002,main,mean_repeated,haversine,projected,"postal representative, not individual order address"
24890,-22.735218709428018,-42.727847609078914,tangua,6,504.88,131.16,main,mean_repeated,haversine,projected,"postal representative, not individual order address"
24900,-22.919618105516072,-42.839789575585328,marica,14,2316.0799999999999,252.06999999999999,main,mean_repeated,haversine,projected,"postal representative, not individual order address"
24901,-22.923608277456783,-42.819857098378939,marica,7,842.16999999999996,123.89,main,mean_repeated,haversine,projected,"postal representative, not individual order address"
24902,-22.927005350316222,-42.8293157127626,marica,2,187.80000000000001,26.940000000000001,main,mean_repeated,haversine,projected,"postal representative, not individual order address"
24903,-22.911669634752158,-42.806097314721583,marica,6,365.95999999999998,150.5,main,mean_repeated,haversine,projected,"postal representative, not individual order address"
24904,-22.910596890425232,-42.81704615497582,marica,3,301.14999999999998,46.210000000000001,main,mean_repeated,haversine,projected,"postal representative, not individual order address"
24905,-22.934535219557365,-42.911752855372335,marica,6,430.05000000000001,131.91,main,mean_repeated,haversine,projected,"postal representative, not individual order address"
24910,-22.895953023136546,-42.842433287763029,marica,1,9.9000000000000004,15.23,main,mean_repeated,haversine,projected,"postal representative, not individual order address"
24912,-22.911125479829508,-42.833775639475682,marica,6,792.43999999999994,164.97,main,mean_repeated,haversine,projected,"postal representative, not individual order address"
24913,-22.914282966536831,-42.834563323886449,marica,6,828.97000000000003,102.88,main,mean_repeated,haversine,projected,"postal representative, not individual order address"
24914,-22.923453985690251,-42.857602477494893,marica,7,646.25,171.55000000000001,main,mean_repeated,haversine,projected,"postal representative, not individual order address"
24915,-22.955984494690547,-42.807615378557848,marica,3,326.70000000000005,89.650000000000006,main,mean_repeated,haversine,projected,"postal representative, not individual order address"
24916,-22.944576333355769,-42.828441291136642,marica,2,265.99000000000001,43.799999999999997,main,mean_repeated,haversine,projected,"postal representative, not individual order address"
24921,-22.952609817601481,-42.808872638137295,marica,1,95.900000000000006,22.989999999999998,main,mean_repeated,haversine,projected,"postal representative, not individual order address"
24922,-22.948565702905171,-42.703432366189951,marica,2,78.900000000000006,30.700000000000003,main,mean_repeated,haversine,projected,"postal representative, not individual order address"
24930,-22.926107752919268,-42.898503563712787,marica,4,387.58999999999997,79.599999999999994,main,mean_repeated,haversine,projected,"postal representative, not individual order address"
24931,-22.934648949993939,-42.882280441873341,marica,9,1258.29,235.18000000000001,main,mean_repeated,haversine,projected,"postal representative, not individual order address"
24933,-22.956592971962401,-42.883494377075493,marica,8,615.57000000000005,182.63,main,mean_repeated,haversine,projected,"postal representative, not individual order address"
24934,-22.946221164792775,-42.886459517240688,marica,3,698.74000000000001,73.759999999999991,main,mean_repeated,haversine,projected,"postal representative, not individual order address"
24935,-22.950970620400131,-42.946833410618709,marica,6,691.60000000000002,118.01000000000001,main,mean_repeated,haversine,projected,"postal representative, not individual order address"
24936,-22.954278207609654,-42.967118947552237,marica,16,2305.71,344.86000000000001,main,mean_repeated,haversine,projected,"postal representative, not individual order address"
24937,-22.95115200845083,-42.993761275532258,marica,2,269.98000000000002,30.539999999999999,main,mean_repeated,haversine,projected,"postal representative, not individual order address"
24940,-22.92600502136488,-42.940013982950965,marica,2,254,69.689999999999998,main,mean_repeated,haversine,projected,"postal representative, not individual order address"
24941,-22.9132211037494,-42.837959070033513,marica,2,179.88999999999999,19.210000000000001,main,mean_repeated,haversine,projected,"postal representative, not individual order address"
24942,-22.93102569180272,-42.922721144867907,marica,5,378.47000000000003,78.97999999999999,main,mean_repeated,haversine,projected,"postal representative, not individual order address"
24943,-22.909483056983007,-42.925826800048561,marica,5,407.86000000000001,113.56999999999999,main,mean_repeated,haversine,projected,"postal representative, not individual order address"
24944,-22.895520218492944,-42.936940669865521,marica,5,280.30000000000001,84.590000000000003,main,mean_repeated,haversine,projected,"postal representative, not individual order address"
25010,-22.79046925687479,-43.314814527858189,duque de caxias,3,434.30000000000001,129,main,mean_repeated,haversine,projected,"postal representative, not individual order address"
25015,-22.780222493712092,-43.316605416788683,duque de caxias,9,951.16999999999996,212.50999999999999,main,mean_repeated,haversine,projected,"postal representative, not individual order address"
25020,-22.778944166984587,-43.308623507384873,duque de caxias,5,623.54999999999995,121.73999999999999,main,mean_repeated,haversine,projected,"postal representative, not individual order address"
25025,-22.784562657000588,-43.323136091968102,duque de caxias,5,335.63,81.790000000000006,main,mean_repeated,haversine,projected,"postal representative, not individual order address"
25030,-22.773521419193798,-43.311396817507145,duque de caxias,1,89.989999999999995,17.879999999999999,main,mean_repeated,haversine,projected,"postal representative, not individual order address"
25035,-22.755338688692213,-43.308531682770784,duque de caxias,14,1404.55,386.23000000000002,main,mean_repeated,haversine,projected,"postal representative, not individual order address"
25036,-22.749595823587462,-43.316204756652816,duque de caxias,4,839.88999999999999,67.539999999999992,main,mean_repeated,haversine,projected,"postal representative, not individual order address"
25040,-22.740900636540442,-43.315467160300173,duque de caxias,9,552.29999999999995,144.53,main,mean_repeated,haversine,projected,"postal representative, not individual order address"
25041,-22.735780833638291,-43.318127617232243,duque de caxias,4,484.63,81.230000000000004,main,mean_repeated,haversine,projected,"postal representative, not individual order address"
25042,-22.735919924749759,-43.311936045999502,duque de caxias,1,299.99000000000001,24.969999999999999,main,mean_repeated,haversine,projected,"postal representative, not individual order address"
25045,-22.722818281793867,-43.313915779667397,duque de caxias,6,404.27999999999997,111.91,main,mean_repeated,haversine,projected,"postal representative, not individual order address"
25046,-22.72351123290818,-43.321486428837893,duque de caxias,6,1793.04,201.38,main,mean_repeated,haversine,projected,"postal representative, not individual order address"
25050,-22.753304486524154,-43.296996422941049,duque de caxias,3,264.80000000000001,50.079999999999998,main,mean_repeated,haversine,projected,"postal representative, not individual order address"
25051,-22.761267896992525,-43.29298558604593,duque de caxias,2,88.969999999999999,30.57,main,mean_repeated,haversine,projected,"postal representative, not individual order address"
25055,-22.75739662652191,-43.281669130094421,duque de caxias,4,608.69000000000005,91.519999999999996,main,mean_repeated,haversine,projected,"postal representative, not individual order address"
25060,-22.764057590112579,-43.300413100636852,duque de caxias,12,1637.9400000000001,245.94,main,mean_repeated,haversine,projected,"postal representative, not individual order address"
25065,-22.757407793084699,-43.286870725736762,duque de caxias,9,1005.27,165.84,main,mean_repeated,haversine,projected,"postal representative, not individual order address"
25070,-22.780162791974309,-43.304303646717109,duque de caxias,15,2836.5500000000002,342.06,main,mean_repeated,haversine,projected,"postal representative, not individual order address"
25071,-22.785406920932921,-43.301837011358415,duque de caxias,2,128.78,110.98,main,mean_repeated,haversine,projected,"postal representative, not individual order address"
25075,-22.774125027079162,-43.290926580556622,duque de caxias,3,403.89999999999998,27.149999999999999,main,mean_repeated,haversine,projected,"postal representative, not individual order address"
25080,-22.759685746162333,-43.29297061113347,duque de caxias,3,295.63999999999999,63.719999999999999,main,mean_repeated,haversine,projected,"postal representative, not individual order address"
25085,-22.79583417251553,-43.291526151554045,duque de caxias,1,259,16.690000000000001,main,mean_repeated,haversine,projected,"postal representative, not individual order address"
25086,-22.754121943948885,-43.286471512079238,duque de caxias,2,139.78999999999999,49.490000000000002,main,mean_repeated,haversine,projected,"postal representative, not individual order address"
25211,-22.670668086334341,-43.262555633319188,duque de caxias,3,649.89999999999998,94.620000000000005,main,mean_repeated,haversine,projected,"postal representative, not individual order address"
25212,-22.676473601000435,-43.257020025423323,duque de caxias,9,1436.97,288.00999999999999,main,mean_repeated,haversine,projected,"postal representative, not individual order address"
25213,-22.674910716721801,-43.276200370155472,duque de caxias,8,2626.2600000000002,187.72,main,mean_repeated,haversine,projected,"postal representative, not individual order address"
25214,-22.689731933072384,-43.266369553044569,duque de caxias,6,748.43000000000006,115.28,main,mean_repeated,haversine,projected,"postal representative, not individual order address"
25215,-22.682590790490558,-43.274041356998723,duque de caxias,4,199.72,92.260000000000005,main,mean_repeated,haversine,projected,"postal representative, not individual order address"
25220,-22.685430142678285,-43.246655392379651,duque de caxias,4,353.45000000000005,64.159999999999997,main,mean_repeated,haversine,projected,"postal representative, not individual order address"
25223,-22.683322481003053,-43.253953594704178,duque de caxias,2,118.98999999999999,34.240000000000002,main,mean_repeated,haversine,projected,"postal representative, not individual order address"
25225,-22.696323342560508,-43.271184575072574,duque de caxias,3,251.88,74.930000000000007,main,mean_repeated,haversine,projected,"postal representative, not individual order address"
25230,-22.689741624685315,-43.282688693012403,duque de caxias,1,29.899999999999999,18.309999999999999,main,mean_repeated,haversine,projected,"postal representative, not individual order address"
25231,-22.683563816603137,-43.299068966522881,duque de caxias,1,227.90000000000001,16.48,main,mean_repeated,haversine,projected,"postal representative, not individual order address"
25233,-22.70350739511343,-43.29957916081139,duque de caxias,4,912.04999999999995,112.23999999999999,main,mean_repeated,haversine,projected,"postal representative, not individual order address"
25235,-22.702864372205049,-43.316000177534633,duque de caxias,3,527.89999999999998,63.539999999999999,main,mean_repeated,haversine,projected,"postal representative, not individual order address"
25237,-22.753574853365865,-43.305893071458286,duque de caxias,1,49.899999999999999,18,main,mean_repeated,haversine,projected,"postal representative, not individual order address"
25240,-22.645633194906285,-43.28709135535513,duque de caxias,9,854.26999999999998,155.09,main,mean_repeated,haversine,projected,"postal representative, not individual order address"
25241,-22.571207999999999,-43.312684499999982,duque de caxias,1,59.990000000000002,16.18,main,mean_repeated,haversine,projected,"postal representative, not individual order address"
25243,-22.659524930411084,-43.296332311051046,duque de caxias,2,154.90000000000001,24.079999999999998,main,mean_repeated,haversine,projected,"postal representative, not individual order address"
25245,-22.59128608480469,-43.312298090959736,duque de caxias,4,1164.3900000000001,183.36000000000001,main,mean_repeated,haversine,projected,"postal representative, not individual order address"
25250,-22.607286064343828,-43.298574737764874,duque de caxias,13,1324.26,320.50999999999999,main,mean_repeated,haversine,projected,"postal representative, not individual order address"
25251,-22.654106039654451,-43.277992730628633,duque de caxias,3,234.84999999999999,48.420000000000002,main,mean_repeated,haversine,projected,"postal representative, not individual order address"
25253,-22.612060153892077,-43.281852768907513,duque de caxias,2,96,45.620000000000005,main,mean_repeated,haversine,projected,"postal representative, not individual order address"
25255,-22.644539050348147,-43.278601939181407,duque de caxias,9,663.68999999999994,140.77000000000001,main,mean_repeated,haversine,projected,"postal representative, not individual order address"
25260,-22.653627376975511,-43.275889670989692,duque de caxias,3,414.80000000000001,52.689999999999998,main,mean_repeated,haversine,projected,"postal representative, not individual order address"
25261,-22.645303761933238,-43.262033726166649,duque de caxias,6,316.48000000000002,128.69,main,mean_repeated,haversine,projected,"postal representative, not individual order address"
25264,-22.645201067414959,-43.237366878456768,duque de caxias,4,279.77999999999997,73.969999999999999,main,mean_repeated,haversine,projected,"postal representative, not individual order address"
25265,-22.649550626444302,-43.230341289921753,duque de caxias,1,149.99000000000001,40.380000000000003,main,mean_repeated,haversine,projected,"postal representative, not individual order address"
25266,-22.638767280531919,-43.221818437289699,duque de caxias,4,668.70000000000005,86.510000000000005,main,mean_repeated,haversine,projected,"postal representative, not individual order address"
25267,-22.635170838590319,-43.247353281542843,duque de caxias,2,689.20000000000005,58.159999999999997,main,mean_repeated,haversine,projected,"postal representative, not individual order address"
25268,-22.652696249418973,-43.276125649861299,duque de caxias,5,531.85000000000002,130.26999999999998,main,mean_repeated,haversine,projected,"postal representative, not individual order address"
25270,-22.623874594466177,-43.23981472381287,duque de caxias,1,19,15.23,main,mean_repeated,haversine,projected,"postal representative, not individual order address"
25271,-22.637461139414111,-43.226175805870213,duque de caxias,5,422.38,76.129999999999995,main,mean_repeated,haversine,projected,"postal representative, not individual order address"
25272,-22.624259148936218,-43.216521289568647,duque de caxias,1,319,16.98,main,mean_repeated,haversine,projected,"postal representative, not individual order address"
25275,-22.638877758918369,-43.22692540844416,duque de caxias,3,389.80000000000001,69.430000000000007,main,mean_repeated,haversine,projected,"postal representative, not individual order address"
25510,-22.790646777654263,-43.375643445446975,sao joao de meriti,14,1946.6500000000001,378.12,main,mean_repeated,haversine,projected,"postal representative, not individual order address"
25515,-22.797656057495281,-43.364274956523175,sao joao de meriti,15,2308.8800000000001,333.18000000000001,main,mean_repeated,haversine,projected,"postal representative, not individual order address"
25520,-22.803670156230325,-43.375461938236299,sao joao de meriti,14,2559.5799999999999,378.49000000000001,main,mean_repeated,haversine,projected,"postal representative, not individual order address"
25525,-22.79612913604517,-43.382751851825837,sao joao de meriti,9,1097.5899999999999,177.07999999999998,main,mean_repeated,haversine,projected,"postal representative, not individual order address"
25530,-22.805973412779871,-43.390364817385397,sao joao de meriti,2,116.89,38.189999999999998,main,mean_repeated,haversine,projected,"postal representative, not individual order address"
25535,-22.791159022004333,-43.402610924568137,sao joao de meriti,1,179.99000000000001,40.590000000000003,main,mean_repeated,haversine,projected,"postal representative, not individual order address"
25540,-22.784015528679777,-43.397032325290752,sao joao de meriti,5,518.60000000000002,107.95999999999999,main,mean_repeated,haversine,projected,"postal representative, not individual order address"
25545,-22.788068271999396,-43.387247398448267,sao joao de meriti,4,584.89999999999998,92.120000000000005,main,mean_repeated,haversine,projected,"postal representative, not individual order address"
25550,-22.775193331957858,-43.382929842060825,sao joao de meriti,10,1978.49,254.06999999999999,main,mean_repeated,haversine,projected,"postal representative, not individual order address"
25555,-22.781300436581091,-43.370408438859343,sao joao de meriti,9,945.08000000000004,234.62,main,mean_repeated,haversine,projected,"postal representative, not individual order address"
25560,-22.770034075258486,-43.369861928955721,sao joao de meriti,4,710.94000000000005,72.370000000000005,main,mean_repeated,haversine,projected,"postal representative, not individual order address"
25561,-22.773277275010969,-43.36365900401443,sao joao de meriti,4,422.63,200.86000000000001,main,mean_repeated,haversine,projected,"postal representative, not individual order address"
25565,-22.78315358395092,-43.359790035626119,sao joao de meriti,5,598.78999999999996,63.939999999999998,main,mean_repeated,haversine,projected,"postal representative, not individual order address"
25570,-22.767755472400367,-43.351648773854414,sao joao de meriti,5,1388.79,107.51000000000001,main,mean_repeated,haversine,projected,"postal representative, not individual order address"
25571,-22.764428655824528,-43.34634958376359,sao joao de meriti,4,540.88999999999999,62.340000000000003,main,mean_repeated,haversine,projected,"postal representative, not individual order address"
25575,-22.770524738786182,-43.340870583682488,sao joao de meriti,2,219.97,76.730000000000004,main,mean_repeated,haversine,projected,"postal representative, not individual order address"
25576,-22.778287142653923,-43.352244107368122,sao joao de meriti,3,339.5,67.25,main,mean_repeated,haversine,projected,"postal representative, not individual order address"
25580,-22.783351382978879,-43.341241458502878,sao joao de meriti,3,226.80000000000001,51.020000000000003,main,mean_repeated,haversine,projected,"postal representative, not individual order address"
25581,-22.788457368960326,-43.347097775328287,sao joao de meriti,2,270.69999999999999,101.66,main,mean_repeated,haversine,projected,"postal representative, not individual order address"
25585,-22.793673546420191,-43.33816809639405,sao joao de meriti,9,821.89999999999998,167.06,main,mean_repeated,haversine,projected,"postal representative, not individual order address"
25610,-22.50218363248224,-43.16843451995522,petropolis,4,784.57999999999993,109.34999999999999,main,mean_repeated,haversine,projected,"postal representative, not individual order address"
25615,-22.496114223843747,-43.156204439943217,petropolis,9,2496.5300000000002,296.70000000000005,main,mean_repeated,haversine,projected,"postal representative, not individual order address"
25620,-22.510230788197468,-43.175443874455112,petropolis,14,1920.3800000000001,403.77999999999997,main,mean_repeated,haversine,projected,"postal representative, not individual order address"
25625,-22.515824878742336,-43.171367156937983,petropolis,3,193.99000000000001,52.060000000000002,main,mean_repeated,haversine,projected,"postal representative, not individual order address"
25630,-22.524247894681281,-43.161617138310994,petropolis,3,239.22000000000003,74.349999999999994,main,mean_repeated,haversine,projected,"postal representative, not individual order address"
25635,-22.529027105018844,-43.176611016577567,petropolis,13,1790.3800000000001,316.24000000000001,main,mean_repeated,haversine,projected,"postal representative, not individual order address"
25640,-22.52279907282805,-43.183566224490704,petropolis,7,563.68000000000006,149.13,main,mean_repeated,haversine,projected,"postal representative, not individual order address"
25645,-22.54079651100627,-43.20123507158808,petropolis,6,586.78999999999996,119.15000000000001,main,mean_repeated,haversine,projected,"postal representative, not individual order address"
25650,-22.531038247576937,-43.212309414991445,petropolis,10,1438.0799999999999,218.05000000000001,main,mean_repeated,haversine,projected,"postal representative, not individual order address"
25651,-22.524744277401208,-43.211603579902558,petropolis,10,2676.5700000000002,201.33000000000001,main,mean_repeated,haversine,projected,"postal representative, not individual order address"
25655,-22.520449848823919,-43.191012345952807,petropolis,20,3301.5599999999999,682.18000000000006,main,mean_repeated,haversine,projected,"postal representative, not individual order address"
25660,-22.512038240121388,-43.204725857599762,petropolis,8,456.75,130.77000000000001,main,mean_repeated,haversine,projected,"postal representative, not individual order address"
25665,-22.509186267903694,-43.219827486060126,petropolis,16,2453.9000000000001,373.52999999999997,main,mean_repeated,haversine,projected,"postal representative, not individual order address"
25670,-22.489507019910214,-43.210414436144696,petropolis,1,103.90000000000001,16.32,main,mean_repeated,haversine,projected,"postal representative, not individual order address"
25675,-22.49698456394848,-43.200607288129071,petropolis,6,1020.77,149.84,main,mean_repeated,haversine,projected,"postal representative, not individual order address"
25680,-22.489637241978969,-43.18376265001703,petropolis,12,1880.45,494.18000000000001,main,mean_repeated,haversine,projected,"postal representative, not individual order address"
25685,-22.508131637080279,-43.181414687516991,petropolis,9,647.67999999999995,192.5,main,mean_repeated,haversine,projected,"postal representative, not individual order address"
25710,-22.475562635890437,-43.148370152985294,petropolis,16,2736.4000000000001,646.96000000000004,main,mean_repeated,haversine,projected,"postal representative, not individual order address"
25715,-22.471509664534061,-43.162027763887501,petropolis,6,572.79999999999995,97.590000000000003,main,mean_repeated,haversine,projected,"postal representative, not individual order address"
25720,-22.432229262800231,-43.14086038411682,petropolis,15,1427.6600000000001,263.66000000000003,main,mean_repeated,haversine,projected,"postal representative, not individual order address"
25725,-22.427894024726776,-43.201389799035411,petropolis,3,345.88999999999999,55.439999999999998,main,mean_repeated,haversine,projected,"postal representative, not individual order address"
25730,-22.408608081087024,-43.13140914649253,petropolis,18,2144.8200000000002,552.5,main,mean_repeated,haversine,projected,"postal representative, not individual order address"
25740,-22.374645351841945,-43.12909370218015,petropolis,4,350.20000000000005,103.3,main,mean_repeated,haversine,projected,"postal representative, not individual order address"
25745,-22.3915193770552,-43.108293587495467,petropolis,6,538.42999999999995,135.37,main,mean_repeated,haversine,projected,"postal representative, not individual order address"
25750,-22.338529289758171,-43.128998839499978,petropolis,10,1118.48,243.37,main,mean_repeated,haversine,projected,"postal representative, not individual order address"
25770,-22.268892739670068,-43.076812591215528,petropolis,5,457.79000000000002,154.81,main,mean_repeated,haversine,projected,"postal representative, not individual order address"
25900,-22.651419516496585,-43.066557876304017,mage,18,1902.22,408.58999999999997,main,mean_repeated,haversine,projected,"postal representative, not individual order address"
25901,-22.648338600540264,-43.058343791785497,mage,9,1310.8699999999999,168.63,main,mean_repeated,haversine,projected,"postal representative, not individual order address"
25902,-22.659545742262249,-43.116827376350194,mage,1,146,29.359999999999999,main,mean_repeated,haversine,projected,"postal representative, not individual order address"
25903,-22.641865834980965,-43.072452083091761,mage,3,289.88,49.100000000000001,main,mean_repeated,haversine,projected,"postal representative, not individual order address"
25904,-22.65181465633809,-43.053612610253388,mage,1,1499.99,21.760000000000002,main,mean_repeated,haversine,projected,"postal representative, not individual order address"
25905,-22.661390928999936,-43.035250835999932,mage,2,204.75000000000003,71.469999999999999,main,mean_repeated,haversine,projected,"postal representative, not individual order address"
25907,-22.638554401976752,-43.160001845625231,mage,1,3.54,14.1,main,mean_repeated,haversine,projected,"postal representative, not individual order address"
25908,-22.658156067160739,-43.119026743702392,mage,2,327.88999999999999,37.350000000000001,main,mean_repeated,haversine,projected,"postal representative, not individual order address"
25911,-22.559072088152679,-43.044923138517305,mage,4,526.49000000000001,131.56999999999999,main,mean_repeated,haversine,projected,"postal representative, not individual order address"
25912,-22.570194038428859,-43.058745435694526,mage,1,64.989999999999995,27.510000000000002,main,mean_repeated,haversine,projected,"postal representative, not individual order address"
25914,-22.593812812478522,-43.069302842831512,mage,3,203.80000000000001,73.780000000000001,main,mean_repeated,haversine,projected,"postal representative, not individual order address"
25921,-22.652535770322199,-43.126501008054831,mage,1,257.89999999999998,16.91,main,mean_repeated,haversine,projected,"postal representative, not individual order address"
25922,-22.660038630593512,-43.134788547176399,mage,6,602.49000000000001,134.80000000000001,main,mean_repeated,haversine,projected,"postal representative, not individual order address"
25925,-22.693682771791408,-43.109792735724447,mage,2,174.99000000000001,30.579999999999998,main,mean_repeated,haversine,projected,"postal representative, not individual order address"
25926,-22.701423952234322,-43.15952521180791,mage,9,1116.8,259.75999999999999,main,mean_repeated,haversine,projected,"postal representative, not individual order address"
25928,-22.636016818226441,-43.025343316185079,mage,1,379.80000000000001,38.420000000000002,main,mean_repeated,haversine,projected,"postal representative, not individual order address"
25930,-22.683584670464089,-43.160534715770886,mage,1,89.900000000000006,16.390000000000001,main,mean_repeated,haversine,projected,"postal representative, not individual order address"
25931,-22.615268497162027,-43.171211569125255,mage,12,1602.95,389.10000000000002,main,mean_repeated,haversine,projected,"postal representative, not individual order address"
25932,-22.606414625881992,-43.164799174042876,mage,1,29.5,19.84,main,mean_repeated,haversine,projected,"postal representative, not individual order address"
25933,-22.589725437213616,-43.183813096916438,mage,4,745.78999999999996,78.259999999999991,main,mean_repeated,haversine,projected,"postal representative, not individual order address"
25935,-22.615933155012947,-43.179757198303761,mage,15,1657.6199999999999,241.65000000000001,main,mean_repeated,haversine,projected,"postal representative, not individual order address"
25936,-22.62086490867415,-43.192037876859409,mage,2,102,38.979999999999997,main,mean_repeated,haversine,projected,"postal representative, not individual order address"
25937,-22.643738283493992,-43.182944105487344,mage,2,258.89999999999998,41.340000000000003,main,mean_repeated,haversine,projected,"postal representative, not individual order address"
25938,-22.6545713161462,-43.203331798913311,mage,3,670.20000000000005,61.770000000000003,main,mean_repeated,haversine,projected,"postal representative, not individual order address"
25940,-22.617931893774944,-43.004128796027729,guapimirim,4,527.70000000000005,116.40000000000001,main,mean_repeated,haversine,projected,"postal representative, not individual order address"
25943,-22.551014931094279,-42.984420499067163,guapimirim,3,129.90000000000001,47.219999999999999,main,mean_repeated,haversine,projected,"postal representative, not individual order address"
25945,-22.528934117386001,-42.98544280263765,guapimirim,1,124.98999999999999,14.619999999999999,main,mean_repeated,haversine,projected,"postal representative, not individual order address"
25946,-22.527718078493137,-42.978266279510713,guapimirim,11,1815.77,266.41000000000003,main,mean_repeated,haversine,projected,"postal representative, not individual order address"
25949,-22.514546657287841,-42.969027506777337,guapimirim,2,368.89999999999998,35.079999999999998,main,mean_repeated,haversine,projected,"postal representative, not individual order address"
26010,-22.755106324412701,-43.428583345303572,nova iguacu,13,1374.9300000000001,336.53000000000003,main,mean_repeated,haversine,projected,"postal representative, not individual order address"
26011,-22.748785105742307,-43.431681071360487,nova iguacu,9,1347.6600000000001,238.13,main,mean_repeated,haversine,projected,"postal representative, not individual order address"
26012,-22.739120145317514,-43.438923776976765,nova iguacu,9,836.70000000000005,173.09999999999999,main,mean_repeated,haversine,projected,"postal representative, not individual order address"
26013,-22.745675146224823,-43.443888027884469,nova iguacu,13,1767.75,299.43000000000001,main,mean_repeated,haversine,projected,"postal representative, not individual order address"
26015,-22.74498697417717,-43.439114856226183,nova iguacu,7,453.85000000000002,155.03,main,mean_repeated,haversine,projected,"postal representative, not individual order address"
26020,-22.733077865046631,-43.449613878629101,nova iguacu,14,1474.25,265.17000000000002,main,mean_repeated,haversine,projected,"postal representative, not individual order address"
26021,-22.726520341234501,-43.439635385737738,nova iguacu,5,570.88999999999999,157.96000000000001,main,mean_repeated,haversine,projected,"postal representative, not individual order address"
26022,-22.732232372714961,-43.460676715526674,nova iguacu,10,1023.6799999999999,227.59,main,mean_repeated,haversine,projected,"postal representative, not individual order address"
26023,-22.718454478738639,-43.453330066166757,nova iguacu,1,129.34,21.399999999999999,main,mean_repeated,haversine,projected,"postal representative, not individual order address"
26030,-22.729277662911588,-43.463225454338463,nova iguacu,9,1362.0799999999999,183.65000000000001,main,mean_repeated,haversine,projected,"postal representative, not individual order address"
26031,-22.733144913944965,-43.47564299726109,nova iguacu,4,339.29000000000002,82.650000000000006,main,mean_repeated,haversine,projected,"postal representative, not individual order address"
26032,-22.73116848461293,-43.479697194515502,nova iguacu,5,382.69,84.939999999999998,main,mean_repeated,haversine,projected,"postal representative, not individual order address"
26033,-22.722956089481777,-43.461898709306702,nova iguacu,1,29,14.52,main,mean_repeated,haversine,projected,"postal representative, not individual order address"
26035,-22.722779553030239,-43.466455196482059,nova iguacu,1,98,37.259999999999998,main,mean_repeated,haversine,projected,"postal representative, not individual order address"
26040,-22.715476981048564,-43.454974465060722,nova iguacu,5,659.39999999999998,115.36,main,mean_repeated,haversine,projected,"postal representative, not individual order address"
26041,-22.709788663568432,-43.465657949741065,nova iguacu,9,478.73000000000002,168.22999999999999,main,mean_repeated,haversine,projected,"postal representative, not individual order address"
26042,-22.708401272321503,-43.47914027612773,nova iguacu,1,179,9.1999999999999993,main,mean_repeated,haversine,projected,"postal representative, not individual order address"
26050,-22.692333946397017,-43.4678329284204,nova iguacu,4,370.58999999999997,85.260000000000005,main,mean_repeated,haversine,projected,"postal representative, not individual order address"
26051,-22.693709309049851,-43.455693673095773,nova iguacu,6,353.45999999999998,166.91999999999999,main,mean_repeated,haversine,projected,"postal representative, not individual order address"
26052,-22.682661738953115,-43.447634264474111,nova iguacu,7,912.52999999999997,204.37,main,mean_repeated,haversine,projected,"postal representative, not individual order address"
26053,-22.676424784708487,-43.465148371187908,nova iguacu,2,271.99000000000001,49.420000000000002,main,mean_repeated,haversine,projected,"postal representative, not individual order address"
26060,-22.70596026208645,-43.444260934796837,nova iguacu,6,722.87,123.06999999999999,main,mean_repeated,haversine,projected,"postal representative, not individual order address"
26062,-22.663299180487801,-43.421906498879927,nova iguacu,1,134.90000000000001,23.809999999999999,main,mean_repeated,haversine,projected,"postal representative, not individual order address"
26063,-22.718698741050481,-43.477040743193612,nova iguacu,1,20.890000000000001,15.789999999999999,main,mean_repeated,haversine,projected,"postal representative, not individual order address"
26070,-22.712261582859316,-43.433977966468177,nova iguacu,18,3306.4400000000001,472.25999999999999,main,mean_repeated,haversine,projected,"postal representative, not individual order address"
26080,-22.725466598180891,-43.511082997486703,nova iguacu,5,558.68000000000006,110.64,main,mean_repeated,haversine,projected,"postal representative, not individual order address"
26082,-22.73084992306352,-43.501629004388285,nova iguacu,1,69,31.129999999999999,main,mean_repeated,haversine,projected,"postal representative, not individual order address"
26083,-22.739625214570619,-43.511303483490117,nova iguacu,6,578.48000000000002,127.62,main,mean_repeated,haversine,projected,"postal representative, not individual order address"
26084,-22.728830116665801,-43.516628593810474,nova iguacu,3,174.99000000000001,47.399999999999999,main,mean_repeated,haversine,projected,"postal representative, not individual order address"
26085,-22.737882385396599,-43.540626520424674,nova iguacu,2,176.86000000000001,43.990000000000002,main,mean_repeated,haversine,projected,"postal representative, not individual order address"
26086,-22.727495091333505,-43.523349875241742,nova iguacu,5,398.80000000000001,117.61,main,mean_repeated,haversine,projected,"postal representative, not individual order address"
26087,-22.716288877191023,-43.51530571258531,nova iguacu,14,2048.6799999999998,290.32999999999998,main,mean_repeated,haversine,projected,"postal representative, not individual order address"
26088,-22.709994584521123,-43.520814257605188,nova iguacu,5,417.01999999999998,159.08999999999995,main,mean_repeated,haversine,projected,"postal representative, not individual order address"
26110,-22.755672493046596,-43.369304907023327,belford roxo,3,340.98000000000002,43,main,mean_repeated,haversine,projected,"postal representative, not individual order address"
26112,-22.748890763540413,-43.402188592951823,belford roxo,6,661.59000000000003,105.54000000000001,main,mean_repeated,haversine,projected,"postal representative, not individual order address"
26113,-22.752499889436489,-43.394896892016241,belford roxo,4,209.90000000000001,61.219999999999999,main,mean_repeated,haversine,projected,"postal representative, not individual order address"
26115,-22.741026017626659,-43.390589102875857,belford roxo,7,719.57000000000005,141.83000000000001,main,mean_repeated,haversine,projected,"postal representative, not individual order address"
26116,-22.744030405639823,-43.386861622763917,belford roxo,3,303.73000000000002,53.18,main,mean_repeated,haversine,projected,"postal representative, not individual order address"
26120,-22.74095127698239,-43.407375755677286,belford roxo,3,174.59,60.479999999999997,main,mean_repeated,haversine,projected,"postal representative, not individual order address"
26123,-22.73755924382916,-43.407159153705869,belford roxo,3,211.77000000000001,56.890000000000001,main,mean_repeated,haversine,projected,"postal representative, not individual order address"
26125,-22.733091514554367,-43.401189021141171,belford roxo,2,949.79999999999995,49.770000000000003,main,mean_repeated,haversine,projected,"postal representative, not individual order address"
26130,-22.764520432902131,-43.403242685589518,belford roxo,13,1363.77,322.62,main,mean_repeated,haversine,projected,"postal representative, not individual order address"
26135,-22.748837947683032,-43.4110954882984,belford roxo,3,362.49000000000001,83.739999999999995,main,mean_repeated,haversine,projected,"postal representative, not individual order address"
26140,-22.738645489116468,-43.417739173840083,belford roxo,6,1361.99,285.13,main,mean_repeated,haversine,projected,"postal representative, not individual order address"
26143,-22.727779211954331,-43.419079835385517,belford roxo,1,146.99000000000001,20.52,main,mean_repeated,haversine,projected,"postal representative, not individual order address"
26155,-22.721495895750731,-43.402367471756818,belford roxo,2,501.85000000000002,75.459999999999994,main,mean_repeated,haversine,projected,"postal representative, not individual order address"
26160,-22.73036490590292,-43.390847135648819,belford roxo,5,1229.78,92.989999999999995,main,mean_repeated,haversine,projected,"postal representative, not individual order address"
26163,-22.718028610197539,-43.388664585652187,belford roxo,1,16.989999999999998,15.109999999999999,main,mean_repeated,haversine,projected,"postal representative, not individual order address"
26165,-22.73004862963322,-43.384013971466331,belford roxo,6,543.64999999999998,134.29000000000002,main,mean_repeated,haversine,projected,"postal representative, not individual order address"
26167,-22.733815268205781,-43.378698315711418,belford roxo,3,185.88999999999999,41.539999999999999,main,mean_repeated,haversine,projected,"postal representative, not individual order address"
26170,-22.735308724256505,-43.368998625397403,belford roxo,1,12.99,15.23,main,mean_repeated,haversine,projected,"postal representative, not individual order address"
26172,-22.727797274174065,-43.369885320524517,belford roxo,1,56.990000000000002,15.15,main,mean_repeated,haversine,projected,"postal representative, not individual order address"
26173,-22.7293974724831,-43.356469296925852,belford roxo,3,308.80000000000001,81.370000000000005,main,mean_repeated,haversine,projected,"postal representative, not individual order address"
26175,-22.723712605507256,-43.342182222430367,belford roxo,4,318.97000000000003,87.960000000000008,main,mean_repeated,haversine,projected,"postal representative, not individual order address"
26178,-22.717080056105441,-43.376219437409368,belford roxo,4,344.60000000000002,86.109999999999985,main,mean_repeated,haversine,projected,"postal representative, not individual order address"
26180,-22.709309871783464,-43.340396840703605,belford roxo,1,31.899999999999999,14.1,main,mean_repeated,haversine,projected,"postal representative, not individual order address"
26183,-22.71884157108849,-43.335950363135801,belford roxo,8,635.56000000000006,131.81999999999999,main,mean_repeated,haversine,projected,"postal representative, not individual order address"
26185,-22.712306754575049,-43.334636604083101,belford roxo,3,412.7000000000001,204.06,main,mean_repeated,haversine,projected,"postal representative, not individual order address"
26187,-22.731683227835816,-43.349022673418268,belford roxo,3,303.44,54.780000000000001,main,mean_repeated,haversine,projected,"postal representative, not individual order address"
26190,-22.738054149192973,-43.337842943531179,belford roxo,1,34.899999999999999,17.059999999999999,main,mean_repeated,haversine,projected,"postal representative, not individual order address"
26193,-22.74371498675422,-43.341815651536287,belford roxo,3,289.18000000000001,49.600000000000001,main,mean_repeated,haversine,projected,"postal representative, not individual order address"
26196,-22.747889504902918,-43.365239469417695,belford roxo,1,170,18.440000000000001,main,mean_repeated,haversine,projected,"postal representative, not individual order address"
26210,-22.755876522336781,-43.450113091196819,nova iguacu,13,1269,240.84,main,mean_repeated,haversine,projected,"postal representative, not individual order address"
26215,-22.749383783452853,-43.443731820645432,nova iguacu,12,1237.46,273.19,main,mean_repeated,haversine,projected,"postal representative, not individual order address"
26216,-22.751111606071024,-43.460118964769471,nova iguacu,3,104.39,44.68,main,mean_repeated,haversine,projected,"postal representative, not individual order address"
26220,-22.758405694137402,-43.442957719272016,nova iguacu,12,2165.8000000000002,275.35000000000002,main,mean_repeated,haversine,projected,"postal representative, not individual order address"
26221,-22.761895289271685,-43.44132518888005,nova iguacu,6,612.39999999999998,188.31,main,mean_repeated,haversine,projected,"postal representative, not individual order address"
26225,-22.764974904450163,-43.438672073152539,nova iguacu,6,918.48000000000002,193.56999999999999,main,mean_repeated,haversine,projected,"postal representative, not individual order address"
26230,-22.754343447271268,-43.428743799002369,nova iguacu,1,287.70000000000005,60.479999999999997,main,mean_repeated,haversine,projected,"postal representative, not individual order address"
26250,-22.765805976346549,-43.444133886232152,nova iguacu,6,1438.98,209.46000000000001,main,mean_repeated,haversine,projected,"postal representative, not individual order address"
26255,-22.760838936119494,-43.456651013810607,nova iguacu,33,8364.0100000000002,1122.8,main,mean_repeated,haversine,projected,"postal representative, not individual order address"
26256,-22.756413976818511,-43.468057858785166,nova iguacu,1,141.40000000000001,22.07,main,mean_repeated,haversine,projected,"postal representative, not individual order address"
26260,-22.757514514925703,-43.47418414534944,nova iguacu,1,12.99,14.1,main,mean_repeated,haversine,projected,"postal representative, not individual order address"
26261,-22.759453874449392,-43.482879914460732,nova iguacu,10,1303.8699999999999,183.50999999999999,main,mean_repeated,haversine,projected,"postal representative, not individual order address"
26262,-22.758659494455969,-43.468654968387312,nova iguacu,4,274.88,83.890000000000001,main,mean_repeated,haversine,projected,"postal representative, not individual order address"
26263,-22.7511163216362,-43.480366407006699,nova iguacu,9,1057.78,253.44,main,mean_repeated,haversine,projected,"postal representative, not individual order address"
26265,-22.762401694527352,-43.491899921161561,nova iguacu,8,705.18000000000006,160.91,main,mean_repeated,haversine,projected,"postal representative, not individual order address"
26266,-22.761490822233661,-43.499837337270158,nova iguacu,1,64.989999999999995,14.199999999999999,main,mean_repeated,haversine,projected,"postal representative, not individual order address"
26270,-22.771786935706576,-43.513737001536001,nova iguacu,2,153.65000000000001,27.710000000000001,main,mean_repeated,haversine,projected,"postal representative, not individual order address"
26271,-22.76538805577464,-43.513740263369385,nova iguacu,3,551.96000000000004,46.460000000000001,main,mean_repeated,haversine,projected,"postal representative, not individual order address"
26272,-22.761268184110865,-43.504602353534416,nova iguacu,2,508.89999999999998,43.780000000000001,main,mean_repeated,haversine,projected,"postal representative, not individual order address"
26275,-22.758522248481707,-43.508127017147501,nova iguacu,3,84.890000000000001,64.129999999999995,main,mean_repeated,haversine,projected,"postal representative, not individual order address"
26276,-22.747655366540023,-43.500451999215727,nova iguacu,8,564.72000000000003,234.40000000000001,main,mean_repeated,haversine,projected,"postal representative, not individual order address"
26277,-22.753658680279631,-43.505682099994011,nova iguacu,7,574.58000000000004,146.88999999999999,main,mean_repeated,haversine,projected,"postal representative, not individual order address"
26278,-22.750950306589704,-43.510493636195598,nova iguacu,3,103.89,29.920000000000002,main,mean_repeated,haversine,projected,"postal representative, not individual order address"
26279,-22.746340793942444,-43.515999434670228,nova iguacu,3,704.5,56.719999999999999,main,mean_repeated,haversine,projected,"postal representative, not individual order address"
26280,-22.743455469856769,-43.482059286986981,nova iguacu,5,487.76999999999998,133.49000000000001,main,mean_repeated,haversine,projected,"postal representative, not individual order address"
26281,-22.739051517422563,-43.47469667232987,nova iguacu,4,319.92000000000002,179.04000000000002,main,mean_repeated,haversine,projected,"postal representative, not individual order address"
26282,-22.743267765418626,-43.470804274622033,nova iguacu,2,174.90000000000001,32.109999999999999,main,mean_repeated,haversine,projected,"postal representative, not individual order address"
26285,-22.749261034645645,-43.457434797409576,nova iguacu,10,1061.3900000000001,249.69999999999999,main,mean_repeated,haversine,projected,"postal representative, not individual order address"
26286,-22.749193696741639,-43.469546131254496,nova iguacu,8,760.56999999999994,232.84,main,mean_repeated,haversine,projected,"postal representative, not individual order address"
26290,-22.7692389862532,-43.525308493816077,nova iguacu,12,2442.9099999999999,211.53,main,mean_repeated,haversine,projected,"postal representative, not individual order address"
26291,-22.775922205954583,-43.535525185987147,nova iguacu,4,1112.4100000000001,89.049999999999997,main,mean_repeated,haversine,projected,"postal representative, not individual order address"
26292,-22.765111723156878,-43.559026201122336,nova iguacu,6,1152.6900000000001,121.09999999999999,main,mean_repeated,haversine,projected,"postal representative, not individual order address"
26293,-22.792490835983639,-43.575246824954043,nova iguacu,1,265,45.850000000000001,main,mean_repeated,haversine,projected,"postal representative, not individual order address"
26296,-22.800125589753279,-43.593583408222621,nova iguacu,3,1570.8900000000001,98.689999999999998,main,mean_repeated,haversine,projected,"postal representative, not individual order address"
26297,-22.81315246690653,-43.588840531452668,nova iguacu,3,503.80000000000001,76.75,main,mean_repeated,haversine,projected,"postal representative, not individual order address"
26298,-22.821289601573383,-43.583917046351971,nova iguacu,5,1986.8599999999999,132.22,main,mean_repeated,haversine,projected,"postal representative, not individual order address"
26299,-22.84103615023977,-43.615158045773711,nova iguacu,1,148.90000000000001,20.23,main,mean_repeated,haversine,projected,"postal representative, not individual order address"
26310,-22.717690365076312,-43.56406590011273,queimados,9,950.48000000000002,358.38,main,mean_repeated,haversine,projected,"postal representative, not individual order address"
26311,-22.723066798985599,-43.577531170720725,queimados,2,427,57.57,main,mean_repeated,haversine,projected,"postal representative, not individual order address"
26313,-22.72398694854633,-43.56859220120247,queimados,4,439.98000000000002,64.819999999999993,main,mean_repeated,haversine,projected,"postal representative, not individual order address"
26315,-22.726749869469312,-43.58842644869943,queimados,2,114.89,34.849999999999994,main,mean_repeated,haversine,projected,"postal representative, not individual order address"
26316,-22.691702991594585,-43.594666387857934,queimados,1,49.799999999999997,14.52,main,mean_repeated,haversine,projected,"postal representative, not individual order address"
26320,-22.709506815061729,-43.580279131181264,queimados,3,211.80000000000001,54.299999999999997,main,mean_repeated,haversine,projected,"postal representative, not individual order address"
26321,-22.708191594070598,-43.573517715891128,queimados,2,228.99000000000001,31.460000000000001,main,mean_repeated,haversine,projected,"postal representative, not individual order address"
26323,-22.721880392950524,-43.56120106689918,queimados,6,889.70000000000005,121.63,main,mean_repeated,haversine,projected,"postal representative, not individual order address"
26325,-22.720466020617074,-43.556797259760771,queimados,3,363,61.579999999999998,main,mean_repeated,haversine,projected,"postal representative, not individual order address"
26330,-22.735694400435161,-43.542197211853576,queimados,2,224.90000000000001,42.960000000000001,main,mean_repeated,haversine,projected,"postal representative, not individual order address"
26380,-22.707476317323948,-43.550710815333829,queimados,1,79.900000000000006,19.75,main,mean_repeated,haversine,projected,"postal representative, not individual order address"
26381,-22.696909829419699,-43.557416241125843,queimados,3,257.68000000000001,78.460000000000008,main,mean_repeated,haversine,projected,"postal representative, not individual order address"
26382,-22.692331349282565,-43.531816681604255,queimados,1,120,16.600000000000001,main,mean_repeated,haversine,projected,"postal representative, not individual order address"
26383,-22.707869677714925,-43.561315648938425,queimados,8,819.41999999999996,126.87,main,mean_repeated,haversine,projected,"postal representative, not individual order address"
26385,-22.705743887793957,-43.556562123447193,queimados,6,664.30999999999995,122.95,main,mean_repeated,haversine,projected,"postal representative, not individual order address"
26413,-22.696333434498968,-43.626641384369336,japeri,1,56.990000000000002,15.15,main,mean_repeated,haversine,projected,"postal representative, not individual order address"
26420,-22.684507729830731,-43.615323183303673,japeri,2,216.80000000000001,39.859999999999999,main,mean_repeated,haversine,projected,"postal representative, not individual order address"
26423,-22.680977867100001,-43.611356542728593,japeri,1,75,14.699999999999999,main,mean_repeated,haversine,projected,"postal representative, not individual order address"
26425,-22.683208298587761,-43.613651386984202,japeri,1,809,27.59,main,mean_repeated,haversine,projected,"postal representative, not individual order address"
26430,-22.68817178316981,-43.606459365271419,japeri,3,256.99000000000001,47.399999999999999,main,mean_repeated,haversine,projected,"postal representative, not individual order address"
26433,-22.650250797954484,-43.653551198955569,japeri,4,478.88999999999999,123.43000000000001,main,mean_repeated,haversine,projected,"postal representative, not individual order address"
26435,-22.648997352455527,-43.658130951709573,japeri,4,352.69,185.08000000000001,main,mean_repeated,haversine,projected,"postal representative, not individual order address"
26440,-22.6438955448154,-43.643008242795041,japeri,4,252.61000000000001,78.170000000000002,main,mean_repeated,haversine,projected,"postal representative, not individual order address"
26443,-22.644806809224903,-43.657945994142537,japeri,2,164.31999999999999,47.07,main,mean_repeated,haversine,projected,"postal representative, not individual order address"
26445,-22.674494004101163,-43.608132189129229,japeri,3,266.98000000000002,54.939999999999998,main,mean_repeated,haversine,projected,"postal representative, not individual order address"
26450,-22.663207630218253,-43.610776285393406,japeri,1,229.99000000000001,18.859999999999999,main,mean_repeated,haversine,projected,"postal representative, not individual order address"
26453,-22.669510518389892,-43.614525479906831,japeri,3,232.66000000000005,52.929999999999993,main,mean_repeated,haversine,projected,"postal representative, not individual order address"
26455,-22.673732407525449,-43.598045658334883,japeri,1,109.90000000000001,16.530000000000001,main,mean_repeated,haversine,projected,"postal representative, not individual order address"
26460,-22.671642633506679,-43.590881770515658,japeri,2,878.55999999999995,471.56999999999999,main,mean_repeated,haversine,projected,"postal representative, not individual order address"
26470,-22.679545467450534,-43.593041196799824,japeri,1,18.899999999999999,15.1,main,mean_repeated,haversine,projected,"postal representative, not individual order address"
26480,-22.667916878063743,-43.585773328490873,japeri,1,57.990000000000002,16.170000000000002,main,mean_repeated,haversine,projected,"postal representative, not individual order address"
26510,-22.816628254842051,-43.416324968037642,nilopolis,21,3009.1999999999998,533.19000000000005,main,mean_repeated,haversine,projected,"postal representative, not individual order address"
26515,-22.820277206591271,-43.422709061508158,nilopolis,3,316.89999999999998,58.299999999999997,main,mean_repeated,haversine,projected,"postal representative, not individual order address"
26520,-22.812492344479679,-43.429096258912978,nilopolis,17,1366.2,279.30000000000001,main,mean_repeated,haversine,projected,"postal representative, not individual order address"
26521,-22.809500731742084,-43.432501493226717,nilopolis,6,760.78999999999996,165.45000000000002,main,mean_repeated,haversine,projected,"postal representative, not individual order address"
26525,-22.805706631753832,-43.423079052406642,nilopolis,20,2828.5700000000002,474.89999999999998,main,mean_repeated,haversine,projected,"postal representative, not individual order address"
26526,-22.804257068335087,-43.421090607170761,nilopolis,2,279.80000000000001,27.670000000000002,main,mean_repeated,haversine,projected,"postal representative, not individual order address"
26530,-22.801642229992272,-43.41601787718497,nilopolis,8,1042.26,129.66,main,mean_repeated,haversine,projected,"postal representative, not individual order address"
26535,-22.799760130437143,-43.410474477974091,nilopolis,10,1140.6700000000001,180.15000000000001,main,mean_repeated,haversine,projected,"postal representative, not individual order address"
26540,-22.80794794860136,-43.407730986708764,nilopolis,7,1044.22,319.59000000000003,main,mean_repeated,haversine,projected,"postal representative, not individual order address"
26545,-22.81382105979965,-43.402352797374057,nilopolis,9,1338.5700000000002,167.59,main,mean_repeated,haversine,projected,"postal representative, not individual order address"
26550,-22.77075741016515,-43.431299135619497,mesquita,4,251.78999999999999,79.730000000000004,main,mean_repeated,haversine,projected,"postal representative, not individual order address"
26551,-22.781707096310384,-43.42552236371597,mesquita,10,1064.2,220.03,main,mean_repeated,haversine,projected,"postal representative, not individual order address"
26553,-22.786322478605623,-43.43138510904005,mesquita,6,760.70000000000005,149.50999999999999,main,mean_repeated,haversine,projected,"postal representative, not individual order address"
26554,-22.790892213128689,-43.436922150150011,mesquita,4,380.88,66.239999999999995,main,mean_repeated,haversine,projected,"postal representative, not individual order address"
26556,-22.77776602762561,-43.43662348759625,mesquita,4,592.38,127.65000000000001,main,mean_repeated,haversine,projected,"postal representative, not individual order address"
26557,-22.771105803454297,-43.436388705139322,mesquita,2,407.97000000000003,53.630000000000003,main,mean_repeated,haversine,projected,"postal representative, not individual order address"
26560,-22.772872235146963,-43.42497545965702,mesquita,4,702.75999999999999,86.189999999999998,main,mean_repeated,haversine,projected,"postal representative, not individual order address"
26562,-22.770064916804248,-43.422339662467735,mesquita,8,1046.3699999999999,138.78,main,mean_repeated,haversine,projected,"postal representative, not individual order address"
26564,-22.773281327423419,-43.417817145369007,mesquita,6,590.59000000000003,106.34,main,mean_repeated,haversine,projected,"postal representative, not individual order address"
26570,-22.778146786401159,-43.4171342747468,mesquita,2,176.99000000000001,31.23,main,mean_repeated,haversine,projected,"postal representative, not individual order address"
26572,-22.784670333851199,-43.411505506049522,mesquita,4,613.70000000000005,92.939999999999998,main,mean_repeated,haversine,projected,"postal representative, not individual order address"
26574,-22.77767719983202,-43.403866973597403,mesquita,4,671.20000000000005,181,main,mean_repeated,haversine,projected,"postal representative, not individual order address"
26580,-22.787276301390651,-43.421047930868653,mesquita,5,455.79000000000002,129.06999999999999,main,mean_repeated,haversine,projected,"postal representative, not individual order address"
26582,-22.791786349943763,-43.415893666473487,mesquita,5,832.5,116.70999999999999,main,mean_repeated,haversine,projected,"postal representative, not individual order address"
26584,-22.797051923962059,-43.426586022514087,mesquita,2,135.40000000000001,49.829999999999998,main,mean_repeated,haversine,projected,"postal representative, not individual order address"
26585,-22.798350843052319,-43.434750437897016,mesquita,3,338.89999999999998,128.06,main,mean_repeated,haversine,projected,"postal representative, not individual order address"
26587,-22.804621392729452,-43.435742909957803,mesquita,2,109.90000000000001,38.359999999999999,main,mean_repeated,haversine,projected,"postal representative, not individual order address"
26600,-22.61483382699214,-43.705683375748585,paracambi,35,6571.96,944.26999999999998,main,mean_repeated,haversine,projected,"postal representative, not individual order address"
28680,-22.470849051492323,-42.657121037845286,cachoeiras de macacu,19,1819.26,363.89999999999998,main,mean_repeated,haversine,projected,"postal representative, not individual order address"
28695,-22.603679160438642,-42.740739684326293,cachoeiras de macacu,1,99,22.16,main,mean_repeated,haversine,projected,"postal representative, not individual order address"
28800,-22.711927870432564,-42.63004113951235,rio bonito,27,4352.1099999999997,594.17999999999995,main,mean_repeated,haversine,projected,"postal representative, not individual order address"
