CEP,lat,lng,city_norm,n_pedidos,valor_total,freight_total,cohort,estimator,evaluation_metric,fit_space,coordinate_interpretation
20010,-22.902420151753613,-43.183832219978839,rio de janeiro,7,463.75999999999999,112.34999999999999,main,dedup_full,haversine,angular,"postal representative, not individual order address"
20011,-22.905621317562868,-43.176431807722437,rio de janeiro,15,1713.52,347.89999999999998,main,dedup_full,haversine,angular,"postal representative, not individual order address"
20020,-22.90757251350589,-43.172472897151806,rio de janeiro,9,633.90999999999997,143.70000000000002,main,dedup_full,haversine,angular,"postal representative, not individual order address"
20021,-22.912843990843864,-43.173828140474427,rio de janeiro,13,1735.9000000000001,320.03000000000003,main,dedup_full,haversine,angular,"postal representative, not individual order address"
20030,-22.909613313432128,-43.174135282129235,rio de janeiro,21,2617.27,477.13999999999999,main,dedup_full,haversine,angular,"postal representative, not individual order address"
20031,-22.90944638719964,-43.180239527431631,rio de janeiro,38,5762.54,804.27999999999997,main,dedup_full,haversine,angular,"postal representative, not individual order address"
20040,-22.904933281478332,-43.177408352881457,rio de janeiro,35,6113.25,738.00999999999999,main,dedup_full,haversine,angular,"postal representative, not individual order address"
20041,-22.902998366076233,-43.178222300324151,rio de janeiro,2,36.799999999999997,24.34,main,dedup_full,haversine,angular,"postal representative, not individual order address"
20050,-22.906451172873837,-43.179603898615149,rio de janeiro,8,1481.3699999999999,188.03999999999999,main,dedup_full,haversine,angular,"postal representative, not individual order address"
20051,-22.903696274110427,-43.182468515112269,rio de janeiro,3,319.5,61.450000000000003,main,dedup_full,haversine,angular,"postal representative, not individual order address"
20060,-22.907798216235989,-43.243117441570796,rio de janeiro,2,90,33.870000000000005,main,dedup_full,haversine,angular,"postal representative, not individual order address"
20061,-22.905644929546217,-43.185445085291924,rio de janeiro,1,89.900000000000006,8.0399999999999991,main,dedup_full,haversine,angular,"postal representative, not individual order address"
20070,-22.902404514905257,-43.179287949446099,rio de janeiro,6,448.83999999999997,100.97,main,dedup_full,haversine,angular,"postal representative, not individual order address"
20071,-22.902001032241149,-43.181579011976808,rio de janeiro,14,2068.25,348.86000000000001,main,dedup_full,haversine,angular,"postal representative, not individual order address"
20080,-22.900792318737054,-43.185126009059033,rio de janeiro,6,13719.209999999999,304.18000000000001,main,dedup_full,haversine,angular,"postal representative, not individual order address"
20081,-22.897679943051628,-43.18366262915994,rio de janeiro,15,6218.6999999999998,445.81999999999999,main,dedup_full,haversine,angular,"postal representative, not individual order address"
20090,-22.899180091334813,-43.179692465016522,rio de janeiro,20,1936.5699999999999,416.61000000000001,main,dedup_full,haversine,angular,"postal representative, not individual order address"
20091,-22.899877383677829,-43.178422854184412,rio de janeiro,13,1576.52,301.47000000000003,main,dedup_full,haversine,angular,"postal representative, not individual order address"
20210,-22.908196738426543,-43.199137523205628,rio de janeiro,7,594,175.75,main,dedup_full,haversine,angular,"postal representative, not individual order address"
20211,-22.91112416734018,-43.19915213065358,rio de janeiro,19,2948.4699999999998,443.14999999999998,main,dedup_full,haversine,angular,"postal representative, not individual order address"
20220,-22.899942508228907,-43.201754908464174,rio de janeiro,17,1928.8399999999999,431.13,main,dedup_full,haversine,angular,"postal representative, not individual order address"
20221,-22.899262156866815,-43.198123187916472,rio de janeiro,5,1750.25,104.04000000000001,main,dedup_full,haversine,angular,"postal representative, not individual order address"
20230,-22.912718874842284,-43.188546384900263,rio de janeiro,46,7480.7399999999998,1136.4100000000001,main,dedup_full,haversine,angular,"postal representative, not individual order address"
20231,-22.913022310951519,-43.186234550555163,rio de janeiro,23,2778.5599999999999,619.90999999999997,main,dedup_full,haversine,angular,"postal representative, not individual order address"
20240,-22.918140372640828,-43.189229076523056,rio de janeiro,13,1515.4300000000001,249.33000000000001,main,dedup_full,haversine,angular,"postal representative, not individual order address"
20241,-22.92273583741293,-43.189311825393688,rio de janeiro,31,4725.8000000000002,734.47000000000003,main,dedup_full,haversine,angular,"postal representative, not individual order address"
20250,-22.919106518058552,-43.217029258818258,rio de janeiro,10,1227.6500000000001,328.29000000000002,main,dedup_full,haversine,angular,"postal representative, not individual order address"
20251,-22.921536486308558,-43.200541396700793,rio de janeiro,14,2200.0700000000002,360.21000000000004,main,dedup_full,haversine,angular,"postal representative, not individual order address"
20260,-22.920074605766672,-43.216197919243797,rio de janeiro,50,7159.6500000000005,1272.8199999999999,main,dedup_full,haversine,angular,"postal representative, not individual order address"
20261,-22.924079373654511,-43.213792253532382,rio de janeiro,41,5153,968.55999999999995,main,dedup_full,haversine,angular,"postal representative, not individual order address"
20270,-22.916232605802424,-43.218199995339262,rio de janeiro,42,5971.4399999999996,935.01999999999998,main,dedup_full,haversine,angular,"postal representative, not individual order address"
20271,-22.915274236734628,-43.224514723913011,rio de janeiro,41,4241.4499999999998,768.13,main,dedup_full,haversine,angular,"postal representative, not individual order address"
20510,-22.929782013100414,-43.243942979996874,rio de janeiro,42,6737.0500000000002,1036.3099999999999,main,dedup_full,haversine,angular,"postal representative, not individual order address"
20511,-22.927957956244381,-43.239669637076503,rio de janeiro,43,5607.6300000000001,950.36000000000001,main,dedup_full,haversine,angular,"postal representative, not individual order address"
20520,-22.926392906158146,-43.23205184603426,rio de janeiro,64,8229.2000000000007,1601.7,main,dedup_full,haversine,angular,"postal representative, not individual order address"
20521,-22.927686296876924,-43.232309222508228,rio de janeiro,42,7425.79,954.00999999999999,main,dedup_full,haversine,angular,"postal representative, not individual order address"
20530,-22.937375529986095,-43.249607430665783,rio de janeiro,32,4483.4200000000001,763.49000000000001,main,dedup_full,haversine,angular,"postal representative, not individual order address"
20531,-22.95975055794565,-43.271928847081313,rio de janeiro,8,3652.3400000000001,170.88999999999999,main,dedup_full,haversine,angular,"postal representative, not individual order address"
20535,-22.874100321204896,-43.277169609842822,rio de janeiro,4,314.95999999999998,79.530000000000001,main,dedup_full,haversine,angular,"postal representative, not individual order address"
20540,-22.9226494320251,-43.243664436784307,rio de janeiro,73,13210.620000000001,1656.6700000000001,main,dedup_full,haversine,angular,"postal representative, not individual order address"
20541,-22.923110075910639,-43.246732792812473,rio de janeiro,72,6773.8199999999997,1616.8800000000001,main,dedup_full,haversine,angular,"postal representative, not individual order address"
20550,-22.917083061800628,-43.231032967322406,rio de janeiro,71,7851.6199999999999,1458.8499999999999,main,dedup_full,haversine,angular,"postal representative, not individual order address"
20551,-22.914564730614359,-43.245840288350522,rio de janeiro,52,7163.5500000000002,1358.26,main,dedup_full,haversine,angular,"postal representative, not individual order address"
20560,-22.918326522165241,-43.256279517223547,rio de janeiro,46,5146.8100000000004,931.38999999999999,main,dedup_full,haversine,angular,"postal representative, not individual order address"
20561,-22.923560793236621,-43.26588926064143,rio de janeiro,28,3756.96,666.58000000000004,main,dedup_full,haversine,angular,"postal representative, not individual order address"
20710,-22.908150242149357,-43.27649720007846,rio de janeiro,10,1866.0699999999999,226.34,main,dedup_full,haversine,angular,"postal representative, not individual order address"
20715,-22.912067044573075,-43.268250247435518,rio de janeiro,6,514.70000000000005,108.62,main,dedup_full,haversine,angular,"postal representative, not individual order address"
20720,-22.90637918832142,-43.28814353011191,rio de janeiro,50,6868.1199999999999,1383.99,main,dedup_full,haversine,angular,"postal representative, not individual order address"
20725,-22.906992369909521,-43.283590174956259,rio de janeiro,9,1895.1900000000001,166.37,main,dedup_full,haversine,angular,"postal representative, not individual order address"
20730,-22.902312652914066,-43.298091992428176,rio de janeiro,13,1534.01,228.22999999999999,main,dedup_full,haversine,angular,"postal representative, not individual order address"
20735,-22.90043176481759,-43.286456397020267,rio de janeiro,36,3917.4000000000001,779.96000000000004,main,dedup_full,haversine,angular,"postal representative, not individual order address"
20740,-22.896038872662579,-43.312892120208062,rio de janeiro,11,980.23000000000002,257.93000000000001,main,dedup_full,haversine,angular,"postal representative, not individual order address"
20745,-22.902708211572836,-43.30723570112648,rio de janeiro,18,2203.75,413.93000000000001,main,dedup_full,haversine,angular,"postal representative, not individual order address"
20750,-22.877212618724631,-43.299288891619938,rio de janeiro,5,983.77999999999997,166.88999999999999,main,dedup_full,haversine,angular,"postal representative, not individual order address"
20751,-22.883848522306025,-43.305642730235483,rio de janeiro,13,1523.3800000000001,258.60000000000002,main,dedup_full,haversine,angular,"postal representative, not individual order address"
20755,-22.888287722386199,-43.297104076216364,rio de janeiro,8,500.80000000000001,141.18000000000001,main,dedup_full,haversine,angular,"postal representative, not individual order address"
20756,-22.889660914197361,-43.304703468590944,rio de janeiro,10,858.62,236.25999999999999,main,dedup_full,haversine,angular,"postal representative, not individual order address"
20760,-22.879388273200775,-43.286092564185388,rio de janeiro,4,259.88999999999999,63.090000000000003,main,dedup_full,haversine,angular,"postal representative, not individual order address"
20761,-22.870471022994955,-43.295590995023005,rio de janeiro,1,74.989999999999995,17.16,main,dedup_full,haversine,angular,"postal representative, not individual order address"
20765,-22.869877416993557,-43.286996779096967,rio de janeiro,8,1218.54,396.61000000000001,main,dedup_full,haversine,angular,"postal representative, not individual order address"
20766,-22.864345716497926,-43.289519106743732,rio de janeiro,5,537.49000000000001,108.56,main,dedup_full,haversine,angular,"postal representative, not individual order address"
20770,-22.892963301154523,-43.286024870291222,rio de janeiro,12,1088.22,224.28,main,dedup_full,haversine,angular,"postal representative, not individual order address"
20771,-22.886668839836332,-43.279084058376796,rio de janeiro,31,5914.6300000000001,721,main,dedup_full,haversine,angular,"postal representative, not individual order address"
20775,-22.894751759475117,-43.277208333457111,rio de janeiro,23,2874.77,411.74000000000001,main,dedup_full,haversine,angular,"postal representative, not individual order address"
20780,-22.897213252530264,-43.273352798307307,rio de janeiro,32,4036.23,684.91999999999996,main,dedup_full,haversine,angular,"postal representative, not individual order address"
20785,-22.886244788124753,-43.267542948997857,rio de janeiro,16,3937.1300000000001,373.56,main,dedup_full,haversine,angular,"postal representative, not individual order address"
20910,-22.899538516168796,-43.230878669504285,rio de janeiro,11,1550.76,256.01999999999998,main,dedup_full,haversine,angular,"postal representative, not individual order address"
20911,-22.894754211850014,-43.241428036502484,rio de janeiro,8,552.90999999999997,168.74000000000001,main,dedup_full,haversine,angular,"postal representative, not individual order address"
20920,-22.895420153189761,-43.230347097069142,rio de janeiro,8,651.54999999999995,204.59,main,dedup_full,haversine,angular,"postal representative, not individual order address"
20921,-22.893852495208691,-43.237826753244292,rio de janeiro,19,1619.8399999999999,680.13999999999999,main,dedup_full,haversine,angular,"postal representative, not individual order address"
20930,-22.890080838765474,-43.229475421409987,rio de janeiro,3,371.88,85.700000000000003,main,dedup_full,haversine,angular,"postal representative, not individual order address"
20931,-22.880671289882176,-43.21865892910003,rio de janeiro,11,1466.49,213.49000000000001,main,dedup_full,haversine,angular,"postal representative, not individual order address"
20932,-22.85332248950828,-43.397360098269154,rio de janeiro,1,140,15.73,main,dedup_full,haversine,angular,"postal representative, not individual order address"
20940,-22.901777467187742,-43.218946260185852,rio de janeiro,18,1491.1900000000001,333.77999999999997,main,dedup_full,haversine,angular,"postal representative, not individual order address"
20941,-22.90415743749697,-43.217897330851422,rio de janeiro,15,3056.7000000000003,433.38,main,dedup_full,haversine,angular,"postal representative, not individual order address"
20943,-22.906963067900897,-43.237165753622911,rio de janeiro,3,249.78999999999999,102.63,main,dedup_full,haversine,angular,"postal representative, not individual order address"
20950,-22.904024634141066,-43.256398177905197,rio de janeiro,34,2990.5799999999999,782.28999999999996,main,dedup_full,haversine,angular,"postal representative, not individual order address"
20960,-22.899339427081269,-43.249380606495762,rio de janeiro,6,548.07000000000005,125.38,main,dedup_full,haversine,angular,"postal representative, not individual order address"
20961,-22.898854302735394,-43.260366055354517,rio de janeiro,3,432.60000000000002,49.490000000000002,main,dedup_full,haversine,angular,"postal representative, not individual order address"
20970,-22.894064798632794,-43.299888317183559,rio de janeiro,4,454.88,67.890000000000001,main,dedup_full,haversine,angular,"postal representative, not individual order address"
20972,-22.921441083486542,-43.244692622010952,rio de janeiro,1,32.899999999999999,17.600000000000001,main,dedup_full,haversine,angular,"postal representative, not individual order address"
20973,-22.899373361623045,-43.330915354489868,rio de janeiro,3,635.86000000000001,174.25,main,dedup_full,haversine,angular,"postal representative, not individual order address"
20975,-22.893711101234668,-43.252439484029786,rio de janeiro,3,468.88999999999999,66.579999999999998,main,dedup_full,haversine,angular,"postal representative, not individual order address"
21010,-22.827105452500899,-43.311168734677125,rio de janeiro,7,766.58000000000004,146.56999999999999,main,dedup_full,haversine,angular,"postal representative, not individual order address"
21011,-22.827828141760275,-43.286010614446155,rio de janeiro,16,1599.55,367.76999999999998,main,dedup_full,haversine,angular,"postal representative, not individual order address"
21012,-22.836510432282385,-43.315325602549805,rio de janeiro,7,1389.79,117.19,main,dedup_full,haversine,angular,"postal representative, not individual order address"
21020,-22.834410685901656,-43.276859417153403,rio de janeiro,33,5932.2700000000004,761.38999999999999,main,dedup_full,haversine,angular,"postal representative, not individual order address"
21021,-22.841994214208608,-43.265027996918512,rio de janeiro,25,3897.8099999999999,520.54999999999995,main,dedup_full,haversine,angular,"postal representative, not individual order address"
21030,-22.85407924053488,-43.272225313370193,rio de janeiro,3,1057.95,259.58999999999997,main,dedup_full,haversine,angular,"postal representative, not individual order address"
21031,-22.848420066752631,-43.256289711794778,rio de janeiro,17,3068.8200000000002,474.81999999999999,main,dedup_full,haversine,angular,"postal representative, not individual order address"
21032,-22.85985192085618,-43.255799431670525,rio de janeiro,9,819.96000000000004,183.84999999999999,main,dedup_full,haversine,angular,"postal representative, not individual order address"
21040,-22.85883857480232,-43.254467138560173,rio de janeiro,9,1248.3900000000001,163.46000000000001,main,dedup_full,haversine,angular,"postal representative, not individual order address"
21041,-22.872400265576072,-43.26133702515029,rio de janeiro,10,958.38,174.53,main,dedup_full,haversine,angular,"postal representative, not individual order address"
21042,-22.864961384169952,-43.252750292781045,rio de janeiro,4,743.25999999999999,89.859999999999985,main,dedup_full,haversine,angular,"postal representative, not individual order address"
21043,-22.886580416060379,-43.2773189390998,rio de janeiro,1,49.899999999999999,14.1,main,dedup_full,haversine,angular,"postal representative, not individual order address"
21044,-22.85778536888677,-43.269050855246675,rio de janeiro,4,464.88,86.120000000000005,main,dedup_full,haversine,angular,"postal representative, not individual order address"
21046,-22.872224019697899,-43.251389185649586,rio de janeiro,4,357.99000000000001,68.079999999999998,main,dedup_full,haversine,angular,"postal representative, not individual order address"
21050,-22.875411262077019,-43.259896194815404,rio de janeiro,17,2979.1599999999999,584.70000000000005,main,dedup_full,haversine,angular,"postal representative, not individual order address"
21051,-22.874268446896306,-43.266610861143356,rio de janeiro,5,652.78999999999996,131.29000000000002,main,dedup_full,haversine,angular,"postal representative, not individual order address"
21060,-22.857684194849828,-43.263825113283076,rio de janeiro,17,2083.3299999999999,403.18000000000001,main,dedup_full,haversine,angular,"postal representative, not individual order address"
21061,-22.866783597906,-43.272780494291013,rio de janeiro,14,1816.1700000000001,305.29000000000002,main,dedup_full,haversine,angular,"postal representative, not individual order address"
21070,-22.844234877603615,-43.284653609138417,rio de janeiro,9,609.38,219.72,main,dedup_full,haversine,angular,"postal representative, not individual order address"
21071,-22.862124113196934,-43.289066325653991,rio de janeiro,4,1413.98,172.91999999999999,main,dedup_full,haversine,angular,"postal representative, not individual order address"
21073,-22.851033959513185,-43.269866666791366,rio de janeiro,26,3602.9099999999999,547.63,main,dedup_full,haversine,angular,"postal representative, not individual order address"
21210,-22.842418490581942,-43.300843557957364,rio de janeiro,17,2608.7000000000003,517.70000000000005,main,dedup_full,haversine,angular,"postal representative, not individual order address"
21211,-22.837211460718816,-43.308045645024137,rio de janeiro,13,2156.8899999999999,278.95999999999998,main,dedup_full,haversine,angular,"postal representative, not individual order address"
21215,-22.83351261620918,-43.296039409228364,rio de janeiro,18,2058.8299999999999,338.39999999999998,main,dedup_full,haversine,angular,"postal representative, not individual order address"
21220,-22.848912522581774,-43.313325014191442,rio de janeiro,24,4986.2600000000002,571.13999999999999,main,dedup_full,haversine,angular,"postal representative, not individual order address"
21221,-22.845721520218135,-43.309232554132834,rio de janeiro,22,2323.4299999999998,462.16000000000003,main,dedup_full,haversine,angular,"postal representative, not individual order address"
21230,-22.826843752719864,-43.322476645547944,rio de janeiro,42,3904.0900000000001,917.69000000000005,main,dedup_full,haversine,angular,"postal representative, not individual order address"
21231,-22.83170610469136,-43.322157455264431,rio de janeiro,7,522.68000000000006,151.78999999999999,main,dedup_full,haversine,angular,"postal representative, not individual order address"
21235,-22.838041811091774,-43.322501079999697,rio de janeiro,36,5835.9700000000003,759.40999999999997,main,dedup_full,haversine,angular,"postal representative, not individual order address"
21236,-22.840836977850905,-43.340012431753344,rio de janeiro,1,65.989999999999995,14.210000000000001,main,dedup_full,haversine,angular,"postal representative, not individual order address"
21240,-22.81150579813459,-43.32658130224651,rio de janeiro,7,1125.97,136.44999999999999,main,dedup_full,haversine,angular,"postal representative, not individual order address"
21241,-22.813649787038614,-43.307597562839852,rio de janeiro,4,371.80000000000001,89.579999999999998,main,dedup_full,haversine,angular,"postal representative, not individual order address"
21250,-22.824825943034902,-43.306082946728303,rio de janeiro,22,2381.1600000000003,412.27999999999997,main,dedup_full,haversine,angular,"postal representative, not individual order address"
21310,-22.878907104275598,-43.340368874561527,rio de janeiro,18,1737.5799999999999,442.75999999999999,main,dedup_full,haversine,angular,"postal representative, not individual order address"
21311,-22.889268638506159,-43.327888668674056,rio de janeiro,16,2185.0599999999999,357.22000000000003,main,dedup_full,haversine,angular,"postal representative, not individual order address"
21320,-22.892138604316688,-43.347953177984074,rio de janeiro,16,1956.6900000000001,469.44999999999999,main,dedup_full,haversine,angular,"postal representative, not individual order address"
21321,-22.893460351377954,-43.360110788971383,rio de janeiro,57,8732.0200000000004,1754.27,main,dedup_full,haversine,angular,"postal representative, not individual order address"
21330,-22.882563508870579,-43.365952945844697,rio de janeiro,50,7840.1800000000003,1496.24,main,dedup_full,haversine,angular,"postal representative, not individual order address"
21331,-22.873441836620916,-43.366165044121502,rio de janeiro,25,2274.9699999999998,606.39999999999998,main,dedup_full,haversine,angular,"postal representative, not individual order address"
21340,-22.87098366216253,-43.357189350997309,rio de janeiro,9,1093.1500000000001,191.30000000000001,main,dedup_full,haversine,angular,"postal representative, not individual order address"
21341,-22.881744181436307,-43.350485600563736,rio de janeiro,22,2703.8299999999999,699.02999999999997,main,dedup_full,haversine,angular,"postal representative, not individual order address"
21350,-22.878001556344135,-43.329688179883625,rio de janeiro,12,2597.3899999999999,227.72,main,dedup_full,haversine,angular,"postal representative, not individual order address"
21351,-22.869770759096731,-43.344066516238549,rio de janeiro,10,989.37,199.56999999999999,main,dedup_full,haversine,angular,"postal representative, not individual order address"
21360,-22.866912650056996,-43.334764526959525,rio de janeiro,8,1156.7,129.31,main,dedup_full,haversine,angular,"postal representative, not individual order address"
21361,-22.853571395433296,-43.328319404747063,rio de janeiro,12,1632.5700000000002,282.73000000000002,main,dedup_full,haversine,angular,"postal representative, not individual order address"
21370,-22.869292087968901,-43.318851806796367,rio de janeiro,4,407.10000000000002,82.900000000000006,main,dedup_full,haversine,angular,"postal representative, not individual order address"
21371,-22.851120355612984,-43.325723581877128,rio de janeiro,9,1204.3399999999999,169.38,main,dedup_full,haversine,angular,"postal representative, not individual order address"
21380,-22.882977029911459,-43.320205938247923,rio de janeiro,19,2926.7399999999998,476.49000000000001,main,dedup_full,haversine,angular,"postal representative, not individual order address"
21381,-22.87905094374511,-43.31422748319455,rio de janeiro,8,2280.5900000000001,197.33000000000001,main,dedup_full,haversine,angular,"postal representative, not individual order address"
21510,-22.842181140181292,-43.354126517094599,rio de janeiro,7,752.49000000000001,136.12,main,dedup_full,haversine,angular,"postal representative, not individual order address"
21511,-22.844388037114207,-43.351884524952006,rio de janeiro,5,786.59000000000003,113.06999999999999,main,dedup_full,haversine,angular,"postal representative, not individual order address"
21512,-22.847291818916062,-43.359691977082093,rio de janeiro,5,554.31000000000006,115.27,main,dedup_full,haversine,angular,"postal representative, not individual order address"
21515,-22.839941714574483,-43.355092550713991,rio de janeiro,5,583.13,102.40000000000001,main,dedup_full,haversine,angular,"postal representative, not individual order address"
21520,-22.810977996101055,-43.361346611188445,rio de janeiro,3,293.89999999999998,65.730000000000004,main,dedup_full,haversine,angular,"postal representative, not individual order address"
21530,-22.830122048093074,-43.353045154296986,rio de janeiro,6,795.54999999999995,125.31999999999999,main,dedup_full,haversine,angular,"postal representative, not individual order address"
21532,-22.81356415895803,-43.360194786329146,rio de janeiro,1,27,15.109999999999999,main,dedup_full,haversine,angular,"postal representative, not individual order address"
21535,-22.823344240356295,-43.362029144491096,rio de janeiro,2,92.890000000000001,35.270000000000003,main,dedup_full,haversine,angular,"postal representative, not individual order address"
21540,-22.853134795445612,-43.342941844502654,rio de janeiro,10,2602.46,313.19999999999999,main,dedup_full,haversine,angular,"postal representative, not individual order address"
21545,-22.843411497061911,-43.343657002521205,rio de janeiro,4,713.58000000000004,117.04000000000001,main,dedup_full,haversine,angular,"postal representative, not individual order address"
21550,-22.86210649812795,-43.356537433441304,rio de janeiro,14,1014.38,375.16000000000003,main,dedup_full,haversine,angular,"postal representative, not individual order address"
21555,-22.854932149266471,-43.363324612857937,rio de janeiro,13,1670.6700000000001,305.44999999999999,main,dedup_full,haversine,angular,"postal representative, not individual order address"
21557,-22.856424239306854,-43.374464270948977,rio de janeiro,3,136.88999999999999,51.609999999999999,main,dedup_full,haversine,angular,"postal representative, not individual order address"
21610,-22.867303770488018,-43.37173932853451,rio de janeiro,20,4347.2200000000003,592.72000000000003,main,dedup_full,haversine,angular,"postal representative, not individual order address"
21615,-22.860075980117532,-43.393091984430782,rio de janeiro,17,2248.3099999999999,378.72000000000003,main,dedup_full,haversine,angular,"postal representative, not individual order address"
21616,-22.8539630642247,-43.396667413498186,rio de janeiro,10,1153.7,199.25,main,dedup_full,haversine,angular,"postal representative, not individual order address"
21620,-22.839556080182923,-43.405236409408211,rio de janeiro,12,795.48000000000002,174.41,main,dedup_full,haversine,angular,"postal representative, not individual order address"
21625,-22.832656658583829,-43.402979284367525,rio de janeiro,11,976.39999999999998,200.41999999999999,main,dedup_full,haversine,angular,"postal representative, not individual order address"
21630,-22.825658147858373,-43.411546616767545,rio de janeiro,5,654.59999999999991,84.780000000000001,main,dedup_full,haversine,angular,"postal representative, not individual order address"
21635,-22.833056641483417,-43.412669492860964,rio de janeiro,2,146.90000000000001,38.609999999999999,main,dedup_full,haversine,angular,"postal representative, not individual order address"
21640,-22.834709503586623,-43.392918769350111,rio de janeiro,2,155.99000000000001,36.829999999999998,main,dedup_full,haversine,angular,"postal representative, not individual order address"
21645,-22.821660821215787,-43.398006682254476,rio de janeiro,2,129.90000000000001,33.32,main,dedup_full,haversine,angular,"postal representative, not individual order address"
21650,-22.81752542608174,-43.373608874886791,rio de janeiro,5,475.77999999999997,128.24000000000001,main,dedup_full,haversine,angular,"postal representative, not individual order address"
21655,-22.818105463959093,-43.38387803052975,rio de janeiro,2,160.80000000000001,50.259999999999998,main,dedup_full,haversine,angular,"postal representative, not individual order address"
21660,-22.839583943127568,-43.377606123183099,rio de janeiro,7,568.59000000000003,186.90000000000001,main,dedup_full,haversine,angular,"postal representative, not individual order address"
21665,-22.834510812115948,-43.378311908954423,rio de janeiro,1,69.989999999999995,19.460000000000001,main,dedup_full,haversine,angular,"postal representative, not individual order address"
21670,-22.849864346161223,-43.381517808493889,rio de janeiro,5,969.78999999999996,110.27,main,dedup_full,haversine,angular,"postal representative, not individual order address"
21675,-22.850467387323253,-43.376279834451388,rio de janeiro,8,1097.5799999999999,182.36000000000001,main,dedup_full,haversine,angular,"postal representative, not individual order address"
21710,-22.876515166129789,-43.424444531510083,rio de janeiro,11,1014.17,301.73000000000002,main,dedup_full,haversine,angular,"postal representative, not individual order address"
21715,-22.879711309620664,-43.440640892549659,rio de janeiro,11,2274.79,235.47999999999999,main,dedup_full,haversine,angular,"postal representative, not individual order address"
21720,-22.865177214786659,-43.44667591506829,rio de janeiro,3,96.799999999999997,44.990000000000002,main,dedup_full,haversine,angular,"postal representative, not individual order address"
21721,-22.874960205648765,-43.413202509270384,rio de janeiro,2,254,49.640000000000001,main,dedup_full,haversine,angular,"postal representative, not individual order address"
21725,-22.859805927636994,-43.459630332298339,rio de janeiro,6,406.99000000000001,98.810000000000002,main,dedup_full,haversine,angular,"postal representative, not individual order address"
21730,-22.864164056381171,-43.434937675994107,rio de janeiro,7,1069.0699999999999,227.05000000000001,main,dedup_full,haversine,angular,"postal representative, not individual order address"
21735,-22.871852757165087,-43.429975013708578,rio de janeiro,6,1271.8699999999999,92.560000000000002,main,dedup_full,haversine,angular,"postal representative, not individual order address"
21740,-22.885515132422853,-43.387791799612181,rio de janeiro,10,2002.5999999999999,264.68000000000001,main,dedup_full,haversine,angular,"postal representative, not individual order address"
21741,-22.88912719100551,-43.394443234947666,rio de janeiro,6,859.59000000000003,206.53,main,dedup_full,haversine,angular,"postal representative, not individual order address"
21745,-22.87961843483896,-43.409960491165215,rio de janeiro,8,978.35000000000002,163.75,main,dedup_full,haversine,angular,"postal representative, not individual order address"
21746,-22.885775526693386,-43.4110256032492,rio de janeiro,1,34.990000000000002,14.52,main,dedup_full,haversine,angular,"postal representative, not individual order address"
21750,-22.878452178117509,-43.41600608204525,rio de janeiro,10,1559.27,348.38,main,dedup_full,haversine,angular,"postal representative, not individual order address"
21755,-22.883748643824948,-43.418203960731589,rio de janeiro,4,399.69000000000005,78.009999999999991,main,dedup_full,haversine,angular,"postal representative, not individual order address"
21760,-22.890580926829511,-43.42061047133955,rio de janeiro,11,787.10000000000002,183.00999999999999,main,dedup_full,haversine,angular,"postal representative, not individual order address"
21765,-22.891233656133441,-43.430593652949455,rio de janeiro,12,1811.0799999999999,279.32999999999998,main,dedup_full,haversine,angular,"postal representative, not individual order address"
21770,-22.892118348004889,-43.441945568650404,rio de janeiro,7,884.48000000000002,139.63999999999999,main,dedup_full,haversine,angular,"postal representative, not individual order address"
21775,-22.887005254978995,-43.446859259856708,rio de janeiro,9,1185.28,187.86000000000001,main,dedup_full,haversine,angular,"postal representative, not individual order address"
21810,-22.879636648398584,-43.459164854182305,rio de janeiro,11,1365.3499999999999,224.63999999999999,main,dedup_full,haversine,angular,"postal representative, not individual order address"
21815,-22.885354051895035,-43.457903286556373,rio de janeiro,8,1248.3900000000001,155.77000000000001,main,dedup_full,haversine,angular,"postal representative, not individual order address"
21820,-22.881824746585092,-43.468465284305736,rio de janeiro,11,1195.0899999999999,290.13999999999999,main,dedup_full,haversine,angular,"postal representative, not individual order address"
21825,-22.89223078994716,-43.469855657877076,rio de janeiro,5,818.97000000000003,132.28999999999999,main,dedup_full,haversine,angular,"postal representative, not individual order address"
21830,-22.879734627136376,-43.482223592378723,rio de janeiro,9,2079.25,184.38999999999999,main,dedup_full,haversine,angular,"postal representative, not individual order address"
21831,-22.889959123633297,-43.483825519587569,rio de janeiro,7,722.5,129.55000000000001,main,dedup_full,haversine,angular,"postal representative, not individual order address"
21832,-22.895204901190137,-43.490903321675567,rio de janeiro,9,731.68999999999994,193.47,main,dedup_full,haversine,angular,"postal representative, not individual order address"
21833,-22.88130392903,-43.494517006581312,rio de janeiro,3,455.48000000000002,98.359999999999999,main,dedup_full,haversine,angular,"postal representative, not individual order address"
21840,-22.869154961874504,-43.468633832959675,rio de janeiro,6,679.5,174.69,main,dedup_full,haversine,angular,"postal representative, not individual order address"
21842,-22.869339491365693,-43.481040683528839,rio de janeiro,9,852.73000000000002,222.63,main,dedup_full,haversine,angular,"postal representative, not individual order address"
21843,-22.870846498239949,-43.481259416297029,rio de janeiro,6,467.67000000000002,114.45999999999999,main,dedup_full,haversine,angular,"postal representative, not individual order address"
21850,-22.859425219557973,-43.486817054989416,rio de janeiro,2,434.99000000000001,37.880000000000003,main,dedup_full,haversine,angular,"postal representative, not individual order address"
21852,-22.864994930081838,-43.467012175883184,rio de janeiro,1,105.90000000000001,17.989999999999998,main,dedup_full,haversine,angular,"postal representative, not individual order address"
21853,-22.855407322831507,-43.483983808580902,rio de janeiro,11,1099.6700000000001,234.75,main,dedup_full,haversine,angular,"postal representative, not individual order address"
21854,-22.844785432147287,-43.494181098782001,rio de janeiro,1,79.980000000000004,30.460000000000001,main,dedup_full,haversine,angular,"postal representative, not individual order address"
21860,-22.862375509429267,-43.465757917615541,rio de janeiro,5,723.89999999999998,98.719999999999999,main,dedup_full,haversine,angular,"postal representative, not individual order address"
21862,-22.864633410428269,-43.466916455524348,rio de janeiro,6,1145.79,117.63,main,dedup_full,haversine,angular,"postal representative, not individual order address"
21863,-22.851576997349799,-43.466575648664133,rio de janeiro,6,1554.46,235.33000000000001,main,dedup_full,haversine,angular,"postal representative, not individual order address"
21864,-22.854039120490622,-43.461014802602783,rio de janeiro,3,207.5,71.930000000000007,main,dedup_full,haversine,angular,"postal representative, not individual order address"
21865,-22.851616121298996,-43.466904716737254,rio de janeiro,2,25.890000000000001,30.34,main,dedup_full,haversine,angular,"postal representative, not individual order address"
21866,-22.860299980142671,-43.481678078920368,rio de janeiro,8,901.33000000000004,181.81999999999999,main,dedup_full,haversine,angular,"postal representative, not individual order address"
21870,-22.870981442047185,-43.458494199914014,rio de janeiro,7,1212.02,168.09,main,dedup_full,haversine,angular,"postal representative, not individual order address"
21875,-22.873964435338856,-43.453908588594963,rio de janeiro,2,864.79999999999995,99.450000000000003,main,dedup_full,haversine,angular,"postal representative, not individual order address"
21910,-22.79770685220938,-43.181631034080311,rio de janeiro,15,1492.97,478.19999999999999,main,dedup_full,haversine,angular,"postal representative, not individual order address"
21911,-22.790256603083602,-43.172802336889255,rio de janeiro,9,1442.4200000000001,315.54000000000002,main,dedup_full,haversine,angular,"postal representative, not individual order address"
21920,-22.798090360874177,-43.195428460310595,rio de janeiro,25,2088.0700000000002,534.94000000000005,main,dedup_full,haversine,angular,"postal representative, not individual order address"
21921,-22.807763351312744,-43.186688279140718,rio de janeiro,13,1134.3800000000001,262.77999999999997,main,dedup_full,haversine,angular,"postal representative, not individual order address"
21930,-22.819100214478702,-43.179141528564195,rio de janeiro,12,2009.1800000000001,245.03,main,dedup_full,haversine,angular,"postal representative, not individual order address"
21931,-22.810296526690003,-43.199729206296965,rio de janeiro,39,6437.6199999999999,848.98000000000002,main,dedup_full,haversine,angular,"postal representative, not individual order address"
21932,-22.805710070694627,-43.228392725495382,rio de janeiro,4,789.77999999999997,126.70999999999998,main,dedup_full,haversine,angular,"postal representative, not individual order address"
21940,-22.813530727838963,-43.202490978227296,rio de janeiro,30,3367,655.42999999999995,main,dedup_full,haversine,angular,"postal representative, not individual order address"
21941,-22.835608336318653,-43.257402992025519,rio de janeiro,21,6635.8499999999995,515.45000000000005,main,dedup_full,haversine,angular,"postal representative, not individual order address"
22010,-22.962755331213312,-43.170566498583504,rio de janeiro,24,1880.49,495.55000000000001,main,dedup_full,haversine,angular,"postal representative, not individual order address"
22011,-22.963522473962168,-43.177643425174288,rio de janeiro,30,4796.8599999999997,658.17999999999995,main,dedup_full,haversine,angular,"postal representative, not individual order address"
22020,-22.965386385422804,-43.178399675763863,rio de janeiro,23,4963.1499999999996,533.07000000000005,main,dedup_full,haversine,angular,"postal representative, not individual order address"
22021,-22.965788558881108,-43.178997353490224,rio de janeiro,22,3326.0799999999999,550.08000000000004,main,dedup_full,haversine,angular,"postal representative, not individual order address"
22030,-22.965858496778363,-43.184283390063825,rio de janeiro,26,3540.4500000000003,674.97000000000003,main,dedup_full,haversine,angular,"postal representative, not individual order address"
22031,-22.967027574286249,-43.187890216672315,rio de janeiro,22,5414.8999999999996,517.70000000000005,main,dedup_full,haversine,angular,"postal representative, not individual order address"
22040,-22.968195494684792,-43.185145385608486,rio de janeiro,20,3262.77,445.66000000000003,main,dedup_full,haversine,angular,"postal representative, not individual order address"
22041,-22.967759106885907,-43.189941749059088,rio de janeiro,24,4041.6100000000001,625.93999999999994,main,dedup_full,haversine,angular,"postal representative, not individual order address"
22050,-22.972665642785813,-43.187786691816932,rio de janeiro,27,3718.1700000000001,672,main,dedup_full,haversine,angular,"postal representative, not individual order address"
22051,-22.972546641501282,-43.190447694035647,rio de janeiro,21,2999.5100000000002,537.91999999999996,main,dedup_full,haversine,angular,"postal representative, not individual order address"
22060,-22.976874696657912,-43.190334986142645,rio de janeiro,17,2549.8499999999999,319.50999999999999,main,dedup_full,haversine,angular,"postal representative, not individual order address"
22061,-22.975662148300199,-43.192381907390057,rio de janeiro,21,1757.99,343.51999999999998,main,dedup_full,haversine,angular,"postal representative, not individual order address"
22070,-22.980969284361223,-43.189539335171503,rio de janeiro,19,2174.79,506.39999999999998,main,dedup_full,haversine,angular,"postal representative, not individual order address"
22071,-22.980583033726589,-43.195524940623805,rio de janeiro,32,3343.75,703.13999999999999,main,dedup_full,haversine,angular,"postal representative, not individual order address"
22080,-22.983884984434184,-43.193338675971347,rio de janeiro,21,5249.1499999999996,671.55999999999995,main,dedup_full,haversine,angular,"postal representative, not individual order address"
22081,-22.984533350458456,-43.193477666376324,rio de janeiro,28,5147.6000000000004,843.65999999999997,main,dedup_full,haversine,angular,"postal representative, not individual order address"
22210,-22.931591942848684,-43.17638047538383,rio de janeiro,33,5048.54,808.88,main,dedup_full,haversine,angular,"postal representative, not individual order address"
22211,-22.923452181815772,-43.1796755523645,rio de janeiro,4,576.88,85.530000000000001,main,dedup_full,haversine,angular,"postal representative, not individual order address"
22220,-22.929003807587669,-43.176943016078148,rio de janeiro,27,2317.3499999999999,594.01999999999998,main,dedup_full,haversine,angular,"postal representative, not individual order address"
22221,-22.92915134908306,-43.18193929973372,rio de janeiro,43,5759.8100000000004,1217.5,main,dedup_full,haversine,angular,"postal representative, not individual order address"
22230,-22.9370497358051,-43.176954053722561,rio de janeiro,52,7611.8000000000002,1254.1400000000001,main,dedup_full,haversine,angular,"postal representative, not individual order address"
22231,-22.936443960524919,-43.181996197251721,rio de janeiro,45,5551.9799999999996,1143.95,main,dedup_full,haversine,angular,"postal representative, not individual order address"
22240,-22.935434338375906,-43.18746102675928,rio de janeiro,47,6487.1199999999999,945.74000000000001,main,dedup_full,haversine,angular,"postal representative, not individual order address"
22241,-22.939127856674123,-43.197563513971957,rio de janeiro,15,2430.8200000000002,403.02999999999997,main,dedup_full,haversine,angular,"postal representative, not individual order address"
22245,-22.940648413872541,-43.191025236615729,rio de janeiro,15,1801.77,281.29000000000002,main,dedup_full,haversine,angular,"postal representative, not individual order address"
22250,-22.941672731357365,-43.176758095772669,rio de janeiro,55,8478.2800000000007,1252.5599999999999,main,dedup_full,haversine,angular,"postal representative, not individual order address"
22251,-22.945317480826109,-43.185261886705625,rio de janeiro,35,8114.3600000000006,858.25999999999999,main,dedup_full,haversine,angular,"postal representative, not individual order address"
22260,-22.948924854085782,-43.192168609686206,rio de janeiro,49,8913.1299999999992,1218.53,main,dedup_full,haversine,angular,"postal representative, not individual order address"
22261,-22.956840582772774,-43.199997670010902,rio de janeiro,22,2872.9499999999998,559.83000000000004,main,dedup_full,haversine,angular,"postal representative, not individual order address"
22270,-22.953308127052409,-43.189813868496167,rio de janeiro,45,5801.0200000000004,1038.4400000000001,main,dedup_full,haversine,angular,"postal representative, not individual order address"
22271,-22.956040487328721,-43.193916894373949,rio de janeiro,22,3039.9200000000001,542.80999999999995,main,dedup_full,haversine,angular,"postal representative, not individual order address"
22280,-22.954551989804798,-43.185408775061326,rio de janeiro,29,6348.0100000000002,611.00999999999999,main,dedup_full,haversine,angular,"postal representative, not individual order address"
22281,-22.956836418495222,-43.193097017448636,rio de janeiro,18,1496.1300000000001,392.67000000000002,main,dedup_full,haversine,angular,"postal representative, not individual order address"
22290,-22.953759651410511,-43.177053272858508,rio de janeiro,56,7414.8100000000004,1148.29,main,dedup_full,haversine,angular,"postal representative, not individual order address"
22291,-22.942711586534998,-43.166586336384263,rio de janeiro,10,1070.3699999999999,198.22999999999999,main,dedup_full,haversine,angular,"postal representative, not individual order address"
22410,-22.983833017231202,-43.207088132451375,rio de janeiro,38,7201.8100000000004,725.67999999999995,main,dedup_full,haversine,angular,"postal representative, not individual order address"
22411,-22.982036566355543,-43.202945416284095,rio de janeiro,21,1692.3299999999999,500.38999999999999,main,dedup_full,haversine,angular,"postal representative, not individual order address"
22420,-22.985270708968645,-43.204229732048276,rio de janeiro,24,3357.75,534.72000000000003,main,dedup_full,haversine,angular,"postal representative, not individual order address"
22421,-22.982120472209569,-43.207432950888446,rio de janeiro,8,1112.9000000000001,188.58000000000001,main,dedup_full,haversine,angular,"postal representative, not individual order address"
22430,-22.982578199267092,-43.220262512548842,rio de janeiro,35,9180.7099999999991,962.55999999999995,main,dedup_full,haversine,angular,"postal representative, not individual order address"
22431,-22.983040958833151,-43.22503798447633,rio de janeiro,22,2425.5700000000002,521.35000000000002,main,dedup_full,haversine,angular,"postal representative, not individual order address"
22440,-22.984817993766544,-43.222235988294031,rio de janeiro,25,3987.4899999999998,602.04999999999995,main,dedup_full,haversine,angular,"postal representative, not individual order address"
22441,-22.984112567281919,-43.225947942392182,rio de janeiro,26,3258.1799999999998,576.96000000000004,main,dedup_full,haversine,angular,"postal representative, not individual order address"
22450,-22.986384262292873,-43.2321449726401,rio de janeiro,39,5424.54,867.00999999999999,main,dedup_full,haversine,angular,"postal representative, not individual order address"
22451,-22.975171070560211,-43.243571604486029,rio de janeiro,56,9533.0100000000002,1393.1500000000001,main,dedup_full,haversine,angular,"postal representative, not individual order address"
22452,-22.924911640294422,-43.340951990347946,rio de janeiro,2,145.88,55.700000000000003,main,dedup_full,haversine,angular,"postal representative, not individual order address"
22460,-22.964696212277598,-43.226055617340926,rio de janeiro,15,3956.0900000000001,285.88999999999999,main,dedup_full,haversine,angular,"postal representative, not individual order address"
22461,-22.961622738091336,-43.215469952422623,rio de janeiro,32,4330.4899999999998,793.60000000000002,main,dedup_full,haversine,angular,"postal representative, not individual order address"
22470,-22.965064848496358,-43.215084069718692,rio de janeiro,35,4948.8699999999999,807.55999999999995,main,dedup_full,haversine,angular,"postal representative, not individual order address"
22471,-22.966884951343399,-43.203208814200927,rio de janeiro,28,3499.3800000000001,709.75999999999999,main,dedup_full,haversine,angular,"postal representative, not individual order address"
22610,-22.995704941384517,-43.264048449178858,rio de janeiro,29,3507.7200000000003,792.04999999999995,main,dedup_full,haversine,angular,"postal representative, not individual order address"
22611,-23.007745392829573,-43.299003162674893,rio de janeiro,8,977.63999999999999,154.16,main,dedup_full,haversine,angular,"postal representative, not individual order address"
22620,-23.01112393338391,-43.315097097800596,rio de janeiro,35,4874.3999999999996,855.35000000000002,main,dedup_full,haversine,angular,"postal representative, not individual order address"
22621,-23.010752060382664,-43.309388572912475,rio de janeiro,27,4191.21,627.29999999999995,main,dedup_full,haversine,angular,"postal representative, not individual order address"
22630,-23.009098887918888,-43.344716428592591,rio de janeiro,30,5478.0799999999999,706.58000000000004,main,dedup_full,haversine,angular,"postal representative, not individual order address"
22631,-23.003300817630926,-43.343194580628946,rio de janeiro,85,15257.940000000001,2433.5999999999999,main,dedup_full,haversine,angular,"postal representative, not individual order address"
22640,-23.000597475522529,-43.33044228581327,rio de janeiro,26,4572.5,636.39999999999998,main,dedup_full,haversine,angular,"postal representative, not individual order address"
22641,-22.982948243710535,-43.315714710698458,rio de janeiro,6,650.19000000000005,204.84999999999999,main,dedup_full,haversine,angular,"postal representative, not individual order address"
22710,-22.93671267180968,-43.377958087792237,rio de janeiro,51,6493,1202.51,main,dedup_full,haversine,angular,"postal representative, not individual order address"
22711,-22.91373119718309,-43.390897120577669,rio de janeiro,1,39.990000000000002,21.190000000000001,main,dedup_full,haversine,angular,"postal representative, not individual order address"
22713,-22.930365432902484,-43.393720108575799,rio de janeiro,30,3629.2800000000002,731.25,main,dedup_full,haversine,angular,"postal representative, not individual order address"
22715,-22.923355641776098,-43.383046917508274,rio de janeiro,9,1131.47,192.93000000000001,main,dedup_full,haversine,angular,"postal representative, not individual order address"
22720,-22.918253254941781,-43.38556120792191,rio de janeiro,25,4559.0900000000001,582.98000000000002,main,dedup_full,haversine,angular,"postal representative, not individual order address"
22723,-22.917159804510817,-43.404067681507648,rio de janeiro,41,5884.7799999999997,1120.71,main,dedup_full,haversine,angular,"postal representative, not individual order address"
22725,-22.911819638551648,-43.375885532338707,rio de janeiro,21,3100.9899999999998,496.39999999999998,main,dedup_full,haversine,angular,"postal representative, not individual order address"
22730,-22.919480858089948,-43.369654334875307,rio de janeiro,22,5331.2700000000004,505.49000000000001,main,dedup_full,haversine,angular,"postal representative, not individual order address"
22733,-22.906502218476952,-43.366520970762281,rio de janeiro,18,3219.8400000000001,353.06,main,dedup_full,haversine,angular,"postal representative, not individual order address"
22735,-22.920733099589388,-43.358438088852694,rio de janeiro,15,2154.98,507.66000000000003,main,dedup_full,haversine,angular,"postal representative, not individual order address"
22740,-22.925951270738445,-43.358392010693912,rio de janeiro,22,3718.7399999999998,679.08000000000004,main,dedup_full,haversine,angular,"postal representative, not individual order address"
22743,-22.929465057749837,-43.348684574212427,rio de janeiro,48,5392.9799999999996,1090.6199999999999,main,dedup_full,haversine,angular,"postal representative, not individual order address"
22745,-22.934907176614402,-43.333706531815942,rio de janeiro,31,4536.7600000000002,738.04999999999995,main,dedup_full,haversine,angular,"postal representative, not individual order address"
22750,-22.944042724835729,-43.334699780665829,rio de janeiro,49,5831.0100000000002,1195.26,main,dedup_full,haversine,angular,"postal representative, not individual order address"
22753,-22.963221623260861,-43.331756390841939,rio de janeiro,52,9949.9300000000003,1302.0599999999999,main,dedup_full,haversine,angular,"postal representative, not individual order address"
22755,-22.947975600170931,-43.337816657524066,rio de janeiro,19,2335.5500000000002,368.73000000000002,main,dedup_full,haversine,angular,"postal representative, not individual order address"
22760,-22.938809123335695,-43.345800141609253,rio de janeiro,16,2226.3499999999999,417.29000000000002,main,dedup_full,haversine,angular,"postal representative, not individual order address"
22763,-22.948180178511681,-43.370753572992015,rio de janeiro,15,2140.27,326.47000000000003,main,dedup_full,haversine,angular,"postal representative, not individual order address"
22765,-22.9543389768221,-43.359498802545069,rio de janeiro,25,4579.54,679.97000000000003,main,dedup_full,haversine,angular,"postal representative, not individual order address"
22770,-22.936436718313626,-43.36018004980685,rio de janeiro,46,5329.96,1030.71,main,dedup_full,haversine,angular,"postal representative, not individual order address"
22772,-22.95005017710918,-43.360847511047254,rio de janeiro,1,29.899999999999999,19.84,main,dedup_full,haversine,angular,"postal representative, not individual order address"
22773,-22.948859882583445,-43.364342044883657,rio de janeiro,9,804.58000000000004,177.11000000000001,main,dedup_full,haversine,angular,"postal representative, not individual order address"
22775,-22.965097551656015,-43.380632630109098,rio de janeiro,103,16328.190000000001,2747.8699999999999,main,dedup_full,haversine,angular,"postal representative, not individual order address"
22776,-22.990645563225257,-43.353315675500504,rio de janeiro,11,1213.3199999999999,196.38999999999999,main,dedup_full,haversine,angular,"postal representative, not individual order address"
22780,-22.959859787859784,-43.396793086693542,rio de janeiro,48,6361.4499999999998,1152.6199999999999,main,dedup_full,haversine,angular,"postal representative, not individual order address"
22783,-22.984040501861816,-43.452618757880728,rio de janeiro,44,5413.7600000000002,990.75,main,dedup_full,haversine,angular,"postal representative, not individual order address"
22785,-22.977648307427252,-43.491794559390641,rio de janeiro,15,1410.98,285.80000000000001,main,dedup_full,haversine,angular,"postal representative, not individual order address"
22790,-23.013945234739644,-43.463020174938741,rio de janeiro,136,21785.209999999999,3014.8299999999999,main,dedup_full,haversine,angular,"postal representative, not individual order address"
22793,-22.999729789317982,-43.401028570814155,rio de janeiro,116,16054.059999999999,2801.79,main,dedup_full,haversine,angular,"postal representative, not individual order address"
22795,-23.020087016836271,-43.464409431089791,rio de janeiro,68,8942.5400000000009,1343.9400000000001,main,dedup_full,haversine,angular,"postal representative, not individual order address"
23010,-22.884900848265971,-43.51160058488766,rio de janeiro,10,2100.6500000000001,230.16999999999999,main,dedup_full,haversine,angular,"postal representative, not individual order address"
23012,-22.891145430360549,-43.528448650719007,rio de janeiro,5,1666.78,71.359999999999999,main,dedup_full,haversine,angular,"postal representative, not individual order address"
23013,-22.901368539671722,-43.541351082274524,rio de janeiro,11,1484.74,245.61000000000001,main,dedup_full,haversine,angular,"postal representative, not individual order address"
23015,-22.908062671409596,-43.539564734275025,rio de janeiro,4,478.57999999999998,60.920000000000002,main,dedup_full,haversine,angular,"postal representative, not individual order address"
23016,-22.912685075275146,-43.535991441592721,rio de janeiro,5,584.28999999999996,123.8,main,dedup_full,haversine,angular,"postal representative, not individual order address"
23017,-22.920060829545072,-43.530190055042929,rio de janeiro,16,1662.23,445.82999999999998,main,dedup_full,haversine,angular,"postal representative, not individual order address"
23020,-23.002798592441785,-43.544464175826008,rio de janeiro,17,2349.8099999999999,324.69,main,dedup_full,haversine,angular,"postal representative, not individual order address"
23025,-22.98962456009005,-43.616082171878496,rio de janeiro,4,623.88,101.11,main,dedup_full,haversine,angular,"postal representative, not individual order address"
23026,-22.98903655507538,-43.629728266653366,rio de janeiro,7,655.34000000000003,166.19999999999999,main,dedup_full,haversine,angular,"postal representative, not individual order address"
23027,-23.001551843078641,-43.639413282678902,rio de janeiro,1,40,22.210000000000001,main,dedup_full,haversine,angular,"postal representative, not individual order address"
23028,-22.980309846855462,-43.660415365092106,rio de janeiro,7,716.60000000000002,167.09999999999999,main,dedup_full,haversine,angular,"postal representative, not individual order address"
23030,-22.965507759157131,-43.595103300809441,rio de janeiro,12,1097.6300000000001,274.43000000000001,main,dedup_full,haversine,angular,"postal representative, not individual order address"
23031,-22.964318609812434,-43.612167224541707,rio de janeiro,6,471.79000000000002,80.620000000000005,main,dedup_full,haversine,angular,"postal representative, not individual order address"
23032,-22.972485875500748,-43.642735540899182,rio de janeiro,11,3148.5900000000001,275.80000000000001,main,dedup_full,haversine,angular,"postal representative, not individual order address"
23033,-22.95583144364257,-43.605763673942675,rio de janeiro,8,2094.3800000000001,214.02000000000001,main,dedup_full,haversine,angular,"postal representative, not individual order address"
23035,-22.945901702136865,-43.592658414709135,rio de janeiro,12,2189.1900000000001,354.29000000000002,main,dedup_full,haversine,angular,"postal representative, not individual order address"
23036,-22.936141929343982,-43.57452666301198,rio de janeiro,10,1326.9200000000001,222.66,main,dedup_full,haversine,angular,"postal representative, not individual order address"
23040,-22.93137724802801,-43.553386648262908,rio de janeiro,19,1770.0799999999999,454.23000000000002,main,dedup_full,haversine,angular,"postal representative, not individual order address"
23042,-22.927805251513597,-43.554052007104652,rio de janeiro,10,886.46000000000004,171.69,main,dedup_full,haversine,angular,"postal representative, not individual order address"
23045,-22.918086509162087,-43.562907475630823,rio de janeiro,23,3760.75,557.40999999999997,main,dedup_full,haversine,angular,"postal representative, not individual order address"
23047,-22.924011682660407,-43.55850387375574,rio de janeiro,6,1366.2300000000002,105.23999999999999,main,dedup_full,haversine,angular,"postal representative, not individual order address"
23050,-22.906629659072845,-43.56664268066649,rio de janeiro,16,3374.6399999999999,352.02999999999997,main,dedup_full,haversine,angular,"postal representative, not individual order address"
23052,-22.906759299341577,-43.552385698879149,rio de janeiro,18,3617.71,855.80999999999995,main,dedup_full,haversine,angular,"postal representative, not individual order address"
23055,-22.910955955417283,-43.578601770750147,rio de janeiro,13,1400.1900000000001,221.31999999999999,main,dedup_full,haversine,angular,"postal representative, not individual order address"
23056,-22.918154218853619,-43.610134684444198,rio de janeiro,5,373.77999999999997,85.810000000000002,main,dedup_full,haversine,angular,"postal representative, not individual order address"
23057,-22.915226184509496,-43.508712228908223,rio de janeiro,7,452.58999999999997,193.22999999999999,main,dedup_full,haversine,angular,"postal representative, not individual order address"
23058,-22.913457370553118,-43.57424207312225,rio de janeiro,10,1053.1900000000001,194.84999999999999,main,dedup_full,haversine,angular,"postal representative, not individual order address"
23059,-22.912539293464153,-43.588099310959521,rio de janeiro,16,1443.3,256.62,main,dedup_full,haversine,angular,"postal representative, not individual order address"
23060,-22.89827053178648,-43.602700072611874,rio de janeiro,24,4553.7600000000002,519.86000000000001,main,dedup_full,haversine,angular,"postal representative, not individual order address"
23061,-22.908147055094954,-43.606178104261026,rio de janeiro,7,631.73000000000002,140.50999999999999,main,dedup_full,haversine,angular,"postal representative, not individual order address"
23062,-22.90306044059243,-43.599188197062901,rio de janeiro,8,615.43000000000006,214.69999999999999,main,dedup_full,haversine,angular,"postal representative, not individual order address"
23063,-22.897538170027591,-43.593246459748343,rio de janeiro,13,1921.02,345.31,main,dedup_full,haversine,angular,"postal representative, not individual order address"
23064,-22.90071648267757,-43.583623381959242,rio de janeiro,8,1336.8499999999999,139.71000000000001,main,dedup_full,haversine,angular,"postal representative, not individual order address"
23065,-22.884219886097803,-43.618941629108626,rio de janeiro,9,843.27999999999997,229.30000000000001,main,dedup_full,haversine,angular,"postal representative, not individual order address"
23066,-22.888541005272756,-43.622182110622404,rio de janeiro,15,1722,255.93000000000001,main,dedup_full,haversine,angular,"postal representative, not individual order address"
23067,-22.881844671496097,-43.615808525491865,rio de janeiro,2,477.99000000000001,166.59999999999999,main,dedup_full,haversine,angular,"postal representative, not individual order address"
23068,-22.886524036647955,-43.597342103124824,rio de janeiro,8,1058.1800000000001,284.94,main,dedup_full,haversine,angular,"postal representative, not individual order address"
23070,-22.895572237363908,-43.577808696466995,rio de janeiro,17,3048.4699999999998,403.75999999999999,main,dedup_full,haversine,angular,"postal representative, not individual order address"
23071,-22.887762234560309,-43.580573314739276,rio de janeiro,13,1112.9000000000001,252.74000000000001,main,dedup_full,haversine,angular,"postal representative, not individual order address"
23073,-22.889053662037032,-43.582951829622758,rio de janeiro,11,1612.76,212.03,main,dedup_full,haversine,angular,"postal representative, not individual order address"
23075,-22.877987464236096,-43.576049272625013,rio de janeiro,31,3144.3200000000002,654.76999999999998,main,dedup_full,haversine,angular,"postal representative, not individual order address"
23076,-22.88225556046191,-43.574962255366799,rio de janeiro,1,20.300000000000001,15.1,main,dedup_full,haversine,angular,"postal representative, not individual order address"
23078,-22.87384988092959,-43.586383721708508,rio de janeiro,12,946.09000000000003,383.41000000000003,main,dedup_full,haversine,angular,"postal representative, not individual order address"
23080,-22.898533142275067,-43.565526976598939,rio de janeiro,15,2280.4700000000003,389.86000000000001,main,dedup_full,haversine,angular,"postal representative, not individual order address"
23081,-22.894330869032849,-43.567328712393582,rio de janeiro,5,777.67000000000007,83.039999999999992,main,dedup_full,haversine,angular,"postal representative, not individual order address"
23082,-22.894706328026782,-43.571392706181193,rio de janeiro,4,621.99000000000001,73.900000000000006,main,dedup_full,haversine,angular,"postal representative, not individual order address"
23085,-22.894051305611043,-43.546401161033451,rio de janeiro,10,814.95999999999992,227.80000000000001,main,dedup_full,haversine,angular,"postal representative, not individual order address"
23087,-22.887283893530576,-43.559473487707926,rio de janeiro,17,2807.6500000000001,336.32999999999998,main,dedup_full,haversine,angular,"postal representative, not individual order address"
23088,-22.885414878181745,-43.549120165096852,rio de janeiro,13,1481.53,335.75999999999999,main,dedup_full,haversine,angular,"postal representative, not individual order address"
23090,-22.878175270022471,-43.562863168990638,rio de janeiro,12,1307.95,259.38999999999999,main,dedup_full,haversine,angular,"postal representative, not individual order address"
23092,-22.873711609514569,-43.540174697562968,rio de janeiro,22,3447.4200000000001,542.24000000000001,main,dedup_full,haversine,angular,"postal representative, not individual order address"
23093,-22.877937075648354,-43.529798288576423,rio de janeiro,11,1735.5799999999999,308.76999999999998,main,dedup_full,haversine,angular,"postal representative, not individual order address"
23094,-22.876535905402065,-43.520923768097973,rio de janeiro,9,1068.99,230.87,main,dedup_full,haversine,angular,"postal representative, not individual order address"
23095,-22.869027395989679,-43.555551409126139,rio de janeiro,15,1486.6800000000001,407.38,main,dedup_full,haversine,angular,"postal representative, not individual order address"
23097,-22.851053473784113,-43.536352838780694,rio de janeiro,8,2435.2600000000002,129.27000000000001,main,dedup_full,haversine,angular,"postal representative, not individual order address"
23098,-22.871021581359891,-43.523569768382856,rio de janeiro,2,478.91000000000003,102.69,main,dedup_full,haversine,angular,"postal representative, not individual order address"
23510,-22.920178429181362,-43.66761423636504,rio de janeiro,7,745.27999999999997,165.56999999999999,main,dedup_full,haversine,angular,"postal representative, not individual order address"
23515,-22.923978838519968,-43.682875206464288,rio de janeiro,6,889.86000000000001,244.84,main,dedup_full,haversine,angular,"postal representative, not individual order address"
23520,-22.936100646430727,-43.659864298964045,rio de janeiro,27,2148.5799999999999,500.97000000000003,main,dedup_full,haversine,angular,"postal representative, not individual order address"
23525,-22.944606247941088,-43.676725872097073,rio de janeiro,5,470.63,61.82,main,dedup_full,haversine,angular,"postal representative, not individual order address"
23530,-22.973312860894904,-43.680230179085832,rio de janeiro,8,966.25,156.52000000000001,main,dedup_full,haversine,angular,"postal representative, not individual order address"
23535,-22.97859264448816,-43.688727821765063,rio de janeiro,14,1817.6700000000001,692.35000000000002,main,dedup_full,haversine,angular,"postal representative, not individual order address"
23540,-22.974451563160002,-43.695396533557194,rio de janeiro,9,815.74000000000001,172.04000000000002,main,dedup_full,haversine,angular,"postal representative, not individual order address"
23545,-22.967451049474246,-43.699174672085867,rio de janeiro,11,1098.27,221.00999999999999,main,dedup_full,haversine,angular,"postal representative, not individual order address"
23547,-22.93249321644976,-43.62300753113864,rio de janeiro,2,145.88999999999999,35.370000000000005,main,dedup_full,haversine,angular,"postal representative, not individual order address"
23550,-22.931006872545307,-43.689099106167085,rio de janeiro,16,2308.0700000000002,295.81999999999999,main,dedup_full,haversine,angular,"postal representative, not individual order address"
23555,-22.917153556217581,-43.692111748234069,rio de janeiro,6,1248.1099999999999,135.50999999999999,main,dedup_full,haversine,angular,"postal representative, not individual order address"
23560,-22.898183269228269,-43.698338380840767,rio de janeiro,19,3971.1799999999998,343.14999999999998,main,dedup_full,haversine,angular,"postal representative, not individual order address"
23565,-22.899110121537042,-43.692387144424927,rio de janeiro,2,76.990000000000009,37.640000000000001,main,dedup_full,haversine,angular,"postal representative, not individual order address"
23570,-22.909923107155148,-43.67384594621582,rio de janeiro,10,1559.8699999999999,223.16999999999999,main,dedup_full,haversine,angular,"postal representative, not individual order address"
23573,-22.913101475881749,-43.653413833717373,rio de janeiro,5,736.48000000000002,99.390000000000001,main,dedup_full,haversine,angular,"postal representative, not individual order address"
23575,-22.9010315194211,-43.665399946265275,rio de janeiro,18,1646.1500000000001,352.12,main,dedup_full,haversine,angular,"postal representative, not individual order address"
23580,-22.911459174614183,-43.622732197033663,rio de janeiro,13,1938.1700000000001,278.05000000000001,main,dedup_full,haversine,angular,"postal representative, not individual order address"
23585,-22.924376097012146,-43.635548850109458,rio de janeiro,22,2298.4099999999999,401.89999999999998,main,dedup_full,haversine,angular,"postal representative, not individual order address"
23587,-22.922449180782223,-43.629351544096174,rio de janeiro,18,2743.7600000000002,430.50999999999999,main,dedup_full,haversine,angular,"postal representative, not individual order address"
23595,-22.926206743196033,-43.629604404134149,rio de janeiro,12,1005.36,221.59,main,dedup_full,haversine,angular,"postal representative, not individual order address"
23810,-22.87122343931749,-43.769201872778794,itaguai,10,1477.6700000000001,210.63,main,dedup_full,haversine,angular,"postal representative, not individual order address"
23811,-22.864747936968303,-43.766992655416587,itaguai,5,573.13999999999999,105.33,main,dedup_full,haversine,angular,"postal representative, not individual order address"
23812,-22.871518143157687,-43.771358705757883,itaguai,5,793.85000000000002,136.33000000000001,main,dedup_full,haversine,angular,"postal representative, not individual order address"
23815,-22.868475206803783,-43.779717030443273,itaguai,4,995.88,106.03,main,dedup_full,haversine,angular,"postal representative, not individual order address"
23820,-22.862986023620461,-43.784838086553798,itaguai,4,522.39999999999998,106.66,main,dedup_full,haversine,angular,"postal representative, not individual order address"
23821,-22.870960295579259,-43.791186217915921,itaguai,1,249.90000000000001,36.880000000000003,main,dedup_full,haversine,angular,"postal representative, not individual order address"
23822,-22.859967414707299,-43.794970586339531,itaguai,1,247,19.609999999999999,main,dedup_full,haversine,angular,"postal representative, not individual order address"
23825,-22.886589545377692,-43.830740591281824,itaguai,4,375.05000000000001,52.020000000000003,main,dedup_full,haversine,angular,"postal representative, not individual order address"
23826,-22.898243288429526,-43.850779234154892,itaguai,4,246.44999999999999,77.390000000000001,main,dedup_full,haversine,angular,"postal representative, not individual order address"
23830,-22.847229514852991,-43.781541943526484,itaguai,2,258,126.25,main,dedup_full,haversine,angular,"postal representative, not individual order address"
23831,-22.876635031970025,-43.809851266981823,itaguai,3,234.80000000000001,52.259999999999998,main,dedup_full,haversine,angular,"postal representative, not individual order address"
23832,-22.855345092989712,-43.765834563284727,itaguai,1,89,15.369999999999999,main,dedup_full,haversine,angular,"postal representative, not individual order address"
23855,-22.863870769991468,-43.759234267189299,itaguai,2,59.399999999999999,35.020000000000003,main,dedup_full,haversine,angular,"postal representative, not individual order address"
23890,-22.78997244882445,-43.646322395209751,seropedica,3,218.59999999999999,62.869999999999997,main,dedup_full,haversine,angular,"postal representative, not individual order address"
23893,-22.706525038921892,-43.703887408163986,seropedica,2,309.89999999999998,43.75,main,dedup_full,haversine,angular,"postal representative, not individual order address"
23894,-22.74210983052059,-43.698268364254055,seropedica,9,820.26999999999998,181.34999999999999,main,dedup_full,haversine,angular,"postal representative, not individual order address"
23895,-22.745904537588327,-43.708734630375922,seropedica,9,1833.8099999999999,411.08999999999997,main,dedup_full,haversine,angular,"postal representative, not individual order address"
23897,-22.795869580324783,-43.654592396340426,seropedica,2,144.97999999999999,33.009999999999998,main,dedup_full,haversine,angular,"postal representative, not individual order address"
23898,-22.808158425192886,-43.643539069387707,seropedica,8,1063.5899999999999,133.13,main,dedup_full,haversine,angular,"postal representative, not individual order address"
24020,-22.89376653494346,-43.120477609613616,niteroi,34,10724.530000000001,794.60000000000002,main,dedup_full,haversine,angular,"postal representative, not individual order address"
24030,-22.888084829471062,-43.118770596447597,niteroi,33,4484.3999999999996,715.04999999999995,main,dedup_full,haversine,angular,"postal representative, not individual order address"
24040,-22.882464046569478,-43.124052067998093,niteroi,4,439.42000000000002,74.800000000000011,main,dedup_full,haversine,angular,"postal representative, not individual order address"
24050,-22.876665538436217,-43.107784309037086,niteroi,2,242.90000000000001,50.939999999999998,main,dedup_full,haversine,angular,"postal representative, not individual order address"
24060,-22.886354492876425,-43.110520106991046,niteroi,9,1055.9400000000001,207.37,main,dedup_full,haversine,angular,"postal representative, not individual order address"
24070,-22.893047847825223,-43.110661568909109,niteroi,1,56.100000000000001,19.579999999999998,main,dedup_full,haversine,angular,"postal representative, not individual order address"
24110,-22.869184665256235,-43.100048771811551,niteroi,44,4099.1800000000003,844.68000000000006,main,dedup_full,haversine,angular,"postal representative, not individual order address"
24111,-22.864106910495398,-43.09247172170393,niteroi,2,74.900000000000006,35.060000000000002,main,dedup_full,haversine,angular,"postal representative, not individual order address"
24119,-22.863434928462532,-43.097257374031642,niteroi,1,38.899999999999999,15.23,main,dedup_full,haversine,angular,"postal representative, not individual order address"
24120,-22.883273305007684,-43.092171605735672,niteroi,36,4472.3199999999997,898.24000000000001,main,dedup_full,haversine,angular,"postal representative, not individual order address"
24130,-22.878875291467107,-43.089664279446417,niteroi,26,3916.8299999999999,574.26999999999998,main,dedup_full,haversine,angular,"postal representative, not individual order address"
24140,-22.887429971605549,-43.063715373468824,niteroi,6,241.66999999999999,104.78,main,dedup_full,haversine,angular,"postal representative, not individual order address"
24141,-22.878323003203249,-43.055824915378132,niteroi,4,373.79000000000002,109.26000000000001,main,dedup_full,haversine,angular,"postal representative, not individual order address"
24210,-22.90208275643856,-43.123324823057338,niteroi,69,7669.0900000000001,1437.52,main,dedup_full,haversine,angular,"postal representative, not individual order address"
24220,-22.903659896544916,-43.107255801403191,niteroi,115,17242.790000000001,2742.25,main,dedup_full,haversine,angular,"postal representative, not individual order address"
24230,-22.906322788230405,-43.106105692939799,niteroi,117,17100.689999999999,2802.1999999999998,main,dedup_full,haversine,angular,"postal representative, not individual order address"
24240,-22.896994821613422,-43.098553603831988,niteroi,59,6874.1499999999996,1447.55,main,dedup_full,haversine,angular,"postal representative, not individual order address"
24241,-22.903999023677706,-43.091822227707702,niteroi,21,2001.47,365.37,main,dedup_full,haversine,angular,"postal representative, not individual order address"
24310,-22.911360998916482,-43.068717057519507,niteroi,8,427.54000000000002,154.54999999999998,main,dedup_full,haversine,angular,"postal representative, not individual order address"
24315,-22.901700897312516,-43.069305395004335,niteroi,22,2712,439.88999999999999,main,dedup_full,haversine,angular,"postal representative, not individual order address"
24320,-22.903458711641832,-43.04903863941523,niteroi,21,3476.6199999999999,482.55000000000001,main,dedup_full,haversine,angular,"postal representative, not individual order address"
24322,-22.895628853747652,-43.038044036759196,niteroi,5,543.38999999999999,85.969999999999999,main,dedup_full,haversine,angular,"postal representative, not individual order address"
24325,-22.88074349010077,-43.028447114782217,niteroi,3,294.88999999999999,99.099999999999994,main,dedup_full,haversine,angular,"postal representative, not individual order address"
24330,-22.901159067855016,-42.991380994402014,niteroi,9,775,171.03999999999999,main,dedup_full,haversine,angular,"postal representative, not individual order address"
24340,-22.947151023640679,-43.034353640259305,niteroi,20,2547.8000000000002,471.67000000000002,main,dedup_full,haversine,angular,"postal representative, not individual order address"
24342,-22.937908226078161,-43.022600376246089,niteroi,21,2043.1199999999999,406.06,main,dedup_full,haversine,angular,"postal representative, not individual order address"
24344,-22.937563177133988,-43.014474971995178,niteroi,10,2482.9899999999998,294.22000000000003,main,dedup_full,haversine,angular,"postal representative, not individual order address"
24346,-22.950688247378903,-43.027416185003069,niteroi,12,1772.21,432.31999999999999,main,dedup_full,haversine,angular,"postal representative, not individual order address"
24348,-22.969842903362757,-43.032057847529892,niteroi,5,414.13999999999999,88.769999999999996,main,dedup_full,haversine,angular,"postal representative, not individual order address"
24350,-22.941094234171018,-43.066404348119256,niteroi,36,6386.0600000000004,1229.22,main,dedup_full,haversine,angular,"postal representative, not individual order address"
24355,-22.94127012558231,-43.043528913986123,niteroi,11,1544.7,383.66000000000003,main,dedup_full,haversine,angular,"postal representative, not individual order address"
24358,-22.953464421843513,-43.073200443540991,niteroi,20,2331.5100000000002,483.82999999999998,main,dedup_full,haversine,angular,"postal representative, not individual order address"
24360,-22.916786954307746,-43.090438396175315,niteroi,31,4068.8200000000002,920.77999999999997,main,dedup_full,haversine,angular,"postal representative, not individual order address"
24365,-22.912248002727832,-43.081194045132797,niteroi,3,386.60000000000002,54.689999999999998,main,dedup_full,haversine,angular,"postal representative, not individual order address"
24370,-22.924640919998559,-43.101475365761438,niteroi,4,2545.9000000000001,105.53,main,dedup_full,haversine,angular,"postal representative, not individual order address"
24410,-22.85968786562217,-43.079451835158594,sao goncalo,1,179.99000000000001,45.719999999999999,main,dedup_full,haversine,angular,"postal representative, not individual order address"
24411,-22.856902312701749,-43.080274902376644,sao goncalo,1,79.900000000000006,16.809999999999999,main,dedup_full,haversine,angular,"postal representative, not individual order address"
24412,-22.847667318075818,-43.075334825947017,sao goncalo,8,1215.77,175.53,main,dedup_full,haversine,angular,"postal representative, not individual order address"
24415,-22.840240100617784,-43.074649758054193,sao goncalo,8,1171.5799999999999,267.80000000000001,main,dedup_full,haversine,angular,"postal representative, not individual order address"
24416,-22.840370396106202,-43.068205968868988,sao goncalo,13,1308.23,266.13999999999999,main,dedup_full,haversine,angular,"postal representative, not individual order address"
24417,-22.846025215112689,-43.05099361485064,sao goncalo,2,328.80000000000001,60.469999999999999,main,dedup_full,haversine,angular,"postal representative, not individual order address"
24420,-22.835623780491396,-43.04647600981221,sao goncalo,2,266.60000000000002,78.97999999999999,main,dedup_full,haversine,angular,"postal representative, not individual order address"
24421,-22.830881110236017,-43.041793821393874,sao goncalo,8,610.98000000000002,144.78,main,dedup_full,haversine,angular,"postal representative, not individual order address"
24422,-22.82773081859154,-43.028959632192041,sao goncalo,10,1551.78,191.34,main,dedup_full,haversine,angular,"postal representative, not individual order address"
24425,-22.852711819533031,-43.089972198313767,sao goncalo,6,316.68000000000001,95.709999999999994,main,dedup_full,haversine,angular,"postal representative, not individual order address"
24426,-22.840436827626483,-43.086218205814795,sao goncalo,4,620.29999999999995,134.31999999999999,main,dedup_full,haversine,angular,"postal representative, not individual order address"
24430,-22.829925835011743,-43.084579766673009,sao goncalo,6,456.38999999999999,93.290000000000006,main,dedup_full,haversine,angular,"postal representative, not individual order address"
24431,-22.828671048207287,-43.081669969287162,sao goncalo,18,2040.3499999999999,324.25999999999999,main,dedup_full,haversine,angular,"postal representative, not individual order address"
24435,-22.827462061083782,-43.070130738478781,sao goncalo,13,2237.9299999999998,259.01999999999998,main,dedup_full,haversine,angular,"postal representative, not individual order address"
24436,-22.821105884312558,-43.067145073195036,sao goncalo,10,1290.28,224.06,main,dedup_full,haversine,angular,"postal representative, not individual order address"
24440,-22.827569265958029,-43.05486948642519,sao goncalo,18,2022.21,450.74000000000001,main,dedup_full,haversine,angular,"postal representative, not individual order address"
24445,-22.818635319814973,-43.03378619327647,sao goncalo,19,2181.4699999999998,351.5,main,dedup_full,haversine,angular,"postal representative, not individual order address"
24450,-22.823567340895629,-43.020291032276127,sao goncalo,11,1065.5899999999999,167.62,main,dedup_full,haversine,angular,"postal representative, not individual order address"
24451,-22.831089434821656,-43.015492230955367,sao goncalo,19,2965.75,581.23000000000002,main,dedup_full,haversine,angular,"postal representative, not individual order address"
24452,-22.818754121358701,-43.010583010993251,sao goncalo,8,479.19,146.93000000000001,main,dedup_full,haversine,angular,"postal representative, not individual order address"
24455,-22.809171720399593,-43.025903097097334,sao goncalo,7,966.38,171.54000000000002,main,dedup_full,haversine,angular,"postal representative, not individual order address"
24456,-22.809372852293745,-43.016048471253974,sao goncalo,8,1221.3199999999999,225.44999999999999,main,dedup_full,haversine,angular,"postal representative, not individual order address"
24457,-22.806860894215838,-43.012622384102237,sao goncalo,6,1374.1900000000001,186.66999999999999,main,dedup_full,haversine,angular,"postal representative, not individual order address"
24460,-22.814662968720381,-43.043535629273762,sao goncalo,5,521.59000000000003,119.52,main,dedup_full,haversine,angular,"postal representative, not individual order address"
24461,-22.803590032139738,-43.035935762236285,sao goncalo,6,469.07999999999998,129.67000000000002,main,dedup_full,haversine,angular,"postal representative, not individual order address"
24465,-22.818402568365446,-43.054302630701564,sao goncalo,5,312.39999999999998,79.489999999999995,main,dedup_full,haversine,angular,"postal representative, not individual order address"
24466,-22.81155245359863,-43.062611415799104,sao goncalo,3,228.97999999999999,38.710000000000001,main,dedup_full,haversine,angular,"postal representative, not individual order address"
24467,-22.805576270210274,-43.052697585584752,sao goncalo,2,130.96000000000001,35.420000000000002,main,dedup_full,haversine,angular,"postal representative, not individual order address"
24470,-22.796687331693199,-43.045289269165572,sao goncalo,1,193.80000000000001,35.859999999999999,main,dedup_full,haversine,angular,"postal representative, not individual order address"
24471,-22.785600785156785,-43.045936402286863,sao goncalo,2,99.75,56.939999999999998,main,dedup_full,haversine,angular,"postal representative, not individual order address"
24472,-22.789307602143428,-43.038192587449856,sao goncalo,2,288.80000000000001,39.149999999999999,main,dedup_full,haversine,angular,"postal representative, not individual order address"
24473,-22.788316378377232,-43.032034523313143,sao goncalo,1,34.979999999999997,28.199999999999999,main,dedup_full,haversine,angular,"postal representative, not individual order address"
24474,-22.795482050337558,-43.024635124868105,sao goncalo,1,99.900000000000006,15.460000000000001,main,dedup_full,haversine,angular,"postal representative, not individual order address"
24475,-22.778868296252909,-43.025369475355873,sao goncalo,1,99.989999999999995,16.949999999999999,main,dedup_full,haversine,angular,"postal representative, not individual order address"
24710,-22.823393639742051,-43.003578441749688,sao goncalo,13,2092.9700000000003,358.44,main,dedup_full,haversine,angular,"postal representative, not individual order address"
24711,-22.818854408372193,-42.997776566118638,sao goncalo,7,855.56000000000006,142.63,main,dedup_full,haversine,angular,"postal representative, not individual order address"
24715,-22.802693418913929,-42.990200138962855,sao goncalo,6,878.5,113.62,main,dedup_full,haversine,angular,"postal representative, not individual order address"
24716,-22.790333136841088,-43.004130796401704,sao goncalo,3,2863.9000000000001,102.5,main,dedup_full,haversine,angular,"postal representative, not individual order address"
24717,-22.808100201908122,-43.002868977378228,sao goncalo,4,309.69,99.390000000000001,main,dedup_full,haversine,angular,"postal representative, not individual order address"
24720,-22.813252510361071,-42.987241758434813,sao goncalo,3,207.69,38.630000000000003,main,dedup_full,haversine,angular,"postal representative, not individual order address"
24721,-22.804707751276954,-42.985181586039609,sao goncalo,1,138,100.56,main,dedup_full,haversine,angular,"postal representative, not individual order address"
24722,-22.79735819477763,-42.97456186981632,sao goncalo,9,1502.5899999999999,173.56999999999999,main,dedup_full,haversine,angular,"postal representative, not individual order address"
24723,-22.81851690461707,-42.946077021931046,sao goncalo,5,736.45000000000005,126.84999999999999,main,dedup_full,haversine,angular,"postal representative, not individual order address"
24724,-22.805870285245856,-42.957766298719584,sao goncalo,4,538.89999999999998,91.849999999999994,main,dedup_full,haversine,angular,"postal representative, not individual order address"
24725,-22.811487271895615,-42.972677432245824,sao goncalo,4,1169.4000000000001,82.640000000000001,main,dedup_full,haversine,angular,"postal representative, not individual order address"
24726,-22.788511702760541,-42.958565788861314,sao goncalo,1,151,15.720000000000001,main,dedup_full,haversine,angular,"postal representative, not individual order address"
24730,-22.829099902176239,-42.987766357297033,sao goncalo,3,437.99000000000001,82.680000000000007,main,dedup_full,haversine,angular,"postal representative, not individual order address"
24731,-22.822644961127406,-42.987009369334288,sao goncalo,2,320.62,44.270000000000003,main,dedup_full,haversine,angular,"postal representative, not individual order address"
24732,-22.827076662802437,-42.973795073032022,sao goncalo,3,450.76999999999998,48.409999999999997,main,dedup_full,haversine,angular,"postal representative, not individual order address"
24734,-22.829305780052461,-42.960796040664242,sao goncalo,1,39.899999999999999,15.789999999999999,main,dedup_full,haversine,angular,"postal representative, not individual order address"
24735,-22.846598725123613,-42.953321952741526,sao goncalo,1,26.699999999999999,15.109999999999999,main,dedup_full,haversine,angular,"postal representative, not individual order address"
24736,-22.820057893700735,-42.970211706895945,sao goncalo,5,783.98000000000002,78.109999999999999,main,dedup_full,haversine,angular,"postal representative, not individual order address"
24737,-22.841623880292818,-42.962313232221362,sao goncalo,1,117.3,22.289999999999999,main,dedup_full,haversine,angular,"postal representative, not individual order address"
24738,-22.851292444709113,-42.943077063428923,sao goncalo,5,132.06,77.150000000000006,main,dedup_full,haversine,angular,"postal representative, not individual order address"
24740,-22.832976054321431,-42.997564937673225,sao goncalo,2,168.99000000000001,32.5,main,dedup_full,haversine,angular,"postal representative, not individual order address"
24742,-22.83872531646664,-43.004046827045876,sao goncalo,4,448.29000000000002,56.130000000000003,main,dedup_full,haversine,angular,"postal representative, not individual order address"
24743,-22.845424847378442,-42.997281841084316,sao goncalo,7,484.85000000000002,168.22,main,dedup_full,haversine,angular,"postal representative, not individual order address"
24744,-22.843162279390683,-43.012634528879907,sao goncalo,9,1463.3699999999999,226.53999999999999,main,dedup_full,haversine,angular,"postal representative, not individual order address"
24745,-22.85474222118361,-43.00422407321247,sao goncalo,5,328.76999999999998,106.42,main,dedup_full,haversine,angular,"postal representative, not individual order address"
24746,-22.838985387299413,-42.987984342541552,sao goncalo,2,121.90000000000001,32.730000000000004,main,dedup_full,haversine,angular,"postal representative, not individual order address"
24750,-22.854505154427269,-43.023021687016524,sao goncalo,7,802.17000000000007,133.46000000000001,main,dedup_full,haversine,angular,"postal representative, not individual order address"
24751,-22.864248638316798,-43.006208536873807,sao goncalo,10,1346.01,208.28,main,dedup_full,haversine,angular,"postal representative, not individual order address"
24752,-22.881980934938074,-42.984803056182606,sao goncalo,4,846.88999999999999,51.859999999999999,main,dedup_full,haversine,angular,"postal representative, not individual order address"
24753,-22.887914939582842,-42.991586689003007,sao goncalo,2,409.7000000000001,84.699999999999989,main,dedup_full,haversine,angular,"postal representative, not individual order address"
24754,-22.872032716108102,-43.027440605458338,sao goncalo,6,423.69,120.64,main,dedup_full,haversine,angular,"postal representative, not individual order address"
24755,-22.858650965269174,-43.014357729626646,sao goncalo,1,20.899999999999999,15.1,main,dedup_full,haversine,angular,"postal representative, not individual order address"
24756,-22.882234669180686,-43.014831304997983,sao goncalo,10,1781.8800000000001,224.75,main,dedup_full,haversine,angular,"postal representative, not individual order address"
24800,-22.742205671164115,-42.857166681885516,itaborai,10,1027.8900000000001,195.81999999999999,main,dedup_full,haversine,angular,"postal representative, not individual order address"
24801,-22.7395793666599,-42.84701335677763,itaborai,2,254.97999999999999,41.359999999999999,main,dedup_full,haversine,angular,"postal representative, not individual order address"
24802,-22.734293097217023,-42.839106053289491,itaborai,1,199,21.66,main,dedup_full,haversine,angular,"postal representative, not individual order address"
24804,-22.747277872620494,-42.844025755997968,itaborai,3,269.70000000000005,59.760000000000005,main,dedup_full,haversine,angular,"postal representative, not individual order address"
24805,-22.737401854693832,-42.846423885079858,itaborai,1,53.899999999999999,22.960000000000001,main,dedup_full,haversine,angular,"postal representative, not individual order address"
24808,-22.757627450084613,-42.857580084580341,itaborai,12,1489.52,289.06,main,dedup_full,haversine,angular,"postal representative, not individual order address"
24812,-22.750769268606824,-42.872898468938942,itaborai,6,1169.7,194.99000000000001,main,dedup_full,haversine,angular,"postal representative, not individual order address"
24813,-22.753953255845797,-42.889193985064409,itaborai,1,260,37.420000000000002,main,dedup_full,haversine,angular,"postal representative, not individual order address"
24830,-22.712354553227421,-42.873060369428352,itaborai,1,45.899999999999999,15.56,main,dedup_full,haversine,angular,"postal representative, not individual order address"
24846,-22.715385583988368,-42.806385841320235,itaborai,2,153.80000000000001,30.579999999999998,main,dedup_full,haversine,angular,"postal representative, not individual order address"
24855,-22.772488438082149,-42.916767325695879,itaborai,3,485.88,69.329999999999998,main,dedup_full,haversine,angular,"postal representative, not individual order address"
24856,-22.758079138566366,-42.910633112062342,itaborai,1,145,15.76,main,dedup_full,haversine,angular,"postal representative, not individual order address"
24858,-22.771047229915283,-42.915689525543932,itaborai,6,512.77999999999997,120.95,main,dedup_full,haversine,angular,"postal representative, not individual order address"
24859,-22.774519116958235,-42.913573092844636,itaborai,2,57.899999999999999,38.850000000000001,main,dedup_full,haversine,angular,"postal representative, not individual order address"
24866,-22.735024026363472,-42.933031126628087,itaborai,2,95.900000000000006,33.520000000000003,main,dedup_full,haversine,angular,"postal representative, not individual order address"
24876,-22.712534243538499,-42.895404731116521,itaborai,3,334,39.740000000000002,main,dedup_full,haversine,angular,"postal representative, not individual order address"
24890,-22.735288561838225,-42.728153085198073,tangua,6,504.88,131.16,main,dedup_full,haversine,angular,"postal representative, not individual order address"
24900,-22.919355440609593,-42.840713825874943,marica,14,2316.0799999999999,252.06999999999999,main,dedup_full,haversine,angular,"postal representative, not individual order address"
24901,-22.923726154924616,-42.819672128277993,marica,7,842.16999999999996,123.89,main,dedup_full,haversine,angular,"postal representative, not individual order address"
24902,-22.925634497668462,-42.823440774320048,marica,2,187.80000000000001,26.940000000000001,main,dedup_full,haversine,angular,"postal representative, not individual order address"
24903,-22.911207504665967,-42.805774404020568,marica,6,365.95999999999998,150.5,main,dedup_full,haversine,angular,"postal representative, not individual order address"
24904,-22.911393551313697,-42.814984329136742,marica,3,301.14999999999998,46.210000000000001,main,dedup_full,haversine,angular,"postal representative, not individual order address"
24905,-22.918564365928933,-42.860226592287212,marica,6,430.05000000000001,131.91,main,dedup_full,haversine,angular,"postal representative, not individual order address"
24910,-22.901167153920699,-42.852930209453795,marica,1,9.9000000000000004,15.23,main,dedup_full,haversine,angular,"postal representative, not individual order address"
24912,-22.913764235404869,-42.842231659793995,marica,6,792.43999999999994,164.97,main,dedup_full,haversine,angular,"postal representative, not individual order address"
24913,-22.914966168870087,-42.836713688887521,marica,6,828.97000000000003,102.88,main,dedup_full,haversine,angular,"postal representative, not individual order address"
24914,-22.922104237933763,-42.860118402933878,marica,7,646.25,171.55000000000001,main,dedup_full,haversine,angular,"postal representative, not individual order address"
24915,-22.956278963238734,-42.807302863990927,marica,3,326.70000000000005,89.650000000000006,main,dedup_full,haversine,angular,"postal representative, not individual order address"
24916,-22.947922313634297,-42.835127254643382,marica,2,265.99000000000001,43.799999999999997,main,dedup_full,haversine,angular,"postal representative, not individual order address"
24921,-22.952609817601481,-42.808872638137295,marica,1,95.900000000000006,22.989999999999998,main,dedup_full,haversine,angular,"postal representative, not individual order address"
24922,-22.944918642220902,-42.703642282558668,marica,2,78.900000000000006,30.700000000000003,main,dedup_full,haversine,angular,"postal representative, not individual order address"
24930,-22.927122160885489,-42.90496547818217,marica,4,387.58999999999997,79.599999999999994,main,dedup_full,haversine,angular,"postal representative, not individual order address"
24931,-22.934912048033134,-42.880361389720179,marica,9,1258.29,235.18000000000001,main,dedup_full,haversine,angular,"postal representative, not individual order address"
24933,-22.955654071898497,-42.879308719787467,marica,8,615.57000000000005,182.63,main,dedup_full,haversine,angular,"postal representative, not individual order address"
24934,-22.94197590154705,-42.873383323038496,marica,3,698.74000000000001,73.759999999999991,main,dedup_full,haversine,angular,"postal representative, not individual order address"
24935,-22.948174502063758,-42.94028885691656,marica,6,691.60000000000002,118.01000000000001,main,dedup_full,haversine,angular,"postal representative, not individual order address"
24936,-22.953186792610843,-42.963205969433226,marica,16,2305.71,344.86000000000001,main,dedup_full,haversine,angular,"postal representative, not individual order address"
24937,-22.953986205543217,-42.996822695055101,marica,2,269.98000000000002,30.539999999999999,main,dedup_full,haversine,angular,"postal representative, not individual order address"
24940,-22.928338205820953,-42.931122029675649,marica,2,254,69.689999999999998,main,dedup_full,haversine,angular,"postal representative, not individual order address"
24941,-22.912495484616052,-42.812918103819875,marica,2,179.88999999999999,19.210000000000001,main,dedup_full,haversine,angular,"postal representative, not individual order address"
24942,-22.927836692880302,-42.913472060837535,marica,5,378.47000000000003,78.97999999999999,main,dedup_full,haversine,angular,"postal representative, not individual order address"
24943,-22.909320702342164,-42.92498347694427,marica,5,407.86000000000001,113.56999999999999,main,dedup_full,haversine,angular,"postal representative, not individual order address"
24944,-22.895331415981225,-42.932240034641453,marica,5,280.30000000000001,84.590000000000003,main,dedup_full,haversine,angular,"postal representative, not individual order address"
25010,-22.789974409013016,-43.314497997711285,duque de caxias,3,434.30000000000001,129,main,dedup_full,haversine,angular,"postal representative, not individual order address"
25015,-22.779900510710824,-43.316607404425241,duque de caxias,9,951.16999999999996,212.50999999999999,main,dedup_full,haversine,angular,"postal representative, not individual order address"
25020,-22.780399810135595,-43.309698329652669,duque de caxias,5,623.54999999999995,121.73999999999999,main,dedup_full,haversine,angular,"postal representative, not individual order address"
25025,-22.784235674308047,-43.323404304806921,duque de caxias,5,335.63,81.790000000000006,main,dedup_full,haversine,angular,"postal representative, not individual order address"
25030,-22.773756603686468,-43.311594924439312,duque de caxias,1,89.989999999999995,17.879999999999999,main,dedup_full,haversine,angular,"postal representative, not individual order address"
25035,-22.756202067763031,-43.309152161661409,duque de caxias,14,1404.55,386.23000000000002,main,dedup_full,haversine,angular,"postal representative, not individual order address"
25036,-22.754767208048257,-43.31749408835779,duque de caxias,4,839.88999999999999,67.539999999999992,main,dedup_full,haversine,angular,"postal representative, not individual order address"
25040,-22.740218188412971,-43.313744625767271,duque de caxias,9,552.29999999999995,144.53,main,dedup_full,haversine,angular,"postal representative, not individual order address"
25041,-22.736053390289975,-43.317928751822123,duque de caxias,4,484.63,81.230000000000004,main,dedup_full,haversine,angular,"postal representative, not individual order address"
25042,-22.732749912260569,-43.309509104599215,duque de caxias,1,299.99000000000001,24.969999999999999,main,dedup_full,haversine,angular,"postal representative, not individual order address"
25045,-22.722508210793812,-43.312985721909946,duque de caxias,6,404.27999999999997,111.91,main,dedup_full,haversine,angular,"postal representative, not individual order address"
25046,-22.72349850951851,-43.321329882359393,duque de caxias,6,1793.04,201.38,main,dedup_full,haversine,angular,"postal representative, not individual order address"
25050,-22.753509803100755,-43.296938681311133,duque de caxias,3,264.80000000000001,50.079999999999998,main,dedup_full,haversine,angular,"postal representative, not individual order address"
25051,-22.761413354678705,-43.29280765997482,duque de caxias,2,88.969999999999999,30.57,main,dedup_full,haversine,angular,"postal representative, not individual order address"
25055,-22.753280849355427,-43.279911399107384,duque de caxias,4,608.69000000000005,91.519999999999996,main,dedup_full,haversine,angular,"postal representative, not individual order address"
25060,-22.763799609886114,-43.30015518427733,duque de caxias,12,1637.9400000000001,245.94,main,dedup_full,haversine,angular,"postal representative, not individual order address"
25065,-22.753958803304769,-43.285878910858067,duque de caxias,9,1005.27,165.84,main,dedup_full,haversine,angular,"postal representative, not individual order address"
25070,-22.777012571951467,-43.302797399530618,duque de caxias,15,2836.5500000000002,342.06,main,dedup_full,haversine,angular,"postal representative, not individual order address"
25071,-22.783183193964224,-43.300945737450164,duque de caxias,2,128.78,110.98,main,dedup_full,haversine,angular,"postal representative, not individual order address"
25075,-22.776145723151874,-43.292613106882953,duque de caxias,3,403.89999999999998,27.149999999999999,main,dedup_full,haversine,angular,"postal representative, not individual order address"
25080,-22.76038951309215,-43.292434805607712,duque de caxias,3,295.63999999999999,63.719999999999999,main,dedup_full,haversine,angular,"postal representative, not individual order address"
25085,-22.795213892056736,-43.291533572615634,duque de caxias,1,259,16.690000000000001,main,dedup_full,haversine,angular,"postal representative, not individual order address"
25086,-22.751347792692705,-43.286663708335155,duque de caxias,2,139.78999999999999,49.490000000000002,main,dedup_full,haversine,angular,"postal representative, not individual order address"
25211,-22.668216321347447,-43.262948397741724,duque de caxias,3,649.89999999999998,94.620000000000005,main,dedup_full,haversine,angular,"postal representative, not individual order address"
25212,-22.677901559323001,-43.255404124944548,duque de caxias,9,1436.97,288.00999999999999,main,dedup_full,haversine,angular,"postal representative, not individual order address"
25213,-22.674895487851817,-43.275344207662037,duque de caxias,8,2626.2600000000002,187.72,main,dedup_full,haversine,angular,"postal representative, not individual order address"
25214,-22.691698638621272,-43.267391455843203,duque de caxias,6,748.43000000000006,115.28,main,dedup_full,haversine,angular,"postal representative, not individual order address"
25215,-22.685793424199332,-43.27343970060133,duque de caxias,4,199.72,92.260000000000005,main,dedup_full,haversine,angular,"postal representative, not individual order address"
25220,-22.686173397238907,-43.246786500656142,duque de caxias,4,353.45000000000005,64.159999999999997,main,dedup_full,haversine,angular,"postal representative, not individual order address"
25223,-22.683853570606495,-43.255040850033183,duque de caxias,2,118.98999999999999,34.240000000000002,main,dedup_full,haversine,angular,"postal representative, not individual order address"
25225,-22.69591792256152,-43.269835139528567,duque de caxias,3,251.88,74.930000000000007,main,dedup_full,haversine,angular,"postal representative, not individual order address"
25230,-22.689913348895704,-43.280372234832868,duque de caxias,1,29.899999999999999,18.309999999999999,main,dedup_full,haversine,angular,"postal representative, not individual order address"
25231,-22.683530384886399,-43.298867440949117,duque de caxias,1,227.90000000000001,16.48,main,dedup_full,haversine,angular,"postal representative, not individual order address"
25233,-22.701981656463346,-43.298460832294005,duque de caxias,4,912.04999999999995,112.23999999999999,main,dedup_full,haversine,angular,"postal representative, not individual order address"
25235,-22.702976640781571,-43.315254543695588,duque de caxias,3,527.89999999999998,63.539999999999999,main,dedup_full,haversine,angular,"postal representative, not individual order address"
25237,-22.753574853365865,-43.305893071458286,duque de caxias,1,49.899999999999999,18,main,dedup_full,haversine,angular,"postal representative, not individual order address"
25240,-22.647158291644693,-43.291467275930451,duque de caxias,9,854.26999999999998,155.09,main,dedup_full,haversine,angular,"postal representative, not individual order address"
25241,-22.571207999999999,-43.312684499999982,duque de caxias,1,59.990000000000002,16.18,main,dedup_full,haversine,angular,"postal representative, not individual order address"
25243,-22.661965396048778,-43.294704988206469,duque de caxias,2,154.90000000000001,24.079999999999998,main,dedup_full,haversine,angular,"postal representative, not individual order address"
25245,-22.587879217743129,-43.30897680169447,duque de caxias,4,1164.3900000000001,183.36000000000001,main,dedup_full,haversine,angular,"postal representative, not individual order address"
25250,-22.610064174818444,-43.297346135020476,duque de caxias,13,1324.26,320.50999999999999,main,dedup_full,haversine,angular,"postal representative, not individual order address"
25251,-22.654627694475771,-43.277695347993728,duque de caxias,3,234.84999999999999,48.420000000000002,main,dedup_full,haversine,angular,"postal representative, not individual order address"
25253,-22.620560326125151,-43.283955836110493,duque de caxias,2,96,45.620000000000005,main,dedup_full,haversine,angular,"postal representative, not individual order address"
25255,-22.647448100598243,-43.277966190051252,duque de caxias,9,663.68999999999994,140.77000000000001,main,dedup_full,haversine,angular,"postal representative, not individual order address"
25260,-22.652617499949304,-43.273666778412739,duque de caxias,3,414.80000000000001,52.689999999999998,main,dedup_full,haversine,angular,"postal representative, not individual order address"
25261,-22.645869640242523,-43.262202764288546,duque de caxias,6,316.48000000000002,128.69,main,dedup_full,haversine,angular,"postal representative, not individual order address"
25264,-22.645402915918503,-43.238048608532409,duque de caxias,4,279.77999999999997,73.969999999999999,main,dedup_full,haversine,angular,"postal representative, not individual order address"
25265,-22.646221667433093,-43.230858026351747,duque de caxias,1,149.99000000000001,40.380000000000003,main,dedup_full,haversine,angular,"postal representative, not individual order address"
25266,-22.639200736741248,-43.221990251879078,duque de caxias,4,668.70000000000005,86.510000000000005,main,dedup_full,haversine,angular,"postal representative, not individual order address"
25267,-22.635785714440232,-43.247159844810497,duque de caxias,2,689.20000000000005,58.159999999999997,main,dedup_full,haversine,angular,"postal representative, not individual order address"
25268,-22.651251546292201,-43.258557742083653,duque de caxias,5,531.85000000000002,130.26999999999998,main,dedup_full,haversine,angular,"postal representative, not individual order address"
25270,-22.628284776991297,-43.238942373948085,duque de caxias,1,19,15.23,main,dedup_full,haversine,angular,"postal representative, not individual order address"
25271,-22.641292177522729,-43.231587212129192,duque de caxias,5,422.38,76.129999999999995,main,dedup_full,haversine,angular,"postal representative, not individual order address"
25272,-22.62402627931781,-43.216824156369491,duque de caxias,1,319,16.98,main,dedup_full,haversine,angular,"postal representative, not individual order address"
25275,-22.639198545413237,-43.22679416511069,duque de caxias,3,389.80000000000001,69.430000000000007,main,dedup_full,haversine,angular,"postal representative, not individual order address"
25510,-22.7906723445127,-43.37558533319892,sao joao de meriti,14,1946.6500000000001,378.12,main,dedup_full,haversine,angular,"postal representative, not individual order address"
25515,-22.798710368899965,-43.364565932896305,sao joao de meriti,15,2308.8800000000001,333.18000000000001,main,dedup_full,haversine,angular,"postal representative, not individual order address"
25520,-22.803534141839179,-43.375741505097551,sao joao de meriti,14,2559.5799999999999,378.49000000000001,main,dedup_full,haversine,angular,"postal representative, not individual order address"
25525,-22.796064156289606,-43.382871749940982,sao joao de meriti,9,1097.5899999999999,177.07999999999998,main,dedup_full,haversine,angular,"postal representative, not individual order address"
25530,-22.80583628969212,-43.390494695503051,sao joao de meriti,2,116.89,38.189999999999998,main,dedup_full,haversine,angular,"postal representative, not individual order address"
25535,-22.791536627071928,-43.402861115770278,sao joao de meriti,1,179.99000000000001,40.590000000000003,main,dedup_full,haversine,angular,"postal representative, not individual order address"
25540,-22.784099468814862,-43.397245458440779,sao joao de meriti,5,518.60000000000002,107.95999999999999,main,dedup_full,haversine,angular,"postal representative, not individual order address"
25545,-22.787979988554667,-43.387436371075317,sao joao de meriti,4,584.89999999999998,92.120000000000005,main,dedup_full,haversine,angular,"postal representative, not individual order address"
25550,-22.775658518312156,-43.382818779150519,sao joao de meriti,10,1978.49,254.06999999999999,main,dedup_full,haversine,angular,"postal representative, not individual order address"
25555,-22.781301049939636,-43.370390872112104,sao joao de meriti,9,945.08000000000004,234.62,main,dedup_full,haversine,angular,"postal representative, not individual order address"
25560,-22.770012796214189,-43.369659671078303,sao joao de meriti,4,710.94000000000005,72.370000000000005,main,dedup_full,haversine,angular,"postal representative, not individual order address"
25561,-22.773199102323492,-43.363505351654752,sao joao de meriti,4,422.63,200.86000000000001,main,dedup_full,haversine,angular,"postal representative, not individual order address"
25565,-22.782908967885252,-43.359740250573509,sao joao de meriti,5,598.78999999999996,63.939999999999998,main,dedup_full,haversine,angular,"postal representative, not individual order address"
25570,-22.767683865113568,-43.351834121452228,sao joao de meriti,5,1388.79,107.51000000000001,main,dedup_full,haversine,angular,"postal representative, not individual order address"
25571,-22.764476868966003,-43.345763066402824,sao joao de meriti,4,540.88999999999999,62.340000000000003,main,dedup_full,haversine,angular,"postal representative, not individual order address"
25575,-22.769803898700175,-43.339438566292955,sao joao de meriti,2,219.97,76.730000000000004,main,dedup_full,haversine,angular,"postal representative, not individual order address"
25576,-22.778781862018988,-43.352747021142157,sao joao de meriti,3,339.5,67.25,main,dedup_full,haversine,angular,"postal representative, not individual order address"
25580,-22.783542691521294,-43.340112207023857,sao joao de meriti,3,226.80000000000001,51.020000000000003,main,dedup_full,haversine,angular,"postal representative, not individual order address"
25581,-22.788120058124282,-43.347132505753535,sao joao de meriti,2,270.69999999999999,101.66,main,dedup_full,haversine,angular,"postal representative, not individual order address"
25585,-22.793681600580133,-43.338206521657128,sao joao de meriti,9,821.89999999999998,167.06,main,dedup_full,haversine,angular,"postal representative, not individual order address"
25610,-22.501909820136689,-43.16819650110962,petropolis,4,784.57999999999993,109.34999999999999,main,dedup_full,haversine,angular,"postal representative, not individual order address"
25615,-22.49556415226866,-43.157369881683323,petropolis,9,2496.5300000000002,296.70000000000005,main,dedup_full,haversine,angular,"postal representative, not individual order address"
25620,-22.510262543782257,-43.175410858736072,petropolis,14,1920.3800000000001,403.77999999999997,main,dedup_full,haversine,angular,"postal representative, not individual order address"
25625,-22.515757916367711,-43.171064979389854,petropolis,3,193.99000000000001,52.060000000000002,main,dedup_full,haversine,angular,"postal representative, not individual order address"
25630,-22.524211568840641,-43.161610088602991,petropolis,3,239.22000000000003,74.349999999999994,main,dedup_full,haversine,angular,"postal representative, not individual order address"
25635,-22.528926177599402,-43.17613609573597,petropolis,13,1790.3800000000001,316.24000000000001,main,dedup_full,haversine,angular,"postal representative, not individual order address"
25640,-22.522804816868803,-43.1834246908533,petropolis,7,563.68000000000006,149.13,main,dedup_full,haversine,angular,"postal representative, not individual order address"
25645,-22.541291656022395,-43.20251293331328,petropolis,6,586.78999999999996,119.15000000000001,main,dedup_full,haversine,angular,"postal representative, not individual order address"
25650,-22.531058710529035,-43.21245413309822,petropolis,10,1438.0799999999999,218.05000000000001,main,dedup_full,haversine,angular,"postal representative, not individual order address"
25651,-22.523761123946187,-43.210644436115494,petropolis,10,2676.5700000000002,201.33000000000001,main,dedup_full,haversine,angular,"postal representative, not individual order address"
25655,-22.520692152615947,-43.191230259319973,petropolis,20,3301.5599999999999,682.18000000000006,main,dedup_full,haversine,angular,"postal representative, not individual order address"
25660,-22.51186556240631,-43.204133451972162,petropolis,8,456.75,130.77000000000001,main,dedup_full,haversine,angular,"postal representative, not individual order address"
25665,-22.508328331925341,-43.219208808037415,petropolis,16,2453.9000000000001,373.52999999999997,main,dedup_full,haversine,angular,"postal representative, not individual order address"
25670,-22.489463052126641,-43.210277222191685,petropolis,1,103.90000000000001,16.32,main,dedup_full,haversine,angular,"postal representative, not individual order address"
25675,-22.497271478268527,-43.200647819298766,petropolis,6,1020.77,149.84,main,dedup_full,haversine,angular,"postal representative, not individual order address"
25680,-22.491125555515676,-43.183261142667199,petropolis,12,1880.45,494.18000000000001,main,dedup_full,haversine,angular,"postal representative, not individual order address"
25685,-22.508320683305453,-43.181799813663517,petropolis,9,647.67999999999995,192.5,main,dedup_full,haversine,angular,"postal representative, not individual order address"
25710,-22.476082315458811,-43.148963321884011,petropolis,16,2736.4000000000001,646.96000000000004,main,dedup_full,haversine,angular,"postal representative, not individual order address"
25715,-22.471360921986598,-43.162246868935391,petropolis,6,572.79999999999995,97.590000000000003,main,dedup_full,haversine,angular,"postal representative, not individual order address"
25720,-22.433265502392995,-43.142216167287302,petropolis,15,1427.6600000000001,263.66000000000003,main,dedup_full,haversine,angular,"postal representative, not individual order address"
25725,-22.429486631805762,-43.203151515246631,petropolis,3,345.88999999999999,55.439999999999998,main,dedup_full,haversine,angular,"postal representative, not individual order address"
25730,-22.417514860108344,-43.130368269386814,petropolis,18,2144.8200000000002,552.5,main,dedup_full,haversine,angular,"postal representative, not individual order address"
25740,-22.379622443821265,-43.130905732007392,petropolis,4,350.20000000000005,103.3,main,dedup_full,haversine,angular,"postal representative, not individual order address"
25745,-22.39046847518172,-43.111011778313816,petropolis,6,538.42999999999995,135.37,main,dedup_full,haversine,angular,"postal representative, not individual order address"
25750,-22.340923894866101,-43.12867214021685,petropolis,10,1118.48,243.37,main,dedup_full,haversine,angular,"postal representative, not individual order address"
25770,-22.266460063381274,-43.072047612004368,petropolis,5,457.79000000000002,154.81,main,dedup_full,haversine,angular,"postal representative, not individual order address"
25900,-22.651862411735703,-43.065516196649043,mage,18,1902.22,408.58999999999997,main,dedup_full,haversine,angular,"postal representative, not individual order address"
25901,-22.649218371063348,-43.060178527368407,mage,9,1310.8699999999999,168.63,main,dedup_full,haversine,angular,"postal representative, not individual order address"
25902,-22.659545742262246,-43.116827376350194,mage,1,146,29.359999999999999,main,dedup_full,haversine,angular,"postal representative, not individual order address"
25903,-22.640519245556472,-43.077865229189975,mage,3,289.88,49.100000000000001,main,dedup_full,haversine,angular,"postal representative, not individual order address"
25904,-22.65181465633809,-43.053612610253388,mage,1,1499.99,21.760000000000002,main,dedup_full,haversine,angular,"postal representative, not individual order address"
25905,-22.661390928999936,-43.035250835999932,mage,2,204.75000000000003,71.469999999999999,main,dedup_full,haversine,angular,"postal representative, not individual order address"
25907,-22.638554401976752,-43.160001845625231,mage,1,3.54,14.1,main,dedup_full,haversine,angular,"postal representative, not individual order address"
25908,-22.658156067160739,-43.119026743702392,mage,2,327.88999999999999,37.350000000000001,main,dedup_full,haversine,angular,"postal representative, not individual order address"
25911,-22.560784779729399,-43.045124330005891,mage,4,526.49000000000001,131.56999999999999,main,dedup_full,haversine,angular,"postal representative, not individual order address"
25912,-22.572116210698741,-43.05993697682478,mage,1,64.989999999999995,27.510000000000002,main,dedup_full,haversine,angular,"postal representative, not individual order address"
25914,-22.595502014192306,-43.070084951414131,mage,3,203.80000000000001,73.780000000000001,main,dedup_full,haversine,angular,"postal representative, not individual order address"
25921,-22.654830222028,-43.134392891945033,mage,1,257.89999999999998,16.91,main,dedup_full,haversine,angular,"postal representative, not individual order address"
25922,-22.659626691821202,-43.134946006580606,mage,6,602.49000000000001,134.80000000000001,main,dedup_full,haversine,angular,"postal representative, not individual order address"
25925,-22.69765884676708,-43.117698462181295,mage,2,174.99000000000001,30.579999999999998,main,dedup_full,haversine,angular,"postal representative, not individual order address"
25926,-22.701194022551125,-43.159583999100356,mage,9,1116.8,259.75999999999999,main,dedup_full,haversine,angular,"postal representative, not individual order address"
25928,-22.636016818226437,-43.025343316185079,mage,1,379.80000000000001,38.420000000000002,main,dedup_full,haversine,angular,"postal representative, not individual order address"
25930,-22.683584670464089,-43.160534715770886,mage,1,89.900000000000006,16.390000000000001,main,dedup_full,haversine,angular,"postal representative, not individual order address"
25931,-22.614840108109515,-43.170742655226846,mage,12,1602.95,389.10000000000002,main,dedup_full,haversine,angular,"postal representative, not individual order address"
25932,-22.607456812436936,-43.163463461451691,mage,1,29.5,19.84,main,dedup_full,haversine,angular,"postal representative, not individual order address"
25933,-22.591202852951177,-43.183272162062792,mage,4,745.78999999999996,78.259999999999991,main,dedup_full,haversine,angular,"postal representative, not individual order address"
25935,-22.618317049430587,-43.178848640218298,mage,15,1657.6199999999999,241.65000000000001,main,dedup_full,haversine,angular,"postal representative, not individual order address"
25936,-22.613275702610327,-43.193779627741449,mage,2,102,38.979999999999997,main,dedup_full,haversine,angular,"postal representative, not individual order address"
25937,-22.64632362113241,-43.183507425192033,mage,2,258.89999999999998,41.340000000000003,main,dedup_full,haversine,angular,"postal representative, not individual order address"
25938,-22.655779684405889,-43.203412323035799,mage,3,670.20000000000005,61.770000000000003,main,dedup_full,haversine,angular,"postal representative, not individual order address"
25940,-22.617931893774944,-43.004128796027729,guapimirim,4,527.70000000000005,116.40000000000001,main,dedup_full,haversine,angular,"postal representative, not individual order address"
25943,-22.551217543199748,-42.984758532773881,guapimirim,3,129.90000000000001,47.219999999999999,main,dedup_full,haversine,angular,"postal representative, not individual order address"
25945,-22.528741903627203,-42.985397695638852,guapimirim,1,124.98999999999999,14.619999999999999,main,dedup_full,haversine,angular,"postal representative, not individual order address"
25946,-22.527747210490141,-42.978318517995227,guapimirim,11,1815.77,266.41000000000003,main,dedup_full,haversine,angular,"postal representative, not individual order address"
25949,-22.514745185331321,-42.969077026596452,guapimirim,2,368.89999999999998,35.079999999999998,main,dedup_full,haversine,angular,"postal representative, not individual order address"
26010,-22.754531774091543,-43.430058887160165,nova iguacu,13,1374.9300000000001,336.53000000000003,main,dedup_full,haversine,angular,"postal representative, not individual order address"
26011,-22.749028666008666,-43.431760667741607,nova iguacu,9,1347.6600000000001,238.13,main,dedup_full,haversine,angular,"postal representative, not individual order address"
26012,-22.7387954829778,-43.439559851888518,nova iguacu,9,836.70000000000005,173.09999999999999,main,dedup_full,haversine,angular,"postal representative, not individual order address"
26013,-22.745539004186419,-43.444116181277103,nova iguacu,13,1767.75,299.43000000000001,main,dedup_full,haversine,angular,"postal representative, not individual order address"
26015,-22.743616747109172,-43.436562572811461,nova iguacu,7,453.85000000000002,155.03,main,dedup_full,haversine,angular,"postal representative, not individual order address"
26020,-22.73240939945855,-43.449800995479542,nova iguacu,14,1474.25,265.17000000000002,main,dedup_full,haversine,angular,"postal representative, not individual order address"
26021,-22.726479108886856,-43.43943248136496,nova iguacu,5,570.88999999999999,157.96000000000001,main,dedup_full,haversine,angular,"postal representative, not individual order address"
26022,-22.727537783707653,-43.453621548987712,nova iguacu,10,1023.6799999999999,227.59,main,dedup_full,haversine,angular,"postal representative, not individual order address"
26023,-22.722553207135526,-43.459555827544264,nova iguacu,1,129.34,21.399999999999999,main,dedup_full,haversine,angular,"postal representative, not individual order address"
26030,-22.728740251310217,-43.463587949162992,nova iguacu,9,1362.0799999999999,183.65000000000001,main,dedup_full,haversine,angular,"postal representative, not individual order address"
26031,-22.732629428584403,-43.475003328224297,nova iguacu,4,339.29000000000002,82.650000000000006,main,dedup_full,haversine,angular,"postal representative, not individual order address"
26032,-22.731543425400137,-43.480201867445849,nova iguacu,5,382.69,84.939999999999998,main,dedup_full,haversine,angular,"postal representative, not individual order address"
26033,-22.722448625760066,-43.463077339111535,nova iguacu,1,29,14.52,main,dedup_full,haversine,angular,"postal representative, not individual order address"
26035,-22.722779553030239,-43.466455196482059,nova iguacu,1,98,37.259999999999998,main,dedup_full,haversine,angular,"postal representative, not individual order address"
26040,-22.716554724776376,-43.455822433688297,nova iguacu,5,659.39999999999998,115.36,main,dedup_full,haversine,angular,"postal representative, not individual order address"
26041,-22.709680164135992,-43.46620812209602,nova iguacu,9,478.73000000000002,168.22999999999999,main,dedup_full,haversine,angular,"postal representative, not individual order address"
26042,-22.708602839306003,-43.47908861905541,nova iguacu,1,179,9.1999999999999993,main,dedup_full,haversine,angular,"postal representative, not individual order address"
26050,-22.693464542072107,-43.46803327013486,nova iguacu,4,370.58999999999997,85.260000000000005,main,dedup_full,haversine,angular,"postal representative, not individual order address"
26051,-22.69372918823375,-43.454671685406829,nova iguacu,6,353.45999999999998,166.91999999999999,main,dedup_full,haversine,angular,"postal representative, not individual order address"
26052,-22.682919419247401,-43.448039569220931,nova iguacu,7,912.52999999999997,204.37,main,dedup_full,haversine,angular,"postal representative, not individual order address"
26053,-22.678520897332586,-43.464310805468379,nova iguacu,2,271.99000000000001,49.420000000000002,main,dedup_full,haversine,angular,"postal representative, not individual order address"
26060,-22.70596026208645,-43.444260934796837,nova iguacu,6,722.87,123.06999999999999,main,dedup_full,haversine,angular,"postal representative, not individual order address"
26062,-22.668271504560433,-43.424168597860415,nova iguacu,1,134.90000000000001,23.809999999999999,main,dedup_full,haversine,angular,"postal representative, not individual order address"
26063,-22.728555611955123,-43.490236198294816,nova iguacu,1,20.890000000000001,15.789999999999999,main,dedup_full,haversine,angular,"postal representative, not individual order address"
26070,-22.712391336872631,-43.434127584968948,nova iguacu,18,3306.4400000000001,472.25999999999999,main,dedup_full,haversine,angular,"postal representative, not individual order address"
26080,-22.725707412597462,-43.511079822205282,nova iguacu,5,558.68000000000006,110.64,main,dedup_full,haversine,angular,"postal representative, not individual order address"
26082,-22.730815727188094,-43.501625689797358,nova iguacu,1,69,31.129999999999999,main,dedup_full,haversine,angular,"postal representative, not individual order address"
26083,-22.739858777926116,-43.511578210934388,nova iguacu,6,578.48000000000002,127.62,main,dedup_full,haversine,angular,"postal representative, not individual order address"
26084,-22.728614779674377,-43.516326370572088,nova iguacu,3,174.99000000000001,47.399999999999999,main,dedup_full,haversine,angular,"postal representative, not individual order address"
26085,-22.741773666728527,-43.542820077869145,nova iguacu,2,176.86000000000001,43.990000000000002,main,dedup_full,haversine,angular,"postal representative, not individual order address"
26086,-22.727809449494,-43.523285722248758,nova iguacu,5,398.80000000000001,117.61,main,dedup_full,haversine,angular,"postal representative, not individual order address"
26087,-22.716451266269758,-43.515280557268277,nova iguacu,14,2048.6799999999998,290.32999999999998,main,dedup_full,haversine,angular,"postal representative, not individual order address"
26088,-22.709242135574769,-43.522979804710907,nova iguacu,5,417.01999999999998,159.08999999999995,main,dedup_full,haversine,angular,"postal representative, not individual order address"
26110,-22.755264960127423,-43.368896793060102,belford roxo,3,340.98000000000002,43,main,dedup_full,haversine,angular,"postal representative, not individual order address"
26112,-22.749240385137405,-43.402416814146811,belford roxo,6,661.59000000000003,105.54000000000001,main,dedup_full,haversine,angular,"postal representative, not individual order address"
26113,-22.75465432163643,-43.393639685012381,belford roxo,4,209.90000000000001,61.219999999999999,main,dedup_full,haversine,angular,"postal representative, not individual order address"
26115,-22.740493808224091,-43.389875828556328,belford roxo,7,719.57000000000005,141.83000000000001,main,dedup_full,haversine,angular,"postal representative, not individual order address"
26116,-22.743088956098131,-43.386003380375307,belford roxo,3,303.73000000000002,53.18,main,dedup_full,haversine,angular,"postal representative, not individual order address"
26120,-22.741041459209146,-43.407301607268067,belford roxo,3,174.59,60.479999999999997,main,dedup_full,haversine,angular,"postal representative, not individual order address"
26123,-22.737613843712111,-43.406292219471169,belford roxo,3,211.77000000000001,56.890000000000001,main,dedup_full,haversine,angular,"postal representative, not individual order address"
26125,-22.732971884595003,-43.400689332100633,belford roxo,2,949.79999999999995,49.770000000000003,main,dedup_full,haversine,angular,"postal representative, not individual order address"
26130,-22.763675954751395,-43.402635674573254,belford roxo,13,1363.77,322.62,main,dedup_full,haversine,angular,"postal representative, not individual order address"
26135,-22.748242909118318,-43.410980110790263,belford roxo,3,362.49000000000001,83.739999999999995,main,dedup_full,haversine,angular,"postal representative, not individual order address"
26140,-22.737806172282919,-43.417965263979596,belford roxo,6,1361.99,285.13,main,dedup_full,haversine,angular,"postal representative, not individual order address"
26143,-22.727836167414299,-43.418745573479882,belford roxo,1,146.99000000000001,20.52,main,dedup_full,haversine,angular,"postal representative, not individual order address"
26155,-22.721495895750731,-43.402367471756818,belford roxo,2,501.85000000000002,75.459999999999994,main,dedup_full,haversine,angular,"postal representative, not individual order address"
26160,-22.730245116892579,-43.391545870073791,belford roxo,5,1229.78,92.989999999999995,main,dedup_full,haversine,angular,"postal representative, not individual order address"
26163,-22.717979249545134,-43.388256077703481,belford roxo,1,16.989999999999998,15.109999999999999,main,dedup_full,haversine,angular,"postal representative, not individual order address"
26165,-22.730291717437712,-43.384135596809067,belford roxo,6,543.64999999999998,134.29000000000002,main,dedup_full,haversine,angular,"postal representative, not individual order address"
26167,-22.733323080704082,-43.376981802572779,belford roxo,3,185.88999999999999,41.539999999999999,main,dedup_full,haversine,angular,"postal representative, not individual order address"
26170,-22.735666609924159,-43.368905866303002,belford roxo,1,12.99,15.23,main,dedup_full,haversine,angular,"postal representative, not individual order address"
26172,-22.727607533940883,-43.370479712221737,belford roxo,1,56.990000000000002,15.15,main,dedup_full,haversine,angular,"postal representative, not individual order address"
26173,-22.729723714740377,-43.35696869635543,belford roxo,3,308.80000000000001,81.370000000000005,main,dedup_full,haversine,angular,"postal representative, not individual order address"
26175,-22.724114352750505,-43.343722105025037,belford roxo,4,318.97000000000003,87.960000000000008,main,dedup_full,haversine,angular,"postal representative, not individual order address"
26178,-22.717403252076288,-43.375732264788304,belford roxo,4,344.60000000000002,86.109999999999985,main,dedup_full,haversine,angular,"postal representative, not individual order address"
26180,-22.709424828944201,-43.340255340077306,belford roxo,1,31.899999999999999,14.1,main,dedup_full,haversine,angular,"postal representative, not individual order address"
26183,-22.719071432204792,-43.336604157029427,belford roxo,8,635.56000000000006,131.81999999999999,main,dedup_full,haversine,angular,"postal representative, not individual order address"
26185,-22.712148429068229,-43.333961266269114,belford roxo,3,412.7000000000001,204.06,main,dedup_full,haversine,angular,"postal representative, not individual order address"
26187,-22.731924336701059,-43.346574569685757,belford roxo,3,303.44,54.780000000000001,main,dedup_full,haversine,angular,"postal representative, not individual order address"
26190,-22.738002810140706,-43.337771738053135,belford roxo,1,34.899999999999999,17.059999999999999,main,dedup_full,haversine,angular,"postal representative, not individual order address"
26193,-22.743822877006256,-43.342447075655897,belford roxo,3,289.18000000000001,49.600000000000001,main,dedup_full,haversine,angular,"postal representative, not individual order address"
26196,-22.747889504902918,-43.365239469417695,belford roxo,1,170,18.440000000000001,main,dedup_full,haversine,angular,"postal representative, not individual order address"
26210,-22.75496584633504,-43.449917196053626,nova iguacu,13,1269,240.84,main,dedup_full,haversine,angular,"postal representative, not individual order address"
26215,-22.748704078433626,-43.443552249160497,nova iguacu,12,1237.46,273.19,main,dedup_full,haversine,angular,"postal representative, not individual order address"
26216,-22.752072320159872,-43.456092660246675,nova iguacu,3,104.39,44.68,main,dedup_full,haversine,angular,"postal representative, not individual order address"
26220,-22.757977933225163,-43.441367450905759,nova iguacu,12,2165.8000000000002,275.35000000000002,main,dedup_full,haversine,angular,"postal representative, not individual order address"
26221,-22.761840290126049,-43.44135234299462,nova iguacu,6,612.39999999999998,188.31,main,dedup_full,haversine,angular,"postal representative, not individual order address"
26225,-22.764878887890799,-43.435605103399027,nova iguacu,6,918.48000000000002,193.56999999999999,main,dedup_full,haversine,angular,"postal representative, not individual order address"
26230,-22.754899472348026,-43.427568981675343,nova iguacu,1,287.70000000000005,60.479999999999997,main,dedup_full,haversine,angular,"postal representative, not individual order address"
26250,-22.766046419490589,-43.443821431866439,nova iguacu,6,1438.98,209.46000000000001,main,dedup_full,haversine,angular,"postal representative, not individual order address"
26255,-22.76052129820734,-43.458207324867949,nova iguacu,33,8364.0100000000002,1122.8,main,dedup_full,haversine,angular,"postal representative, not individual order address"
26256,-22.75583426678315,-43.467784947140885,nova iguacu,1,141.40000000000001,22.07,main,dedup_full,haversine,angular,"postal representative, not individual order address"
26260,-22.75713181223912,-43.473486486758013,nova iguacu,1,12.99,14.1,main,dedup_full,haversine,angular,"postal representative, not individual order address"
26261,-22.759773669458458,-43.482836707059185,nova iguacu,10,1303.8699999999999,183.50999999999999,main,dedup_full,haversine,angular,"postal representative, not individual order address"
26262,-22.75466224335149,-43.482038653136392,nova iguacu,4,274.88,83.890000000000001,main,dedup_full,haversine,angular,"postal representative, not individual order address"
26263,-22.75024626385084,-43.481960310875756,nova iguacu,9,1057.78,253.44,main,dedup_full,haversine,angular,"postal representative, not individual order address"
26265,-22.762493302434464,-43.493273367422603,nova iguacu,8,705.18000000000006,160.91,main,dedup_full,haversine,angular,"postal representative, not individual order address"
26266,-22.761490822233661,-43.499837337270158,nova iguacu,1,64.989999999999995,14.199999999999999,main,dedup_full,haversine,angular,"postal representative, not individual order address"
26270,-22.771746174135792,-43.512497751898877,nova iguacu,2,153.65000000000001,27.710000000000001,main,dedup_full,haversine,angular,"postal representative, not individual order address"
26271,-22.764232575690194,-43.511672749821763,nova iguacu,3,551.96000000000004,46.460000000000001,main,dedup_full,haversine,angular,"postal representative, not individual order address"
26272,-22.761268184110865,-43.504602353534416,nova iguacu,2,508.89999999999998,43.780000000000001,main,dedup_full,haversine,angular,"postal representative, not individual order address"
26275,-22.756310776885787,-43.505613205996845,nova iguacu,3,84.890000000000001,64.129999999999995,main,dedup_full,haversine,angular,"postal representative, not individual order address"
26276,-22.74707195509151,-43.498696172388975,nova iguacu,8,564.72000000000003,234.40000000000001,main,dedup_full,haversine,angular,"postal representative, not individual order address"
26277,-22.754560867727118,-43.506673723903518,nova iguacu,7,574.58000000000004,146.88999999999999,main,dedup_full,haversine,angular,"postal representative, not individual order address"
26278,-22.751253021828362,-43.509893799967898,nova iguacu,3,103.89,29.920000000000002,main,dedup_full,haversine,angular,"postal representative, not individual order address"
26279,-22.746254256771135,-43.51611287193807,nova iguacu,3,704.5,56.719999999999999,main,dedup_full,haversine,angular,"postal representative, not individual order address"
26280,-22.743551480103715,-43.481862857264659,nova iguacu,5,487.76999999999998,133.49000000000001,main,dedup_full,haversine,angular,"postal representative, not individual order address"
26281,-22.740406766561367,-43.474512924209506,nova iguacu,4,319.92000000000002,179.04000000000002,main,dedup_full,haversine,angular,"postal representative, not individual order address"
26282,-22.743347397809078,-43.471271157496879,nova iguacu,2,174.90000000000001,32.109999999999999,main,dedup_full,haversine,angular,"postal representative, not individual order address"
26285,-22.749013565763224,-43.457323143534538,nova iguacu,10,1061.3900000000001,249.69999999999999,main,dedup_full,haversine,angular,"postal representative, not individual order address"
26286,-22.749300191199001,-43.469481834172292,nova iguacu,8,760.56999999999994,232.84,main,dedup_full,haversine,angular,"postal representative, not individual order address"
26290,-22.769125209412799,-43.525356178124703,nova iguacu,12,2442.9099999999999,211.53,main,dedup_full,haversine,angular,"postal representative, not individual order address"
26291,-22.77596821996654,-43.535323110256186,nova iguacu,4,1112.4100000000001,89.049999999999997,main,dedup_full,haversine,angular,"postal representative, not individual order address"
26292,-22.764451925622986,-43.559428759800248,nova iguacu,6,1152.6900000000001,121.09999999999999,main,dedup_full,haversine,angular,"postal representative, not individual order address"
26293,-22.792490835983639,-43.575246824954043,nova iguacu,1,265,45.850000000000001,main,dedup_full,haversine,angular,"postal representative, not individual order address"
26296,-22.798198286361835,-43.591355998114523,nova iguacu,3,1570.8900000000001,98.689999999999998,main,dedup_full,haversine,angular,"postal representative, not individual order address"
26297,-22.812923442309064,-43.588678853630114,nova iguacu,3,503.80000000000001,76.75,main,dedup_full,haversine,angular,"postal representative, not individual order address"
26298,-22.826097080798668,-43.590217016622901,nova iguacu,5,1986.8599999999999,132.22,main,dedup_full,haversine,angular,"postal representative, not individual order address"
26299,-22.840680562719868,-43.614868487475746,nova iguacu,1,148.90000000000001,20.23,main,dedup_full,haversine,angular,"postal representative, not individual order address"
26310,-22.71779339843528,-43.563609271701615,queimados,9,950.48000000000002,358.38,main,dedup_full,haversine,angular,"postal representative, not individual order address"
26311,-22.719988646966087,-43.576395006715444,queimados,2,427,57.57,main,dedup_full,haversine,angular,"postal representative, not individual order address"
26313,-22.723684504998687,-43.568941244387901,queimados,4,439.98000000000002,64.819999999999993,main,dedup_full,haversine,angular,"postal representative, not individual order address"
26315,-22.726649070407646,-43.588399985976302,queimados,2,114.89,34.849999999999994,main,dedup_full,haversine,angular,"postal representative, not individual order address"
26316,-22.691702991594582,-43.594666387857934,queimados,1,49.799999999999997,14.52,main,dedup_full,haversine,angular,"postal representative, not individual order address"
26320,-22.709964856524451,-43.576407612879841,queimados,3,211.80000000000001,54.299999999999997,main,dedup_full,haversine,angular,"postal representative, not individual order address"
26321,-22.707973110915159,-43.573836276209278,queimados,2,228.99000000000001,31.460000000000001,main,dedup_full,haversine,angular,"postal representative, not individual order address"
26323,-22.722241086625196,-43.56164593049094,queimados,6,889.70000000000005,121.63,main,dedup_full,haversine,angular,"postal representative, not individual order address"
26325,-22.720663990842993,-43.556941340017509,queimados,3,363,61.579999999999998,main,dedup_full,haversine,angular,"postal representative, not individual order address"
26330,-22.735694400435158,-43.542197211853576,queimados,2,224.90000000000001,42.960000000000001,main,dedup_full,haversine,angular,"postal representative, not individual order address"
26380,-22.707960524918338,-43.550978282187046,queimados,1,79.900000000000006,19.75,main,dedup_full,haversine,angular,"postal representative, not individual order address"
26381,-22.696990652888967,-43.557856471611856,queimados,3,257.68000000000001,78.460000000000008,main,dedup_full,haversine,angular,"postal representative, not individual order address"
26382,-22.693517039002565,-43.530600744611242,queimados,1,120,16.600000000000001,main,dedup_full,haversine,angular,"postal representative, not individual order address"
26383,-22.707857614890504,-43.561492837895905,queimados,8,819.41999999999996,126.87,main,dedup_full,haversine,angular,"postal representative, not individual order address"
26385,-22.705444097641941,-43.556373971806501,queimados,6,664.30999999999995,122.95,main,dedup_full,haversine,angular,"postal representative, not individual order address"
26413,-22.696333434498968,-43.626641384369336,japeri,1,56.990000000000002,15.15,main,dedup_full,haversine,angular,"postal representative, not individual order address"
26420,-22.68439513872957,-43.613406900057633,japeri,2,216.80000000000001,39.859999999999999,main,dedup_full,haversine,angular,"postal representative, not individual order address"
26423,-22.681355608470877,-43.61181480917223,japeri,1,75,14.699999999999999,main,dedup_full,haversine,angular,"postal representative, not individual order address"
26425,-22.683383468842983,-43.614933998474157,japeri,1,809,27.59,main,dedup_full,haversine,angular,"postal representative, not individual order address"
26430,-22.688003154895917,-43.607186162324432,japeri,3,256.99000000000001,47.399999999999999,main,dedup_full,haversine,angular,"postal representative, not individual order address"
26433,-22.650550968651331,-43.653751974491364,japeri,4,478.88999999999999,123.43000000000001,main,dedup_full,haversine,angular,"postal representative, not individual order address"
26435,-22.649266940931412,-43.658299386733709,japeri,4,352.69,185.08000000000001,main,dedup_full,haversine,angular,"postal representative, not individual order address"
26440,-22.643801546173773,-43.642851297142393,japeri,4,252.61000000000001,78.170000000000002,main,dedup_full,haversine,angular,"postal representative, not individual order address"
26443,-22.645515827732236,-43.656556245284158,japeri,2,164.31999999999999,47.07,main,dedup_full,haversine,angular,"postal representative, not individual order address"
26445,-22.674932887542788,-43.608216505335001,japeri,3,266.98000000000002,54.939999999999998,main,dedup_full,haversine,angular,"postal representative, not individual order address"
26450,-22.663207630218253,-43.610776285393406,japeri,1,229.99000000000001,18.859999999999999,main,dedup_full,haversine,angular,"postal representative, not individual order address"
26453,-22.669510518389892,-43.614525479906831,japeri,3,232.66000000000005,52.929999999999993,main,dedup_full,haversine,angular,"postal representative, not individual order address"
26455,-22.67363218813303,-43.598009403478592,japeri,1,109.90000000000001,16.530000000000001,main,dedup_full,haversine,angular,"postal representative, not individual order address"
26460,-22.67125872312501,-43.593305862695651,japeri,2,878.55999999999995,471.56999999999999,main,dedup_full,haversine,angular,"postal representative, not individual order address"
26470,-22.679545467450538,-43.593041196799824,japeri,1,18.899999999999999,15.1,main,dedup_full,haversine,angular,"postal representative, not individual order address"
26480,-22.667916878063743,-43.585773328490873,japeri,1,57.990000000000002,16.170000000000002,main,dedup_full,haversine,angular,"postal representative, not individual order address"
26510,-22.816955609720054,-43.416645730515356,nilopolis,21,3009.1999999999998,533.19000000000005,main,dedup_full,haversine,angular,"postal representative, not individual order address"
26515,-22.820290016760058,-43.422531616007753,nilopolis,3,316.89999999999998,58.299999999999997,main,dedup_full,haversine,angular,"postal representative, not individual order address"
26520,-22.812505710012296,-43.429338639010574,nilopolis,17,1366.2,279.30000000000001,main,dedup_full,haversine,angular,"postal representative, not individual order address"
26521,-22.80972136299939,-43.432775913108415,nilopolis,6,760.78999999999996,165.45000000000002,main,dedup_full,haversine,angular,"postal representative, not individual order address"
26525,-22.805674120989373,-43.42305940993564,nilopolis,20,2828.5700000000002,474.89999999999998,main,dedup_full,haversine,angular,"postal representative, not individual order address"
26526,-22.804211290962098,-43.421189205761266,nilopolis,2,279.80000000000001,27.670000000000002,main,dedup_full,haversine,angular,"postal representative, not individual order address"
26530,-22.801586361782594,-43.4160623372643,nilopolis,8,1042.26,129.66,main,dedup_full,haversine,angular,"postal representative, not individual order address"
26535,-22.799702420683701,-43.410572952319171,nilopolis,10,1140.6700000000001,180.15000000000001,main,dedup_full,haversine,angular,"postal representative, not individual order address"
26540,-22.807639206976837,-43.407411875780916,nilopolis,7,1044.22,319.59000000000003,main,dedup_full,haversine,angular,"postal representative, not individual order address"
26545,-22.813857166080407,-43.402867422771571,nilopolis,9,1338.5700000000002,167.59,main,dedup_full,haversine,angular,"postal representative, not individual order address"
26550,-22.770487697883588,-43.431259631023266,mesquita,4,251.78999999999999,79.730000000000004,main,dedup_full,haversine,angular,"postal representative, not individual order address"
26551,-22.781351833025038,-43.425513560807033,mesquita,10,1064.2,220.03,main,dedup_full,haversine,angular,"postal representative, not individual order address"
26553,-22.786361438352397,-43.431366942201322,mesquita,6,760.70000000000005,149.50999999999999,main,dedup_full,haversine,angular,"postal representative, not individual order address"
26554,-22.790715276661071,-43.436950387418662,mesquita,4,380.88,66.239999999999995,main,dedup_full,haversine,angular,"postal representative, not individual order address"
26556,-22.777932008476203,-43.436638891266007,mesquita,4,592.38,127.65000000000001,main,dedup_full,haversine,angular,"postal representative, not individual order address"
26557,-22.770945177988246,-43.436451270606874,mesquita,2,407.97000000000003,53.630000000000003,main,dedup_full,haversine,angular,"postal representative, not individual order address"
26560,-22.772889298323566,-43.424932545478036,mesquita,4,702.75999999999999,86.189999999999998,main,dedup_full,haversine,angular,"postal representative, not individual order address"
26562,-22.770335287304935,-43.422361146757751,mesquita,8,1046.3699999999999,138.78,main,dedup_full,haversine,angular,"postal representative, not individual order address"
26564,-22.772457380674901,-43.417807417912329,mesquita,6,590.59000000000003,106.34,main,dedup_full,haversine,angular,"postal representative, not individual order address"
26570,-22.778225039478311,-43.417110661710524,mesquita,2,176.99000000000001,31.23,main,dedup_full,haversine,angular,"postal representative, not individual order address"
26572,-22.78413515858476,-43.410698153433628,mesquita,4,613.70000000000005,92.939999999999998,main,dedup_full,haversine,angular,"postal representative, not individual order address"
26574,-22.777730885737068,-43.404000677273878,mesquita,4,671.20000000000005,181,main,dedup_full,haversine,angular,"postal representative, not individual order address"
26580,-22.78739119610918,-43.421159807048141,mesquita,5,455.79000000000002,129.06999999999999,main,dedup_full,haversine,angular,"postal representative, not individual order address"
26582,-22.791801060034945,-43.416226427218369,mesquita,5,832.5,116.70999999999999,main,dedup_full,haversine,angular,"postal representative, not individual order address"
26584,-22.796889941302371,-43.426614383899462,mesquita,2,135.40000000000001,49.829999999999998,main,dedup_full,haversine,angular,"postal representative, not individual order address"
26585,-22.798410628377148,-43.434602237943338,mesquita,3,338.89999999999998,128.06,main,dedup_full,haversine,angular,"postal representative, not individual order address"
26587,-22.804594624546183,-43.435718484717739,mesquita,2,109.90000000000001,38.359999999999999,main,dedup_full,haversine,angular,"postal representative, not individual order address"
26600,-22.616674007045216,-43.706674061865066,paracambi,35,6571.96,944.26999999999998,main,dedup_full,haversine,angular,"postal representative, not individual order address"
28680,-22.468420723724943,-42.655499586896099,cachoeiras de macacu,19,1819.26,363.89999999999998,main,dedup_full,haversine,angular,"postal representative, not individual order address"
28695,-22.604331087734803,-42.741054205051476,cachoeiras de macacu,1,99,22.16,main,dedup_full,haversine,angular,"postal representative, not individual order address"
28800,-22.711972287554349,-42.630201171688654,rio bonito,27,4352.1099999999997,594.17999999999995,main,dedup_full,haversine,angular,"postal representative, not individual order address"
