CEP,n_pedidos,n_records,n_full_unique_records,p50_record_to_mean_km,p90_record_to_mean_km,max_record_to_mean_km,median_shift_km,dedup_full_shift_km,extreme_gt20km,evidence_classification,action
20010,7,93,37,0.42794434353094352,0.49592336500055417,32.196647746353108,0.3278290471360506,0.53629033942098048,True,inconsistency_not_proven_uncertain,retain_all_documented_records_no_arbitrary_exclusion
20011,15,139,45,0.11719484540192762,0.21626509236908803,5.0895587367794786,0.058323909461315417,0.078675710394633988,False,no_gt20km_flag,retain_all_documented_records_no_arbitrary_exclusion
20020,9,112,37,0.31219312461098769,0.48033894971030516,0.51742186339689777,0.13877762217134643,0.071837080398466091,False,no_gt20km_flag,retain_all_documented_records_no_arbitrary_exclusion
20021,13,176,63,0.5019069503869058,0.71940361863140756,2.6985818718194885,0.080735018810022402,0.062508338053898313,False,no_gt20km_flag,retain_all_documented_records_no_arbitrary_exclusion
20030,21,164,33,0.14033284424848344,0.22580666687538023,0.42497924926324437,0.072746317302049474,0.057503692720433965,False,no_gt20km_flag,retain_all_documented_records_no_arbitrary_exclusion
20031,38,387,98,0.23885012861888016,0.40336025459121144,35.358757411304353,0.095370088962506747,0.26016779873913098,True,inconsistency_not_proven_uncertain,retain_all_documented_records_no_arbitrary_exclusion
20040,35,309,73,0.24858824346824307,0.5558155886350955,0.77953495613048474,0.068045671568205457,0.087589636725298195,False,no_gt20km_flag,retain_all_documented_records_no_arbitrary_exclusion
20041,2,30,13,0.14166137782999724,0.2653990489803727,0.40634763354499592,0.092364957149050492,0.048848926154223857,False,no_gt20km_flag,retain_all_documented_records_no_arbitrary_exclusion
20050,8,85,43,0.14464087004651213,0.39989840305187385,5.8892069598059482,0.055798341336812045,0.091106891974718468,False,no_gt20km_flag,retain_all_documented_records_no_arbitrary_exclusion
20051,3,40,17,0.16851638100929378,0.28011144050629377,0.34604688389404703,0.069334161839305325,0.088329714647064239,False,no_gt20km_flag,retain_all_documented_records_no_arbitrary_exclusion
20060,2,27,17,3.8118804721715587,3.966333071485709,47.456122843233516,3.7478370169608839,2.2542056688264682,True,inconsistency_not_proven_uncertain,retain_all_documented_records_no_arbitrary_exclusion
20061,1,33,24,0.10703164846898984,0.22756428267075313,0.43325852873034881,0.029377067224847165,0.0264374146905723,False,no_gt20km_flag,retain_all_documented_records_no_arbitrary_exclusion
20070,6,77,34,0.11974153892609987,0.31410499597824848,0.45150047780412783,0.039134307599615628,0.0081641183278925462,False,no_gt20km_flag,retain_all_documented_records_no_arbitrary_exclusion
20071,14,124,29,0.16432072584388938,0.38672577504029465,0.55132138517322338,0.07620124472193715,0.011849478012236082,False,no_gt20km_flag,retain_all_documented_records_no_arbitrary_exclusion
20080,6,68,40,0.24277429440162848,0.33399497571620812,0.51094808287701587,0.063470549694630382,0.049492255326546934,False,no_gt20km_flag,retain_all_documented_records_no_arbitrary_exclusion
20081,15,108,33,0.21966065921570765,0.31790871939525223,0.41952217624274268,0.073676709201438678,0.034303611234923689,False,no_gt20km_flag,retain_all_documented_records_no_arbitrary_exclusion
20090,20,152,42,0.12237945924796019,0.24982612453422343,0.34662858716977185,0.023124962009292063,0.031169000441659957,False,no_gt20km_flag,retain_all_documented_records_no_arbitrary_exclusion
20091,13,99,26,0.13681264378767111,0.2403963006976973,0.31143442541225647,0.03940019235152302,0.033974528466636754,False,no_gt20km_flag,retain_all_documented_records_no_arbitrary_exclusion
20210,7,62,12,0.34628916011943822,0.37976714402245898,1.0215938480612488,0.13117321810990051,0.20030460484483539,False,no_gt20km_flag,retain_all_documented_records_no_arbitrary_exclusion
20211,19,181,97,0.4683181580766877,1.1402976876667581,14.345479131258823,0.037465759253914356,0.083025338870092141,False,no_gt20km_flag,retain_all_documented_records_no_arbitrary_exclusion
20220,17,160,111,0.55840795998089554,1.4066838726819233,15.242755993615868,0.093827195795732621,0.09817552583731036,False,no_gt20km_flag,retain_all_documented_records_no_arbitrary_exclusion
20221,5,74,57,0.71713294907695235,0.92508735677800924,29.519397193445702,0.62532129629220767,0.10859866237741729,True,inconsistency_not_proven_uncertain,retain_all_documented_records_no_arbitrary_exclusion
20230,46,380,156,0.46905984079381247,0.72438178913653195,4.6985598425250705,0.077191870991741185,0.025380039358655317,False,no_gt20km_flag,retain_all_documented_records_no_arbitrary_exclusion
20231,23,267,123,0.27199472575846506,0.52657777514278337,0.84782412159182563,0.096564769505480097,0.048251650256139943,False,no_gt20km_flag,retain_all_documented_records_no_arbitrary_exclusion
20240,13,133,84,0.22505122213657455,0.4286292988258748,0.95103863829860624,0.057970093214408623,0.044739425104114869,False,no_gt20km_flag,retain_all_documented_records_no_arbitrary_exclusion
20241,31,311,167,0.79519057313526298,1.7067853287256118,43.461206576248102,0.6101364935455853,0.38295138821467267,True,inconsistency_not_proven_uncertain,retain_all_documented_records_no_arbitrary_exclusion
20250,10,196,102,0.59767518430131783,0.99616898573362289,48.459434065178002,0.50393398984294036,0.46716968546492432,True,inconsistency_not_proven_uncertain,retain_all_documented_records_no_arbitrary_exclusion
20251,14,184,126,0.81101016488197941,1.2570575458910038,17.842434673694481,0.30601236479214478,0.083715789958880141,False,no_gt20km_flag,retain_all_documented_records_no_arbitrary_exclusion
20260,50,427,170,0.58014209883876044,0.87846495669468128,16.441309378821384,0.060590825799034707,0.11366862014020662,False,no_gt20km_flag,retain_all_documented_records_no_arbitrary_exclusion
20261,41,414,176,0.47550697961550215,0.86787154226871421,1.343852012479088,0.10656447949406071,0.026038051233916216,False,no_gt20km_flag,retain_all_documented_records_no_arbitrary_exclusion
20270,42,515,235,0.40412012333341046,0.60133251762050444,1.1810010552724943,0.065511808813539296,0.025604493973351745,False,no_gt20km_flag,retain_all_documented_records_no_arbitrary_exclusion
20271,41,361,158,0.52959174878273108,0.99233248046226075,4.3617716300592351,0.22390386184954086,0.083975228653639475,False,no_gt20km_flag,retain_all_documented_records_no_arbitrary_exclusion
20510,42,430,241,0.46225131126809271,0.76125338335367598,38.552250334824421,0.11617538137355653,0.1372118260932419,True,inconsistency_not_proven_uncertain,retain_all_documented_records_no_arbitrary_exclusion
20511,43,370,176,0.63789305119426165,1.0502063434723299,1.7032748998316685,0.19742542060304655,0.10233942197771204,False,no_gt20km_flag,retain_all_documented_records_no_arbitrary_exclusion
20520,64,485,222,0.61774779360004672,0.91966284012648136,1.1477514163707578,0.096190193695153775,0.025784850640643155,False,no_gt20km_flag,retain_all_documented_records_no_arbitrary_exclusion
20521,42,365,166,0.33809729600904087,0.54820671270758869,20.811104744754005,0.018271576945747804,0.043133210400916278,True,inconsistency_not_proven_uncertain,retain_all_documented_records_no_arbitrary_exclusion
20530,32,374,189,0.60622749113811625,1.1671925103051071,27.990053843363665,0.22850377031254132,0.083096575108548731,True,inconsistency_not_proven_uncertain,retain_all_documented_records_no_arbitrary_exclusion
20531,8,68,53,1.7624358474252984,2.3063687556011558,3.3189947396621333,1.1612537834790551,0.23378854303118524,False,no_gt20km_flag,retain_all_documented_records_no_arbitrary_exclusion
20535,4,6,5,6.182177208497464,8.8473983639436611,9.4094867542628897,2.5845933650587485,0.58644613116238498,False,no_gt20km_flag,retain_all_documented_records_no_arbitrary_exclusion
20540,73,582,262,1.0537844816803865,1.5018675639960353,1.9410752254019312,0.14910998969530745,0.026386724461427841,False,no_gt20km_flag,retain_all_documented_records_no_arbitrary_exclusion
20541,72,574,292,0.85370555712374718,1.2778141243076,2.0982309894932709,0.22143165822862737,0.075304416774669078,False,no_gt20km_flag,retain_all_documented_records_no_arbitrary_exclusion
20550,71,646,309,0.79249467528604978,1.1692231177408468,2.0231801264040885,0.10433168422422667,0.062087563513783084,False,no_gt20km_flag,retain_all_documented_records_no_arbitrary_exclusion
20551,52,389,206,0.34792081678251119,0.67189393339326575,1.1255352691082994,0.0071082714607267217,0.024183365805844313,False,no_gt20km_flag,retain_all_documented_records_no_arbitrary_exclusion
20560,46,422,199,0.68091572378247678,1.259000636599737,2.0227014070564278,0.051464510251255195,0.10468593043315641,False,no_gt20km_flag,retain_all_documented_records_no_arbitrary_exclusion
20561,28,289,166,1.6722197060483481,2.1922230228531494,42.75939847202612,1.6568724402490753,1.3950634905363823,True,inconsistency_not_proven_uncertain,retain_all_documented_records_no_arbitrary_exclusion
20710,10,163,114,0.3765125243102464,0.61615265804461494,1.102968643188605,0.043320323208462456,0.019124681574024315,False,no_gt20km_flag,retain_all_documented_records_no_arbitrary_exclusion
20715,6,85,59,0.40193558938677776,0.69915433084746603,1.0213780055058592,0.11394359977927547,0.052530791212818138,False,no_gt20km_flag,retain_all_documented_records_no_arbitrary_exclusion
20720,50,422,205,0.41010104745879272,0.7054256887986512,4.3254162730339365,0.025952950518362015,0.022427469393525846,False,no_gt20km_flag,retain_all_documented_records_no_arbitrary_exclusion
20725,9,144,84,0.57442189024225532,1.0904116289442365,1.209558976276685,0.095782089015472485,0.12938560147617789,False,no_gt20km_flag,retain_all_documented_records_no_arbitrary_exclusion
20730,13,227,157,0.46183846669279982,0.70807909665616886,1.6480918904399577,0.12720800851408323,0.031148613664160323,False,no_gt20km_flag,retain_all_documented_records_no_arbitrary_exclusion
20735,36,346,160,0.35490366317386562,0.58854317053546557,1.7261847907907035,0.022656119557986191,0.032579365577088078,False,no_gt20km_flag,retain_all_documented_records_no_arbitrary_exclusion
20740,11,184,150,0.5907853023598808,0.88134289741580896,1.0852385075940258,0.033021349636019465,0.029915710110902639,False,no_gt20km_flag,retain_all_documented_records_no_arbitrary_exclusion
20745,18,212,125,0.48532211771135353,0.69160785961132154,2.0703720546543081,0.06520193357676167,0.10495142519806949,False,no_gt20km_flag,retain_all_documented_records_no_arbitrary_exclusion
20750,5,129,77,0.72954208453597169,0.91853460165487388,1.0220821240115825,0.12391735638683832,0.27551784279582736,False,no_gt20km_flag,retain_all_documented_records_no_arbitrary_exclusion
20751,13,110,85,0.42108179298955339,0.75295354802091974,9.7125718012453319,0.071998911113760708,0.02697179583947994,False,no_gt20km_flag,retain_all_documented_records_no_arbitrary_exclusion
20755,8,120,89,0.36224883016243781,0.60002885999807465,0.7602964020186086,0.0089586734100044717,0.0479727394338113,False,no_gt20km_flag,retain_all_documented_records_no_arbitrary_exclusion
20756,10,139,86,0.30313671918556645,0.66082272825082222,1.1782408752810052,0.10536465779579728,0.04314162371567979,False,no_gt20km_flag,retain_all_documented_records_no_arbitrary_exclusion
20760,4,108,66,0.47944108663843432,0.93339336815379437,5.9931080134818862,0.14803899962158656,0.028959076157383447,False,no_gt20km_flag,retain_all_documented_records_no_arbitrary_exclusion
20761,1,50,37,0.54225456153406215,0.8008453129166857,1.0118845258109535,0.07966965222391767,0.17176350096121762,False,no_gt20km_flag,retain_all_documented_records_no_arbitrary_exclusion
20765,8,105,60,0.59671051518254381,1.7340808296501138,1.8827150660264598,0.064756472073354401,0.12590113623675622,False,no_gt20km_flag,retain_all_documented_records_no_arbitrary_exclusion
20766,5,117,53,0.36565322386275367,0.81366568857256172,1.1470125777871891,0.16593999010676991,0.14902851816883311,False,no_gt20km_flag,retain_all_documented_records_no_arbitrary_exclusion
20770,12,269,142,0.3589681139057434,0.77155366641063894,2.006692331827904,0.048512730844884104,0.036956798810060004,False,no_gt20km_flag,retain_all_documented_records_no_arbitrary_exclusion
20771,31,412,155,0.50643358676488104,0.8730073800381104,1.3114425540919443,0.13946914716251332,0.25595369174822202,False,no_gt20km_flag,retain_all_documented_records_no_arbitrary_exclusion
20775,23,348,171,0.37917187720204759,0.53432693374628382,0.78958678801394422,0.050533167721227804,0.034772433536876313,False,no_gt20km_flag,retain_all_documented_records_no_arbitrary_exclusion
20780,32,333,175,0.46022543742153615,0.68736116085098753,31.515411456983092,0.098500394943615649,0.14694650499441383,True,inconsistency_not_proven_uncertain,retain_all_documented_records_no_arbitrary_exclusion
20785,16,153,113,0.44004881572342847,0.72108141774795154,0.91856303993373323,0.01066428333378642,0.048903879153634797,False,no_gt20km_flag,retain_all_documented_records_no_arbitrary_exclusion
20910,11,120,88,0.41139164715978982,0.89094740405504658,1.1570104606460818,0.16928455829828792,0.036324365078989368,False,no_gt20km_flag,retain_all_documented_records_no_arbitrary_exclusion
20911,8,93,60,0.46563485388668702,1.134528028797237,1.4866038549551723,0.11924916772210514,0.19528103573069228,False,no_gt20km_flag,retain_all_documented_records_no_arbitrary_exclusion
20920,8,103,60,0.44413103943539639,0.50600196444075851,4.6983814265442909,0.10514142601796236,0.16052039453199185,False,no_gt20km_flag,retain_all_documented_records_no_arbitrary_exclusion
20921,19,179,105,0.84252342146846337,1.2393813527203876,45.158931261660619,0.73514870660805587,0.64649521773694041,True,inconsistency_not_proven_uncertain,retain_all_documented_records_no_arbitrary_exclusion
20930,3,163,98,0.73036100338113485,0.95856732741202544,1.3502930866120422,0.26711984293642616,0.066774721554848177,False,no_gt20km_flag,retain_all_documented_records_no_arbitrary_exclusion
20931,11,96,48,0.67846131641417684,1.4723579399637627,4.2467234326389525,0.29794472454279514,0.098282836958383496,False,no_gt20km_flag,retain_all_documented_records_no_arbitrary_exclusion
20932,1,1,1,0,0,0,0,0,False,no_gt20km_flag,retain_all_documented_records_no_arbitrary_exclusion
20940,18,143,85,0.30552765002409066,0.57433461280697429,1.022642241435797,0.10777165435282815,0.025999842255340279,False,no_gt20km_flag,retain_all_documented_records_no_arbitrary_exclusion
20941,15,125,52,0.27037266509069979,0.62105873954377966,1.9391043773841974,0.13486057570732743,0.10590626501216353,False,no_gt20km_flag,retain_all_documented_records_no_arbitrary_exclusion
20943,3,17,9,0.29728187874243589,0.39466947337595276,0.69859009666389216,0.078842835171962028,0.14840270795288804,False,no_gt20km_flag,retain_all_documented_records_no_arbitrary_exclusion
20950,34,297,167,0.63620599607868311,1.2896210781515318,1.4979269347691768,0.06867590531570443,0.083242410898012445,False,no_gt20km_flag,retain_all_documented_records_no_arbitrary_exclusion
20960,6,118,84,0.48622957828440933,0.62704926162697083,0.69379056204455536,0.048765040999821554,0.02665072717222226,False,no_gt20km_flag,retain_all_documented_records_no_arbitrary_exclusion
20961,3,53,42,0.42949438090926823,0.85427785610813023,1.0452244673448454,0.13385115909145706,0.014516965830971756,False,no_gt20km_flag,retain_all_documented_records_no_arbitrary_exclusion
20970,4,54,45,4.1562499014162464,14.300757654329148,38.387431272477443,4.12915247365817,0.13402067410744517,True,inconsistency_not_proven_uncertain,retain_all_documented_records_no_arbitrary_exclusion
20972,1,5,4,8.6812178842449246,10.100351922449578,11.04644128125268,2.2945052615864849,2.1700194970904687,False,no_gt20km_flag,retain_all_documented_records_no_arbitrary_exclusion
20973,3,18,12,5.4816035461034147,17.634550107157633,40.545962117829156,5.3626095826908458,2.7423781173015325,True,inconsistency_not_proven_uncertain,retain_all_documented_records_no_arbitrary_exclusion
20975,3,45,31,0.44561280055371028,0.74455616005473479,0.88646249159765322,0.063776299423516009,0.11522253662938885,False,no_gt20km_flag,retain_all_documented_records_no_arbitrary_exclusion
21010,7,70,51,1.6873597574280088,3.0956896913593672,41.300328470916661,1.5245662622689362,0.61701303414402442,True,inconsistency_not_proven_uncertain,retain_all_documented_records_no_arbitrary_exclusion
21011,16,242,200,0.56858131786995725,1.6970693341025236,41.127364633556645,0.33048885137852907,0.04365152159582153,True,inconsistency_not_proven_uncertain,retain_all_documented_records_no_arbitrary_exclusion
21012,7,84,65,2.8692569193371043,5.2353100340017376,40.09307532768409,2.5020871532945055,0.32027383436680446,True,inconsistency_not_proven_uncertain,retain_all_documented_records_no_arbitrary_exclusion
21020,33,360,215,0.49678156986209582,0.78993738374430578,1.395139954205004,0.090527162346917364,0.17387590283294926,False,no_gt20km_flag,retain_all_documented_records_no_arbitrary_exclusion
21021,25,297,215,0.45912642882946519,0.70417890686591977,1.4357840299268552,0.032430079850601222,0.0095528849778755125,False,no_gt20km_flag,retain_all_documented_records_no_arbitrary_exclusion
21030,3,49,30,1.6966184810258607,2.0504516642560988,42.805749555292877,1.5715420987304902,1.0157770738495744,True,inconsistency_not_proven_uncertain,retain_all_documented_records_no_arbitrary_exclusion
21031,17,290,229,0.51277850826403737,0.73967393834835649,1.0285962296859268,0.055869902255387204,0.024226331570133486,False,no_gt20km_flag,retain_all_documented_records_no_arbitrary_exclusion
21032,9,134,73,0.35136310132923998,0.69114460343381101,0.81877599871258611,0.020784271468989948,0.059834136400629116,False,no_gt20km_flag,retain_all_documented_records_no_arbitrary_exclusion
21040,9,195,126,0.51381185563284393,1.2279956260303302,33.565804810706481,0.19720756377274634,0.19264122100647973,True,inconsistency_not_proven_uncertain,retain_all_documented_records_no_arbitrary_exclusion
21041,10,123,90,0.90774275377332703,1.2704400989378744,38.681515846428688,0.86106038881818558,0.28783358115723578,True,inconsistency_not_proven_uncertain,retain_all_documented_records_no_arbitrary_exclusion
21042,4,96,58,0.72777686844561784,1.0413652240739095,28.109512423005672,0.67060572123492246,0.4150695575891406,True,inconsistency_not_proven_uncertain,retain_all_documented_records_no_arbitrary_exclusion
21043,1,13,13,5.5501766284051524,14.2144262972669,23.164234983871186,4.4979565617278334,7.4142625813016675e-13,True,inconsistency_not_proven_uncertain,retain_all_documented_records_no_arbitrary_exclusion
21044,4,57,35,2.6083818225868591,3.3138402825895437,43.81603481807926,2.5256528354279619,0.19126029147603896,True,inconsistency_not_proven_uncertain,retain_all_documented_records_no_arbitrary_exclusion
21046,4,46,41,1.1934788870449617,1.5149823089691536,39.341319292138557,1.1663369945845672,0.14658856881240812,True,inconsistency_not_proven_uncertain,retain_all_documented_records_no_arbitrary_exclusion
21050,17,207,153,0.52675080373586813,0.890043551473088,7.713411329952808,0.19026538829411196,0.06551319699134156,False,no_gt20km_flag,retain_all_documented_records_no_arbitrary_exclusion
21051,5,166,102,0.43596188248235246,0.84714792796820038,1.0696201172104147,0.067280768224014895,0.069551771511127389,False,no_gt20km_flag,retain_all_documented_records_no_arbitrary_exclusion
21060,17,185,138,0.42041497429845887,0.82979459070122286,17.30863074067215,0.069606434407028392,0.043543950616801254,False,no_gt20km_flag,retain_all_documented_records_no_arbitrary_exclusion
21061,14,147,95,0.59945503335354888,1.1479488628347081,25.413402186469305,0.33925851933995738,0.12973147467086557,True,inconsistency_not_proven_uncertain,retain_all_documented_records_no_arbitrary_exclusion
21070,9,183,138,0.47914817736611742,1.0189267070702683,42.424403651360578,0.17700531018306651,0.096442082636231163,True,inconsistency_not_proven_uncertain,retain_all_documented_records_no_arbitrary_exclusion
21071,4,24,21,1.4902670052915454,2.523482531293205,22.889026496183892,1.4632747744177899,0.21289119692072939,True,inconsistency_not_proven_uncertain,retain_all_documented_records_no_arbitrary_exclusion
21073,26,216,139,0.36110905203594745,0.5584594661306751,0.72666910375014448,0.044838273883648423,0.073202402658837526,False,no_gt20km_flag,retain_all_documented_records_no_arbitrary_exclusion
21210,17,290,167,0.66937835393317435,1.2908749298415059,1.5718135735127738,0.18090492151660723,0.21824951899480124,False,no_gt20km_flag,retain_all_documented_records_no_arbitrary_exclusion
21211,13,140,98,0.3320359351089418,0.69846148514797979,1.4213818374445357,0.045957260595611199,0.04263115554900624,False,no_gt20km_flag,retain_all_documented_records_no_arbitrary_exclusion
21215,18,239,180,0.55362878035747132,0.89753329477822319,1.2833704630607203,0.087126446529809887,0.030711841918819129,False,no_gt20km_flag,retain_all_documented_records_no_arbitrary_exclusion
21220,24,342,176,0.77567973476489849,1.1891765475739433,7.1617966824163597,0.1142439245131371,0.059792134983423513,False,no_gt20km_flag,retain_all_documented_records_no_arbitrary_exclusion
21221,22,295,212,0.55478357541636891,1.1804044665165918,40.460266112100221,0.16550967520141066,0.13885016537947617,True,inconsistency_not_proven_uncertain,retain_all_documented_records_no_arbitrary_exclusion
21230,42,397,212,0.56349491438091726,1.0703265601389125,12.288061040880935,0.094465104474901834,0.020871854187326261,False,no_gt20km_flag,retain_all_documented_records_no_arbitrary_exclusion
21231,7,70,59,0.26501023335013235,0.47968716732174338,8.2771982966624265,0.12574322449371109,0.020288704432846433,False,no_gt20km_flag,retain_all_documented_records_no_arbitrary_exclusion
21235,36,449,347,0.62391261771344619,1.0085018065143021,1.6702539709665087,0.11106395028403432,0.027654571453802713,False,no_gt20km_flag,retain_all_documented_records_no_arbitrary_exclusion
21236,1,18,16,2.5896139739080728,3.4571162115575542,36.376149450767073,2.5435104430216944,0.32243699049466201,True,inconsistency_not_proven_uncertain,retain_all_documented_records_no_arbitrary_exclusion
21240,7,135,113,0.60546637507691148,1.2026769003309223,38.55185897234913,0.36149180308831252,0.057071339033774482,True,inconsistency_not_proven_uncertain,retain_all_documented_records_no_arbitrary_exclusion
21241,4,71,62,0.53457092702191977,1.0533631838478605,16.998192135207017,0.18499089822894552,0.048117897382169907,False,no_gt20km_flag,retain_all_documented_records_no_arbitrary_exclusion
21250,22,236,162,0.51687524655957828,0.87550454993935267,1.3614343701318747,0.084338257587923085,0.071807606695536583,False,no_gt20km_flag,retain_all_documented_records_no_arbitrary_exclusion
21310,18,186,119,0.54639806100318233,0.89926502127727759,1.0280550485892037,0.024685200828248481,0.105639925620635,False,no_gt20km_flag,retain_all_documented_records_no_arbitrary_exclusion
21311,16,138,110,0.47213345931852002,0.86558511067805555,7.63683428218242,0.0076173040644574551,0.027631934114745679,False,no_gt20km_flag,retain_all_documented_records_no_arbitrary_exclusion
21320,16,177,99,0.48689208257762534,0.92965988502259689,1.112672553791084,0.14597120368881031,0.090991782334455373,False,no_gt20km_flag,retain_all_documented_records_no_arbitrary_exclusion
21321,57,560,264,0.86228771230706502,1.5981982696118164,1.989012194828611,0.22083712225968585,0.32513997364903491,False,no_gt20km_flag,retain_all_documented_records_no_arbitrary_exclusion
21330,50,541,307,0.6119278726586892,1.0169844050862107,17.907561696218036,0.10014567463032556,0.18549358083043457,False,no_gt20km_flag,retain_all_documented_records_no_arbitrary_exclusion
21331,25,305,213,0.60188448089562996,0.90070298949269312,35.911855132156077,0.16433146913921179,0.050470334716054638,True,inconsistency_not_proven_uncertain,retain_all_documented_records_no_arbitrary_exclusion
21340,9,148,130,0.48428964219115833,1.203690568692914,24.14282013200679,0.20329237551736073,0.035496166060576401,True,inconsistency_not_proven_uncertain,retain_all_documented_records_no_arbitrary_exclusion
21341,22,316,169,0.51547047708155747,0.78478195381222426,1.3122172395675833,0.069957316871861103,0.12984640062024191,False,no_gt20km_flag,retain_all_documented_records_no_arbitrary_exclusion
21350,12,101,75,0.42944340143526283,0.74156087895541001,0.85684053409908678,0.092470579528265331,0.049573502733840168,False,no_gt20km_flag,retain_all_documented_records_no_arbitrary_exclusion
21351,10,154,86,0.34622091782868658,0.70498795017861249,4.7151722084657681,0.058936719864456574,0.135662523957153,False,no_gt20km_flag,retain_all_documented_records_no_arbitrary_exclusion
21360,8,129,86,0.40854818010547972,0.75010384498321792,3.2152133200968089,0.033298273023187275,0.0040384585585048292,False,no_gt20km_flag,retain_all_documented_records_no_arbitrary_exclusion
21361,12,177,145,0.4367942799307587,0.85963481848268175,1.1522916639760366,0.029394540287315332,0.028609542477003959,False,no_gt20km_flag,retain_all_documented_records_no_arbitrary_exclusion
21370,4,71,57,0.87253234879495645,1.5884327597245111,1.852127848791834,0.17545951559768125,0.14577134933942504,False,no_gt20km_flag,retain_all_documented_records_no_arbitrary_exclusion
21371,9,171,141,0.75191652046925417,1.1400337607532123,1.359899409495182,0.22053419518921655,0.047095021044067417,False,no_gt20km_flag,retain_all_documented_records_no_arbitrary_exclusion
21380,19,181,129,0.50710154337688973,0.75831119008990477,8.5030551461373083,0.1808047681693857,0.08057332638669297,False,no_gt20km_flag,retain_all_documented_records_no_arbitrary_exclusion
21381,8,89,76,0.47866799150196104,0.86735528739215517,8.3857462968115861,0.092233819452894453,0.045626280022915536,False,no_gt20km_flag,retain_all_documented_records_no_arbitrary_exclusion
21510,7,81,70,0.7888102878984391,1.5144261995692543,28.850841856923584,0.40346016296845399,0.074718044008723214,True,inconsistency_not_proven_uncertain,retain_all_documented_records_no_arbitrary_exclusion
21511,5,62,58,0.57581691970620019,1.0669519832439307,19.158692172930536,0.24757684156403775,0.044741880190578447,False,no_gt20km_flag,retain_all_documented_records_no_arbitrary_exclusion
21512,5,34,17,0.61625961720167011,0.8763031135937992,18.764857161650724,0.61625961720167011,0.68770579975325707,False,no_gt20km_flag,retain_all_documented_records_no_arbitrary_exclusion
21515,5,21,19,1.7194761534560055,9.0332016962712398,18.945626850457405,1.4531225267024865,0.12964611704194137,False,no_gt20km_flag,retain_all_documented_records_no_arbitrary_exclusion
21520,3,77,56,0.51906890889310187,0.94689574891414896,1.2576418749185219,0.17925475691753545,0.054427541216101626,False,no_gt20km_flag,retain_all_documented_records_no_arbitrary_exclusion
21530,6,62,33,0.91833019023610429,1.6239360812392298,14.784771793469611,0.28074327759317713,0.70569423071114556,False,no_gt20km_flag,retain_all_documented_records_no_arbitrary_exclusion
21532,1,31,29,0.88938129106315023,1.1690478713536612,1.355200432889244,0.31944187364430648,0.056415059358853291,False,no_gt20km_flag,retain_all_documented_records_no_arbitrary_exclusion
21535,2,43,28,1.7970539648022095,2.1292059568494919,39.261159046610942,1.7616091384302504,0.92229405634180439,True,inconsistency_not_proven_uncertain,retain_all_documented_records_no_arbitrary_exclusion
21540,10,148,96,0.64173764817301604,1.0955162170568635,1.8791184294952612,0.13288703391996437,0.11101184287392744,False,no_gt20km_flag,retain_all_documented_records_no_arbitrary_exclusion
21545,4,103,84,0.47728269538594487,0.82462918877292379,1.2861177864480429,0.13800798579440396,0.025871034975365349,False,no_gt20km_flag,retain_all_documented_records_no_arbitrary_exclusion
21550,14,171,145,0.53560046689149299,0.81859749732628373,9.3773034267000686,0.22171099433067332,0.031701316787640127,False,no_gt20km_flag,retain_all_documented_records_no_arbitrary_exclusion
21555,13,192,161,0.52166370738787604,0.74748612828621563,1.0720851357011862,0.041183001030893403,0.029385069677310166,False,no_gt20km_flag,retain_all_documented_records_no_arbitrary_exclusion
21557,3,37,29,0.26328406386449088,0.42482543456114175,0.6595336177426292,0.0129307838778589,0.056015481044953068,False,no_gt20km_flag,retain_all_documented_records_no_arbitrary_exclusion
21610,20,172,129,0.42159908374905763,0.62968640737358228,22.284638705430133,0.097247184148646609,0.035736673367228765,True,inconsistency_not_proven_uncertain,retain_all_documented_records_no_arbitrary_exclusion
21615,17,127,59,0.81024806041718556,1.7152513038342798,5.4770157653173506,0.17126196975026317,0.28521696156125464,False,no_gt20km_flag,retain_all_documented_records_no_arbitrary_exclusion
21616,10,39,31,0.38170573230843219,1.7762433409040601,1.89898290043949,0.22009294660726128,0.017251376818318145,False,no_gt20km_flag,retain_all_documented_records_no_arbitrary_exclusion
21620,12,138,119,0.51352105098722545,1.1323245554117003,3.3766433286437207,0.1061464190980663,0.044785351172514823,False,no_gt20km_flag,retain_all_documented_records_no_arbitrary_exclusion
21625,11,66,59,0.44395919202315703,0.63782978867806228,13.562044551701574,0.28967129443993961,0.018402741193676578,False,no_gt20km_flag,retain_all_documented_records_no_arbitrary_exclusion
21630,5,75,67,0.36948213961228976,0.55567371549304845,0.67015827008543394,0.074323833929272512,0.010623424203656581,False,no_gt20km_flag,retain_all_documented_records_no_arbitrary_exclusion
21635,2,88,69,0.48970645854311023,0.71826791889739827,0.88177181675539551,0.13162440701500888,0.041283531939416106,False,no_gt20km_flag,retain_all_documented_records_no_arbitrary_exclusion
21640,2,23,21,0.46984515393190895,0.67974590952524083,0.89879662394949777,0.15049414791993834,0.018678713298907097,False,no_gt20km_flag,retain_all_documented_records_no_arbitrary_exclusion
21645,2,51,44,0.5382460216327094,0.88849846850176584,1.3864886612653846,0.01531884694363265,0.051444669668471395,False,no_gt20km_flag,retain_all_documented_records_no_arbitrary_exclusion
21650,5,33,24,0.4239907115155413,1.1912760725930396,1.3536519692349109,0.3106655046324569,0.10421171700180712,False,no_gt20km_flag,retain_all_documented_records_no_arbitrary_exclusion
21655,2,56,43,0.59675076089171508,0.97217697627401012,1.8174539618678336,0.24745985739051612,0.14290110400267278,False,no_gt20km_flag,retain_all_documented_records_no_arbitrary_exclusion
21660,7,86,63,0.40555810680767568,0.6031626549781286,1.2378618765128799,0.09021179358090925,0.071624113571764,False,no_gt20km_flag,retain_all_documented_records_no_arbitrary_exclusion
21665,1,26,23,0.495880286972321,0.77169029273607581,0.81324611215253528,0.1425895905163673,0.043291809406445267,False,no_gt20km_flag,retain_all_documented_records_no_arbitrary_exclusion
21670,5,52,46,0.45745012169814037,0.93533277183555941,19.08192806081593,0.35106943626448534,0.066395516223815995,False,no_gt20km_flag,retain_all_documented_records_no_arbitrary_exclusion
21675,8,64,44,0.78198334890632681,1.1251871643959128,35.045255380760786,0.57289113817214121,0.2481147723916273,True,inconsistency_not_proven_uncertain,retain_all_documented_records_no_arbitrary_exclusion
21710,11,121,75,0.49530325412277515,0.9926919737658999,12.060758705027228,0.14908849919255593,0.099894631056681976,False,no_gt20km_flag,retain_all_documented_records_no_arbitrary_exclusion
21715,11,131,94,0.52896982013281879,0.99997266305750754,1.1451687449203367,0.17793819519509296,0.046596882935758616,False,no_gt20km_flag,retain_all_documented_records_no_arbitrary_exclusion
21720,3,53,41,0.32226460500230381,0.63278235995218102,0.84721483131301811,0.12555237791803706,0.037242416972922826,False,no_gt20km_flag,retain_all_documented_records_no_arbitrary_exclusion
21721,2,35,22,16.739465571241794,30.145729817926153,30.145729817926153,16.120576778326306,13.581467060515868,True,inconsistency_not_proven_uncertain,retain_all_documented_records_no_arbitrary_exclusion
21725,6,74,55,0.84369433236950853,1.3351209656539378,28.117418695888372,0.65864699948326622,0.31156752299438722,True,inconsistency_not_proven_uncertain,retain_all_documented_records_no_arbitrary_exclusion
21730,7,69,61,0.61955594337737452,1.0583516440164089,16.481596112326439,0.26629322525341526,0.028163517873162194,False,no_gt20km_flag,retain_all_documented_records_no_arbitrary_exclusion
21735,6,80,65,0.62526852444888426,1.2836119893767599,17.217827157977514,0.075058610267685066,0.043299145666154698,False,no_gt20km_flag,retain_all_documented_records_no_arbitrary_exclusion
21740,10,95,55,1.098611812029092,2.2499549018098755,9.6886048084271934,0.62409395337282814,0.13468774038767117,False,no_gt20km_flag,retain_all_documented_records_no_arbitrary_exclusion
21741,6,77,41,0.41285594229777189,0.65300619577947661,0.85232653388706126,0.14320152226568841,0.089269550179761098,False,no_gt20km_flag,retain_all_documented_records_no_arbitrary_exclusion
21745,8,93,82,0.55617446434964979,1.0696175908265373,2.6823462635820454,0.24966229069004767,0.017931649744068263,False,no_gt20km_flag,retain_all_documented_records_no_arbitrary_exclusion
21746,1,16,16,1.017503078829094,1.2629500313431588,13.412697005996932,0.92520823842599698,3.5366203299247443e-13,False,no_gt20km_flag,retain_all_documented_records_no_arbitrary_exclusion
21750,10,109,80,0.35328252372939434,0.59693652017821641,1.0426180469293553,0.058339028419297272,0.038594504334597719,False,no_gt20km_flag,retain_all_documented_records_no_arbitrary_exclusion
21755,4,119,86,0.53363950007372951,1.0337532703549188,16.63176184778154,0.27442959625348395,0.096224681659452041,False,no_gt20km_flag,retain_all_documented_records_no_arbitrary_exclusion
21760,11,96,86,0.48537618888258616,0.96774749422859785,2.4371645863799052,0.094278125858730549,0.014997506219617322,False,no_gt20km_flag,retain_all_documented_records_no_arbitrary_exclusion
21765,12,160,138,0.47376808115068519,1.1419164626978453,11.809456136288233,0.056185140939802709,0.034152933734786305,False,no_gt20km_flag,retain_all_documented_records_no_arbitrary_exclusion
21770,7,85,79,0.3958902846139013,0.76527290919134128,0.89580933242230265,0.058248527412314052,0.021195965937407166,False,no_gt20km_flag,retain_all_documented_records_no_arbitrary_exclusion
21775,9,107,92,0.53960449074462835,0.79120282260573693,1.0702340858717621,0.033861255526875224,0.022794045625375309,False,no_gt20km_flag,retain_all_documented_records_no_arbitrary_exclusion
21810,11,173,125,0.43881301215924251,0.74732661969497827,10.113711078487553,0.097424908017209669,0.048614032257594725,False,no_gt20km_flag,retain_all_documented_records_no_arbitrary_exclusion
21815,8,99,83,0.52026588573733779,0.73455263639041402,12.467368856600812,0.29644578974415742,0.025946798262675538,False,no_gt20km_flag,retain_all_documented_records_no_arbitrary_exclusion
21820,11,98,85,0.50992102492114089,0.9938844347363528,31.647143336925133,0.31129322974659401,0.054991391757271649,True,inconsistency_not_proven_uncertain,retain_all_documented_records_no_arbitrary_exclusion
21825,5,92,73,0.59283258712284748,0.83925794365022022,30.819234260434712,0.45759459399510405,0.10353607781230276,True,inconsistency_not_proven_uncertain,retain_all_documented_records_no_arbitrary_exclusion
21830,9,118,76,0.46477070313555857,1.1425243716960027,5.9568865269439506,0.11862989817252484,0.14779835222375939,False,no_gt20km_flag,retain_all_documented_records_no_arbitrary_exclusion
21831,7,66,52,0.41275383225530066,0.75427823898020896,1.6529951621446857,0.064380220577228059,0.023423101325589051,False,no_gt20km_flag,retain_all_documented_records_no_arbitrary_exclusion
21832,9,82,68,0.31295056949419209,0.75888712342568609,1.342848657397224,0.08780926096650675,0.023921400195271648,False,no_gt20km_flag,retain_all_documented_records_no_arbitrary_exclusion
21833,3,57,41,0.30770132671147732,0.4933453306110846,0.64265477097873125,0.055400703259380644,0.020086031457025252,False,no_gt20km_flag,retain_all_documented_records_no_arbitrary_exclusion
21840,6,55,46,0.8258127674559449,1.1552627163211784,19.00707772284084,0.39304617914664197,0.10722406178939896,False,no_gt20km_flag,retain_all_documented_records_no_arbitrary_exclusion
21842,9,106,77,0.5308264954412929,0.75413707898989246,2.4664168681849992,0.18202915291815094,0.15863880230898064,False,no_gt20km_flag,retain_all_documented_records_no_arbitrary_exclusion
21843,6,48,39,1.0972121341515848,2.3589713194329014,40.447179823625966,1.0008389004319656,0.20928367992293836,True,inconsistency_not_proven_uncertain,retain_all_documented_records_no_arbitrary_exclusion
21850,2,29,29,0.43008659998878657,0.64002917972790463,0.77878201861622531,0.043791290318930809,1.4830815673173451e-12,False,no_gt20km_flag,retain_all_documented_records_no_arbitrary_exclusion
21852,1,48,33,2.3726915892044032,2.9533226820539578,29.482393584683802,2.3110168565468858,0.34466018433779011,True,inconsistency_not_proven_uncertain,retain_all_documented_records_no_arbitrary_exclusion
21853,11,79,64,0.96172571941640761,3.3949278884622256,24.32789895778274,0.65121157296941978,0.3130576331129859,True,inconsistency_not_proven_uncertain,retain_all_documented_records_no_arbitrary_exclusion
21854,1,7,5,1.2784307745471359,1.5375436102080804,1.5375436102080804,0.41891816710533925,0.1211573938221121,False,no_gt20km_flag,retain_all_documented_records_no_arbitrary_exclusion
21860,5,47,42,0.9685904489005891,4.5018357817193531,4.51019469916824,0.70658470174701338,0.15661570295473098,False,no_gt20km_flag,retain_all_documented_records_no_arbitrary_exclusion
21862,6,69,59,0.44567867988226745,0.78366420080629851,1.0469975546601611,0.049558158076396727,0.057460794596619513,False,no_gt20km_flag,retain_all_documented_records_no_arbitrary_exclusion
21863,6,84,57,0.40477737463119395,0.7482894053246143,1.3058366407271986,0.10560443105361737,0.07869899382698084,False,no_gt20km_flag,retain_all_documented_records_no_arbitrary_exclusion
21864,3,49,44,0.28872220442288898,1.2602141977301209,1.3533188470804409,0.16047930423124226,0.021584182462479173,False,no_gt20km_flag,retain_all_documented_records_no_arbitrary_exclusion
21865,2,40,35,0.9613765813354137,1.1261536439061834,17.818729688961124,0.9536103727566887,0.39403027470098723,False,no_gt20km_flag,retain_all_documented_records_no_arbitrary_exclusion
21866,8,35,27,2.1803500661462687,20.058732751070206,23.912351633168331,1.9166011543968877,0.32172479388492092,True,inconsistency_not_proven_uncertain,retain_all_documented_records_no_arbitrary_exclusion
21870,7,95,87,0.42920905289991174,0.75361850029976529,1.5846756391311476,0.099610250397719702,0.0046905412399264159,False,no_gt20km_flag,retain_all_documented_records_no_arbitrary_exclusion
21875,2,40,34,0.43335863336554475,0.88921242096464337,12.958637117047937,0.21173825062168267,0.064098404813632645,False,no_gt20km_flag,retain_all_documented_records_no_arbitrary_exclusion
21910,15,233,188,0.57409660083006209,1.1046179436394963,17.931586294969314,0.078079995417782391,0.02881465807471879,False,no_gt20km_flag,retain_all_documented_records_no_arbitrary_exclusion
21911,9,144,115,0.39575157227369817,0.84120352606214777,0.99882883530680788,0.025584641170596108,0.030479301246557157,False,no_gt20km_flag,retain_all_documented_records_no_arbitrary_exclusion
21920,25,327,239,0.75118768016620685,1.2574668939694775,41.741598279941087,0.039014157726918505,0.027743671926957401,True,inconsistency_not_proven_uncertain,retain_all_documented_records_no_arbitrary_exclusion
21921,13,236,167,0.62423743737145343,1.1311551568134717,10.055443630775942,0.11899926512218786,0.12238159563193035,False,no_gt20km_flag,retain_all_documented_records_no_arbitrary_exclusion
21930,12,247,183,0.60365305497029265,1.0852903422369093,15.915907559347975,0.123856438027152,0.090734432873935275,False,no_gt20km_flag,retain_all_documented_records_no_arbitrary_exclusion
21931,39,514,323,0.95731860802803381,1.548136183121132,39.658303174023814,0.22153856018317911,0.099300546912236387,True,inconsistency_not_proven_uncertain,retain_all_documented_records_no_arbitrary_exclusion
21932,4,49,41,1.6257690856942881,4.4458148717703692,43.049011480610815,1.5625314643394901,0.28890871522950379,True,inconsistency_not_proven_uncertain,retain_all_documented_records_no_arbitrary_exclusion
21940,30,305,224,0.47512299044122969,0.71755488804947154,1.0304011165255262,0.054874927313851095,0.039829991748658811,False,no_gt20km_flag,retain_all_documented_records_no_arbitrary_exclusion
21941,21,282,179,4.2326092131527897,5.4330996056973468,47.780229250789596,3.2139352385425708,0.89777689806726801,True,inconsistency_not_proven_uncertain,retain_all_documented_records_no_arbitrary_exclusion
22010,24,279,129,0.24029280800084152,0.37475257615643348,0.56409897970566847,0.019171061868027001,0.025451109305800579,False,no_gt20km_flag,retain_all_documented_records_no_arbitrary_exclusion
22011,30,262,84,0.24331212885934647,0.38963335783367886,0.50507458295388485,0.039635541630279957,0.1211046719808979,False,no_gt20km_flag,retain_all_documented_records_no_arbitrary_exclusion
22020,23,228,108,0.29613611911626492,0.44382971279859418,1.2248815747594504,0.013983725445679133,0.010807704297468574,False,no_gt20km_flag,retain_all_documented_records_no_arbitrary_exclusion
22021,22,194,90,0.3556189097687204,0.48863902069645154,0.7293293414450932,0.090998365389041005,0.012394984455556658,False,no_gt20km_flag,retain_all_documented_records_no_arbitrary_exclusion
22030,26,236,79,0.30964221862764063,0.58175231738073763,0.7156420893268417,0.1313654469142031,0.038377912881351381,False,no_gt20km_flag,retain_all_documented_records_no_arbitrary_exclusion
22031,22,325,116,0.23428503193836542,0.49399056510756167,0.79112777418387303,0.090565590235436894,0.010931578485603301,False,no_gt20km_flag,retain_all_documented_records_no_arbitrary_exclusion
22040,20,240,107,0.2311630095784438,0.54238386005182715,7.4519143143664781,0.077853484216872437,0.02651644086224933,False,no_gt20km_flag,retain_all_documented_records_no_arbitrary_exclusion
22041,24,300,147,0.30938572921311391,0.57874670501622705,0.76309692113596839,0.03586792129710132,0.012995389256816583,False,no_gt20km_flag,retain_all_documented_records_no_arbitrary_exclusion
22050,27,234,107,0.19883769316233099,0.4119666640918429,0.52848834138392842,0.028518523707967588,0.010389574169395779,False,no_gt20km_flag,retain_all_documented_records_no_arbitrary_exclusion
22051,21,265,123,0.13499448153676238,0.39905145393438207,4.2636313106298687,0.03056124840569753,0.037155799393390546,False,no_gt20km_flag,retain_all_documented_records_no_arbitrary_exclusion
22060,17,186,90,0.19013779676635947,0.32809701282422199,0.38662334646230256,0.020865947158290449,0.017126719171793578,False,no_gt20km_flag,retain_all_documented_records_no_arbitrary_exclusion
22061,21,212,97,0.16288375982081083,0.38942785788648698,0.5165958957310951,0.045046056425029388,0.03733204426536349,False,no_gt20km_flag,retain_all_documented_records_no_arbitrary_exclusion
22070,19,159,72,0.35752981146645435,0.75552017246196901,0.93679652266941194,0.15510336557608143,0.031342627736902891,False,no_gt20km_flag,retain_all_documented_records_no_arbitrary_exclusion
22071,32,311,138,0.36130911976669472,0.48751564848090417,29.072813022160727,0.16282831077278043,0.10539626617236257,True,inconsistency_not_proven_uncertain,retain_all_documented_records_no_arbitrary_exclusion
22080,21,197,88,0.24473757805958482,0.36566616606665869,15.333772621190992,0.16161532274263538,0.11990990246550702,False,no_gt20km_flag,retain_all_documented_records_no_arbitrary_exclusion
22081,28,290,145,0.18496575768817408,0.30596504118237461,0.45315533269419089,0.022016581132039473,0.012043930088539694,False,no_gt20km_flag,retain_all_documented_records_no_arbitrary_exclusion
22210,33,368,155,0.45079991267329678,0.78490092295676805,1.1651419409726007,0.13156342705081628,0.063966079345764648,False,no_gt20km_flag,retain_all_documented_records_no_arbitrary_exclusion
22211,4,88,46,0.20246813216804116,0.45997332286602172,0.53406613985228135,0.074943824815753748,0.016668916665272076,False,no_gt20km_flag,retain_all_documented_records_no_arbitrary_exclusion
22220,27,244,122,0.21246348682818664,0.50959321215350295,0.95834335733617348,0.0036033140370525557,0.063122990832631551,False,no_gt20km_flag,retain_all_documented_records_no_arbitrary_exclusion
22221,43,340,112,0.33465920899241763,0.79743482588485071,1.0049208565829824,0.22366985739877696,0.052848375856557057,False,no_gt20km_flag,retain_all_documented_records_no_arbitrary_exclusion
22230,52,420,139,0.22045559149104549,0.35255251894339451,0.52077607469896825,0.014946674122196777,0.028380620281211962,False,no_gt20km_flag,retain_all_documented_records_no_arbitrary_exclusion
22231,45,286,133,0.32429467430100523,0.5418906775613741,2.264499973699388,0.098699517580756457,0.036359443420086186,False,no_gt20km_flag,retain_all_documented_records_no_arbitrary_exclusion
22240,47,312,121,0.39199263174753696,0.81019835974922583,1.9092076135849443,0.056484843623030828,0.027745601323538392,False,no_gt20km_flag,retain_all_documented_records_no_arbitrary_exclusion
22241,15,133,60,0.38784344591702619,0.66152687777886199,1.2909893316297982,0.047452733927191654,0.14327494899882146,False,no_gt20km_flag,retain_all_documented_records_no_arbitrary_exclusion
22245,15,148,79,0.16194704171560176,0.32603426963534127,0.58920891983160084,0.05778943489609966,0.050502166244844694,False,no_gt20km_flag,retain_all_documented_records_no_arbitrary_exclusion
22250,55,466,148,0.44476697452980174,0.8596382498657803,1.0116560399447034,0.19391608021470813,0.10389603002869674,False,no_gt20km_flag,retain_all_documented_records_no_arbitrary_exclusion
22251,35,217,78,0.21436851599689577,0.33010996420422301,0.56678739480660445,0.097844067454991079,0.025907207024694894,False,no_gt20km_flag,retain_all_documented_records_no_arbitrary_exclusion
22260,49,359,130,0.39552009602905125,0.75586325964811973,30.966714937603037,0.19246457714497647,0.20275060922873309,True,inconsistency_not_proven_uncertain,retain_all_documented_records_no_arbitrary_exclusion
22261,22,196,93,0.27364552410760801,0.44177994397322728,0.57893241851553456,0.022724281852692447,0.049884059536273659,False,no_gt20km_flag,retain_all_documented_records_no_arbitrary_exclusion
22270,45,271,116,0.40029946136526123,0.75241026029786473,0.94917843249367462,0.073863924094736785,0.063399901408229084,False,no_gt20km_flag,retain_all_documented_records_no_arbitrary_exclusion
22271,22,219,112,0.38900838149900058,0.5915218127907198,0.82013823833832111,0.053646547549764431,0.0078607082985685025,False,no_gt20km_flag,retain_all_documented_records_no_arbitrary_exclusion
22280,29,313,137,0.31352702279816824,0.47091264924852572,0.7731207154174603,0.013628157758836249,0.029395845052567232,False,no_gt20km_flag,retain_all_documented_records_no_arbitrary_exclusion
22281,18,143,65,0.31516676005799282,0.48474590702994319,0.59847385635198902,0.090484155566746757,0.056209303317914017,False,no_gt20km_flag,retain_all_documented_records_no_arbitrary_exclusion
22290,56,391,116,0.36893957899500524,0.68129306955499747,1.1663549440761243,0.030774616322285224,0.074395711774264753,False,no_gt20km_flag,retain_all_documented_records_no_arbitrary_exclusion
22291,10,84,61,0.72178962927026169,1.1058449402801347,17.554485582096863,0.64918308869316899,0.04869956439861977,False,no_gt20km_flag,retain_all_documented_records_no_arbitrary_exclusion
22410,38,417,196,0.46594785228378166,0.87624775608348171,1.1783400787842571,0.13188926213264435,0.010145741733260239,False,no_gt20km_flag,retain_all_documented_records_no_arbitrary_exclusion
22411,21,295,159,0.35248044533244105,0.76754867551479411,1.1703405807795957,0.12940995808171837,0.055438417638309971,False,no_gt20km_flag,retain_all_documented_records_no_arbitrary_exclusion
22420,24,284,168,0.44670846206850234,0.77371205591775205,2.6573367937794177,0.091019134958206863,0.010018034380946209,False,no_gt20km_flag,retain_all_documented_records_no_arbitrary_exclusion
22421,8,186,127,0.33397284710397379,0.70859867306670699,0.77147394468255637,0.12058272865843829,0.057133493220955879,False,no_gt20km_flag,retain_all_documented_records_no_arbitrary_exclusion
22430,35,344,137,0.28144557703866591,0.48956615206751797,0.7010091642179832,0.020301263834546852,0.05454644246078276,False,no_gt20km_flag,retain_all_documented_records_no_arbitrary_exclusion
22431,22,200,99,0.22022716748658067,0.46057605717887784,0.63945721118389331,0.047607638718287763,0.037570037557703273,False,no_gt20km_flag,retain_all_documented_records_no_arbitrary_exclusion
22440,25,290,125,0.34722829456615861,0.60956862104429488,0.80872373217631011,0.1562020699727992,0.085185916638876022,False,no_gt20km_flag,retain_all_documented_records_no_arbitrary_exclusion
22441,26,245,152,0.39169470885847618,0.64101533257737897,38.923765759622746,0.11021016913538453,0.10180860927529743,True,inconsistency_not_proven_uncertain,retain_all_documented_records_no_arbitrary_exclusion
22450,39,408,188,0.36615951378871098,1.3086053303332073,2.7264965968414758,0.20041950305831829,0.095273207000886914,False,no_gt20km_flag,retain_all_documented_records_no_arbitrary_exclusion
22451,56,566,172,0.71145765894930912,1.07638943194256,48.377662562711436,0.3988681966478585,0.69847022923058499,True,inconsistency_not_proven_uncertain,retain_all_documented_records_no_arbitrary_exclusion
22452,2,13,8,8.3381358278025388,15.613574753068031,19.998020293600852,7.8910403641281359,4.987711497765833,False,no_gt20km_flag,retain_all_documented_records_no_arbitrary_exclusion
22460,15,236,118,0.43563441897691674,0.9659477559199906,2.5197266186452487,0.23845019372980469,0.11908994747271703,False,no_gt20km_flag,retain_all_documented_records_no_arbitrary_exclusion
22461,32,263,119,0.5707468523221324,1.0587969471685494,34.520931664790091,0.16657554539834457,0.18974669343336481,True,inconsistency_not_proven_uncertain,retain_all_documented_records_no_arbitrary_exclusion
22470,35,268,134,0.81464312420886831,1.5377780155899969,13.875793108272996,0.15352133159461528,0.061477795519553027,False,no_gt20km_flag,retain_all_documented_records_no_arbitrary_exclusion
22471,28,336,133,0.4673464751982872,0.77155533875363613,2.9692235830569182,0.12166744363394814,0.082398838255989204,False,no_gt20km_flag,retain_all_documented_records_no_arbitrary_exclusion
22610,29,269,82,0.61635140301878943,1.1408693066851161,1.580681521354941,0.33050210581956285,0.24626713270496065,False,no_gt20km_flag,retain_all_documented_records_no_arbitrary_exclusion
22611,8,104,71,0.30682951032858918,0.97040772938653097,30.674441107807045,0.23280190789322444,0.053835846701461229,True,inconsistency_not_proven_uncertain,retain_all_documented_records_no_arbitrary_exclusion
22620,35,472,203,3.131782038282438,4.2636114448488698,8.382168250565595,1.5291157568416911,1.9973535319383426,False,no_gt20km_flag,retain_all_documented_records_no_arbitrary_exclusion
22621,27,304,198,0.35721436212960067,0.5514373708507968,11.084322902796412,0.061294145687895936,0.051297048452233013,False,no_gt20km_flag,retain_all_documented_records_no_arbitrary_exclusion
22630,30,410,76,0.9104913336424405,1.78353610373022,3.2280983570029922,0.43322327749088752,0.62844088898263284,False,no_gt20km_flag,retain_all_documented_records_no_arbitrary_exclusion
22631,85,832,142,1.3434052662093712,2.8446614266274901,7.1013356600067752,0.53229308289604238,0.25242454258670971,False,no_gt20km_flag,retain_all_documented_records_no_arbitrary_exclusion
22640,26,361,63,1.6486265132592275,2.5765458587214103,26.363805744430412,0.41797521508516389,0.53303260041705303,True,inconsistency_not_proven_uncertain,retain_all_documented_records_no_arbitrary_exclusion
22641,6,90,62,1.3216130245937363,2.2069109598321224,34.618619319376698,0.81003879812269541,0.5545686417876543,True,inconsistency_not_proven_uncertain,retain_all_documented_records_no_arbitrary_exclusion
22710,51,207,124,0.945775550155874,1.5395813176540845,8.6425386923813203,0.12611015837730369,0.32528806852774028,False,no_gt20km_flag,retain_all_documented_records_no_arbitrary_exclusion
22711,1,7,7,8.7088548123422171,22.461646909376427,22.955496710267013,3.3911844197777632,0,True,inconsistency_not_proven_uncertain,retain_all_documented_records_no_arbitrary_exclusion
22713,30,153,102,0.90217229568343749,1.646118909857744,26.527326731019759,0.68080145215035703,0.24300178193769076,True,inconsistency_not_proven_uncertain,retain_all_documented_records_no_arbitrary_exclusion
22715,9,27,27,0.42035050375091554,0.61023543937989844,0.68883687129174176,0.07409025529992741,3.5366203299247443e-13,False,no_gt20km_flag,retain_all_documented_records_no_arbitrary_exclusion
22720,25,75,49,0.29514594464691157,0.78576269044060432,1.0484722430064051,0.18633667867332901,0.098204058781746539,False,no_gt20km_flag,retain_all_documented_records_no_arbitrary_exclusion
22723,41,159,112,1.0591962692100181,2.6603348511720539,9.6356816078114882,0.19192816011754338,0.13419592791198628,False,no_gt20km_flag,retain_all_documented_records_no_arbitrary_exclusion
22725,21,88,52,0.5168295598224818,1.4682315888904303,17.505981969488531,0.11607265182648248,0.074527340062242486,False,no_gt20km_flag,retain_all_documented_records_no_arbitrary_exclusion
22730,22,124,76,0.49575181386674461,0.99342343272884093,2.1711858400777686,0.084009338457288821,0.05856702615385409,False,no_gt20km_flag,retain_all_documented_records_no_arbitrary_exclusion
22733,18,44,32,0.96596431209623501,1.2705472204751671,19.477401889736637,0.51351358218533982,0.16682438919279349,False,no_gt20km_flag,retain_all_documented_records_no_arbitrary_exclusion
22735,15,49,38,0.35090771925624925,0.71209378859598271,2.118482508221363,0.20827403359083829,0.021911545308720162,False,no_gt20km_flag,retain_all_documented_records_no_arbitrary_exclusion
22740,22,122,65,0.56541359500044053,0.879236124513194,1.2920878424990851,0.17177486696361632,0.14393182040180974,False,no_gt20km_flag,retain_all_documented_records_no_arbitrary_exclusion
22743,48,225,119,0.72033484830829553,1.3296294142621126,29.820202189717371,0.066860777780997679,0.24297818311815486,True,inconsistency_not_proven_uncertain,retain_all_documented_records_no_arbitrary_exclusion
22745,31,193,88,0.39327622811051199,0.97244061041123453,2.1551327416050823,0.029214500628415917,0.020388378184509386,False,no_gt20km_flag,retain_all_documented_records_no_arbitrary_exclusion
22750,49,219,140,0.39143171849031433,0.76259750428481388,7.7282705183867337,0.091922191010940832,0.080198691436492192,False,no_gt20km_flag,retain_all_documented_records_no_arbitrary_exclusion
22753,52,203,143,1.2216631782218748,3.592257920264462,35.373194929503001,0.60387574157622204,0.34650344712356979,True,inconsistency_not_proven_uncertain,retain_all_documented_records_no_arbitrary_exclusion
22755,19,59,42,0.71901464364423373,1.3651233841631547,1.5778108767620751,0.30864182750678165,0.062268302284154517,False,no_gt20km_flag,retain_all_documented_records_no_arbitrary_exclusion
22760,16,48,37,0.42782861304827446,0.60997503855153901,0.90805899754560082,0.092672106843918772,0.0063011263655820375,False,no_gt20km_flag,retain_all_documented_records_no_arbitrary_exclusion
22763,15,100,59,3.6447351615850749,16.83668065644013,31.375015329596081,3.4160945556947078,1.6872835511381095,True,inconsistency_not_proven_uncertain,retain_all_documented_records_no_arbitrary_exclusion
22765,25,136,88,0.95311527165327525,1.6889826926591347,26.310589822639376,0.85572291300667558,0.43275927256878433,True,inconsistency_not_proven_uncertain,retain_all_documented_records_no_arbitrary_exclusion
22770,46,188,91,0.52618594514576689,0.90615471756202959,1.2866962829569284,0.10385308063166439,0.09684875513565018,False,no_gt20km_flag,retain_all_documented_records_no_arbitrary_exclusion
22772,1,8,8,0.22425124512668304,0.40986429249676776,0.50570950880465204,0.037989328465435318,9.6153305971698192e-13,False,no_gt20km_flag,retain_all_documented_records_no_arbitrary_exclusion
22773,9,26,20,0.3091907513114463,0.58134473204115311,0.6171188608328092,0.064305992038666632,0.04601488277432704,False,no_gt20km_flag,retain_all_documented_records_no_arbitrary_exclusion
22775,103,506,156,1.0441299303817251,2.9299629913675203,3.6781785095371942,0.52618989448742925,0.51468239742723276,False,no_gt20km_flag,retain_all_documented_records_no_arbitrary_exclusion
22776,11,44,12,0.39149222397001188,0.57301699290643016,0.60906501897920862,0.11886958409744205,0.13652286517946499,False,no_gt20km_flag,retain_all_documented_records_no_arbitrary_exclusion
22780,48,196,107,1.1887126021661807,2.3857999510419012,20.070356781147211,0.1831582019791631,0.55725132750160655,True,inconsistency_not_proven_uncertain,retain_all_documented_records_no_arbitrary_exclusion
22783,44,212,98,1.8833712760195389,3.8915204742257408,9.2335624752532421,0.7772950424933931,0.38171239608391472,False,no_gt20km_flag,retain_all_documented_records_no_arbitrary_exclusion
22785,15,76,47,1.0644863220932852,2.9159843992367449,11.502346238513283,0.25219520215185354,0.25043238178007859,False,no_gt20km_flag,retain_all_documented_records_no_arbitrary_exclusion
22790,136,687,327,2.1102933309898799,3.6149650193796452,32.24347587472456,0.20331568131453154,0.27712415197364887,True,inconsistency_not_proven_uncertain,retain_all_documented_records_no_arbitrary_exclusion
22793,116,469,185,2.1105707949056627,3.3982669645302468,28.991848900253373,0.14698848329731079,0.39039100956875983,True,inconsistency_not_proven_uncertain,retain_all_documented_records_no_arbitrary_exclusion
22795,68,349,247,0.70847405766220639,2.6769148113217445,18.86528618406258,0.18703801583326793,0.18440757482154993,False,no_gt20km_flag,retain_all_documented_records_no_arbitrary_exclusion
23010,10,79,63,0.93370407563588254,1.604271481782823,7.9588890068099269,0.29278133018243674,0.24331821079169291,False,no_gt20km_flag,retain_all_documented_records_no_arbitrary_exclusion
23012,5,56,36,0.56155168011578804,1.0593534023212046,2.6769069680096056,0.073869250920263724,0.0184721139264102,False,no_gt20km_flag,retain_all_documented_records_no_arbitrary_exclusion
23013,11,132,106,0.51597650214036961,0.94159438616191271,17.380895288681796,0.18775162276076021,0.014987114441393548,False,no_gt20km_flag,retain_all_documented_records_no_arbitrary_exclusion
23015,4,58,48,0.27039648226992918,0.57226016458643547,0.69928748127737428,0.033403649368238975,0.016959798411172119,False,no_gt20km_flag,retain_all_documented_records_no_arbitrary_exclusion
23016,5,55,48,0.37899162255031266,0.55817729905544589,0.70156730745964868,0.026154761109045084,0.011345276311173724,False,no_gt20km_flag,retain_all_documented_records_no_arbitrary_exclusion
23017,16,144,99,1.2056085603575057,1.7291218354722397,17.630873315124035,0.13260404659067138,0.17589413404879772,False,no_gt20km_flag,retain_all_documented_records_no_arbitrary_exclusion
23020,17,150,111,3.3522583483324544,6.8076410526785009,26.993220786613094,0.72754269674277516,0.42327396899001285,True,inconsistency_not_proven_uncertain,retain_all_documented_records_no_arbitrary_exclusion
23025,4,47,42,1.5081102698324813,2.7535824560008741,44.627587128088635,1.3693674829219293,0.11092352553824662,True,inconsistency_not_proven_uncertain,retain_all_documented_records_no_arbitrary_exclusion
23026,7,54,43,0.89529075453864859,1.9672004226379189,32.527839322477426,0.61671263669604581,0.20307231338847734,True,inconsistency_not_proven_uncertain,retain_all_documented_records_no_arbitrary_exclusion
23027,1,44,38,0.35923520405765036,0.97371818444585012,1.1954826987475744,0.11081599200665318,0.078084004756033096,False,no_gt20km_flag,retain_all_documented_records_no_arbitrary_exclusion
23028,7,58,50,0.82635529324061907,1.5339657329176895,2.1783530703056297,0.26106928528126894,0.051860317738099786,False,no_gt20km_flag,retain_all_documented_records_no_arbitrary_exclusion
23030,12,66,52,2.3504007384011012,5.0100752744913164,15.248717666891233,1.2562915771173364,0.69515764368692423,False,no_gt20km_flag,retain_all_documented_records_no_arbitrary_exclusion
23031,6,66,54,0.56255856224600387,1.4310239607791151,4.3344449586980112,0.11082420009817316,0.031417059441578458,False,no_gt20km_flag,retain_all_documented_records_no_arbitrary_exclusion
23032,11,68,62,0.59566031322370661,1.2199275757477466,18.930082728255094,0.30382541875076136,0.023656394009906056,False,no_gt20km_flag,retain_all_documented_records_no_arbitrary_exclusion
23033,8,58,43,0.42820312257407422,0.7988776385410552,1.6500399418903144,0.18893028923220134,0.086148511286811794,False,no_gt20km_flag,retain_all_documented_records_no_arbitrary_exclusion
23035,12,105,68,0.70397896417022021,1.4905071866988109,37.770136991930194,0.27046862392410981,0.18417314632630313,True,inconsistency_not_proven_uncertain,retain_all_documented_records_no_arbitrary_exclusion
23036,10,105,60,0.73155748491306927,1.552288122810342,44.102765311905543,0.32969313880102269,0.46494131476709005,True,inconsistency_not_proven_uncertain,retain_all_documented_records_no_arbitrary_exclusion
23040,19,202,121,1.8525519248791387,2.9431940156019176,5.2376517823454165,0.90991006281017572,0.20611330789524612,False,no_gt20km_flag,retain_all_documented_records_no_arbitrary_exclusion
23042,10,68,59,0.74477124087202884,1.529614325082141,26.202761237004989,0.43800794926504377,0.046316352813538693,True,inconsistency_not_proven_uncertain,retain_all_documented_records_no_arbitrary_exclusion
23045,23,229,148,0.73753577336844789,1.462331425033204,2.7253792883632388,0.21332546441507089,0.15021714246785595,False,no_gt20km_flag,retain_all_documented_records_no_arbitrary_exclusion
23047,6,72,43,0.3421632455308925,1.1299064738124123,19.34849649336984,0.14758159774055712,0.36265969825349498,False,no_gt20km_flag,retain_all_documented_records_no_arbitrary_exclusion
23050,16,119,77,0.47403202973290798,0.81496364398631116,1.2238094564991617,0.1070068724094235,0.037077889240220513,False,no_gt20km_flag,retain_all_documented_records_no_arbitrary_exclusion
23052,18,144,120,0.48500299520317525,0.8575514146865364,1.1828254211514087,0.091966205352000119,0.020875203616875389,False,no_gt20km_flag,retain_all_documented_records_no_arbitrary_exclusion
23055,13,71,60,0.46084469294767899,0.79392831903986127,9.7320182380131932,0.24952311280287329,0.24964651584737735,False,no_gt20km_flag,retain_all_documented_records_no_arbitrary_exclusion
23056,5,61,31,0.35614648928064685,1.09050395226779,3.7847795743170054,0.20827974023046053,0.22700957027232321,False,no_gt20km_flag,retain_all_documented_records_no_arbitrary_exclusion
23057,7,43,34,7.6604874678832529,29.365541360342771,34.32923214212331,7.5353363804476023,2.0249902986928712,True,inconsistency_not_proven_uncertain,retain_all_documented_records_no_arbitrary_exclusion
23058,10,70,45,3.167682481020949,11.775260977031207,43.370859608654378,2.944573575448183,1.7003079506950449,True,inconsistency_not_proven_uncertain,retain_all_documented_records_no_arbitrary_exclusion
23059,16,124,93,0.87437716850220348,2.1819594047926802,36.023195816821755,0.087751889223886617,0.25353831142688871,True,inconsistency_not_proven_uncertain,retain_all_documented_records_no_arbitrary_exclusion
23060,24,150,106,1.17300800636651,2.141649463239351,26.844944065061561,0.8262025793801494,0.45890383906854465,True,inconsistency_not_proven_uncertain,retain_all_documented_records_no_arbitrary_exclusion
23061,7,40,34,1.165009526748304,1.6853979416585463,25.763417396378202,1.1031123782722598,0.19964540420485691,True,inconsistency_not_proven_uncertain,retain_all_documented_records_no_arbitrary_exclusion
23062,8,49,47,0.34263276629536848,1.0352274768055099,1.2001146994587368,0.12641559549852685,0.044814973674002501,False,no_gt20km_flag,retain_all_documented_records_no_arbitrary_exclusion
23063,13,49,33,0.45972056787506077,0.75202538360215188,1.4123668500794,0.084440318373591811,0.1530669537974356,False,no_gt20km_flag,retain_all_documented_records_no_arbitrary_exclusion
23064,8,41,33,0.61282515818925742,1.128319970639186,31.875553126758863,0.47540090088560344,0.10401252910049504,True,inconsistency_not_proven_uncertain,retain_all_documented_records_no_arbitrary_exclusion
23065,9,102,66,1.3908035011052098,3.3961607358877499,41.866664190953564,1.0315681191342787,0.64540336249580066,True,inconsistency_not_proven_uncertain,retain_all_documented_records_no_arbitrary_exclusion
23066,15,121,88,1.319685822316562,1.6317269950891902,10.746718562485727,0.47632009791404045,0.26452685204974619,False,no_gt20km_flag,retain_all_documented_records_no_arbitrary_exclusion
23067,2,31,25,0.33149601175807408,0.97630075065252275,0.97630075065252275,0.17269660669430772,0.10309283675706661,False,no_gt20km_flag,retain_all_documented_records_no_arbitrary_exclusion
23068,8,53,24,0.17738215066092666,1.2059579627296142,16.193069862065904,0.054671011903091996,0.030343968723223265,False,no_gt20km_flag,retain_all_documented_records_no_arbitrary_exclusion
23070,17,137,104,0.72970965437264623,1.2357318399948656,2.4743700132222681,0.1262568704838275,0.097822871484785509,False,no_gt20km_flag,retain_all_documented_records_no_arbitrary_exclusion
23071,13,103,81,0.49355176077625973,1.0639566555523345,12.842116673365089,0.16555480741387568,0.075717896507307772,False,no_gt20km_flag,retain_all_documented_records_no_arbitrary_exclusion
23073,11,88,71,0.96129003981895123,1.5487393421841742,40.008553094038881,0.84958629077671211,0.3785122395999847,True,inconsistency_not_proven_uncertain,retain_all_documented_records_no_arbitrary_exclusion
23075,31,180,120,0.97556721542933611,1.8499250792168074,26.476828453779845,0.21074936142742468,0.17181989148463742,True,inconsistency_not_proven_uncertain,retain_all_documented_records_no_arbitrary_exclusion
23076,1,53,49,0.41784542054055157,0.6205975178998947,1.1112714977716915,0.087192281284885834,0.022314397176734817,False,no_gt20km_flag,retain_all_documented_records_no_arbitrary_exclusion
23078,12,62,27,1.9864969755228807,2.849922350104932,3.7119943825628789,0.78989716552314693,0.34847247766020861,False,no_gt20km_flag,retain_all_documented_records_no_arbitrary_exclusion
23080,15,108,89,0.56097091697682455,0.73987209687181832,1.0278351957012071,0.033967914200353728,0.010835839265860256,False,no_gt20km_flag,retain_all_documented_records_no_arbitrary_exclusion
23081,5,42,41,0.33130341588117074,0.45165099290175309,0.94652839179000925,0.017586399950416481,0.010881872325243326,False,no_gt20km_flag,retain_all_documented_records_no_arbitrary_exclusion
23082,4,61,52,0.47993233025563403,0.73720401363094146,7.0733094349944743,0.33870084581230736,0.055586996324449689,False,no_gt20km_flag,retain_all_documented_records_no_arbitrary_exclusion
23085,10,102,73,0.49494114500503439,1.2636805241452769,1.4836489249570191,0.027969302780701758,0.014736026131993353,False,no_gt20km_flag,retain_all_documented_records_no_arbitrary_exclusion
23087,17,101,84,0.59723678947318959,1.0579458582316494,1.8502952392584264,0.14442380209092401,0.11658893941871191,False,no_gt20km_flag,retain_all_documented_records_no_arbitrary_exclusion
23088,13,86,66,0.41048284254667494,0.64167573640013187,2.3082278231838589,0.087829902465803023,0.061457336157002468,False,no_gt20km_flag,retain_all_documented_records_no_arbitrary_exclusion
23090,12,102,88,0.62772632099577064,0.96093374082399452,8.0207969965940489,0.1338418306132417,0.015688773615224735,False,no_gt20km_flag,retain_all_documented_records_no_arbitrary_exclusion
23092,22,217,96,1.1617996226998686,2.1101426494906113,2.5957391156793794,0.27696122264892487,0.49245535773707272,False,no_gt20km_flag,retain_all_documented_records_no_arbitrary_exclusion
23093,11,103,79,0.58991694075057621,1.0608199985118307,19.738911902225251,0.33812702429810704,0.06908893348001735,False,no_gt20km_flag,retain_all_documented_records_no_arbitrary_exclusion
23094,9,49,43,0.61061552946321307,1.2832281288908478,16.574800462938221,0.47780767122271151,0.11907121689043829,False,no_gt20km_flag,retain_all_documented_records_no_arbitrary_exclusion
23095,15,112,87,0.6648885188676581,2.3312549923145807,7.8994051730507087,0.40102448574081179,0.1143157423185952,False,no_gt20km_flag,retain_all_documented_records_no_arbitrary_exclusion
23097,8,75,60,0.74490845859291666,1.6806957753433274,6.060036613112965,0.10010882344341192,0.022465101224132922,False,no_gt20km_flag,retain_all_documented_records_no_arbitrary_exclusion
23098,2,35,29,1.0452940013640664,1.7823716460032122,11.753478954826841,0.9278157795127433,0.1966091335224984,False,no_gt20km_flag,retain_all_documented_records_no_arbitrary_exclusion
23510,7,71,49,0.89394671778305268,1.1223274350291306,44.972592450306074,0.81898606706374799,0.39944946265791026,True,inconsistency_not_proven_uncertain,retain_all_documented_records_no_arbitrary_exclusion
23515,6,86,63,0.43006460678884906,0.68919513411790156,6.5915200328008785,0.096724951570038617,0.032618448834537406,False,no_gt20km_flag,retain_all_documented_records_no_arbitrary_exclusion
23520,27,208,155,1.5651827894608246,2.3003378577064995,43.236646080811063,1.3321561544791836,0.15810650416281302,True,inconsistency_not_proven_uncertain,retain_all_documented_records_no_arbitrary_exclusion
23525,5,64,53,0.56785826900704806,1.1843066499346868,23.854828050430786,0.45704496466054934,0.051878336218107113,True,inconsistency_not_proven_uncertain,retain_all_documented_records_no_arbitrary_exclusion
23530,8,103,92,1.1931234736206295,1.8483928183698268,41.597460081642296,0.88849894190840562,0.10422867940369281,True,inconsistency_not_proven_uncertain,retain_all_documented_records_no_arbitrary_exclusion
23535,14,110,82,0.62117657408425553,1.1152283055829768,42.422683922680157,0.45155771723978166,0.15051270557672289,True,inconsistency_not_proven_uncertain,retain_all_documented_records_no_arbitrary_exclusion
23540,9,56,47,0.63241938760926564,1.0299348077406765,10.830632807788927,0.53596337694447926,0.11704638346214707,False,no_gt20km_flag,retain_all_documented_records_no_arbitrary_exclusion
23545,11,86,67,0.71657572906976297,1.0374600045349278,33.788998249341297,0.54492060864219261,0.11864025282356529,True,inconsistency_not_proven_uncertain,retain_all_documented_records_no_arbitrary_exclusion
23547,2,16,16,6.9365061794385081,26.108159096139289,44.472384756311115,6.7988132885363557,7.4123234270114165e-13,True,inconsistency_not_proven_uncertain,retain_all_documented_records_no_arbitrary_exclusion
23550,16,186,159,0.69838959271992751,1.2204651085570362,26.249188594631928,0.12449003945820018,0.049758864624084916,True,inconsistency_not_proven_uncertain,retain_all_documented_records_no_arbitrary_exclusion
23555,6,120,99,0.55779758361476595,2.1717167939543249,33.080947945199092,0.24210342641300256,0.10727255927300898,True,inconsistency_not_proven_uncertain,retain_all_documented_records_no_arbitrary_exclusion
23560,19,163,125,1.0396193786415644,3.0825421310234198,46.176341032643464,0.65024842892552359,0.13309628577380817,True,inconsistency_not_proven_uncertain,retain_all_documented_records_no_arbitrary_exclusion
23565,2,43,37,2.5778947525052418,6.8077753912805932,36.58006105920667,2.4606977471202822,0.46260063058601003,True,inconsistency_not_proven_uncertain,retain_all_documented_records_no_arbitrary_exclusion
23570,10,121,88,1.5204984900418921,2.2647625330848227,24.24668021650082,0.84774934261717738,0.28741184492458188,True,inconsistency_not_proven_uncertain,retain_all_documented_records_no_arbitrary_exclusion
23573,5,59,53,0.29245917807393745,0.43319100039319847,0.59221671228388295,0.052217893948503881,0.016814341356625337,False,no_gt20km_flag,retain_all_documented_records_no_arbitrary_exclusion
23575,18,197,108,1.4948800951789989,2.219091799813627,47.208826158033233,0.49799894380310272,0.46810362066452899,True,inconsistency_not_proven_uncertain,retain_all_documented_records_no_arbitrary_exclusion
23580,13,126,88,1.0032593064961919,1.9782176924552299,34.750444213914896,0.93259576216521145,0.038903457530310465,True,inconsistency_not_proven_uncertain,retain_all_documented_records_no_arbitrary_exclusion
23585,22,230,154,0.62503736678440647,1.1356751137229513,5.1986418800613485,0.10522542942102635,0.029805090675001762,False,no_gt20km_flag,retain_all_documented_records_no_arbitrary_exclusion
23587,18,107,92,0.68732092379048171,1.1216918402111051,8.9143401392114967,0.51991748654886449,0.017973267133411741,False,no_gt20km_flag,retain_all_documented_records_no_arbitrary_exclusion
23595,12,113,77,2.6499243198876998,3.8091646961107513,43.228957696368219,2.5699484817458549,0.060037415761554851,True,inconsistency_not_proven_uncertain,retain_all_documented_records_no_arbitrary_exclusion
23810,10,97,78,0.74368032272852258,1.1810615172901926,1.5684448084554323,0.10623527569814044,0.037559896647042089,False,no_gt20km_flag,retain_all_documented_records_no_arbitrary_exclusion
23811,5,51,45,0.98499367461360721,1.4512225096794666,1.6594770294911847,0.20843912237740597,0.03159110319754635,False,no_gt20km_flag,retain_all_documented_records_no_arbitrary_exclusion
23812,5,18,14,1.1254360460627149,2.50024001424288,10.976737472863014,0.80536026039923725,0.074313166250981888,False,no_gt20km_flag,retain_all_documented_records_no_arbitrary_exclusion
23815,4,91,79,0.46951435889753618,0.99260718008263926,1.1010056427694259,0.14659039537094976,0.048411338626267286,False,no_gt20km_flag,retain_all_documented_records_no_arbitrary_exclusion
23820,4,69,52,0.69109404712395617,1.3032104898726935,2.3540460465984241,0.13927989291713588,0.049591738959058017,False,no_gt20km_flag,retain_all_documented_records_no_arbitrary_exclusion
23821,1,52,40,0.51743699821690403,2.4951393232838384,8.2767410801923464,0.23712885803160191,0.09176089500211701,False,no_gt20km_flag,retain_all_documented_records_no_arbitrary_exclusion
23822,1,13,9,0.92840865117279392,2.0959487138116857,3.1700400221249527,0.40902368792665,0.24404298206197234,False,no_gt20km_flag,retain_all_documented_records_no_arbitrary_exclusion
23825,4,47,41,2.137670896888082,5.0481740043336298,9.5141520098168346,0.82754394089977379,0.30740150835422303,False,no_gt20km_flag,retain_all_documented_records_no_arbitrary_exclusion
23826,4,25,20,3.4066127026850199,4.5191100320121631,5.2811687032688255,0.79367063224421319,0.58217257269041367,False,no_gt20km_flag,retain_all_documented_records_no_arbitrary_exclusion
23830,2,12,10,2.5125064908376871,3.7432197346565643,5.7422183900309571,1.65591554525975,0.238037526527868,False,no_gt20km_flag,retain_all_documented_records_no_arbitrary_exclusion
23831,3,9,9,1.1044467092319972,1.5618126496604212,1.9881055517163471,0.54148623182895994,0,False,no_gt20km_flag,retain_all_documented_records_no_arbitrary_exclusion
23832,1,2,2,3.5994740951216819,3.5996043888264468,3.5996369622526379,0,0,False,no_gt20km_flag,retain_all_documented_records_no_arbitrary_exclusion
23855,2,3,3,1.914686337681281,3.4401278813658758,3.8214882672870241,1.906563204067403,3.5366203299247443e-13,False,no_gt20km_flag,retain_all_documented_records_no_arbitrary_exclusion
23890,3,31,30,1.9980961871821821,2.865977583568518,11.000450834052044,1.2930749356096694,0.36663224316937948,False,no_gt20km_flag,retain_all_documented_records_no_arbitrary_exclusion
23893,2,10,8,3.226350001799128,5.4517269243451967,5.4517269243451967,1.82998758491644,1.3630239664277728,False,no_gt20km_flag,retain_all_documented_records_no_arbitrary_exclusion
23894,9,72,62,0.60015090475429012,1.2522260917245571,6.9029738040970168,0.28007846350262233,0.20170414976748924,False,no_gt20km_flag,retain_all_documented_records_no_arbitrary_exclusion
23895,9,88,69,0.63738831589009237,1.7338302488475286,9.999196716139874,0.29092083354289666,0.047433307268082953,False,no_gt20km_flag,retain_all_documented_records_no_arbitrary_exclusion
23897,2,23,17,1.343541189106362,4.5392348525346691,4.5392348525346691,1.1874461913339847,0.91230090637550998,False,no_gt20km_flag,retain_all_documented_records_no_arbitrary_exclusion
23898,8,43,38,0.79082720488033609,1.0523953928664267,1.3678191187554374,0.27121405275351557,0.083139456249540541,False,no_gt20km_flag,retain_all_documented_records_no_arbitrary_exclusion
24020,34,381,175,0.28656144656011828,0.71941554984589395,1.1618684061448536,0.065275708852757977,0.0095048004633661344,False,no_gt20km_flag,retain_all_documented_records_no_arbitrary_exclusion
24030,33,283,152,0.60378002622560867,1.055620625505165,8.8805058018680452,0.26880724758783353,0.083040241763861808,False,no_gt20km_flag,retain_all_documented_records_no_arbitrary_exclusion
24040,4,40,31,0.462025557687959,0.57598327550211947,4.6486637520715082,0.18083541647282192,0.06444979855663506,False,no_gt20km_flag,retain_all_documented_records_no_arbitrary_exclusion
24050,2,68,51,0.72291003159480383,1.0555141728169861,11.891702696567862,0.62264444522627438,0.24611672644906923,False,no_gt20km_flag,retain_all_documented_records_no_arbitrary_exclusion
24060,9,50,29,0.1401739028111581,0.40940446398028046,0.54850454816648697,0.12960856483173425,0.048716838784938224,False,no_gt20km_flag,retain_all_documented_records_no_arbitrary_exclusion
24070,1,45,31,0.33373006164971408,0.45105427033880335,0.45746003091985893,0.043407629805764777,0.054116190419063487,False,no_gt20km_flag,retain_all_documented_records_no_arbitrary_exclusion
24110,44,387,215,0.71996179944808625,1.1206718567757181,3.169792885398274,0.20537755203512437,0.1482765645664425,False,no_gt20km_flag,retain_all_documented_records_no_arbitrary_exclusion
24111,2,18,16,0.1351685645414063,0.28332120368690511,0.35072457948260671,0.090707666433266831,0.014591146012001481,False,no_gt20km_flag,retain_all_documented_records_no_arbitrary_exclusion
24119,1,1,1,0,0,0,0,0,False,no_gt20km_flag,retain_all_documented_records_no_arbitrary_exclusion
24120,36,333,188,0.65266957187252572,1.3322993822805511,1.6665944939078579,0.060619485380150016,0.010495787902106089,False,no_gt20km_flag,retain_all_documented_records_no_arbitrary_exclusion
24130,26,312,174,0.88950554449849129,1.31083577524905,4.3970064204194541,0.042754762296883325,0.19929905671757592,False,no_gt20km_flag,retain_all_documented_records_no_arbitrary_exclusion
24140,6,54,41,3.0277567130341838,8.785717275948393,8.7857327211646012,1.9995513723749803,1.5609431454807534,False,no_gt20km_flag,retain_all_documented_records_no_arbitrary_exclusion
24141,4,24,23,0.70898220625370545,1.8962202006961366,2.3902663427124291,0.46387292406600011,0.025401287130782435,False,no_gt20km_flag,retain_all_documented_records_no_arbitrary_exclusion
24210,69,605,284,0.33061425097045155,0.93145094357771041,12.322778142394407,0.079594205562705106,0.059121057956786231,False,no_gt20km_flag,retain_all_documented_records_no_arbitrary_exclusion
24220,115,1146,498,0.52507225451765893,0.82761154860999608,1.5554617456503053,0.014022486744136715,0.051922644772785777,False,no_gt20km_flag,retain_all_documented_records_no_arbitrary_exclusion
24230,117,1084,368,0.59271680269922267,0.95617166623393768,2.5952737274718651,0.0555409951548783,0.013716836645494666,False,no_gt20km_flag,retain_all_documented_records_no_arbitrary_exclusion
24240,59,498,231,0.34187490933383208,0.99055165541792611,2.4342585957092591,0.083081564617369638,0.067482880661949171,False,no_gt20km_flag,retain_all_documented_records_no_arbitrary_exclusion
24241,21,126,58,0.33709999811870517,0.51752106897037986,0.68579907255025208,0.12727547272113496,0.034856130468711229,False,no_gt20km_flag,retain_all_documented_records_no_arbitrary_exclusion
24310,8,108,71,0.47918280266738117,0.73982603620306353,6.2734384607684941,0.27062765526551441,0.1370963747750478,False,no_gt20km_flag,retain_all_documented_records_no_arbitrary_exclusion
24315,22,102,80,0.62844331444669255,1.3937185302478785,2.5007949501545657,0.30328555670187723,0.040032244923256723,False,no_gt20km_flag,retain_all_documented_records_no_arbitrary_exclusion
24320,21,218,105,1.2588952229574437,2.7981114864171559,4.8185762671294903,0.55830215608236544,0.19931664643017658,False,no_gt20km_flag,retain_all_documented_records_no_arbitrary_exclusion
24322,5,54,39,0.97739164814841217,2.6553713451616572,7.7665153800351128,0.31760412988803544,0.088058679442430163,False,no_gt20km_flag,retain_all_documented_records_no_arbitrary_exclusion
24325,3,44,30,1.1977854046311642,3.9413542274088704,4.0289834859344023,0.42879334615678105,0.51619579885080802,False,no_gt20km_flag,retain_all_documented_records_no_arbitrary_exclusion
24330,9,53,35,1.249966134339721,2.044470135412721,5.0738014876808579,0.23647126108605421,0.021615357045856445,False,no_gt20km_flag,retain_all_documented_records_no_arbitrary_exclusion
24340,20,184,124,1.469940344651095,2.843119362517053,10.66246663357961,0.40649591571399507,0.09116842866099277,False,no_gt20km_flag,retain_all_documented_records_no_arbitrary_exclusion
24342,21,125,103,0.92210926875399901,1.6943011936683499,2.7018234565334178,0.19005608230650284,0.073899864872486024,False,no_gt20km_flag,retain_all_documented_records_no_arbitrary_exclusion
24344,10,44,36,0.84311987005728151,1.6980432968512909,5.8253301852805546,0.2979145489053362,0.090272126008003023,False,no_gt20km_flag,retain_all_documented_records_no_arbitrary_exclusion
24346,12,80,48,1.6541076924725318,3.9749669222871824,6.685833224722006,0.43938801265683813,0.17481663895840088,False,no_gt20km_flag,retain_all_documented_records_no_arbitrary_exclusion
24348,5,31,24,0.21842019803169413,0.48843039965208979,3.271638971396714,0.18350060968705115,0.06272390612205557,False,no_gt20km_flag,retain_all_documented_records_no_arbitrary_exclusion
24350,36,327,197,0.75801400805121666,2.2981654327880237,8.1844062810547573,0.43064322425008617,0.11085035555086986,False,no_gt20km_flag,retain_all_documented_records_no_arbitrary_exclusion
24355,11,71,54,0.38258900358758235,0.86097411032952886,2.8664303595061988,0.11790504753192102,0.042379850075135186,False,no_gt20km_flag,retain_all_documented_records_no_arbitrary_exclusion
24358,20,203,118,1.5003988520054667,2.6884840206578335,7.430980706129934,0.52281460446009509,0.53667657267149349,False,no_gt20km_flag,retain_all_documented_records_no_arbitrary_exclusion
24360,31,278,146,0.43319091582370817,1.1589372206833497,7.8995566597212088,0.15836542032898948,0.22828170164927308,False,no_gt20km_flag,retain_all_documented_records_no_arbitrary_exclusion
24365,3,30,25,0.54793325354756062,0.92765694197728865,1.0849005418637849,0.12159842159990834,0.032296608230069149,False,no_gt20km_flag,retain_all_documented_records_no_arbitrary_exclusion
24370,4,108,75,0.84564525824000591,2.7975688580029141,7.0298482719480333,0.55761546308368248,0.16444535734147656,False,no_gt20km_flag,retain_all_documented_records_no_arbitrary_exclusion
24410,1,30,27,1.1354559526972432,1.689677881234452,7.9644495032810454,0.90974083510857129,0.13637604687320529,False,no_gt20km_flag,retain_all_documented_records_no_arbitrary_exclusion
24411,1,22,16,0.41430686373584052,0.87991103309780816,4.2968559767710603,0.2376125363617469,0.16130974222148847,False,no_gt20km_flag,retain_all_documented_records_no_arbitrary_exclusion
24412,8,99,77,0.45875789852625798,0.89337917082456242,5.1424070696915445,0.077707338065567191,0.020733659983076917,False,no_gt20km_flag,retain_all_documented_records_no_arbitrary_exclusion
24415,8,78,64,1.2004619309911353,1.5256650070617943,1.598365184664144,0.10683259878971828,0.17641399655830411,False,no_gt20km_flag,retain_all_documented_records_no_arbitrary_exclusion
24416,13,74,54,0.50532668689853377,0.72368157169075864,1.2464957652220772,0.14548465751253015,0.052842752803616624,False,no_gt20km_flag,retain_all_documented_records_no_arbitrary_exclusion
24417,2,52,40,0.8076900100248825,1.7543022310070127,9.8587474873299072,0.069147686834903008,0.1110073475155173,False,no_gt20km_flag,retain_all_documented_records_no_arbitrary_exclusion
24420,2,71,63,0.55120721241325066,1.0413570706489188,1.2653156243499979,0.020275258591069056,0.02045683677494364,False,no_gt20km_flag,retain_all_documented_records_no_arbitrary_exclusion
24421,8,63,57,0.57586366281785872,1.0215408092680347,1.5232906274834734,0.11722357199024107,0.035636115441821839,False,no_gt20km_flag,retain_all_documented_records_no_arbitrary_exclusion
24422,10,61,54,0.46253435795036274,1.0149116241230027,1.2693369518807309,0.078925021344180654,0.006227391303275702,False,no_gt20km_flag,retain_all_documented_records_no_arbitrary_exclusion
24425,6,67,61,0.44222804473701882,0.72170083192975243,9.1943002770126263,0.1770190548948713,0.017919053145020954,False,no_gt20km_flag,retain_all_documented_records_no_arbitrary_exclusion
24426,4,77,65,0.73455753251891598,1.1356586059836851,8.3102033341087758,0.26871673102726645,0.039513903437232746,False,no_gt20km_flag,retain_all_documented_records_no_arbitrary_exclusion
24430,6,104,80,0.80521029073655181,0.98867556960165548,11.901005688519977,0.38023254769772924,0.11151441743691681,False,no_gt20km_flag,retain_all_documented_records_no_arbitrary_exclusion
24431,18,132,97,0.57875254582355273,0.76235514938701354,1.2017456249211977,0.027750864865014862,0.10797139154377322,False,no_gt20km_flag,retain_all_documented_records_no_arbitrary_exclusion
24435,13,122,100,0.44421005853978385,1.1501828863387367,1.4354505789067391,0.12660527925661219,0.032410255585477589,False,no_gt20km_flag,retain_all_documented_records_no_arbitrary_exclusion
24436,10,111,100,0.49795567948801495,0.81143576337936041,1.0753372276530824,0.06614322610970029,0.025551483537934492,False,no_gt20km_flag,retain_all_documented_records_no_arbitrary_exclusion
24440,18,184,108,0.49983203005784227,0.93977402576334712,1.5595435796574388,0.11353457358481191,0.10534676617674063,False,no_gt20km_flag,retain_all_documented_records_no_arbitrary_exclusion
24445,19,177,123,0.81505992314807252,1.2886325340227738,5.3840382644081188,0.13875448369739313,0.12214505145532473,False,no_gt20km_flag,retain_all_documented_records_no_arbitrary_exclusion
24450,11,109,84,0.70250127958918329,1.5738772503541747,8.0744323198681087,0.25327165132734258,0.0518319891174037,False,no_gt20km_flag,retain_all_documented_records_no_arbitrary_exclusion
24451,19,230,92,0.81517599521649287,0.93322441868407557,4.4708929152273518,0.22814428953152699,0.24675191003475036,False,no_gt20km_flag,retain_all_documented_records_no_arbitrary_exclusion
24452,8,121,42,0.41225980559073333,0.85845751542221138,1.3848634489688947,0.26809342955264293,0.43709512755041291,False,no_gt20km_flag,retain_all_documented_records_no_arbitrary_exclusion
24455,7,100,79,0.4408469962918824,0.65577909130278544,1.5346434525867374,0.079108887166391473,0.043695346220081102,False,no_gt20km_flag,retain_all_documented_records_no_arbitrary_exclusion
24456,8,103,87,0.53275059475475495,1.0551186552527037,1.5257414225241683,0.13924965042871992,0.0086218760859973279,False,no_gt20km_flag,retain_all_documented_records_no_arbitrary_exclusion
24457,6,54,51,0.44406013373772069,0.93477782134460208,9.2159393050273692,0.25755193186434516,0.02655170869106685,False,no_gt20km_flag,retain_all_documented_records_no_arbitrary_exclusion
24460,5,63,54,0.3653493414409334,0.61119213378978454,0.82414693299682795,0.041548864740420702,0.027904030522833401,False,no_gt20km_flag,retain_all_documented_records_no_arbitrary_exclusion
24461,6,79,66,0.80343724453281873,1.0539358648062593,1.6140906939666042,0.20784162729641992,0.029232424581214483,False,no_gt20km_flag,retain_all_documented_records_no_arbitrary_exclusion
24465,5,110,78,0.57600293280100723,1.2896408197276004,8.7942477530008425,0.15555447599088629,0.1498346939879189,False,no_gt20km_flag,retain_all_documented_records_no_arbitrary_exclusion
24466,3,45,40,0.75992102940718964,1.3278285458728403,1.9243740040945176,0.17462435944881347,0.053757588689118632,False,no_gt20km_flag,retain_all_documented_records_no_arbitrary_exclusion
24467,2,24,22,0.57287813071782268,0.89368038380870618,1.0318426222156871,0.028044333139438878,0.030233820794452561,False,no_gt20km_flag,retain_all_documented_records_no_arbitrary_exclusion
24470,1,24,21,0.42604425745044533,0.85124501690559562,1.3557679704696679,0.085292822527460191,0.044216619093203936,False,no_gt20km_flag,retain_all_documented_records_no_arbitrary_exclusion
24471,2,8,8,0.55251493934550522,1.1899215465067117,1.4875048528285502,0.41613333806369374,0,False,no_gt20km_flag,retain_all_documented_records_no_arbitrary_exclusion
24472,2,16,15,0.5146524599923944,0.84625745563231103,0.93390365308440937,0.023628657147765506,0.031923689613655742,False,no_gt20km_flag,retain_all_documented_records_no_arbitrary_exclusion
24473,1,26,24,0.39677266442582715,1.1156315557059466,1.2822362433405274,0.085097881035664305,0.049185594382637449,False,no_gt20km_flag,retain_all_documented_records_no_arbitrary_exclusion
24474,1,32,28,0.46711633521147017,0.86942241911574647,3.9586114364644707,0.27459762607832788,0.061346957672487261,False,no_gt20km_flag,retain_all_documented_records_no_arbitrary_exclusion
24475,1,13,11,1.4578049736910927,1.8905689096461424,9.8529103862285989,1.2246258951575921,0.27750605269642337,False,no_gt20km_flag,retain_all_documented_records_no_arbitrary_exclusion
24710,13,136,96,0.44942311354643361,0.8503443290717948,7.8686523483304933,0.12784640940528957,0.098923620716400262,False,no_gt20km_flag,retain_all_documented_records_no_arbitrary_exclusion
24711,7,34,30,0.32987980955021701,0.52244187295393019,0.5990300661319844,0.072497363266932902,0.027741500044551195,False,no_gt20km_flag,retain_all_documented_records_no_arbitrary_exclusion
24715,6,95,70,0.64080317027253419,1.3916584437341875,8.5416935880094762,0.25377371720018393,0.011762632717934846,False,no_gt20km_flag,retain_all_documented_records_no_arbitrary_exclusion
24716,3,32,27,0.77270231430952341,1.226582850827592,2.5241307385619258,0.2595097240537711,0.052608108650635699,False,no_gt20km_flag,retain_all_documented_records_no_arbitrary_exclusion
24717,4,44,37,0.60866287223338356,0.98045232340856669,1.4192136509458169,0.13896832390113395,0.018633962768391688,False,no_gt20km_flag,retain_all_documented_records_no_arbitrary_exclusion
24720,3,32,30,0.49880000703686722,0.7690302852906068,1.4925900388945206,0.15043141912406335,0.017703160734083363,False,no_gt20km_flag,retain_all_documented_records_no_arbitrary_exclusion
24721,1,8,6,1.1407660657840963,2.6718098749003643,5.9764032685986805,1.1407660657840963,0.38025324486270434,False,no_gt20km_flag,retain_all_documented_records_no_arbitrary_exclusion
24722,9,70,48,0.98669209212894615,2.8074838269138298,6.57304321286035,0.15413006149951505,0.19571829681140396,False,no_gt20km_flag,retain_all_documented_records_no_arbitrary_exclusion
24723,5,50,42,1.5520292501489892,3.4365326087801531,7.4816851914691203,0.46114790008572648,0.12173254795362123,False,no_gt20km_flag,retain_all_documented_records_no_arbitrary_exclusion
24724,4,36,28,0.75451978777811946,1.2465071370762566,8.3126958479056547,0.19533840733434585,0.052378714401273077,False,no_gt20km_flag,retain_all_documented_records_no_arbitrary_exclusion
24725,4,37,29,0.79491033120580745,1.413571143056876,1.9444810591895416,0.3049162270288216,0.048175040409149841,False,no_gt20km_flag,retain_all_documented_records_no_arbitrary_exclusion
24726,1,12,12,2.1881527254183828,5.0048736268560488,5.281849896573342,0.91987914739979926,1.483678550177492e-12,False,no_gt20km_flag,retain_all_documented_records_no_arbitrary_exclusion
24730,3,57,43,0.40333365220398543,0.98793715774221291,2.913045442341446,0.029073041956656567,0.0097752036593160042,False,no_gt20km_flag,retain_all_documented_records_no_arbitrary_exclusion
24731,2,28,24,0.31994602899636709,0.57503367629174196,0.80369868244404818,0.06939611501659132,0.024608358446067607,False,no_gt20km_flag,retain_all_documented_records_no_arbitrary_exclusion
24732,3,54,43,0.44898891731266283,0.91023261458989246,1.3384714264325066,0.078060944267445934,0.010601071801443384,False,no_gt20km_flag,retain_all_documented_records_no_arbitrary_exclusion
24734,1,12,10,0.31842144525622507,0.62288302259134221,1.0101246172153637,0.11688102636917326,0.018894486892036568,False,no_gt20km_flag,retain_all_documented_records_no_arbitrary_exclusion
24735,1,16,11,0.45373889200381001,1.903790275916651,2.1853738014016821,0.26745742646971632,0.12497532467117436,False,no_gt20km_flag,retain_all_documented_records_no_arbitrary_exclusion
24736,5,40,25,0.51926869937440423,0.84833610466065412,1.1530899617951633,0.20718835352646259,0.029797523917060566,False,no_gt20km_flag,retain_all_documented_records_no_arbitrary_exclusion
24737,1,12,12,1.0138075988042985,2.2687958823034395,2.5343642398812074,0.42736246106384385,0,False,no_gt20km_flag,retain_all_documented_records_no_arbitrary_exclusion
24738,5,30,26,1.0594937667418418,1.6425595141040501,1.9085039951774909,0.059876579826035996,0.072710115054779201,False,no_gt20km_flag,retain_all_documented_records_no_arbitrary_exclusion
24740,2,59,47,0.41314883498070715,0.7634014256155458,1.5942263846401385,0.054187423105931179,0.032709610878488657,False,no_gt20km_flag,retain_all_documented_records_no_arbitrary_exclusion
24742,4,24,23,0.40922230497915024,0.75551910206025463,1.1591548812274604,0.026371963143327487,0.026189158948611388,False,no_gt20km_flag,retain_all_documented_records_no_arbitrary_exclusion
24743,7,48,34,0.45218857548865232,0.67025326720299383,1.0814560662790793,0.036042545773233819,0.067451265976392172,False,no_gt20km_flag,retain_all_documented_records_no_arbitrary_exclusion
24744,9,69,47,0.76149632130892919,1.6375886428636097,1.9180807152353254,0.22296983535645212,0.10827972926195999,False,no_gt20km_flag,retain_all_documented_records_no_arbitrary_exclusion
24745,5,23,17,0.5740557600416597,1.010689363622389,1.5459751337291108,0.25363456892292829,0.21832483601520566,False,no_gt20km_flag,retain_all_documented_records_no_arbitrary_exclusion
24746,2,21,20,0.53607132032864924,0.97264650349429904,1.091252770240065,0.13435477706031995,0.013053376332200614,False,no_gt20km_flag,retain_all_documented_records_no_arbitrary_exclusion
24750,7,41,34,1.0500329570167963,4.2365068453560051,4.467527672819358,0.77991705407225442,0.047136307683592955,False,no_gt20km_flag,retain_all_documented_records_no_arbitrary_exclusion
24751,10,83,55,1.394790973776501,2.1429649057849143,6.2051373959174967,0.98136664129445816,0.53274743309418826,False,no_gt20km_flag,retain_all_documented_records_no_arbitrary_exclusion
24752,4,38,32,0.36490828499499606,0.9883689921361799,11.922434662625747,0.29580217947221993,0.054781967206096273,False,no_gt20km_flag,retain_all_documented_records_no_arbitrary_exclusion
24753,2,56,44,0.737126195931876,2.3253249705437975,5.3915094153444834,0.10632090673725297,0.18121193363470672,False,no_gt20km_flag,retain_all_documented_records_no_arbitrary_exclusion
24754,6,54,40,0.61247887435207704,0.90095363273784734,1.1289769868684763,0.051430253840870958,0.035799438832203774,False,no_gt20km_flag,retain_all_documented_records_no_arbitrary_exclusion
24755,1,48,28,0.73233524024487962,1.0389205704523115,6.9976976640380455,0.22567376476797454,0.11900175125290385,False,no_gt20km_flag,retain_all_documented_records_no_arbitrary_exclusion
24756,10,46,24,0.88674521821868291,1.7129250931120894,3.540323960608704,0.88283788097940463,0.50426812480481076,False,no_gt20km_flag,retain_all_documented_records_no_arbitrary_exclusion
24800,10,128,94,0.5598553661057335,1.6394628749633831,7.8997598278646937,0.21927417170175326,0.030979240026896438,False,no_gt20km_flag,retain_all_documented_records_no_arbitrary_exclusion
24801,2,7,7,0.26689713000423509,0.43136357998125968,0.44231645310171841,0.076142807064785586,0,False,no_gt20km_flag,retain_all_documented_records_no_arbitrary_exclusion
24802,1,13,10,2.1057832491021937,4.2516008821363007,11.991409564273196,1.5286508769638367,0.74339793773514073,False,no_gt20km_flag,retain_all_documented_records_no_arbitrary_exclusion
24804,3,67,54,1.0810981522592695,1.4085879994163057,2.5867804350363266,0.13564193344631081,0.065313256117252902,False,no_gt20km_flag,retain_all_documented_records_no_arbitrary_exclusion
24805,1,10,5,0.81135041253516804,3.6748613020790448,6.3759305811277454,0.81135041253516804,0.81133911651255408,False,no_gt20km_flag,retain_all_documented_records_no_arbitrary_exclusion
24808,12,44,35,0.83799312416688121,1.4110110736759924,9.4099830033424468,0.37479375634948159,0.24089297497744144,False,no_gt20km_flag,retain_all_documented_records_no_arbitrary_exclusion
24812,6,81,57,0.56477948376997478,0.73658373136271948,1.5642760365985326,0.13333077461959991,0.1225863899819816,False,no_gt20km_flag,retain_all_documented_records_no_arbitrary_exclusion
24813,1,31,29,3.0682712994289858,6.1737352179026157,7.2183876604128638,0.70302648426125947,0.041047682610677906,False,no_gt20km_flag,retain_all_documented_records_no_arbitrary_exclusion
24830,1,9,8,1.1287591791430049,4.0078217184862712,4.0078217184862712,0.96237334233600502,0.11927137098158051,False,no_gt20km_flag,retain_all_documented_records_no_arbitrary_exclusion
24846,2,2,2,4.0087591238634577,4.0089174222929218,4.0089569969002881,6.5246007106266044e-13,6.5246007106266044e-13,False,no_gt20km_flag,retain_all_documented_records_no_arbitrary_exclusion
24855,3,41,22,0.69702652119072028,1.3380252323867119,8.0264177706378703,0.22658599685376649,0.1571079898746196,False,no_gt20km_flag,retain_all_documented_records_no_arbitrary_exclusion
24856,1,10,10,1.448246118884462,5.7989076258545946,6.9283057248312927,0.92637323216789125,3.5366203299247443e-13,False,no_gt20km_flag,retain_all_documented_records_no_arbitrary_exclusion
24858,6,37,18,2.0598221570631048,8.5016472214077439,12.259586837048028,1.1307466620139335,0.72246939469313842,False,no_gt20km_flag,retain_all_documented_records_no_arbitrary_exclusion
24859,2,42,35,3.6777234937905616,8.5948747597321926,9.2286638343739593,2.2164716560776361,0.40163470647445776,False,no_gt20km_flag,retain_all_documented_records_no_arbitrary_exclusion
24866,2,15,14,1.6263983316491744,4.1882269846519371,10.243732837545757,0.87093019820264805,0.14632027891125823,False,no_gt20km_flag,retain_all_documented_records_no_arbitrary_exclusion
24876,3,4,2,0,0,0,0,0,False,no_gt20km_flag,retain_all_documented_records_no_arbitrary_exclusion
24890,6,70,65,0.75778728193636025,1.7631308945073352,7.6346379984512733,0.54238890814794094,0.032276700672912668,False,no_gt20km_flag,retain_all_documented_records_no_arbitrary_exclusion
24900,14,129,108,2.5504047566445092,5.4375101496623088,67.105088650488071,2.2779979478679242,0.099062052969374537,True,inconsistency_not_proven_uncertain,retain_all_documented_records_no_arbitrary_exclusion
24901,7,44,40,0.80762142567144646,1.6605427052313257,6.45757059437853,0.53163483358899821,0.023035990512253617,False,no_gt20km_flag,retain_all_documented_records_no_arbitrary_exclusion
24902,2,11,10,1.3554492992765124,6.2063739490305121,6.2063739490305121,1.3189966919254059,0.62066986750715436,False,no_gt20km_flag,retain_all_documented_records_no_arbitrary_exclusion
24903,6,49,38,0.57425919305400153,0.88158937635871948,1.9740095193160547,0.055049652962104678,0.06110997883067755,False,no_gt20km_flag,retain_all_documented_records_no_arbitrary_exclusion
24904,3,26,11,1.4862344386407336,2.6229591625432871,18.245111673269065,0.87964019477878241,0.22900558000033175,False,no_gt20km_flag,retain_all_documented_records_no_arbitrary_exclusion
24905,6,5,3,8.3504169033700073,12.539294815896675,12.564596114204448,8.3504169033700073,5.5676820111285314,False,no_gt20km_flag,retain_all_documented_records_no_arbitrary_exclusion
24910,1,5,4,4.8866863885744172,11.822421918674081,16.446245605407189,4.6805528389525,1.2215806846767732,False,no_gt20km_flag,retain_all_documented_records_no_arbitrary_exclusion
24912,6,24,17,1.2455721092960919,5.2693770075258426,15.91869952701785,1.0474807437639795,0.9144345528025013,False,no_gt20km_flag,retain_all_documented_records_no_arbitrary_exclusion
24913,6,24,20,1.2040829239025466,3.2356108575216234,16.131813697268814,1.1243396933055687,0.23297489282162684,False,no_gt20km_flag,retain_all_documented_records_no_arbitrary_exclusion
24914,7,49,30,0.62982612304657448,1.9107932698746628,13.890170378919089,0.54080575340600268,0.29819030566698712,False,no_gt20km_flag,retain_all_documented_records_no_arbitrary_exclusion
24915,3,10,9,0.90227335997424363,3.2817494542094883,9.8260550702731742,0.63489362835896246,0.045782159795268111,False,no_gt20km_flag,retain_all_documented_records_no_arbitrary_exclusion
24916,2,12,10,5.9656808828797514,12.932700435343531,16.290074834604933,3.5775098779566257,0.77918419259302929,False,no_gt20km_flag,retain_all_documented_records_no_arbitrary_exclusion
24921,1,7,7,5.0396600043633653,11.144460929506941,18.157677158127726,1.8702747291728912,3.5366203299247443e-13,False,no_gt20km_flag,retain_all_documented_records_no_arbitrary_exclusion
24922,2,13,8,0.64976704786683659,2.5242113884586095,4.4444872876876094,0.64976704786683659,0.40610444477889057,False,no_gt20km_flag,retain_all_documented_records_no_arbitrary_exclusion
24930,4,25,17,1.9089551803200424,4.733242223682252,12.490851356762553,1.1492411444076942,0.67131640648399415,False,no_gt20km_flag,retain_all_documented_records_no_arbitrary_exclusion
24931,9,37,33,0.94677525704112309,3.5799304960143985,14.105731533601796,0.60732866563261723,0.19868615610501203,False,no_gt20km_flag,retain_all_documented_records_no_arbitrary_exclusion
24933,8,12,11,7.0946748890252378,12.278999982088198,12.917463146072585,3.6064474580100163,0.44109776638684495,False,no_gt20km_flag,retain_all_documented_records_no_arbitrary_exclusion
24934,3,18,15,7.8637092350904272,11.9393142131734,15.020694318987267,5.9196651866929599,1.419749581304393,False,no_gt20km_flag,retain_all_documented_records_no_arbitrary_exclusion
24935,6,20,14,1.763150093860103,4.1035505201932478,16.049597476612956,1.6807554551233834,0.7387361542469838,False,no_gt20km_flag,retain_all_documented_records_no_arbitrary_exclusion
24936,16,47,39,1.9912780550199345,8.0724251801754257,18.599803298399902,1.6913962630423285,0.4186294386528493,False,no_gt20km_flag,retain_all_documented_records_no_arbitrary_exclusion
24937,2,21,18,2.5618340120985268,7.0487084129477759,8.5668424698744374,1.888340542410976,0.44449757588903505,False,no_gt20km_flag,retain_all_documented_records_no_arbitrary_exclusion
24940,2,26,13,2.7801626571955476,4.8431011815782838,15.084949828078834,0.91634429476991464,0.94686767180967479,False,no_gt20km_flag,retain_all_documented_records_no_arbitrary_exclusion
24941,2,5,4,10.218787011311186,10.263878466089444,10.263878466089444,5.420326674927197,2.5660039703197124,False,no_gt20km_flag,retain_all_documented_records_no_arbitrary_exclusion
24942,5,18,15,5.9573219194662279,7.3583317852973753,14.638535216853503,1.257968697049868,1.0113903847723666,False,no_gt20km_flag,retain_all_documented_records_no_arbitrary_exclusion
24943,5,18,15,0.60265504320131813,0.99255883413100399,8.528360134505574,0.45893729978292008,0.088243090849057917,False,no_gt20km_flag,retain_all_documented_records_no_arbitrary_exclusion
24944,5,24,9,0.28917915618387946,0.44927391409970607,4.7800916471688906,0.28917915618387946,0.48196579586004451,False,no_gt20km_flag,retain_all_documented_records_no_arbitrary_exclusion
25010,3,127,72,0.46503810708254767,1.0944916326294691,2.7648267380894831,0.1415592905245682,0.063879845111537298,False,no_gt20km_flag,retain_all_documented_records_no_arbitrary_exclusion
25015,9,129,111,1.5080289355652061,2.297870989736337,20.395593217847654,1.3474308739238052,0.035803505559391983,True,inconsistency_not_proven_uncertain,retain_all_documented_records_no_arbitrary_exclusion
25020,5,73,53,0.66883414811902486,0.9474099820838453,19.979099761895693,0.53810045753381941,0.19580919213805556,False,no_gt20km_flag,retain_all_documented_records_no_arbitrary_exclusion
25025,5,73,61,0.48850702003426477,1.6532062404349053,8.5780593909297949,0.074805853385217516,0.045585503810525847,False,no_gt20km_flag,retain_all_documented_records_no_arbitrary_exclusion
25030,1,36,33,0.50017514310988265,0.68747099186998439,1.3004615686640388,0.029107729952835403,0.033112512870840292,False,no_gt20km_flag,retain_all_documented_records_no_arbitrary_exclusion
25035,14,123,97,0.55737616320215655,1.1744382924009564,17.430969181337989,0.26943284663733602,0.1151723267131344,False,no_gt20km_flag,retain_all_documented_records_no_arbitrary_exclusion
25036,4,30,23,1.7080558948438611,9.6930372825635605,9.7218449933840212,1.4408683139045375,0.59003579519036686,False,no_gt20km_flag,retain_all_documented_records_no_arbitrary_exclusion
25040,9,91,69,0.89282334675129682,1.4320366912278111,16.408514315419175,0.63240287299319398,0.19225785254170324,False,no_gt20km_flag,retain_all_documented_records_no_arbitrary_exclusion
25041,4,47,40,0.64427490403876631,0.88826823825471457,0.99948742319517592,0.084782257161553728,0.036530143287952115,False,no_gt20km_flag,retain_all_documented_records_no_arbitrary_exclusion
25042,1,11,7,0.88274169330143692,8.2978678047382921,13.458639139679146,0.86683720490114824,0.43150773727147645,False,no_gt20km_flag,retain_all_documented_records_no_arbitrary_exclusion
25045,6,83,64,0.60071165392655934,1.1681982014741124,14.433107664813626,0.20876264975846018,0.10143087161935083,False,no_gt20km_flag,retain_all_documented_records_no_arbitrary_exclusion
25046,6,29,27,0.31632058926329309,0.55676185164059566,1.3445709801187249,0.054468214986417268,0.016118257332675346,False,no_gt20km_flag,retain_all_documented_records_no_arbitrary_exclusion
25050,3,76,59,0.49435422217048008,0.94778141093629753,1.3101147243551332,0.10447116118223175,0.023585483711909275,False,no_gt20km_flag,retain_all_documented_records_no_arbitrary_exclusion
25051,2,71,57,0.42718521820563404,0.90006029239875329,3.5580567623335053,0.20818574615526095,0.024381127012221379,False,no_gt20km_flag,retain_all_documented_records_no_arbitrary_exclusion
25055,4,34,23,0.5846843515524448,1.3904974234971861,16.49334299304088,0.43825365739715205,0.49186696555538029,False,no_gt20km_flag,retain_all_documented_records_no_arbitrary_exclusion
25060,12,111,86,0.69066663306319354,1.0915689662313841,15.508081941969539,0.2174600089265388,0.039015884105825897,False,no_gt20km_flag,retain_all_documented_records_no_arbitrary_exclusion
25065,9,161,125,2.1997342300770106,10.300484261228309,17.318784225619765,1.8939503760812801,0.39676627158023187,False,no_gt20km_flag,retain_all_documented_records_no_arbitrary_exclusion
25070,15,199,119,0.68575191025077442,1.0848552874094246,17.708445296632213,0.46247733488772902,0.38281760192377345,False,no_gt20km_flag,retain_all_documented_records_no_arbitrary_exclusion
25071,2,56,40,0.7349855428198494,0.99349283825926915,17.62918990440167,0.6499339057217195,0.26360967846286693,False,no_gt20km_flag,retain_all_documented_records_no_arbitrary_exclusion
25075,3,74,60,2.2386856637112764,11.729048160632136,17.751441788459392,2.1179315778683425,0.28352196070570124,False,no_gt20km_flag,retain_all_documented_records_no_arbitrary_exclusion
25080,3,41,36,2.8908488582413798,13.769729251335786,16.882454157713497,2.8440528512434207,0.095615288413687272,False,no_gt20km_flag,retain_all_documented_records_no_arbitrary_exclusion
25085,1,64,50,0.43257671702437128,0.60754056811743173,0.95777042057790485,0.14166663992705791,0.068976330535741787,False,no_gt20km_flag,retain_all_documented_records_no_arbitrary_exclusion
25086,2,56,44,3.9032687453432677,12.050367333405847,15.07600593052369,3.4184022871698176,0.30910090763451536,False,no_gt20km_flag,retain_all_documented_records_no_arbitrary_exclusion
25211,3,68,49,0.83787991344862911,5.7568635260163044,9.4641772241695303,0.31297939837546684,0.27558664773834829,False,no_gt20km_flag,retain_all_documented_records_no_arbitrary_exclusion
25212,9,90,68,0.61997825702147213,2.560832219408133,9.6186544162169358,0.22122652310572957,0.22956008416676488,False,no_gt20km_flag,retain_all_documented_records_no_arbitrary_exclusion
25213,8,48,40,0.43093321750300984,2.003417227938618,8.5529278569607214,0.14168535523429113,0.087859005740279772,False,no_gt20km_flag,retain_all_documented_records_no_arbitrary_exclusion
25214,6,42,31,0.6946135534244392,1.373346298199829,12.143793361281302,0.49966607478154312,0.24251792099129385,False,no_gt20km_flag,retain_all_documented_records_no_arbitrary_exclusion
25215,4,85,48,0.9259102143957556,2.2155369218436611,10.320711158718035,0.66426332325770954,0.36142703752993388,False,no_gt20km_flag,retain_all_documented_records_no_arbitrary_exclusion
25220,4,43,37,0.7730076906210025,0.96484835651893563,13.884001047617472,0.4597121191718162,0.0837336499798607,False,no_gt20km_flag,retain_all_documented_records_no_arbitrary_exclusion
25223,2,27,22,1.5289215124174473,5.3673227750139239,5.4227385243692581,0.61829578127321894,0.126213778952844,False,no_gt20km_flag,retain_all_documented_records_no_arbitrary_exclusion
25225,3,48,39,1.2032699506930968,10.919066905019733,12.36685498260038,0.75811447898298179,0.14558673517035567,False,no_gt20km_flag,retain_all_documented_records_no_arbitrary_exclusion
25230,1,61,43,1.074501019815048,10.166536898407404,13.005872014693637,0.60682246702172293,0.23840976615878845,False,no_gt20km_flag,retain_all_documented_records_no_arbitrary_exclusion
25231,1,35,31,0.83396560475197279,1.5770402107326302,8.8147710521538318,0.051412630775614587,0.021006859359077097,False,no_gt20km_flag,retain_all_documented_records_no_arbitrary_exclusion
25233,4,82,53,0.63845910959173624,1.1735599755962189,11.963898361481439,0.51500084861915829,0.20479954461075908,False,no_gt20km_flag,retain_all_documented_records_no_arbitrary_exclusion
25235,3,46,37,1.5747178575442553,8.7490933432177265,10.771310625174959,0.65786067445155005,0.077498816464980552,False,no_gt20km_flag,retain_all_documented_records_no_arbitrary_exclusion
25237,1,2,2,0.023043126577930957,0.023043131959157508,0.023043133304464145,0,0,False,no_gt20km_flag,retain_all_documented_records_no_arbitrary_exclusion
25240,9,79,57,1.1578500846876758,6.3759743645351934,15.564559047610215,0.43739911838621592,0.4800184461685541,False,no_gt20km_flag,retain_all_documented_records_no_arbitrary_exclusion
25241,1,2,1,0,0,0,0,0,False,no_gt20km_flag,retain_all_documented_records_no_arbitrary_exclusion
25243,2,26,23,1.1459684720475047,2.5770613552079027,8.7444408104773039,0.82167658115550812,0.31862711183714532,False,no_gt20km_flag,retain_all_documented_records_no_arbitrary_exclusion
25245,4,56,42,2.3731955224074426,8.1071158553191687,11.671961208872755,1.9655132507199602,0.50968171468298906,False,no_gt20km_flag,retain_all_documented_records_no_arbitrary_exclusion
25250,13,174,131,2.6785593654637072,9.4929325093127357,19.517432954451845,1.8207857781312473,0.33366451708364286,False,no_gt20km_flag,retain_all_documented_records_no_arbitrary_exclusion
25251,3,68,53,0.99711236337387166,1.6196603143487704,6.5309259355826974,0.14544891293211437,0.065542877344416384,False,no_gt20km_flag,retain_all_documented_records_no_arbitrary_exclusion
25253,2,25,13,0.95696068374019427,2.7097588349505348,11.0888426230563,0.75235465218844111,0.96951487546494464,False,no_gt20km_flag,retain_all_documented_records_no_arbitrary_exclusion
25255,9,66,54,1.9704128746824137,7.973514859820007,18.087765361114919,1.4035812320199763,0.32998589475777884,False,no_gt20km_flag,retain_all_documented_records_no_arbitrary_exclusion
25260,3,61,44,1.2869486792768001,6.3916520869913231,14.441022086612794,1.1797707136859212,0.25424824829871256,False,no_gt20km_flag,retain_all_documented_records_no_arbitrary_exclusion
25261,6,54,38,0.87198268584050087,1.6154297854584805,6.2706520228608928,0.055592400567923951,0.065270292994474302,False,no_gt20km_flag,retain_all_documented_records_no_arbitrary_exclusion
25264,4,46,40,0.57671969324944505,1.3273549441444101,3.842417143481764,0.29161121497227099,0.07347305013822826,False,no_gt20km_flag,retain_all_documented_records_no_arbitrary_exclusion
25265,1,20,15,1.0050734390785492,1.6203234387772387,14.190022301822598,0.85172192865289298,0.37394282841908316,False,no_gt20km_flag,retain_all_documented_records_no_arbitrary_exclusion
25266,4,39,32,0.52661605256059663,0.98798740777816585,2.7613823708519809,0.19967574425683368,0.051322358847560312,False,no_gt20km_flag,retain_all_documented_records_no_arbitrary_exclusion
25267,2,19,16,0.89198235457481745,0.9696423743519752,0.98103153193143944,0.21128586012659084,0.071195047018330793,False,no_gt20km_flag,retain_all_documented_records_no_arbitrary_exclusion
25268,5,21,13,2.941080202480375,3.592903107778822,6.1200527202060959,0.45613558975495605,1.8099203121517273,False,no_gt20km_flag,retain_all_documented_records_no_arbitrary_exclusion
25270,1,60,44,1.2379595221928454,3.4930025156390809,20.833280365891554,0.89684299887993191,0.49849726088884966,True,inconsistency_not_proven_uncertain,retain_all_documented_records_no_arbitrary_exclusion
25271,5,32,23,1.6671631744058473,7.2840213428242713,19.785314117226914,1.6424388408511945,0.69992189671452476,False,no_gt20km_flag,retain_all_documented_records_no_arbitrary_exclusion
25272,1,24,23,1.5230758440241414,2.6523707655032807,11.4775566366208,0.86384678407092264,0.040457657219361315,False,no_gt20km_flag,retain_all_documented_records_no_arbitrary_exclusion
25275,3,29,25,1.115728786433702,2.6520157422647221,4.7403988435659814,0.50976263155790458,0.038128182473559681,False,no_gt20km_flag,retain_all_documented_records_no_arbitrary_exclusion
25510,14,96,87,0.49086410805606195,0.91618636232638462,2.7054150719626415,0.12280028612652449,0.006600875111609535,False,no_gt20km_flag,retain_all_documented_records_no_arbitrary_exclusion
25515,15,132,102,0.56972024166120838,0.96804482877222342,3.7440099823942865,0.36081889363124348,0.12096917666230556,False,no_gt20km_flag,retain_all_documented_records_no_arbitrary_exclusion
25520,14,115,102,0.39239814162141434,0.73521914924355358,1.515521182083623,0.028895591989039029,0.032402870811981878,False,no_gt20km_flag,retain_all_documented_records_no_arbitrary_exclusion
25525,9,152,128,0.74566100796088886,1.3584597470985633,4.3939846609052111,0.035238251574390887,0.014257218283711454,False,no_gt20km_flag,retain_all_documented_records_no_arbitrary_exclusion
25530,2,38,36,0.78119829891212234,1.2633426799094447,2.2949387752406749,0.074211148877921906,0.020241394892413962,False,no_gt20km_flag,retain_all_documented_records_no_arbitrary_exclusion
25535,1,51,42,0.4640734500009861,0.91018099568253574,1.7280261185847836,0.047140918458610966,0.049201541869433457,False,no_gt20km_flag,retain_all_documented_records_no_arbitrary_exclusion
25540,5,41,37,0.3507635360424235,0.55110826130424606,0.81578493715177247,0.039527371495410045,0.02376018147663608,False,no_gt20km_flag,retain_all_documented_records_no_arbitrary_exclusion
25545,4,66,61,0.50662165000524451,0.81156871414990484,2.9773765473767422,0.081611411997522393,0.021717894535391722,False,no_gt20km_flag,retain_all_documented_records_no_arbitrary_exclusion
25550,10,169,132,0.61599158015682498,0.96762624020358656,3.9463283067843702,0.10728985958064666,0.052964910811981965,False,no_gt20km_flag,retain_all_documented_records_no_arbitrary_exclusion
25555,9,179,141,0.75379343023260748,1.0539725815324694,3.5544422807051976,0.19952334413777242,0.0018022462605334676,False,no_gt20km_flag,retain_all_documented_records_no_arbitrary_exclusion
25560,4,75,63,0.52492381760451623,0.77898571345160716,2.9089620601253015,0.11741032964113751,0.020871884417603247,False,no_gt20km_flag,retain_all_documented_records_no_arbitrary_exclusion
25561,4,54,45,0.73460693211831996,1.2775636076056354,3.327737472501159,0.30162089865423153,0.017992504963272218,False,no_gt20km_flag,retain_all_documented_records_no_arbitrary_exclusion
25565,5,85,69,0.73866672271083467,1.294638421934434,2.0587483197033194,0.24313364308530652,0.027674821541284766,False,no_gt20km_flag,retain_all_documented_records_no_arbitrary_exclusion
25570,5,69,51,0.58912984092757259,0.99803060525685183,1.7510539217895404,0.062517312821055881,0.020604515529342986,False,no_gt20km_flag,retain_all_documented_records_no_arbitrary_exclusion
25571,4,19,18,0.5803191907112083,1.2270912648810435,1.7924914671236016,0.16930377836050772,0.060376083809294837,False,no_gt20km_flag,retain_all_documented_records_no_arbitrary_exclusion
25575,2,31,30,0.88415676758340089,1.6436447313307445,5.0180080424663007,0.70806867129121576,0.16727748721445881,False,no_gt20km_flag,retain_all_documented_records_no_arbitrary_exclusion
25576,3,13,11,0.28744577136695976,0.69521218198827461,4.0028680902454932,0.2453633214016116,0.075396190948644831,False,no_gt20km_flag,retain_all_documented_records_no_arbitrary_exclusion
25580,3,31,28,0.89312331894961683,1.2670754996893676,1.3990280244259274,0.28820614093570046,0.11770801618687177,False,no_gt20km_flag,retain_all_documented_records_no_arbitrary_exclusion
25581,2,27,22,0.6934756334881097,1.5869039952858066,2.3918915552645688,0.25582496915070185,0.037675913390967569,False,no_gt20km_flag,retain_all_documented_records_no_arbitrary_exclusion
25585,9,93,84,0.48917493191324002,0.9886552337240252,6.4635115267967782,0.23483250609096673,0.0040395552957014132,False,no_gt20km_flag,retain_all_documented_records_no_arbitrary_exclusion
25610,4,89,66,0.73260361146829545,1.534033736259683,2.1139435649937912,0.27244682108736723,0.039049601072638669,False,no_gt20km_flag,retain_all_documented_records_no_arbitrary_exclusion
25615,9,72,56,0.69413644760769166,2.1546699670372944,16.348431926992347,0.27717804475367031,0.13444911483031363,False,no_gt20km_flag,retain_all_documented_records_no_arbitrary_exclusion
25620,14,176,114,0.317725254550207,0.53155554903195101,2.3216907243930955,0.16849176043917796,0.00489597465755417,False,no_gt20km_flag,retain_all_documented_records_no_arbitrary_exclusion
25625,3,92,70,0.44846006077892814,0.81230720341642748,1.3338268779849443,0.10677487622780218,0.031920000672369254,False,no_gt20km_flag,retain_all_documented_records_no_arbitrary_exclusion
25630,3,38,29,0.29152797319707546,0.80416094964702056,0.86750012334338167,0.12036588103098123,0.0041036439339308178,False,no_gt20km_flag,retain_all_documented_records_no_arbitrary_exclusion
25635,13,115,66,0.59945146184961839,0.96558632130094779,9.1971367794483179,0.373954160316465,0.050053159019285004,False,no_gt20km_flag,retain_all_documented_records_no_arbitrary_exclusion
25640,7,67,56,0.46047070691211678,1.016048614037258,1.2171122579063482,0.077677104755212847,0.014551498337536474,False,no_gt20km_flag,retain_all_documented_records_no_arbitrary_exclusion
25645,6,130,89,0.97603645313529208,1.6513653079431514,2.3009975671422729,0.38925271540471335,0.14231816106028303,False,no_gt20km_flag,retain_all_documented_records_no_arbitrary_exclusion
25650,10,63,48,0.87494352284118015,1.240910591903531,1.4296651319464055,0.32685630295258938,0.015036828800717963,False,no_gt20km_flag,retain_all_documented_records_no_arbitrary_exclusion
25651,10,53,34,0.62421607479706709,0.79162153664043389,6.8396913587837949,0.044162992593542456,0.14716228811980661,False,no_gt20km_flag,retain_all_documented_records_no_arbitrary_exclusion
25655,20,96,71,0.58513659516959737,1.3591266522193952,2.7234482630799963,0.19165171535113218,0.035027527824030652,False,no_gt20km_flag,retain_all_documented_records_no_arbitrary_exclusion
25660,8,81,67,0.66128618284028629,1.0690228036951268,1.5543395948184355,0.35157313357548037,0.063810440114318953,False,no_gt20km_flag,retain_all_documented_records_no_arbitrary_exclusion
25665,16,135,90,0.68417073261427597,1.1214946985555128,2.1073436447762615,0.11338386076177229,0.11462918451476332,False,no_gt20km_flag,retain_all_documented_records_no_arbitrary_exclusion
25670,1,40,31,0.5822555319007634,1.5289112340902542,2.5679438384170283,0.24567886309366532,0.014920883868533659,False,no_gt20km_flag,retain_all_documented_records_no_arbitrary_exclusion
25675,6,67,59,0.57509301199988994,1.0117657101606334,1.165975389737802,0.02101471922746008,0.032174038903015387,False,no_gt20km_flag,retain_all_documented_records_no_arbitrary_exclusion
25680,12,141,105,1.8131491409298812,2.4421984071777247,3.3606328344168945,0.14757580400618586,0.17332826899337089,False,no_gt20km_flag,retain_all_documented_records_no_arbitrary_exclusion
25685,9,66,47,0.45871627312365182,0.60231174797108911,1.2498037400134727,0.037559897624967122,0.044799929028929195,False,no_gt20km_flag,retain_all_documented_records_no_arbitrary_exclusion
25710,16,124,95,0.91755421033471229,1.8383659292302204,6.6669747416743057,0.2672501758000837,0.083986814823892031,False,no_gt20km_flag,retain_all_documented_records_no_arbitrary_exclusion
25715,6,51,42,0.68681764188341354,1.6750351418182734,9.4167628786158772,0.11432590389480728,0.027935828639218369,False,no_gt20km_flag,retain_all_documented_records_no_arbitrary_exclusion
25720,15,113,74,1.4042776950038749,8.455337679075436,11.271982770126009,0.52952968621944707,0.18081680198058517,False,no_gt20km_flag,retain_all_documented_records_no_arbitrary_exclusion
25725,3,70,56,3.0380800001994395,7.5181435716718594,9.3464734892698509,0.50019062311254325,0.25327718362571561,False,no_gt20km_flag,retain_all_documented_records_no_arbitrary_exclusion
25730,18,203,106,2.2072832560386249,3.6482163269579506,17.175192994723005,0.32170954149219455,0.99615299338414143,False,no_gt20km_flag,retain_all_documented_records_no_arbitrary_exclusion
25740,4,50,36,1.4348646413239035,2.8674929538750433,6.0426495714416069,0.606324350565836,0.58394903212626537,False,no_gt20km_flag,retain_all_documented_records_no_arbitrary_exclusion
25745,6,63,45,1.7957431461275246,6.0783894512042869,18.407120642381475,0.68228559806907052,0.3029090950776539,False,no_gt20km_flag,retain_all_documented_records_no_arbitrary_exclusion
25750,10,84,69,1.0710143560665162,2.9227114139609327,22.75856633614881,0.39855598902754324,0.26838000814843022,True,inconsistency_not_proven_uncertain,retain_all_documented_records_no_arbitrary_exclusion
25770,5,36,30,2.5182899395066549,6.2690009068797172,29.784263333299926,1.2842738032775161,0.55999393982185908,True,inconsistency_not_proven_uncertain,retain_all_documented_records_no_arbitrary_exclusion
25900,18,166,134,2.9130962362625166,11.49905965024182,14.903754428116626,2.6143423830630459,0.11769398713637964,False,no_gt20km_flag,retain_all_documented_records_no_arbitrary_exclusion
25901,9,52,47,2.8837956438934711,11.972409037293673,14.927384376654032,2.3550003921828084,0.21217808516987705,False,no_gt20km_flag,retain_all_documented_records_no_arbitrary_exclusion
25902,1,20,20,7.8596300042174585,10.587427282746676,11.87794840125942,5.2991233403866866,7.4237996181598655e-13,False,no_gt20km_flag,retain_all_documented_records_no_arbitrary_exclusion
25903,3,14,12,3.4606757460224213,12.67598873677273,13.628480410070352,3.2305177883077931,0.57535334990626896,False,no_gt20km_flag,retain_all_documented_records_no_arbitrary_exclusion
25904,1,2,2,0.89399302337486009,0.89399670755564165,0.89399762860083698,0,0,False,no_gt20km_flag,retain_all_documented_records_no_arbitrary_exclusion
25905,2,2,1,0,0,0,0,0,False,no_gt20km_flag,retain_all_documented_records_no_arbitrary_exclusion
25907,1,3,3,4.5000723171209307,8.0823653218424418,8.9779385730228203,4.4778850054863915,0,False,no_gt20km_flag,retain_all_documented_records_no_arbitrary_exclusion
25908,2,13,13,9.1214805786932303,10.521294266748951,10.555401181146101,4.2889088953681203,0,False,no_gt20km_flag,retain_all_documented_records_no_arbitrary_exclusion
25911,4,26,23,1.2799520534078495,3.9538364762939615,10.471370964140451,1.1184211074989781,0.19156019663257304,False,no_gt20km_flag,retain_all_documented_records_no_arbitrary_exclusion
25912,1,25,22,1.9457395086927269,9.1944974149462801,12.80142526098218,1.7400358310793846,0.24627507960174566,False,no_gt20km_flag,retain_all_documented_records_no_arbitrary_exclusion
25914,3,11,10,2.5719753623656922,7.7020492676292864,13.25405979561932,2.042744831836762,0.20427235409151293,False,no_gt20km_flag,retain_all_documented_records_no_arbitrary_exclusion
25921,1,8,7,2.6077749112728545,5.9438811398633833,5.9438811398633833,1.4650815532090975,0.8490742562729604,False,no_gt20km_flag,retain_all_documented_records_no_arbitrary_exclusion
25922,6,33,31,0.97619708008690576,6.6761947951352525,9.5453623254329081,0.43219109125366351,0.04857164214309985,False,no_gt20km_flag,retain_all_documented_records_no_arbitrary_exclusion
25925,2,8,6,2.84942820860386,8.2640551213773019,8.2640551213773019,2.7097701952212851,0.92369085917548921,False,no_gt20km_flag,retain_all_documented_records_no_arbitrary_exclusion
25926,9,66,59,0.88099885202718742,1.7540354168571346,14.955683863212391,0.43486710474452894,0.02626861742601979,False,no_gt20km_flag,retain_all_documented_records_no_arbitrary_exclusion
25928,1,1,1,3.5366203299247443e-13,3.5366203299247443e-13,3.5366203299247443e-13,3.5366203299247443e-13,3.5366203299247443e-13,False,no_gt20km_flag,retain_all_documented_records_no_arbitrary_exclusion
25930,1,18,18,2.8702737089917214,6.9334027940458824,13.353527349738592,2.2948802179991667,7.4227939079070047e-13,False,no_gt20km_flag,retain_all_documented_records_no_arbitrary_exclusion
25931,12,98,78,0.8370156150744672,1.3361278417098856,15.501625481126309,0.28867740669887137,0.067718065760371329,False,no_gt20km_flag,retain_all_documented_records_no_arbitrary_exclusion
25932,1,19,17,1.4239070361020041,1.5286702208292822,15.430721372578454,0.8966657451278246,0.17952556656679544,False,no_gt20km_flag,retain_all_documented_records_no_arbitrary_exclusion
25933,4,17,14,1.1482292967036787,2.53285602917639,3.2137326243943471,0.55233404985772105,0.17341402204007172,False,no_gt20km_flag,retain_all_documented_records_no_arbitrary_exclusion
25935,15,114,85,3.1326863143254409,8.8542457247049509,14.438217962320044,1.5653321268827249,0.2810035492507103,False,no_gt20km_flag,retain_all_documented_records_no_arbitrary_exclusion
25936,2,33,25,2.1382823301310259,9.6219123961616848,10.632325777924919,1.810694028817069,0.86261211807328431,False,no_gt20km_flag,retain_all_documented_records_no_arbitrary_exclusion
25937,2,18,13,2.926214276240672,8.0834293304927911,8.1210414423429977,1.5593441655597133,0.2932317491479749,False,no_gt20km_flag,retain_all_documented_records_no_arbitrary_exclusion
25938,3,7,6,0.80771073477843003,1.6185948913795034,2.5881066578303962,0.65107899934639957,0.13461844017171237,False,no_gt20km_flag,retain_all_documented_records_no_arbitrary_exclusion
25940,4,31,31,5.9953353614875518,9.6021081154014247,12.394553794594916,4.4954806771838411,6.529237004658982e-13,False,no_gt20km_flag,retain_all_documented_records_no_arbitrary_exclusion
25943,3,49,43,0.43573006865222991,1.5204598524200783,2.7458327264895548,0.089275912688393702,0.041383743563772189,False,no_gt20km_flag,retain_all_documented_records_no_arbitrary_exclusion
25945,1,20,18,0.29868193020751754,0.71519917820837009,1.0534147336698982,0.17910994154942941,0.021869581866221292,False,no_gt20km_flag,retain_all_documented_records_no_arbitrary_exclusion
25946,11,84,77,0.610751977284683,1.4821570572508329,1.7709826705717686,0.16700034172708389,0.0062674640180063112,False,no_gt20km_flag,retain_all_documented_records_no_arbitrary_exclusion
25949,2,17,13,0.16214055644357891,0.36361083303272229,0.48015446658471284,0.024207770893527398,0.022653807010530644,False,no_gt20km_flag,retain_all_documented_records_no_arbitrary_exclusion
26010,13,134,109,0.78497046292553496,1.5298268490094431,21.438136104225826,0.63604564346145376,0.16423808799131068,True,inconsistency_not_proven_uncertain,retain_all_documented_records_no_arbitrary_exclusion
26011,9,82,76,0.65447347108017639,0.95665392068613231,15.28607254857487,0.29499227054170479,0.028285942601864782,False,no_gt20km_flag,retain_all_documented_records_no_arbitrary_exclusion
26012,9,98,78,0.57587093422198088,1.3750406513615654,9.8162796147343112,0.36325972233544163,0.074554437967653472,False,no_gt20km_flag,retain_all_documented_records_no_arbitrary_exclusion
26013,13,87,77,0.55294745125095202,0.96064056743435211,19.412681158592854,0.23417681430825774,0.027866969388815239,False,no_gt20km_flag,retain_all_documented_records_no_arbitrary_exclusion
26015,7,78,45,0.75738983096774437,1.565978387590296,8.7422357007170106,0.36667091993903356,0.30285044819831314,False,no_gt20km_flag,retain_all_documented_records_no_arbitrary_exclusion
26020,14,108,92,0.58725990604193656,1.045236822828834,12.129332399810258,0.25232764239778566,0.076767338124534817,False,no_gt20km_flag,retain_all_documented_records_no_arbitrary_exclusion
26021,5,67,58,0.65014391498866853,0.94953501763576209,2.3645611522096757,0.21848674456996073,0.021309317911371799,False,no_gt20km_flag,retain_all_documented_records_no_arbitrary_exclusion
26022,10,140,120,1.2039108345029172,2.8722195946548874,20.413594966723871,1.0412769398402855,0.89222064598536122,True,inconsistency_not_proven_uncertain,retain_all_documented_records_no_arbitrary_exclusion
26023,1,17,11,1.4383209265186201,4.0096291263158061,7.1032424780914649,1.4383209265186201,0.78451663452054821,False,no_gt20km_flag,retain_all_documented_records_no_arbitrary_exclusion
26030,9,113,98,0.85581664514265654,1.8459077088836091,10.734639584273962,0.61336563914574249,0.07037844137689496,False,no_gt20km_flag,retain_all_documented_records_no_arbitrary_exclusion
26031,4,55,43,0.45548923836829169,1.1039346018497065,6.6024560775891601,0.23345762607691378,0.08711609968025065,False,no_gt20km_flag,retain_all_documented_records_no_arbitrary_exclusion
26032,5,70,63,0.73500361937090175,1.294246674603226,19.164983802436208,0.63140164519991082,0.066461368438374566,False,no_gt20km_flag,retain_all_documented_records_no_arbitrary_exclusion
26033,1,29,25,0.57667347952337056,2.3395755661470221,3.7880494796634521,0.23490091906709867,0.13340702749314037,False,no_gt20km_flag,retain_all_documented_records_no_arbitrary_exclusion
26035,1,5,5,0.60145863391013243,1.2385102516425894,1.4190655837166448,0.3815283817215272,3.5366203299247443e-13,False,no_gt20km_flag,retain_all_documented_records_no_arbitrary_exclusion
26040,5,44,39,0.59842682640937195,1.7595967406923165,15.794890641380146,0.17495169214191728,0.14807559720927069,False,no_gt20km_flag,retain_all_documented_records_no_arbitrary_exclusion
26041,9,107,94,1.0785631941976817,1.9472059671608954,21.847263853824195,0.46341950033753493,0.057708804131097219,True,inconsistency_not_proven_uncertain,retain_all_documented_records_no_arbitrary_exclusion
26042,1,48,42,1.2202601564209536,3.1066327853700995,18.580383390380806,0.91915494730691771,0.023031082210295206,False,no_gt20km_flag,retain_all_documented_records_no_arbitrary_exclusion
26050,4,85,72,0.80103724305319146,1.922155211354841,20.685832188070922,0.53950956784322268,0.12738558147622298,True,inconsistency_not_proven_uncertain,retain_all_documented_records_no_arbitrary_exclusion
26051,6,67,58,0.75876888337662685,2.8626257223357183,7.0666847836355986,0.30029852806184848,0.10486533792076298,False,no_gt20km_flag,retain_all_documented_records_no_arbitrary_exclusion
26052,7,70,59,0.54712318769006574,1.1318172200108894,12.060524314416858,0.28148332124053044,0.050498024323800898,False,no_gt20km_flag,retain_all_documented_records_no_arbitrary_exclusion
26053,2,33,29,1.9935618782229672,3.6042936783033688,19.303091067705395,1.0825900145736953,0.24841410298271707,False,no_gt20km_flag,retain_all_documented_records_no_arbitrary_exclusion
26060,6,34,34,2.2979030361774,4.7766839820652551,22.063828533270929,1.7021207995158418,0,True,inconsistency_not_proven_uncertain,retain_all_documented_records_no_arbitrary_exclusion
26062,1,14,11,2.0219209694153784,3.0121816954432785,18.78920354105357,1.7964512941234227,0.59964175627402483,False,no_gt20km_flag,retain_all_documented_records_no_arbitrary_exclusion
26063,1,24,20,9.0440947778524308,11.956875745244092,18.033021187304133,2.7604015722417921,1.7415302057264204,False,no_gt20km_flag,retain_all_documented_records_no_arbitrary_exclusion
26070,18,142,133,0.8684602459262033,1.2805418954534633,19.080357739698268,0.40599987256211562,0.021063945094225277,False,no_gt20km_flag,retain_all_documented_records_no_arbitrary_exclusion
26080,5,32,28,0.36510161855835704,0.87282307965568329,7.355324970562557,0.21788786801096766,0.026779358657763104,False,no_gt20km_flag,retain_all_documented_records_no_arbitrary_exclusion
26082,1,29,28,0.31303662175622105,1.6689666497995919,6.0793955849672665,0.14128692862952716,0.0038175783585939682,False,no_gt20km_flag,retain_all_documented_records_no_arbitrary_exclusion
26083,6,50,42,0.38901201798358725,1.2389522348243627,16.155831308341462,0.17699420886702552,0.038317909206442603,False,no_gt20km_flag,retain_all_documented_records_no_arbitrary_exclusion
26084,3,28,27,1.0575072493844315,3.0686742312380919,8.7286423171640273,0.92289487946856574,0.039167475867835859,False,no_gt20km_flag,retain_all_documented_records_no_arbitrary_exclusion
26085,2,11,9,2.1664305726256448,4.0915389336845553,12.944704731901961,1.9080814189116702,0.48767387631127446,False,no_gt20km_flag,retain_all_documented_records_no_arbitrary_exclusion
26086,5,78,72,0.57616090548637455,1.1659324866243053,7.3076595881206305,0.25382056082807025,0.035568929279641996,False,no_gt20km_flag,retain_all_documented_records_no_arbitrary_exclusion
26087,14,111,99,1.0439398556681121,2.6277331580173211,9.5368275515193481,0.67121211270210923,0.018240276656385467,False,no_gt20km_flag,retain_all_documented_records_no_arbitrary_exclusion
26088,5,50,46,1.1647439326205138,5.4469934451243249,17.491801796968247,0.83739875092335436,0.23736496784778829,False,no_gt20km_flag,retain_all_documented_records_no_arbitrary_exclusion
26110,3,26,21,0.82488393015075867,2.497953793260951,3.5449803668384443,0.25438346314014171,0.061682800406737327,False,no_gt20km_flag,retain_all_documented_records_no_arbitrary_exclusion
26112,6,100,75,0.63133515912009619,1.1423520822530495,8.6490699039745937,0.22488449841712221,0.045376820331849879,False,no_gt20km_flag,retain_all_documented_records_no_arbitrary_exclusion
26113,4,41,36,0.96523086657406831,2.4591538112021216,3.7655532602047908,0.61104442957205574,0.27204667386072384,False,no_gt20km_flag,retain_all_documented_records_no_arbitrary_exclusion
26115,7,78,62,0.4899773886953952,1.0433761389471832,4.4378798092702025,0.21075636357624622,0.094088574764839616,False,no_gt20km_flag,retain_all_documented_records_no_arbitrary_exclusion
26116,3,33,30,1.2103930952384934,5.194015712198869,6.3967525525271531,0.86358777910105711,0.1367660684467428,False,no_gt20km_flag,retain_all_documented_records_no_arbitrary_exclusion
26120,3,41,36,0.24964847407334648,0.66637291070414395,0.78826744247109726,0.062400730007471601,0.012584826294071224,False,no_gt20km_flag,retain_all_documented_records_no_arbitrary_exclusion
26123,3,30,25,0.70876368173892312,0.98032134265016346,7.6310320111987862,0.46705955973169455,0.089114215047861739,False,no_gt20km_flag,retain_all_documented_records_no_arbitrary_exclusion
26125,2,39,34,0.73954380375733586,1.5464533812517522,6.8063430393221314,0.21712593541215131,0.052944896968668359,False,no_gt20km_flag,retain_all_documented_records_no_arbitrary_exclusion
26130,13,133,92,0.60287741889489288,1.2899391112964671,7.1701164741464831,0.20385484161758136,0.11265544486295816,False,no_gt20km_flag,retain_all_documented_records_no_arbitrary_exclusion
26135,3,66,58,0.70428262172715272,1.5817317997802429,8.0519649300612617,0.16754890155104024,0.067214860959307871,False,no_gt20km_flag,retain_all_documented_records_no_arbitrary_exclusion
26140,6,57,48,0.768540950732581,1.5121560541776597,4.5731425464247417,0.12552900031851344,0.096164956103887284,False,no_gt20km_flag,retain_all_documented_records_no_arbitrary_exclusion
26143,1,26,25,0.98941805584525966,3.2847956190878644,8.956765454132471,0.84908900588838698,0.034862263563843275,False,no_gt20km_flag,retain_all_documented_records_no_arbitrary_exclusion
26155,2,18,18,0.42145602795879084,0.62195539908152875,0.78772923528701577,0.028790943140837886,3.5366203299247443e-13,False,no_gt20km_flag,retain_all_documented_records_no_arbitrary_exclusion
26160,5,48,40,0.91549246512514593,1.9316151054526549,3.0261887508030285,0.36274912275832855,0.072888893333647592,False,no_gt20km_flag,retain_all_documented_records_no_arbitrary_exclusion
26163,1,13,12,0.61003212602962731,1.0684609672165908,1.7858072698587859,0.18215667197138394,0.042257891520861929,False,no_gt20km_flag,retain_all_documented_records_no_arbitrary_exclusion
26165,6,55,48,0.52020331843394629,0.79719862439982347,3.9928455695277685,0.10853686075862432,0.029769535911652843,False,no_gt20km_flag,retain_all_documented_records_no_arbitrary_exclusion
26167,3,27,19,0.57485880490571395,1.0433487666026005,6.3060837232693077,0.53445791761502204,0.18435075631367509,False,no_gt20km_flag,retain_all_documented_records_no_arbitrary_exclusion
26170,1,17,15,0.81207773021985441,3.9053509987580748,5.3507324174151476,0.47108698958393452,0.040916349143378217,False,no_gt20km_flag,retain_all_documented_records_no_arbitrary_exclusion
26172,1,28,26,0.52399510551535733,1.1094844960393448,5.7595035169876505,0.29830265994489824,0.064509083236923045,False,no_gt20km_flag,retain_all_documented_records_no_arbitrary_exclusion
26173,3,25,22,0.49454031555621408,0.87656996596558445,3.2076705451154512,0.091147178022892836,0.062763752785449295,False,no_gt20km_flag,retain_all_documented_records_no_arbitrary_exclusion
26175,4,30,16,0.38536561081803766,0.86620879033344478,1.0232198149654772,0.12241782002436362,0.16413242188443536,False,no_gt20km_flag,retain_all_documented_records_no_arbitrary_exclusion
26178,4,41,36,0.48401824372357716,1.2528891240515374,1.5935785196271015,0.1947244367544049,0.061549952825640616,False,no_gt20km_flag,retain_all_documented_records_no_arbitrary_exclusion
26180,1,11,10,0.46166665326650702,1.1082653404725913,1.7898965536039695,0.15044017977640226,0.019340732653384929,False,no_gt20km_flag,retain_all_documented_records_no_arbitrary_exclusion
26183,8,75,63,0.83663514051461785,1.3633126950043559,7.0364198577523567,0.12145885504565682,0.071763916828267188,False,no_gt20km_flag,retain_all_documented_records_no_arbitrary_exclusion
26185,3,44,41,0.73233932122755629,1.1903548724985009,3.8438192638310578,0.24982124628913976,0.07147323771729254,False,no_gt20km_flag,retain_all_documented_records_no_arbitrary_exclusion
26187,3,21,19,0.84182062312944017,4.9271806084053091,5.0077944314870075,0.60180134448155087,0.25249965305588185,False,no_gt20km_flag,retain_all_documented_records_no_arbitrary_exclusion
26190,1,18,16,0.34699329195668555,0.83298181675301863,0.94677156782659322,0.040780459194350631,0.0092689259625448068,False,no_gt20km_flag,retain_all_documented_records_no_arbitrary_exclusion
26193,3,16,15,0.66214234105136494,1.3103590551951676,2.277170328842745,0.14747144179221405,0.065853820197735516,False,no_gt20km_flag,retain_all_documented_records_no_arbitrary_exclusion
26196,1,7,7,1.0925175427547302,2.9640214077472002,4.9478840421757306,0.54289495246992781,0,False,no_gt20km_flag,retain_all_documented_records_no_arbitrary_exclusion
26210,13,141,90,0.3651638257111699,0.61901972428393326,13.748658795848728,0.2252613065530488,0.1032357729953078,False,no_gt20km_flag,retain_all_documented_records_no_arbitrary_exclusion
26215,12,129,98,0.41177571793818152,0.78152992909877772,13.369896597785461,0.3591727118996843,0.07779071340828396,False,no_gt20km_flag,retain_all_documented_records_no_arbitrary_exclusion
26216,3,26,16,2.0270169187813449,5.0805174616242752,6.1681468521649077,1.8149537460178335,0.4264658126119556,False,no_gt20km_flag,retain_all_documented_records_no_arbitrary_exclusion
26220,12,144,101,0.65784657211604425,1.8651023772678159,13.663551881597625,0.478764541367241,0.16985868952955785,False,no_gt20km_flag,retain_all_documented_records_no_arbitrary_exclusion
26221,6,39,26,0.25222721359631345,0.670242536848353,1.9509363666979649,0.049265164585408167,0.0067196028199112212,False,no_gt20km_flag,retain_all_documented_records_no_arbitrary_exclusion
26225,6,68,60,1.1139197375828807,2.7835709292969053,11.226129745386141,0.9301705745540827,0.3146468153100242,False,no_gt20km_flag,retain_all_documented_records_no_arbitrary_exclusion
26230,1,13,10,1.8743588981370949,4.9761087347188671,6.4644423887862219,1.4214897345791677,0.13540613264864537,False,no_gt20km_flag,retain_all_documented_records_no_arbitrary_exclusion
26250,6,85,64,0.3886537383393488,0.56629102408517118,0.77945575423117475,0.029579255943443256,0.041727278098189345,False,no_gt20km_flag,retain_all_documented_records_no_arbitrary_exclusion
26255,33,349,160,0.38507765229202506,1.1311015062664045,10.520297864619517,0.069899212359309182,0.16344017928188831,False,no_gt20km_flag,retain_all_documented_records_no_arbitrary_exclusion
26256,1,29,22,0.28121208798796199,0.64848374360734173,4.2763544231349728,0.10037949649489004,0.07027322850460925,False,no_gt20km_flag,retain_all_documented_records_no_arbitrary_exclusion
26260,1,65,49,0.38190776577012181,0.59852204219421934,4.5534595424232824,0.22959108720927993,0.083237270758170556,False,no_gt20km_flag,retain_all_documented_records_no_arbitrary_exclusion
26261,10,58,41,0.1892289421182918,0.51578965381881214,0.5486862587429403,0.06024473557183619,0.035834556925365323,False,no_gt20km_flag,retain_all_documented_records_no_arbitrary_exclusion
26262,4,51,34,2.4270912884313844,3.5785449006345722,5.5108438410194776,1.5542266873766806,1.442535630906489,False,no_gt20km_flag,retain_all_documented_records_no_arbitrary_exclusion
26263,9,62,42,0.39327096711477549,0.87190586255052649,17.38848323347684,0.21662456660828575,0.1899316171128855,False,no_gt20km_flag,retain_all_documented_records_no_arbitrary_exclusion
26265,8,76,57,0.53049682810572041,0.90233917338767089,11.124552293760468,0.37139076355549921,0.14119405237778468,False,no_gt20km_flag,retain_all_documented_records_no_arbitrary_exclusion
26266,1,8,8,0.25230111688517326,0.34858037947128617,0.38229128482098579,0.10897662911245165,1.3044801413010264e-12,False,no_gt20km_flag,retain_all_documented_records_no_arbitrary_exclusion
26270,2,17,14,0.59331222013960272,0.84048421745850965,0.91909966994017545,0.075924253018779961,0.12713844033607613,False,no_gt20km_flag,retain_all_documented_records_no_arbitrary_exclusion
26271,3,45,40,0.67623489816753135,1.1951759946153875,12.313920778210232,0.54611021264993709,0.24788547757242679,False,no_gt20km_flag,retain_all_documented_records_no_arbitrary_exclusion
26272,2,15,15,0.3643992094052832,0.56730712452226217,0.6387339319816715,0.266007608270459,9.6214647078269202e-13,False,no_gt20km_flag,retain_all_documented_records_no_arbitrary_exclusion
26275,3,63,52,1.7255497664149808,5.5346254754963917,14.801720752872898,1.2442864835008962,0.35624542951820887,False,no_gt20km_flag,retain_all_documented_records_no_arbitrary_exclusion
26276,8,69,58,0.57920464472757593,3.3143691774029653,6.2398938217722799,0.19074642591925617,0.19138351039816201,False,no_gt20km_flag,retain_all_documented_records_no_arbitrary_exclusion
26277,7,70,61,1.780661651848662,3.5107186755193891,12.979256512098603,0.95149259917988949,0.14283955752344482,False,no_gt20km_flag,retain_all_documented_records_no_arbitrary_exclusion
26278,3,24,18,0.39439241671427461,0.68039141607092324,5.627400739734175,0.37965845310579638,0.070117129020138086,False,no_gt20km_flag,retain_all_documented_records_no_arbitrary_exclusion
26279,3,32,29,0.44964170805355552,0.72000120283595215,1.0014455406640121,0.044001296399599849,0.015096728385639328,False,no_gt20km_flag,retain_all_documented_records_no_arbitrary_exclusion
26280,5,98,86,0.66395579895707124,1.4076261158013916,3.5934213388574658,0.17827364561320735,0.022797857892682894,False,no_gt20km_flag,retain_all_documented_records_no_arbitrary_exclusion
26281,4,54,48,0.5292235414168146,0.87783425875133658,7.7531202286140486,0.3865845602616762,0.15187061183997624,False,no_gt20km_flag,retain_all_documented_records_no_arbitrary_exclusion
26282,2,40,38,0.57925039305558834,1.3384729925217322,13.461732986241067,0.5547361977027333,0.048690401098154493,False,no_gt20km_flag,retain_all_documented_records_no_arbitrary_exclusion
26285,10,136,108,0.53122392558588682,1.0119207591593971,6.6198456645109793,0.11111420327798491,0.029804274507647541,False,no_gt20km_flag,retain_all_documented_records_no_arbitrary_exclusion
26286,8,65,56,0.43040480466183884,0.76514075674202264,1.6623750704519409,0.13070515686868711,0.013553483110233206,False,no_gt20km_flag,retain_all_documented_records_no_arbitrary_exclusion
26290,12,73,62,0.58473589435896778,1.7627961396702498,2.5936122496098757,0.30084643112949877,0.013563240378792791,False,no_gt20km_flag,retain_all_documented_records_no_arbitrary_exclusion
26291,4,111,90,1.3126108057326635,2.6775203870852051,11.753905998396206,0.77392166273513474,0.021340207487849379,False,no_gt20km_flag,retain_all_documented_records_no_arbitrary_exclusion
26292,6,16,15,0.82793372185024461,1.5496837561589376,5.1685535322805727,0.64562093820904887,0.084180044276534485,False,no_gt20km_flag,retain_all_documented_records_no_arbitrary_exclusion
26293,1,14,14,0.56274930245421151,1.7420155336042802,2.0594891119108851,0.41516789812716387,3.5366203299247443e-13,False,no_gt20km_flag,retain_all_documented_records_no_arbitrary_exclusion
26296,3,16,13,1.6407139077733073,2.0901955953832552,16.212173622615552,1.3936337245062016,0.31314531555037417,False,no_gt20km_flag,retain_all_documented_records_no_arbitrary_exclusion
26297,3,43,42,1.2526996881794663,2.1696949866065323,26.349088502388124,1.001083339871786,0.030383407300415888,True,inconsistency_not_proven_uncertain,retain_all_documented_records_no_arbitrary_exclusion
26298,5,66,61,3.6757297900943966,17.788024620912243,19.028310623213468,2.487755490609429,0.83824885958772122,False,no_gt20km_flag,retain_all_documented_records_no_arbitrary_exclusion
26299,1,13,11,0.71600474712059081,1.4454552567560004,1.6793153741122486,0.2269452116771894,0.049435315474320805,False,no_gt20km_flag,retain_all_documented_records_no_arbitrary_exclusion
26310,9,79,55,0.35496030830250763,0.76566200131000339,3.7410378505592012,0.13276092467493852,0.04821655532194967,False,no_gt20km_flag,retain_all_documented_records_no_arbitrary_exclusion
26311,2,48,31,0.57699085048181464,1.9991509763766759,2.5612851578975593,0.13840740235694657,0.36156875925321902,False,no_gt20km_flag,retain_all_documented_records_no_arbitrary_exclusion
26313,4,26,23,0.45080557387539094,0.76524600553081146,0.88384152943278371,0.1107239930410551,0.049117980264600437,False,no_gt20km_flag,retain_all_documented_records_no_arbitrary_exclusion
26315,2,12,11,0.55102943509696789,0.78843905633744515,1.7257245278044637,0.12496145160021925,0.01153227898555256,False,no_gt20km_flag,retain_all_documented_records_no_arbitrary_exclusion
26316,1,6,6,0.55245321335896524,1.0787493317717407,1.462274517296227,0.24528709982442098,7.0732406598494886e-13,False,no_gt20km_flag,retain_all_documented_records_no_arbitrary_exclusion
26320,3,26,17,0.82603455670151893,1.0535703647157029,2.4475983763467206,0.21369248642466723,0.40037146720367323,False,no_gt20km_flag,retain_all_documented_records_no_arbitrary_exclusion
26321,2,14,13,0.25063566071817939,0.52984285084047933,0.53924613505570951,0.073736459952327929,0.040718131732366193,False,no_gt20km_flag,retain_all_documented_records_no_arbitrary_exclusion
26323,6,48,34,0.77534786044903559,2.1307296839322594,3.8851952240227123,0.41869753601381016,0.06074923901955534,False,no_gt20km_flag,retain_all_documented_records_no_arbitrary_exclusion
26325,3,31,29,0.4623562941632644,1.3098228674802208,3.2516802830576497,0.085301621913490597,0.026513557703308838,False,no_gt20km_flag,retain_all_documented_records_no_arbitrary_exclusion
26330,2,8,8,0.33498554392264257,1.0609402821927352,1.0611972539179872,0.18724979567872069,3.5366203299247443e-13,False,no_gt20km_flag,retain_all_documented_records_no_arbitrary_exclusion
26380,1,23,20,0.72958250703724814,0.91774280716807832,2.0830947306732122,0.20349552863694834,0.060428657621307745,False,no_gt20km_flag,retain_all_documented_records_no_arbitrary_exclusion
26381,3,44,41,0.57552682760451912,0.96942840511564132,1.7424179687146093,0.1808953044040961,0.046046158032722988,False,no_gt20km_flag,retain_all_documented_records_no_arbitrary_exclusion
26382,1,6,5,0.88522827406147009,0.90751373436084415,0.90751373436084415,0.24203692446179786,0.18150052149404541,False,no_gt20km_flag,retain_all_documented_records_no_arbitrary_exclusion
26383,8,131,110,0.64644529239134485,1.0208610232561524,2.5139667044715805,0.18463024899812103,0.01822472758799628,False,no_gt20km_flag,retain_all_documented_records_no_arbitrary_exclusion
26385,6,43,33,0.45585601687101407,1.2981414671057239,2.163583909640256,0.078190680527382081,0.038519212927504834,False,no_gt20km_flag,retain_all_documented_records_no_arbitrary_exclusion
26413,1,13,13,0.98500340199332226,1.6018880618198972,1.6758448641976931,0.24635906467454771,0,False,no_gt20km_flag,retain_all_documented_records_no_arbitrary_exclusion
26420,2,22,20,1.0209533503602095,2.4437180199003952,4.6085732942192434,0.47330747324628114,0.19699612179366788,False,no_gt20km_flag,retain_all_documented_records_no_arbitrary_exclusion
26423,1,23,17,0.44497927816104133,0.98839662260006345,1.1046417413813421,0.25137225008155845,0.063045813234212905,False,no_gt20km_flag,retain_all_documented_records_no_arbitrary_exclusion
26425,1,8,7,1.2424593231941876,1.3782446411697959,1.3841976301684091,0.34848868968059327,0.13302228928432069,False,no_gt20km_flag,retain_all_documented_records_no_arbitrary_exclusion
26430,3,14,10,0.41375546058258339,0.78907364029366356,1.540173983902444,0.29278022850922741,0.076884076995011763,False,no_gt20km_flag,retain_all_documented_records_no_arbitrary_exclusion
26433,4,25,22,0.38488088252403968,0.82149000098640457,1.150299846693519,0.14045524475602938,0.039224426946729417,False,no_gt20km_flag,retain_all_documented_records_no_arbitrary_exclusion
26435,4,50,45,0.49196214252009041,0.76467488152576435,1.1519643998442897,0.097789086137587633,0.03460315324687132,False,no_gt20km_flag,retain_all_documented_records_no_arbitrary_exclusion
26440,4,26,24,0.45389501212730454,1.0742079170708814,4.6994701673731933,0.2895654844642665,0.019200586270410869,False,no_gt20km_flag,retain_all_documented_records_no_arbitrary_exclusion
26443,2,11,9,1.1111508960511431,1.263631299548392,5.4866924424866044,0.34257417570233623,0.16296028983963959,False,no_gt20km_flag,retain_all_documented_records_no_arbitrary_exclusion
26445,3,24,22,0.50431964396257078,1.8594340963862905,1.9747164421753274,0.29548169026832483,0.049562505119170867,False,no_gt20km_flag,retain_all_documented_records_no_arbitrary_exclusion
26450,1,3,3,0.65758124905213466,1.1581757405481121,1.2833243634221063,0.62156322013927157,0,False,no_gt20km_flag,retain_all_documented_records_no_arbitrary_exclusion
26453,3,23,23,0.8332202217137793,3.908223121512556,6.0529355182878488,0.56289018288396553,0,False,no_gt20km_flag,retain_all_documented_records_no_arbitrary_exclusion
26455,1,16,14,0.63880800413434458,0.9133363822828624,1.6120696153554128,0.26049784669619019,0.011748339722780249,False,no_gt20km_flag,retain_all_documented_records_no_arbitrary_exclusion
26460,2,11,9,1.1344982110850694,5.5773830956043415,5.5773830956043415,0.83035802751112719,0.2523561589519126,False,no_gt20km_flag,retain_all_documented_records_no_arbitrary_exclusion
26470,1,6,6,0.88663324267414523,1.3176809904433853,1.4900968241457027,0.30292682338419374,3.5366203299247443e-13,False,no_gt20km_flag,retain_all_documented_records_no_arbitrary_exclusion
26480,1,1,1,0,0,0,0,0,False,no_gt20km_flag,retain_all_documented_records_no_arbitrary_exclusion
26510,21,174,139,0.50262060904366379,0.77263287530892777,1.1911796564279882,0.034720912149852873,0.049049210982734438,False,no_gt20km_flag,retain_all_documented_records_no_arbitrary_exclusion
26515,3,63,52,0.40659371050518922,0.6833680749711265,1.1958343468790305,0.052127177666529925,0.018242332591000898,False,no_gt20km_flag,retain_all_documented_records_no_arbitrary_exclusion
26520,17,200,165,0.42154168027233829,0.99275247201360228,23.53991827185579,0.063310438747735745,0.024887705817689138,True,inconsistency_not_proven_uncertain,retain_all_documented_records_no_arbitrary_exclusion
26521,6,39,35,0.36944015691076243,0.47764711085095696,0.51955316496025983,0.027693370095874806,0.037323598798899654,False,no_gt20km_flag,retain_all_documented_records_no_arbitrary_exclusion
26525,20,163,131,0.40039767947713839,0.5853399723670818,1.2841490113055374,0.010152624344782379,0.0041379066699863834,False,no_gt20km_flag,retain_all_documented_records_no_arbitrary_exclusion
26526,2,15,12,0.1220737899253703,0.17939496445360836,0.22135120931695446,0.028288787209641463,0.011316167580344158,False,no_gt20km_flag,retain_all_documented_records_no_arbitrary_exclusion
26530,8,89,78,0.36253263389669005,0.57465841707376342,0.71317906389302022,0.10799919304430297,0.0077046863101377337,False,no_gt20km_flag,retain_all_documented_records_no_arbitrary_exclusion
26535,10,108,99,0.4747606694927119,0.6924565918603458,0.82627319012984168,0.053325884069317285,0.011961320965326898,False,no_gt20km_flag,retain_all_documented_records_no_arbitrary_exclusion
26540,7,111,91,0.4654947632232056,0.71715584786435194,1.0306007059478108,0.10993697179377324,0.047418068419668905,False,no_gt20km_flag,retain_all_documented_records_no_arbitrary_exclusion
26545,9,82,71,0.64320820060130501,0.86317133496207465,1.0695884687607948,0.11413312022653328,0.052899740107192887,False,no_gt20km_flag,retain_all_documented_records_no_arbitrary_exclusion
26550,4,51,40,0.30360986717732846,0.46570918475122308,1.2068745976613819,0.03854098115775649,0.030262950908414504,False,no_gt20km_flag,retain_all_documented_records_no_arbitrary_exclusion
26551,10,94,78,0.38924664901032502,0.69726757700784248,1.9094652738432176,0.045046460132095054,0.039513836976300544,False,no_gt20km_flag,retain_all_documented_records_no_arbitrary_exclusion
26553,6,113,100,0.70111386795032848,1.3540285586405825,1.9681848503934145,0.22106690640646851,0.0047154993070575562,False,no_gt20km_flag,retain_all_documented_records_no_arbitrary_exclusion
26554,4,32,31,0.35137672206675319,0.75608134856858211,0.86530497469382361,0.13592094394293486,0.019886273334467186,False,no_gt20km_flag,retain_all_documented_records_no_arbitrary_exclusion
26556,4,31,28,0.3324572130975666,0.57390223082188374,0.8744106850615645,0.091877971735300115,0.018523695498675056,False,no_gt20km_flag,retain_all_documented_records_no_arbitrary_exclusion
26557,2,13,9,0.20173607044273525,0.2451130891822266,0.40900999927455084,0.092605286816200227,0.018977768006475843,False,no_gt20km_flag,retain_all_documented_records_no_arbitrary_exclusion
26560,4,35,32,0.3569479446503166,0.56139607233460231,0.7613882662189656,0.041795400355348108,0.0047915239238978963,False,no_gt20km_flag,retain_all_documented_records_no_arbitrary_exclusion
26562,8,69,61,0.33912547521208436,0.55985256532797723,0.68358146859485669,0.03482687834871756,0.030144459164969536,False,no_gt20km_flag,retain_all_documented_records_no_arbitrary_exclusion
26564,6,59,43,0.29714455427840325,0.54069717731566702,1.9088882686590469,0.10866344207660635,0.091624252909613443,False,no_gt20km_flag,retain_all_documented_records_no_arbitrary_exclusion
26570,2,28,24,0.36279774957194039,0.80056191286683487,1.3943012105061816,0.11288670943393807,0.0090318480291194745,False,no_gt20km_flag,retain_all_documented_records_no_arbitrary_exclusion
26572,4,33,29,0.58157842522070524,1.4537385699208611,3.3724225892322992,0.13473358241446032,0.10194079063538823,False,no_gt20km_flag,retain_all_documented_records_no_arbitrary_exclusion
26574,4,50,45,0.29537101401055421,0.81110822692416096,1.1948802671312468,0.14052763845572289,0.014951214444245532,False,no_gt20km_flag,retain_all_documented_records_no_arbitrary_exclusion
26580,5,53,47,0.28630160404649607,0.50339002331579452,0.90992996695312267,0.017646331838490865,0.017168572085697227,False,no_gt20km_flag,retain_all_documented_records_no_arbitrary_exclusion
26582,5,95,60,0.21387318302540112,0.4146839194973358,1.7424374755510861,0.086407136621547712,0.034151434903002598,False,no_gt20km_flag,retain_all_documented_records_no_arbitrary_exclusion
26584,2,30,26,0.33791011758477585,0.45354446842387347,1.950818215703872,0.096915742805030042,0.018244801876325822,False,no_gt20km_flag,retain_all_documented_records_no_arbitrary_exclusion
26585,3,41,36,0.47669626167638091,1.1275344775310689,4.162190705583626,0.10891472685672798,0.016582528616296159,False,no_gt20km_flag,retain_all_documented_records_no_arbitrary_exclusion
26587,2,43,35,0.47662896352879125,0.74769681236606422,1.1395840455817543,0.064056544671530963,0.0038894513625057996,False,no_gt20km_flag,retain_all_documented_records_no_arbitrary_exclusion
26600,35,356,236,1.3666263285457452,2.4509738105446472,7.8591594642921088,0.0899844440717531,0.22849399544324273,False,no_gt20km_flag,retain_all_documented_records_no_arbitrary_exclusion
28680,19,180,132,0.93959861741289141,2.9033245400918513,16.84739239501096,0.57378645849265142,0.31728304516979333,False,no_gt20km_flag,retain_all_documented_records_no_arbitrary_exclusion
28695,1,60,53,0.6820994210628526,1.6327364168510454,31.797476058051458,0.45021743735110054,0.079356081297522904,True,inconsistency_not_proven_uncertain,retain_all_documented_records_no_arbitrary_exclusion
28800,27,327,276,0.9313178637647116,2.5624163337767984,6.3022670607416797,0.1583927782671935,0.017141867484876776,False,no_gt20km_flag,retain_all_documented_records_no_arbitrary_exclusion
