radius_km,K,seed,seed_group,runtime_s,checkpoint,N_orders,required_orders,covered_orders,uncovered_orders,coverage_pct,feasible,coverage_margin_orders,weighted_mean_km,p95_km,p99_km,max_km,native_max_km,reassigned_prefixes,reassigned_orders
3,77,0,sensitivity_30,0.13941889995476231,2c2723cc9733ffc302279f33a66ac97fdfebd907b3a39257132783295665bb07,9691,9207,9057,634,93.457847487359402,False,-150,1.3775875291795798,3.1104087330439394,4.132859950864777,15.264598378487985,15.264598378487985,6,66
3,77,1,sensitivity_30,0.13850429997546598,39cc247641ce91a5b7b22ebd566194a1e6be538c700805e4f7c69f959decf855,9691,9207,9149,542,94.407181921370338,False,-58,1.3744129043606268,3.0701250666533686,4.4456925968768362,12.996052512646255,12.996052512646255,4,8
3,77,2,sensitivity_30,0.13397269998677075,cfc924f94db9811628cd121dfd5b759f7790ecccad4a9e7012eb72d96560feee,9691,9207,9061,630,93.499122897533795,False,-146,1.3603124300355238,3.1128798054399769,4.484074256278153,14.252581573122306,14.252581573122306,0,0
3,77,3,sensitivity_30,0.12897569994674996,deadaddfa38d538eba8d451f07c0ebba59b82ef01ccd6c3ec4f69d6482ced81f,9691,9207,9139,552,94.30399339593437,False,-68,1.3638288342828078,3.0808484268894514,4.5536634220903371,12.996052512646255,12.996052512646255,2,4
3,77,4,sensitivity_30,0.12414649996208027,e6352478fab50c4faa3a14d7aa10fae62574b37797caed6e3a3c6500e3190e89,9691,9207,9159,532,94.51037044680632,False,-48,1.3887585053489162,3.0878663780958178,4.4477333153432399,12.996052512646255,12.996052512646255,7,93
3,77,5,sensitivity_30,0.11059699999168515,4532696c891a9a35de3f244c2acf2567c8c584d2ee55a78d4bb2961f2825f6c8,9691,9207,9130,561,94.211123723041993,False,-77,1.399722617088933,3.0434384786808457,4.2749863076457704,15.264598378487985,15.264598378487985,5,41
3,77,6,sensitivity_30,0.095438599993940443,e13d7b8d5edf14a960821c67cb1dddec0093b4aff26480fb6ca50473597c09b6,9691,9207,9242,449,95.366835207924879,True,35,1.3701528158735288,2.9329825018177789,4.484074256278153,15.264598378487985,15.264598378487985,4,60
3,77,7,sensitivity_30,0.096321500022895634,120f0a411272c307367902433530b4b45ac6911a71808ea2701cf922f6e39259,9691,9207,9182,509,94.747704055309043,False,-25,1.3712865882557028,3.0283930213251473,4.521005177378945,15.264598378487985,15.264598378487985,3,27
3,77,8,sensitivity_30,0.08617020002566278,f8a5ff11c0eb602a4c3512f5f7a6bd2f239c9dd571c6a3daecda209c1ef3f5f2,9691,9207,9087,604,93.76741306366732,False,-120,1.3473445331830072,3.1008884412732494,4.4136035033195276,12.996052512646255,12.996052512646255,3,22
3,77,9,sensitivity_30,0.077048399951308966,c3da2b4ff77b25a8c105d3cebb48ebe5417729c8df65ba7e20620db95e466022,9691,9207,9191,500,94.84057372820142,False,-16,1.3695665779000321,3.0685308316624256,4.0878838108665496,15.264598378487985,15.264598378487985,5,41
3,77,10,sensitivity_30,0.096392399980686605,cddbee958d69fa000c58bca8385debb9dbdf94a94d25c2a276c633093dd98c45,9691,9207,9089,602,93.788050768754516,False,-118,1.403345524228407,3.0701250666533686,4.082396785684189,12.613476937004437,12.613476937004437,2,3
3,77,11,sensitivity_30,0.079838000005111098,54d809b202740e6b4be65cc60970fc52591160eae4e442ebd1c179c76b7f10aa,9691,9207,9096,595,93.860282736559697,False,-111,1.3758864360575964,3.1470887991116245,4.429272905064094,12.996052512646255,12.996052512646255,3,15
3,77,12,sensitivity_30,0.078926999995019287,cd24711fae42e0e4639a839992724a87051fd3d84f1dc9e2e4bb581bfdddec05,9691,9207,9215,476,95.088226189247749,True,8,1.3668006960436951,2.9870604545371116,4.4894648725683126,15.264598378487985,15.264598378487985,2,22
3,77,13,sensitivity_30,0.10148710000794381,4a035042dd81bc4d974613bc70af42735503e7306e535a726c683f16437b1c95,9691,9207,9184,507,94.76834176039624,False,-23,1.3669886144098859,3.0701250666533686,4.6396461689112929,15.264598378487985,15.264598378487985,3,13
3,77,14,sensitivity_30,0.09328919998370111,b02059080477d561248f4b6e0c8c7e0af1b45720f572fd49c4e7bb51fc799332,9691,9207,9170,521,94.623877824785879,False,-37,1.3870652052178103,3.0701250666533686,4.300706258119904,12.996052512646255,12.996052512646255,2,5
3,77,15,sensitivity_30,0.084174599964171648,8a9c175dcf4407873b1f387e8efba27d2e016a5bdbaf5ad0294de62351a30ba4,9691,9207,9086,605,93.757094211123729,False,-121,1.3732488763416293,3.085367775005313,4.3667375768626373,12.996052512646255,12.996052512646255,3,11
3,77,16,sensitivity_30,0.08376690000295639,535af80218cb7edfe1eab80bd834867e2aebe03b24750027e40d4fc80fa7794d,9691,9207,9121,570,94.118254050149616,False,-86,1.3752239521752767,3.0701250666533686,4.2749863076457704,15.264598378487985,15.264598378487985,0,0
3,77,17,sensitivity_30,0.095481399970594794,8a04b30ec479d6ea2341cc16ebed937c6562fcefe2913130b992e4073d9f7f51,9691,9207,9142,549,94.334949953565157,False,-65,1.3806911773292483,3.0701250666533686,4.5275131984333621,12.613476937004437,12.613476937004437,5,18
3,77,18,sensitivity_30,0.087688300001900643,78bbf26affd571746d203d2e79ed4c12bd384bbd5d8f65683adea526086d03dd,9691,9207,9125,566,94.159529460324009,False,-82,1.3516931887118737,3.1086935676463208,4.7391773320644228,12.996052512646255,12.996052512646255,6,48
3,77,19,sensitivity_30,0.10440120002022013,dd798acc0839065c9925f568f6ab3fb17d4531771320511b96d143ad8b0859b1,9691,9207,9072,619,93.612630275513368,False,-135,1.3881481160459195,3.1080687460247374,4.3291404632934514,12.526406961586767,12.526406961586767,4,36
3,77,20,sensitivity_30,0.09498559997882694,23a532daf400fadc261c9b95c9c2716e662daa7d83938fb174e26d56dd46cc10,9691,9207,9061,630,93.499122897533795,False,-146,1.3494433118934968,3.2014144263726254,4.5189078786914401,15.264598378487985,15.264598378487985,4,10
3,77,21,sensitivity_30,0.086258199997246265,af6ca52e4e74d36fcd843ba2267cd25e58da31370c48124aee0c93a6b6c025db,9691,9207,9193,498,94.861211433288616,False,-14,1.3628517882887554,3.0387818029141056,4.484074256278153,12.996052512646255,12.996052512646255,1,1
3,77,22,sensitivity_30,0.10808149998774752,5075260b6e1b2533b7deb9e780b7754755bc2ec7f574c59c635305a33e4b0528,9691,9207,9102,589,93.922195851821272,False,-105,1.3641352490620295,3.100402369239553,4.7920657445379033,15.264598378487985,15.264598378487985,2,24
3,77,23,sensitivity_30,0.10825269995257258,ffba1f7fda71019753b4c0026c71663408c96177999fe92b049b0b12aef7ac56,9691,9207,9112,579,94.025384377257254,False,-95,1.4026802645300283,3.0899753199513231,4.2749863076457704,12.996052512646255,12.996052512646255,2,22
3,77,24,sensitivity_30,0.1035363000119105,47c2df7c5c4fa52bfb10e2531619db1924861f0b25ede169aaa397a1bd07c79b,9691,9207,9206,485,94.995356516355386,False,-1,1.3811015094063415,3.0098549958790919,4.4646427774783799,12.996052512646255,12.996052512646255,3,11
3,77,25,sensitivity_30,0.096276800031773746,e0eb75d7b3553d663dd131cfb0fa3db013adb6a6517737eecc486b8fbe364a88,9691,9207,9222,469,95.160458157052929,True,15,1.3776040611982765,2.9664655290610158,4.7412052603852377,15.264598378487985,15.264598378487985,2,7
3,77,26,sensitivity_30,0.10612890002084896,44d02511286ab446ef7b1bff713bab714235cf946a4f496c866599dfb6abf7be,9691,9207,9208,483,95.015994221442583,True,1,1.3936492646445082,2.9896870398123316,4.1300355950678069,15.264598378487985,15.264598378487985,2,40
3,77,27,sensitivity_30,0.10002189996885136,a96d5a367dbc873e839566cd5fbc0014e637264f6b12127cdb440ec25a0e789a,9691,9207,9153,538,94.448457331544731,False,-54,1.3729959701918668,3.0701250666533686,4.4037032965854852,15.264598378487985,15.264598378487985,1,2
3,77,28,sensitivity_30,0.10681530000874773,53a9ed0e789227da6534ca97d5936ecf437c0f60691d017d2001d7242776965a,9691,9207,9113,578,94.035703229800845,False,-94,1.378130423097125,3.0701250666533686,4.6509127688008958,12.996052512646255,12.996052512646255,3,22
3,77,29,sensitivity_30,0.093262199952732772,c7216f1cc6fa2e0c37d6bd488f31e14ee8732bfd17aa3f4a486cbb5e76be690c,9691,9207,9177,514,94.696109792591059,False,-30,1.3742046342268441,3.0701250666533686,4.4194767361180407,15.264598378487985,15.264598378487985,0,0
3,77,42,legacy_representative,0.13683160004438832,5a8b5a623cb3ddfd0be5eea1932bce89c3e930249173f59cebcbd610bfb672b6,9691,9207,9101,590,93.911876999277681,False,-106,1.3833759388340097,3.0928100159266556,4.5307061233848538,12.996052512646255,12.996052512646255,7,42
3,78,0,sensitivity_30,0.13795599999139085,afd2767f4548ce1b0c5c2d1643972f5534590ff72761c687001905c48abdc0d8,9691,9207,9209,482,95.026313073986174,True,2,1.3547606124230696,2.9870604545371116,4.1304762773140427,12.996052512646255,12.996052512646255,6,22
3,78,1,sensitivity_30,0.14466239995090291,96628ad48536129c12b5cd9bdea5d16c8f22ee3e347c2731b7e16e350ea100e4,9691,9207,9176,515,94.685790940047468,False,-31,1.3689963329278025,3.0701250666533686,4.4456925968768362,12.996052512646255,12.996052512646255,4,8
3,78,2,sensitivity_30,0.12734040000941604,902bf5448a4c14363fe9deb47277ba989d2fb38278c6d9b732b49b5dea3e6b5a,9691,9207,9127,564,94.180167165411206,False,-80,1.3597979231487971,3.0737822973470448,4.2837858791026253,12.996052512646255,12.996052512646255,7,48
3,78,3,sensitivity_30,0.16595449997112155,451762dd4162d58c336234ef2a06cc59137545514a8178012dd1a5c17004de5e,9691,9207,9201,490,94.943762253637402,False,-6,1.4063809650150845,3.0171316097970005,4.3432740787523763,12.996052512646255,12.996052512646255,3,46
3,78,4,sensitivity_30,0.10061519994633272,195bfca6148251a6f15cd5477fbc47d7206d887c01fcffbe0866a7b549e990d0,9691,9207,9157,534,94.489732741719124,False,-50,1.3624423194830515,3.0701250666533686,4.3700119222599403,12.996052512646255,12.996052512646255,3,26
3,78,5,sensitivity_30,0.088999299972783774,75761a486b0e691079c417813b7b8f06eb85b7821ba2ee62cec8def4c4f66ca0,9691,9207,9184,507,94.76834176039624,False,-23,1.3886873412212299,3.0701250666533686,4.0312385361357235,12.996052512646255,12.996052512646255,6,37
3,78,6,sensitivity_30,0.091785199998412281,f10f3ac1050a3100cb2e5ef409f386a7e33597ae5905658f9e151286d711a425,9691,9207,9120,571,94.107935197606025,False,-87,1.3764683842823862,3.1301838662498254,4.1246579425601606,12.5882156677179,12.5882156677179,4,5
3,78,7,sensitivity_30,0.10534559999359772,9da4058530b2168ec12a433324e0c6a3a39e01054f87fea673a2a4cf9c1ca8c4,9691,9207,9155,536,94.469095036631927,False,-52,1.3630402057472624,3.0794257905953502,4.6427076994777208,12.5882156677179,12.5882156677179,3,27
3,78,8,sensitivity_30,0.12277730001369491,6542e52bf913edd55282e7bcee43b4e2025c6609014e34b5f19ff65ab9e64eae,9691,9207,9103,588,93.932514704364877,False,-104,1.3663301775879766,3.092098208549618,4.4015605758911418,12.613476937004437,12.613476937004437,4,47
3,78,9,sensitivity_30,0.13354730000719428,164f9afba016358d453d655d52a0db8b7ca4f4cb27750463968511a48b6b2900,9691,9207,9148,543,94.396863068826747,False,-59,1.3625933719149095,3.0696384068904585,4.300706258119904,12.996052512646255,12.996052512646255,7,116
3,78,10,sensitivity_30,0.11374010000145063,8d1fdc4c5ad7f5580702f87a71de1995104e92d2babb6dfd85a053d86632036b,9691,9207,9257,434,95.521617996078831,True,50,1.3590915351832225,2.9450313283647498,3.9034098995896769,12.996052512646255,12.996052512646255,2,11
3,78,11,sensitivity_30,0.1014267000136897,55242ac3ce2bf3cd492fdcec14cf480096aeea52b32408c6f5c39dce643a236e,9691,9207,9150,541,94.417500773913943,False,-57,1.372588806924129,3.0701250666533686,4.2801897314616673,15.264598378487985,15.264598378487985,2,4
3,78,12,sensitivity_30,0.091428500018082559,721136eed32839e1c4b02ece9338a65489fcef5feaa765d54139f21047302c76,9691,9207,9276,415,95.717676194407176,True,69,1.3678185857214848,2.9587498919312316,4.484074256278153,15.264598378487985,15.264598378487985,1,8
3,78,13,sensitivity_30,0.091049800044856966,1987a9ebaf548fbb946f6011d65edb24febd8125986876fe503d206a408d7c0b,9691,9207,9144,547,94.355587658652354,False,-63,1.3625208998268619,3.0701250666533686,4.4293898568969396,12.996052512646255,12.996052512646255,3,18
3,78,14,sensitivity_30,0.10430240002460778,f3a97129fd6555797f8514bd785648ce93928233c6ca06e92dfe94bd2cf0b6c3,9691,9207,9104,587,93.942833556908468,False,-103,1.3763366335115903,3.100402369239553,4.2749863076457704,15.264598378487985,15.264598378487985,7,27
3,78,15,sensitivity_30,0.095073700009379536,71871ef4c19bb19debbd1fc5ae107f5478f1b97095f8a7a9ef54b6b13c32a8a5,9691,9207,9167,524,94.592921267155091,False,-40,1.3811829601788825,3.0701250666533686,4.3667375768626373,12.996052512646255,12.996052512646255,4,27
3,78,16,sensitivity_30,0.091495400003623217,8e4a43a3a422a13b6a14f19d3a3de5310c16a8b425f770e58c81de750c4216d7,9691,9207,9128,563,94.190486017954797,False,-79,1.3577588053694636,3.0894398557316025,4.4518789227298159,12.613476937004437,12.613476937004437,5,39
3,78,17,sensitivity_30,0.095598299987614155,4fdfec6a5e70951469764cea05392026649387ea7062a8f4d26b096345f3dded,9691,9207,9160,531,94.520689299349911,False,-47,1.3489161041694788,3.0576948090983773,4.4194767361180407,15.264598378487985,15.264598378487985,5,46
3,78,18,sensitivity_30,0.10258339997380972,95524eaadd89581e16db93d2c948d27cac2afb67a054e1d2af261e7e03e2f2d6,9691,9207,9033,658,93.210195026313073,False,-174,1.3667332936793828,3.1606938226588408,4.2738549649511013,12.996052512646255,12.996052512646255,4,30
3,78,19,sensitivity_30,0.11064009997062385,4c05b8b795d2692c07e2d733eaf5411dbda190afc7a6e80a8331979538ec2dfc,9691,9207,9107,584,93.97379011453927,False,-100,1.3605790107455251,3.0701250666533686,4.6164760176432127,12.996052512646255,12.996052512646255,4,35
3,78,20,sensitivity_30,0.13603770005283877,ed17d24711ccef6ffa19b886c16be7da55c55d83367e311ed2597e4f467c4f6f,9691,9207,9141,550,94.324631101021566,False,-66,1.3508073537408232,3.0701250666533686,4.3667375768626373,12.996052512646255,12.996052512646255,3,4
3,78,21,sensitivity_30,0.13672420004149899,90d8d55f7d8d663dfee9b1af5c05fb33703b1ff4f6e01928e70118d09cd7cdcc,9691,9207,9068,623,93.571354865338975,False,-139,1.3671746766117061,3.0730164195468341,4.5536634220903371,12.996052512646255,12.996052512646255,4,22
3,78,22,sensitivity_30,0.13541290001012385,46c89fa405fc9a69a0d995c5eb3d55d8fceb296be55fb02cfe71d2d233ec95c1,9691,9207,9119,572,94.097616345062434,False,-88,1.3783508941979019,3.0701250666533686,4.1559083071441147,12.613476937004437,12.613476937004437,4,10
3,78,23,sensitivity_30,0.11399330000858754,6d135d7425a8654792eae36e36eaae85c96c26cdf881ffaf3091d4608d616c55,9691,9207,9075,616,93.643586833144155,False,-132,1.3575714767418314,3.085367775005313,3.8459085147800738,12.996052512646255,12.996052512646255,2,7
3,78,24,sensitivity_30,0.11061989999143407,50254bbb4ce7fbe7e6fcf1b06796bb0fbcbe6a0b5df28253aab6d2030e38f211,9691,9207,9131,560,94.221442575585598,False,-76,1.3656434011506315,3.0744496826807719,4.2749863076457704,12.613476937004437,12.613476937004437,6,80
3,78,25,sensitivity_30,0.1135140000260435,87df457654afceaaffa80c0ff5bad17918237dbd024f56c14128ee12a4d11eb2,9691,9207,9232,459,95.263646682488911,True,25,1.3595897943008119,2.9329825018177789,4.4194767361180407,14.026535802652818,14.026535802652818,5,75
3,78,26,sensitivity_30,0.10968789999606088,890f73e2c26c536fe8bb0686c466c10d7197665da697226098a64f25c04eb522,9691,9207,9167,524,94.592921267155091,False,-40,1.3660170063084582,3.0676665345752303,4.7052736705181317,12.996052512646255,12.996052512646255,6,58
3,78,27,sensitivity_30,0.10433450003620237,b0487bb011b435c912136bd6b1b184c40f43823e09412fa23e56ffe604b5cde8,9691,9207,9162,529,94.541327004437107,False,-45,1.3758506719907047,3.0701250666533686,4.2749863076457704,15.264598378487985,15.264598378487985,3,28
3,78,28,sensitivity_30,0.090361100039444864,0c35d4e8f043436bef1562f5e6ad18c675f9f6e9dfb5e6893c546e7a7dd2cd2a,9691,9207,9165,526,94.572283562067895,False,-42,1.3778684508769623,3.0701250666533686,4.5548392254249936,12.996052512646255,12.996052512646255,6,47
3,78,29,sensitivity_30,0.10538319998886436,524479853c845981dd6ec2106468fd642a221d48f2ff260933bce3b445bf474a,9691,9207,9157,534,94.489732741719124,False,-50,1.3789457436150632,3.0701250666533686,4.0100378574975943,12.996052512646255,12.996052512646255,6,32
3,78,42,legacy_representative,0.1177146999980323,729af313d614d477ba0c59886faeaf4d1dd10b275a19feab8cd250b9e7d36f01,9691,9207,9132,559,94.23176142812919,False,-75,1.3613133332105058,3.085367775005313,4.2749863076457704,15.264598378487985,15.264598378487985,1,5
3,79,0,sensitivity_30,0.11708599998382851,7310671ba7076e64f7310c8a43be74d52a6a987788b8bfabb130a413e08af424,9691,9207,9152,539,94.43813847900114,False,-55,1.3306547718472588,3.0705732561588777,4.484074256278153,12.996052512646255,12.996052512646255,3,7
3,79,1,sensitivity_30,0.11338789999717847,1968a2cae7474de1e8251e7c01adbfbe1e1ab71878741dba63403a8db3e28e83,9691,9207,9211,480,95.04695077907337,True,4,1.349582031155836,2.9870604545371116,4.4456925968768362,12.996052512646255,12.996052512646255,3,4
3,79,2,sensitivity_30,0.12545240001054481,6cc4d54c12d825ff5a378c600d40681ebbe5c2b70f34788aa0195611a1d9408a,9691,9207,9224,467,95.181095862140126,True,17,1.3455800942299818,2.9870604545371116,4.3310781543721957,12.996052512646255,12.996052512646255,4,30
3,79,3,sensitivity_30,0.1521915000048466,092697419a08d2d0862621759c49beb358266d742f13455cda4fd1482816ba66,9691,9207,9193,498,94.861211433288616,False,-14,1.3553874238779593,3.0206359983694626,4.3799465369202482,12.613476937004437,12.613476937004437,4,34
3,79,4,sensitivity_30,0.14618199999677017,bb38e0a14d995c01cfedc5be4ac6b951181268df5e0c98add102c2e9fdf90e31,9691,9207,9189,502,94.819936023114224,False,-18,1.3513543915059549,3.0076925590598562,4.3419108841664444,12.996052512646255,12.996052512646255,5,36
3,79,5,sensitivity_30,0.14436680002836511,de88bacde79518b802b72d309562951169704f417b208f5b307d85f40765b574,9691,9207,9227,464,95.212052419770927,True,20,1.3373664764173854,2.9957899145983431,4.6104232642664549,15.264598378487985,15.264598378487985,5,58
3,79,6,sensitivity_30,0.14672540000174195,aedb064a78053e180affe4c341bc58ba7e947ceb839d67a00f3d27f9feb40e1a,9691,9207,9204,487,94.97471881126819,False,-3,1.3519211495732799,3.0030892091312253,4.3001012250889712,12.996052512646255,12.996052512646255,3,17
3,79,7,sensitivity_30,0.11884270003065467,b8c2e4b0afba008a864323cd625c830cf4b64681b8993691fd827aa42bd1839b,9691,9207,9119,572,94.097616345062434,False,-88,1.3718230670253377,3.1104087330439394,4.2749863076457704,15.264598378487985,15.264598378487985,3,20
3,79,8,sensitivity_30,0.14521599997533485,3493edfc276c30bb2b6b0e6e13fd3b223fc81f3a6ed3edaefe29340947c9b5cb,9691,9207,9164,527,94.561964709524304,False,-43,1.3659164602902396,3.0620141593491561,4.0174015379721606,12.996052512646255,12.996052512646255,3,53
3,79,9,sensitivity_30,0.1413446000078693,ceb2d98274b6e8e2fc1233cac60b2bc88044c9b84fdfe7dd098a4561046b288f,9691,9207,9126,565,94.169848312867614,False,-81,1.3503436442388117,3.0701250666533686,4.4037032965854852,14.252581573122306,14.252581573122306,3,6
3,79,10,sensitivity_30,0.14299590000882745,0e25c5d629a69b331d631573a87c4294f7eab49ac51bb0686846f29050e853b0,9691,9207,9113,578,94.035703229800845,False,-94,1.3340886174496247,3.1220803734443181,4.484074256278153,12.613476937004437,12.613476937004437,5,39
3,79,11,sensitivity_30,0.16140700003597885,154ca1008544c90bf88622ca72c9029b606147fe2e22c6b1d2603ce0306f9de3,9691,9207,9200,491,94.933443401093797,False,-7,1.3243590666606608,3.0108251579463681,4.429272905064094,12.996052512646255,12.996052512646255,7,46
3,79,12,sensitivity_30,0.14448229997651652,ebd4f9371e6200209b378934a9e155e61c938ef1b34dd28e5368a59542de5746,9691,9207,9314,377,96.109792591063879,True,107,1.3587323371249689,2.9266226330370477,4.3351415909614586,15.264598378487985,15.264598378487985,2,10
3,79,13,sensitivity_30,0.13885779998963699,4eb4291b3b72a5ff1bfbc4e6c43f9571ccee26947c314ec6455baac832f1fa1d,9691,9207,9165,526,94.572283562067895,False,-42,1.3534201538513462,3.0701250666533686,4.2749863076457704,15.264598378487985,15.264598378487985,5,57
3,79,14,sensitivity_30,0.1238341000280343,a499b385d929fd422dd1040f85270f0e2d02a1dab4f68a6e8f9d7fb7f6596ff0,9691,9207,9181,510,94.737385202765452,False,-26,1.3735787503009211,3.0387857731388586,3.9115222056522319,12.613476937004437,12.613476937004437,8,110
3,79,15,sensitivity_30,0.1207175999879837,b88b71989a4829e30e2684885e7c701fd869a3f89991b9487d7022a010b0f1d2,9691,9207,9073,618,93.622949128056959,False,-134,1.323791321392171,3.1284287093449321,4.3799465369202482,12.996052512646255,12.996052512646255,5,35
3,79,16,sensitivity_30,0.10372980003012344,7865325a3eba75bdda792738ddf15894d3d907c3d69b8e7ae335bc85bb1b3cc9,9691,9207,9132,559,94.23176142812919,False,-75,1.3476923490523032,3.0808484268894514,4.4518789227298159,12.613476937004437,12.613476937004437,6,41
3,79,17,sensitivity_30,0.11662639997666702,08f8c81448212e6cfb5c7dff6378cb16892bd62aaaab7319fe07e0e1290c69f2,9691,9207,9204,487,94.97471881126819,False,-3,1.3686005558950889,3.009510293982534,4.1327487828362077,12.996052512646255,12.996052512646255,2,11
3,79,18,sensitivity_30,0.12920909997774288,a5cadecdd91b5f6129b8dddfdb43317ecadd259096acb6928f2dad5c26542189,9691,9207,9180,511,94.727066350221861,False,-27,1.3284378125827287,3.051548532974091,4.5275131984333621,12.613476937004437,12.613476937004437,6,48
3,79,19,sensitivity_30,0.12446690001524985,1134ca4988562709505816653c1256475fe725bfc767050d6b5d7a8530a62f9a,9691,9207,9134,557,94.252399133216386,False,-73,1.364896292316061,3.0701250666533686,4.484074256278153,15.264598378487985,15.264598378487985,2,12
3,79,20,sensitivity_30,0.11016130005009472,81579dc1ad8645923d6801a824dca3fca826d5acb529499bedc9bfe7fc529552,9691,9207,9215,476,95.088226189247749,True,8,1.3336483350636836,2.9870604545371116,4.2749863076457704,15.264598378487985,15.264598378487985,2,3
3,79,21,sensitivity_30,0.11811070004478097,60ec5ac79337982a83a2851c3bb4f5347ead44398c0ec8bdd053a80c1f036e46,9691,9207,9214,477,95.077907336704158,True,7,1.346538461840521,2.9870604545371116,4.7237941976452733,12.996052512646255,12.996052512646255,5,35
3,79,22,sensitivity_30,0.091791799990460277,f63347a0f8e87c6f8b788804c05238a7c0ad20b2c31f8b070b5b450d0abf3ab1,9691,9207,9234,457,95.284284387576108,True,27,1.3438092093190142,2.9587498919312316,4.6421064587906038,15.264598378487985,15.264598378487985,3,17
3,79,23,sensitivity_30,0.095143899961840361,35375dc7a6bb10b365eb9fc3dba9341c18efb4286c5c3c615d7355ff9b7d0897,9691,9207,9145,546,94.365906511195959,False,-62,1.3471779599757034,3.085367775005313,4.2738549649511013,12.996052512646255,12.996052512646255,1,1
3,79,24,sensitivity_30,0.096723800001200289,7d70fd112808d16f543e2e53f91851d1e76f2a129fc99a07af30b8fef394c670,9691,9207,9092,599,93.819007326385304,False,-115,1.3639934716199369,3.092098208549618,3.9444826084683684,12.996052512646255,12.996052512646255,6,64
3,79,25,sensitivity_30,0.1082767000189051,c606838048382ec69b63f2d1f56e6a1701146b1dab4ff14c1809113dc2cbcc04,9691,9207,9099,592,93.891239294190484,False,-108,1.3535890135476416,3.100402369239553,4.2535002633975081,12.996052512646255,12.996052512646255,2,13
3,79,26,sensitivity_30,0.12129430001368746,51b937a6d6147f205c4bbaacfe0e4d86b2a45240647c1d156b46561df3baa410,9691,9207,9141,550,94.324631101021566,False,-66,1.3769625374850327,3.0701250666533686,4.1671975690008329,12.996052512646255,12.996052512646255,3,40
3,79,27,sensitivity_30,0.13423209998290986,23c826a488f0a095f4d34c9286f4cca8fec4ad68f0471a87092603e3acd7e0c7,9691,9207,9185,506,94.778660612939845,False,-22,1.3681236146700286,3.0696384068904585,3.9129820831033792,12.613476937004437,12.613476937004437,5,25
3,79,28,sensitivity_30,0.11918839998543262,c098ff40dbe03407c470390cfb2a9e79cfa637b6d155bb309e5042b5d7069f76,9691,9207,9155,536,94.469095036631927,False,-52,1.3709444341735397,3.085367775005313,4.4518789227298159,12.996052512646255,12.996052512646255,8,100
3,79,29,sensitivity_30,0.13452620001044124,5491f1e6d0fcf46180af71fb32a3735220518a3bb62498d5f906abbb0d7a15e1,9691,9207,9139,552,94.30399339593437,False,-68,1.3538488155321342,3.0693652058022169,4.2749863076457704,12.996052512646255,12.996052512646255,5,60
3,79,42,legacy_representative,0.13025739998556674,a227926e058cdcc91de86926a9a80501dbdaba8643ccbe4a4b22e8b76b88eee9,9691,9207,9139,552,94.30399339593437,False,-68,1.36536982152449,3.0701250666533686,4.2745214183248459,12.996052512646255,12.996052512646255,4,28
3,80,0,sensitivity_30,0.1659976999508217,8c6242e19ccbec761e24f2634d12601aebee19c5a028059dc6a68f998542dd08,9691,9207,9222,469,95.160458157052929,True,15,1.3638362161826403,2.9870604545371116,4.1327487828362077,12.996052512646255,12.996052512646255,2,9
3,80,1,sensitivity_30,0.11119159997906536,9e22630fa367124f19127f12b1c3c34c25f6f6eb3a52b19bad8f15af358703c8,9691,9207,9211,480,95.04695077907337,True,4,1.3383013342679835,2.9870604545371116,4.4456925968768362,12.996052512646255,12.996052512646255,3,4
3,80,2,sensitivity_30,0.12559509999118745,f8d7823ac2fe8e65e3eb9d88499df67bef0fea02bac2dad136aa3e3ac07b91d2,9691,9207,9178,513,94.706428645134665,False,-29,1.3415255749504489,3.0484625880454082,4.0145809373121537,12.996052512646255,12.996052512646255,4,22
3,80,3,sensitivity_30,0.13729030004469678,ab1e6ce1a70a98456f4dee958ae32b41f087a8fda0ce96b89ed0cf6f1f7daf15,9691,9207,9209,482,95.026313073986174,True,2,1.3494222065038168,2.9870604545371116,4.1077770843326444,15.264598378487985,15.264598378487985,2,9
3,80,4,sensitivity_30,0.092568500025663525,ff6df4c9ae1fadbe49dd31ee5bb123a3126eb5c6b78b636a413f44af95a53b28,9691,9207,9189,502,94.819936023114224,False,-18,1.3394762340837036,3.009510293982534,3.9835178486145915,12.996052512646255,12.996052512646255,1,2
3,80,5,sensitivity_30,0.10089830000652,fef0ef1a4fcdd462e1362af19ede3523b9d5bf707ff2ac96a4f799b0a86c0493,9691,9207,9249,442,95.439067175730059,True,42,1.3271469315935218,2.9699562928387682,4.6104232642664549,15.264598378487985,15.264598378487985,5,46
3,80,6,sensitivity_30,0.11929180001607165,09cb4eb726eeb50d1cdef1057487e99c10550dc2f5459d3b67a5d88960675063,9691,9207,9114,577,94.04602208234445,False,-93,1.3369761394393276,3.0826444263563597,4.3351415909614586,12.996052512646255,12.996052512646255,5,43
3,80,7,sensitivity_30,0.09965859999647364,5eef53dfb4ce7e4d1f255ba8fb917f9b2ec624560ba74b44ef983da9f56ca2dc,9691,9207,9183,508,94.758022907852649,False,-24,1.3439688705161128,3.0264831029974237,4.300706258119904,12.996052512646255,12.996052512646255,6,58
3,80,8,sensitivity_30,0.1142896999954246,82c39d7cad8b23c379147c125ba18969b0be2c9f30816286cbc0c9869ee71989,9691,9207,9151,540,94.427819626457534,False,-56,1.3320003319638141,3.0808484268894514,3.9855854008519054,12.996052512646255,12.996052512646255,2,3
3,80,9,sensitivity_30,0.12025310000171885,16be24a36ac246387df1806bd4892a6e2bcca2b7236234e9c3225c357f2b8057,9691,9207,9245,446,95.397791765555667,True,38,1.3405269400834803,2.9297588062199411,4.521005177378945,14.252581573122306,14.252581573122306,3,40
3,80,10,sensitivity_30,0.11919040000066161,44c6052a5f7e1563a513251fb2d9115365a6c972127eb1601c345c43f610acec,9691,9207,9269,422,95.645444226601995,True,62,1.3454109844275808,2.8767426191714374,3.9087265248665872,12.996052512646255,12.996052512646255,0,0
3,80,11,sensitivity_30,0.09117060003336519,59847997250a5d5015ab6db21d2978396414621747fa4d1f3d422d8d714cd24f,9691,9207,9145,546,94.365906511195959,False,-62,1.335277962324142,3.0701250666533686,4.1671975690008329,12.996052512646255,12.996052512646255,2,18
3,80,12,sensitivity_30,0.089027400012128055,c1503e1b910b2ff3584752d84793e33542589896802f2baf9c059d7590c12f93,9691,9207,9331,360,96.285213084305028,True,124,1.3470269176246397,2.9212388292516445,4.2749863076457704,15.264598378487985,15.264598378487985,1,8
3,80,13,sensitivity_30,0.089154699991922826,09a97f731e38603af82bcaa02b1d73f6d22c8e2adf345f036ff1b3241fd99f28,9691,9207,9198,493,94.9128056960066,False,-9,1.3461476106174675,3.0108251579463681,4.0747056218473521,15.264598378487985,15.264598378487985,3,30
3,80,14,sensitivity_30,0.080074199999216944,0377691ecfdfc36b52e5a91d4cb86b009b3502139a82170033e73d1ab311edc3,9691,9207,9222,469,95.160458157052929,True,15,1.3487380911190887,2.9700501199817304,4.4333740607309258,12.996052512646255,12.996052512646255,4,32
3,80,15,sensitivity_30,0.0933663000469096,70de9e3b74746610f4dadf32ced2b8ee8ee2db200278252fe9ce4eb8a186839a,9691,9207,9155,536,94.469095036631927,False,-52,1.3470154315117782,3.0701250666533686,4.8564612672037617,12.996052512646255,12.996052512646255,3,18
3,80,16,sensitivity_30,0.076046200003474951,b37da3e66db06308664491c22e024873854dca4657fb751b6ccfc910722e9368,9691,9207,9193,498,94.861211433288616,False,-14,1.3337311446148561,3.009510293982534,4.2697064648518381,12.613476937004437,12.613476937004437,6,41
3,80,17,sensitivity_30,0.07575590000487864,f9677237411e1f92813f548888c007470146474599efe6a7e3625208d28d7bf1,9691,9207,9225,466,95.191414714683731,True,18,1.3231114049838877,2.9870604545371116,4.5536634220903371,12.996052512646255,12.996052512646255,2,5
3,80,18,sensitivity_30,0.073273200017865747,f80d69fa7e23361b59f62257b371601f01c740810f2ea7897ec134bd1bab5566,9691,9207,9157,534,94.489732741719124,False,-50,1.3146867028121121,3.0899753199513231,4.7412052603852377,12.996052512646255,12.996052512646255,4,32
3,80,19,sensitivity_30,0.090346099983435124,523252d9685849ea8adea87f14580e3456c83575d1db99a4fbeda6c49586a006,9691,9207,9266,425,95.614487668971208,True,59,1.3448853166808392,2.9358858132986834,4.0760610323893154,14.252581573122306,14.252581573122306,0,0
3,80,20,sensitivity_30,0.092764200002420694,1c28817176da7413885caad333039f1b02a583ddacb27b863b1288af2f668425,9691,9207,9251,440,95.459704880817256,True,44,1.338028381830237,2.9296918575320041,4.4409256808514632,12.996052512646255,12.996052512646255,4,44
3,80,21,sensitivity_30,0.076307600014843047,5862aef8af6d62e15f32a615cb830ed9f4483492c8ef933e8f367bcdc8640fb9,9691,9207,9240,451,95.346197502837683,True,33,1.3332445809267504,2.9526125796724139,4.300706258119904,15.264598378487985,15.264598378487985,6,54
3,80,22,sensitivity_30,0.073528300039470196,bc99be78378d5f932de1bf1b7e2dddc440ff2652b1957c81937289298b2bb8b6,9691,9207,9125,566,94.159529460324009,False,-82,1.3519929450230943,3.0701250666533686,4.0115354998098853,12.996052512646255,12.996052512646255,4,23
3,80,23,sensitivity_30,0.078969500027596951,08973f3db834fea0d570901cbea101eade18e85d578f32db9760f3a2373bb29e,9691,9207,9129,562,94.200804870498402,False,-78,1.3360241426335275,3.0701250666533686,4.0295562215476659,12.996052512646255,12.996052512646255,2,28
3,80,24,sensitivity_30,0.076721300021745265,bce9d179e8134aecccfc1a9c92ac293ac4c71651b32f9c16df8775d2d79b5d62,9691,9207,9168,523,94.603240119698683,False,-39,1.3629505778962623,3.0316642759489079,4.0726496821973237,12.5882156677179,12.5882156677179,4,38
3,80,25,sensitivity_30,0.07512040005531162,9e03687fa9401883784b6251444353c93153fcdede8262404805db7c4b315e8f,9691,9207,9164,527,94.561964709524304,False,-43,1.3361185114527172,3.0701250666533686,4.2749863076457704,12.996052512646255,12.996052512646255,2,28
3,80,26,sensitivity_30,0.076344400004018098,cc7dccb22c8a033e1958a15420b8d8eaf14ab86b31e9ef4f2258c6c2dfe5909d,9691,9207,9239,452,95.335878650294092,True,32,1.3566020603847679,2.9450313283647498,4.0100378574975943,15.264598378487985,15.264598378487985,2,35
3,80,27,sensitivity_30,0.079741199966520071,d197bcfa6215832befd308b65b372c4847b218897a4328c80d5cfaa420cfe2c1,9691,9207,9190,501,94.830254875657829,False,-17,1.3507044654466238,3.009510293982534,4.2749863076457704,12.996052512646255,12.996052512646255,4,41
3,80,28,sensitivity_30,0.077168799994979054,388c4665a129deb1a2c46a4165283b5e2e74b19c895a12d7fe6923a59bc96b26,9691,9207,9241,450,95.356516355381288,True,34,1.3382818260753753,2.9703080116333997,4.4136035033195276,15.264598378487985,15.264598378487985,8,48
3,80,29,sensitivity_30,0.089101999998092651,e0307515d724e663e3bdfba553d194b84f2a505c35eab741183c36a75ce01b3b,9691,9207,9201,490,94.943762253637402,False,-6,1.3440693839122373,3.0163886748517146,4.4136035033195276,12.996052512646255,12.996052512646255,5,58
3,80,42,legacy_representative,0.14484490000177175,afc4feb539100ff09db81bfded281971e88ef6b756d1db381ae8cffd1abf7fe0,9691,9207,9170,521,94.623877824785879,False,-37,1.339432940660886,3.0654028174495873,4.2749863076457704,15.264598378487985,15.264598378487985,4,33
3,81,0,sensitivity_30,0.13801940000848845,40e4d3a9d10ade6a743bf1ba9b709dc440e4820424461715ce56201075980c26,9691,9207,9227,464,95.212052419770927,True,20,1.355063216352806,2.97440048668587,4.2749863076457704,12.996052512646255,12.996052512646255,6,30
3,81,1,sensitivity_30,0.12779410002985969,e8f6729d491b4ca0393c68ee2a6b134a011bbb007409b7919e3bd3ceb00b0e1b,9691,9207,9182,509,94.747704055309043,False,-25,1.3093618517888912,3.0701250666533686,4.3735397856412259,15.264598378487985,15.264598378487985,0,0
3,81,2,sensitivity_30,0.11747310002101585,561b3b1ec6681ff1219c69ceafada090aa14b53058bce1d60a065f2a4bfea109,9691,9207,9244,447,95.387472913012076,True,37,1.3366111617270424,2.9312883235143574,3.6072004889054101,12.613476937004437,12.613476937004437,1,27
3,81,3,sensitivity_30,0.11521760001778603,2af54509f5eff6253938fbf193521064e39dc9087fb534979bc4731324c5a737,9691,9207,9251,440,95.459704880817256,True,44,1.3320771654498018,2.9296918575320041,3.8555508481973924,12.613476937004437,12.613476937004437,6,32
3,81,4,sensitivity_30,0.07983629999216646,8d920c25c9743b1fe1eb0912def0ee7afc563b01d1f259cc1272e90b11bfba3b,9691,9207,9282,409,95.779589309668765,True,75,1.3255559794034251,2.8782961486114158,4.1482491626762501,15.264598378487985,15.264598378487985,5,24
3,81,5,sensitivity_30,0.093797700013965368,d96d303d0a190e7ccc3f83b201be42516ac6d863102b251634455d64ff699f6f,9691,9207,9217,474,95.108863894334945,True,10,1.3285962253049248,2.9728002822903927,4.1327487828362077,12.996052512646255,12.996052512646255,2,3
3,81,6,sensitivity_30,0.097375100012868643,29b47beb707388d1d388dc34c2efc63f246d98bc3c086288da522329aa337ce1,9691,9207,9143,548,94.345268806108763,False,-64,1.3286001133135363,3.0701250666533686,4.2749863076457704,12.613476937004437,12.613476937004437,2,22
3,81,7,sensitivity_30,0.10131459997501224,32d36f59bdb5663f3dc584bba4fed42e85601b41add617725c8ff9bf763cf667,9691,9207,9239,452,95.335878650294092,True,32,1.3416371514360241,2.9417296544135532,4.3001012250889712,15.264598378487985,15.264598378487985,4,20
3,81,8,sensitivity_30,0.089986799983307719,a03c026bbb89e85a058f391c5c1e91c94512257d1a6aadd3b408bbf99fdb3a1b,9691,9207,9156,535,94.479413889175518,False,-51,1.3311648161612697,3.0701250666533686,4.2749863076457704,12.996052512646255,12.996052512646255,7,73
3,81,9,sensitivity_30,0.096160900022368878,0fe896793207e93933129b4bed8cac7938fbbeb9dc815aa71bfd2cec0ef04ea1,9691,9207,9219,472,95.129501599422142,True,12,1.3324811368658207,2.9693785742295149,4.2801897314616673,12.996052512646255,12.996052512646255,6,37
3,81,10,sensitivity_30,0.090402400004677474,0171821b9a40f8c57c028bd449db2e679fd66628122089d7270e9607540758e1,9691,9207,9145,546,94.365906511195959,False,-62,1.3107315602465508,3.085367775005313,4.082396785684189,12.613476937004437,12.613476937004437,6,45
3,81,11,sensitivity_30,0.090707199997268617,e84213bd4e9ddbc6fafe90c8abe878ec434a70446fbc53a731168d7a264d386c,9691,9207,9255,436,95.500980290991649,True,48,1.3290485351012715,2.9157393649414476,4.2214474317446671,12.996052512646255,12.996052512646255,5,91
3,81,12,sensitivity_30,0.080348799994681031,4e3650194d0224de3b406ae841712382f48836eaa7c416ede72ab29666625e5b,9691,9207,9331,360,96.285213084305028,True,124,1.333518371334355,2.9212388292516445,4.2749863076457704,15.264598378487985,15.264598378487985,2,15
3,81,13,sensitivity_30,0.077379300026223063,193024d891a5346d670c35d96ddc7de2f61db1bfa94b1add44586bdc0d457367,9691,9207,9130,561,94.211123723041993,False,-77,1.361081491702842,3.085367775005313,4.2161761934675166,12.996052512646255,12.996052512646255,2,23
3,81,14,sensitivity_30,0.079048700048588216,0f618f6ab322599932a08ab760acf7013435c6a570f50d1f84119636d0654d71,9691,9207,9197,494,94.902486843463009,False,-10,1.3382025772714174,3.009510293982534,4.2331341454796796,15.264598378487985,15.264598378487985,5,26
3,81,15,sensitivity_30,0.095749100029934198,de5f98bc06522ab34865cf27cabea471ecd929b345aa50ca45582f2a70008751,9691,9207,9207,484,95.005675368898977,True,0,1.3167536531584214,2.9924864460719509,4.5518565513508999,12.613476937004437,12.613476937004437,4,10
3,81,16,sensitivity_30,0.097836500033736229,7fa642135a23c52c9c6cb4cfec3f5962d7ed1686ee96bf289b5985bd3f8557a8,9691,9207,9208,483,95.015994221442583,True,1,1.3303200684819751,2.9896870398123316,4.2697064648518381,12.613476937004437,12.613476937004437,6,41
3,81,17,sensitivity_30,0.085214200022164732,ca33cb840990574fd2367815ef28206b5003d883855bb27ce6c4ade2789a1b80,9691,9207,9136,555,94.273036838303582,False,-71,1.3558523592846647,3.0514463420261904,3.9958928823066953,12.613476937004437,12.613476937004437,2,9
3,81,18,sensitivity_30,0.08347070001764223,937577585ed5643c3951ac7ca0a9fdfbad2f9a4cf045935b45cba169a97c00c2,9691,9207,9151,540,94.427819626457534,False,-56,1.3152820575874884,3.0940703269830352,4.2535002633975081,15.264598378487985,15.264598378487985,2,22
3,81,19,sensitivity_30,0.080138900026213378,4228a109189a6155e81a629c62bc592647d5f3d1ce35b9d258fc00ff4539f7f7,9691,9207,9209,482,95.026313073986174,True,2,1.3326344373490338,2.9927405195533101,3.9447633108111444,12.996052512646255,12.996052512646255,3,9
3,81,20,sensitivity_30,0.084048199991229922,9a64e56b76be9cb2aad8a6c8407d74ebaae325fb8962af1b17f754b768540440,9691,9207,9200,491,94.933443401093797,False,-7,1.3190905843992331,3.0008391132094401,4.1077770843326444,12.996052512646255,12.996052512646255,3,63
3,81,21,sensitivity_30,0.090332299994770437,ff23081cc4846cd942204416b34730fd8edc6af6820fdd55a9e03c310a09be5c,9691,9207,9241,450,95.356516355381288,True,34,1.3341941901486647,2.9831790728270997,4.0215730970709922,12.996052512646255,12.996052512646255,6,21
3,81,22,sensitivity_30,0.083503900037612766,1b012d37bbc94862ff7635f400abb30d563706afda29c20ef99b9f82c5c2bc0c,9691,9207,9207,484,95.005675368898977,True,0,1.314816398964288,2.9994940714307217,4.6257743879323101,12.996052512646255,12.996052512646255,4,24
3,81,23,sensitivity_30,0.082307400007266551,03289b7960335c4f088e3267715fe6d66979dbe55b2bbdace16f9b04ff4ea572,9691,9207,9170,521,94.623877824785879,False,-37,1.3189647717730497,3.0641474399640614,4.208559699825142,12.5882156677179,12.5882156677179,2,16
3,81,24,sensitivity_30,0.086550599953625351,fb732fa21a282c1948b4f4ec555d5de34569dd3f62d27f060a46f66cda57ffbf,9691,9207,9200,491,94.933443401093797,False,-7,1.3306497390313357,3.0171316097970005,4.7237941976452733,12.996052512646255,12.996052512646255,2,35
3,81,25,sensitivity_30,0.08339210000121966,da8d290c1a2b7aada1993f9655b92dc51b6e499a34d31257261b6f33e26b9888,9691,9207,9207,484,95.005675368898977,True,0,1.3022270538115246,2.9960081636615388,4.4136035033195276,12.996052512646255,12.996052512646255,5,50
3,81,26,sensitivity_30,0.091826399962883443,5f933d944e113b07e6a13ef262a28bb6ccc4689e797ae24fbdd7ecede525031b,9691,9207,9184,507,94.76834176039624,False,-23,1.3510075676859075,3.0432067587073832,4.2366122703215225,12.5882156677179,12.5882156677179,3,17
3,81,27,sensitivity_30,0.094024999998509884,2e3a4f06eb59eceab1bae901f6d3c5746c9d3c94e30a38db48855e7c12d7771b,9691,9207,9279,412,95.748632752037977,True,72,1.3127253084993422,2.9450313283647498,4.2214474317446671,12.996052512646255,12.996052512646255,5,36
3,81,28,sensitivity_30,0.11857219994999468,bd18fda05d790f23ff515ff56cfa785d18435143c84144325d0f0963636cc708,9691,9207,9220,471,95.139820451965747,True,13,1.3258483146031967,2.9916869126541186,3.8719424763219705,12.996052512646255,12.996052512646255,3,18
3,81,29,sensitivity_30,0.094887299987021834,0dcc870ad593d2f4e832b1609530e9371b9650b8bd45374fc4679cb964329e6a,9691,9207,9153,538,94.448457331544731,False,-54,1.326716766191214,3.0757326980003907,4.300706258119904,12.996052512646255,12.996052512646255,5,55
3,81,42,legacy_representative,0.13646539999172091,086029d63af905b3b2473c9c281e083fd0dae499acd2c27f426867232b95730a,9691,9207,9207,484,95.005675368898977,True,0,1.318414668437812,2.9944963521651955,4.4409256808514632,12.996052512646255,12.996052512646255,5,35
3,82,0,sensitivity_30,0.13036399998236448,b932d82b80351b35c5c23391efaa574ce066f9dd904fe1806c70a9be2c3f493d,9691,9207,9213,478,95.067588484160567,True,6,1.3124547456089013,2.9870604545371116,4.4136035033195276,12.996052512646255,12.996052512646255,4,38
3,82,1,sensitivity_30,0.1269112000009045,937f8292aaab340cbe6db0e477846f3471e94d133a9ac6fca2ae9ce0e820e17a,9691,9207,9239,452,95.335878650294092,True,32,1.3296232576979334,2.9628579522429654,4.300706258119904,12.996052512646255,12.996052512646255,3,4
3,82,2,sensitivity_30,0.12977839994709939,2e1a509aa79ecdbc942c2e2978ee2ff607a5f98f92b02d2a9ffb39804bd859a9,9691,9207,9217,474,95.108863894334945,True,10,1.3034673806300936,2.9780912464787437,3.8787382667424306,12.5882156677179,12.5882156677179,5,59
3,82,3,sensitivity_30,0.10479960002703592,243721e613ea58d09cfa2c984cb7c84d87457c0aa8072a0aca24a779464a6562,9691,9207,9247,444,95.418429470642863,True,40,1.3106776373476197,2.9664655290610158,4.4136035033195276,12.996052512646255,12.996052512646255,5,40
3,82,4,sensitivity_30,0.12419080000836402,24a94febd88e14813568c2371c7085a02c852b1a7fba0247e30405027a9432a1,9691,9207,9212,479,95.057269631616961,True,5,1.3225846100599654,2.9870604545371116,4.082396785684189,12.996052512646255,12.996052512646255,5,21
3,82,5,sensitivity_30,0.11564959998941049,0abcab49bb50a9f7bfd6e400f5a129c4b43e33f14b47864f9d16288fa403b789,9691,9207,9234,457,95.284284387576108,True,27,1.3064473564266181,2.986439819044862,4.2749863076457704,12.996052512646255,12.996052512646255,3,9
3,82,6,sensitivity_30,0.10140399995725602,14c85d87ebfccc30281c048e0ba18b77a63d6e965bb6af292b98f66f4c83cef5,9691,9207,9220,471,95.139820451965747,True,13,1.3035563845284375,2.9837594066057584,4.4136035033195276,15.264598378487985,15.264598378487985,4,25
3,82,7,sensitivity_30,0.1080474000191316,964241bc61e311714330e032e68121de74be04001db5192eb0089c806f49e203,9691,9207,9194,497,94.871530285832222,False,-13,1.3034793724673672,3.0076925590598562,4.484074256278153,12.996052512646255,12.996052512646255,2,23
3,82,8,sensitivity_30,0.11664080002810806,5ceb0557960b7db0de54f06fc623d7a1beb069dfbc13de52cd433c07d2e02ef0,9691,9207,9160,531,94.520689299349911,False,-47,1.3235842704531444,3.0388020963326845,4.0162133521668268,12.996052512646255,12.996052512646255,2,30
3,82,9,sensitivity_30,0.11512930004391819,6cfcef434820b2cda8be055440c03c9747df57984ec8ed4863083aa84ade9f70,9691,9207,9222,469,95.160458157052929,True,15,1.3100540253945265,2.9746544553619674,4.4136035033195276,12.996052512646255,12.996052512646255,7,46
3,82,10,sensitivity_30,0.097716499993111938,b75ef52bbafd8fa09d26fe58c4af8dc6497af95863b763d6c3f103cb4efdbed8,9691,9207,9204,487,94.97471881126819,False,-3,1.2877229611222849,3.0048071019155209,4.2535002633975081,12.996052512646255,12.996052512646255,2,22
3,82,11,sensitivity_30,0.084886100026778877,14119ed39e9e02033643f3cdf2518af529fb82783a4c962818ddc9776bf2b8b1,9691,9207,9186,505,94.788979465483436,False,-21,1.2975426553185667,3.037800693865957,4.0295562215476659,12.996052512646255,12.996052512646255,0,0
3,82,12,sensitivity_30,0.088819700002204627,ecba4f1515cbf0893d832f6ff18f7f3f7b0d0abdb704d6f69e533a2aef8172c8,9691,9207,9331,360,96.285213084305028,True,124,1.3213477286585491,2.8907874868305918,4.0100378574975943,15.264598378487985,15.264598378487985,2,15
3,82,13,sensitivity_30,0.084767899999860674,fb6ec6a4048d8dc422cae14c1e03dbcc93271d5d1d10c29fc7af3a3315e4b30c,9691,9207,9164,527,94.561964709524304,False,-43,1.300169627116178,3.0701250666533686,4.300706258119904,12.996052512646255,12.996052512646255,1,8
3,82,14,sensitivity_30,0.085968500003218651,6fb890f4aec87d6c8ca79496eef48fcc126f5f995fdad082e9cc0c8e61af2c42,9691,9207,9264,427,95.593849963884011,True,57,1.3166294501421225,2.8887559538618355,4.3351415909614586,12.996052512646255,12.996052512646255,5,38
3,82,15,sensitivity_30,0.074443600024096668,adc3d85e182482d5d61346922cb640d9f3bcfefa8039ee64556d0488774b6187,9691,9207,9195,496,94.881849138375813,False,-12,1.3194256078004192,3.0091522315375774,3.9507865575996344,12.996052512646255,12.996052512646255,5,54
3,82,16,sensitivity_30,0.077863299986347556,95e8b4fbfc2fd86e04667ff8e16a9638c6ff9302ed04bc058099181c7ce1bc7b,9691,9207,9249,442,95.439067175730059,True,42,1.3180217873389213,2.9170187025999734,3.797668336873663,12.613476937004437,12.613476937004437,6,41
3,82,17,sensitivity_30,0.083997799956705421,346bebf80ec3ed84036d8ecd1aefc27368420a6c460d5cafd612e78af65215ca,9691,9207,9264,427,95.593849963884011,True,57,1.2890570580366476,2.9155771383206424,4.1671975690008329,15.264598378487985,15.264598378487985,1,1
3,82,18,sensitivity_30,0.086654699989594519,f07e2e3eebc7840f1eb7862849706b30018ac676fa11d385057038084cd0ba48,9691,9207,9180,511,94.727066350221861,False,-27,1.3226562898586762,3.0237635629779871,3.7376260800289716,12.996052512646255,12.996052512646255,4,44
3,82,19,sensitivity_30,0.088265800033695996,305d6578764176c2d1eb94dc00840e7d83c8cfdf60fa55adc9888ec661f327fe,9691,9207,9107,584,93.97379011453927,False,-100,1.31533658199003,3.0899753199513231,4.2098159662558956,12.996052512646255,12.996052512646255,0,0
3,82,20,sensitivity_30,0.088297399983275682,4edfa6166411d79621dc9ac16242c43d22b052e05ded8890421388e143f04e51,9691,9207,9228,463,95.222371272314518,True,21,1.3308067689285692,2.9842263848936308,4.1327487828362077,12.5882156677179,12.5882156677179,1,17
3,82,21,sensitivity_30,0.084591599996201694,e305168a6379872422324b7b916e7d0bbce2f001b041257edd7b19373b58397e,9691,9207,9228,463,95.222371272314518,True,21,1.3055101085357388,2.9587498919312316,4.0312385361357235,12.996052512646255,12.996052512646255,4,9
3,82,22,sensitivity_30,0.087094399961642921,710023217949488f07f29d4d1fb3ad58594b6bd320d48fc6e37d838fcac48c7c,9691,9207,9204,487,94.97471881126819,False,-3,1.3262845833322883,3.009510293982534,4.300706258119904,12.996052512646255,12.996052512646255,2,3
3,82,23,sensitivity_30,0.087511299992911518,12c5d1c7f8c4a56da34b80a73dde5d12e54a50fa794f4720c1e7282c80c6eda6,9691,9207,9203,488,94.964399958724584,False,-4,1.3160373435088626,3.0213580356888872,4.0162133521668268,15.264598378487985,15.264598378487985,4,40
3,82,24,sensitivity_30,0.079587800020817667,6fcc9679e916f81c67dd7326a269aa5f53c9fbf406c05965815dcf1f05a36724,9691,9207,9285,406,95.810545867299552,True,78,1.3161727753690269,2.9115339674528262,3.8787382667424306,15.264598378487985,15.264598378487985,2,8
3,82,25,sensitivity_30,0.08431380003457889,bcf651a1731abca4c16e337f5cabcd18caa7fca56522e9f9d0b677aae9b50465,9691,9207,9207,484,95.005675368898977,True,0,1.3056974930935485,2.9995169117873459,4.300706258119904,12.996052512646255,12.996052512646255,3,3
3,82,26,sensitivity_30,0.082152499991934747,28aefd06cf2ce86b30192f496f77ef33b14643b1535cd6198e491c28617048ed,9691,9207,9243,448,95.37715406046847,True,36,1.3317592513328065,2.9545079276231649,3.9011157323121783,15.264598378487985,15.264598378487985,6,94
3,82,27,sensitivity_30,0.096775300044100732,fb680ac67eecd47de16507a174d8a03a1fb028197c27edb43250cf5029ff9f20,9691,9207,9204,487,94.97471881126819,False,-3,1.3273992733310696,3.0048071019155209,3.8787382667424306,12.996052512646255,12.996052512646255,0,0
3,82,28,sensitivity_30,0.082355099963024259,921346ecedd9e2ef89881cd0eecb73bceb648f7f3f40bcea52ae028e19068d54,9691,9207,9176,515,94.685790940047468,False,-31,1.3240431922440177,3.033009135388935,4.2749863076457704,12.996052512646255,12.996052512646255,2,6
3,82,29,sensitivity_30,0.080515400040894747,27b25108529d4318e4a5d3ea040ca7118b86d4ce84217d97b41b12cbbc3a2562,9691,9207,9144,547,94.355587658652354,False,-63,1.3167616544112186,3.058911204434076,4.180452477757111,12.996052512646255,12.996052512646255,4,35
3,82,42,legacy_representative,0.11544019996654242,82a52f91a7e44b8080a0519e4665b0c39ac5520a36c19218962fc00d1d89373b,9691,9207,9263,428,95.58353111134042,True,56,1.3315743778828382,2.97440048668587,3.8787382667424306,15.264598378487985,15.264598378487985,3,6
3,83,0,sensitivity_30,0.085748899960890412,26cb14e56a614d55758e4fdb5812eb078df1ad75912db3bc5e229d4df3567acc,9691,9207,9196,495,94.892167990919404,False,-11,1.3118138947937823,3.0067494011077232,4.2749863076457704,12.996052512646255,12.996052512646255,4,31
3,83,1,sensitivity_30,0.095680799975525588,57d4b271dd119001f1e94d58b5dd2324f00fbe1a53d34d71f6a78d42d022eebe,9691,9207,9163,528,94.551645856980699,False,-44,1.3032745278445701,3.0665902290825504,3.9579162830084007,15.264598378487985,15.264598378487985,4,14
3,83,2,sensitivity_30,0.10376740002539009,ea5e0a539ad826b727856d8f10307c6c105c0c4a475022636bda1669cebb7b06,9691,9207,9181,510,94.737385202765452,False,-26,1.3036300532513139,3.0514463420261904,4.0215730970709922,12.613476937004437,12.613476937004437,2,7
3,83,3,sensitivity_30,0.086591599974781275,307f70d112483f95126d27af19a970ad39da7c5b5fc3159b63f7d352a26fc2bb,9691,9207,9333,358,96.305850789392224,True,126,1.3081573646373232,2.8696428491775618,3.7187026779056982,12.996052512646255,12.996052512646255,4,18
3,83,4,sensitivity_30,0.13091130001703277,87894f685ca45452b3df75bc341a9055bbebb65ceab15beba4a08908aa548b7b,9691,9207,9260,431,95.552574553709633,True,53,1.2995815744517396,2.9587498919312316,3.9742931259478511,12.996052512646255,12.996052512646255,6,91
3,83,5,sensitivity_30,0.1128115999745205,cdd3541221c88c3a93a58741df0d5fcfa615f5364c5a10a128b8a8ca6a4291d9,9691,9207,9206,485,94.995356516355386,False,-1,1.3142978441669839,3.0163886748517146,4.2749863076457704,12.996052512646255,12.996052512646255,5,33
3,83,6,sensitivity_30,0.10600779997184873,90ce02f4f51a29ea902e7244fe65920e793dedb19f0cfd66c92a0d658454e0e4,9691,9207,9302,389,95.985966360540715,True,95,1.2889027667043818,2.8420024558540198,3.8787382667424306,15.264598378487985,15.264598378487985,2,5
3,83,7,sensitivity_30,0.12549599999329075,317d27811d4c762214c75856f659e09562cc32e2a18c5b41e224ff44c78982ca,9691,9207,9183,508,94.758022907852649,False,-24,1.3236678279195788,3.0499121348082365,4.2749863076457704,12.996052512646255,12.996052512646255,2,7
3,83,8,sensitivity_30,0.12129480001749471,15e73f2995aba309d2bc1b5553adb60c276ff3b23ce655ff73621483104bb722,9691,9207,9257,434,95.521617996078831,True,50,1.3091589360714806,2.9155771383206424,4.2749863076457704,15.264598378487985,15.264598378487985,3,73
3,83,9,sensitivity_30,0.14756200002739206,513078e6d4a1a9cca93ca18b3aac73eb859e596f6dd7fe9f1d24537f4b2cd3a7,9691,9207,9288,403,95.841502424930354,True,81,1.292412788196672,2.8923533002387369,3.8875424239031378,12.613476937004437,12.613476937004437,3,29
3,83,10,sensitivity_30,0.19280819996492937,abaddee9b755af59c9bc23e3dd3e76ec6dd4b35daa6919da65ffe8441c61fc01,9691,9207,9160,531,94.520689299349911,False,-47,1.2866178187515349,3.0693667986539364,4.082396785684189,12.613476937004437,12.613476937004437,6,45
3,83,11,sensitivity_30,0.17103929998120293,6d475d62f6551fd0fb931508d693b6e04fc855011264473951f27ff29faacc45,9691,9207,9308,383,96.04787947580229,True,101,1.2967058523126023,2.857260655158643,4.0115354998098853,12.996052512646255,12.996052512646255,2,5
3,83,12,sensitivity_30,0.14538850000826642,9926509bdf698d45dbad85b6926b2ef897a5f8069776f2b3827c066459078853,9691,9207,9242,449,95.366835207924879,True,35,1.2919801541472453,2.9149597933998539,4.0671107477970256,12.613476937004437,12.613476937004437,3,27
3,83,13,sensitivity_30,0.16960089997155592,c9fd1696bf915a1913c9b824375887f95494ae75ef55ae9aebedf9d3abb251db,9691,9207,9243,448,95.37715406046847,True,36,1.3290619713219733,2.8878650521387703,3.9889413114123977,12.613476937004437,12.613476937004437,5,61
3,83,14,sensitivity_30,0.17451869999058545,6221ae0d0fa0e168422c42b54a415469092eaf65ba83e32c7597c5b881de336a,9691,9207,9210,481,95.036631926529765,True,3,1.3041445995900365,2.9870604545371116,4.2749863076457704,15.264598378487985,15.264598378487985,6,65
3,83,15,sensitivity_30,0.17735030001495034,3ab2c635ca36ebfe316a90b983a2234cf934088df8dcebc07c8f46b0ed979b60,9691,9207,9201,490,94.943762253637402,False,-6,1.2831538910278093,3.0305560167139989,4.4037032965854852,14.252581573122306,14.252581573122306,6,45
3,83,16,sensitivity_30,0.18783760000951588,9b9415b74090ef61cea56a32ca77535cd7bd09f4dc21fc8b50c8af0fc2488f25,9691,9207,9249,442,95.439067175730059,True,42,1.286433821063373,2.9170187025999734,3.797668336873663,12.613476937004437,12.613476937004437,6,41
3,83,17,sensitivity_30,0.1721978000132367,179246567f06b97ffb8714d1bd416847c6cfaa364dd57a45318b01b74a974087,9691,9207,9244,447,95.387472913012076,True,37,1.2990973063209046,2.9212388292516445,4.4136035033195276,12.526406961586767,12.526406961586767,5,26
3,83,18,sensitivity_30,0.16085980000207201,4690d42c5e858e389f9852292b70e88b3ce5811ebc28572fb3ecafa9fd5033e5,9691,9207,9205,486,94.985037663811781,False,-2,1.276145257596605,3.0048071019155209,4.6315755516028885,12.996052512646255,12.996052512646255,4,32
3,83,19,sensitivity_30,0.16427930002100766,a97e98da6851cee3d08169f8139a2085b7d0484e8d2badcc55a1e004e574b90a,9691,9207,9199,492,94.923124548550206,False,-8,1.3124476903405715,3.0067494011077232,4.1754692466499206,15.264598378487985,15.264598378487985,5,29
3,83,20,sensitivity_30,0.13829080003779382,ce407ed984f35acc5e23b4b6956f8bb9239eda8a0899746a108f354c6cdf2c9e,9691,9207,9224,467,95.181095862140126,True,17,1.2977640461631412,2.97440048668587,4.2535002633975081,12.5882156677179,12.5882156677179,3,21
3,83,21,sensitivity_30,0.12957680004183203,ae2997c559a9d8231502f37f906b99f39bb0ab8833bc3f0f6e99af0c8d61b10f,9691,9207,9181,510,94.737385202765452,False,-26,1.2970509236325045,3.0701250666533686,4.5536634220903371,12.996052512646255,12.996052512646255,4,45
3,83,22,sensitivity_30,0.12987970001995564,f6975f42facbace1031fbbc84836e70cda17870a3d03aa74a6c7f84b20fc3579,9691,9207,9266,425,95.614487668971208,True,59,1.3057362152785796,2.8930152485855434,3.9750124848339006,12.996052512646255,12.996052512646255,2,18
3,83,23,sensitivity_30,0.12588460004189983,ef8b1d3e8a5c2cf217b9ae5f8c2e2811209a2a0d8cbab364b5280cb9598715e1,9691,9207,9265,426,95.604168816427617,True,58,1.3128821821244323,2.8782961486114158,4.4136035033195276,14.252581573122306,14.252581573122306,5,36
3,83,24,sensitivity_30,0.11363190005067736,1ac695fef34f8f684b79d79674234555bdb6c48d18b9742e2131e7e77b77089b,9691,9207,9241,450,95.356516355381288,True,34,1.3147446815079411,2.9271059070940977,4.429272905064094,12.996052512646255,12.996052512646255,2,35
3,83,25,sensitivity_30,0.10604320000857115,64e19294d9987dfb51d59f0bf83c27dc5f1d637e0bc9d95105638831d6e54be0,9691,9207,9273,418,95.686719636776388,True,66,1.3079200156986164,2.8930152485855434,4.4136035033195276,12.996052512646255,12.996052512646255,4,32
3,83,26,sensitivity_30,0.13354840001557022,8bf1cf0fd1dd4c28b42b8e17594cdf9be0d863efb082c63340f864f0d6ab5b4f,9691,9207,9202,489,94.954081106180993,False,-5,1.3013705538545524,3.0108251579463681,3.9855854008519054,12.996052512646255,12.996052512646255,6,31
3,83,27,sensitivity_30,0.12879930000053719,0a22f69954b60f50a93388c43fd336843bac8369e954099f01e9937c7728b1ce,9691,9207,9230,461,95.243008977401715,True,23,1.3179629009533167,2.9674104099952436,4.2749863076457704,12.996052512646255,12.996052512646255,7,86
3,83,28,sensitivity_30,0.11634750000666827,46b5a63b4191c6e09240535ca9abe44a941123dfbf2336376afb5e31f04f34c8,9691,9207,9196,495,94.892167990919404,False,-11,1.3107233833552927,3.0492188255759807,4.2535002633975081,12.996052512646255,12.996052512646255,2,6
3,83,29,sensitivity_30,0.11511720000999048,21cfa0632da269fc5fc66d874be16dc52357fcab369a75f634b9fec391960ca3,9691,9207,9193,498,94.861211433288616,False,-14,1.2902598448738596,3.0121813714471433,3.9889413114123977,12.996052512646255,12.996052512646255,4,13
3,83,42,legacy_representative,0.12079499999526888,73bfeb76d7fe73cffeb265bee55bda4bdba2292008288f69de2ef2dee6bfe4f8,9691,9207,9193,498,94.861211433288616,False,-14,1.3024309645477332,3.009510293982534,3.8901135759299583,12.996052512646255,12.996052512646255,5,54
3,84,0,sensitivity_30,0.11325890000443906,4f66944d450dbfa5aea2f146998b05e7e66c2074c64fe57e2ac1f1e2e3f3459b,9691,9207,9247,444,95.418429470642863,True,40,1.3042456066976318,2.8959390978654578,3.7564158979651179,12.996052512646255,12.996052512646255,3,31
3,84,1,sensitivity_30,0.11100590002024546,dc522c061cc25f24c85f6e4b0cbc407b0c5e6da34b5d4ac534655bcb78268538,9691,9207,9259,432,95.542255701166027,True,52,1.3045904782290758,2.9116329997633592,4.1327487828362077,12.996052512646255,12.996052512646255,5,44
3,84,2,sensitivity_30,0.10199199995258823,f52f731ca8670126d3500fa33712aebd4e4e548ca3166922d31b2b1d156ac796,9691,9207,9314,377,96.109792591063879,True,107,1.2847643613066233,2.7869531500329483,4.3401878283610484,12.613476937004437,12.613476937004437,4,25
3,84,3,sensitivity_30,0.10350689996266738,24d41aa5d8e9cbaca663511d10eea2ad3c03393512bd0fa11fd9d5e17c4d3982,9691,9207,9235,456,95.294603240119699,True,28,1.2989997679351002,2.9159334648035546,4.2274768134066365,12.996052512646255,12.996052512646255,6,68
3,84,4,sensitivity_30,0.12597160000586882,89e99cafb1f40cd44c2371b6cbf35c21f6d7a7fa9f0a0865b1c5776a50753e94,9691,9207,9285,406,95.810545867299552,True,78,1.2768288635441312,2.898756951170494,4.2535002633975081,12.613476937004437,12.613476937004437,6,44
3,84,5,sensitivity_30,0.10610840003937483,ab821ddb77ed43d770b895a480bb2db1395dbdc9fef73a7efa9c453981809065,9691,9207,9176,515,94.685790940047468,False,-31,1.2807549614618439,3.0701250666533686,4.2749863076457704,12.996052512646255,12.996052512646255,3,35
3,84,6,sensitivity_30,0.11838739999802783,77b50792194486b19d314ab91d982a47566bb1eca1ed4acb321bead178f3b02c,9691,9207,9269,422,95.645444226601995,True,62,1.2869757175582826,2.9344086438695713,4.3051664526339977,12.5882156677179,12.5882156677179,6,47
3,84,7,sensitivity_30,0.11801800003740937,0d65e459be16b89d94bf4fc22c360e47b59b34c4247479724373d1fd9afba16a,9691,9207,9242,449,95.366835207924879,True,35,1.2912036829699691,2.9422973627629019,4.2749863076457704,12.996052512646255,12.996052512646255,2,13
3,84,8,sensitivity_30,0.13489749998552725,00bcbc99444b4c8e7fe42d2c4c30261792fe96ab52fd7b99889952821c29addc,9691,9207,9207,484,95.005675368898977,True,0,1.2846891429919818,2.9924864460719509,4.0174015379721606,12.996052512646255,12.996052512646255,5,22
3,84,9,sensitivity_30,0.097723099985159934,ea0f3585b8f6ae7bd4b133ee34fd4cf57aff911a87555efcc76344fd6a61ce89,9691,9207,9216,475,95.098545041791354,True,9,1.3034420246648466,2.9870604545371116,4.0312385361357235,12.996052512646255,12.996052512646255,1,2
3,84,10,sensitivity_30,0.096029100008308887,08f626439da08471e87216cf88ffe4e81f1643d359632767a5065d4994377ddd,9691,9207,9200,491,94.933443401093797,False,-7,1.2797283124412191,3.01153795932755,4.082396785684189,12.613476937004437,12.613476937004437,6,45
3,84,11,sensitivity_30,0.09805849997792393,fa9ffd50996736b453da1c717b9a87fa2f6a781018760c6f6009a482c5e823aa,9691,9207,9266,425,95.614487668971208,True,59,1.2811516660385147,2.8762915431593505,4.4136035033195276,15.264598378487985,15.264598378487985,5,42
3,84,12,sensitivity_30,0.11047399998642504,4b6401e3b736e8300f036275515663c08ea7213adae4acc180fac681f1a42238,9691,9207,9362,329,96.605097513156537,True,155,1.3066217786320256,2.8608389197233191,3.9087265248665872,15.264598378487985,15.264598378487985,2,15
3,84,13,sensitivity_30,0.098838999983854592,6f670a94cb96ce438572e952d3f5c6a5e0ef316127722cf33e543a6a14fba8da,9691,9207,9330,361,96.274894231761422,True,123,1.2752103767014218,2.8569263765727881,4.17856218850915,12.5882156677179,12.5882156677179,6,39
3,84,14,sensitivity_30,0.10272490000352263,771ae26d5a2dafa389ea5f863a790c5abbd18e09736038db6265e774384049ca,9691,9207,9218,473,95.11918274687855,True,11,1.3020105901418195,2.9870604545371116,4.2749863076457704,12.996052512646255,12.996052512646255,4,87
3,84,15,sensitivity_30,0.11082050000550225,8d6b45c8c3d225d3f466ed3a7766eb8f4fa069f4965e34cdabb75d5cd1d3317d,9691,9207,9268,423,95.635125374058404,True,61,1.3024117290100605,2.9159334648035546,4.0745643953848596,15.264598378487985,15.264598378487985,3,32
3,84,16,sensitivity_30,0.10986039997078478,e549d1be29b9169c0c42acc372949376c773752945f61cf2285d4015a27adf2b,9691,9207,9282,409,95.779589309668765,True,75,1.2733960873050914,2.9019092033121741,3.797668336873663,12.613476937004437,12.613476937004437,4,37
3,84,17,sensitivity_30,0.099389599985443056,5739b26f2a9b46307770ca08ce0d72b54f19745a8b74a7d6d00de358cfb2392d,9691,9207,9239,452,95.335878650294092,True,32,1.2727207917586008,2.9037341264004501,4.1327487828362077,12.613476937004437,12.613476937004437,3,53
3,84,18,sensitivity_30,0.095709799963515252,44ba1f34e282a447e8f082c5bc2d2124be70f657f49e9380ec8e86e40fbb84d0,9691,9207,9210,481,95.036631926529765,True,3,1.2649541228685799,2.996939020504287,4.6315755516028885,12.996052512646255,12.996052512646255,2,22
3,84,19,sensitivity_30,0.1239507999853231,17d38f962c38dcdc005060190e24e01974e687ef3ea756f054e46bdf4f03d512,9691,9207,9230,461,95.243008977401715,True,23,1.3181008181166542,2.9664655290610158,3.8746121684929151,12.5882156677179,12.5882156677179,4,26
3,84,20,sensitivity_30,0.12566869996953756,bad1ab810fa425587e4a4c68e6354c00fddad86bc55fc91d1585ea8af7d5aa57,9691,9207,9319,372,96.161386853781863,True,112,1.2935658392697589,2.860634006391245,3.8787382667424306,12.613476937004437,12.613476937004437,3,54
3,84,21,sensitivity_30,0.12107189995003864,300185412cf2d0b9eeab3e6fe5aad052a4790ec965fe8a212518766ab91dab66,9691,9207,9240,451,95.346197502837683,True,33,1.3000512924693639,2.9587498919312316,3.8787382667424306,12.613476937004437,12.613476937004437,2,24
3,84,22,sensitivity_30,0.09590429998934269,c4c2d1cfd2000f16388471e7134a0ef818218c06bf0ac7df1395bd5f0381bbc2,9691,9207,9305,386,96.016922918171502,True,98,1.2967611789570881,2.860634006391245,3.9889413114123977,15.264598378487985,15.264598378487985,8,74
3,84,23,sensitivity_30,0.10148509999271482,06599c83a035e89c6ad8c2e26cd33ec3575c5b1a4c1672eeeddb476665c59fb1,9691,9207,9254,437,95.490661438448043,True,47,1.276024144140224,2.8965548178616394,4.0215730970709922,12.996052512646255,12.996052512646255,4,33
3,84,24,sensitivity_30,0.095755099959205836,89a2859f9be2b09362abeccb27f8ddeb75710ea0586a34c6f5b773cebdf5a2bc,9691,9207,9207,484,95.005675368898977,True,0,1.2840568508363959,2.9924864460719509,4.2749863076457704,14.252581573122306,14.252581573122306,3,22
3,84,25,sensitivity_30,0.10231149999890476,c139061899d5db9d06b8d7a4b09cde9e8060c3ed932683da4b12592ee4beeca2,9691,9207,9268,423,95.635125374058404,True,61,1.2960351558465855,2.8685287635851147,3.6905474662718163,12.613476937004437,12.613476937004437,8,64
3,84,26,sensitivity_30,0.10018469998613,46a8db8995d1f046b7660aef8b1bde86865e4c3101b5758c248952741d204700,9691,9207,9190,501,94.830254875657829,False,-17,1.282054323587472,3.0161366339127871,4.2749863076457704,12.996052512646255,12.996052512646255,1,7
3,84,27,sensitivity_30,0.095376200042665005,65e56180af9f54f4ce10b6c91d249885ed10c6d0064ef1e46dd3a52ecccd1cb4,9691,9207,9210,481,95.036631926529765,True,3,1.2967310200371973,2.9957899145983431,4.1077770843326444,12.996052512646255,12.996052512646255,1,2
3,84,28,sensitivity_30,0.093880100001115352,4c8f3962319c77ce13741084715a9be5760b57d003ea175fb464f8762830e396,9691,9207,9275,416,95.707357341863585,True,68,1.315886267786524,2.8891878454322764,3.8834128920613997,12.996052512646255,12.996052512646255,4,21
3,84,29,sensitivity_30,0.086177900026086718,92c06be3e20bd6f3285fc855fc3b51b8c469d3abcc12016650f009fad11fdd29,9691,9207,9222,469,95.160458157052929,True,15,1.2813440768942463,2.9916869126541186,3.9889413114123977,12.996052512646255,12.996052512646255,4,13
3,84,42,legacy_representative,0.089097900025080889,7190821eeac6fdfec130425c585e4b200787b2bd13680f1cecbb9a32ce749fb8,9691,9207,9317,374,96.140749148694667,True,110,1.2987002326881454,2.8427880834761345,3.9034098995896769,12.996052512646255,12.996052512646255,2,40
3,85,0,sensitivity_30,0.088698999956250191,9825f84db42985a9f2cf369f6ed8ef66a17026e6d82ce646abcd2a1decec3170,9691,9207,9224,467,95.181095862140126,True,17,1.3002287988840346,2.9760954853299526,4.1327487828362077,12.613476937004437,12.613476937004437,5,42
3,85,1,sensitivity_30,0.084916499967221171,f5a417955720352d9fd149d4ac781da085d6da73551ea14f0269ef65ee4abfc1,9691,9207,9215,476,95.088226189247749,True,8,1.2855834699720203,2.9870604545371116,4.3343564663144445,14.252581573122306,14.252581573122306,4,50
3,85,2,sensitivity_30,0.089545700000599027,914eb540d7be96c04f48dcadd456e75aff24edfb05b5660e26a5b643e2358b9f,9691,9207,9331,360,96.285213084305028,True,124,1.2849343800963944,2.8495684861872648,3.9087265248665872,15.264598378487985,15.264598378487985,4,22
3,85,3,sensitivity_30,0.078337399987503886,4785738c5316525392e37149084f4ffc972cefb935be827f4d1d91d9e141cfad,9691,9207,9175,516,94.675472087503863,False,-32,1.2743942468015568,3.0432067587073832,4.2749863076457704,12.996052512646255,12.996052512646255,2,7
3,85,4,sensitivity_30,0.081335900002159178,fa721bad52ef99c393c63d885e96129acbe57c71125b445e882e0cfd51987cb7,9691,9207,9254,437,95.490661438448043,True,47,1.273719283042078,2.9153530435714279,4.4136035033195276,12.5882156677179,12.5882156677179,4,32
3,85,5,sensitivity_30,0.079736199986655265,f597e8c040afa5fd5d98377bc5a23872b7c90edf26daff4966f7a89230a84331,9691,9207,9298,393,95.944690950366322,True,91,1.3080860901380018,2.8619598154319035,3.9579162830084007,12.996052512646255,12.996052512646255,2,15
3,85,6,sensitivity_30,0.094584900012705475,58cac2ecf2391a682201e3fe16c123f37972eab8baf853ca5f473e94b2255ca3,9691,9207,9277,414,95.727995046950781,True,70,1.2973856923872611,2.8705644401903094,4.2749863076457704,12.996052512646255,12.996052512646255,0,0
3,85,7,sensitivity_30,0.077158499974757433,d031b670bd88eefbf9c5cb1cbc8fb83d456a7e4960d4a03663b446063731cc33,9691,9207,9283,408,95.789908162212356,True,76,1.2901987271160629,2.8105993320245046,4.0312385361357235,12.996052512646255,12.996052512646255,1,15
3,85,8,sensitivity_30,0.10600259999046102,2fe91eb2e7557c2731d849eada011340f1b40b11d714d3de1ccaa0d229d964ad,9691,9207,9224,467,95.181095862140126,True,17,1.2610009623676883,2.9587498919312316,4.2535002633975081,12.5882156677179,12.5882156677179,6,30
3,85,9,sensitivity_30,0.093145299993921071,2fced1916efd1eb9261175b07e6c58e3d80dac3bf8d18ac15fe3a0d3ebe54e5f,9691,9207,9253,438,95.480342585904452,True,46,1.2709574197139324,2.9329825018177789,4.2161761934675166,12.996052512646255,12.996052512646255,3,35
3,85,10,sensitivity_30,0.08924129995284602,112e2cca8ec4879612c305f69e5801a5cbd70da9f6ae7ed572254aeba44f0e6e,9691,9207,9247,444,95.418429470642863,True,40,1.2704074324893111,2.9152381568703838,4.082396785684189,12.613476937004437,12.613476937004437,6,45
3,85,11,sensitivity_30,0.078677400015294552,368d63cb625f4465c146a591e243c224c4e0f26cebd66fa737f6547413e0c3b9,9691,9207,9285,406,95.810545867299552,True,78,1.2827997294554925,2.8912592317744985,3.8787382667424306,12.996052512646255,12.996052512646255,5,59
3,85,12,sensitivity_30,0.091258200001902878,402ced1817b069d6d0b06ff9604a91d1edddd402ce52984a9fa41973ffb7ef32,9691,9207,9239,452,95.335878650294092,True,32,1.2825597618106654,2.9115312459418003,3.9232776026877456,12.996052512646255,12.996052512646255,1,15
3,85,13,sensitivity_30,0.093748099985532463,f1e04d2a25b8b89ec8ca16e538c8f30d457769e39b014bb7f1bb4fc6a3488af8,9691,9207,9311,380,96.078836033433078,True,104,1.2735172268808352,2.8967210506458065,3.9034098995896769,12.996052512646255,12.996052512646255,4,28
3,85,14,sensitivity_30,0.10759699996560812,6aa64a7a2bedd1973dead4d9e3239f26ec771838508e14cc46b813820d79353e,9691,9207,9318,373,96.151068001238258,True,111,1.2985763434984658,2.7919184436845446,3.8787382667424306,12.996052512646255,12.996052512646255,2,3
3,85,15,sensitivity_30,0.091707599989604205,7707f7837a023c93bac0aa3ffed129dfd0251ee5bd0d97f2163c7f6c3d0d618d,9691,9207,9341,350,96.388401609740995,True,134,1.2925524492462621,2.8185441845515555,3.783187797552376,12.613476937004437,12.613476937004437,2,4
3,85,16,sensitivity_30,0.0843804000178352,cebac32fc51bed18af98ca8859f441f62f9802080bebb43e1c14edff4c6b5481,9691,9207,9301,390,95.97564750799711,True,94,1.2669455160654284,2.860634006391245,3.797668336873663,12.613476937004437,12.613476937004437,4,37
3,85,17,sensitivity_30,0.086961599998176098,81e4a7b14941d32f82be152cb1049b73e1728fe6d86df55d49ff66044e56dd0f,9691,9207,9327,364,96.243937674130635,True,120,1.2759186269551703,2.7919184436845446,4.082396785684189,12.996052512646255,12.996052512646255,3,35
3,85,18,sensitivity_30,0.085612500028219074,590df7ea6ee779b65ce65cef456bb1074bc5cabe504823fb0a501dbd84ff4694,9691,9207,9233,458,95.273965535032502,True,26,1.2804138254309223,2.9502858949059392,4.0482545630329136,12.5882156677179,12.5882156677179,2,6
3,85,19,sensitivity_30,0.07822719996329397,5c340d2d9678bdadb2c2977b349ab56ab363fa56a37b2e3a4592ada570917a21,9691,9207,9180,511,94.727066350221861,False,-27,1.2630339388432414,3.0108251579463681,4.082396785684189,15.264598378487985,15.264598378487985,3,69
3,85,20,sensitivity_30,0.086257899994961917,b8f0040801e576c8e9b0240a3f57d57df11792fa40f1b8748556e5f7f8a281a3,9691,9207,9292,399,95.882777835104733,True,85,1.2660352136530053,2.860634006391245,3.8787382667424306,12.613476937004437,12.613476937004437,4,21
3,85,21,sensitivity_30,0.086191500013228506,0f6108327b6ffb049ab132736d58da7b838d8ccffec31f359cc9399954dd6630,9691,9207,9266,425,95.614487668971208,True,59,1.2791014096381086,2.8856771185691796,4.3667375768626373,12.996052512646255,12.996052512646255,7,50
3,85,22,sensitivity_30,0.07969539996702224,3314eb5f2fd125b6ce993af34d106c4d5e67dc24eb37d878749366c8741a6269,9691,9207,9261,430,95.562893406253224,True,54,1.2832722950621007,2.9052066434880315,3.9579162830084007,12.996052512646255,12.996052512646255,3,17
3,85,23,sensitivity_30,0.087480200047139078,c7d4f460d33a2be9085d926c36cc87aec611071170a3269a8e0a870ef7bbfbae,9691,9207,9253,438,95.480342585904452,True,46,1.2798792892778048,2.9512390901628502,3.8875424239031378,12.996052512646255,12.996052512646255,5,37
3,85,24,sensitivity_30,0.078620499989483505,af7c2fa76dd9468e95332343cf90ef60759927d44c6d573b3233abb2b01bfb93,9691,9207,9335,356,96.32648849447942,True,128,1.2798392302059551,2.8461491178636371,4.0139905744108626,12.996052512646255,12.996052512646255,5,29
3,85,25,sensitivity_30,0.094553400005679578,a8d566cbd71aa0d7192585b06a72062dbdda86bc1b7954672af726010e73d15a,9691,9207,9217,474,95.108863894334945,True,10,1.2883295243483339,2.964396622144907,4.0174015379721606,12.5882156677179,12.5882156677179,5,45
3,85,26,sensitivity_30,0.099362899956759065,50b038f742a4d9053289cbca9a5484fdecc866f2669a8f710f7fead4da44169d,9691,9207,9286,405,95.820864719843158,True,79,1.2600766242916341,2.8812522043255302,3.9011157323121783,12.996052512646255,12.996052512646255,4,26
3,85,27,sensitivity_30,0.082228199986275285,300a5855981c6549cf01d7d6f478fba0076de791ef3a68da5f0ef7db862a1126,9691,9207,9327,364,96.243937674130635,True,120,1.2866319116962315,2.8688281254884709,3.6719987815770447,12.996052512646255,12.996052512646255,5,33
3,85,28,sensitivity_30,0.084189900022465736,b2b08d83eb2f2c478424e4602b862dc09686f313f14eb782c43029071e88ac1d,9691,9207,9287,404,95.831183572386749,True,80,1.2710582479456003,2.8767426191714374,4.4136035033195276,12.996052512646255,12.996052512646255,3,25
3,85,29,sensitivity_30,0.086528600018937141,af577824214b1f39ee06ba28a7f705c4ebf84406f4c934a8ace9d36b6a0786f2,9691,9207,9248,443,95.428748323186468,True,41,1.2691054025433297,2.9512390901628502,3.9889413114123977,12.996052512646255,12.996052512646255,3,11
3,85,42,legacy_representative,0.089438900002278388,d3353f4e4f2a0c374c01ec0d5faaf4baa97bf7c339a568b15aa82d14f74649b4,9691,9207,9192,499,94.850892580745025,False,-15,1.2885945853320073,3.009510293982534,4.0726496821973237,12.996052512646255,12.996052512646255,3,16
3,86,0,sensitivity_30,0.078934899996966124,f7668c5d6ed693a7c73e1978b9ed2f8609f766be1461f5681e00debf79b178c0,9691,9207,9332,359,96.295531936848619,True,125,1.2842553565490102,2.7892007728509345,3.933484889765384,12.5882156677179,12.5882156677179,5,17
3,86,1,sensitivity_30,0.085756299959030002,62aa130e58adfb8dfac7f1cb69f928e3acbb6f186e942e25bb09a46324b91b4d,9691,9207,9288,403,95.841502424930354,True,81,1.2708012291624224,2.9155771383206424,3.8502103652674244,12.996052512646255,12.996052512646255,2,21
3,86,2,sensitivity_30,0.084106699971016496,a3d7a308e3761b110e5abe6bb157585cd6c541158007b28416515228578bdc90,9691,9207,9220,471,95.139820451965747,True,13,1.2616040975000946,2.9870604545371116,3.9507865575996344,12.5882156677179,12.5882156677179,2,7
3,86,3,sensitivity_30,0.083764199982397258,facc8a35a8708b16e37a9f969b4c2073d1880fea848cc51cdfb55e2afd2acfc9,9691,9207,9374,317,96.728923743679701,True,167,1.3008620134170461,2.7966605341236108,3.7198372754282052,12.5882156677179,12.5882156677179,7,30
3,86,4,sensitivity_30,0.11120260000461712,ec8cba55e919e5efdd3a003176c9e97f1235219a2b9256371e60df6318296649,9691,9207,9272,419,95.676400784232797,True,65,1.2674063230863026,2.9159334648035546,4.1077770843326444,12.996052512646255,12.996052512646255,5,20
3,86,5,sensitivity_30,0.08297139999922365,19639435c3efaa68e39a37cf71d6da4e2d96cf05bc770e340f421ffb487c96a8,9691,9207,9268,423,95.635125374058404,True,61,1.2752735491836455,2.9255329338399507,4.3585796167048949,12.5882156677179,12.5882156677179,2,17
3,86,6,sensitivity_30,0.09588350000558421,9b1bf215b0f4f34dcae69da20858425f8954bec5d201695a8d4baf30874ba895,9691,9207,9313,378,96.099473738520274,True,106,1.2742541126578713,2.8178635620064849,3.6439152247769568,12.996052512646255,12.996052512646255,4,48
3,86,7,sensitivity_30,0.084104200010187924,96c2b057ce77f771e3dd39841000d1affc916c8929e47c386bc6e048a3db8fd6,9691,9207,9220,471,95.139820451965747,True,13,1.2958550784737584,2.9870604545371116,3.8956268042402007,12.5882156677179,12.5882156677179,7,90
3,86,8,sensitivity_30,0.089811399986501783,7f96e20e62f6ea0899c3cc53ecf049307947e116d14fbc378d3b962499b83381,9691,9207,9333,358,96.305850789392224,True,126,1.2669528948792415,2.8185441845515555,3.9034098995896769,12.996052512646255,12.996052512646255,5,40
3,86,9,sensitivity_30,0.087245100003201514,754ac6b9f6c7021436c7a024d7d821bda7b6ca549dea7b6d74aec4d24017ff55,9691,9207,9356,335,96.543184397894947,True,149,1.2722021859474086,2.7873345086202694,3.7298301050498956,12.996052512646255,12.996052512646255,3,63
3,86,10,sensitivity_30,0.092616199981421232,c9dec095711e906e3fc31f8dd4faea22afe0f12a560888b6761e2ba0ce93c6ec,9691,9207,9287,404,95.831183572386749,True,80,1.2590817203834321,2.8027661685552299,4.0215730970709922,12.613476937004437,12.613476937004437,6,45
3,86,11,sensitivity_30,0.081631399982143193,d7c4d5c7403908c34a93ba87a78fdad2507510f44a888cbfcb736753b863ca13,9691,9207,9330,361,96.274894231761422,True,123,1.2827478916361259,2.8782961486114158,3.9034098995896769,12.996052512646255,12.996052512646255,4,32
3,86,12,sensitivity_30,0.0898905000067316,a31812875822536a22c3c00ace1119d7b2b51522a61ae17a9dbbe52cf5017f50,9691,9207,9346,345,96.439995872458979,True,139,1.2520575427728935,2.7759653822838612,4.300706258119904,12.996052512646255,12.996052512646255,3,39
3,86,13,sensitivity_30,0.096679600013885647,b1f21b096643ea689599c5c190cb731d3b531e82f158ffc68a4eddf4d68b8825,9691,9207,9276,415,95.717676194407176,True,69,1.2812711559120595,2.860634006391245,4.0832039373732005,12.613476937004437,12.613476937004437,5,46
3,86,14,sensitivity_30,0.099990899965632707,6b179cbc7b7077aeed371d73d8193d7134ccfd5cdce78c2e070938c908338fcb,9691,9207,9274,417,95.697038489319993,True,67,1.2752317176690382,2.8685287635851147,3.7377496723647945,12.5882156677179,12.5882156677179,6,35
3,86,15,sensitivity_30,0.093695799994748086,9e15569de4c33d23e4725c41124a8033d84d9051d02f5e223228871c2af93d55,9691,9207,9316,375,96.130430296151061,True,109,1.2598650635745086,2.7919184436845446,3.9392520708815679,12.996052512646255,12.996052512646255,3,25
3,86,16,sensitivity_30,0.090763999964110553,8d3d727f79696a6b6f93e8e4874b721fdb68939a0720ba5b5179aebcb5aa0875,9691,9207,9315,376,96.12011144360747,True,108,1.2611935412655559,2.8053031144050542,3.6905474662718163,12.613476937004437,12.613476937004437,4,37
3,86,17,sensitivity_30,0.087945000035688281,15582454f88aff01e9912a98093a02574a413a6227dd4fe2f8bc1b8664473c61,9691,9207,9253,438,95.480342585904452,True,46,1.2542246304434357,2.9212348543259612,3.9889413114123977,12.996052512646255,12.996052512646255,3,24
3,86,18,sensitivity_30,0.097131399961654097,6687d62874363e734d2d699138a8ef6cc0800a5a0ecdbc5119eead59bfd1c4e0,9691,9207,9303,388,95.996285213084306,True,96,1.2504274255233261,2.8685287635851147,4.1671975690008329,12.5882156677179,12.5882156677179,6,67
3,86,19,sensitivity_30,0.11778879998018965,2217ab5a849d3d61963f2dfb833ab1b6634af9aa0c9bfa3fd7a833700fd4b34d,9691,9207,9232,459,95.263646682488911,True,25,1.2515961615895457,2.9329825018177789,3.918335605221356,15.264598378487985,15.264598378487985,8,74
3,86,20,sensitivity_30,0.095694100018590689,5e66055c3b5399b9fe377c2d53b957d15cc29924fd56f20a258f85ae3ccc1b1f,9691,9207,9248,443,95.428748323186468,True,41,1.2759631688360795,2.9271059070940977,3.8787382667424306,12.5882156677179,12.5882156677179,1,3
3,86,21,sensitivity_30,0.10747039999114349,4f757850868dd89e3888d793e06577af101e87e64e11cf089eb325ce17241652,9691,9207,9307,384,96.037560623258699,True,100,1.2700316749599305,2.8471010843457702,4.484074256278153,12.996052512646255,12.996052512646255,4,26
3,86,22,sensitivity_30,0.10074830002849922,957e77b9c8d230f883aecf3fcc1df773b36718c19076ed7e2954b7c4d2efd5d6,9691,9207,9316,375,96.130430296151061,True,109,1.2652202414328624,2.8569263765727881,3.8787382667424306,12.5882156677179,12.5882156677179,3,25
3,86,23,sensitivity_30,0.10776820004684851,1673d24fc60e58bd2a85b7af4164edda545b0c68346fab04065015b9f5953045,9691,9207,9275,416,95.707357341863585,True,68,1.2890235947556836,2.8766215219552098,4.1077770843326444,12.996052512646255,12.996052512646255,5,57
3,86,24,sensitivity_30,0.10465269995620474,73605db201249cb132bca4ac33155514cad79d10c233af3d5cf6eefa64d6cf8f,9691,9207,9288,403,95.841502424930354,True,81,1.269506255638944,2.8967210506458065,4.0174015379721606,12.996052512646255,12.996052512646255,1,1
3,86,25,sensitivity_30,0.10347690002527088,766da8a8bd8543fc9e4d27447de38ae4c187d5cabde44f256bd90a0e9f113808,9691,9207,9270,421,95.655763079145601,True,63,1.2763898902068804,2.893123852494202,4.484074256278153,12.5882156677179,12.5882156677179,4,25
3,86,26,sensitivity_30,0.099460400000680238,ecf1dc9216fc23b80af8ac93f3fd7beacbe32202771b767e6740312724cefa9d,9691,9207,9302,389,95.985966360540715,True,95,1.2676516348903268,2.8346084585268327,4.0174015379721606,12.613476937004437,12.613476937004437,7,98
3,86,27,sensitivity_30,0.10044410004047677,a9b14bc223ec58f181fce2e1cdd2329a73859375ae49cdb4c50fe7dda4687839,9691,9207,9371,320,96.697967186048913,True,164,1.2715958172215656,2.8185441845515555,4.0132720066565986,12.996052512646255,12.996052512646255,2,28
3,86,28,sensitivity_30,0.097188299987465143,f76949e6b8c6afbd8dc856a76cec7fe0e6a0904f1add73eee85addc036f76246,9691,9207,9255,436,95.500980290991649,True,48,1.28127561091923,2.9152871441415926,4.2332417484306859,12.5882156677179,12.5882156677179,4,18
3,86,29,sensitivity_30,0.10700509999878705,fec67fd46802eab9eeff605595b285ac8ab7d6b5014d56313084cd2aa1f7a7ba,9691,9207,9271,420,95.666081931689192,True,64,1.2588148125689902,2.9185096953939889,3.8787382667424306,12.996052512646255,12.996052512646255,3,11
3,86,42,legacy_representative,0.13025429996196181,db19f5f007165d330fb8d22396cee74e04c36f8efa7b1c7d51ae4e97655123be,9691,9207,9286,405,95.820864719843158,True,79,1.2740692269075138,2.8878836113198458,3.8719424763219705,12.5882156677179,12.5882156677179,2,13
3,87,0,sensitivity_30,0.11757990001933649,af88218f728e85035a9dcbd259a6f0f2f3666d64b0866236eb477dac3ffd5e59,9691,9207,9310,381,96.068517180889486,True,103,1.2376448969747473,2.857260655158643,3.7118006710504501,12.996052512646255,12.996052512646255,5,39
3,87,1,sensitivity_30,0.12685290002264082,b4668486798042d811e0ee1b1445b79331b4444cd83c4f2a10605fbcdfbd9c97,9691,9207,9252,439,95.470023733360847,True,45,1.2578432695062711,2.9212348543259612,4.2749863076457704,15.264598378487985,15.264598378487985,2,10
3,87,2,sensitivity_30,0.12830109999049455,79442fce93bd4f4a707edfe6db57d2633431a4536acbfbf63804b5ff84e736c1,9691,9207,9278,413,95.738313899494372,True,71,1.2677021197849361,2.9136629389575845,3.797668336873663,12.996052512646255,12.996052512646255,2,25
3,87,3,sensitivity_30,0.14596250001341105,d30d22ecff4c4e6bd708dd04ca06342bff0c3a82a252613554fe0ffef4037570,9691,9207,9350,341,96.481271282633372,True,143,1.2767686917985412,2.8463517781647969,3.7261953966943295,12.613476937004437,12.613476937004437,3,9
3,87,4,sensitivity_30,0.15451720001874492,e936be293f852b7277dd13597439519e7c1f6169e1e1800128b54684f3e14a7b,9691,9207,9219,472,95.129501599422142,True,12,1.2698181992493613,2.9912058067699001,3.8459085147800738,12.5882156677179,12.5882156677179,3,36
3,87,5,sensitivity_30,0.147685999982059,42511c60dc547dabbc2cc02a62222e50138e94ef2a7749c1345aa2840a4648b0,9691,9207,9322,369,96.192343411412651,True,115,1.2581442132889158,2.860634006391245,3.9148546474319987,12.5882156677179,12.5882156677179,5,61
3,87,6,sensitivity_30,0.12649270001566038,361f170ea84e58adc82cf64e5178d011b9874b49126cbdef33e5e7a2b9693a8e,9691,9207,9262,429,95.573212258796815,True,55,1.2434390131990349,2.9667447458353147,3.9837389769922948,12.5882156677179,12.5882156677179,2,16
3,87,7,sensitivity_30,0.11593010002980009,340ff02c5ba3138f4f6afe642b56cb8851577ba574a479b937784a6038b83702,9691,9207,9359,332,96.574140955525749,True,152,1.2738127372964323,2.7406909138864073,4.0215730970709922,15.264598378487985,15.264598378487985,3,28
3,87,8,sensitivity_30,0.1274697000044398,8e299c7e3960220fcc15422c1f8dd29da5eb41f3419e5612f4b53c1114a9b1d1,9691,9207,9312,379,96.089154885976683,True,105,1.2568654930659005,2.8930185369026389,3.783187797552376,12.996052512646255,12.996052512646255,4,21
3,87,9,sensitivity_30,0.15105159999802709,2c37d326514d9843ddb43efd4fa8317451935edbe7c491c066d0678353e0ba04,9691,9207,9295,396,95.913734392735535,True,88,1.2610988884302274,2.860634006391245,3.7118006710504501,12.526406961586767,12.526406961586767,2,16
3,87,10,sensitivity_30,0.11843739997129887,eb3bba574078e3b54f45921f272fbee9ca487f38fcd8b1978385b0f8cedf5cc9,9691,9207,9265,426,95.604168816427617,True,58,1.2467884905449866,2.860634006391245,4.0215730970709922,12.613476937004437,12.613476937004437,7,62
3,87,11,sensitivity_30,0.12606709997635335,05d0b38abb0c737d8357877693f4def072d800b4abbd534554ddaf3a906f57fc,9691,9207,9276,415,95.717676194407176,True,69,1.2653748343362567,2.8881370822715016,3.9837389769922948,12.613476937004437,12.613476937004437,4,40
3,87,12,sensitivity_30,0.12169489997904748,2c3a29bc805c107527c54d0deefab7f33b880b53c15d9de904acfc898eb6ca49,9691,9207,9305,386,96.016922918171502,True,98,1.2846506061962859,2.8253113065173112,3.6905474662718163,12.996052512646255,12.996052512646255,6,46
3,87,13,sensitivity_30,0.10015010001370683,b09f1437bc171261cbb58d6edfe2de93d154183a6f15e30cb8f1ffffc8752d78,9691,9207,9351,340,96.491590135176963,True,144,1.2484629684146256,2.792645832076559,3.783187797552376,12.996052512646255,12.996052512646255,3,22
3,87,14,sensitivity_30,0.10480600001756102,23f3c503414d5b95be6aa53406344669c9364192523fbf116e917880a4a68838,9691,9207,9273,418,95.686719636776388,True,66,1.2635463123902366,2.9155771383206424,3.9255795486190559,12.996052512646255,12.996052512646255,2,59
3,87,15,sensitivity_30,0.098706800024956465,3475e3c7505a0dfd84b187543c38fc99e85f43616c0e5609ac5b6868e4cf3d23,9691,9207,9337,354,96.347126199566603,True,130,1.2750297436947944,2.8369234989628977,3.6515478120008416,12.996052512646255,12.996052512646255,5,58
3,87,16,sensitivity_30,0.097637000028043985,c1299260b6cfa691ee61b13b34adb0f8f937e7d4ec65211cbffd9d0a97bfa610,9691,9207,9327,364,96.243937674130635,True,120,1.2552418106931045,2.7919184436845446,3.6242548968871255,12.613476937004437,12.613476937004437,4,37
3,87,17,sensitivity_30,0.11103470000671223,93f7b11fcccd8bfa1f56efa82aea0f83d0b64e2f0970b8995b37ccfb7b623f52,9691,9207,9339,352,96.367763904653799,True,132,1.2716636373718999,2.7876689802182546,3.7118006710504501,12.613476937004437,12.613476937004437,3,48
3,87,18,sensitivity_30,0.12139899999601766,8f190367b6e1f02b3346fc683d1b02b52071e8634374e574d44fabc563e7ed04,9691,9207,9273,418,95.686719636776388,True,66,1.2603311379359439,2.8901978815737253,3.6935943104715294,12.613476937004437,12.613476937004437,6,36
3,87,19,sensitivity_30,0.11035939998691902,80147cd203599b500350e35e53440adf83b547442310785159ef25cdefc4dd0c,9691,9207,9344,347,96.419358167371783,True,137,1.2633367882437669,2.8600551144841591,4.0312385361357235,12.996052512646255,12.996052512646255,5,36
3,87,20,sensitivity_30,0.10842590004904196,d29fef4466f4824dab02ef35334a62ac2555a956d2c3accdcd4e923749f65ee2,9691,9207,9341,350,96.388401609740995,True,134,1.2653502579307812,2.7919184436845446,3.6634461908606326,12.996052512646255,12.996052512646255,4,44
3,87,21,sensitivity_30,0.11854649998713285,c024c49b93c456ef8ada89a5155d9566a244bc0edfe5f873971f9a528c5f559a,9691,9207,9341,350,96.388401609740995,True,134,1.2541870949654303,2.8563117475742792,3.8787382667424306,15.264598378487985,15.264598378487985,7,49
3,87,22,sensitivity_30,0.11969560000579804,b9ed5e46e20abe38f9a211726541cbed96f4b76b117ecb88bd3a3cadbb6064bf,9691,9207,9231,460,95.253327829945306,True,24,1.2834687763795567,2.974589672726391,4.0068526230154333,12.5882156677179,12.5882156677179,5,25
3,87,23,sensitivity_30,0.10722569999052212,2823cf5a7a461bf3b0e8241967dd0d1995befbb7491f6afa2e53eccd7612d5bf,9691,9207,9372,319,96.708286038592504,True,165,1.2646062378016323,2.7744622424275724,4.0215730970709922,12.996052512646255,12.996052512646255,3,50
3,87,24,sensitivity_30,0.10315979999722913,d582fab73140829f7dcac8ff82b0dced46f6c21a50e3e22419d0a50b9dfcdc32,9691,9207,9305,386,96.016922918171502,True,98,1.2780523512318032,2.8084584028515325,4.1559083071441147,12.613476937004437,12.613476937004437,2,35
3,87,25,sensitivity_30,0.1128368999925442,bd042a0722c54d19a45bc212b6382535ca6aed8bd9531ba90591e8a65759c89d,9691,9207,9330,361,96.274894231761422,True,123,1.2547287221788319,2.8346084585268327,3.9835178486145915,12.996052512646255,12.996052512646255,2,18
3,87,26,sensitivity_30,0.10368719999678433,a46631516e661378e50be20adf4022b289a61d156d19c70343fd344097f293b9,9691,9207,9325,366,96.223299969043438,True,118,1.2436568123158473,2.8393973785497382,3.9011157323121783,12.996052512646255,12.996052512646255,2,21
3,87,27,sensitivity_30,0.10370709997368976,07620bfdf4feea06220bd874cbf0dccccef7def59be39dcb243efa8d72d5f9c7,9691,9207,9358,333,96.563822102982144,True,151,1.2501485556723329,2.7157555890422915,4.17856218850915,12.996052512646255,12.996052512646255,4,36
3,87,28,sensitivity_30,0.10688359994674101,cb9de8e436c6313b3af0bf26fbfc9ab87520a534371700b1285b91fb8e960e71,9691,9207,9326,365,96.233618821587044,True,119,1.2450796419632095,2.860634006391245,4.4015605758911418,12.996052512646255,12.996052512646255,6,49
3,87,29,sensitivity_30,0.097760199976619333,1c4bf09ecd3e62026f098d56ff92cf6aa57f724cf054e6765a91abacd0fc79c7,9691,9207,9263,428,95.58353111134042,True,56,1.2551214865819489,2.9157393649414476,3.8787382667424306,12.996052512646255,12.996052512646255,3,11
3,87,42,legacy_representative,0.091645599983166903,74d77144e86b121aa2cf1b19bd528f008d84d02719208e89b6749d3040fbac33,9691,9207,9325,366,96.223299969043438,True,118,1.2518213161230378,2.8269074621346109,3.9087265248665872,12.996052512646255,12.996052512646255,4,62
5,35,0,sensitivity_30,0.065639900043606758,631a776198bbd53a1290cd2ede3ed2be968275681ba5de67b2ca22466f81510d,9691,9207,9057,634,93.457847487359402,False,-150,2.4005368771644386,5.4990864181098118,8.4952365672189778,16.299743927271756,16.299743927271756,7,90
5,35,1,sensitivity_30,0.05940200004260987,08d5c0f038f85751fb06b708302078a6503c0c89c89deba43f13da7efd3e4104,9691,9207,9063,628,93.519760602620991,False,-144,2.3850827125282898,5.3397523527060455,8.1408421996932994,16.732826938892167,16.732826938892167,7,40
5,35,2,sensitivity_30,0.059207200014498085,18dabc19100d7de35b44fba75e2a8c53d4fdcf21646ddbb623a57dd069e7849e,9691,9207,8998,693,92.849035187287171,False,-209,2.3875436298807919,5.6215040096577793,8.1161484069574605,16.299743927271756,16.299743927271756,13,120
5,35,3,sensitivity_30,0.053051700000651181,7ef67579df08cc879b8b150eadca09b5e81b3e3d1525a4474ee4a9a6282007e2,9691,9207,9007,684,92.941904860179548,False,-200,2.3776024886810179,5.5625750848760713,8.1161484069574605,15.738589550835977,15.738589550835977,6,72
5,35,4,sensitivity_30,0.048311299993656576,9a6909d22c7a8181741af813b0ffd749b7c0f59126f3f68c3237a8dc9b8b3c75,9691,9207,8967,724,92.529150758435662,False,-240,2.3599554690646625,5.5640201562591489,8.1576994591580263,16.299743927271756,16.299743927271756,4,27
5,35,5,sensitivity_30,0.054396799998357892,0e680ce8b897c7efdb4236fa0a8e2514cd9f4061a2f81fb077a00cb2ad385bc2,9691,9207,9099,592,93.891239294190484,False,-108,2.4208655401279957,5.3185093028749968,8.0239270509457317,16.732826938892167,16.732826938892167,8,57
5,35,6,sensitivity_30,0.058771299954969436,97323389869217c53e85c29495b7aeccbf21ecc669d341445705cd538c8238ae,9691,9207,9008,683,92.952223712723139,False,-199,2.3817754112244769,5.587914931728398,8.1195431767448483,16.732826938892167,16.732826938892167,8,54
5,35,7,sensitivity_30,0.046988799993414432,4d904c4efd0cd719982f6adeaf4fece612ba59a41ffb61860de880fde2c76b10,9691,9207,9178,513,94.706428645134665,False,-29,2.390851450411148,5.2077803545480599,8.4679345815311251,15.264598378487985,15.264598378487985,9,47
5,35,8,sensitivity_30,0.042911299970000982,a61f3dd5d285dbdf51e51c708e10249d7d6298fcaf1f0291e8eb6a64ec147389,9691,9207,9106,585,93.963471261995664,False,-101,2.4118977842215577,5.2709408101469153,8.0783597465686618,16.732826938892167,16.732826938892167,8,56
5,35,9,sensitivity_30,0.045771699980832636,f1110aa3c085f5cc6d23f1c4ac18be5b7265f5137bd31f4e74e58504c4e5871c,9691,9207,9120,571,94.107935197606025,False,-87,2.4797388914976963,5.192823737515246,7.9153424710050313,16.299743927271756,16.299743927271756,6,59
5,35,10,sensitivity_30,0.042745099985040724,2fb7608e78f3a1ea1ce7a60c8c7206b616062441e97d470c1f75a3c3763c7d2d,9691,9207,9019,672,93.065731090702712,False,-188,2.4373858150199181,5.5985114996087209,7.9496633139743036,16.299743927271756,16.299743927271756,9,68
5,35,11,sensitivity_30,0.055829599965363741,e23fda7ec0da085328dda0bbd78eebe357e2d7ce4e8a728779d095334f273100,9691,9207,9053,638,93.416572077185023,False,-154,2.4379270345972088,5.4089682158731538,8.1124941160023578,16.299743927271756,16.299743927271756,8,34
5,35,12,sensitivity_30,0.059844299976248294,68b8215cbf39dd727a84993e4c4fa7d9dadb12081cb189722abf20b5d69ad65b,9691,9207,9110,581,94.004746672170057,False,-97,2.4866249250138024,5.31161628743041,7.6407977858590881,16.299743927271756,16.299743927271756,8,82
5,35,13,sensitivity_30,0.061293600010685623,1b4085652d9e9cd1fa3e6e1d0a86021b869e73842c06d58479ae78af7e62f755,9691,9207,8991,700,92.776803219481991,False,-216,2.4025293524254852,5.5640201562591489,8.1576994591580263,16.299743927271756,16.299743927271756,6,82
5,35,14,sensitivity_30,0.052239199983887374,3f714cb150c144b68f9c80b033e867fc881f7af3349a5501a3ecd0be433abab3,9691,9207,9077,614,93.664224538231352,False,-130,2.3760379936569658,5.2986081779933114,8.4952365672189778,16.299743927271756,16.299743927271756,7,46
5,35,15,sensitivity_30,0.055544600007124245,4db8f071673a6c596bce5b9ab5102d63a02d43b42621f0b47bac0d42506b5144,9691,9207,9011,680,92.983180270353941,False,-196,2.4169800917605704,5.5229841452628907,8.1161484069574605,16.299743927271756,16.299743927271756,11,56
5,35,16,sensitivity_30,0.04470440000295639,2ac98f5d590ee5dc6dd90ae87e891ff2eb0b897a6b29d1bdcffadce48e7d3d5f,9691,9207,9088,603,93.777731916210911,False,-119,2.3929529930316238,5.4582870544660063,8.1161484069574605,16.732826938892167,16.732826938892167,8,47
5,35,17,sensitivity_30,0.047418200003448874,2026979f55a283bb72b20e5b8a1c36852bbb02ca7bb23653cb0903d5afdaa1bc,9691,9207,8965,726,92.508513053348466,False,-242,2.430346347040333,5.3713285860499864,7.9990840915252903,16.732826938892167,16.732826938892167,8,111
5,35,18,sensitivity_30,0.049271000025328249,51d08d8ddfb9eb62431709fb5b97ffc01b69748ad0db7f9e2fce92bf4bd11011,9691,9207,8957,734,92.425962232999694,False,-250,2.3594674512347278,5.5625750848760713,8.1576994591580263,16.299743927271756,16.299743927271756,6,20
5,35,19,sensitivity_30,0.058848800021223724,944a31d3f3cac0fdc6b77e26b248b130e0282080cac29cb775ec6ec462369ac2,9691,9207,9033,658,93.210195026313073,False,-174,2.3970706389331773,5.5807745408409648,8.3448863221594376,16.299743927271756,16.299743927271756,11,52
5,35,20,sensitivity_30,0.047640700009651482,893665c3e50e013bda88c55316136fcbe1a432c60d49c248f2a83cd509be4f31,9691,9207,9059,632,93.478485192446598,False,-148,2.4206729058808372,5.3144161621884516,8.3081294626190001,16.299743927271756,16.299743927271756,7,27
5,35,21,sensitivity_30,0.058379900001455098,c9d36c8890e549ee819e2da4617822f31695d4ea7405147fb2a8a97f9656ac73,9691,9207,9012,679,92.993499122897532,False,-195,2.4434617429715142,5.5590948884469213,7.6692792063549771,16.732826938892167,16.732826938892167,3,13
5,35,22,sensitivity_30,0.04601709998678416,3b91288580d9c52d9f69af55c468181bd719fe24111e6a3b5522295c95ae4550,9691,9207,9068,623,93.571354865338975,False,-139,2.4037906209327851,5.4990864181098118,8.3081294626190001,16.732826938892167,16.732826938892167,6,31
5,35,23,sensitivity_30,0.046968800015747547,498398fcf1273c09c117863099eb0521291d59c3bbbc365d539a5b0281cb6844,9691,9207,9075,616,93.643586833144155,False,-132,2.4081135490257743,5.3062106472676085,8.111367610828264,16.299743927271756,16.299743927271756,8,31
5,35,24,sensitivity_30,0.065271499974187464,d8b80eb778ba4127dc18866c55df456a0fd9a3ae43dba9441291b2465a0b89d0,9691,9207,9102,589,93.922195851821272,False,-105,2.421304354933258,5.238991996197039,8.3081294626190001,16.732826938892167,16.732826938892167,5,21
5,35,25,sensitivity_30,0.065344100003130734,efb4cb6942946b21cf6122a56c56b0b49cf02394814af5199bdd2ecd75b1fca7,9691,9207,9103,588,93.932514704364877,False,-104,2.4761209700421638,5.2729549777382889,8.1161484069574605,15.264598378487985,15.264598378487985,11,36
5,35,26,sensitivity_30,0.070196599990595132,e26e5e92d971d37c71d902469cc0b32a1754f5ff5347150de8741f05e08e74d4,9691,9207,8981,710,92.673614694046023,False,-226,2.4381694337725714,5.6656515011347421,8.1161484069574605,16.732826938892167,16.732826938892167,8,48
5,35,27,sensitivity_30,0.053237500018440187,b3edda08eeb3158daf6597575868eec447abc19eb19ef4a64c7e1c6e1d7bc890,9691,9207,9012,679,92.993499122897532,False,-195,2.3649017375323509,5.6110618146377256,8.1195431767448483,16.732826938892167,16.732826938892167,5,54
5,35,28,sensitivity_30,0.065291200007777661,0b3ca3af00e7586050c5caeabc20bb23d1742e12123f7515cd5c8383480e522c,9691,9207,9135,556,94.262717985759977,False,-72,2.3865475876239035,5.2483237972155763,8.1161484069574605,16.732826938892167,16.732826938892167,10,50
5,35,29,sensitivity_30,0.049188200035132468,3f56274d526abac47206923a136cf8dfc6840fd1733fee2acd490152b6e3e898,9691,9207,9041,650,93.292745846661845,False,-166,2.3951287703466191,5.5587697264116764,8.1161484069574605,16.732826938892167,16.732826938892167,10,32
5,35,42,legacy_representative,0.044279400026425719,3cdd249bf158c5986fe846a869ac249e697ded5324e782a5435bf1810c20b6cd,9691,9207,8958,733,92.436281085543285,False,-249,2.3642722633469773,5.6715885370811039,8.1161484069574605,16.732826938892167,16.732826938892167,4,21
5,36,0,sensitivity_30,0.056240500009153038,d7348415a1b347e4d2920912f30961bc82535f7971aa121b84c1923454578b72,9691,9207,9127,564,94.180167165411206,False,-80,2.4004427327529387,5.1246324873336615,8.3296675132769682,15.264598378487985,15.264598378487985,4,20
5,36,1,sensitivity_30,0.064112799998838454,2a30c75c892f657386e73dbd4639342079ce32fc64dd80086a19eaca3aed8fe3,9691,9207,9116,575,94.066659787431632,False,-91,2.3775479639816983,5.1880136223226545,8.0411959505602262,16.299743927271756,16.299743927271756,6,20
5,36,2,sensitivity_30,0.065615300030913204,15f62e4e190f778bc86b3d622aa1f1e92f74d205c571b6b1179c01502c8ecf26,9691,9207,9055,636,93.437209782272205,False,-152,2.3119248202617531,5.419386348563429,8.1161484069574605,16.299743927271756,16.299743927271756,4,32
5,36,3,sensitivity_30,0.061292900005355477,678b2fbf6b198f16dde35a0d753746136ac7eedce195c03e65cec972e48c9e00,9691,9207,9050,641,93.385615519554221,False,-157,2.3286291935534602,5.5773370720019795,8.1161484069574605,16.299743927271756,16.299743927271756,4,48
5,36,4,sensitivity_30,0.055969600041862577,2abc75823fc5bcf77285c8a428910cbaee9333aea8d1f91b49ac7b0d0888f959,9691,9207,9041,650,93.292745846661845,False,-166,2.3498358855154495,5.5918824709441353,7.8353464473322276,15.264598378487985,15.264598378487985,12,88
5,36,5,sensitivity_30,0.063836999994236976,feb804d5b48289b8030b9cb04f078dab14ac41e242583d35476d0ebb2d7c9705,9691,9207,9069,622,93.581673717882566,False,-138,2.378444688530124,5.4990864181098118,7.9590072208441809,16.732826938892167,16.732826938892167,6,24
5,36,6,sensitivity_30,0.063138799974694848,cd08a6a5e23ccba427adfef8ca9328517b8f91a29670a73d1053b97f2d4e5aba,9691,9207,9091,600,93.808688473841713,False,-116,2.3337813710020048,5.3110452129346175,8.1161484069574605,16.732826938892167,16.732826938892167,8,54
5,36,7,sensitivity_30,0.069225400045979768,ea555f8c1b814d912896765c7f6d4e2d1160393fdd7649e157d0d12aa9e0ec63,9691,9207,9159,532,94.51037044680632,False,-48,2.3231547426100794,5.2115531731382836,8.9089314886880953,15.903757541667366,15.903757541667366,8,68
5,36,8,sensitivity_30,0.071024100005161017,921d07700b7a546d0f3ae9bd10cfce5a2b00db73142d5181a8619d125a4119ef,9691,9207,9139,552,94.30399339593437,False,-68,2.4016839141016186,5.3019479505237781,7.9990840915252903,16.299743927271756,16.299743927271756,6,41
5,36,9,sensitivity_30,0.078291499987244606,f39ccb0e447bd560c47b44f0fc0b5947424ff4d3ccab4844ecab2304f7ffde95,9691,9207,9041,650,93.292745846661845,False,-166,2.3567030648424883,5.3285793358768982,7.9990840915252903,16.299743927271756,16.299743927271756,8,50
5,36,10,sensitivity_30,0.063381899963133037,53806b6e968fd15c883cb81956404f8fe6425e0bb0d56f1d1857481561742de9,9691,9207,9032,659,93.199876173769482,False,-175,2.3307673185248876,5.5259758270372537,8.0239270509457317,16.732826938892167,16.732826938892167,4,16
5,36,11,sensitivity_30,0.078408600005786866,ac79f799746dda521438ff0f6c851103c1aaa02c87be8d37aef47fd823b72787,9691,9207,9055,636,93.437209782272205,False,-152,2.3922548554961804,5.4378996064193643,7.3172901919099624,15.903757541667366,15.903757541667366,11,79
5,36,12,sensitivity_30,0.083088399958796799,919f93bfac77870cd3ea1c224713248e238bdb903e1853fe684b6e323f0f1037,9691,9207,9065,626,93.540398307708188,False,-142,2.4211676504829271,5.3150575874868338,7.7696303191588481,15.264598378487985,15.264598378487985,6,23
5,36,13,sensitivity_30,0.088471799972467124,e97737cf36e5456215db819bda4397f64c9461fbb7ef377bbbc629147efd9d71,9691,9207,9039,652,93.272108141574662,False,-168,2.3392801050669982,5.5395513462258732,8.1293650889254785,16.299743927271756,16.299743927271756,5,54
5,36,14,sensitivity_30,0.08315799996489659,de95acbb542f77d8fb0aa2039bf025b32b1ed35b7a769d833d6601c41d4b1003,9691,9207,9184,507,94.76834176039624,False,-23,2.3792885928060952,5.1078004453196515,8.1161484069574605,16.732826938892167,16.732826938892167,6,78
5,36,15,sensitivity_30,0.075113400002010167,2b857297f8601c4ad136579bb184acffb9747ffd44109d81d9e0cfe984734098,9691,9207,9111,580,94.015065524713648,False,-96,2.3345229391460811,5.3923671292717064,7.9990840915252903,16.299743927271756,16.299743927271756,3,51
5,36,16,sensitivity_30,0.077864699997007847,66aa110ead13f35fc1ebc25c1d780492b6c5fa87227811c90f6ba72780fd61cb,9691,9207,9166,525,94.5826024146115,False,-41,2.3939663739890111,5.1154657032226298,8.1161484069574605,16.732826938892167,16.732826938892167,2,25
5,36,17,sensitivity_30,0.062511700030881912,87d4c09073ba16d1b05523433ae542998d9e7ec61ee821e063de71b91c52a637,9691,9207,9092,599,93.819007326385304,False,-115,2.3555259553975536,5.3285793358768982,8.1161484069574605,16.299743927271756,16.299743927271756,7,53
5,36,18,sensitivity_30,0.053182800009381026,d224ad5f84f0fb8b5221eb0a13cc7c8be3919e78b25d2bfffb14406b44a5e526,9691,9207,9095,596,93.849963884016091,False,-112,2.3741528989662095,5.3062106472676085,7.9564364438117057,16.732826938892167,16.732826938892167,8,45
5,36,19,sensitivity_30,0.062004500010516495,f5a5db83330bb37f542185b7653fb39f77ad35ee275e25932e0e1ba1d8fbcd7e,9691,9207,9029,662,93.16891961613868,False,-178,2.346098728565623,5.4393041375881053,8.0879939572563799,16.732826938892167,16.732826938892167,8,45
5,36,20,sensitivity_30,0.070069499954115599,73f930153c34bc45b71a2cb76e10c330a5791b15f21a69ec99f22011a2c8519d,9691,9207,9078,613,93.674543390774943,False,-129,2.3800794155769442,5.4153507573990236,8.1161484069574605,15.903757541667366,15.903757541667366,7,33
5,36,21,sensitivity_30,0.066840700048487633,014239b7bf8ac4018acbf499f74f091b68606172baad8836a70c6ba5121876d0,9691,9207,8980,711,92.663295841502432,False,-227,2.3567395725510338,5.6133865585490357,8.3081294626190001,16.299743927271756,16.299743927271756,7,35
5,36,22,sensitivity_30,0.077454000012949109,9fdf352402eb6057de46e6cff21f5d7c7757e48e5fddb655f4a14d18c51613f2,9691,9207,9210,481,95.036631926529765,True,3,2.3573582915220199,4.9899793820246741,8.1161484069574605,15.264598378487985,15.264598378487985,7,25
5,36,23,sensitivity_30,0.066072699963115156,0d4be646fe57fb3098edb5f6964f4b832dc5876e0444ad0dad2816bd36cd720b,9691,9207,9051,640,93.395934372097827,False,-156,2.3387846056509169,5.4932631046563021,8.1161484069574605,16.299743927271756,16.299743927271756,9,33
5,36,24,sensitivity_30,0.052893100015353411,84988cfe96ef09f7745add00d091400a5a85d53e56be0dae05f7129c1aa5d83e,9691,9207,9158,533,94.500051594262715,False,-49,2.3826243255792767,5.0887837074970177,8.0783597465686618,16.732826938892167,16.732826938892167,5,21
5,36,25,sensitivity_30,0.054078400018624961,7297a1c519d824bf4401163e0bc4982823fc38367f255bf9da3d4a3d3303d5af,9691,9207,9083,608,93.726137653492927,False,-124,2.3770881554597474,5.146456088044487,7.8264919710864751,15.264598378487985,15.264598378487985,8,28
5,36,26,sensitivity_30,0.052740300016012043,cfaecb64f1001e04f351d3ff5456fc02c2d6c883aedd0ea7e5c4b5a69378c292,9691,9207,9138,553,94.293674543390779,False,-69,2.3255811872800392,5.1246324873336615,8.4584813462656836,16.732826938892167,16.732826938892167,5,26
5,36,27,sensitivity_30,0.057480200019199401,f73e82288e2ee225c8c3675646d1ade8e47ec112a63c811d8820a2636fa3d295,9691,9207,9040,651,93.282426994118254,False,-167,2.3432191059210976,5.5590948884469213,8.1161484069574605,16.299743927271756,16.299743927271756,8,99
5,36,28,sensitivity_30,0.056719100044574589,51485cde1aae974b084f7efb0aa46a3c423b6cc7df46a6d04f24330b86d5185c,9691,9207,9179,512,94.716747497678256,False,-28,2.3565753915046082,5.1658595894869714,8.1161484069574605,16.732826938892167,16.732826938892167,11,51
5,36,29,sensitivity_30,0.064021900005172938,184306e4a35ac30447e69af42a41529100804d3545f3c7096f77bcc9b13cc9b5,9691,9207,9054,637,93.426890929728614,False,-153,2.3374451492663031,5.6026758882666696,8.1161484069574605,16.299743927271756,16.299743927271756,1,2
5,36,42,legacy_representative,0.057183399971108884,bae49c56e0229e02a69479e89879d72c6aa668695fabdf804ba9d85037d47c2f,9691,9207,8994,697,92.807759777112778,False,-213,2.3448759136211281,5.3591705730317267,8.1161484069574605,16.732826938892167,16.732826938892167,2,19
5,37,0,sensitivity_30,0.05252440000185743,08ac9e1c8ee144ee0997694bdff7484f2af46407d7ffc320140a2f2a70adbb94,9691,9207,9133,558,94.242080280672795,False,-74,2.3322737061234631,5.1246324873336615,7.9404559183109642,16.299743927271756,16.299743927271756,6,20
5,37,1,sensitivity_30,0.068342700018547475,b090761d1337215b613903e03c005c9133b48cbb5714ac6db112766b03dc3985,9691,9207,9116,575,94.066659787431632,False,-91,2.3011328335335386,5.31161628743041,7.8232456675617108,16.299743927271756,16.299743927271756,6,65
5,37,2,sensitivity_30,0.068307599984109402,6a51cb9e22c37caba7b2cb2aa7f7271d1a3af943a7d89f7ea799a8ca7609e8d9,9691,9207,9069,622,93.581673717882566,False,-138,2.2902464254923554,5.3816628949012237,8.1161484069574605,15.738589550835977,15.738589550835977,8,71
5,37,3,sensitivity_30,0.065940400003455579,815dc2d28aa4bfb3a8eb97eac898a9a8f0400fcef77cbf91e84ee735ac836372,9691,9207,9136,555,94.273036838303582,False,-71,2.2999577184778839,5.2655852976707207,7.6183208855853168,16.732826938892167,16.732826938892167,7,64
5,37,4,sensitivity_30,0.053816900006495416,2076f1b1835bfc5d411695399ca418471974167e26e885d725d2b5ce71b15614,9691,9207,9121,570,94.118254050149616,False,-86,2.3609852585296665,5.2064448144805793,7.4041581466192561,16.732826938892167,16.732826938892167,9,45
5,37,5,sensitivity_30,0.05545350001193583,d6b644bc52074874c58adf795680cee7dab9d112fe165a0539310d13660004d3,9691,9207,9059,632,93.478485192446598,False,-148,2.2937820613883666,5.3062106472676085,7.9153424710050313,16.299743927271756,16.299743927271756,9,52
5,37,6,sensitivity_30,0.056221299979370087,202b95997f6241547c6fccce99041188472aa62ead747808e38043279164fe10,9691,9207,9189,502,94.819936023114224,False,-18,2.3285954921845771,5.1658595894869714,7.9153424710050313,16.299743927271756,16.299743927271756,7,39
5,37,7,sensitivity_30,0.055044899985659868,eaf8ff5f90605afa8aef377975feb01e107aca8f487f2ec159c7475ad121ee3f,9691,9207,9099,592,93.891239294190484,False,-108,2.318997807813572,5.2729549777382889,8.0239270509457317,15.264598378487985,15.264598378487985,10,86
5,37,8,sensitivity_30,0.050534199981484562,820f428795c1f03183866979d0f6f9499c001d5238443b4b14436c8b4133ac49,9691,9207,9106,585,93.963471261995664,False,-101,2.3198913650565682,5.3062106472676085,7.2768380535479675,15.903757541667366,15.903757541667366,10,44
5,37,9,sensitivity_30,0.049616599979344755,c6ca9b29a98c63d0dfaac2cd89adbc6633ebf421028a8baa32e761172bdca80d,9691,9207,9206,485,94.995356516355386,False,-1,2.3124040583760337,5.0278622578732834,7.9153424710050313,16.299743927271756,16.299743927271756,6,29
5,37,10,sensitivity_30,0.058100199967157096,ed528aa5ae3a42e1f8bb7638021cb529786045b89611cdb6756760765234d568,9691,9207,9176,515,94.685790940047468,False,-31,2.3272774507072715,5.1498705086201992,8.1161484069574605,15.264598378487985,15.264598378487985,9,52
5,37,11,sensitivity_30,0.05085020000115037,35195fa7bdc3608eea2ebdff33afccf7ce5076c0b0d575cdc33a410dbf03c456,9691,9207,9074,617,93.63326798060055,False,-133,2.3029752924885019,5.3062106472676085,8.0239270509457317,16.299743927271756,16.299743927271756,6,17
5,37,12,sensitivity_30,0.053139800031203777,cfffb7c3c82e3fa5caaa02263b1a9ee2c01ded0ec69489179903e74dd5e30ba2,9691,9207,9161,530,94.531008151893516,False,-46,2.2789132865642738,5.1246324873336615,8.1408421996932994,16.732826938892167,16.732826938892167,7,26
5,37,13,sensitivity_30,0.050309399957768619,a79464d9dec25f77653c533448d0954b1d2fd52de6b4190e0a3158421327f711,9691,9207,9198,493,94.9128056960066,False,-9,2.3399747348670714,5.0278622578732834,8.1161484069574605,15.264598378487985,15.264598378487985,5,14
5,37,14,sensitivity_30,0.063394400000106543,1bdce830c27f51441eb8d3fd5da12107ba43304cc834f6e54c68e091dac33ea0,9691,9207,9133,558,94.242080280672795,False,-74,2.317877037763552,5.2904505929008412,7.9496633139743036,15.264598378487985,15.264598378487985,10,82
5,37,15,sensitivity_30,0.057337100035510957,6631cc254500a459628872f02fa6a8dd60ec236e7eddcfa4557c01eb96787c46,9691,9207,9099,592,93.891239294190484,False,-108,2.3123259864314814,5.1610069955390747,7.8195226735306713,15.264598378487985,15.264598378487985,9,27
5,37,16,sensitivity_30,0.046824300021398813,724f3fb8d66472ca549b8a1de89e8f6bff0c12a30fe1a4cf34d0b6efc960e557,9691,9207,9090,601,93.798369621298107,False,-117,2.3340582365171398,5.3397523527060455,7.6407977858590881,15.738589550835977,15.738589550835977,11,98
5,37,17,sensitivity_30,0.052976100007072091,255d1e1ba1db23b79a28883349924d9a6a7aa7c820c92668ba3c858fcff020fa,9691,9207,9221,470,95.150139304509338,True,14,2.3021407825871427,4.9899793820246741,8.4584813462656836,16.299743927271756,16.299743927271756,5,42
5,37,18,sensitivity_30,0.051737100002355874,29e94fcfe67b4b52d86058298a74e976c216da2779b2f8d440127dbbef210102,9691,9207,9171,520,94.634196677329484,False,-36,2.3256761479676578,5.0595350641193253,7.8232456675617108,16.732826938892167,16.732826938892167,7,24
5,37,19,sensitivity_30,0.046295100008137524,ac4c39b9f0bef35a512b6d56502ea34e3594aeaddf339a1820797bf72222e63e,9691,9207,9187,504,94.799298318027041,False,-20,2.3372488835893344,5.0764554770626775,8.1161484069574605,15.264598378487985,15.264598378487985,10,88
5,37,20,sensitivity_30,0.054032899963203818,5a982b86b3529da2c1e2b992f168493eee3df2fe38614627461dfb18a619d215,9691,9207,9096,595,93.860282736559697,False,-111,2.3472060024327224,5.3458960582960309,7.2687574679380598,15.903757541667366,15.903757541667366,9,34
5,37,21,sensitivity_30,0.046574600040912628,fb8f694afb19466aef0581a9069c412f8ada60ce1eccf87130cc64d93b38be23,9691,9207,9175,516,94.675472087503863,False,-32,2.2960364695879076,5.2248952432388798,8.1161484069574605,16.299743927271756,16.299743927271756,7,40
5,37,22,sensitivity_30,0.051143699965905398,fec247e13e35396decbb2637962bba3bcd00c7db1638013ea475f1b53ee4842e,9691,9207,9145,546,94.365906511195959,False,-62,2.331053454742146,5.2729549777382889,7.4273769159955156,16.732826938892167,16.732826938892167,4,32
5,37,23,sensitivity_30,0.052686800016090274,a8329ffc082e3350672fb3e18274bdb9007748ddb3058e8e511d9dc1197a6fcd,9691,9207,9103,588,93.932514704364877,False,-104,2.3053802511328279,5.4765949831525926,7.7244207351762082,15.264598378487985,15.264598378487985,6,58
5,37,24,sensitivity_30,0.059919600025750697,338d12a43a68e13689e31875432a3a9878d802819332e895e46c319b6d996b6e,9691,9207,9187,504,94.799298318027041,False,-20,2.289570950860659,5.0532208119170035,8.0783597465686618,16.732826938892167,16.732826938892167,6,37
5,37,25,sensitivity_30,0.060573599999770522,d7f7ab387f2e80415e14bb7e76fe2e686ab497b54ba52aa9cffa8c58ea7aebb9,9691,9207,9176,515,94.685790940047468,False,-31,2.302255537501686,5.0595350641193253,7.8584268727805577,15.903757541667366,15.903757541667366,7,43
5,37,26,sensitivity_30,0.067664100031834096,d56801fbd56abf521802d6d5a457ab0151e6f109fa58281d846caa2ceed32a33,9691,9207,9105,586,93.953152409452073,False,-102,2.3459119248626803,5.3591367810810517,7.9496633139743036,15.738589550835977,15.738589550835977,10,83
5,37,27,sensitivity_30,0.074735799978952855,cec98ccc7545e3c054b5aa58ec66bef4a5e628c6aedcdd9ffadbb7f88e735bbe,9691,9207,9183,508,94.758022907852649,False,-24,2.3817752664724297,5.0595350641193253,8.0783597465686618,16.299743927271756,16.299743927271756,5,35
5,37,28,sensitivity_30,0.089260099979583174,b8c8acc90571a0383cb14273281e827528907c1cd9bbbbed603b3b6b69f55136,9691,9207,9118,573,94.087297492518829,False,-89,2.308214971219932,5.3588180250657578,7.278382257782817,16.732826938892167,16.732826938892167,2,17
5,37,29,sensitivity_30,0.083422900002915412,c76fa0b88b10494673363048216b6bc08ab210f9b9886d1c56ebd1f6a4965ea3,9691,9207,9029,662,93.16891961613868,False,-178,2.3321924176771582,5.4393041375881053,8.1161484069574605,16.732826938892167,16.732826938892167,9,61
5,37,42,legacy_representative,0.046252799977082759,daba90b47d73db3f6d38ff3e9385f906d0fdbf0d1b40438988c921ebf909554b,9691,9207,9034,657,93.220513878856664,False,-173,2.3269756094369027,5.4142533869960525,7.9927218987299211,15.738589550835977,15.738589550835977,6,79
5,38,0,sensitivity_30,0.048625499999616295,2d8d2751750ca19cabf2ed877e27d724a0cea186a1bd775dc12c42b36b39ddf5,9691,9207,9154,537,94.458776184088336,False,-53,2.2917446487597943,5.0707871170606698,7.8195226735306713,15.264598378487985,15.264598378487985,4,18
5,38,1,sensitivity_30,0.057920599996577948,1fb03b22de629faac988ef16d416cd2fbeeb042ffaead9407446e2ba3caf8a9d,9691,9207,9198,493,94.9128056960066,False,-9,2.3076617518142766,5.0180591695684589,7.9496633139743036,15.264598378487985,15.264598378487985,10,85
5,38,2,sensitivity_30,0.050162800005637109,d1dbd837f208199f30068c2692d294dcee843670adef7242956b6c5425b65a56,9691,9207,9101,590,93.911876999277681,False,-106,2.2671018128084408,5.3591705730317267,7.270302615454562,15.264598378487985,15.264598378487985,3,21
5,38,3,sensitivity_30,0.052350699959788471,413cecc5ac49533aa2827c58d90653776e918ca695900c92d15c918ab2fc0fb6,9691,9207,9244,447,95.387472913012076,True,37,2.2594876550913203,4.8832994504991198,8.1483811008146496,15.264598378487985,15.264598378487985,7,35
5,38,4,sensitivity_30,0.063409099995624274,f85fec8eeb7ab77de1a336c22fa0951fc86b9cd798db27e3d317ad0432f350f7,9691,9207,9152,539,94.43813847900114,False,-55,2.2792473155873885,5.2729549777382889,7.3521645839938818,16.299743927271756,16.299743927271756,7,36
5,38,5,sensitivity_30,0.053707199986092746,977f3ff5e2e7377dcae6228d965e9eb665722e44c13c513478979fcff6dcd120,9691,9207,9228,463,95.222371272314518,True,21,2.2912475937949806,4.969988791351958,8.0239270509457317,15.264598378487985,15.264598378487985,6,21
5,38,6,sensitivity_30,0.050349900033324957,8132f2e71f9148f167a74989df641c713b717f58ade97ced6cecca339936978f,9691,9207,9200,491,94.933443401093797,False,-7,2.2798722237396953,5.0278622578732834,8.0783597465686618,16.299743927271756,16.299743927271756,6,61
5,38,7,sensitivity_30,0.060472900047898293,6c93188857660b4e421885526ecf968a53b9bf354e477106ac1187ad348c416d,9691,9207,9171,520,94.634196677329484,False,-36,2.3247640769105904,5.1146722361470127,7.4816580761088085,15.264598378487985,15.264598378487985,5,30
5,38,8,sensitivity_30,0.049814999976661056,ce1f3783738bde1364287c8086fddc1a051887ac2b5bafa76a24eedd24d776b5,9691,9207,9188,503,94.809617170570633,False,-19,2.2455240944569952,5.0595350641193253,8.0783597465686618,16.299743927271756,16.299743927271756,9,38
5,38,9,sensitivity_30,0.046452399983536452,68b47520f751fba45c196b688095a33cc709bd8e94f247b3c1698aa0c780b048,9691,9207,9108,583,93.984108967082861,False,-99,2.2426758958084263,5.3036919005461716,7.4400715960094619,16.732826938892167,16.732826938892167,4,16
5,38,10,sensitivity_30,0.049595899996347725,9ec55d60b3650b11196dffe97201dc36e3be89a2b370952326ed17fb94e18da8,9691,9207,9211,480,95.04695077907337,True,4,2.3139422378571499,4.9899793820246741,7.4400715960094619,16.299743927271756,16.299743927271756,7,85
5,38,11,sensitivity_30,0.043487699993420392,a7c41a85266e0d74a4583d9ca0c6414223ea5d97b8fe4e91a65fc440bed2e0c0,9691,9207,9090,601,93.798369621298107,False,-117,2.2748240748258266,5.2709408101469153,7.5426397630167976,16.299743927271756,16.299743927271756,5,16
5,38,12,sensitivity_30,0.040915200021117926,7d14f5aa48ba3f9c752575b0c3f31a53e9ddaf05ef53a407165e52e713be8fff,9691,9207,9217,474,95.108863894334945,True,10,2.3633364390807614,4.9899793820246741,6.8757102246512982,15.264598378487985,15.264598378487985,10,61
5,38,13,sensitivity_30,0.040907600021455437,a3cdf07c7b683aca473329e61a53cb710e18f095b8e82a65039613835c4f1ad9,9691,9207,9257,434,95.521617996078831,True,50,2.3157724758350917,4.8558597204568308,7.6801816460237822,15.264598378487985,15.264598378487985,7,61
5,38,14,sensitivity_30,0.040802699979394674,d94dbc86da41d5e04243bff68441518fe535f5b45c2e8665331c3a1196080352,9691,9207,9179,512,94.716747497678256,False,-28,2.2506570805176365,5.0595350641193253,8.1161484069574605,15.264598378487985,15.264598378487985,6,21
5,38,15,sensitivity_30,0.042304600006900728,98a071a54d7df4020e5b37135a3bc5bfb4003d874ef4c4c136c91ae2c03ab441,9691,9207,9128,563,94.190486017954797,False,-79,2.2743136152537402,5.1246324873336615,7.8195226735306713,15.264598378487985,15.264598378487985,6,16
5,38,16,sensitivity_30,0.045908400032203645,5255cc56446e9f035db5bf33aa461c9b0edbbd6dadbd827089d8e073191f0eb3,9691,9207,9211,480,95.04695077907337,True,4,2.2693326248849965,4.9899793820246741,7.0565701180747205,15.264598378487985,15.264598378487985,4,33
5,38,17,sensitivity_30,0.051745199947617948,fa43d1c61ee71631c3add6c31ae6340de04a2aa843c38b9ba0addbdad36db459,9691,9207,9197,494,94.902486843463009,False,-10,2.3243964884493065,5.0062308436005312,7.0926670555203675,15.264598378487985,15.264598378487985,6,33
5,38,18,sensitivity_30,0.073793800023850054,cab7b20294b106c76966bd7a80d448322f5d41ee28f254683e489f30c94947a8,9691,9207,9229,462,95.232690124858109,True,22,2.3302164857024654,4.9428965393030104,7.3957089400314704,15.264598378487985,15.264598378487985,4,45
5,38,19,sensitivity_30,0.050882100011222064,ee19e3d312daaa8164e103bee2f0dc7842a934508004402ca76bff2a13d2917a,9691,9207,9241,450,95.356516355381288,True,34,2.2719342813178809,4.9424862787309936,7.7308653001542851,16.299743927271756,16.299743927271756,5,20
5,38,20,sensitivity_30,0.048627100011799484,1f5f7a4f6c34276ab7c1ca5ab6bea8f4051e03d1a140981f32ffd836c8d33e87,9691,9207,9128,563,94.190486017954797,False,-79,2.2262637385926092,5.2248952432388798,8.1161484069574605,16.732826938892167,16.732826938892167,9,40
5,38,21,sensitivity_30,0.048661599983461201,5a943dd90066243a8fa61d125d9e940461ef9842eb1100d490c9ef7dcd2f7652,9691,9207,9222,469,95.160458157052929,True,15,2.2941756950390788,4.9603715463089149,7.8232456675617108,15.264598378487985,15.264598378487985,8,57
5,38,22,sensitivity_30,0.047165600000880659,e421e76bd5b439407e2bae82299e221dc15c7bb680e5da155430650da191a32c,9691,9207,9203,488,94.964399958724584,False,-4,2.2627469643119715,5.0278622578732834,7.8232456675617108,15.264598378487985,15.264598378487985,10,50
5,38,23,sensitivity_30,0.045104299962986261,29464a4591a0ab7ee01b25fab06a3702a285536b42496c3ce89cf04eea7d02b9,9691,9207,9147,544,94.386544216283156,False,-60,2.2537462210202173,5.31161628743041,7.4273769159955156,16.732826938892167,16.732826938892167,6,39
5,38,24,sensitivity_30,0.12220119999255985,33858f0bd281b76218e96d7bbf9f14effc5c2b25a6b42f1ed8c26a8bd2b4e655,9691,9207,9208,483,95.015994221442583,True,1,2.2542639946774927,4.9738870795341938,7.9326119208166652,16.732826938892167,16.732826938892167,7,28
5,38,25,sensitivity_30,0.085943000041879714,9247c5459c17fa8bb7b74b6805bf503e6005b12651a92144a5a1e20cd82e4b15,9691,9207,9201,490,94.943762253637402,False,-6,2.2927409423808371,5.0050362797251058,7.3957089400314704,16.299743927271756,16.299743927271756,6,20
5,38,26,sensitivity_30,0.058849300025030971,3f20fcdd611a0ba593bc7456f80c30b4bac2f5bc9c2eda588e3e1eec6175381a,9691,9207,9208,483,95.015994221442583,True,1,2.2754956542175266,4.9752849423069856,7.8264919710864751,15.264598378487985,15.264598378487985,8,44
5,38,27,sensitivity_30,0.061433000024408102,e1b2946b5c0f7b7cb3de59f8d40dc948a5f2c728eb0d68e597fbd84c9e17c3c5,9691,9207,9202,489,94.954081106180993,False,-5,2.2379290880405551,5.019753575349573,8.3081294626190001,16.732826938892167,16.732826938892167,5,60
5,38,28,sensitivity_30,0.059688400011509657,7cb201a2b8c2fbf870684edd4f4ded1d286e5e4c952fb881eca6d88274a501d2,9691,9207,9166,525,94.5826024146115,False,-41,2.278521457772166,5.049579222048175,7.4400715960094619,15.264598378487985,15.264598378487985,10,42
5,38,29,sensitivity_30,0.054395899991504848,3d158a07634ac64a989a537208c0a13e15ab465b8a93151af7875942264fc719,9691,9207,9234,457,95.284284387576108,True,27,2.3484065710345607,4.8945767339488153,7.3957089400314704,15.264598378487985,15.264598378487985,11,49
5,38,42,legacy_representative,0.065893699997104704,8ac94592917941d7cd80de36134b0005f54a8195347a88471a7333281538f6a3,9691,9207,9189,502,94.819936023114224,False,-18,2.3105730161419631,5.1147442486842776,7.1398594215671638,16.299743927271756,16.299743927271756,5,13
5,39,0,sensitivity_30,0.056181500025559217,9f76843e442cbc46c835e5f5fac19877bed7f85ae39324ec6ae46768593950ec,9691,9207,9233,458,95.273965535032502,True,26,2.2294229185913643,4.7604822647031764,7.0017307272985647,16.299743927271756,16.299743927271756,7,70
5,39,1,sensitivity_30,0.050460400001611561,11660ff6d32a06ea6d4e1f0d1953d52f6bc43cf2d9b7c01247bf9060d4060d91,9691,9207,9297,394,95.934372097822717,True,90,2.2667979358883139,4.6296455028202761,7.0214824062505077,16.299743927271756,16.299743927271756,3,10
5,39,2,sensitivity_30,0.047033299983013421,d0db8dfa65074eddc41973243ad4a04aacdd55781cb680f49b19174a245abe82,9691,9207,9098,593,93.880920441646893,False,-109,2.2372755960200861,5.3062106472676085,7.2607846837888408,15.264598378487985,15.264598378487985,4,38
5,39,3,sensitivity_30,0.045860400015953928,4e4a646ee45758d25b6326fb70c29a79a8b2514d5a0d158288c39baccda1e007,9691,9207,9258,433,95.531936848622436,True,51,2.2904382576696261,4.8489493600714688,7.2984384279571346,16.732826938892167,16.732826938892167,7,58
5,39,4,sensitivity_30,0.052421900036279112,4f244ecca9c4548991f19eb6dc48eb506657a9f0052adb1cb55df152c1a9498f,9691,9207,9204,487,94.97471881126819,False,-3,2.2413897867224137,5.0112306200916237,7.7846509608258643,16.299743927271756,16.299743927271756,5,26
5,39,5,sensitivity_30,0.050934700004290789,0a81f725183fe12897c52a7c26371579c88165b1b6e34f782f51983cf4661c19,9691,9207,9253,438,95.480342585904452,True,46,2.2273769804849786,4.924077935105907,7.4400715960094619,15.264598378487985,15.264598378487985,4,34
5,39,6,sensitivity_30,0.047919299977365881,5507c60e782562bf948f699cd7d143972f38820def9c58a783fd6c3855787698,9691,9207,9184,507,94.76834176039624,False,-23,2.2307485593282501,5.1147442486842776,7.9110333869244762,16.299743927271756,16.299743927271756,8,61
5,39,7,sensitivity_30,0.045835900004021823,2f5e820ed50588da893b6f7e19fca582123242e8b659781e82fd133550d610b6,9691,9207,9168,523,94.603240119698683,False,-39,2.1717822632654111,5.1783544272476023,7.8184169056601904,16.732826938892167,16.732826938892167,5,35
5,39,8,sensitivity_30,0.04143739998107776,52f20e7ac5f7882cd9fb3a7ebb18fdb33423204d545a61fd1a3256d6143e58dd,9691,9207,9187,504,94.799298318027041,False,-20,2.2250739523106366,5.1246324873336615,7.7811424799286675,16.299743927271756,16.299743927271756,5,32
5,39,9,sensitivity_30,0.040853300015442073,709365b83b34f953c95a4425b45453727d5e65dbebba3b9d732d71149b47579d,9691,9207,9245,446,95.397791765555667,True,38,2.2464695592373003,4.940192501271083,7.6877284693176167,16.149843801428965,16.149843801428965,6,34
5,39,10,sensitivity_30,0.041362500051036477,ee7475f11d46ffd53e224c97c67efa0699532a46172758fe1a4e00ce88b31d72,9691,9207,9225,466,95.191414714683731,True,18,2.2472317849349523,4.9761416316908749,7.8843720362506868,15.264598378487985,15.264598378487985,4,38
5,39,11,sensitivity_30,0.040244999981950969,8e2621545265f55d890e2e31fafcd76a2bb4247e4c8b642d8ba4233ab1042d66,9691,9207,9092,599,93.819007326385304,False,-115,2.2274111275335464,5.2661725930469654,7.5426397630167976,16.299743927271756,16.299743927271756,5,16
5,39,12,sensitivity_30,0.047157399996649474,2bdf56e5286de733e4914f84e4c3c453160411de58605a726a4f181c9fe7d704,9691,9207,9216,475,95.098545041791354,True,9,2.2150015700576713,4.9899793820246741,8.2980281140037793,15.264598378487985,15.264598378487985,7,54
5,39,13,sensitivity_30,0.040218499954789877,83a4bb3decf68081bd6a7c5a4daa2a5a1e040af0a91d1c1906953755878295d1,9691,9207,9261,430,95.562893406253224,True,54,2.2398924334281052,4.8564612672037617,7.2687574679380598,15.264598378487985,15.264598378487985,5,44
5,39,14,sensitivity_30,0.042216699977871031,daf084102729936c723b86cc3e68e0ddf6de49a2cb9e620fac636cb217123d34,9691,9207,9276,415,95.717676194407176,True,69,2.2845922983798506,4.8089013272190915,6.8757102246512982,16.732826938892167,16.732826938892167,2,6
5,39,15,sensitivity_30,0.045216800004709512,59a5eb1b53667915176052ffe5f10a2d38e79a0521123b9836bd6754b73330f3,9691,9207,9199,492,94.923124548550206,False,-8,2.3056488724684203,5.0278622578732834,7.4249074372880051,15.738589550835977,15.738589550835977,7,43
5,39,16,sensitivity_30,0.043403399991802871,c0737433fe755b823f1fbcd488403aace89f180b78d6c57d19473ce0c0038e35,9691,9207,9215,476,95.088226189247749,True,8,2.2324085215146909,4.9750774701042966,7.0109941185328317,15.264598378487985,15.264598378487985,5,58
5,39,17,sensitivity_30,0.062440400011837482,79ec3bf8b47b7de87f85e5448ca1232d97b774cd7fd2a73ca075c8a7a83aab9e,9691,9207,9186,505,94.788979465483436,False,-21,2.1937677956951784,5.068715147980285,7.9153424710050313,16.732826938892167,16.732826938892167,6,49
5,39,18,sensitivity_30,0.05034790001809597,9329053879668547cc0bb57f74e6ab2ec3d4be554b70d7f2c8c8f5ecee854d24,9691,9207,9213,478,95.067588484160567,True,6,2.2429904564440291,4.9899793820246741,7.6258554813879513,15.264598378487985,15.264598378487985,3,29
5,39,19,sensitivity_30,0.069610000005923212,49e2078f19f4d7a6215e9cd2b0bd02d189316f296af0d9ba126e96cd1b24943a,9691,9207,9252,439,95.470023733360847,True,45,2.2414264980768537,4.8945767339488153,7.8232456675617108,15.264598378487985,15.264598378487985,2,3
5,39,20,sensitivity_30,0.061608500021975487,a6590800ade3fd6990f3b1111f72a368c7fd1cd6f5340fb4d39b2f4ac7fda27f,9691,9207,9286,405,95.820864719843158,True,79,2.2614967573367175,4.7483218256131687,7.0565701180747205,15.264598378487985,15.264598378487985,8,46
5,39,21,sensitivity_30,0.046253399981651455,809acbfe5f335269187d88aa47084bd0da0338e8e42198c6721597a5fbd18f3d,9691,9207,9222,469,95.160458157052929,True,15,2.2474032675693638,4.9751786661627655,7.8232456675617108,16.732826938892167,16.732826938892167,6,63
5,39,22,sensitivity_30,0.047525100002530962,b2b050d15820a52055f656fda1b07e5af564f22af9ac78cba8f99fca2499d23a,9691,9207,9262,429,95.573212258796815,True,55,2.296788208322416,4.7398210445997178,6.4682583622210013,15.264598378487985,15.264598378487985,8,53
5,39,23,sensitivity_30,0.046120200015138835,b222c90f0f00ac74d41160d22d13e46cf7d301495fa4f82d9ecaea892f1c1a95,9691,9207,9242,449,95.366835207924879,True,35,2.2483475525042866,4.8859767124327647,7.9496633139743036,15.264598378487985,15.264598378487985,7,22
5,39,24,sensitivity_30,0.056093099992722273,4cabf377d8210609f61070bbe3d1fd40c96e7dac0244e032e51c7155b6ecd1bd,9691,9207,9213,478,95.067588484160567,True,6,2.207768176995919,4.9538318320984498,7.9326119208166652,16.732826938892167,16.732826938892167,4,9
5,39,25,sensitivity_30,0.057043699955102056,7eaa0ea3253bd2c3bd4a064def02c42c2ac2294d4eca32fe67689aff7f868947,9691,9207,9176,515,94.685790940047468,False,-31,2.184746827327396,5.0595350641193253,7.8119209096112288,16.732826938892167,16.732826938892167,10,108
5,39,26,sensitivity_30,0.050663300033193082,61eae126b06aa817560affdde7f82a5840505e9904610c1ee3b25a111e2ae2e9,9691,9207,9112,579,94.025384377257254,False,-95,2.2596007214013856,5.2130183784612489,7.1971728895371987,15.264598378487985,15.264598378487985,4,13
5,39,27,sensitivity_30,0.051349099958315492,11666edca89a081d82dac653146e73c1da2426ac8506522547d70a14f0ff3876,9691,9207,9191,500,94.84057372820142,False,-16,2.2146596696812479,5.0532208119170035,7.9153424710050313,16.732826938892167,16.732826938892167,6,38
5,39,28,sensitivity_30,0.043217599974013865,5c57af05d50a36c8f7bff2a6da5f74dacb2431b43b4de8ac39838204fae76b9a,9691,9207,9162,529,94.541327004437107,False,-45,2.2087986336477332,5.1246324873336615,7.0017307272985647,16.299743927271756,16.299743927271756,8,57
5,39,29,sensitivity_30,0.046337699983268976,a554125f5483a45abc5c250d76572aa41d7ef600265276347af05d23fcdabf2b,9691,9207,9116,575,94.066659787431632,False,-91,2.2059014168057902,5.2729549777382889,7.9153424710050313,15.738589550835977,15.738589550835977,9,36
5,39,42,legacy_representative,0.045958000002428889,95114da33709db7fe7b51cfb488bb5bd6acd7dd7b3cc5dee213ca3b64bd64277,9691,9207,9270,421,95.655763079145601,True,63,2.229917916825412,4.7951707069337806,7.4273769159955156,16.732826938892167,16.732826938892167,5,35
5,40,0,sensitivity_30,0.059802800009492785,25115b0eb7cb7242918521a5de5564ffadae7b35ff3d7da488568ba93069d6b9,9691,9207,9270,421,95.655763079145601,True,63,2.1679777113086502,4.8723049715414026,6.8715874200635163,15.264598378487985,15.264598378487985,3,43
5,40,1,sensitivity_30,0.06490910000866279,698245546ea7d58eff15759f57f948f4242929cc4d440e1eff4465918b9c4789,9691,9207,9213,478,95.067588484160567,True,6,2.2091151571765399,4.9208147135017564,7.9883874315737202,15.264598378487985,15.264598378487985,2,5
5,40,2,sensitivity_30,0.06140509998658672,00715990d25c701a52eb744a98bd03911890a98e1ea543739526bb09385c53d9,9691,9207,9296,395,95.924053245279126,True,89,2.1719813022532901,4.7267946711274522,7.3957089400314704,16.732826938892167,16.732826938892167,5,31
5,40,3,sensitivity_30,0.055382499995175749,373a080db5afcc266b93f0a6594cb511f04cd41ad7268dc463a0399bf914a502,9691,9207,9361,330,96.594778660612945,True,154,2.2431684800502709,4.6525442740578171,6.8757102246512982,15.264598378487985,15.264598378487985,2,25
5,40,4,sensitivity_30,0.042112099996302277,0138aed964cc0b878925e5e56d0e305573ed950a41a71e43e9d3b6891c30d693,9691,9207,9215,476,95.088226189247749,True,8,2.1848211638690005,4.926473831310175,7.3957089400314704,15.264598378487985,15.264598378487985,10,58
5,40,5,sensitivity_30,0.052731200004927814,1fac6a235ba8879a4917cb6bbac08f11d34a085c094646c38b70f21dc044dee0,9691,9207,9249,442,95.439067175730059,True,42,2.1922944309456329,4.7950349293189864,6.9531989899307183,15.264598378487985,15.264598378487985,7,77
5,40,6,sensitivity_30,0.0394419000367634,65d422dbee713fc4d898f2f33ee0aeb72dadeef55c3bc895756980dc8f1b39f7,9691,9207,9224,467,95.181095862140126,True,17,2.2052174521911101,4.910650649618657,7.2181016075687783,15.738589550835977,15.738589550835977,4,25
5,40,7,sensitivity_30,0.053134099987801164,c7be96c621aef83707c3a5cb8cc53518feb5b140471674b57a7d3ffb94f7aea7,9691,9207,9199,492,94.923124548550206,False,-8,2.2088901172411912,5.0273550859948486,7.4249074372880051,16.732826938892167,16.732826938892167,7,27
5,40,8,sensitivity_30,0.047919799981173128,9120d3830665ab20936485fafb5410b1ca0ee6a21f4340715eb25cf5b85fdb8c,9691,9207,9218,473,95.11918274687855,True,11,2.1978855448293708,4.9899793820246741,7.3957089400314704,15.264598378487985,15.264598378487985,4,15
5,40,9,sensitivity_30,0.04602599999634549,a04a7831bf6a1aad055717bb170cd1a8586b5a8aa7febebc4f3bb1ec11dbd733,9691,9207,9260,431,95.552574553709633,True,53,2.1796754533739398,4.8564612672037617,7.3852630512122133,15.264598378487985,15.264598378487985,8,67
5,40,10,sensitivity_30,0.054003899975214154,a7b7d170fd75bac361187ca9405c606fefeb1c86bbe9ae9c2b48ecdb34f77a99,9691,9207,9277,414,95.727995046950781,True,70,2.1811979675581443,4.854411271863313,7.3957089400314704,15.264598378487985,15.264598378487985,5,58
5,40,11,sensitivity_30,0.057155599992256612,db8cabfdca44ee9ed08b6405d0255d14828fc71d3a276d730e465fdb2836153a,9691,9207,9268,423,95.635125374058404,True,61,2.1697356472003149,4.8389663145580979,7.7973051284176114,15.264598378487985,15.264598378487985,5,71
5,40,12,sensitivity_30,0.04697859997395426,ade680735015e751320661d89a38628ab8f359042a4b87fba112a9cc78b4178c,9691,9207,9275,416,95.707357341863585,True,68,2.1972310877961299,4.7276887352217534,7.2984384279571346,15.264598378487985,15.264598378487985,6,46
5,40,13,sensitivity_30,0.043417799985036254,1924aab68b926c2bca4a36201283763350fe660b0e5a5a1ebc8fecb27bae7361,9691,9207,9274,417,95.697038489319993,True,67,2.1942435984986735,4.7458824640394237,7.351421955095736,16.732826938892167,16.732826938892167,2,5
5,40,14,sensitivity_30,0.051428299979306757,2f49e69e2ee22e6895c9b5b472539eb4adc0fdc34ba5115a251b84faba777af0,9691,9207,9324,367,96.212981116499847,True,117,2.2171979051933883,4.6312895815262847,7.5969112217898491,15.264598378487985,15.264598378487985,3,29
5,40,15,sensitivity_30,0.048612900020089,ca3017d9e0adb3f1fe51fd6363b7172d10262ccf420fe400bd0317b7c8dfa2f4,9691,9207,9300,391,95.965328655453519,True,93,2.2028878852352674,4.6744262956282316,7.2536173458809392,15.264598378487985,15.264598378487985,4,13
5,40,16,sensitivity_30,0.045909699983894825,1271d055016d3646ee6c72c696c60d574226598dd8bd32370ce93646fc41ad4d,9691,9207,9212,479,95.057269631616961,True,5,2.191789164172349,4.9464947951802225,7.4273769159955156,16.732826938892167,16.732826938892167,1,38
5,40,17,sensitivity_30,0.053860099986195564,26f79e99146d9db361d40c796133b7cdac6bf38769c38260cf1b0db55431e499,9691,9207,9199,492,94.923124548550206,False,-8,2.2296259253570376,5.0414405132828009,6.6576722488124291,15.738589550835977,15.738589550835977,4,35
5,40,18,sensitivity_30,0.051433600019663572,56b195e0d7d6f289cab80455048707e2cad9bccfac1f23cb31ed98c904802b1d,9691,9207,9206,485,94.995356516355386,False,-1,2.2555159885043783,5.0087563564211957,6.7656955722968499,15.264598378487985,15.264598378487985,1,3
5,40,19,sensitivity_30,0.047064799990039319,57fccfad6df00128be0f871bbeff69221b646a172b25f8b9f2992cd56cbbece5,9691,9207,9289,402,95.851821277473945,True,82,2.1985973266992294,4.6744262956282316,7.2276008608431708,15.264598378487985,15.264598378487985,4,9
5,40,20,sensitivity_30,0.045893599977716804,df1fd69a183e7b005c8d265db8357b247c46ea11d527fb4852daed366c96e123,9691,9207,9235,456,95.294603240119699,True,28,2.1910855810846726,4.7795667397373176,7.3172901919099624,15.903757541667366,15.903757541667366,10,38
5,40,21,sensitivity_30,0.051637700002174824,b33e26064e9727351f4b59c2979db5ed301f722eff0ba4631a4697acf6425fc4,9691,9207,9221,470,95.150139304509338,True,14,2.1981968748618916,4.9899793820246741,7.0926670555203675,15.264598378487985,15.264598378487985,7,61
5,40,22,sensitivity_30,0.040000999986659735,5aee51523607954986225e74373cbe1c2a4c7f1b15dcb70adf3cb34ae3f554e6,9691,9207,9252,439,95.470023733360847,True,45,2.2071736683171657,4.8555803715005785,7.0643488790930391,15.264598378487985,15.264598378487985,5,38
5,40,23,sensitivity_30,0.054578200040850788,91357a1638049aaeee681984910d6cf8e39927c9d8517bae8b851382e5ceb107,9691,9207,9266,425,95.614487668971208,True,59,2.1892168688773057,4.7431762719529393,7.0214824062505077,16.299743927271756,16.299743927271756,4,29
5,40,24,sensitivity_30,0.047912300040479749,cf043aa1473188f40698b194fe3836c67956c53a431d62087add7ebe271d4940,9691,9207,9262,429,95.573212258796815,True,55,2.183676837722786,4.810124351563311,7.8232456675617108,15.264598378487985,15.264598378487985,4,6
5,40,25,sensitivity_30,0.052329599973745644,5e45934f1ae96aaa9c57dc4d764827d0c1ccb638721f3e8b3fea7137938e6a8e,9691,9207,9281,410,95.769270457125174,True,74,2.2417208408676679,4.786584670639904,7.1922154643119001,15.738589550835977,15.738589550835977,6,66
5,40,26,sensitivity_30,0.050547200022265315,4ec54831e31dc4648ce328476702f2f5b9d5db09ba2a66245df2a8da55919fb2,9691,9207,9237,454,95.315240945206895,True,30,2.2203045248663242,4.9196758385016146,7.0926670555203675,15.738589550835977,15.738589550835977,6,41
5,40,27,sensitivity_30,0.054512900009285659,6c2390d2cf9369a8db97ce8b886098ccf815c95b5ea6c073dba6295bd5247150,9691,9207,9260,431,95.552574553709633,True,53,2.2335674476088787,4.8258598071397794,6.661209318002852,15.264598378487985,15.264598378487985,6,38
5,40,28,sensitivity_30,0.052428500028327107,de7c43831ad61b7a678c8ace978ff5a894373a997daf70181ec0bf9249f4526e,9691,9207,9187,504,94.799298318027041,False,-20,2.1880445326038727,5.1610069955390747,7.4400715960094619,16.732826938892167,16.732826938892167,6,46
5,40,29,sensitivity_30,0.04838180000660941,780773a010ad4012d36f357edf381e4d04c46f3fdeed9ac61ff9f486051588cb,9691,9207,9220,471,95.139820451965747,True,13,2.1570414972977932,4.9899793820246741,7.8232456675617108,16.732826938892167,16.732826938892167,3,18
5,40,42,legacy_representative,0.076075699995271862,baf9c032869861e80dbb6aba9b3d76f6047cbc0e5fa0d88002372ee79162f161,9691,9207,9240,451,95.346197502837683,True,33,2.1873197615803655,4.8945767339488153,7.3957089400314704,15.264598378487985,15.264598378487985,4,26
5,41,0,sensitivity_30,0.092189099988900125,11883222dffa491558a17f4a6090659c472033cb7b990111ab12a5552975dd04,9691,9207,9222,469,95.160458157052929,True,15,2.1441888534278504,4.760732283927366,7.0233583977225083,15.903757541667366,15.903757541667366,8,34
5,41,1,sensitivity_30,0.11002130003180355,a9706f3663ac38091ba1126aef64301270e8eddf3af91b082eda94e67bf1e5b1,9691,9207,9212,479,95.057269631616961,True,5,2.1586131828522395,4.9764485277973574,7.7811424799286675,16.732826938892167,16.732826938892167,6,25
5,41,2,sensitivity_30,0.089132199995219707,7250babe498bdff4f44dc4a2db272353a483650dda01282c777359c86d9dded1,9691,9207,9241,450,95.356516355381288,True,34,2.1571594752297041,4.9563387068241029,6.542336998745971,15.264598378487985,15.264598378487985,3,31
5,41,3,sensitivity_30,0.10921600001165643,193c819030aff2d6fcf3beb035aa1b58a0697d9eb2d9c4a7ce098fe5f47346d1,9691,9207,9349,342,96.470952430089767,True,142,2.1866585876617926,4.6074232222774647,6.3233508691749067,15.264598378487985,15.264598378487985,3,6
5,41,4,sensitivity_30,0.046810300031211227,93785bf6e2ddb2e5f6db4fd2c217023f370a9d8ae0e5ae17211fd7b8b61b84c2,9691,9207,9194,497,94.871530285832222,False,-13,2.1611363812346638,5.0651707554986407,6.765777935264123,15.264598378487985,15.264598378487985,10,65
5,41,5,sensitivity_30,0.055167100043036044,496a437a304829ec1496e48c53f87be4438a584de313e3f931b8cdc7da6bd191,9691,9207,9257,434,95.521617996078831,True,50,2.1452247666044353,4.924077935105907,7.257430332742052,15.264598378487985,15.264598378487985,6,61
5,41,6,sensitivity_30,0.048499799973797053,5ff9b430ae1155705d180a166b91280b658fb8177335c4d73996b627c237d4e6,9691,9207,9327,364,96.243937674130635,True,120,2.1931306905261456,4.6293869927375892,6.4409964965392668,15.264598378487985,15.264598378487985,4,12
5,41,7,sensitivity_30,0.049135299981571734,bc327459720c2ef065c5858fa51ce6541aa146071e77a366d0da109e0e56fbbd,9691,9207,9251,440,95.459704880817256,True,44,2.1825158336355024,4.8564612672037617,6.9482795643489856,15.264598378487985,15.264598378487985,6,36
5,41,8,sensitivity_30,0.049426799989305437,a12a4006a6ed57d8cf12131da786f42c6d251679c85eeee535964ce97679bb78,9691,9207,9299,392,95.955009802909913,True,92,2.1771356047180004,4.6874515279838516,8.1161484069574605,15.264598378487985,15.264598378487985,5,38
5,41,9,sensitivity_30,0.044156200019642711,b9812317346906fd234d51cb1efcb0b51b1fddd160801ab3ec8318e714b82293,9691,9207,9238,453,95.325559797750486,True,31,2.1621765826462829,4.8595838178171054,7.3053652779515721,16.732826938892167,16.732826938892167,3,35
5,41,10,sensitivity_30,0.047278299985919148,da6788f11de19c596d1077b589be4907b89038a28075cbd188fb2dd461f13af1,9691,9207,9293,398,95.893096687648338,True,86,2.1928520883953784,4.8121908127069055,6.3318320549613363,15.264598378487985,15.264598378487985,9,93
5,41,11,sensitivity_30,0.046821299998555332,e087a9fcb54db91c6c2a485bf8b28c205739a1ed01e16823543637bba011b92d,9691,9207,9339,352,96.367763904653799,True,132,2.177196681919066,4.6590138010655409,6.3318320549613363,15.264598378487985,15.264598378487985,3,10
5,41,12,sensitivity_30,0.054558100004214793,3970bdc61322acd0d936488d2d64daee564a7a9fbde7827d196c35ef3558e8cf,9691,9207,9259,432,95.542255701166027,True,52,2.1606732740622796,4.8564612672037617,7.7811424799286675,15.264598378487985,15.264598378487985,6,33
5,41,13,sensitivity_30,0.050206999992951751,1027c1710c561ea53a5e9f73f409c3b9c063af99a78e3d8002ffd1ea77ee6001,9691,9207,9267,424,95.624806521514813,True,60,2.1254711604010721,4.8564612672037617,6.8985902066809084,15.264598378487985,15.264598378487985,10,50
5,41,14,sensitivity_30,0.046745100000407547,cbacc0e1cc9a0b190448c0c1c22fc5ceab4ee2e12f246eb7886ac45cf495af06,9691,9207,9301,390,95.97564750799711,True,94,2.1609383429550593,4.6635401575726734,6.6061157974923814,16.732826938892167,16.732826938892167,11,69
5,41,15,sensitivity_30,0.046214699978008866,e2fff93ddad2dfda25be0e30815571ab086dad7a32afc08a611306bcdc079d7e,9691,9207,9245,446,95.397791765555667,True,38,2.1746550460591023,4.8459753569711186,7.3957089400314704,16.299743927271756,16.299743927271756,7,58
5,41,16,sensitivity_30,0.042051600001286715,de76cb88409364145a050565a5d0839fe288c751591f2e5ee83ed9908c2501d4,9691,9207,9242,449,95.366835207924879,True,35,2.2098295979741844,4.9274968794251262,6.7744319795273622,15.264598378487985,15.264598378487985,4,24
5,41,17,sensitivity_30,0.045592799957375973,afcac1fbea093937f8a4791e9ba74af1c8383e51b7146d6773bb13ab3f3980ea,9691,9207,9215,476,95.088226189247749,True,8,2.1436845009317587,4.9603715463089149,7.3957089400314704,16.299743927271756,16.299743927271756,7,74
5,41,18,sensitivity_30,0.043014099996071309,c7ef262da0da464f23ffadee5737818f4f7e2d42d8f078ebf43f6c06f6761c82,9691,9207,9195,496,94.881849138375813,False,-12,2.177257822810311,5.0532208119170035,7.06484408462142,15.264598378487985,15.264598378487985,8,45
5,41,19,sensitivity_30,0.04588390002027154,eeb5891478feff14937b20816a9610f85a2e15e632d5163f953de5145c513478,9691,9207,9266,425,95.614487668971208,True,59,2.1536607563635926,4.7439065882245535,7.8232456675617108,15.264598378487985,15.264598378487985,9,102
5,41,20,sensitivity_30,0.044882200018037111,0a35670e96ef2618428102bd1796a09aacec2224a0f99efba0dbb3cf5acbcd86,9691,9207,9279,412,95.748632752037977,True,72,2.1606067768640029,4.6766872854368886,7.0233583977225083,15.903757541667366,15.903757541667366,9,38
5,41,21,sensitivity_30,0.058634800021536648,af3d6a3541d2172ee9cee68ad452b8dbdb5be104269893ad47fb49e0073ba41a,9691,9207,9236,455,95.30492209266329,True,29,2.1610546048868766,4.9518514452858504,7.3900204729468992,16.732826938892167,16.732826938892167,5,30
5,41,22,sensitivity_30,0.041454199992585927,7222875c3e0c60a0d01869cc84cc0f171302cc3dd6df5e6b9cbb1182b9636d63,9691,9207,9253,438,95.480342585904452,True,46,2.1674275189795389,4.7007697228847851,8.0783597465686618,15.903757541667366,15.903757541667366,5,47
5,41,23,sensitivity_30,0.043906299979425967,47ebfebb640dfd4a54f8d33e46470c508c0a5b3e2c5d39fb43dc7714047958fd,9691,9207,9321,370,96.18202455886906,True,114,2.1653360995711157,4.672457523837215,6.3770268756574584,15.264598378487985,15.264598378487985,3,6
5,41,24,sensitivity_30,0.054104899987578392,6dce69c0defad348526d1cc8e733c43b516541c59e9194b679858673bc7602af,9691,9207,9260,431,95.552574553709633,True,53,2.1433505567046356,4.7580319215171674,7.4780224448328561,16.299743927271756,16.299743927271756,4,17
5,41,25,sensitivity_30,0.047620200028177351,e2a48e161f4642f4a16517a4450c9f8760603a4dec1b4551c785b69b3009d1ce,9691,9207,9297,394,95.934372097822717,True,90,2.1380574069949381,4.7355997742784295,6.8757102246512982,15.738589550835977,15.738589550835977,1,11
5,41,26,sensitivity_30,0.042906699993181974,3017422ae5ac1fa34f336dceb986da97ef8f2c62e7ee66ea0e8a3697db4f54a3,9691,9207,9263,428,95.58353111134042,True,56,2.1498547616691797,4.8258598071397794,7.0214824062505077,16.299743927271756,16.299743927271756,3,37
5,41,27,sensitivity_30,0.041443800029810518,7eea8e32937bd561a175b778f1d4d60f10ddf09e3a419220c5e9ed3ce7238395,9691,9207,9289,402,95.851821277473945,True,82,2.1590503246839301,4.6569130476873113,7.7811424799286675,15.264598378487985,15.264598378487985,5,51
5,41,28,sensitivity_30,0.041683500050567091,c0671ab90d87c4622dbc459bc7bacc0bb0e5b90b763375ef31fffd85c8026eed,9691,9207,9307,384,96.037560623258699,True,100,2.1990699244935841,4.7171050192625161,6.3318320549613363,15.264598378487985,15.264598378487985,9,51
5,41,29,sensitivity_30,0.042931200005114079,a3bb5914bdb24d2c337d64f0bc523d777e8fa481543aad77d52a7bbd52de565a,9691,9207,9267,424,95.624806521514813,True,60,2.1598125913174062,4.7052736705181317,7.292209484691039,16.299743927271756,16.299743927271756,6,47
5,41,42,legacy_representative,0.090596599970012903,f45c047c894773d5b96a1780822743d89ad343174317e3045fd3b8e2097f9f5c,9691,9207,9283,408,95.789908162212356,True,76,2.183223125260696,4.7331900237974835,7.4273769159955156,16.732826938892167,16.732826938892167,4,7
5,42,0,sensitivity_30,0.10075949999736622,e14e73bd0b3d37e5645ab4b214e0e584d1d6e9dd49b35c3d08e046b905516f91,9691,9207,9248,443,95.428748323186468,True,41,2.0978130822034857,4.784323919289684,7.0565701180747205,16.299743927271756,16.299743927271756,7,40
5,42,1,sensitivity_30,0.10344629996689036,f942481dd7d2c36220cb2356581906e00f8402e8f8f3a119512e387d3a076061,9691,9207,9319,372,96.161386853781863,True,112,2.1357137781691202,4.6250863724357272,6.6061157974923814,15.264598378487985,15.264598378487985,6,38
5,42,2,sensitivity_30,0.10236989997792989,525650dd331c4d8eab1612451ae2cc34c4c0b9a3ee05960e45f60149bfa011cb,9691,9207,9301,390,95.97564750799711,True,94,2.1144206400070198,4.6754380433998417,6.8757102246512982,15.264598378487985,15.264598378487985,4,25
5,42,3,sensitivity_30,0.087416600028518587,14a705801d5cd41222f8007aa3afe154a293f8b830976e87287b4811e33791f4,9691,9207,9322,369,96.192343411412651,True,115,2.1531098340445598,4.6754380433998417,6.5858431162724482,15.264598378487985,15.264598378487985,6,59
5,42,4,sensitivity_30,0.044922399974893779,5750635b1ceb775a095a7781e503d591af4b31482014af75b48edb1ad045cef2,9691,9207,9305,386,96.016922918171502,True,98,2.1441795514988891,4.7826947324363136,6.7509845965721382,15.264598378487985,15.264598378487985,6,81
5,42,5,sensitivity_30,0.043208300019614398,a066142cd9792c090b5bba2fa5e61feffb54b46cd0ae07045c25559143a09c6e,9691,9207,9328,363,96.25425652667424,True,121,2.15439631285737,4.5897691149949198,6.4276110436580653,15.264598378487985,15.264598378487985,5,38
5,42,6,sensitivity_30,0.044341599976178259,f63359186c306bacb5e830345935ba0381d6b9794da64aab45a91fc32609b025,9691,9207,9278,413,95.738313899494372,True,71,2.1015809593561969,4.7984604622687659,6.7242990746209292,15.264598378487985,15.264598378487985,6,32
5,42,7,sensitivity_30,0.046536399982869625,e02c92a7aec7d7f9e1f60d35ff1900e40f7d1cbf18200161237f630082f9555f,9691,9207,9324,367,96.212981116499847,True,117,2.1480166668351846,4.6744262956282316,6.4154809250443865,15.264598378487985,15.264598378487985,8,56
5,42,8,sensitivity_30,0.053598100028466433,c415da80891a2e51674d18898ae575d3f62cbd30db2209a2d60ab2ac8738c8f7,9691,9207,9282,409,95.779589309668765,True,75,2.0834765887892202,4.7848892027146528,8.0411959505602262,16.732826938892167,16.732826938892167,4,23
5,42,9,sensitivity_30,0.049564299988560379,634379e3e427836d93b7702919a778b1ef9ff077e054049a70548030fa654c51,9691,9207,9243,448,95.37715406046847,True,36,2.1406492803915618,4.9014470192209521,7.2607846837888408,15.264598378487985,15.264598378487985,11,67
5,42,10,sensitivity_30,0.054638900037389249,c810ff7788cb6efcc6e82879e3131a71b0c885fe277bc6b9de48025dad9a9764,9691,9207,9351,340,96.491590135176963,True,144,2.1202961149099564,4.6744262956282316,6.5870894686418069,15.264598378487985,15.264598378487985,11,79
5,42,11,sensitivity_30,0.047900200006552041,1b8d4a54abbc7da605414370188314e382f1b8d9acb18ce885ed1edf0ed7657b,9691,9207,9276,415,95.717676194407176,True,69,2.1212543269329398,4.6414523700049459,6.9125725559725435,16.299743927271756,16.299743927271756,3,17
5,42,12,sensitivity_30,0.060374900000169873,bf279dafbeb3c3453587246aa67a60a4ed49d9f61388cd526eb5bd8c37dcd467,9691,9207,9281,410,95.769270457125174,True,74,2.1335240861212643,4.8976758910898006,6.9125725559725435,16.299743927271756,16.299743927271756,6,49
5,42,13,sensitivity_30,0.04860560002271086,7c1232a5db334b4f6cb7ebb61a41bfaed90ec0c6de00a3a533ec71252fc15550,9691,9207,9306,385,96.027241770715094,True,99,2.1387887598742408,4.7429318453883713,6.3233508691749067,15.264598378487985,15.264598378487985,2,15
5,42,14,sensitivity_30,0.047371699998620898,b377039c97050a3b15d2895ae7ffbc5d6352c20239921fc419d6d18208f7d21d,9691,9207,9306,385,96.027241770715094,True,99,2.1453440636156667,4.7277234473588248,7.4400715960094619,15.264598378487985,15.264598378487985,5,55
5,42,15,sensitivity_30,0.044280399975832552,3606c260c7fd5235d8ba214e049e983580c303b9f79a6ed70e7ba17e65483451,9691,9207,9247,444,95.418429470642863,True,40,2.1160148718518332,4.7688717462345407,6.9531989899307183,15.264598378487985,15.264598378487985,11,42
5,42,16,sensitivity_30,0.049884299980476499,aaa70f747edf8cd7db28858f17ed6a3d8c6ebbce2858bdbc71a7611118bca3f2,9691,9207,9311,380,96.078836033433078,True,104,2.1597242219752864,4.6001857106602628,7.5267853574795218,15.264598378487985,15.264598378487985,2,5
5,42,17,sensitivity_30,0.044679699989501387,f945b9045217e3c5f0b1ddeecbc611e375bec224ca65008cc57646dffb32c055,9691,9207,9255,436,95.500980290991649,True,48,2.1206899053371537,4.6186337437459413,7.257430332742052,16.732826938892167,16.732826938892167,8,45
5,42,18,sensitivity_30,0.04828539997106418,c433486aa35e05af36558cff3ecc059b4928e4609cf7919681faafc9a324cf42,9691,9207,9339,352,96.367763904653799,True,132,2.110154285742543,4.5681565302075189,6.7484224758113491,15.903757541667366,15.903757541667366,3,26
5,42,19,sensitivity_30,0.046238999988418072,0b65ff63bdd23a7415ec3bd9d21327a52351b57779cac7d70c3a4af88cfeb5d6,9691,9207,9256,435,95.51129914353524,True,49,2.1254856590074223,4.854411271863313,7.3957089400314704,15.264598378487985,15.264598378487985,4,14
5,42,20,sensitivity_30,0.043772200006060302,1bf251409c5633d207bf7c6b1df8336724ca5337e48ca1057c580610db6051ca,9691,9207,9301,390,95.97564750799711,True,94,2.1394385062827421,4.6235779577039589,7.0233583977225083,15.903757541667366,15.903757541667366,9,38
5,42,21,sensitivity_30,0.046595400024671108,bd5e25121f8a248bad607ec7ef238e4ed1bd420451b84df989fa4dc45223b80e,9691,9207,9271,420,95.666081931689192,True,64,2.1384446630241691,4.8438882178031291,6.5233037525770881,14.026535802652818,14.026535802652818,5,41
5,42,22,sensitivity_30,0.045225399953778833,9f27a3ce13798ce323f567798a8ee1fbf490376af4f9a6826f7eff64f9e1a115,9691,9207,9345,346,96.429677019915388,True,138,2.1229564063532131,4.5892117504289018,7.1056939109537653,15.264598378487985,15.264598378487985,5,23
5,42,23,sensitivity_30,0.052671300014480948,68daaa1641659ae0b2358dadeacc8a7198cacdd44de057bdecf00a0385b08877,9691,9207,9272,419,95.676400784232797,True,65,2.1408842858960511,4.7276887352217534,6.8757102246512982,15.264598378487985,15.264598378487985,5,12
5,42,24,sensitivity_30,0.049423999967984855,2f23bf65e1f3822ad57a1711bcc50ba92e552408ff912daddb13be4e311ea7e3,9691,9207,9381,310,96.801155711484881,True,174,2.1503514281481779,4.6329220098636332,6.3770268756574584,15.264598378487985,15.264598378487985,3,28
5,42,25,sensitivity_30,0.057540500012692064,6f63c03979014b3c33ad59f1754149672af0df5f189c115df5bb722dfc6883ca,9691,9207,9297,394,95.934372097822717,True,90,2.1102250127187445,4.6471946144528546,7.6258554813879513,15.264598378487985,15.264598378487985,7,83
5,42,26,sensitivity_30,0.053928100038319826,8096120c0dfabd6a347dceb6476b09fcd6f52b47536f500726eb41edbfee7cae,9691,9207,9257,434,95.521617996078831,True,50,2.1062670363448088,4.7828738379831401,6.5444365512998024,16.299743927271756,16.299743927271756,6,25
5,42,27,sensitivity_30,0.05566100002033636,bfe998001c07b230d22ef8710b1d417f213fa253556e64f046f41074f8a0e192,9691,9207,9222,469,95.160458157052929,True,15,2.0930895243695766,4.8945767339488153,7.4400715960094619,16.299743927271756,16.299743927271756,10,64
5,42,28,sensitivity_30,0.059630299976561219,e84d67587235ef6137ffdc22fb8c0fc249dbbfeb6b902743ece27b9ac7a0dce6,9691,9207,9260,431,95.552574553709633,True,53,2.1477127065637531,4.7705926066438638,6.7706936953631223,15.264598378487985,15.264598378487985,6,26
5,42,29,sensitivity_30,0.05106939998222515,dadd04572972ac1ce2cee720e2cb575f8dc08418ad7f491e731cc9f1b02a7614,9691,9207,9331,360,96.285213084305028,True,124,2.1496526365291477,4.5049314158253289,6.5110610585587922,16.732826938892167,16.732826938892167,5,25
5,42,42,legacy_representative,0.08830509998369962,c761e919fedf4b51a524a19ec7fce702f473a3abbfe897ed761bc39ffa8d586d,9691,9207,9273,418,95.686719636776388,True,66,2.1230245356417545,4.8668832351418869,6.6061157974923814,15.264598378487985,15.264598378487985,2,7
5,43,0,sensitivity_30,0.0734326999518089,38ab207fc2dcba420e6d67d6e9ded9540dea90c659b6939f8b462c1095eb8524,9691,9207,9326,365,96.233618821587044,True,119,2.0792771288264094,4.6569130476873113,6.9270792488248683,15.264598378487985,15.264598378487985,4,16
5,43,1,sensitivity_30,0.079181500012055039,5ee29b443cd7b3e4eb6a96ae03e65ec9078da2d76acb2d3cea572cf5711e24ed,9691,9207,9322,369,96.192343411412651,True,115,2.1273268156723564,4.6504103038256668,6.6269736714816805,15.264598378487985,15.264598378487985,4,19
5,43,2,sensitivity_30,0.085320500016678125,8ea0f0ec496360e50a623ca51331e197bcd44b1eb790141f695218b1fc843adf,9691,9207,9317,374,96.140749148694667,True,110,2.089477504587975,4.4975485300243241,7.257430332742052,16.732826938892167,16.732826938892167,10,98
5,43,3,sensitivity_30,0.068595999968238175,bb115dbe9de2ede9a1b6858c7df63634d1ce003d504fc8b35af13c3ac20ccdbf,9691,9207,9251,440,95.459704880817256,True,44,2.0995319386540294,4.7276887352217534,7.078427024250769,15.738589550835977,15.738589550835977,8,58
5,43,4,sensitivity_30,0.048541500000283122,fabb48a6389a51f99ff80343a99d46b67f2ee0995e807cc7f51b622ab30dab2e,9691,9207,9346,345,96.439995872458979,True,139,2.0838299121306005,4.6164760176432127,6.4284527661080952,15.903757541667366,15.903757541667366,4,21
5,43,5,sensitivity_30,0.052249900007154793,91923f1b0140977ec134a57bd8c306e98c9f984e2cfb2875a63f127e4ecf7a15,9691,9207,9368,323,96.667010628418126,True,161,2.1049180620343884,4.7798849300804438,6.6061157974923814,15.264598378487985,15.264598378487985,5,30
5,43,6,sensitivity_30,0.063671500014606863,e870c27854df509801f23ffb7940894eb5a3404a5e61875eb030b2035b554557,9691,9207,9311,380,96.078836033433078,True,104,2.0806311419533787,4.6270675795569307,7.3322444720931665,15.264598378487985,15.264598378487985,10,79
5,43,7,sensitivity_30,0.050228999985847622,076897e834cdc1738b3ed7eed1f38845be985a9d562ecc1b61458bb0b65fcb64,9691,9207,9290,401,95.862140130017536,True,83,2.04191665655775,4.6960140430882955,7.3110918917224188,15.264598378487985,15.264598378487985,6,27
5,43,8,sensitivity_30,0.055032500007655472,a0c3424dc1109458ad6bb9637c836e55bc059583f84502795d045951b2a01137,9691,9207,9344,347,96.419358167371783,True,137,2.0811472665252633,4.5897691149949198,6.5444365512998024,15.264598378487985,15.264598378487985,2,17
5,43,9,sensitivity_30,0.057611699972767383,e5fb610b945bc5e6521d7f08334b5df790d4e86999b3f2f7099c7cc76b07fc7a,9691,9207,9301,390,95.97564750799711,True,94,2.0906343084332706,4.668471098852673,6.8426002827232359,15.264598378487985,15.264598378487985,8,66
5,43,10,sensitivity_30,0.059942400024738163,2c1cc205597475aeed3ca1226824657ae943f796cdf6679b59566a10d7da4edb,9691,9207,9345,346,96.429677019915388,True,138,2.153326143894271,4.5873489621720145,6.9196723019372426,15.264598378487985,15.264598378487985,6,44
5,43,11,sensitivity_30,0.04806920001283288,ff82e06e6021f202fe1ec6d6f634a22f3e3f3e9a9e7905107a5e995cdf559bfa,9691,9207,9303,388,95.996285213084306,True,96,2.0823141453581107,4.5552470729722288,7.0017307272985647,16.299743927271756,16.299743927271756,7,21
5,43,12,sensitivity_30,0.052893000014591962,cc4bdf4ea9516b6067378f9894a95b9d315a574b17f85c88f089948715a9a664,9691,9207,9385,306,96.842431121659274,True,178,2.0975954518394029,4.521548564114056,6.6061157974923814,15.264598378487985,15.264598378487985,2,5
5,43,13,sensitivity_30,0.056408900010865182,e44fa0756780003d86e4a713ab89b5fd0847b00e39c793cb6448eff7d0df411c,9691,9207,9370,321,96.687648333505308,True,163,2.1145129837853434,4.5446729589024617,6.4902725100418186,15.264598378487985,15.264598378487985,4,23
5,43,14,sensitivity_30,0.04298300005029887,e24cbe47a4189fa500d9ca19fe5520fd281f61f7ed4c1ab76f799289f44146f3,9691,9207,9275,416,95.707357341863585,True,68,2.1289705323719579,4.8170451360710755,6.7706936953631223,15.264598378487985,15.264598378487985,6,39
5,43,15,sensitivity_30,0.045021100027952343,950a9339584644468374610997c00774e41ce452a5d45f8d4517d9d90290ae6a,9691,9207,9349,342,96.470952430089767,True,142,2.1271914907198557,4.6401163544507193,6.4582413098257589,15.264598378487985,15.264598378487985,3,30
5,43,16,sensitivity_30,0.044266799988690764,3ff79b7a0c23a6d64eb7d9bba3c334694bcc475e11488b6d3ebecb8d57f39d84,9691,9207,9363,328,96.615416365700128,True,156,2.092859543903975,4.5004318509715713,6.4600693072019775,15.264598378487985,15.264598378487985,9,79
5,43,17,sensitivity_30,0.042185099970083684,64c2553f9c57fb4c2b4cd2067e734dc69ce38b4304109089b113aaca73305f4f,9691,9207,9311,380,96.078836033433078,True,104,2.0348257975180721,4.6316188785366466,6.6061157974923814,15.264598378487985,15.264598378487985,5,29
5,43,18,sensitivity_30,0.042311400000471622,e7c6cd2885e8e11cc739c8daa3e2e315847855e5e8217c30f53758ce122f29fd,9691,9207,9327,364,96.243937674130635,True,120,2.1087875983529418,4.6262432266469906,7.0924255489280164,15.264598378487985,15.264598378487985,8,64
5,43,19,sensitivity_30,0.044524100027047098,ad2d085241f2e5ad77941a6ff26dfd5649c59ddbe92ad60606b165346a97afd0,9691,9207,9341,350,96.388401609740995,True,134,2.0764905367419346,4.5897691149949198,7.0489671566747276,16.299743927271756,16.299743927271756,7,41
5,43,20,sensitivity_30,0.041965300042647868,47dc6811ba079dbe2182c6b7ee67b2516f8c0c47bf07d95c5ebc1d23c412669b,9691,9207,9309,382,96.058198328345881,True,102,2.0994466735580688,4.5850780353707155,7.0233583977225083,15.903757541667366,15.903757541667366,9,38
5,43,21,sensitivity_30,0.052109999989625067,0ad858b816869d87fe6a83966c091b68592d6c4d7bc6beb5e50817367a0fcbe8,9691,9207,9347,344,96.450314725002585,True,140,2.0752673184528638,4.5536634220903371,6.2885317065730542,15.264598378487985,15.264598378487985,9,48
5,43,22,sensitivity_30,0.05107829999178648,0d1732ff67fa05e08c8c826700a4bb810c3217c5102d71de910500973c9b477f,9691,9207,9264,427,95.593849963884011,True,57,2.1263734115808743,4.7763872210462326,6.914684872934826,15.738589550835977,15.738589550835977,6,34
5,43,23,sensitivity_30,0.055326899979263544,e9bfd2ca2a240225d623e7de5775bb485c49d352c32230648c254165235b4e3b,9691,9207,9365,326,96.636054070787324,True,158,2.0929938162885158,4.5897691149949198,6.0704206050088887,15.264598378487985,15.264598378487985,5,79
5,43,24,sensitivity_30,0.058271200046874583,bfcdc00dfc511938d271fbe65d284cc89dd9439128613cae8d5591ce394d36a8,9691,9207,9330,361,96.274894231761422,True,123,2.104734115990087,4.6569130476873113,7.0109941185328317,15.264598378487985,15.264598378487985,6,28
5,43,25,sensitivity_30,0.049452000006567687,325d397851ea86e439e42c84cda193527c520d51aa605213e877c1124190d836,9691,9207,9281,410,95.769270457125174,True,74,2.101628116807682,4.6725278973805926,6.6061157974923814,15.264598378487985,15.264598378487985,3,7
5,43,26,sensitivity_30,0.058412799960933626,60e03d14efc57faf26d68b9138ba6ce8e821d5431108a0ebaab42c0d33ea90a9,9691,9207,9298,393,95.944690950366322,True,91,2.0944667512282114,4.5897691149949198,6.6061157974923814,15.264598378487985,15.264598378487985,4,17
5,43,27,sensitivity_30,0.049136799992993474,64d0fa56d189b2c839e0b8696b4fe8754676d616201efc5c2c5c43eafb3ec94b,9691,9207,9295,396,95.913734392735535,True,88,2.0742935838463565,4.6296455028202761,6.8757102246512982,15.264598378487985,15.264598378487985,4,15
5,43,28,sensitivity_30,0.048838500049896538,1ccd85bc6f0c3c3f1b7d3db5f7d2a47760eebbaec9545a0cfdc44de8dddc49e8,9691,9207,9273,418,95.686719636776388,True,66,2.0868924424251203,4.6884196924196218,6.5801798694032749,15.264598378487985,15.264598378487985,6,54
5,43,29,sensitivity_30,0.048829800041858107,3cc6288a33ce31949d8f868107c0fe072e2ddb1985bef257f54187ff3773b8e6,9691,9207,9318,373,96.151068001238258,True,111,2.0883877088378839,4.6401163544507193,6.3770268756574584,15.264598378487985,15.264598378487985,1,4
5,43,42,legacy_representative,0.099289199977647513,1cb8b4be74d5d1020f1783864278641bc4dfb7bf435a8f2bf4ec6a9dcdf1cc79,9691,9207,9337,354,96.347126199566603,True,130,2.0868199802108371,4.6588123442239437,6.8757102246512982,15.264598378487985,15.264598378487985,6,54
5,44,0,sensitivity_30,0.10236700001405552,554858e97ba9dcddc0ca676bb42b51ad0099ca1ef622314943b2b8801cdc05ba,9691,9207,9322,369,96.192343411412651,True,115,2.0890445464122807,4.6471946144528546,6.3233508691749067,15.264598378487985,15.264598378487985,5,54
5,44,1,sensitivity_30,0.10931120003806427,8d48a21c2385064f6aa20b8c047511e6c83644085230c6f492814a11467e5ed0,9691,9207,9311,380,96.078836033433078,True,104,2.0724545442457685,4.5358034203162951,6.3451749877560104,15.264598378487985,15.264598378487985,8,41
5,44,2,sensitivity_30,0.10168680001515895,076b3692c4a9b41cf9924319a9fb6a1872d1a2026452ee79a491db26baff7adb,9691,9207,9337,354,96.347126199566603,True,130,2.0596036274510676,4.5358034203162951,6.9125725559725435,16.299743927271756,16.299743927271756,7,72
5,44,3,sensitivity_30,0.095691499998793006,03c64636ef03121be0757960e307f4b1de8f517e7ed4b1670347d21bf5642479,9691,9207,9366,325,96.646372923330929,True,159,2.0552681938639337,4.5648600306133389,6.6061157974923814,15.264598378487985,15.264598378487985,5,36
5,44,4,sensitivity_30,0.04585280001629144,aaf60f479e234489556719a23d49a1fa772346b2e69f4a6e0ae4c6276329703e,9691,9207,9379,312,96.780518006397685,True,172,2.1112885621016755,4.4333740607309258,6.2598832282185617,15.738589550835977,15.738589550835977,7,16
5,44,5,sensitivity_30,0.045485600014217198,3329ada6bb5d3b67d836dc04496194f86580f59c5e98a75c2cd3e1e55ced5121,9691,9207,9331,360,96.285213084305028,True,124,2.0410300105542527,4.653262907028064,6.6909577465634786,14.026535802652818,14.026535802652818,10,60
5,44,6,sensitivity_30,0.042597299965564162,fb0055e076592b34c455259d8994a4f365369ba1007b639e19af97e665ccb429,9691,9207,9377,314,96.759880301310488,True,170,2.1068903347255588,4.3925820682979451,6.4176915263260534,15.738589550835977,15.738589550835977,3,9
5,44,7,sensitivity_30,0.047526199952699244,e59f3d6bde99c385cbb44365b7af96c396f38f0ade6dce6a3c4cec15abdb1b61,9691,9207,9326,365,96.233618821587044,True,119,2.0697215527779771,4.6744262956282316,6.6061157974923814,15.264598378487985,15.264598378487985,6,46
5,44,8,sensitivity_30,0.050204399973154068,f1d0f00c1414f3619a0381ef838e0d9dc0720770e236a9ced7746fdbd5ea6e37,9691,9207,9285,406,95.810545867299552,True,78,2.0913656672763974,4.7496204300035707,6.6645718621555092,15.264598378487985,15.264598378487985,5,45
5,44,9,sensitivity_30,0.055868200026452541,d7b56db936b1ed9aefa63fca92ebd79b1a4cd06cd403027848bfaa22da19a762,9691,9207,9334,357,96.316169641935815,True,127,2.0590450811655239,4.5360477888188386,6.3228986373318028,14.525250555809201,14.525250555809201,6,36
5,44,10,sensitivity_30,0.057181400014087558,c500c862cc1a1f05cbf58eb0be143647866e8e217bcf6210b267ab8fafe01e81,9691,9207,9275,416,95.707357341863585,True,68,2.0689763655731448,4.7276887352217534,6.0831706246375301,15.264598378487985,15.264598378487985,6,68
5,44,11,sensitivity_30,0.047347999992780387,c3ff92d28b7271fb49c88e8992bc433dcb9288d5e48c9cb3524d550e593c2115,9691,9207,9359,332,96.574140955525749,True,152,2.1090030362907304,4.4819435476170248,6.4597857197992665,15.264598378487985,15.264598378487985,0,0
5,44,12,sensitivity_30,0.049811799952294677,79c2ff6578c89aee51a0296012cbeb34030fa686869cc793bb9e85bc35bd3ab6,9691,9207,9381,310,96.801155711484881,True,174,2.0672048405190946,4.5562719969183725,6.3179765503475895,15.264598378487985,15.264598378487985,6,31
5,44,13,sensitivity_30,0.050927399948704988,9811031b48e5885a187e06ca6c16cb721693134f768a6c4a83cc2cad8381c1c3,9691,9207,9353,338,96.51222784026416,True,146,2.0327251522187471,4.5898297535157697,6.3487874735213587,15.264598378487985,15.264598378487985,4,20
5,44,14,sensitivity_30,0.046901299967430532,c2fa6377fdff23bd4082f1fbf1e7ad206d49ff29848f2ed1b2143cf19b2b4c62,9691,9207,9340,351,96.378082757197404,True,133,2.0496760774173488,4.5897691149949198,7.6543707385816928,15.264598378487985,15.264598378487985,5,63
5,44,15,sensitivity_30,0.055108499946072698,af20994ba22221637c472f992fc8ef19b5cd51f25ebef48febfb7feb78da814f,9691,9207,9357,334,96.553503250438553,True,150,2.0817830118984753,4.4161147030375725,6.6332890030513036,15.264598378487985,15.264598378487985,6,32
5,44,16,sensitivity_30,0.048292000021319836,e83e431f2e19af7e614f9b207dd049878b27cfd9ee0a7e4513bad45ccd4812e6,9691,9207,9333,358,96.305850789392224,True,126,2.0716354643739741,4.5681867296167251,6.3318320549613363,15.264598378487985,15.264598378487985,9,63
5,44,17,sensitivity_30,0.045611500041559339,13a1443cd9ca56e33425a41a982d85becc189ff2563f205cfc924c2780a37512,9691,9207,9279,412,95.748632752037977,True,72,2.0103723995725828,4.7481661287479495,7.4400715960094619,15.264598378487985,15.264598378487985,6,48
5,44,18,sensitivity_30,0.044916799990460277,6d126cde68892277afca5b366300c4eb3987abfd0475cf258c26c7c45aa32e41,9691,9207,9312,379,96.089154885976683,True,105,2.0184199880149731,4.6754380433998417,6.6061157974923814,15.264598378487985,15.264598378487985,7,63
5,44,19,sensitivity_30,0.043463299982249737,ea27f6d0de68503ea2ab55f66563d6441e3f9c9e4f808d3ca0072b7ac7a79ffb,9691,9207,9381,310,96.801155711484881,True,174,2.0620637612210184,4.5681867296167251,6.6061157974923814,15.264598378487985,15.264598378487985,5,15
5,44,20,sensitivity_30,0.049867200024891645,00e76b67627cd410a01859e19e2404856b5cb3edd76819453f00696d73bce1e2,9691,9207,9313,378,96.099473738520274,True,106,2.0434327677232385,4.6572407731481453,6.169055941248935,15.264598378487985,15.264598378487985,5,30
5,44,21,sensitivity_30,0.042500400042627007,6403e092f962be8a51c014ebabc03787906edb5e5a711042728fe2af1881cdfe,9691,9207,9342,349,96.398720462284601,True,135,2.0765824590894812,4.6975288440163681,6.8546644830079728,15.264598378487985,15.264598378487985,3,29
5,44,22,sensitivity_30,0.042853099992498755,000f99733a1772dd7d24c68f256e76891408eb9d57d03084c4f8a2d7d1ac0be8,9691,9207,9303,388,95.996285213084306,True,96,2.0387215555564695,4.5702226770645593,7.3172901919099624,15.903757541667366,15.903757541667366,4,51
5,44,23,sensitivity_30,0.042303700000047684,55338628b98734f71b5b3c2cdc78cfde1565f5832fcc8fd5d0db2cbd0a4897ec,9691,9207,9350,341,96.481271282633372,True,143,2.0796437892175348,4.6071189362851621,6.2618650488935295,15.264598378487985,15.264598378487985,7,19
5,44,24,sensitivity_30,0.044266100041568279,e569440cb8ff4264ced3054e8df1c4f0bc15a74a0723fbd2e3a19ff1cc0969cb,9691,9207,9356,335,96.543184397894947,True,149,2.0600813371806543,4.4156629092757012,6.3233508691749067,15.264598378487985,15.264598378487985,9,38
5,44,25,sensitivity_30,0.050693700031843036,b5eac1e5687a713b3906c3b9ec502cb6375f005b47b4cb8ae19430d0c170bade,9691,9207,9246,445,95.408110618099272,True,39,2.0374975005707485,4.8348940312503341,7.0458783075723055,15.264598378487985,15.264598378487985,6,27
5,44,26,sensitivity_30,0.046690599992871284,fd9d461fd35146ce8ef28b5b2e7d51c180ab08fe3d2f95c13963e1a2ebdc1f1b,9691,9207,9372,319,96.708286038592504,True,165,2.0714632810074209,4.6296455028202761,6.2817433328387473,15.264598378487985,15.264598378487985,11,65
5,44,27,sensitivity_30,0.055223500006832182,0bf1c64c3e2265749fa47767a21075e7e1286dc375df5e16a406872feda9da8c,9691,9207,9370,321,96.687648333505308,True,163,2.0901939601156476,4.5004318509715713,6.3790096743702822,15.264598378487985,15.264598378487985,7,34
5,44,28,sensitivity_30,0.055027500027790666,c2ca206c980a7e014960b9436080f8dab8bdf61e12283c905541345cc8747f70,9691,9207,9347,344,96.450314725002585,True,140,2.0865054417703921,4.6186337437459413,6.4114857735434949,14.525250555809201,14.525250555809201,10,52
5,44,29,sensitivity_30,0.050652200006879866,b0468ace52b18f2540d7ce0cb1998441365b36a819ebcc059935ae22f6bf2af5,9691,9207,9352,339,96.501908987720569,True,145,2.1126853120131877,4.5696375636457365,6.3680045350972216,15.264598378487985,15.264598378487985,5,24
5,44,42,legacy_representative,0.11429650004720315,ab4e80adb7df3a58fb19ad3956f021b05559bbeb5598bd1a66361dc25fb109ff,9691,9207,9372,319,96.708286038592504,True,165,2.0317656645358944,4.5897691149949198,6.3228986373318028,15.264598378487985,15.264598378487985,6,29
5,45,0,sensitivity_30,0.060338700015563518,4338369500a1f079c467c952fd49242df216f0241fdf8712a001af8b02890b2b,9691,9207,9350,341,96.481271282633372,True,143,2.0565379912085509,4.5263110959276043,6.3924140714671012,15.264598378487985,15.264598378487985,5,53
5,45,1,sensitivity_30,0.068788799981120974,bed285fccd1562e1342e9c48ed62fa88567d552ae63105963f881c989eb7f8ae,9691,9207,9351,340,96.491590135176963,True,144,1.9975975692913914,4.4526455841267687,7.0733142989486701,15.738589550835977,15.738589550835977,9,78
5,45,2,sensitivity_30,0.062364999961573631,71c9b3b99df6bf7c0949c535fb5517856823b9824ea1f49cdaee2147b2e00bb2,9691,9207,9380,311,96.79083685894129,True,173,2.0657166356305052,4.484074256278153,6.169055941248935,15.264598378487985,15.264598378487985,9,54
5,45,3,sensitivity_30,0.067262600001413375,cc734eb5543f24f57715e521a1fc5de1494f7a7784e831c27abe93755934b886,9691,9207,9409,282,97.090083582705603,True,202,2.0395994017019876,4.4933156952267117,5.8192260032692129,15.264598378487985,15.264598378487985,6,42
5,45,4,sensitivity_30,0.047995500033721328,0f84beae2d93fa39423b900d86e6abbb655f0b44ac49ef433cb1e55d0deb8d9e,9691,9207,9333,358,96.305850789392224,True,126,2.0194580735018444,4.6256237379822513,6.1942703626760185,15.264598378487985,15.264598378487985,5,17
5,45,5,sensitivity_30,0.048863900010474026,93ff9f82dcea88b66747fcbae20cd5c51bac4f0cf1b6d8f0db230e31e19efb71,9691,9207,9323,368,96.202662263956242,True,116,2.0311552396201722,4.687954594852112,6.3201807465376492,15.264598378487985,15.264598378487985,7,51
5,45,6,sensitivity_30,0.063281699956860393,5c25eb4bebb8c8e19c3a091b7951bf4d2d5bd51b37b26a08a089f4313ab860bd,9691,9207,9437,254,97.379011453926324,True,230,2.0367860306975403,4.3657768096696952,5.8359154980203503,15.264598378487985,15.264598378487985,8,63
5,45,7,sensitivity_30,0.060806400026194751,5c9b8489b7dc37b2caf46b27656a624029a59259b239a2b05ac561b11e88cd8c,9691,9207,9389,302,96.883706531833667,True,182,2.0529276719006049,4.4248155761906371,6.2569821956652563,15.264598378487985,15.264598378487985,5,47
5,45,8,sensitivity_30,0.056616299960296601,4fd5dcef7d76e36a0cc4bc4d7e4f3cf5756d96c26bba4ce106626de331f015bf,9691,9207,9402,289,97.017851614900422,True,195,2.0479693076437835,4.5078439552385419,6.4239156953966878,15.264598378487985,15.264598378487985,8,58
5,45,9,sensitivity_30,0.055327300040517002,937aef7516264fa39f1b0dd3d62848b96a474d03b6037e79383b47e8ece85180,9691,9207,9345,346,96.429677019915388,True,138,1.9823576138267609,4.6164760176432127,6.3770268756574584,15.264598378487985,15.264598378487985,6,62
5,45,10,sensitivity_30,0.056543299986515194,8d4b5d725b4dc781747b93eb59123fbf9866a019378279568c8baab7da3f4bca,9691,9207,9402,289,97.017851614900422,True,195,2.0451052663833869,4.4819310850443159,6.0981579927064082,14.525250555809201,14.525250555809201,8,64
5,45,11,sensitivity_30,0.048251500003971159,5eca6e1320174c8204ea21280599484d8412e5ac262cce5dce4c4a1385323844,9691,9207,9375,316,96.739242596223306,True,168,2.0274534666016586,4.4172808191969342,6.2817433328387473,15.264598378487985,15.264598378487985,4,64
5,45,12,sensitivity_30,0.051072000002022833,2136a13e08ea45f8df271e4fb07128bcf49f153d3dd917073f72f1c968678d68,9691,9207,9404,287,97.038489319987619,True,197,2.0498935668786493,4.5263110959276043,6.2943616591260669,15.264598378487985,15.264598378487985,7,47
5,45,13,sensitivity_30,0.054296000045724213,bec6208ca478b07a6ddf30be3200aec93deeb0e8825d344cfce735f1ccef230a,9691,9207,9351,340,96.491590135176963,True,144,2.0315906012069944,4.5681867296167251,6.1520485156648874,15.264598378487985,15.264598378487985,9,72
5,45,14,sensitivity_30,0.056091099977493286,652d34389a5c250053b841721b763f9b463e419747a15f426e708888974d581b,9691,9207,9346,345,96.439995872458979,True,139,2.0393692271075019,4.6401163544507193,6.3487874735213587,15.264598378487985,15.264598378487985,3,13
5,45,15,sensitivity_30,0.049208699958398938,27eed6b19160ee52c7d2c320ebc596795361cfe15f9f1bc206880035323dd304,9691,9207,9355,336,96.532865545351356,True,148,2.0590852449686072,4.5582870842594447,6.3233508691749067,15.264598378487985,15.264598378487985,5,24
5,45,16,sensitivity_30,0.051821200002450496,8605089a68bbbe350abb6b5089a5b7543110910e7c508a69712c76acaee9022d,9691,9207,9317,374,96.140749148694667,True,110,2.0415030952918896,4.5536634220903371,6.3075917320292563,15.264598378487985,15.264598378487985,7,35
5,45,17,sensitivity_30,0.055260699999053031,bbe2e2028cf212f546c581635408c2fa3da68ba4ca720e54518d63e2df3670a4,9691,9207,9340,351,96.378082757197404,True,133,2.0285618463581376,4.5267478984573204,6.3201807465376492,15.264598378487985,15.264598378487985,7,51
5,45,18,sensitivity_30,0.049402800039388239,9acd559d7c48af43204cf552b020923ba0f060c9b2902d4bd2c7186fb3408a42,9691,9207,9403,288,97.028170467444014,True,196,2.0361790158973196,4.484074256278153,6.2010555572500863,15.264598378487985,15.264598378487985,4,7
5,45,19,sensitivity_30,0.054414299956988543,19233e4cfc73138541ce02800895d358eb4843683dba8dae648e5323899abf9e,9691,9207,9419,272,97.193272108141571,True,212,2.0634733871965123,4.4153022289620365,6.2042958089140887,15.264598378487985,15.264598378487985,7,55
5,45,20,sensitivity_30,0.051217700005508959,88a8fd69df99131187ead66cfafebfb1d065e3ed5711fada2b7b0c439a983c11,9691,9207,9305,386,96.016922918171502,True,98,1.985630570032858,4.6154689643938154,6.9125725559725435,16.299743927271756,16.299743927271756,9,110
5,45,21,sensitivity_30,0.054275800008326769,3683a13b2a3522959b9086c498426e7f1cefaf502f1a8dd846169673bd03141d,9691,9207,9391,300,96.904344236920849,True,184,2.0458378214801511,4.5686632542418852,6.2958492860419337,15.264598378487985,15.264598378487985,3,29
5,45,22,sensitivity_30,0.047230899974238127,864a6ccc0303c2c08a9b65d7a572377cd5b70279d607e3459601b53593ed116a,9691,9207,9336,355,96.336807347023012,True,129,2.0336148868446746,4.5879896687769177,6.4599404781644312,15.264598378487985,15.264598378487985,5,14
5,45,23,sensitivity_30,0.051717300026211888,b5dd911f67de57027846cbef7c0aef09e40f381a22b0726f2205b5c82e662e30,9691,9207,9385,306,96.842431121659274,True,178,2.0547955775102924,4.4932410561886824,6.2259315262996369,15.264598378487985,15.264598378487985,7,24
5,45,24,sensitivity_30,0.05078639998100698,4ca864beaee8b2b5143637d76158064c16f8478033f1c6938491ca50535c4d10,9691,9207,9399,292,96.986895057269635,True,192,2.024980910633706,4.424023284105548,6.3228986373318028,15.264598378487985,15.264598378487985,6,44
5,45,25,sensitivity_30,0.051985000027343631,f077cf1945af7fc5d676721101c3fb4b6cd95cd563a43ee55880244b3c77496f,9691,9207,9417,274,97.172634403054374,True,210,2.0528925423892197,4.4073577039518632,6.3318320549613363,15.264598378487985,15.264598378487985,3,39
5,45,26,sensitivity_30,0.048249399987980723,c7afd6ba34b017355bebff8870c704ece4bd4c2cb08f7c5eec104a3fbcc97cf5,9691,9207,9338,353,96.357445052110208,True,131,1.9929045441949229,4.4425624995605126,7.0214824062505077,16.299743927271756,16.299743927271756,4,48
5,45,27,sensitivity_30,0.057563100010156631,e500a4598b3312734db633efc080239e76da3d029cc3e7341f2035592f99a865,9691,9207,9385,306,96.842431121659274,True,178,2.0475239375430836,4.370995678832915,6.3318320549613363,15.264598378487985,15.264598378487985,4,42
5,45,28,sensitivity_30,0.056471100018825382,f8a80cb7a52e48b808705abcd1585eb76f91ae985646ab3df685888325596119,9691,9207,9361,330,96.594778660612945,True,154,2.0230338097987426,4.4932410561886824,6.6061157974923814,15.264598378487985,15.264598378487985,8,49
5,45,29,sensitivity_30,0.053810899960808456,39b6883d08212a89d25cce7fa32ec3a63e6d115069d465d9553136b4f0020312,9691,9207,9338,353,96.357445052110208,True,131,2.0298751279250191,4.4803572131660241,6.2823744581872853,15.264598378487985,15.264598378487985,6,50
5,45,42,legacy_representative,0.072436700051184744,6e76062cf03f5fdff18c13add4994632c77880afd20a475d4a92d49b676f9826,9691,9207,9324,367,96.212981116499847,True,117,1.9887681672548418,4.6256237379822513,6.4310538307002885,16.732826938892167,16.732826938892167,3,20
10,12,0,sensitivity_30,0.03284120000898838,e2ee03d305f7c22a3e08b9c881aef4107997239d59920fef51382c1b7e31b359,9691,9207,8880,811,91.63141058714271,False,-327,5.4166058273194295,11.203429175746901,17.048614660096405,28.620353359032634,28.620353359032634,6,31
10,12,1,sensitivity_30,0.024682399991434067,b07d591ee5ab45460689e1956595fb938278352ed4fa370dd75e71faefda9e86,9691,9207,8840,851,91.218656485398824,False,-367,5.3685733359795957,11.780685718985897,16.548185063851484,28.957808892917008,28.957808892917008,11,45
10,12,2,sensitivity_30,0.020784699998330325,1d34d6a1fb7a471bf94939d765ae5485b39dc03cac3ef94a3341c2ab6fd826f9,9691,9207,8995,696,92.818078629656384,False,-212,5.3268261096823233,11.081209182490058,17.161395423438485,28.957808892917008,28.957808892917008,6,56
10,12,3,sensitivity_30,0.030848200025502592,f64caa2156ad0e44e20fa6f2d7e82efdaf023b55785dac69f99a1ee4df4b13df,9691,9207,8885,806,91.683004849860694,False,-322,5.2079095365986356,11.694499056194426,17.357784290951912,30.87407899183761,30.87407899183761,8,26
10,12,4,sensitivity_30,0.018279800016898662,408226f11697653cf30a38dcd746be6fba3f821261bae41cde9a491de1d73777,9691,9207,9004,687,92.910948302548761,False,-203,5.4557835140788518,11.19738242010393,16.685205406430558,28.957808892917008,28.957808892917008,8,46
10,12,5,sensitivity_30,0.018498399993404746,c930e9071cd7c1db213cee4e8187dc70424d07e7404d3b940df514681274611f,9691,9207,8961,730,92.467237643174073,False,-246,5.4169412702549913,11.348950852635115,16.732083649796593,32.273444892987364,32.273444892987364,5,13
10,12,6,sensitivity_30,0.017822299967519939,a49f9212ca393b9e28ee6ca7c59f67aba1d0de8833e0ffb2fbe5c221dc93a104,9691,9207,8889,802,91.724280260035087,False,-318,5.3079518065838398,11.562137599681849,17.16687473128486,27.572229138176187,27.572229138176187,11,125
10,12,7,sensitivity_30,0.017724199977237731,9a17058f54329fa5729031f0b100ec3c176aab673183e82084023e94ce6d1dfa,9691,9207,8899,792,91.827468785471055,False,-308,5.301004168711879,11.417304572995329,17.18076384678357,29.039453129294085,29.039453129294085,15,89
10,12,8,sensitivity_30,0.017416200018487871,f34dac3ffcdaf29047be6edd4b9ca081a7b66109a84c6a52257f942e132d3b5e,9691,9207,8861,830,91.435352388814366,False,-346,5.3717098317840222,11.647129780901876,16.548185063851484,28.957808892917008,28.957808892917008,5,17
10,12,9,sensitivity_30,0.018291399988811463,e73669ca41b2d1c4d30d991dd457d032829c7220babffa8fdd5f4c193bac9ddf,9691,9207,8994,697,92.807759777112778,False,-213,5.4020787887771489,10.984227490982727,17.022437879254852,28.854426645749545,28.854426645749545,6,34
10,12,10,sensitivity_30,0.018177399993874133,a307d3c5e2029d503d84f8470c097195933a6c4e64d3314ee6abb3ef9042565d,9691,9207,8890,801,91.734599112578678,False,-317,5.3816369208738628,11.842797631673944,17.624474790253188,31.266523694405443,31.266523694405443,3,18
10,12,11,sensitivity_30,0.02024909999454394,98a41ec8c489cef475c3f897da5ef9fe5dc8d0053390b831f5d11f78c00ecd15,9691,9207,8859,832,91.414714683727169,False,-348,5.3702998676465743,11.780685718985897,16.656332434276088,28.854426645749545,28.854426645749545,11,57
10,12,12,sensitivity_30,0.017546799965202808,1ce01f1cbd81913f0c7dbfd4dbd39753cd7c7658e3e4310f99ea58308723a0f0,9691,9207,8852,839,91.342482715921989,False,-355,5.3368885291514161,11.474625681316461,16.894285600359574,27.572229138176187,27.572229138176187,11,53
10,12,13,sensitivity_30,0.017410899978131056,4ed7522f88fb5a65cd9a96393d3af73c3edee2518842e04eea62ad3205da959b,9691,9207,8817,874,90.981322876896087,False,-390,5.4569925437894158,11.271926259882763,14.686542358085426,25.388678120841167,25.388678120841167,5,57
10,12,14,sensitivity_30,0.020331499981693923,b2ff2b2af7a38b29a79e751bbf0163c5e986ee514b39a88ed1aa1c51022b9c4d,9691,9207,8850,841,91.321845010834792,False,-357,5.3321779171132198,11.27295805131712,17.881415483388185,27.572229138176187,27.572229138176187,6,17
10,12,15,sensitivity_30,0.02011280000442639,f5fb95192e52eb6b0112f0d1c6cbfa04229eeeb550187f4aaa2945e1d5580719,9691,9207,8889,802,91.724280260035087,False,-318,5.3201198877265163,11.36478565361198,17.272653246864891,28.957808892917008,28.957808892917008,12,51
10,12,16,sensitivity_30,0.021726100007072091,85dce02cab37e711147e41a5a41fc9f934c4ac5c62c8f2e75c7da859e848cb91,9691,9207,8830,861,91.115467959962857,False,-377,5.3774392291739881,11.427189709080434,17.132899995039647,28.854426645749545,28.854426645749545,11,78
10,12,17,sensitivity_30,0.018936800013761967,6653f45c047b71084ec61c0efc7066c9e39da41d6940156cd2781fed362ae2fb,9691,9207,8881,810,91.641729439686301,False,-326,5.3497222787473016,11.467221172935499,16.879617806775006,28.854426645749545,28.854426645749545,7,45
10,12,18,sensitivity_30,0.018755899975076318,1c79123771f04eee98751dfdf91c795612625e3171b4ca02c60a64a5ddeb174d,9691,9207,8788,903,90.682076153131774,False,-419,5.2526147954281539,11.919965561221025,17.1733437192438,33.64025875706124,33.64025875706124,11,54
10,12,19,sensitivity_30,0.02340029994957149,c5a4bab733ea638e10bb7ed7d3fb6de1642a9bd9cf781023b3e92b855c013966,9691,9207,8675,1016,89.516045815705297,False,-532,5.4627024267951887,11.153927426430849,14.686542358085426,25.388678120841167,25.388678120841167,9,122
10,12,20,sensitivity_30,0.026070000021718442,7d88a0969cb0b0c4ce29ad66df319170c581b462d0ecc875d40c7ff3656f928d,9691,9207,8904,787,91.879063048189039,False,-303,5.3967430351177281,10.849848239966089,17.027759107624608,25.388678120841167,25.388678120841167,4,46
10,12,21,sensitivity_30,0.018411700031720102,e2cc5975fec3030f628ef76534fa335b4802fbae8207c5ddab223de782884e39,9691,9207,8925,766,92.09575895160458,False,-282,5.3965198115075195,11.21611213300012,17.293285506831761,28.810239095407091,28.810239095407091,10,54
10,12,22,sensitivity_30,0.020479499944485724,7f5420e07f2225abd3abd539bab4001829890a886ed958e9266101b78ba8aab2,9691,9207,8939,752,92.240222887214941,False,-268,5.3976997429002349,11.643923276723109,16.296066762184129,27.518379372816035,27.518379372816035,8,66
10,12,23,sensitivity_30,0.018436800048220903,8af5e6c9b4e5f6ef0a3eb58a985d082937fb94e6adcb1aebed67ae0ce931e98e,9691,9207,8947,744,92.322773707563712,False,-260,5.3273031556925705,11.08720954398572,17.027759107624608,27.572229138176187,27.572229138176187,6,69
10,12,24,sensitivity_30,0.019916300021577626,58d9c80d5c4544a6ae602472900e90236cf3afa49bf8e707b66c45442ce69535,9691,9207,8846,845,91.280569600660399,False,-361,5.3988817730119978,11.568187060291088,15.305933468865902,26.392598786982109,26.392598786982109,7,59
10,12,25,sensitivity_30,0.019621599989477545,92fda5899e27f2103634827bb704ed62b4a357a54e19ba157fdec09350957802,9691,9207,8875,816,91.579816324424726,False,-332,5.2839246011871568,11.454754859825233,17.217205359100085,30.87407899183761,30.87407899183761,6,33
10,12,26,sensitivity_30,0.017777099972590804,4051da8dfbe5c1426111f4bb53d19e0e6c135347f52247b4c544c3bd7ce1c782,9691,9207,8966,725,92.518831905892071,False,-241,5.3155048280884261,11.295529921097287,17.18076384678357,29.039453129294085,29.039453129294085,5,53
10,12,27,sensitivity_30,0.01952020003227517,c3ac67501695550bb40e0d785c60d32aa2a2c97839ec6168e11155acb07dbff8,9691,9207,8928,763,92.126715509235368,False,-279,5.3700281313493772,11.149300612355692,16.666385295929633,28.882651248487345,28.882651248487345,8,27
10,12,28,sensitivity_30,0.017031199997290969,0b2d1013e0fbf6b67ebd80aceff8c0c2e973999bdcb4a219df9a7e8e85fe5a7b,9691,9207,8910,781,91.940976163450628,False,-297,5.3905154531158024,11.013587164395284,16.666385295929633,28.882651248487345,28.882651248487345,12,56
10,12,29,sensitivity_30,0.025348600000143051,9b2770174f39c31d5cef14d0c12ba3957b6dac61722f4173d2b4aa194a184150,9691,9207,8982,709,92.683933546589614,False,-225,5.4078777579975217,11.063540724486126,17.022437879254852,28.957808892917008,28.957808892917008,7,32
10,12,42,legacy_representative,0.021270500030368567,0783a3d83fac18a91ed57c3e2e4577ab3380329a559df98d7b24fd24fc56ebed,9691,9207,8902,789,91.858425343101842,False,-305,5.385821802886217,10.884326896953507,17.052025630928501,27.572229138176187,27.572229138176187,5,16
10,13,0,sensitivity_30,0.03348869999172166,06f8fb5ee2938b85f13be72b99fbe93bb20e55067bcd0debe2d24250b46af66e,9691,9207,9014,677,93.014136827984728,False,-193,5.0910129804556439,11.030027367149964,15.670092436801434,27.572229138176187,27.572229138176187,5,46
10,13,1,sensitivity_30,0.033112099976278841,39103bb3261f9ede5f2bb8a5232fbd16a46544dd79403d7178ef93ffbf4f83ca,9691,9207,8980,711,92.663295841502432,False,-227,5.1627178633936834,10.795465269102776,16.656332434276088,28.854426645749545,28.854426645749545,4,25
10,13,2,sensitivity_30,0.024509200011380017,be5f35cf9b6b9edc9762ff7d457268936d1ed0f0bee49b18ee54092b0bf3b2e9,9691,9207,9034,657,93.220513878856664,False,-173,5.0809785762375546,11.082106951717256,16.548185063851484,28.957808892917008,28.957808892917008,9,114
10,13,3,sensitivity_30,0.03182640002341941,73a9d983551a96cc9ee9e7bb517396e3d9a87e25931eb07c0797d8d958f2b1d6,9691,9207,9017,674,93.045093385615516,False,-190,5.1645158110626195,10.730460712443888,16.779040617730033,28.810239095407091,28.810239095407091,10,46
10,13,4,sensitivity_30,0.023935800010804087,48b9dbb4aa649101a82bde660272b4d0c31653b15ed8a2afc9e49d675964b091,9691,9207,8935,756,92.198947477040548,False,-272,5.0381015731692864,11.427189709080434,17.268296834427751,32.273444892987364,32.273444892987364,6,29
10,13,5,sensitivity_30,0.020850799977779388,49d85447e5900a34aeefdbc26f0726de917c686242034fb1f0d5861a37193e69,9691,9207,9088,603,93.777731916210911,False,-119,5.0926132697960931,10.624760890471434,15.670092436801434,27.572229138176187,27.572229138176187,8,24
10,13,6,sensitivity_30,0.024792400014121085,0247cc3c1cc1ca9e806d19db06a5281318fe6e934710952f9944a330e7333b0f,9691,9207,9046,645,93.344340109379843,False,-161,5.0844691181348551,10.849848239966089,15.670092436801434,27.572229138176187,27.572229138176187,6,40
10,13,7,sensitivity_30,0.021082900057081133,b0cbab5edfc8ee9e2c6d31e1a8160f3b3c7afee212f96c8a1df3363d16ede935,9691,9207,9024,667,93.117325353420696,False,-183,5.0990275226824249,11.035564109132322,16.666385295929633,28.882651248487345,28.882651248487345,10,41
10,13,8,sensitivity_30,0.022123600007034838,158f29f5db816004938518aa96c37a5179887f38e5fb77457ee368e177900726,9691,9207,9003,688,92.900629450005155,False,-204,5.0649562957044312,11.289577368318488,15.670092436801434,27.572229138176187,27.572229138176187,13,91
10,13,9,sensitivity_30,0.020918599970173091,3542bc52d6ced4f64a40aca988ae308250d041537a35e9641b0b3222559e6617,9691,9207,9023,668,93.107006500877105,False,-184,5.0958609538183923,10.957409103441369,15.670092436801434,27.572229138176187,27.572229138176187,8,27
10,13,10,sensitivity_30,0.020480500010307878,3cfc349d6afdfeca844b7c5b0b6d8a745c87863c71e2c393935bec4e64b211ec,9691,9207,9014,677,93.014136827984728,False,-193,5.0964176010413453,10.948198930952714,15.670092436801434,27.572229138176187,27.572229138176187,8,27
10,13,11,sensitivity_30,0.019093499984592199,0d42561aeaba4ec1fa4250867f504cab2019e597e015cf1663b7be329d529aaa,9691,9207,8947,744,92.322773707563712,False,-260,5.1103953655148979,11.273298432531274,16.963556218741356,28.781500002527686,28.781500002527686,8,45
10,13,12,sensitivity_30,0.022010400018189102,4584a8c1237db34634ec593dbd9523384f6a3b9278785fd9dd50fd4bb3bcdc4b,9691,9207,8982,709,92.683933546589614,False,-225,5.074871106845781,11.163789582985116,16.862721911839394,27.572229138176187,27.572229138176187,5,41
10,13,13,sensitivity_30,0.02180619997670874,4a6ed688a6b32ea2a595d4461ce0c43fcef09b89bbe43d719da72d04f4471eff,9691,9207,8991,700,92.776803219481991,False,-216,5.1165966567048233,11.039422654125367,15.263432499458219,26.388925184692543,26.388925184692543,10,52
10,13,14,sensitivity_30,0.027018800028599799,1d8dc8aeef26afba2d0fece7d00a14ebc1ad9b69d9f4605750395829267a6386,9691,9207,9046,645,93.344340109379843,False,-161,5.0581151769075952,11.08720954398572,16.656332434276088,28.854426645749545,28.854426645749545,8,86
10,13,15,sensitivity_30,0.02347600000211969,89ef1f02918561dcd2b5e868718c51571224996c648e715d5b8386790f9b03f6,9691,9207,9075,616,93.643586833144155,False,-132,5.0991915507704073,10.619965784758906,17.07423386723795,27.573972999736196,27.573972999736196,5,22
10,13,16,sensitivity_30,0.020577899995259941,44a97d7a52ef5ab2f52bfe95f6ce2e643da50de0aca2625cc38d5fed87d7c14b,9691,9207,8929,762,92.137034361778973,False,-278,5.0849920283169379,11.522721333150177,16.490636290844773,29.039453129294085,29.039453129294085,7,55
10,13,17,sensitivity_30,0.021072399977128953,f6e9da112ad1c59e249002962a1806c64a226288ea325a797dbd840b2d6e8041,9691,9207,9088,603,93.777731916210911,False,-119,5.1169939804204105,10.853776866230525,17.039425578137635,28.865139917775306,28.865139917775306,11,69
10,13,18,sensitivity_30,0.023880900000222027,eab9d3250606dbfbceeeed0bb8ec4a1247861a6903a3bd3f25e605d84b20ad64,9691,9207,8992,699,92.787122072025596,False,-215,5.0775780104396704,11.08720954398572,16.858258149075603,27.572229138176187,27.572229138176187,4,35
10,13,19,sensitivity_30,0.02696079999441281,9dfb1e5caddc4c1b07569bb5458025cf6fe28446489772f0154c72d831aa6b18,9691,9207,9072,619,93.612630275513368,False,-135,5.0414606762173486,11.082106951717256,16.666385295929633,28.882651248487345,28.882651248487345,4,13
10,13,20,sensitivity_30,0.022000099997967482,5e92b148391e4711fbfdf28f1797a135be1d125e5e9694090a55faf31caefcb7,9691,9207,9044,647,93.323702404292646,False,-163,5.1139367054709286,10.999616938541102,16.490636290844773,29.039453129294085,29.039453129294085,6,57
10,13,21,sensitivity_30,0.020159500010777265,bba78da072b6cddcd51fbd5f8b5b184783d449de10652b577682adee8a44d5e9,9691,9207,8983,708,92.694252399133219,False,-224,5.0521850904821148,11.159232282761867,16.548185063851484,28.957808892917008,28.957808892917008,7,34
10,13,22,sensitivity_30,0.01912160002393648,d0dc26c1528bf2aadc9781d5931ab9785028b600a4dd1cea3ae2591ce75aa368,9691,9207,9031,660,93.189557321225877,False,-176,5.165155735599078,10.647285935055352,16.836992304411972,27.093030753803358,27.093030753803358,5,54
10,13,23,sensitivity_30,0.01993050001328811,617d4ef8d034a5dce0d4af1db91d8fe82d89e4d04778181bca8e3d74292fe8be,9691,9207,9063,628,93.519760602620991,False,-144,5.1647314001331015,10.597336810076147,14.717916553610154,25.388678120841167,25.388678120841167,3,44
10,13,24,sensitivity_30,0.022163900022860616,5f6af10d5ad22743462f0f6e2f12fd8ca01a2be70da762b13ade388a6f9c4f3c,9691,9207,9065,626,93.540398307708188,False,-142,5.1750756631041108,10.524168651909575,14.686542358085426,25.388678120841167,25.388678120841167,6,34
10,13,25,sensitivity_30,0.018678899970836937,f0da7e0dd1bbc3464281477d85d9823dd1c6103c73b2c074fe66b11ce539fcdc,9691,9207,8942,749,92.271179444845728,False,-265,5.2049518796820564,11.149300612355692,16.666385295929633,28.882651248487345,28.882651248487345,4,11
10,13,26,sensitivity_30,0.017917599994689226,6f35f131c12349d5626d0e548d61d9ea73bd48162d2a35d9d62c6521fb4ca3e2,9691,9207,8954,737,92.395005675368893,False,-253,5.0334109547152659,11.436817357757008,17.019887674990493,30.87407899183761,30.87407899183761,4,17
10,13,27,sensitivity_30,0.018098100030329078,71e5a2ee7eee73cd179adcb73963b68456b4d69a615f4e67f2327431bbc3fd9a,9691,9207,9004,687,92.910948302548761,False,-203,4.9512025403393265,11.780685718985897,16.74786677700331,32.068540561276642,32.068540561276642,9,42
10,13,28,sensitivity_30,0.019872899982146919,49a54ed2e4e50649a91012abd6287be9e8e9394a0057e1f17d15e5ab08fe19d4,9691,9207,9098,593,93.880920441646893,False,-109,5.1103291059927676,10.63155751104892,15.245232164795238,26.371007585534286,26.371007585534286,3,17
10,13,29,sensitivity_30,0.020980500034056604,ba5d7c28263292e762f870656685c124701b4e210794aff3fb158cddfebb5c86,9691,9207,9031,660,93.189557321225877,False,-176,5.1560283096430366,10.956942421434123,15.103882164725704,26.371007585534286,26.371007585534286,6,47
10,13,42,legacy_representative,0.031869500002358109,c55e6442a81733982180c508ad638ff6c70395b957ce70d16236d8043472ab56,9691,9207,9003,688,92.900629450005155,False,-204,5.0649562957044312,11.289577368318488,15.670092436801434,27.572229138176187,27.572229138176187,13,91
10,14,0,sensitivity_30,0.02890030003618449,4a2dd1632135ff1df987f1efa5c38d105be85312077fb5ee2162fde12e27ad10,9691,9207,9199,492,94.923124548550206,False,-8,4.8966972876705794,10.096511165967184,16.409510089475802,25.247584517209784,25.247584517209784,5,66
10,14,1,sensitivity_30,0.025841999973636121,0f57626976adff5707299d49cdc4ba13f0e37f772d20f724437cb155038e02b6,9691,9207,9101,590,93.911876999277681,False,-106,4.8806286963956511,10.443307549483324,15.690265387081203,25.388678120841167,25.388678120841167,7,71
10,14,2,sensitivity_30,0.033139600011054426,5e7fed7e12bda6e3593cb4f10809d6b1cf653d418b389f943ae269869bcd00de,9691,9207,9149,542,94.407181921370338,False,-58,4.8224932687947213,10.464257649827111,16.74786677700331,28.781500002527686,28.781500002527686,7,32
10,14,3,sensitivity_30,0.033016600005794317,e5ef0c47e383ce60e767a8923445d0bcf7a9f5f3f5e7b52675af80ae08510685,9691,9207,9181,510,94.737385202765452,False,-26,4.9816690454431258,10.072582369134857,17.22030676427773,27.694396096903713,27.694396096903713,14,77
10,14,4,sensitivity_30,0.025856600026600063,58c55087b478bb4de1a07db9017df88e829aaa923265277a6f99077f247444af,9691,9207,9145,546,94.365906511195959,False,-62,4.7594985994920478,10.144057729925912,15.670092436801434,27.572229138176187,27.572229138176187,4,18
10,14,5,sensitivity_30,0.021491399966180325,ad2d9e8931cf24ff044e60390e89437ce8c810f3edfe783b435136a71f8d6939,9691,9207,9066,625,93.550717160251779,False,-141,4.8423689098283749,10.488679818010837,16.830536923325713,27.093030753803358,27.093030753803358,6,51
10,14,6,sensitivity_30,0.025394500000402331,35818ce41abf73d1a89de290fc5cacabcc2f64ab96a4dbf66e37ac53ff98d490,9691,9207,9048,643,93.364977814467025,False,-159,4.9392173036722715,10.708865645116402,16.490636290844773,29.039453129294085,29.039453129294085,6,64
10,14,7,sensitivity_30,0.021307300019543618,2c648a4989e170ef8730571404759a8bd739ab8f775f20b1b5290bd0ca3b7103,9691,9207,9112,579,94.025384377257254,False,-95,4.8463436838603373,10.530850814366451,16.656332434276088,28.854426645749545,28.854426645749545,6,31
10,14,8,sensitivity_30,0.020747200003825128,5e3e973ad095498aedda19f3d1b6661ed5f7a519dfeb4f9cedd05a1de9d2d4f6,9691,9207,9046,645,93.344340109379843,False,-161,4.7816730284669671,11.237066670507676,16.708605327842896,30.87407899183761,30.87407899183761,7,33
10,14,9,sensitivity_30,0.02263729996047914,975e6ea04a507bc3cd5f0a3ad91943e1d7ca40d9b33bd60250d5656794054526,9691,9207,9186,505,94.788979465483436,False,-21,4.8643076162713612,10.284832788515953,16.769218515149223,28.781500002527686,28.781500002527686,5,30
10,14,10,sensitivity_30,0.029823699966073036,8b406d61f32529db223f625c1f5055bf00118993e9d4e00bd6656873f518af74,9691,9207,8927,764,92.116396656691776,False,-280,4.8486926342634495,10.788661302319783,14.686542358085426,25.388678120841167,25.388678120841167,5,69
10,14,11,sensitivity_30,0.022310700034722686,584e145702b9565bb09a65bfde2e518fd8b6a9e594a66b0e107e2af2311727dc,9691,9207,9151,540,94.427819626457534,False,-56,4.7387669041053595,10.242982220903711,15.670092436801434,27.572229138176187,27.572229138176187,6,55
10,14,12,sensitivity_30,0.022661600029096007,ffcc5f8710397246541c45ca1c0de19427a45da17f94f6e6d89953de8d169fce,9691,9207,9177,514,94.696109792591059,False,-30,4.8845775200516623,10.219689388813082,15.087352298393824,25.388678120841167,25.388678120841167,7,25
10,14,13,sensitivity_30,0.023326199967414141,5de7c84694a873e91db9b533bf3f682cc994e7efec0b5dadd2b4c27d98371113,9691,9207,9070,621,93.591992570426171,False,-137,4.8888492510685726,10.539883019475813,14.538786998063834,25.388678120841167,25.388678120841167,3,9
10,14,14,sensitivity_30,0.0196402000146918,510bcb95b5aae8df7592359ad5fa5872d654aca7b4293656e022d339d13d25b3,9691,9207,9000,691,92.869672892374368,False,-207,4.8066130770191107,11.209398102419703,15.679367613952468,27.573972999736196,27.573972999736196,7,34
10,14,15,sensitivity_30,0.02482430002419278,5024166a1384de96e9f4e7be736406b662484f6788d822c7dd32b65fff3f99de,9691,9207,9204,487,94.97471881126819,False,-3,4.8129980593555439,10.013940513772493,17.022437879254852,25.247584517209784,25.247584517209784,8,63
10,14,16,sensitivity_30,0.022982400027103722,4da178f6602e7abbd5450e210d66e8cde0657e6a01ba33c0d07385cf7f09bd33,9691,9207,9087,604,93.76741306366732,False,-120,4.7781657807636284,10.998466859082955,16.917480170176535,28.620353359032634,28.620353359032634,6,21
10,14,17,sensitivity_30,0.021015500009525567,a239662222c1b76e9d7bf469d315df6b612759ca0fec8d886b3bf04945336f6e,9691,9207,9164,527,94.561964709524304,False,-43,4.9600232669446047,10.183014714336945,15.332116868701734,27.573972999736196,27.573972999736196,6,37
10,14,18,sensitivity_30,0.024455100006889552,fb5d3f5f473c3b5771179bdeaaa60721081b382cc8dcb2413da17c84247245fc,9691,9207,9089,602,93.788050768754516,False,-118,4.8519672041577655,10.482816423788188,15.690265387081203,25.388678120841167,25.388678120841167,14,103
10,14,19,sensitivity_30,0.023176600050646812,e859427ab8ce5ab9180f4560f15739e546254c8399bce5da691c7a619c517a4f,9691,9207,9057,634,93.457847487359402,False,-150,4.7924434665214761,11.082106951717256,16.656332434276088,28.854426645749545,28.854426645749545,5,17
10,14,20,sensitivity_30,0.028966300014872104,dccf975197858fc87d36f5ac913685aacfd1657ca1148b0f504cb2007861c8f2,9691,9207,9084,607,93.736456506036532,False,-123,4.9260832550124904,10.835910667346152,16.666385295929633,28.882651248487345,28.882651248487345,5,15
10,14,21,sensitivity_30,0.021051599993370473,23d2acbf4587aed855bc4344bfca97546cdf8fb5e564163ad2c9eb67ffaea7d0,9691,9207,9101,590,93.911876999277681,False,-106,4.8957406982155662,10.546373917611433,15.811708445638267,27.572229138176187,27.572229138176187,9,96
10,14,22,sensitivity_30,0.02394270000513643,7de09f22983f34b198bede4edb13050d0753997d37b38226ee97feb40736a516,9691,9207,9152,539,94.43813847900114,False,-55,4.8732302299318491,10.522153056861484,16.862721911839394,25.247584517209784,25.247584517209784,7,70
10,14,23,sensitivity_30,0.023796800000127405,8531c934740fbc763f74e3074252443976820792b1afde021188054f5ec02c8e,9691,9207,8947,744,92.322773707563712,False,-260,4.8450660890583404,10.785406297251312,16.656332434276088,28.854426645749545,28.854426645749545,11,128
10,14,24,sensitivity_30,0.025069099967367947,540ceff415f111fc29835666034a90127ed3502ef683d40143fbe04806a0110c,9691,9207,9167,524,94.592921267155091,False,-40,4.8255461362370431,10.311097311352329,17.033558722301034,28.545357736169027,28.545357736169027,6,63
10,14,25,sensitivity_30,0.024494700017385185,75d0e2fd3b2172a69b30ecdefa401525235008572eca21015abb341e56fbf5d4,9691,9207,9186,505,94.788979465483436,False,-21,4.8794320266822053,10.176532321650058,16.624488440042239,25.407486802778763,25.407486802778763,8,38
10,14,26,sensitivity_30,0.025186899991240352,4451716789f6f5564b6f26adefb2c868aedb938b55ea20879e16b54e233ddd64,9691,9207,9077,614,93.664224538231352,False,-130,4.8310516052980557,10.632910202813996,16.666385295929633,28.882651248487345,28.882651248487345,6,50
10,14,27,sensitivity_30,0.030130500032100827,abc8c07caf2b5765b779ab9d5a9f0b4e4ec2bb3d69f6d9ac990e39d55b174ede,9691,9207,9077,614,93.664224538231352,False,-130,4.9534108836524462,10.524168651909575,16.830536923325713,27.093030753803358,27.093030753803358,7,54
10,14,28,sensitivity_30,0.026735900028143078,9299a90a1aa5fae2417a1ec54f896b1d2852f88ea42230490fea76ecca769dd6,9691,9207,9170,521,94.623877824785879,False,-37,4.8483706696281486,10.466979943768404,16.769218515149223,28.781500002527686,28.781500002527686,7,46
10,14,29,sensitivity_30,0.03882539999904111,4e0bdc5aee959731312d620857735e435e82baebf20280c2c64e4e2bec1d9b5a,9691,9207,8957,734,92.425962232999694,False,-250,4.7722927021830595,11.081209182490058,16.548185063851484,28.957808892917008,28.957808892917008,6,29
10,14,42,legacy_representative,0.031817300012335181,abdbbdc7532c63209261907aa35804ad59ad394ba4b087d0fb38a6edfdc19c76,9691,9207,9068,623,93.571354865338975,False,-139,4.8763340492731633,10.670912465283418,16.769218515149223,28.781500002527686,28.781500002527686,8,44
10,15,0,sensitivity_30,0.031483800034038723,ce09d9f70bfa746ad92ca9dff56054ce6bce16c1453cf392a3c3828580ceea8f,9691,9207,9270,421,95.655763079145601,True,63,4.6839841599301923,9.7166585138374142,16.64378162580909,25.480556771071825,25.480556771071825,8,100
10,15,1,sensitivity_30,0.038258499989751726,a874dbe331e23de777bdd8d18616783df50702c8b3c123e816e567b5e2995d19,9691,9207,9219,472,95.129501599422142,True,12,4.7420878844115535,9.9082332273310172,15.384422050991976,27.572229138176187,27.572229138176187,6,28
10,15,2,sensitivity_30,0.037046299956273288,52d34a616807a13026e44feec0af399fc29db8541247f16c3e0845980d012c19,9691,9207,9096,595,93.860282736559697,False,-111,4.598024060855626,10.420357525198288,15.087352298393824,25.388678120841167,25.388678120841167,14,92
10,15,3,sensitivity_30,0.032487399992533028,a299b5e55d300f235feb9ec1e21ea98cd425d4fe5553560866c6a43b1c28f162,9691,9207,9172,519,94.644515529873075,False,-35,4.605470071730414,10.066637134283702,15.546329552696667,25.388678120841167,25.388678120841167,8,43
10,15,4,sensitivity_30,0.026849899964872748,dd5715dc55631c2984a82cf9d9e6b279f333c7e880181f169a985dafab189c2e,9691,9207,9086,605,93.757094211123729,False,-121,4.6608643821507387,10.610082586003264,14.825216017941163,25.247584517209784,25.247584517209784,5,27
10,15,5,sensitivity_30,0.022600600030273199,2122de21ec56a85892ea6ddfcf735f3402e2af90037897368c718e29db213970,9691,9207,9183,508,94.758022907852649,False,-24,4.5561140938035587,10.007916772262877,15.245232164795238,26.371007585534286,26.371007585534286,1,1
10,15,6,sensitivity_30,0.021084400010295212,22e21a03fac672926ec534d1d334a150a1f87a344c3255e8dcc5f933787936c5,9691,9207,9162,529,94.541327004437107,False,-45,4.5828370781419272,10.238158904269509,16.820456740997905,25.634992889093812,25.634992889093812,8,58
10,15,7,sensitivity_30,0.022500699968077242,75d641f6b4d629ac6b2347b703d9c171c03a2a9468e1cb541cbf58298d263be4,9691,9207,9168,523,94.603240119698683,False,-39,4.5299623397671587,10.182359794860085,15.679367613952468,27.573972999736196,27.573972999736196,4,18
10,15,8,sensitivity_30,0.020150299998931587,9b1a287f24d1ef39b471545852df7842db18e4f91540d594583afbfd21d8fd6c,9691,9207,9186,505,94.788979465483436,False,-21,4.5416100572485298,10.030614422196347,15.690265387081203,25.388678120841167,25.388678120841167,9,74
10,15,9,sensitivity_30,0.022564499988220632,cb5ed146bb81e38409eb0b28e4e88406f1f8c8e560c5ee7cdd5fd0e2ff2a798b,9691,9207,9146,545,94.37622536373955,False,-61,4.5780776718639826,10.228739700939952,16.639293148373163,28.781500002527686,28.781500002527686,10,82
10,15,10,sensitivity_30,0.020767399983014911,4c448f845a736e15afa9bf169cb9eca8486e87f5dfda9505539e644a296a9f48,9691,9207,9173,518,94.654834382416681,False,-34,4.6383593062008064,10.142767281841632,16.769218515149223,28.781500002527686,28.781500002527686,6,37
10,15,11,sensitivity_30,0.020420499960891902,7e5996a02cc1f7985e553266da4c9258573e9bcd9ae07d68e91d102a1f462b2b,9691,9207,9273,418,95.686719636776388,True,66,4.7602162922431779,9.7598397108313293,13.875064004549005,25.166930529399814,25.166930529399814,3,21
10,15,12,sensitivity_30,0.021368600020650774,ff306f29062ad53f0ff5cc299a87e4543c02f5f5fa469ec747a16460be9675c9,9691,9207,9177,514,94.696109792591059,False,-30,4.5734712855620865,10.087892515303468,17.033558722301034,28.545357736169027,28.545357736169027,7,31
10,15,13,sensitivity_30,0.02246559999184683,d47e242cff84f2b406d82a86a1b94781f59c33e3fe7b9c6e87dc3b79764f3d6f,9691,9207,9171,520,94.634196677329484,False,-36,4.5520203201033116,10.155831622521639,15.670092436801434,27.572229138176187,27.572229138176187,6,21
10,15,14,sensitivity_30,0.021611900010611862,25cdf7d32b233ffde557347eda68afbebd99d9c162e6d60879cfbf37eadf9445,9691,9207,9213,478,95.067588484160567,True,6,4.667058256117774,9.8662231163119287,16.769218515149223,28.781500002527686,28.781500002527686,5,34
10,15,15,sensitivity_30,0.019909500028006732,3ec5ff50a12f238c4e439b8049d788901b5a07b9c8846c4b51c43e7b584faabe,9691,9207,9187,504,94.799298318027041,False,-20,4.6892500979251137,10.025485215946041,17.505541708679505,27.175846741475464,27.175846741475464,7,79
10,15,16,sensitivity_30,0.019392999995034188,c7334c306bd566291074ac61fd5045770e6cddc8062b2276262c621502b93572,9691,9207,9179,512,94.716747497678256,False,-28,4.5725282559275602,10.467968372408619,16.732083649796593,28.781500002527686,28.781500002527686,7,101
10,15,17,sensitivity_30,0.027079100022092462,0963af9a3c95c83ba40b6eb4eee21031942ffefdf0f06feb1b149792e8c9d8f5,9691,9207,9169,522,94.613558972242288,False,-38,4.6073770291733824,10.13841223725869,15.087352298393824,25.388678120841167,25.388678120841167,4,15
10,15,18,sensitivity_30,0.033120600041002035,00b88a27cfd156ffb46ed7488aaebb134f84c3541b71fe60715008d339762432,9691,9207,9142,549,94.334949953565157,False,-65,4.6332602800517062,10.24100640816884,14.84944374740615,25.388678120841167,25.388678120841167,6,52
10,15,19,sensitivity_30,0.022629600018262863,2cc45183775eb9c1f97dcb0fd8884b5c9b3a2b3b4a087d12ed09356534bf6aa5,9691,9207,9240,451,95.346197502837683,True,33,4.5748632254688451,9.8362815897199631,16.409510089475802,25.247584517209784,25.247584517209784,7,69
10,15,20,sensitivity_30,0.022676599968690425,53e53f4c70a4c15cc902dcdd4ae42e5200f8a1e68d32a8457df83f5fe3c5afe3,9691,9207,9097,594,93.870601589103288,False,-110,4.6254022896692382,10.610082586003264,15.203919176179179,26.371007585534286,26.371007585534286,9,39
10,15,21,sensitivity_30,0.025978799967560917,22a2536f2d72d19e6909e5d6c0f79e7414f9404430bf2b4e1911c49e73ada66b,9691,9207,9270,421,95.655763079145601,True,63,4.5694039256983183,9.6356605542070621,16.769218515149223,28.781500002527686,28.781500002527686,9,115
10,15,22,sensitivity_30,0.026424799987580627,26f468f33568e1a7fca7a6025629dcc79a98266b66f3ee78e73d76c07725f9c2,9691,9207,9191,500,94.84057372820142,False,-16,4.6136501558276786,10.001020485874113,17.125768927177891,26.997482241032053,26.997482241032053,6,44
10,15,23,sensitivity_30,0.021008300012908876,e5b6916e4b18d631854b83e76d398e286bafa4f27b704747da86c3ff624c8899,9691,9207,9187,504,94.799298318027041,False,-20,4.6420672057829995,10.052957926177609,16.820456740997905,25.634992889093812,25.634992889093812,6,65
10,15,24,sensitivity_30,0.022552600014023483,88f93f85d5d503e0f9dd0f91ea1b985a78e90854e2bf6322adca90d0fef6f2b7,9691,9207,9278,413,95.738313899494372,True,71,4.5552397602687309,9.6502101810932146,16.409510089475802,25.247584517209784,25.247584517209784,8,92
10,15,25,sensitivity_30,0.021629499970003963,9357b1756851dda11cb8efc993280743e35ce75ae8f2bfa8d476723f1f780eed,9691,9207,9152,539,94.43813847900114,False,-55,4.6305808161634729,10.557617579838961,16.709624030866319,28.865139917775306,28.865139917775306,5,54
10,15,26,sensitivity_30,0.025446099985856563,6e5bb80b6e2c498613a894e49875f666af921fbc186fc090c0995bf0d87aad4e,9691,9207,9191,500,94.84057372820142,False,-16,4.6154702136263648,10.025485215946041,14.717916553610154,25.388678120841167,25.388678120841167,5,28
10,15,27,sensitivity_30,0.024319599964655936,a7225af8f27c3aef3e8fd01ffc373a474aaeafe621fc3aafdc89f526bd6c78f1,9691,9207,9227,464,95.212052419770927,True,20,4.6545748933120956,9.7643974689619153,17.624474790253188,27.195634157850407,27.195634157850407,7,27
10,15,28,sensitivity_30,0.027085000008810312,323a820c408715207fc5b389a35d76aed874b4f5df05124f2bed9aefd10fb7f6,9691,9207,9241,450,95.356516355381288,True,34,4.5233548656298179,9.6665673398117882,15.690265387081203,25.388678120841167,25.388678120841167,9,47
10,15,29,sensitivity_30,0.024377399997320026,29d35a128ba6d5464bccc8b7c522fbbd90acaacf198de4856deae6816e005618,9691,9207,9260,431,95.552574553709633,True,53,4.7424078650205397,9.6356605542070621,14.925392291750857,25.166930529399814,25.166930529399814,10,61
10,15,42,legacy_representative,0.031681799970101565,d73beae85c9557ed9e2e142031969ba72f96d3ec95f3494cbb232308a18571da,9691,9207,9162,529,94.541327004437107,False,-45,4.6626358155213614,10.194431462233704,17.119430694803093,27.173465665058036,27.173465665058036,7,29
10,16,0,sensitivity_30,0.040855800034478307,79169db5690b85ce5b2c017eac233d2655c3317208a319131962ea712959e68b,9691,9207,9146,545,94.37622536373955,False,-61,4.4124727907779091,10.13621709855116,17.053328596849457,26.997482241032053,26.997482241032053,7,35
10,16,1,sensitivity_30,0.040590199991129339,ab3a18d8cdf5401f95852dfb413dc2861b30fe8462dadb99a551db771b4897a5,9691,9207,9176,515,94.685790940047468,False,-31,4.4996236342827904,10.043398758376814,14.936415634321778,25.247584517209784,25.247584517209784,11,97
10,16,2,sensitivity_30,0.034078500000759959,10c578814f2d10835c84ea22dd2fb5687225c1b1a4191a6102abd9fce657deb9,9691,9207,9250,441,95.449386028273651,True,43,4.3185671168493274,9.6356605542070621,15.542661718668787,25.388678120841167,25.388678120841167,7,50
10,16,3,sensitivity_30,0.038382800004910678,49a275feda0394bd6a0f506e4cad155f44e96bb4710a3ff650b3c6f28d2b68db,9691,9207,9275,416,95.707357341863585,True,68,4.3292780586675539,9.6356605542070621,17.533624746689913,27.248961038542696,27.248961038542696,12,76
10,16,4,sensitivity_30,0.028066900034900755,64e4197b10a5eb05bf10be01bc1c74caecb6ccf5d361659a51a330266f2fda93,9691,9207,9167,524,94.592921267155091,False,-40,4.4061124504265576,10.225920421661737,16.769218515149223,28.781500002527686,28.781500002527686,7,26
10,16,5,sensitivity_30,0.025357300008181483,c18cb6ffafccd565be54fb29b09bf5efdfe9ed05b377e5c7181c7199692bf84d,9691,9207,9131,560,94.221442575585598,False,-76,4.3295451447521476,10.144543955892285,17.033558722301034,28.545357736169027,28.545357736169027,9,91
10,16,6,sensitivity_30,0.02474719996098429,4fa62185e2f6f1b012e9381c512e81cf7a597ddecc108dba9f27371c56d81616,9691,9207,9091,600,93.808688473841713,False,-116,4.3431886395578081,10.33588111509844,15.690265387081203,25.388678120841167,25.388678120841167,12,65
10,16,7,sensitivity_30,0.028799900028388947,ff11e3835fe1c3cbc9595c796984308fbecc51bc009560dbcc5ee0b3f9517466,9691,9207,9291,400,95.872458982561142,True,84,4.316411955479226,9.4660142684714295,16.409510089475802,25.247584517209784,25.247584517209784,9,96
10,16,8,sensitivity_30,0.023517999972682446,e7056e321e6221156811c32905973118dfcd6185cb7aa462b71a1c5cca62166b,9691,9207,9171,520,94.634196677329484,False,-36,4.3902361765711735,10.071389311908815,14.702634882779364,25.388678120841167,25.388678120841167,12,114
10,16,9,sensitivity_30,0.022006999992299825,c0e003637a64b2954eae420f33b110e72efbd77731fc76b157f0d0e1f460055a,9691,9207,9279,412,95.748632752037977,True,72,4.3876847453542771,9.6356605542070621,16.769218515149223,28.781500002527686,28.781500002527686,4,17
10,16,10,sensitivity_30,0.022325399972032756,26ce0a7764460f550acb497b62b9686275c695e71d7e94e4dcb9b4355f64e8b2,9691,9207,9282,409,95.779589309668765,True,75,4.505778077275421,9.5491029445921285,13.875064004549005,25.166930529399814,25.166930529399814,4,24
10,16,11,sensitivity_30,0.022607200022321194,daae75ea80df464d59927cd8f84f6d0f9d03e24d1139334fd5e48133e317e8ef,9691,9207,9278,413,95.738313899494372,True,71,4.3285444123910404,9.5811828611243453,17.056273172398452,26.937801431497757,26.937801431497757,5,74
10,16,12,sensitivity_30,0.021571700053755194,51e6a6901fc7a80b383f4bbeeb8d58af49c064530e8780b5df77e1c9251764ca,9691,9207,9305,386,96.016922918171502,True,98,4.3508668144246565,9.5368866914027084,15.777400741409775,25.247584517209784,25.247584517209784,8,89
10,16,13,sensitivity_30,0.020453899982385337,8e64f594dc531000149649736b3e8c885b21b434e10ec4799f27031aa7e96962,9691,9207,9288,403,95.841502424930354,True,81,4.5397278724995811,9.5358663140297359,14.690837569548558,25.166930529399814,25.166930529399814,4,66
10,16,14,sensitivity_30,0.024835299991536885,7f921b86c6ddf95a950b4ff2bdfe8362379b807b2a84bef47ad19e68a4c9a5ec,9691,9207,9332,359,96.295531936848619,True,125,4.3449209562705047,9.3836903581125597,15.777400741409775,25.247584517209784,25.247584517209784,11,64
10,16,15,sensitivity_30,0.022416100022383034,5b1b2e5e42265404c25f374f35fe97763750e9c24712d80283ef1d5d7a48210d,9691,9207,9269,422,95.645444226601995,True,62,4.3809474957282522,9.6260890985095227,15.087352298393824,25.388678120841167,25.388678120841167,10,109
10,16,16,sensitivity_30,0.020740600011777133,39e07524efdf37c55f247bbf93488489c37a231d267cfe0ebebfed4eb6428351,9691,9207,9265,426,95.604168816427617,True,58,4.3340505180563209,9.5161332608753479,15.690265387081203,25.388678120841167,25.388678120841167,7,45
10,16,17,sensitivity_30,0.02832819998729974,f92b004dea71294cc0af19f966255252371ea20eae80f233d181a2aa6f68ae05,9691,9207,9327,364,96.243937674130635,True,120,4.5310577842985396,9.5172935752893757,15.141958359047269,25.166930529399814,25.166930529399814,4,28
10,16,18,sensitivity_30,0.025497799972072244,d30c15cfeccdf66d9aed58df5e4258c45d408b3e25790591fa485924fe58788a,9691,9207,9100,591,93.901558146734089,False,-107,4.3391310643615695,10.677785920004238,16.769218515149223,28.781500002527686,28.781500002527686,8,59
10,16,19,sensitivity_30,0.024660299997776747,8833191f6326ff9479fd9bd43604df8161378a75f3af772dca1a5dbd016b854e,9691,9207,9185,506,94.778660612939845,False,-22,4.3867839309333014,10.080535583887317,15.541514062805961,25.388678120841167,25.388678120841167,7,33
10,16,20,sensitivity_30,0.021723900048527867,9e2d9f715badf93346a6af80b26c653376fdcf16f241d9f821936d59fb40666d,9691,9207,9240,451,95.346197502837683,True,33,4.3063525560915936,9.7393810444369198,16.769218515149223,28.781500002527686,28.781500002527686,6,64
10,16,21,sensitivity_30,0.0257652000291273,e9f7ceecd9100a4271f9b4a07f723cb64e6c4ea7935cc899b0e0b0fc7b9fe354,9691,9207,9283,408,95.789908162212356,True,76,4.3168398632892782,9.6356605542070621,17.123687405895534,27.135256352129876,27.135256352129876,7,54
10,16,22,sensitivity_30,0.022196499980054796,0f362b3ef7ae41c2f10592cb4b535cdfcad3d6d50ae6af0feb1cf46baaaa6b3d,9691,9207,9257,434,95.521617996078831,True,50,4.3242561755502393,9.6356605542070621,16.409510089475802,25.247584517209784,25.247584517209784,11,71
10,16,23,sensitivity_30,0.02524950000224635,bb8be05f698fa7f581b205ee86576646894cacd0124e6f3d94897114793c3afe,9691,9207,9306,385,96.027241770715094,True,99,4.345001139364836,9.6107512708312388,16.409510089475802,25.247584517209784,25.247584517209784,4,65
10,16,24,sensitivity_30,0.02192029997240752,ffdae2a977c05b42ca871c6d7c61665f202709f3aba23ceceff3516961d4808a,9691,9207,9159,532,94.51037044680632,False,-48,4.3969542443006153,10.502283890278648,16.769218515149223,28.781500002527686,28.781500002527686,6,35
10,16,25,sensitivity_30,0.02315760002238676,1c13f4b61208e79ca46441fa6de1ed9aeff8af59afbd2b475ee1501a465fa69d,9691,9207,9312,379,96.089154885976683,True,105,4.5475416088540621,9.5942855429572305,14.106301387203677,25.166930529399814,25.166930529399814,9,37
10,16,26,sensitivity_30,0.024444599985145032,76c8c8c75acf276a883efdf32c98d462ad77c60d37aba18315e80ef00d91c35b,9691,9207,9323,368,96.202662263956242,True,116,4.3533762279206014,9.3772458686345779,15.777400741409775,25.247584517209784,25.247584517209784,10,73
10,16,27,sensitivity_30,0.026800499996170402,d7f326bc149b966dc33e24e314f7ba7d8be81e9c9ed94eb48d32649ade225b15,9691,9207,9119,572,94.097616345062434,False,-88,4.3703995534645852,10.315079818846538,15.825655746801072,25.247584517209784,25.247584517209784,6,47
10,16,28,sensitivity_30,0.02518429997144267,20d7886b859d83167c1f6dfb96a03ca9bd92570e5c94cd08489e4ac3198f32b9,9691,9207,9257,434,95.521617996078831,True,50,4.2973220552325175,9.5491029445921285,14.84944374740615,25.388678120841167,25.388678120841167,5,47
10,16,29,sensitivity_30,0.026748100004624575,77d549c24c74c5ef0a30363d32b279f3c9a72a208eb865e643f971ca2ec6606d,9691,9207,9237,454,95.315240945206895,True,30,4.3159944111283837,9.8367046229674795,15.825655746801072,25.247584517209784,25.247584517209784,11,107
10,16,42,legacy_representative,0.03806250001071021,bc8a5a8747f2120122e33b31827c535a82529a0158b4ddea5975a1bcdc5898f7,9691,9207,9269,422,95.645444226601995,True,62,4.3414280454302725,9.6356605542070621,16.893137617551627,27.146702657125758,27.146702657125758,9,57
10,17,0,sensitivity_30,0.041203700006008148,728be403998fbff1316aa423f0a940b2b47155db8fdc4c481e62debbac68af61,9691,9207,9374,317,96.728923743679701,True,167,4.1953001132385399,8.8731625522070576,17.108934466356629,26.997482241032053,26.997482241032053,7,40
10,17,1,sensitivity_30,0.041427300020586699,3a7956111d63c25c2173e5c533fea56e78cbb1966cc2c742802ffab490267cf9,9691,9207,9346,345,96.439995872458979,True,139,4.2265761945588363,9.2030236756729291,13.756035158363737,25.166930529399814,25.166930529399814,3,11
10,17,2,sensitivity_30,0.041706899995915592,661df7dff7821d2d51c42145805c15c17610ada7d6180cd4664f9423717aa0f1,9691,9207,9211,480,95.04695077907337,True,4,4.2099862053446895,9.9382619697437313,15.325188541480319,25.388678120841167,25.388678120841167,12,84
10,17,3,sensitivity_30,0.031248899991624057,ee52978309ab16a7194bc26b2e81365ea49ba78ba918499f88d5f08b978342e6,9691,9207,9335,356,96.32648849447942,True,128,4.1820405606125659,8.7180119081827616,14.622005508363296,25.388678120841167,25.388678120841167,8,25
10,17,4,sensitivity_30,0.025038500025402755,3df5dbc5d7cc1f093b0e82ede15da7d0d29e51bd9e6a22822a399e7abf576d42,9691,9207,9372,319,96.708286038592504,True,165,4.1800250639303602,9.1074092967731612,13.875064004549005,25.166930529399814,25.166930529399814,7,83
10,17,5,sensitivity_30,0.026638099981937557,64497721ef77fdb1c2995f14501f761c8b81d0020fcefffc104fbb4cf2e74571,9691,9207,9319,372,96.161386853781863,True,112,4.1921549490361869,9.5491029445921285,14.55882633822554,25.166930529399814,25.166930529399814,5,38
10,17,6,sensitivity_30,0.02678590000141412,47ce43a07291c573c9eddc40c3c1d9f67638a7d2934d0fdaeba60785235c9059,9691,9207,9282,409,95.779589309668765,True,75,4.1563028327200779,9.7579665522709504,15.087352298393824,25.388678120841167,25.388678120841167,9,77
10,17,7,sensitivity_30,0.02953590004472062,030eb32a50bfc445406847070a6dfdbc3ede32f59aa2597f6fe67a9a791f2aed,9691,9207,9384,307,96.832112269115669,True,177,4.2393961154575432,9.1512531422069419,13.756035158363737,25.166930529399814,25.166930529399814,6,31
10,17,8,sensitivity_30,0.025269999983720481,7d1fa6ace16aebd4db70044ccb9f0cf4af45555da6a6609041d9dfe1c806167f,9691,9207,9438,253,97.389330306469915,True,231,4.2472357674724242,8.794515967190355,14.695518875640225,25.166930529399814,25.166930529399814,6,81
10,17,9,sensitivity_30,0.026919899974018335,51cb0b3b3067ddc23c02b8541dcfcdb4aeab610fcfaf84af6c661f085232fb3f,9691,9207,9229,462,95.232690124858109,True,22,4.2081443395238569,9.67172929030502,14.620015348129867,25.166930529399814,25.166930529399814,3,9
10,17,10,sensitivity_30,0.025484700046945363,9784b7673894cd7cbc02e9182b9d098cfad817c761226a4e817547b3389396d2,9691,9207,9359,332,96.574140955525749,True,152,4.2206320658584149,9.3028920731946663,14.936415634321778,25.247584517209784,25.247584517209784,5,86
10,17,11,sensitivity_30,0.024032099987380207,29c73a69dcd887fc5e106224fda8ffd96aa0c1c33b55af1598215b9e9526a237,9691,9207,9348,343,96.460633577546176,True,141,4.397759632376407,8.8095371337383259,14.106301387203677,25.166930529399814,25.166930529399814,6,11
10,17,12,sensitivity_30,0.029211900022346526,58f9a30e8ba6c2393e161fbd1f73a04c23999c6089ee67f98c23947c3a963864,9691,9207,9361,330,96.594778660612945,True,154,4.1673158758753397,8.8975092287399988,14.702634882779364,25.388678120841167,25.388678120841167,5,49
10,17,13,sensitivity_30,0.022034300025552511,422572f0328f19f9a76fdf6497cc1b990acc55a3b1793661ed797b51f53ad80b,9691,9207,9274,417,95.697038489319993,True,67,4.2026330291141631,9.4914478946040681,16.776471449646628,25.546306176384359,25.546306176384359,13,84
10,17,14,sensitivity_30,0.022097499982919544,40c973187f660b57510efa521b872bda8ca23602373b7bd394156ef4566053af,9691,9207,9426,265,97.265504075946751,True,219,4.2498282999700008,8.8679129991759229,14.57792565311262,25.166930529399814,25.166930529399814,6,111
10,17,15,sensitivity_30,0.021410100045613945,bcac4733b61e7fb2a0c4afd79dbf36bad9a27ebbe1b8cc09b65323f16637051a,9691,9207,9207,484,95.005675368898977,True,0,4.2348341158497291,9.9749998140592258,14.622005508363296,25.388678120841167,25.388678120841167,7,37
10,17,16,sensitivity_30,0.021179300034418702,338bae9ae6202dbe24b6ec15de41a4c499cf28337b4db9a663c22684b78ef858,9691,9207,9352,339,96.501908987720569,True,145,4.1652167764437111,8.8314509121553506,15.569123993906615,25.247584517209784,25.247584517209784,10,89
10,17,17,sensitivity_30,0.024416700005531311,15ec3e5af05703077430a920d47da5c9b4e243823917a7d0565582e3b8f80bf7,9691,9207,9311,380,96.078836033433078,True,104,4.1761254512337391,9.3258777058207265,16.769218515149223,28.781500002527686,28.781500002527686,7,65
10,17,18,sensitivity_30,0.022183699999004602,9cbbeb4194630b0208a2843e4c1603a5fcd39308f23d5de6f5fad7b1a6093bf4,9691,9207,9336,355,96.336807347023012,True,129,4.2561578390047439,9.1683423160759752,13.756035158363737,25.166930529399814,25.166930529399814,5,23
10,17,19,sensitivity_30,0.022397799999453127,88a9106268ab6f3eb5b5423a93ee6b5b97d0c5c3f49e1ac2e7def1c4ea634f46,9691,9207,9336,355,96.336807347023012,True,129,4.2042251376222959,8.740777904336662,15.825655746801072,25.247584517209784,25.247584517209784,7,60
10,17,20,sensitivity_30,0.021455299982335418,503638bc2bffc89934fec025e694ff7ecd6bd4f2ed932ec96440a9affd74141b,9691,9207,9252,439,95.470023733360847,True,45,4.3009370878656954,9.6356605542070621,13.933446238968562,25.166930529399814,25.166930529399814,4,15
10,17,21,sensitivity_30,0.022259899997152388,c97d6215c5e590954d0d5a25e3580006e30c03fe2779ddadd2ffbe7adbc65c87,9691,9207,9393,298,96.924981942008046,True,186,4.2720734154168092,8.8038467728441478,15.270585196865142,25.166930529399814,25.166930529399814,4,51
10,17,22,sensitivity_30,0.022303800040390342,8db474e7f3229ba1bededab5663cbd7180116e215d8b51de1e00cfaee441582a,9691,9207,9293,398,95.893096687648338,True,86,4.1832956510496615,9.2383534778700227,16.769218515149223,28.781500002527686,28.781500002527686,8,26
10,17,23,sensitivity_30,0.02578580001136288,57083d720930e663abc4491c1d0a328b5552e04c3f5f792033e530e43d4a16af,9691,9207,9357,334,96.553503250438553,True,150,4.4230984097384685,9.1189670921944721,12.650063983018306,25.166930529399814,25.166930529399814,2,50
10,17,24,sensitivity_30,0.023211700026877224,5bfa6a8c121d28213c27ba63d1ca59e8ff34c74b8d64fe3d23f65caa4eddd23a,9691,9207,9385,306,96.842431121659274,True,178,4.2043262648994242,9.1117018127631226,14.55882633822554,25.166930529399814,25.166930529399814,6,84
10,17,25,sensitivity_30,0.023496999987401068,6ceeaf733e064e3e692f0629cdb36dab0425635e73cb03397a6e8b1e556e5f13,9691,9207,9278,413,95.738313899494372,True,71,4.2891461743476649,9.5491029445921285,14.55882633822554,25.166930529399814,25.166930529399814,3,18
10,17,26,sensitivity_30,0.022907400038093328,7547173c9d5f44d240b14c5e2691417b6593b1e954494c1b80da5f8fdb970831,9691,9207,9368,323,96.667010628418126,True,161,4.2046336465664789,8.740777904336662,15.569123993906615,25.247584517209784,25.247584517209784,6,29
10,17,27,sensitivity_30,0.027505200006999075,0d566a30baaf321c19c526aa848d372444bf22aada1e9a936fec828b8fb13213,9691,9207,9324,367,96.212981116499847,True,117,4.180578941957517,9.3865542329868568,14.702634882779364,25.388678120841167,25.388678120841167,10,85
10,17,28,sensitivity_30,0.023231800005305558,cadbd7ba1d04778a74f9166daef4fb5f227b62836b13b61086c1532fdbc05440,9691,9207,9296,395,95.924053245279126,True,89,4.2677392973016817,9.6262383218732133,14.020704337426254,25.166930529399814,25.166930529399814,5,89
10,17,29,sensitivity_30,0.02277069998672232,163e5c2aa76cca729f65b294f9894f34f953bfa2f6ac46cd71bb8d103a5bd2b7,9691,9207,9323,368,96.202662263956242,True,116,4.2472473361926255,9.1850797270854319,15.263432499458219,25.166930529399814,25.166930529399814,8,93
10,17,42,legacy_representative,0.028551399998832494,5d2701e8ea434525c05cfdd594eb10f5861a5ad30ec4c49864cc27546d66a667,9691,9207,9282,409,95.779589309668765,True,75,4.1841386474792452,9.4546897346985368,14.326254166178083,25.166930529399814,25.166930529399814,12,239
10,18,0,sensitivity_30,0.03292859997600317,d0455d3cf248933b11e083ee94694a60dae87c9faacaa3465e839e465c04bf83,9691,9207,9445,246,97.461562274275096,True,238,4.2736714938296121,8.1982856007222136,13.495659863615703,25.166930529399814,25.166930529399814,3,7
10,18,1,sensitivity_30,0.036405800026841462,ba7b29497c81200e78e4b868bab43e6f3f321aea802182083fb81bc6726e2f27,9691,9207,9407,284,97.069445877618406,True,200,4.0231136234806346,8.3488724023312653,15.569123993906615,25.247584517209784,25.247584517209784,10,105
10,18,2,sensitivity_30,0.04046119999838993,8b718376ebef9bd9e3dc824d813a3c150b7e5893acf1e5bfa690dc843febeeb8,9691,9207,9348,343,96.460633577546176,True,141,3.9857693440378017,9.1289378164627308,16.769218515149223,28.781500002527686,28.781500002527686,7,104
10,18,3,sensitivity_30,0.039216800010763109,1c033d4a4a10d71a3378298e13ac9964e9775fa2d4f6ab074af20a63b59c6987,9691,9207,9404,287,97.038489319987619,True,197,4.132666788221214,8.6658576642695753,13.148165570791459,25.166930529399814,25.166930529399814,8,30
10,18,4,sensitivity_30,0.026312400004826486,938d7572638ed09055a6f108edb1f06746db17a4b1e2f08003bc52a2edae2203,9691,9207,9424,267,97.244866370859555,True,217,4.0252329414444281,8.4199249813820298,15.569123993906615,25.247584517209784,25.247584517209784,10,89
10,18,5,sensitivity_30,0.022890299966093153,f9583b950a9e3a70b817a99786c60f386a36fc5d7746e8c485315ec0b51fbfa0,9691,9207,9408,283,97.079764730162012,True,201,4.1228785377334107,8.8296217907651595,14.020704337426254,25.166930529399814,25.166930529399814,5,45
10,18,6,sensitivity_30,0.023566299991216511,3ccb913d72d24615e7a19c26bd7ee34345d86d371bf41e17ec43a9acc050fd5c,9691,9207,9382,309,96.811474564028487,True,175,4.0490991598389625,8.704855003648424,12.850635322794458,25.166930529399814,25.166930529399814,6,58
10,18,7,sensitivity_30,0.02788240002701059,01f00f20d857d0292a8f8c278b3ddad9b8e27ea54d37a3cb62ed9f9c1b4ea851,9691,9207,9335,356,96.32648849447942,True,128,3.9622845946103258,8.8306474102480959,15.541514062805961,25.388678120841167,25.388678120841167,6,74
10,18,8,sensitivity_30,0.02535180002450943,6891bb326f2ac3b28783474bfbb8f6364d5cdb748d8f3b9de7c6fbd6b994092c,9691,9207,9397,294,96.966257352182438,True,190,4.0767984943584308,8.8450240280796688,15.37534769690574,25.166930529399814,25.166930529399814,4,24
10,18,9,sensitivity_30,0.026909200008958578,7469f0824f294ae8a87d06e5b44780e230ce4a9bd005c3ccd9b68a6c81c100f2,9691,9207,9421,270,97.213909813228767,True,214,4.1231804132170282,8.7977936447467382,13.72472726804177,25.166930529399814,25.166930529399814,6,67
10,18,10,sensitivity_30,0.025336700025945902,3867ab2bdc081f9656ca62a1c030a3fa9b2849932f988961a455b30172c0f51a,9691,9207,9349,342,96.470952430089767,True,142,4.0946836643380164,9.0072027199995794,12.56982720453265,25.166930529399814,25.166930529399814,5,18
10,18,11,sensitivity_30,0.024132799997460097,534bfa657ee8740df0d6b1020a925132c862e4b5dbd78b7e69b4bab0561b2592,9691,9207,9444,247,97.451243421731505,True,237,4.1120274504768703,8.6968246265650375,16.732083649796593,26.840800455424812,26.840800455424812,6,43
10,18,12,sensitivity_30,0.026764300011564046,c039b60a769eca976a3eccdae32b60d2634418ee1ec33a8e130ec51407858118,9691,9207,9387,304,96.863068826746471,True,180,4.0475086521698742,8.8047608571262455,14.09738897606641,25.166930529399814,25.166930529399814,4,23
10,18,13,sensitivity_30,0.035256800008937716,8622e80166ff23b1d554c915560c10bf3f8d597eaa8b7fd6c439eb56c6e830f1,9691,9207,9324,367,96.212981116499847,True,117,4.0670408364908832,9.2085337408837731,13.224609204014387,25.166930529399814,25.166930529399814,8,32
10,18,14,sensitivity_30,0.029767700005322695,0750560e97a3ddcfd5b73b6ab0ba7de0b72c67b2239571aa036e73b9629db1ce,9691,9207,9440,251,97.409968011557112,True,233,4.099340015961066,8.740777904336662,14.790086938020108,25.247584517209784,25.247584517209784,3,7
10,18,15,sensitivity_30,0.031426800007466227,f21a85c6a6c64db106a1d1e213ae2968a5e7ef960f4889f015e055a217a46d73,9691,9207,9251,440,95.459704880817256,True,44,4.0582910288893572,9.6356605542070621,16.849907398507579,26.997482241032053,26.997482241032053,8,35
10,18,16,sensitivity_30,0.032829000032506883,859c61ed59d39e1bbac6f72ae842adad4f5fed468a547516820db5824c64022b,9691,9207,9397,294,96.966257352182438,True,190,4.0642752501413835,8.7756474190839597,14.578021148762502,25.247584517209784,25.247584517209784,7,67
10,18,17,sensitivity_30,0.03304109995951876,be4ea31720988a45735b99f69cb26caf5f614a940d790fd6c350133e64958cad,9691,9207,9374,317,96.728923743679701,True,167,4.0558022757094161,8.659128936173671,13.087137727932246,25.166930529399814,25.166930529399814,4,39
10,18,18,sensitivity_30,0.025292499980423599,c7261569f21e38554e476f1902ab03b48d1316148ff7acccd9513da2f687f2f4,9691,9207,9439,252,97.399649159013521,True,232,4.0845643330272043,8.5027037768526288,14.852574035504141,25.166930529399814,25.166930529399814,5,57
10,18,19,sensitivity_30,0.029291499988175929,063ff54f7f63a4880852b16dd185a193c8e2bb8806ab98e656c2d584b22f3ec4,9691,9207,9340,351,96.378082757197404,True,133,4.0095404957187126,8.8975092287399988,15.325188541480319,25.388678120841167,25.388678120841167,11,59
10,18,20,sensitivity_30,0.026078799972310662,e66595a212a65862a1b6f57621b5824c9a384bbba54538c70d42d0828ef79051,9691,9207,9377,314,96.759880301310488,True,170,4.0570122299228979,8.704855003648424,14.925392291750857,25.166930529399814,25.166930529399814,9,83
10,18,21,sensitivity_30,0.029238199989777058,27c43f1194871399d4019b6a8692c3b173800567d7b76c68acbed8f8977e5ef5,9691,9207,9323,368,96.202662263956242,True,116,4.0021890659287438,8.4014497299150417,16.939808174113157,26.997482241032053,26.997482241032053,10,55
10,18,22,sensitivity_30,0.029908999975305051,c86ec5d90ed3618151c35aa39592a4a84c1b4f2b8c0a20bd4e5d66ddd24a8287,9691,9207,9255,436,95.500980290991649,True,48,3.9067564976760329,9.4173989584851103,16.226260639572594,28.781500002527686,28.781500002527686,6,30
10,18,23,sensitivity_30,0.028357000031974167,dde597db01186c39f49c745ed140876000df52b672cd7f2009eaa4960726794c,9691,9207,9408,283,97.079764730162012,True,201,4.0106156791207166,8.740777904336662,16.409510089475802,25.247584517209784,25.247584517209784,5,49
10,18,24,sensitivity_30,0.024989300000015646,4682b7b80d535e65ba82f77f3613f1ba64698266a4bd5d73c46ebe867fdad701,9691,9207,9390,301,96.894025384377258,True,183,4.0966769054094572,9.2302486101631249,13.756035158363737,25.166930529399814,25.166930529399814,3,50
10,18,25,sensitivity_30,0.030223799985833466,e0a28cafe4b57368705788777e36441b268b7a439ac255a84e608568c0ea2054,9691,9207,9355,336,96.532865545351356,True,148,4.062179997705222,8.9148770599540317,13.756035158363737,25.166930529399814,25.166930529399814,7,99
10,18,26,sensitivity_30,0.036238899978343397,3493ec27d86d5d98062d0fc6a1d680f13815f6211fbe300dbb1aa954937b31ae,9691,9207,9373,318,96.71860489113611,True,166,4.0254006704884686,8.6121867522763651,15.569123993906615,25.247584517209784,25.247584517209784,10,49
10,18,27,sensitivity_30,0.025955199962481856,49396702195f08370dd46ee5c64dc9dd1009e781f71595d0a152f33db55625c3,9691,9207,9414,277,97.141677845423587,True,207,4.0894500028535141,8.6343401667988395,14.55882633822554,25.166930529399814,25.166930529399814,8,50
10,18,28,sensitivity_30,0.023273200029507279,30349e00e549f327d326def6dab18f8ffc668ac76a9693f10732182e11bbddb7,9691,9207,9291,400,95.872458982561142,True,84,4.083103738319215,9.5491029445921285,14.571648841910802,25.166930529399814,25.166930529399814,8,41
10,18,29,sensitivity_30,0.024181200016755611,300356c71e849ab29bc01ca009450075fc9fd4e787a5ae44d2f2325481517bbf,9691,9207,9267,424,95.624806521514813,True,60,4.0419771997234735,9.6356605542070621,15.325188541480319,25.388678120841167,25.388678120841167,13,112
10,18,42,legacy_representative,0.030554900004062802,88d580a39fb1b304f8ae31188fc0a43f738289183572765df2f9bbd13266042f,9691,9207,9346,345,96.439995872458979,True,139,4.1471972166581743,8.6658576642695753,14.690837569548558,19.601782393504671,19.601782393504671,7,32
10,19,0,sensitivity_30,0.031603299954440445,5860a16adc5086617acf5c37a129e25685e839f2cb3e1f884ff6e020a98a6de1,9691,9207,9447,244,97.482199979362292,True,240,3.9092257597656532,8.5457068442543331,14.805122808736163,25.166930529399814,25.166930529399814,5,42
10,19,1,sensitivity_30,0.039321299991570413,4bfc3ce2f034839c4d91f84f65595cad674e4295d7f4d2af459915dad019b7a3,9691,9207,9385,306,96.842431121659274,True,178,3.9310939326183605,8.704855003648424,13.756035158363737,25.166930529399814,25.166930529399814,7,33
10,19,2,sensitivity_30,0.034397099982015789,3e4852afedddaa3e75d006dd1af5ddfc90faf305c2efdd9d9c7fd661fa412021,9691,9207,9451,240,97.523475389536685,True,244,3.9650275203443663,8.615401590047119,13.756035158363737,25.166930529399814,25.166930529399814,8,96
10,19,3,sensitivity_30,0.039417500025592744,cc728f0678016958e9e791e5dd7c0ad6d42004949aade93df98da3bd552aa952,9691,9207,9397,294,96.966257352182438,True,190,3.9546463267487768,8.4562630925162221,14.925392291750857,25.166930529399814,25.166930529399814,4,17
10,19,4,sensitivity_30,0.024098499969113618,a127a4ea8933b7644dab11a55cdc8b25bb4057c36fce9dbbbf084bbaead3f9d7,9691,9207,9420,271,97.203590960685176,True,213,3.8855908562927652,8.5815146435300651,13.756035158363737,25.166930529399814,25.166930529399814,7,112
10,19,5,sensitivity_30,0.025340400054119527,59b66c9d5eb6f8535155cf1e42f8b93b1785e89f6106382dfb6ca7a74b22d99e,9691,9207,9283,408,95.789908162212356,True,76,3.9494663053689809,9.6151907900254905,13.756035158363737,25.166930529399814,25.166930529399814,9,175
10,19,6,sensitivity_30,0.024817700032144785,fdbb36a512a876cd5bc7a86166f07727990cfb19bf8411858cbbdfd0aa3af139,9691,9207,9412,279,97.12104014033639,True,205,3.92418181350605,8.4709195648998552,15.03921624881402,25.247584517209784,25.247584517209784,2,5
10,19,7,sensitivity_30,0.025413099967408925,805cdfc5f4e1b8143514a163f66f63c077d6b8c43918fae2d684fc1444fba741,9691,9207,9425,266,97.25518522340316,True,218,3.9410428253908409,8.704855003648424,14.779519509569761,25.166930529399814,25.166930529399814,7,25
10,19,8,sensitivity_30,0.02335159998619929,ac0d3752d32490d04259d462c1a65019a3964ca617fa48d240fb9f46ed4dbbeb,9691,9207,9393,298,96.924981942008046,True,186,3.9482992095919429,8.6265964627509995,13.756035158363737,25.166930529399814,25.166930529399814,8,26
10,19,9,sensitivity_30,0.026792399992700666,72541ec8e810e41eea2e48e04af0c57506b7547f2bd447d64870b1f1e104c0dd,9691,9207,9387,304,96.863068826746471,True,180,3.927400764094938,8.615401590047119,13.756035158363737,25.166930529399814,25.166930529399814,8,29
10,19,10,sensitivity_30,0.022537200013175607,640cb30745e96755312982c45cddf203a833d652383af139754b3ef5d766d2d9,9691,9207,9275,416,95.707357341863585,True,68,3.9449300929726911,9.5491029445921285,13.495659863615703,25.166930529399814,25.166930529399814,5,32
10,19,11,sensitivity_30,0.02880100003676489,e204cf5964d459d1a35c9cee2e0b42907611fd9105224472623dfefd2afcb9f1,9691,9207,9402,289,97.017851614900422,True,195,3.9215664495751903,8.1982856007222136,13.431428813249696,25.245879905627504,25.245879905627504,5,69
10,19,12,sensitivity_30,0.027518900053109974,77ac1cc843ef21783a423a2cf1ead983feb0fd90544049e6e41be202c8d1feee,9691,9207,9365,326,96.636054070787324,True,158,3.8823818863624555,8.6516815451592244,13.806350921911308,25.166930529399814,25.166930529399814,7,96
10,19,13,sensitivity_30,0.028457999986130744,33de2942ab3d7af3aa01c2432604ac94122b2db322aa5607364d740b39a11eef,9691,9207,9362,329,96.605097513156537,True,155,3.9565801493342652,8.8488688843525498,13.99212385017891,26.997482241032053,26.997482241032053,10,67
10,19,14,sensitivity_30,0.023667900008149445,1a28e84ecc04b7fbadd017528c8e8606e1dbc976d93318eb39b5ff38aa30d89a,9691,9207,9274,417,95.697038489319993,True,67,3.963558826756592,9.5352994497173409,14.925392291750857,25.166930529399814,25.166930529399814,9,104
10,19,15,sensitivity_30,0.024680099973920733,77facc450bd7bebbad2b87eff9d19e728e225ae71d139df20505f777a92ea5d4,9691,9207,9463,228,97.647301620059849,True,256,3.9728122426721391,8.578863686546411,13.756035158363737,25.166930529399814,25.166930529399814,6,47
10,19,16,sensitivity_30,0.027386299974750727,5e49783249cd934732ed7edc9ebef0aaa43d21e1171bbe1e66bdc0086a244bf5,9691,9207,9404,287,97.038489319987619,True,197,3.95179606413507,8.2335860174705324,13.465039603554764,25.166930529399814,25.166930529399814,7,83
10,19,17,sensitivity_30,0.030418200010899454,3783856b115084b90c462cda055bad96e98b414509aef88dd321d6e27b672b57,9691,9207,9466,225,97.678258177690637,True,259,4.0237439669509003,8.4121653002825898,13.756035158363737,25.166930529399814,25.166930529399814,7,44
10,19,18,sensitivity_30,0.025891899946145713,727df39c596cd3cab6c1f03b8eb914f63548be075941b8e94096a5a83eea9095,9691,9207,9358,333,96.563822102982144,True,151,3.9103292935541138,8.7578357669989462,13.215719480864093,25.245879905627504,25.245879905627504,7,93
10,19,19,sensitivity_30,0.026532199990469962,683b208a0838cdd70b0f2fddc75caddab88abc0675ba095ffd2985ec0fe6a580,9691,9207,9422,269,97.224228665772372,True,215,3.8834532922831366,8.5463310801328909,14.621192894317415,25.247584517209784,25.247584517209784,6,36
10,19,20,sensitivity_30,0.02874770003836602,223eae11d205065c39d9a737c82ae786040cbb313d414b3ea3c8766fbd8c92e5,9691,9207,9383,308,96.821793416572078,True,176,3.910821829090652,8.6032373701576326,14.578021148762502,25.247584517209784,25.247584517209784,8,47
10,19,21,sensitivity_30,0.02651779999723658,2bad7d1c89951e3d87217d74902dee3922b7a032f26e3c1b8a15e11b33e194a4,9691,9207,9413,278,97.131358992879996,True,206,3.8535227905771681,8.5027037768526288,14.571648841910802,25.166930529399814,25.166930529399814,7,57
10,19,22,sensitivity_30,0.026398499961942434,84b22170ade4e1b027fca84c9d8c8737dbe0236b4e0152138447a9f80c84f32a,9691,9207,9428,263,97.286141781033947,True,221,3.9325148136515837,8.8503394186991819,11.905003241033869,25.166930529399814,25.166930529399814,3,18
10,19,23,sensitivity_30,0.026697299967054278,761db5990b69d77b9a064e39d42b152841a52bf07e26873b53cf632184a820e2,9691,9207,9400,291,96.997213909813226,True,193,3.9509505561028635,8.1982856007222136,14.790086938020108,25.247584517209784,25.247584517209784,6,29
10,19,24,sensitivity_30,0.028461200010497123,60214a4ec9b7d1a21d087767f5b115c154e5a837c9bcfe296cdd0b535141448e,9691,9207,9429,262,97.296460633577553,True,222,3.9239467705640871,8.2904304284854398,14.925392291750857,25.166930529399814,25.166930529399814,7,83
10,19,25,sensitivity_30,0.03378499997779727,f36bf5207b3e843603633fab73123c6d05d11685383a7a6820985e210eac2a59,9691,9207,9458,233,97.595707357341865,True,251,3.8848713844959275,8.704855003648424,13.756035158363737,25.166930529399814,25.166930529399814,7,103
10,19,26,sensitivity_30,0.02509250002913177,943ac26d989a73dd9af523bf92dbb14844ee493f2018e340321f576085a397b8,9691,9207,9356,335,96.543184397894947,True,149,3.8445035632810813,8.4927916646805208,16.447967168636389,25.388678120841167,25.388678120841167,6,46
10,19,27,sensitivity_30,0.026602400001138449,b6d184db9e6cf1b01946462c8844951160e8d8ac0c81c13890c32a8e2b87db5d,9691,9207,9392,299,96.914663089464455,True,185,3.89248716088228,8.4952365672189778,13.756035158363737,25.166930529399814,25.166930529399814,6,47
10,19,28,sensitivity_30,0.039976300031412393,927edecc62d412a8aa2ffdfe71f10aa51aea6b2ce2f7b436976d9af301dcc16f,9691,9207,9349,342,96.470952430089767,True,142,3.97093398671942,8.8853216007817082,13.328207883562824,25.245879905627504,25.245879905627504,9,75
10,19,29,sensitivity_30,0.02608949999557808,1fd8a72b8878c17819e177202a98100f904bf959e5e0eae486566a8614ebd1af,9691,9207,9349,342,96.470952430089767,True,142,3.8169088297303131,8.3937207314888802,15.325188541480319,25.388678120841167,25.388678120841167,13,156
10,19,42,legacy_representative,0.040981099999044091,f582000d14baf35a69dc1597173c145ab2c89119007506f75ba5e4cc551dcc1d,9691,9207,9402,289,97.017851614900422,True,195,3.9821203426483494,8.8503394186991819,12.170397668669846,25.166930529399814,25.166930529399814,6,60
10,20,0,sensitivity_30,0.03678219998255372,8da83a4f6a8823daf67cf72cb0ad1e424ce56d837d33ed88d6482aab4d6e211f,9691,9207,9474,217,97.760808998039423,True,267,3.8115927629435982,8.5066282914294149,11.660873557691543,25.166930529399814,25.166930529399814,6,53
10,20,1,sensitivity_30,0.039468699949793518,caf942b3a9d6e2a0ed9b4cce5b5341e82a90dca040b6f183744974dc49b3cbb5,9691,9207,9437,254,97.379011453926324,True,230,3.7572805253663004,7.9878775753676923,13.756035158363737,25.166930529399814,25.166930529399814,11,46
10,20,2,sensitivity_30,0.040467500046361238,cddd5f57c8ad8b70c6f8b732541476f70f5044558649b2dbfca854c44d0abf71,9691,9207,9466,225,97.678258177690637,True,259,3.8345298242940089,7.730535995249654,12.724841441629025,25.166930529399814,25.166930529399814,4,38
10,20,3,sensitivity_30,0.051826899987645447,d28d8b99ebc3065b6537030a7c8e966569c99e5111085bdab4ae2fe65669b731,9691,9207,9433,258,97.337736043751931,True,226,3.7880088861116414,8.4500420092567445,13.756035158363737,25.166930529399814,25.166930529399814,10,85
10,20,4,sensitivity_30,0.02481540001463145,fefdac28791e18204d31259955bb3f3ab415cbbec2ba041897f685f054a5085e,9691,9207,9423,268,97.234547518315964,True,216,3.7598885875203165,7.9880657689602756,13.529086265131527,25.166930529399814,25.166930529399814,8,39
10,20,5,sensitivity_30,0.027339899970684201,96d5eef0559704e1eec11225df79941bc30dfe657695802ed39639aa9966f293,9691,9207,9516,175,98.194200804870505,True,309,3.8211213679038893,8.2049548662848792,11.631472525129487,25.166930529399814,25.166930529399814,3,40
10,20,6,sensitivity_30,0.027234599983785301,5fcfc22308c0ec17830bbaebd1a8bde53420f61d3665daf6c609f34676a51b2f,9691,9207,9488,203,97.905272933649783,True,281,3.8595470136526089,8.5056209765810156,11.846729038690242,25.166930529399814,25.166930529399814,7,141
10,20,7,sensitivity_30,0.029968000017106533,0d86ea16bcc706c1825e9e79cc6ffb335dcbaf05d2eefb6a32301a3ddd1df1f6,9691,9207,9447,244,97.482199979362292,True,240,3.8653704829861071,7.9544283440746453,12.414835742126558,25.166930529399814,25.166930529399814,7,81
10,20,8,sensitivity_30,0.031805299979168922,3110c2f6be9d0fb6d761c65b25c53e5fb756e115a9ea8408336c79ccbc0c39ab,9691,9207,9441,250,97.420286864100717,True,234,3.7958020352301673,8.3488724023312653,12.511891673088751,25.166930529399814,25.166930529399814,5,49
10,20,9,sensitivity_30,0.030166200012899935,807e902e822a139b226e399b9861da078bbd836b61a0b47804fe861a549729f5,9691,9207,9523,168,98.266432772675685,True,316,3.8599840373737924,8.4181756479277094,11.561348114573667,25.166930529399814,25.166930529399814,5,53
10,20,10,sensitivity_30,0.030351499968674034,e55e4614e82c2d7963470e3e6fb3946f3cebeccd068ae4ae2b01407359d9aa4e,9691,9207,9509,182,98.121968837065324,True,302,3.8271867348933766,8.1835288840326594,12.251065919697961,25.166930529399814,25.166930529399814,6,64
10,20,11,sensitivity_30,0.033779599994886667,2a045c3193670f95bb203d5eae327b859e05b41835625bcda4265e3b3222a4ac,9691,9207,9437,254,97.379011453926324,True,230,3.7054143585871109,8.5027037768526288,14.690837569548558,25.166930529399814,25.166930529399814,7,66
10,20,12,sensitivity_30,0.032636399962939322,3e0763645edf200314bbdaf35bb04ed1da10145884de29663fe85383cb031049,9691,9207,9406,285,97.059127025074815,True,199,3.883536043538264,8.3043709958202818,12.370203144797483,25.166930529399814,25.166930529399814,3,7
10,20,13,sensitivity_30,0.031149699992965907,135e4a5a3c0cdc3dedf82257ccc0fa3d98f1f9a812b6bdc68c4a40a1cecfa782,9691,9207,9504,187,98.070374574347326,True,297,3.9400414116176283,8.3355498212063424,11.605904328310313,18.178490640589605,18.178490640589605,5,25
10,20,14,sensitivity_30,0.03680289996555075,7131758ef2ecd9cb3e7e2075d26a65f428123bc86553f9ec08d25323445892ac,9691,9207,9412,279,97.12104014033639,True,205,3.7371353345124163,8.1444256721502803,14.571648841910802,25.247584517209784,25.247584517209784,3,11
10,20,15,sensitivity_30,0.030798499996308237,f8e5d3d710b970066e390bfa9c7dcc4045085588af0d1bd44fb0a69f39747d42,9691,9207,9439,252,97.399649159013521,True,232,3.7401089713415421,7.9880657689602756,13.740361233660154,25.166930529399814,25.166930529399814,9,67
10,20,16,sensitivity_30,0.030006400018464774,bc869fe9ffc11747fde391ab074af135a19079606387863491696bb12024a9f3,9691,9207,9404,287,97.038489319987619,True,197,3.7219750686080615,8.1212543775818968,13.465039603554764,25.166930529399814,25.166930529399814,6,89
10,20,17,sensitivity_30,0.038044000044465065,cf8cf5a2ea072e846f3c8b42ddefbd1059e7262159177190e13b163afa21259a,9691,9207,9529,162,98.32834588793726,True,322,3.8519823530961284,8.3043709958202818,11.385241348791327,25.166930529399814,25.166930529399814,7,81
10,20,18,sensitivity_30,0.028176100051496178,65ebf0af193793b0cd9cbab744abd485f39e3a4af8952dd14eb879049cd45bcf,9691,9207,9456,235,97.575069652254669,True,249,3.8239939441205664,8.1157170240045744,12.528359550897077,25.166930529399814,25.166930529399814,4,24
10,20,19,sensitivity_30,0.027299500012304634,9d7885c74dfafdb8748c22392c44704e43c80026581b2adcebbfead9c47721d8,9691,9207,9399,292,96.986895057269635,True,192,3.7471541633456744,8.6474761683210257,15.332706185683785,25.247584517209784,25.247584517209784,8,104
10,20,20,sensitivity_30,0.028795799997169524,556945875d3a96c942590d0a7235fdb34d1ac68f11413b48d809482456c3d93e,9691,9207,9422,269,97.224228665772372,True,215,3.7518387466582923,8.3313980310796509,13.495659863615703,25.166930529399814,25.166930529399814,5,35
10,20,21,sensitivity_30,0.027449300047010183,4c66d31414680b30fc7699e589f64f9650a2d390142746694e9ed9133e5c3a8c,9691,9207,9447,244,97.482199979362292,True,240,3.6879817171114859,8.4815971214368897,13.875064004549005,25.166930529399814,25.166930529399814,5,31
10,20,22,sensitivity_30,0.026704700023401529,04075bd376021657cee90e2a82679e4c3ff18c19a2c3dc7c4cdf1d586944710a,9691,9207,9525,166,98.287070477762867,True,318,3.8400220339621223,7.9735636967031001,12.30532158960871,25.166930529399814,25.166930529399814,8,98
10,20,23,sensitivity_30,0.030360299977473915,f35a81e9b70d44e4a1eab37778fea51a51e2acf62fee11c588c78956fa3d85f6,9691,9207,9388,303,96.873387679290062,True,181,3.742349021071504,8.3133211175241737,13.99212385017891,25.388678120841167,25.388678120841167,7,33
10,20,24,sensitivity_30,0.024930300016421825,8ce6ecf866ae69c0baee68d116cc37dbe78cf2bef17281c19c5957235864c99c,9691,9207,9424,267,97.244866370859555,True,217,3.8021714995540683,8.704855003648424,13.495659863615703,25.166930529399814,25.166930529399814,10,91
10,20,25,sensitivity_30,0.027696799952536821,af1d8144fdb89aaa806591dd13f0cc48d6b6fdd71328298431bdb505b3ed487d,9691,9207,9523,168,98.266432772675685,True,316,3.8123624334874617,8.1444256721502803,12.251065919697961,25.166930529399814,25.166930529399814,5,52
10,20,26,sensitivity_30,0.024840199970640242,c3f6f8ea1d032bbb48b30ade8a515dba6b404089bbcbf710d433f07d2a8c1a56,9691,9207,9439,252,97.399649159013521,True,232,3.7517666384478083,8.5137710567032236,11.803552260425612,25.166930529399814,25.166930529399814,8,138
10,20,27,sensitivity_30,0.02688080002553761,1641ed498f791369114530039451180569f5ba12762663b987b239916d17d8ad,9691,9207,9403,288,97.028170467444014,True,196,3.7212206646212875,8.5027037768526288,14.663597630768079,25.166930529399814,25.166930529399814,9,107
10,20,28,sensitivity_30,0.025044200010597706,c6ba0f30d0cdfb985ae5fdd5cd3c3c40fb2c77445a3ac43db6dba25833364dcc,9691,9207,9474,217,97.760808998039423,True,267,3.7871129345072996,8.1444256721502803,11.660873557691543,25.166930529399814,25.166930529399814,5,45
10,20,29,sensitivity_30,0.027497300005052239,828b774606d69984b7e089a1c56b8a337da499407939edc88a356986e839fc13,9691,9207,9481,210,97.833040965844603,True,274,3.7930429934619214,8.704855003648424,14.55882633822554,25.166930529399814,25.166930529399814,7,47
10,20,42,legacy_representative,0.038198299997020513,e0a51abcfd3cdf667512f8adc43ca571e37f3a6bfa56626ca65eec33817ffc43,9691,9207,9466,225,97.678258177690637,True,259,3.7939603142779799,8.3744758756714397,13.756035158363737,25.166930529399814,25.166930529399814,9,87
10,21,0,sensitivity_30,0.045068300038110465,250bad4512769482e24fb667b42fb11b7f97c0f44c4af0d385bcdfe576a6cd31,9691,9207,9491,200,97.936229491280571,True,284,3.7953559923537377,7.9604335956587517,11.756971719141839,25.166930529399814,25.166930529399814,2,10
10,21,1,sensitivity_30,0.059451600012835115,75b35527042532090414a875a7fb5f6909c9d1fe648b9f3a0ea7094d4bff0f20,9691,9207,9419,272,97.193272108141571,True,212,3.6394677218501674,8.1635402426131822,13.99212385017891,25.388678120841167,25.388678120841167,8,29
10,21,2,sensitivity_30,0.043701400049030781,f5749bf00682d45823d42839950e81dc2e8c38ecc6c918e57681e31f90fc62ef,9691,9207,9400,291,96.997213909813226,True,193,3.5850354683103229,8.1444256721502803,13.215719480864093,25.166930529399814,25.166930529399814,4,84
10,21,3,sensitivity_30,0.04128200002014637,329d669f29ea70d83a52fac1a759e4470ee3064798dc1fcf221ce61a64e7961e,9691,9207,9509,182,98.121968837065324,True,302,3.6809561864192055,7.752046078838192,11.631472525129487,25.166930529399814,25.166930529399814,5,89
10,21,4,sensitivity_30,0.027175199997145683,14c1fb0438efa4a9b678a490932ada4495f941d28010c50bfd91bbb4896e3ae6,9691,9207,9518,173,98.214838509957687,True,311,3.7474645519656229,7.7154863390023296,11.667557829271725,25.166930529399814,25.166930529399814,9,68
10,21,5,sensitivity_30,0.026598500029649585,605e03ab6621e1ee97ac5d30d3dc51cd92e57e1f72e5d4c9e54e28e2b123db99,9691,9207,9434,257,97.348054896295537,True,227,3.6722132883737628,8.2969294852006517,13.686120468314886,18.797287548175852,18.797287548175852,7,35
10,21,6,sensitivity_30,0.026240400038659573,1de4b113aacb2bb7520843e657e65a86123700bf744dced07eda75c282a07262,9691,9207,9495,196,97.977504901454964,True,288,3.6206992431575555,8.1444256721502803,12.251065919697961,25.166930529399814,25.166930529399814,8,42
10,21,7,sensitivity_30,0.037093699967954308,69b80a61dff103052a5601604dfe31e9cd0d457e28ab824d2c0ca4fa6644c5cd,9691,9207,9466,225,97.678258177690637,True,259,3.6383783066487738,7.9604335956587517,11.561348114573667,25.166930529399814,25.166930529399814,6,92
10,21,8,sensitivity_30,0.046779899974353611,225de259529509d8ca3ded1f57dd9796a56d656d79db37707061a36632ee162f,9691,9207,9479,212,97.812403260757407,True,272,3.582540600705018,8.1444256721502803,11.688556001545622,25.166930529399814,25.166930529399814,4,30
10,21,9,sensitivity_30,0.029222999990452081,7312d34a13758b5e4c23672fcc8b380ee4de362a26d0f0276d646d6db58fc343,9691,9207,9479,212,97.812403260757407,True,272,3.710798965414388,8.1161484069574605,12.170397668669846,25.166930529399814,25.166930529399814,5,55
10,21,10,sensitivity_30,0.029720099992118776,f1904b794594b681bece886405c6de1909a6677310ef9e3b6579cc3a05072edb,9691,9207,9434,257,97.348054896295537,True,227,3.5673147411988158,8.1110642563388886,14.690837569548558,25.166930529399814,25.166930529399814,8,29
10,21,11,sensitivity_30,0.02844379999442026,14b2e4114c10e52b577eae2ce91b22d9badfd8d8fcdd6c0d56fea2c9c5657388,9691,9207,9485,206,97.874316376018982,True,278,3.6905637083907354,7.752046078838192,11.561348114573667,25.166930529399814,25.166930529399814,8,64
10,21,12,sensitivity_30,0.032015900011174381,d15fe2493ae564cdec0be5e02c9c531db7a6f1501002315358eb448f5d1f349e,9691,9207,9515,176,98.1838819523269,True,308,3.6414858149315918,8.1444256721502803,11.586901877722186,25.166930529399814,25.166930529399814,3,74
10,21,13,sensitivity_30,0.03206190001219511,e3670215cc70bea0d8b9cdfc779caf5379ac997a096a2a6e292f8cac0ab6daf1,9691,9207,9521,170,98.245795067588489,True,314,3.7100371423316187,7.8125855372939279,11.688556001545622,25.166930529399814,25.166930529399814,9,76
10,21,14,sensitivity_30,0.03110329998889938,3e7724bd0bfdd14adaf617ae6a274031eeaed4b8f4f6b03613ae1deecba3b1f5,9691,9207,9430,261,97.306779486121144,True,223,3.5571318604279467,8.704855003648424,14.55882633822554,25.166930529399814,25.166930529399814,12,71
10,21,15,sensitivity_30,0.029654600017238408,35dc708b6c277b23d9299aa3da1957940aa4c5117aba07bc9a08b535b4dea671,9691,9207,9522,169,98.25611392013208,True,315,3.7630581883857372,7.662711626049667,11.385241348791327,25.166930529399814,25.166930529399814,8,78
10,21,16,sensitivity_30,0.029872299986891448,89938869e0c48f21b32202a89d488a9ea58739a35a253a168e970eefc3edf6dd,9691,9207,9421,270,97.213909813228767,True,214,3.646411563472947,7.7259054637995765,12.593828354999939,19.691595173222481,19.869977811698341,9,106
10,21,17,sensitivity_30,0.03027370001655072,63e66b06a6881f2af6c97b7abf9a71b0088ea622ce9a48a8d7454066c0db52c2,9691,9207,9440,251,97.409968011557112,True,233,3.7541535197460369,7.9089302721343326,11.561348114573667,25.166930529399814,25.166930529399814,5,36
10,21,18,sensitivity_30,0.032494299986865371,786de874ca3815b66723576ae49aa31e4d66a248ed383a6752cdd8083e0f02bb,9691,9207,9484,207,97.86399752347539,True,277,3.6919205563717483,7.9457820249548092,11.803552260425612,25.166930529399814,25.166930529399814,5,33
10,21,19,sensitivity_30,0.028773500001989305,f08859dae7d6d8d069f299584fd7f69aa6bbda6cc1cdb949f3595304622681df,9691,9207,9467,224,97.688577030234242,True,260,3.5510294881001743,8.3214214801540294,14.055518710867432,25.166930529399814,25.166930529399814,6,35
10,21,20,sensitivity_30,0.029232900007627904,2e6378efd27807cabac080f45ee087c6d57b96de1a935d4b0b13e46b3a5b5a59,9691,9207,9470,221,97.71953358786503,True,263,3.6268754514951485,7.8546715625364403,14.542581787667567,25.247584517209784,25.247584517209784,6,92
10,21,21,sensitivity_30,0.027954699995461851,97f1fdb0261f48a012ccc2dde1e0cd7b35befb5868b08723f5b077c0d9d49ca7,9691,9207,9449,242,97.502837684449489,True,242,3.6234243532567443,8.3294248189895388,12.251065919697961,25.166930529399814,25.166930529399814,7,105
10,21,22,sensitivity_30,0.029440800019074231,ed9554e414b717ac4ceb9c91d8867ce10f2a7b9bc0b05cc51dee772f08a8ea39,9691,9207,9442,249,97.430605716644308,True,235,3.6336590784283023,7.9740605554371529,12.170397668669846,25.166930529399814,25.166930529399814,3,9
10,21,23,sensitivity_30,0.027808899991214275,ef69784245f7b04903e71d35fe92e11434ea1493b66c314f6e5f4c1621ef577c,9691,9207,9480,211,97.822722113300998,True,273,3.6736395340548493,7.8700424010828787,12.251065919697961,25.166930529399814,25.166930529399814,5,22
10,21,24,sensitivity_30,0.045090700034052134,1926d98c65aeb6b756a41ce673722a811ee32d3dcb986a02d26d4b52cd34e9a4,9691,9207,9470,221,97.71953358786503,True,263,3.6248527089873175,8.1444256721502803,11.688556001545622,25.166930529399814,25.166930529399814,1,2
10,21,25,sensitivity_30,0.029801399970892817,abb4910fe106c4da77e70f77a34e72e85760dfc0d917b71a101ce1b328202954,9691,9207,9501,190,98.039418016716539,True,294,3.6719695825335918,7.752046078838192,11.631472525129487,25.166930529399814,25.166930529399814,5,95
10,21,26,sensitivity_30,0.034330900001805276,a4490727b115cda46efc96f4a53619500da926ff70793ec840ac9310b979c251,9691,9207,9483,208,97.853678670931799,True,276,3.605795128137586,8.1376505699306314,11.561348114573667,25.166930529399814,25.166930529399814,6,35
10,21,27,sensitivity_30,0.041971100028604269,560ca1675a7efd49f931681383dd1802cd4134a009574f0ed9020a62cc0088f4,9691,9207,9463,228,97.647301620059849,True,256,3.5957015151346678,8.527116966941632,11.813793335913449,25.166930529399814,25.166930529399814,8,101
10,21,28,sensitivity_30,0.031370400043670088,fe3bd5b3ae9f3a609c85274d5242a6846953f14c659cf912a04695cbc8b80d11,9691,9207,9442,249,97.430605716644308,True,235,3.5584389923695841,8.5260967151035807,14.055518710867432,25.166930529399814,25.166930529399814,3,45
10,21,29,sensitivity_30,0.035584900004323572,15f7f148fdbf290f274c219944da6546a7b352395663381b5b5f5d0b7fb13681,9691,9207,9435,256,97.358373748839128,True,228,3.5732950444422835,7.9862965500094134,13.495659863615703,25.166930529399814,25.166930529399814,11,127
10,21,42,legacy_representative,0.04127599997445941,9378b6160228ef09fbf4a1417cba19d603f61a451983d544f1549dc5a6d6fbd8,9691,9207,9454,237,97.554431947167473,True,247,3.6775488983350968,8.2335860174705324,12.384332103571833,25.166930529399814,25.166930529399814,8,63
10,22,0,sensitivity_30,0.036322200030554086,0eff2abe6569b65371b0ffd43e2271129a3cc3cf8f7859bcec5a8de00c247f58,9691,9207,9454,237,97.554431947167473,True,247,3.4715466404570536,7.9740605554371529,12.170397668669846,25.166930529399814,25.166930529399814,9,113
10,22,1,sensitivity_30,0.04293389996746555,4efb271c639cbb3d21b44463579d3e4957ef3900aa97f81cb6f54f6621d65ee8,9691,9207,9492,199,97.946548343824162,True,285,3.5339331455823824,8.1444256721502803,11.500283773559637,25.166930529399814,25.166930529399814,6,48
10,22,2,sensitivity_30,0.040078599995467812,3985483f8a3fd613cfe8707b6d215d73201170f5e3559b495938d1185c3b261e,9691,9207,9518,173,98.214838509957687,True,311,3.4588198928910106,7.9483642558118062,11.688556001545622,25.166930529399814,25.166930529399814,8,50
10,22,3,sensitivity_30,0.041094899992458522,40e31ba84372d383d5737bd019356e47aebcf10a6f3c670089f4cb2963259953,9691,9207,9492,199,97.946548343824162,True,285,3.4887457645504347,7.6408460163143523,11.372307367316845,25.166930529399814,25.166930529399814,2,4
10,22,4,sensitivity_30,0.044890100019983947,9a51dac498916dc034b53b1b3505f9551a1983e11de85eec766cee30db189711,9691,9207,9480,211,97.822722113300998,True,273,3.4370349291356095,7.6078644001323728,11.561348114573667,25.166930529399814,25.166930529399814,4,40
10,22,5,sensitivity_30,0.038126399973407388,31fb42ace37fff0228cfd36b5212f4dcdd92ce5c48bdaa9095ce56407e8ffd1d,9691,9207,9501,190,98.039418016716539,True,294,3.4698804719737764,7.6927137419165232,11.372307367316845,25.166930529399814,25.166930529399814,3,11
10,22,6,sensitivity_30,0.040258900029584765,f5d8cdac5e24e4341272e4c8ec1580fb5127a598bafa535ada153a5cc84f2000,9691,9207,9521,170,98.245795067588489,True,314,3.480311055060699,7.752046078838192,11.561348114573667,25.166930529399814,25.166930529399814,3,30
10,22,7,sensitivity_30,0.035995299986097962,c38fee226192864490119f796657d9fc5e0701bf922f9ec2fb66fa07d4608ff7,9691,9207,9479,212,97.812403260757407,True,272,3.6254565526581675,7.5844254366390684,11.176546894762181,17.949858814079803,17.949858814079803,4,22
10,22,8,sensitivity_30,0.028254299948457628,49ed0c2b1368644978adac296d2a45bbd27303011a51c6bb2be636e1651c23b4,9691,9207,9502,189,98.049736869260144,True,295,3.5416167458337222,7.9604335956587517,11.561348114573667,25.166930529399814,25.166930529399814,1,1
10,22,9,sensitivity_30,0.031823600002098829,0aef77f5a4b6d2c0858ee9e4d110d9b694f3320e1b6d68a23a41d674ebee4365,9691,9207,9562,129,98.668868021875966,True,355,3.5878857918560767,7.8187020328369083,10.89251115011789,25.166930529399814,25.166930529399814,4,31
10,22,10,sensitivity_30,0.030210400000214577,c2a590ae2410fe91c457e2553b8cb123ca75bcb0dc60bb5836f9af527075367a,9691,9207,9545,146,98.493447528634817,True,338,3.5393474763910064,7.662711626049667,11.561348114573667,25.166930529399814,25.166930529399814,6,23
10,22,11,sensitivity_30,0.033260800002608448,2907bf12a94be91b4da8c32a94a2a0837a2052a948cd0417cc83de7da6633b72,9691,9207,9521,170,98.245795067588489,True,314,3.5564599376730199,7.7154863390023296,10.697117933919854,17.949858814079803,17.949858814079803,5,13
10,22,12,sensitivity_30,0.027495699992869049,89926bbe878fc49d12a7bc0b6a46a5c37c44d018477efc81b12b75f4864a25cb,9691,9207,9519,172,98.225157362501292,True,312,3.5389785471779902,8.1161484069574605,10.920225487618836,25.166930529399814,25.166930529399814,6,97
10,22,13,sensitivity_30,0.030178199987858534,e69a1f7a291c8a93f969123b82f792fcbb2292e8fa81e8e3c6c988580d3aba00,9691,9207,9522,169,98.25611392013208,True,315,3.45521448738321,8.1444256721502803,12.30532158960871,25.166930529399814,25.166930529399814,2,9
10,22,14,sensitivity_30,0.029948799987323582,14f091d8521bf6961e235529899d7cbbbdd3f09bd4eb4f9ecc44e8a0e4ecc5d8,9691,9207,9538,153,98.421215560829637,True,331,3.5882626106302244,7.7183327453945108,10.895236553529816,25.166930529399814,25.166930529399814,8,55
10,22,15,sensitivity_30,0.030615099996794015,96467ccd0262bdbfc86ce0df882fb5aafc8b2c953a36115d495fcb404cb23e7a,9691,9207,9472,219,97.740171292952226,True,265,3.5082977206650479,7.752046078838192,12.4259301198105,25.166930529399814,25.166930529399814,8,48
10,22,16,sensitivity_30,0.035915500018745661,1d64fe7eb01bb8ac991e4c59665386bb1a84ea5ad884cb4c5dff14815c597793,9691,9207,9524,167,98.276751625219276,True,317,3.5395159512048289,8.1246167031528316,11.631472525129487,25.166930529399814,25.166930529399814,10,132
10,22,17,sensitivity_30,0.035675699997227639,c9157c33d9723599d62cd2d013077529781dd1d24783218c13b7e881ad847fa5,9691,9207,9514,177,98.173563099783308,True,307,3.525449075372276,8.0439218627336473,12.343080064509234,19.043405285703969,19.043405285703969,3,18
10,22,18,sensitivity_30,0.030509499949403107,e67cffb82fa6a953fd6c69a3ad8df92be7dcc5a6d760db79a85df9e8a2fc9b8d,9691,9207,9558,133,98.627592611701573,True,351,3.5782850017614081,7.69686308205437,10.504198793692423,17.949858814079803,17.949858814079803,8,90
10,22,19,sensitivity_30,0.030401500000152737,3d26e0b37f701ab069e4ebf32dfbec229cb714bb330a10b76ba92ba793ecb21b,9691,9207,9506,185,98.091012279434523,True,299,3.4351233483272132,8.0724104888941213,11.668705521900261,25.166930529399814,25.166930529399814,6,21
10,22,20,sensitivity_30,0.036392500041984022,b0b945f1d228d597212f416053f0344a336ed703c52245e3864c6c48ec7e33cc,9691,9207,9497,194,97.998142606542146,True,290,3.5397413848165376,7.9042693520416636,11.550960386311157,25.166930529399814,25.166930529399814,7,97
10,22,21,sensitivity_30,0.03548160003265366,0e9927caa9ccab39412d7b4f235d737fbb43f712dffba67746fe13a8643a8297,9691,9207,9496,195,97.987823753998555,True,289,3.5992595662143914,7.279544789039698,11.561348114573667,25.166930529399814,25.166930529399814,4,15
10,22,22,sensitivity_30,0.027424800035078079,01d8f8064c5b38c3d3cd88cbd34c7c8705720d9e430f6efd8d31e323044eab4a,9691,9207,9477,214,97.79176555567021,True,270,3.4640132598869675,8.0318692369070153,11.688556001545622,25.166930529399814,25.166930529399814,6,81
10,22,23,sensitivity_30,0.026416599983349442,ea358d0a23d9c48bd34bcf1d121fe86b794aa255b6b6c44ae4dad858aef586dd,9691,9207,9518,173,98.214838509957687,True,311,3.5735502726084927,7.6378930709753368,11.372307367316845,25.166930529399814,25.166930529399814,4,40
10,22,24,sensitivity_30,0.032615299976896495,2bdef07743f94a04b0be3bb12df115c67bec6dc7ffef912a9187fab479b3503b,9691,9207,9483,208,97.853678670931799,True,276,3.5113489667576703,8.4518495960619511,11.629373294914011,25.166930529399814,25.166930529399814,7,103
10,22,25,sensitivity_30,0.027658500010147691,41a93bcce5fa19a5abd61854eeb600e8062d5d6bfcf7e7bb32083abfec42e177,9691,9207,9512,179,98.152925394696112,True,305,3.5322666548490864,7.9449284947080336,11.385241348791327,25.166930529399814,25.166930529399814,4,37
10,22,26,sensitivity_30,0.02722439996432513,342e0ea7e398282cc970cf4953d8a8f1b7e98c741f02679ce5fc3ff3f378a491,9691,9207,9501,190,98.039418016716539,True,294,3.6460055923861914,7.5844254366390684,11.034141303788937,25.166930529399814,25.166930529399814,7,141
10,22,27,sensitivity_30,0.026001300022471696,35c66063a3fba6d245e7c9e5a761dc272dace50085e4e2dc11208a79dd6d80ef,9691,9207,9498,193,98.008461459085751,True,291,3.4513795919939589,7.9171852495612844,13.116432646765567,25.166930529399814,25.166930529399814,8,45
10,22,28,sensitivity_30,0.025461099983658642,6c364801b12c25d4618bf20db4d5eeedd68a5a18f2dab5d3df92552b9e43fcd1,9691,9207,9444,247,97.451243421731505,True,237,3.4379385200735841,8.1635402426131822,12.367212406431513,25.166930529399814,25.166930529399814,5,60
10,22,29,sensitivity_30,0.025288400007411838,6a3ab512834911e54fb26ff92e2ac42484962b64caecb1aa90e5bb567ddc3ed3,9691,9207,9483,208,97.853678670931799,True,276,3.5342288527206431,7.7986407637251984,11.753344503958957,25.166930529399814,25.166930529399814,7,33
10,22,42,legacy_representative,0.034112299967091531,8ce5c5b690cd432c9d0c03d84737940b1b10c858b397d69e7bc28a092d66592d,9691,9207,9473,218,97.750490145495817,True,266,3.4911275395194536,7.752046078838192,12.170397668669846,25.166930529399814,25.166930529399814,9,57
