case,cohort,method,radius_km,K_selected,seed,status,n_candidates,metric,evaluation_metric,fit_metric,fit_space,center_mode,estimator,N_prefixes,N_unique_buyers,runtime_s,search_runtime_s,representative_checkpoint,candidate_prefixes_sha256,N_orders,required_orders,covered_orders,uncovered_orders,coverage_pct,feasible,coverage_margin_orders,weighted_mean_km,p95_km,p99_km,max_km,native_max_km,reassigned_prefixes,reassigned_orders,kmeans_iterations,coverage_pct_seed_min,coverage_pct_seed_max,weighted_mean_km_seed_min,weighted_mean_km_seed_max,p95_km_seed_min,p95_km_seed_max,p99_km_seed_min,p99_km_seed_max,max_km_seed_min,max_km_seed_max,K_minus1_covered_min,K_minus1_covered_max,K_minus1_margin_min,K_minus1_margin_max,K_minus1_all_seeds_feasible,note,ceiling_orders,ceiling_coverage_pct,pmedian_candidate_indices,pmedian_converged,pmedian_objective_weighted_km,pmedian_passes,pmedian_swaps,pmedian_termination_status,trajectory_checkpoint
main,main,K-Means,10,17,42,selected,300,haversine,haversine,euclidean_degrees,angular,native,mean_repeated,828,9347,0.028551399998832494,2.3319278000271879,5d2701e8ea434525c05cfdd594eb10f5861a5ad30ec4c49864cc27546d66a667,58c9cb18fa2699fcbd84bfa705dcde0a228c12a817d3902893a9d28bc5ff732e,9691,9207,9282,409,95.779589309668765,True,75,4.1841386474792452,9.4546897346985368,14.326254166178083,25.166930529399814,25.166930529399814,12,239,12,95.04695077907337,96.728923743679701,4.1820405606125659,4.2265761945588363,8.7180119081827616,9.9382619697437313,13.756035158363737,17.108934466356629,25.166930529399814,26.997482241032053,9146,9275,-61,68,False,,,,,,,,,,
main,main,K-Means,5,40,42,selected,300,haversine,haversine,euclidean_degrees,angular,native,mean_repeated,828,9347,0.076075699995271862,8.3895382000482641,baf9c032869861e80dbb6aba9b3d76f6047cbc0e5fa0d88002372ee79162f161,58c9cb18fa2699fcbd84bfa705dcde0a228c12a817d3902893a9d28bc5ff732e,9691,9207,9240,451,95.346197502837683,True,33,2.1873197615803655,4.8945767339488153,7.3957089400314704,15.264598378487985,15.264598378487985,4,26,7,95.067588484160567,96.594778660612945,2.1679777113086502,2.2431684800502709,4.6525442740578171,4.9208147135017564,6.8715874200635163,7.9883874315737202,15.264598378487985,16.732826938892167,9098,9297,-109,90,False,,,,,,,,,,
main,main,K-Means,3,82,42,selected,300,haversine,haversine,euclidean_degrees,angular,native,mean_repeated,828,9347,0.11544019996654242,32.08218089985894,82a52f91a7e44b8080a0519e4665b0c39ac5520a36c19218962fc00d1d89373b,58c9cb18fa2699fcbd84bfa705dcde0a228c12a817d3902893a9d28bc5ff732e,9691,9207,9263,428,95.58353111134042,True,56,1.3315743778828382,2.97440048668587,3.8787382667424306,15.264598378487985,15.264598378487985,3,6,7,95.067588484160567,95.58353111134042,1.3034673806300936,1.3315743778828382,2.9628579522429654,2.9870604545371116,3.8787382667424306,4.4136035033195276,12.5882156677179,15.264598378487985,9182,9251,-25,44,False,,,,,,,,,,
main,main,Ward,10,17,-1,selected,300,haversine,haversine,euclidean_degrees,angular,native,mean_repeated,828,9347,0.013260899984743446,0.34982019994640723,47aa6a43ef2e7ef553e21c9df0441ff2bf044f9b1a4f98e09b524815392946b7,58c9cb18fa2699fcbd84bfa705dcde0a228c12a817d3902893a9d28bc5ff732e,9691,9207,9230,461,95.243008977401715,True,23,4.6468613906473744,9.8737966445103087,12.915441610247258,26.746525346534241,26.746525346534241,48,376,,95.243008977401715,95.243008977401715,4.6468613906473744,4.6468613906473744,9.8737966445103087,9.8737966445103087,12.915441610247258,12.915441610247258,26.746525346534241,26.746525346534241,9179,9179,-28,-28,False,,,,,,,,,,
main,main,Ward,5,42,-1,selected,300,haversine,haversine,euclidean_degrees,angular,native,mean_repeated,828,9347,0.01291809999383986,0.73479669989319518,eaa57e13495852e0e08e38ab3c25b59180f87a55f5958990fa089ad479f1d495,58c9cb18fa2699fcbd84bfa705dcde0a228c12a817d3902893a9d28bc5ff732e,9691,9207,9247,444,95.418429470642863,True,40,2.3830952621870543,4.9240779351062498,6.4711696445025284,15.264598378487985,15.264598378487985,61,622,,95.418429470642863,95.418429470642863,2.3830952621870543,2.3830952621870543,4.9240779351062498,4.9240779351062498,6.4711696445025284,6.4711696445025284,15.264598378487985,15.264598378487985,9193,9193,-14,-14,False,,,,,,,,,,
main,main,Ward,3,80,-1,selected,300,haversine,haversine,euclidean_degrees,angular,native,mean_repeated,828,9347,0.019616900011897087,1.3741975000011735,10327f7c46c592165dad6c415439aaa091e991019fad7bc2e4fff254ac1ce081,58c9cb18fa2699fcbd84bfa705dcde0a228c12a817d3902893a9d28bc5ff732e,9691,9207,9216,475,95.098545041791354,True,9,1.6053351384870707,2.9965823106842948,4.3042546842427054,8.476521242362951,8.476521242362951,39,470,,95.098545041791354,95.098545041791354,1.6053351384870707,1.6053351384870707,2.9965823106842948,2.9965823106842948,4.3042546842427054,4.3042546842427054,8.476521242362951,8.476521242362951,9167,9167,-40,-40,False,,,,,,,,,,
main,main,Complete,10,19,-1,selected,300,haversine,haversine,haversine,angular,native,mean_repeated,828,9347,0.020091100013814867,0.35387010005069897,4bbf52a4efd5f12a9f60686e6055737d43070530bfbf85785ad6dc2385290617,58c9cb18fa2699fcbd84bfa705dcde0a228c12a817d3902893a9d28bc5ff732e,9691,9207,9277,414,95.727995046950781,True,70,4.8154461025871598,9.760963339148045,12.056220454770822,14.755872469842686,15.393847494829547,65,560,,95.727995046950781,95.727995046950781,4.8154461025871598,4.8154461025871598,9.760963339148045,9.760963339148045,12.056220454770822,12.056220454770822,14.755872469842686,14.755872469842686,8870,8870,-337,-337,False,,,,,,,,,,
main,main,Complete,5,46,-1,selected,300,haversine,haversine,haversine,angular,native,mean_repeated,828,9347,0.017205699987243861,0.93433399987407029,b124f619925a723205a8a61af6839850bd994400c1b040b07d57df1064131d6e,58c9cb18fa2699fcbd84bfa705dcde0a228c12a817d3902893a9d28bc5ff732e,9691,9207,9216,475,95.098545041791354,True,9,2.7382120460711015,4.956326182301563,6.2906693168227212,8.6134057781770803,8.6134057781770803,75,537,,95.098545041791354,95.098545041791354,2.7382120460711015,2.7382120460711015,4.956326182301563,4.956326182301563,6.2906693168227212,6.2906693168227212,8.6134057781770803,8.6134057781770803,9206,9206,-1,-1,False,,,,,,,,,,
main,main,Complete,3,88,-1,selected,300,haversine,haversine,haversine,angular,native,mean_repeated,828,9347,0.017258599982596934,1.6786371998023242,b579f72e32856d3ceaa978fac0bc19dbd9194f5c659fdfaf40890f98fcc8b422,58c9cb18fa2699fcbd84bfa705dcde0a228c12a817d3902893a9d28bc5ff732e,9691,9207,9225,466,95.191414714683731,True,18,1.532991045251884,2.9503917509831732,3.8201527897651895,5.3458960582960309,5.3458960582960309,59,435,,95.191414714683731,95.191414714683731,1.532991045251884,1.532991045251884,2.9503917509831732,2.9503917509831732,3.8201527897651895,3.8201527897651895,5.3458960582960309,5.3458960582960309,9143,9143,-64,-64,False,,,,,,,,,,
main,main,Average,10,24,-1,selected,300,haversine,haversine,haversine,angular,native,mean_repeated,828,9347,0.022376900014933199,0.45781450014328584,57f3ff5da3aea1578214dc97bd7c2b25dcc5ab6afd2158dd82073ceebf31598a,58c9cb18fa2699fcbd84bfa705dcde0a228c12a817d3902893a9d28bc5ff732e,9691,9207,9364,327,96.625735218243733,True,157,4.5615967151069183,9.4268788496490288,11.472124793185078,12.598147455231135,15.393847494829547,62,417,,96.625735218243733,96.625735218243733,4.5615967151069183,4.5615967151069183,9.4268788496490288,9.4268788496490288,11.472124793185078,11.472124793185078,12.598147455231135,12.598147455231135,9105,9105,-102,-102,False,,,,,,,,,,
main,main,Average,5,53,-1,selected,300,haversine,haversine,haversine,angular,native,mean_repeated,828,9347,0.021276699961163104,1.1555355999735184,25ce6bfbb8d71a51dea6ea5cff7515ea7bb4992b54eabfb7ad8dc9be21f8ac8a,58c9cb18fa2699fcbd84bfa705dcde0a228c12a817d3902893a9d28bc5ff732e,9691,9207,9320,371,96.171705706325454,True,113,2.5928137855336479,4.8273811623820082,6.0745889397242339,6.6061157974916425,7.280018448458522,57,642,,96.171705706325454,96.171705706325454,2.5928137855336479,2.5928137855336479,4.8273811623820082,4.8273811623820082,6.0745889397242339,6.0745889397242339,6.6061157974916425,6.6061157974916425,9188,9188,-19,-19,False,,,,,,,,,,
main,main,Average,3,99,-1,selected,300,haversine,haversine,haversine,angular,native,mean_repeated,828,9347,0.021572800003923476,2.1677952001919039,e513c203f75b5f94f90f87994e71ec7d771aa2422f9576f4adc053ddb2a9539a,58c9cb18fa2699fcbd84bfa705dcde0a228c12a817d3902893a9d28bc5ff732e,9691,9207,9213,478,95.067588484160567,True,6,1.5449798967395507,2.9984134943599412,3.2674749245272361,4.6599864100160904,4.6625223205686721,43,401,,95.067588484160567,95.067588484160567,1.5449798967395507,1.5449798967395507,2.9984134943599412,2.9984134943599412,3.2674749245272361,3.2674749245272361,4.6599864100160904,4.6599864100160904,9206,9206,-1,-1,False,,,,,,,,,,
main,main,P-Median,3,,,structurally_infeasible,300,haversine,haversine,haversine,,,mean_repeated,828,,,,,,9691,9207,,,,,,,,,,,,,,,,,,,,,,,,,,,,,,9079,93.684862243318548,,,,,,,
main,main,P-Median,10,23,-1,selected,300,haversine,haversine,haversine,angular,native,mean_repeated,828,9347,0.43282009998802096,3.6592172001255676,1fd596d5cdde6936406a24c053724f57cef23d04ba7e1dd6d1b8950dd72244bc,58c9cb18fa2699fcbd84bfa705dcde0a228c12a817d3902893a9d28bc5ff732e,9691,9207,9223,468,95.170777009596534,True,16,3.2230405932518131,9.5681981391057853,17.737282708984711,28.687629604511976,28.687629604511976,0,0,,95.170777009596534,95.170777009596534,3.2230405932518131,3.2230405932518131,9.5681981391057853,9.5681981391057853,17.737282708984711,17.737282708984711,28.687629604511976,28.687629604511976,9140,9140,-67,-67,False,,,,"[61, 406, 228, 614, 658, 286, 672, 355, 444, 105, 220, 177, 41, 511, 294, 264, 205, 542, 827, 120, 801, 824, 340]",True,31234.486389203321,9,47,no_improving_swap,
main,main,P-Median,5,55,-1,selected,300,haversine,haversine,haversine,angular,native,mean_repeated,828,9347,0.3957695999997668,19.988629600033164,1e8a3f126e8dd480a422829cf93bcd1f180c0bf688e4225a620e76f4ea10024f,58c9cb18fa2699fcbd84bfa705dcde0a228c12a817d3902893a9d28bc5ff732e,9691,9207,9234,457,95.284284387576108,True,27,1.71148250888735,4.9191927569365559,8.5874946807421235,16.550308693700245,16.550308693700245,0,0,,95.284284387576108,95.284284387576108,1.71148250888735,1.71148250888735,4.9191927569365559,4.9191927569365559,8.5874946807421235,8.5874946807421235,16.550308693700245,16.550308693700245,9202,9202,-5,-5,False,,,,"[530, 347, 230, 622, 402, 267, 667, 371, 461, 111, 392, 294, 41, 511, 264, 698, 205, 542, 827, 120, 422, 824, 328, 407, 658, 179, 801, 289, 633, 103, 494, 6, 373, 249, 280, 638, 240, 825, 440, 295, 577, 592, 40, 362, 672, 130, 222, 665, 316, 412, 28, 308, 758, 160, 50]",True,16585.976993627308,3,19,no_improving_swap,
main,main,MCLP,3,,,structurally_infeasible,300,haversine,haversine,haversine,,,mean_repeated,828,,,,,,9691,9207,,,,,,,,,,,,,,,,,,,,,,,,,,,,,,9079,93.684862243318548,,,,,,,
main,main,MCLP,10,15,-1,selected,300,haversine,haversine,haversine,angular,native,mean_repeated,828,9347,0.030089000007137656,0.050738499965518713,88e323412b7d09f0eaef77fdf5731d0bf094772cc2a8da39a51683f04edbe14b,58c9cb18fa2699fcbd84bfa705dcde0a228c12a817d3902893a9d28bc5ff732e,9691,9207,9251,440,95.459704880817256,True,44,6.0785343995456973,9.8109897210008636,22.966273954258849,50.478912053681697,50.478912053681697,0,0,,95.459704880817256,95.459704880817256,6.0785343995456973,6.0785343995456973,9.8109897210008636,9.8109897210008636,22.966273954258849,22.966273954258849,50.478912053681697,50.478912053681697,9190,9190,-17,-17,False,,,,,,,,,,88e323412b7d09f0eaef77fdf5731d0bf094772cc2a8da39a51683f04edbe14b
main,main,MCLP,5,40,-1,selected,300,haversine,haversine,haversine,angular,native,mean_repeated,828,9347,0.062156800006050617,0.076159199990797788,338af4208a7d419c473277c898297c4563ad55d7a929b1eaed635c517f96d201,58c9cb18fa2699fcbd84bfa705dcde0a228c12a817d3902893a9d28bc5ff732e,9691,9207,9225,466,95.191414714683731,True,18,2.9775175125055124,4.9372601114134502,10.381628712023282,26.950553178813898,26.950553178813898,0,0,,95.191414714683731,95.191414714683731,2.9775175125055124,2.9775175125055124,4.9372601114134502,4.9372601114134502,10.381628712023282,10.381628712023282,26.950553178813898,26.950553178813898,9205,9205,-2,-2,False,,,,,,,,,,338af4208a7d419c473277c898297c4563ad55d7a929b1eaed635c517f96d201
geodesic,main,K-Means,10,17,42,selected,300,geodesic,geodesic,euclidean_degrees,angular,native,mean_repeated,828,9347,0.028551399998832494,2.3319278000271879,5d2701e8ea434525c05cfdd594eb10f5861a5ad30ec4c49864cc27546d66a667,58c9cb18fa2699fcbd84bfa705dcde0a228c12a817d3902893a9d28bc5ff732e,9691,9207,9282,409,95.779589309668765,True,75,4.1787599453576085,9.4546293789713189,14.303580791489637,25.084406003716907,25.084406003716907,10,199,12,95.057269631616961,96.687648333505308,4.1775441263354001,4.2216176083592014,8.7124303523477771,9.9332131902487255,13.720761538713854,17.127316991083127,25.084406003716907,26.895767065574709,9176,9275,-31,68,False,,,,,,,,,,
geodesic,main,K-Means,5,40,42,selected,300,geodesic,geodesic,euclidean_degrees,angular,native,mean_repeated,828,9347,0.076075699995271862,8.3895382000482641,baf9c032869861e80dbb6aba9b3d76f6047cbc0e5fa0d88002372ee79162f161,58c9cb18fa2699fcbd84bfa705dcde0a228c12a817d3902893a9d28bc5ff732e,9691,9207,9240,451,95.346197502837683,True,33,2.1841946142303295,4.8778026504602892,7.382387229545782,15.234148454152852,15.234148454152852,3,22,7,95.067588484160567,96.656691775874521,2.1652980198980929,2.240641131595531,4.655944797702638,4.9152017106848884,6.84495649456239,7.9699419567400041,15.234148454152852,16.758104040129371,9098,9303,-109,96,False,,,,,,,,,,
geodesic,main,K-Means,3,82,42,selected,300,geodesic,geodesic,euclidean_degrees,angular,native,mean_repeated,828,9347,0.11544019996654242,32.08218089985894,82a52f91a7e44b8080a0519e4665b0c39ac5520a36c19218962fc00d1d89373b,58c9cb18fa2699fcbd84bfa705dcde0a228c12a817d3902893a9d28bc5ff732e,9691,9207,9262,429,95.573212258796815,True,55,1.3298985082813108,2.9678924099209554,3.8815056033264574,15.234148454152852,15.234148454152852,3,6,7,95.11918274687855,95.573212258796815,1.3017279469426646,1.3298985082813108,2.9527273378269037,2.981613876658185,3.8815056033264574,4.420520048813537,12.537201348975808,15.234148454152852,9193,9256,-14,49,False,,,,,,,,,,
geodesic,main,Ward,10,17,-1,selected,300,geodesic,geodesic,euclidean_degrees,angular,native,mean_repeated,828,9347,0.013260899984743446,0.34982019994640723,47aa6a43ef2e7ef553e21c9df0441ff2bf044f9b1a4f98e09b524815392946b7,58c9cb18fa2699fcbd84bfa705dcde0a228c12a817d3902893a9d28bc5ff732e,9691,9207,9230,461,95.243008977401715,True,23,4.6424239218419014,9.8775531229953426,12.921123471733919,26.663496705627367,26.663496705627367,49,382,,95.243008977401715,95.243008977401715,4.6424239218419014,4.6424239218419014,9.8775531229953426,9.8775531229953426,12.921123471733919,12.921123471733919,26.663496705627367,26.663496705627367,9184,9184,-23,-23,False,,,,,,,,,,
geodesic,main,Ward,5,42,-1,selected,300,geodesic,geodesic,euclidean_degrees,angular,native,mean_repeated,828,9347,0.01291809999383986,0.73479669989319518,eaa57e13495852e0e08e38ab3c25b59180f87a55f5958990fa089ad479f1d495,58c9cb18fa2699fcbd84bfa705dcde0a228c12a817d3902893a9d28bc5ff732e,9691,9207,9248,443,95.428748323186468,True,41,2.3800941850392525,4.9055310516184418,6.481720546786705,15.234148454152852,15.234148454152852,61,622,,95.428748323186468,95.428748323186468,2.3800941850392525,2.3800941850392525,4.9055310516184418,4.9055310516184418,6.481720546786705,6.481720546786705,15.234148454152852,15.234148454152852,9194,9194,-13,-13,False,,,,,,,,,,
geodesic,main,Ward,3,80,-1,selected,300,geodesic,geodesic,euclidean_degrees,angular,native,mean_repeated,828,9347,0.019616900011897087,1.3741975000011735,10327f7c46c592165dad6c415439aaa091e991019fad7bc2e4fff254ac1ce081,58c9cb18fa2699fcbd84bfa705dcde0a228c12a817d3902893a9d28bc5ff732e,9691,9207,9221,470,95.150139304509338,True,14,1.6032463564532433,2.9914703709597346,4.3088854278317434,8.4872309369726189,8.4872309369726189,39,470,,95.150139304509338,95.150139304509338,1.6032463564532433,1.6032463564532433,2.9914703709597346,2.9914703709597346,4.3088854278317434,4.3088854278317434,8.4872309369726189,8.4872309369726189,9172,9172,-35,-35,False,,,,,,,,,,
geodesic,main,Complete,10,20,-1,selected,300,geodesic,geodesic,geodesic,angular,native,mean_repeated,828,9347,0.013637800002470613,0.38577860011719167,42404f784999a220a357a4651e7f00e5e51a8bbbfeb39504d4db9d247edab140,58c9cb18fa2699fcbd84bfa705dcde0a228c12a817d3902893a9d28bc5ff732e,9691,9207,9272,419,95.676400784232797,True,65,5.2887458670137839,9.7419151062867559,12.190007045256866,14.722545220114231,16.184784924143841,90,760,,95.676400784232797,95.676400784232797,5.2887458670137839,5.2887458670137839,9.7419151062867559,9.7419151062867559,12.190007045256866,12.190007045256866,14.722545220114231,14.722545220114231,9118,9118,-89,-89,False,,,,,,,,,,
geodesic,main,Complete,5,47,-1,selected,300,geodesic,geodesic,geodesic,angular,native,mean_repeated,828,9347,0.016512100002728403,0.77681600005598739,2a23992a48d8860e93de5f0ee2ebd41c86a1a6b69432a90de7bbe0a03d91f92a,58c9cb18fa2699fcbd84bfa705dcde0a228c12a817d3902893a9d28bc5ff732e,9691,9207,9216,475,95.098545041791354,True,9,2.6163916202541242,4.9417748715123038,6.287573832660815,8.5872294367177151,8.5872294367177151,70,688,,95.098545041791354,95.098545041791354,2.6163916202541242,2.6163916202541242,4.9417748715123038,4.9417748715123038,6.287573832660815,6.287573832660815,8.5872294367177151,8.5872294367177151,9203,9203,-4,-4,False,,,,,,,,,,
geodesic,main,Complete,3,91,-1,selected,300,geodesic,geodesic,geodesic,angular,native,mean_repeated,828,9347,0.015581900021061301,1.6126261001336388,081cdf48e532d2843e7c3bf7282b602bc7ee81591c68e1ebf8120c27b6e33c36,58c9cb18fa2699fcbd84bfa705dcde0a228c12a817d3902893a9d28bc5ff732e,9691,9207,9230,461,95.243008977401715,True,23,1.559508303269332,2.9566808140430543,3.6296595093658208,5.0779494563070031,5.0779494563070031,63,643,,95.243008977401715,95.243008977401715,1.559508303269332,1.559508303269332,2.9566808140430543,2.9566808140430543,3.6296595093658208,3.6296595093658208,5.0779494563070031,5.0779494563070031,9203,9203,-4,-4,False,,,,,,,,,,
geodesic,main,Average,10,24,-1,selected,300,geodesic,geodesic,geodesic,angular,native,mean_repeated,828,9347,0.014712800038978457,0.38176679995376617,bbad85b8e9d443e6987b995cdd91e1646c4ed48caeb222bccff2b8bfdd2dd024,58c9cb18fa2699fcbd84bfa705dcde0a228c12a817d3902893a9d28bc5ff732e,9691,9207,9364,327,96.625735218243733,True,157,4.5570505264752779,9.416870835177841,11.477437126745047,12.603685179537075,15.379571120084384,61,376,,96.625735218243733,96.625735218243733,4.5570505264752779,4.5570505264752779,9.416870835177841,9.416870835177841,11.477437126745047,11.477437126745047,12.603685179537075,12.603685179537075,9131,9131,-76,-76,False,,,,,,,,,,
geodesic,main,Average,5,54,-1,selected,300,geodesic,geodesic,geodesic,angular,native,mean_repeated,828,9347,0.022147400013636798,0.97953180002514273,be4e0ee138183e8459a676ffa923bbba80dd71ba28077fad48246d78db9b7cf9,58c9cb18fa2699fcbd84bfa705dcde0a228c12a817d3902893a9d28bc5ff732e,9691,9207,9320,371,96.171705706325454,True,113,2.5849015754116285,4.8143134779463201,6.083833485766033,6.6105930289235442,7.2517681296265026,57,642,,96.171705706325454,96.171705706325454,2.5849015754116285,2.5849015754116285,4.8143134779463201,4.8143134779463201,6.083833485766033,6.083833485766033,6.6105930289235442,6.6105930289235442,9188,9188,-19,-19,False,,,,,,,,,,
geodesic,main,Average,3,101,-1,selected,300,geodesic,geodesic,geodesic,angular,native,mean_repeated,828,9347,0.016116999962832779,2.1041923000011593,5800ba46b2d624a6f5d1a073d420397897b3e1bf26463c25ef39138aa9813966,58c9cb18fa2699fcbd84bfa705dcde0a228c12a817d3902893a9d28bc5ff732e,9691,9207,9210,481,95.036631926529765,True,3,1.5174130889650703,2.9946245967156599,3.2346786550300455,4.6445153973569937,4.6602146976079473,44,406,,95.036631926529765,95.036631926529765,1.5174130889650703,1.5174130889650703,2.9946245967156599,2.9946245967156599,3.2346786550300455,3.2346786550300455,4.6445153973569937,4.6445153973569937,9199,9199,-8,-8,False,,,,,,,,,,
geodesic,main,P-Median,3,,,structurally_infeasible,300,geodesic,geodesic,geodesic,,,mean_repeated,828,,,,,,9691,9207,,,,,,,,,,,,,,,,,,,,,,,,,,,,,,9081,93.70549994840573,,,,,,,
geodesic,main,P-Median,10,23,-1,selected,300,geodesic,geodesic,geodesic,angular,native,mean_repeated,828,9347,0.31168580002849922,2.3633486002217978,ba3dc313316234e489067be682c64137b601ee28bded526df34a20fc728b125e,58c9cb18fa2699fcbd84bfa705dcde0a228c12a817d3902893a9d28bc5ff732e,9691,9207,9223,468,95.170777009596534,True,16,3.2204687491728707,9.5682457044478539,17.717416926650376,28.589697431748089,28.589697431748089,0,0,,95.170777009596534,95.170777009596534,3.2204687491728707,3.2204687491728707,9.5682457044478539,9.5682457044478539,17.717416926650376,17.717416926650376,28.589697431748089,28.589697431748089,9140,9140,-67,-67,False,,,,"[61, 406, 228, 614, 658, 286, 672, 355, 444, 105, 220, 177, 41, 511, 294, 264, 205, 542, 827, 120, 801, 824, 340]",True,31209.562648234292,9,47,no_improving_swap,
geodesic,main,P-Median,5,55,-1,selected,300,geodesic,geodesic,geodesic,angular,native,mean_repeated,828,9347,0.38264029996935278,17.39937750028912,3e256a646f0a1bfccabd99aee11bc9300844e9fcabddaf17aee1a1aa1773b565,58c9cb18fa2699fcbd84bfa705dcde0a228c12a817d3902893a9d28bc5ff732e,9691,9207,9234,457,95.284284387576108,True,27,1.709233159834159,4.8998174081466592,8.5964343707906377,16.527092856669388,16.527092856669388,0,0,,95.284284387576108,95.284284387576108,1.709233159834159,1.709233159834159,4.8998174081466592,4.8998174081466592,8.5964343707906377,8.5964343707906377,16.527092856669388,16.527092856669388,9202,9202,-5,-5,False,,,,"[530, 347, 230, 622, 402, 267, 667, 371, 461, 111, 392, 294, 41, 511, 264, 698, 205, 542, 827, 120, 422, 824, 328, 407, 658, 179, 801, 289, 633, 103, 494, 6, 373, 249, 280, 638, 240, 825, 440, 295, 577, 592, 40, 362, 672, 130, 222, 665, 316, 412, 28, 308, 758, 160, 50]",True,16564.178551952835,3,19,no_improving_swap,
geodesic,main,MCLP,3,,,structurally_infeasible,300,geodesic,geodesic,geodesic,,,mean_repeated,828,,,,,,9691,9207,,,,,,,,,,,,,,,,,,,,,,,,,,,,,,9081,93.70549994840573,,,,,,,
geodesic,main,MCLP,10,15,-1,selected,300,geodesic,geodesic,geodesic,angular,native,mean_repeated,828,9347,0.015954700007569045,0.032411699998192489,dd68065c7d886f79085e8e0fa0625c0710a3a268c7c5576732996a38ed85a448,58c9cb18fa2699fcbd84bfa705dcde0a228c12a817d3902893a9d28bc5ff732e,9691,9207,9251,440,95.459704880817256,True,44,6.0742055202912466,9.7959490847880009,22.875503177894078,50.560093169710782,50.560093169710782,0,0,,95.459704880817256,95.459704880817256,6.0742055202912466,6.0742055202912466,9.7959490847880009,9.7959490847880009,22.875503177894078,22.875503177894078,50.560093169710782,50.560093169710782,9190,9190,-17,-17,False,,,,,,,,,,dd68065c7d886f79085e8e0fa0625c0710a3a268c7c5576732996a38ed85a448
geodesic,main,MCLP,5,39,-1,selected,300,geodesic,geodesic,geodesic,angular,native,mean_repeated,828,9347,0.044121899991296232,0.055704200000036508,dd14f34f5e5f2d8486870bd9e8534663352941ccc155380ccb27818764bb8aea,58c9cb18fa2699fcbd84bfa705dcde0a228c12a817d3902893a9d28bc5ff732e,9691,9207,9214,477,95.077907336704158,True,7,2.986018244969368,4.9310887507861851,10.391448813789518,26.841497480351705,26.841497480351705,0,0,,95.077907336704158,95.077907336704158,2.986018244969368,2.986018244969368,4.9310887507861851,4.9310887507861851,10.391448813789518,10.391448813789518,26.841497480351705,26.841497480351705,9188,9188,-19,-19,False,,,,,,,,,,dd14f34f5e5f2d8486870bd9e8534663352941ccc155380ccb27818764bb8aea
geodesic_eval_only,main,K-Means,10,17,42,selected,300,geodesic,geodesic,euclidean_degrees,angular,native,mean_repeated,828,9347,0.028551399998832494,2.3319278000271879,5d2701e8ea434525c05cfdd594eb10f5861a5ad30ec4c49864cc27546d66a667,58c9cb18fa2699fcbd84bfa705dcde0a228c12a817d3902893a9d28bc5ff732e,9691,9207,9282,409,95.779589309668765,True,75,4.1787599453576085,9.4546293789713189,14.303580791489637,25.084406003716907,25.084406003716907,10,199,12,95.057269631616961,96.687648333505308,4.1775441263354001,4.2216176083592014,8.7124303523477771,9.9332131902487255,13.720761538713854,17.127316991083127,25.084406003716907,26.895767065574709,9176,9275,-31,68,False,Reviewer sensitivity: adjustment unchanged; WGS84 evaluation only,,,,,,,,,
geodesic_eval_only,main,K-Means,5,40,42,selected,300,geodesic,geodesic,euclidean_degrees,angular,native,mean_repeated,828,9347,0.076075699995271862,8.3895382000482641,baf9c032869861e80dbb6aba9b3d76f6047cbc0e5fa0d88002372ee79162f161,58c9cb18fa2699fcbd84bfa705dcde0a228c12a817d3902893a9d28bc5ff732e,9691,9207,9240,451,95.346197502837683,True,33,2.1841946142303295,4.8778026504602892,7.382387229545782,15.234148454152852,15.234148454152852,3,22,7,95.067588484160567,96.656691775874521,2.1652980198980929,2.240641131595531,4.655944797702638,4.9152017106848884,6.84495649456239,7.9699419567400041,15.234148454152852,16.758104040129371,9098,9303,-109,96,False,Reviewer sensitivity: adjustment unchanged; WGS84 evaluation only,,,,,,,,,
geodesic_eval_only,main,K-Means,3,82,42,selected,300,geodesic,geodesic,euclidean_degrees,angular,native,mean_repeated,828,9347,0.11544019996654242,32.08218089985894,82a52f91a7e44b8080a0519e4665b0c39ac5520a36c19218962fc00d1d89373b,58c9cb18fa2699fcbd84bfa705dcde0a228c12a817d3902893a9d28bc5ff732e,9691,9207,9262,429,95.573212258796815,True,55,1.3298985082813108,2.9678924099209554,3.8815056033264574,15.234148454152852,15.234148454152852,3,6,7,95.11918274687855,95.573212258796815,1.3017279469426646,1.3298985082813108,2.9527273378269037,2.981613876658185,3.8815056033264574,4.420520048813537,12.537201348975808,15.234148454152852,9193,9256,-14,49,False,Reviewer sensitivity: adjustment unchanged; WGS84 evaluation only,,,,,,,,,
geodesic_eval_only,main,Ward,10,17,-1,selected,300,geodesic,geodesic,euclidean_degrees,angular,native,mean_repeated,828,9347,0.013260899984743446,0.34982019994640723,47aa6a43ef2e7ef553e21c9df0441ff2bf044f9b1a4f98e09b524815392946b7,58c9cb18fa2699fcbd84bfa705dcde0a228c12a817d3902893a9d28bc5ff732e,9691,9207,9230,461,95.243008977401715,True,23,4.6424239218419014,9.8775531229953426,12.921123471733919,26.663496705627367,26.663496705627367,49,382,,95.243008977401715,95.243008977401715,4.6424239218419014,4.6424239218419014,9.8775531229953426,9.8775531229953426,12.921123471733919,12.921123471733919,26.663496705627367,26.663496705627367,9184,9184,-23,-23,False,Reviewer sensitivity: adjustment unchanged; WGS84 evaluation only,,,,,,,,,
geodesic_eval_only,main,Ward,5,42,-1,selected,300,geodesic,geodesic,euclidean_degrees,angular,native,mean_repeated,828,9347,0.01291809999383986,0.73479669989319518,eaa57e13495852e0e08e38ab3c25b59180f87a55f5958990fa089ad479f1d495,58c9cb18fa2699fcbd84bfa705dcde0a228c12a817d3902893a9d28bc5ff732e,9691,9207,9248,443,95.428748323186468,True,41,2.3800941850392525,4.9055310516184418,6.481720546786705,15.234148454152852,15.234148454152852,61,622,,95.428748323186468,95.428748323186468,2.3800941850392525,2.3800941850392525,4.9055310516184418,4.9055310516184418,6.481720546786705,6.481720546786705,15.234148454152852,15.234148454152852,9194,9194,-13,-13,False,Reviewer sensitivity: adjustment unchanged; WGS84 evaluation only,,,,,,,,,
geodesic_eval_only,main,Ward,3,80,-1,selected,300,geodesic,geodesic,euclidean_degrees,angular,native,mean_repeated,828,9347,0.019616900011897087,1.3741975000011735,10327f7c46c592165dad6c415439aaa091e991019fad7bc2e4fff254ac1ce081,58c9cb18fa2699fcbd84bfa705dcde0a228c12a817d3902893a9d28bc5ff732e,9691,9207,9221,470,95.150139304509338,True,14,1.6032463564532433,2.9914703709597346,4.3088854278317434,8.4872309369726189,8.4872309369726189,39,470,,95.150139304509338,95.150139304509338,1.6032463564532433,1.6032463564532433,2.9914703709597346,2.9914703709597346,4.3088854278317434,4.3088854278317434,8.4872309369726189,8.4872309369726189,9172,9172,-35,-35,False,Reviewer sensitivity: adjustment unchanged; WGS84 evaluation only,,,,,,,,,
geodesic_eval_only,main,Complete,10,19,-1,selected,300,geodesic,geodesic,haversine,angular,native,mean_repeated,828,9347,0.020091100013814867,0.35387010005069897,4bbf52a4efd5f12a9f60686e6055737d43070530bfbf85785ad6dc2385290617,58c9cb18fa2699fcbd84bfa705dcde0a228c12a817d3902893a9d28bc5ff732e,9691,9207,9285,406,95.810545867299552,True,78,4.8098667066876493,9.7684515528566322,12.025828441810456,14.722545220114231,15.379571120084384,65,560,,95.810545867299552,95.810545867299552,4.8098667066876493,4.8098667066876493,9.7684515528566322,9.7684515528566322,12.025828441810456,12.025828441810456,14.722545220114231,14.722545220114231,8878,8878,-329,-329,False,Reviewer sensitivity: adjustment unchanged; WGS84 evaluation only,,,,,,,,,
geodesic_eval_only,main,Complete,5,45,-1,selected,300,geodesic,geodesic,haversine,angular,native,mean_repeated,828,9347,0.016692300036083907,0.91712829988682643,c85c44416445f9d242a12d30edaccc5983f9d12c7e536005a350f9a7eceb39ea,58c9cb18fa2699fcbd84bfa705dcde0a228c12a817d3902893a9d28bc5ff732e,9691,9207,9209,482,95.026313073986174,True,2,2.742405518051696,4.9931928158759522,6.5204275714081295,8.5872294367177151,8.5872294367177151,76,539,,95.026313073986174,95.026313073986174,2.742405518051696,2.742405518051696,4.9931928158759522,4.9931928158759522,6.5204275714081295,6.5204275714081295,8.5872294367177151,8.5872294367177151,9160,9160,-47,-47,False,Reviewer sensitivity: adjustment unchanged; WGS84 evaluation only,,,,,,,,,
geodesic_eval_only,main,Complete,3,88,-1,selected,300,geodesic,geodesic,haversine,angular,native,mean_repeated,828,9347,0.017258599982596934,1.6786371998023242,b579f72e32856d3ceaa978fac0bc19dbd9194f5c659fdfaf40890f98fcc8b422,58c9cb18fa2699fcbd84bfa705dcde0a228c12a817d3902893a9d28bc5ff732e,9691,9207,9225,466,95.191414714683731,True,18,1.5311645134919005,2.943524865665883,3.8206769995587226,5.3493675199216888,5.3493675199216888,58,434,,95.191414714683731,95.191414714683731,1.5311645134919005,1.5311645134919005,2.943524865665883,2.943524865665883,3.8206769995587226,3.8206769995587226,5.3493675199216888,5.3493675199216888,9143,9143,-64,-64,False,Reviewer sensitivity: adjustment unchanged; WGS84 evaluation only,,,,,,,,,
geodesic_eval_only,main,Average,10,24,-1,selected,300,geodesic,geodesic,haversine,angular,native,mean_repeated,828,9347,0.022376900014933199,0.45781450014328584,57f3ff5da3aea1578214dc97bd7c2b25dcc5ab6afd2158dd82073ceebf31598a,58c9cb18fa2699fcbd84bfa705dcde0a228c12a817d3902893a9d28bc5ff732e,9691,9207,9364,327,96.625735218243733,True,157,4.5570505264752779,9.416870835177841,11.477437126745047,12.603685179537075,15.379571120084384,61,376,,96.625735218243733,96.625735218243733,4.5570505264752779,4.5570505264752779,9.416870835177841,9.416870835177841,11.477437126745047,11.477437126745047,12.603685179537075,12.603685179537075,9131,9131,-76,-76,False,Reviewer sensitivity: adjustment unchanged; WGS84 evaluation only,,,,,,,,,
geodesic_eval_only,main,Average,5,53,-1,selected,300,geodesic,geodesic,haversine,angular,native,mean_repeated,828,9347,0.021276699961163104,1.1555355999735184,25ce6bfbb8d71a51dea6ea5cff7515ea7bb4992b54eabfb7ad8dc9be21f8ac8a,58c9cb18fa2699fcbd84bfa705dcde0a228c12a817d3902893a9d28bc5ff732e,9691,9207,9320,371,96.171705706325454,True,113,2.5906687382249145,4.8143134779463201,6.083833485766033,6.6105930289235442,7.2517681296265026,57,642,,96.171705706325454,96.171705706325454,2.5906687382249145,2.5906687382249145,4.8143134779463201,4.8143134779463201,6.083833485766033,6.083833485766033,6.6105930289235442,6.6105930289235442,9188,9188,-19,-19,False,Reviewer sensitivity: adjustment unchanged; WGS84 evaluation only,,,,,,,,,
geodesic_eval_only,main,Average,3,101,-1,selected,300,geodesic,geodesic,haversine,angular,native,mean_repeated,828,9347,0.028923399979248643,2.2268591001629829,daa5962a741ee3500a75c9dbc566c02701afb3bfa57c8d6796331c3886aa05fb,58c9cb18fa2699fcbd84bfa705dcde0a228c12a817d3902893a9d28bc5ff732e,9691,9207,9210,481,95.036631926529765,True,3,1.5174130889650703,2.9946245967156599,3.2346786550300455,4.6445153973569937,4.6602146976079473,44,406,,95.036631926529765,95.036631926529765,1.5174130889650703,1.5174130889650703,2.9946245967156599,2.9946245967156599,3.2346786550300455,3.2346786550300455,4.6445153973569937,4.6445153973569937,9195,9195,-12,-12,False,Reviewer sensitivity: adjustment unchanged; WGS84 evaluation only,,,,,,,,,
geodesic_eval_only,main,P-Median,3,,,structurally_infeasible,300,geodesic,geodesic,haversine,,,mean_repeated,828,,,,,,9691,9207,,,,,,,,,,,,,,,,,,,,,,,,,,,,,Reviewer sensitivity: adjustment unchanged; WGS84 evaluation only,9081,93.70549994840573,,,,,,,
geodesic_eval_only,main,P-Median,10,23,-1,selected,300,geodesic,geodesic,haversine,angular,native,mean_repeated,828,9347,0.43282009998802096,3.6592172001255676,1fd596d5cdde6936406a24c053724f57cef23d04ba7e1dd6d1b8950dd72244bc,58c9cb18fa2699fcbd84bfa705dcde0a228c12a817d3902893a9d28bc5ff732e,9691,9207,9223,468,95.170777009596534,True,16,3.2204687491728707,9.5682457044478539,17.717416926650376,28.589697431748089,28.589697431748089,1,2,,95.170777009596534,95.170777009596534,3.2204687491728707,3.2204687491728707,9.5682457044478539,9.5682457044478539,17.717416926650376,17.717416926650376,28.589697431748089,28.589697431748089,9140,9140,-67,-67,False,Reviewer sensitivity: adjustment unchanged; WGS84 evaluation only,,,"[61, 406, 228, 614, 658, 286, 672, 355, 444, 105, 220, 177, 41, 511, 294, 264, 205, 542, 827, 120, 801, 824, 340]",True,31234.486389203321,9,47,no_improving_swap,
geodesic_eval_only,main,P-Median,5,55,-1,selected,300,geodesic,geodesic,haversine,angular,native,mean_repeated,828,9347,0.3957695999997668,19.988629600033164,1e8a3f126e8dd480a422829cf93bcd1f180c0bf688e4225a620e76f4ea10024f,58c9cb18fa2699fcbd84bfa705dcde0a228c12a817d3902893a9d28bc5ff732e,9691,9207,9234,457,95.284284387576108,True,27,1.709233159834159,4.8998174081466592,8.5964343707906377,16.527092856669388,16.527092856669388,1,1,,95.284284387576108,95.284284387576108,1.709233159834159,1.709233159834159,4.8998174081466592,4.8998174081466592,8.5964343707906377,8.5964343707906377,16.527092856669388,16.527092856669388,9202,9202,-5,-5,False,Reviewer sensitivity: adjustment unchanged; WGS84 evaluation only,,,"[530, 347, 230, 622, 402, 267, 667, 371, 461, 111, 392, 294, 41, 511, 264, 698, 205, 542, 827, 120, 422, 824, 328, 407, 658, 179, 801, 289, 633, 103, 494, 6, 373, 249, 280, 638, 240, 825, 440, 295, 577, 592, 40, 362, 672, 130, 222, 665, 316, 412, 28, 308, 758, 160, 50]",True,16585.976993627308,3,19,no_improving_swap,
geodesic_eval_only,main,MCLP,3,,,structurally_infeasible,300,geodesic,geodesic,haversine,,,mean_repeated,828,,,,,,9691,9207,,,,,,,,,,,,,,,,,,,,,,,,,,,,,Reviewer sensitivity: adjustment unchanged; WGS84 evaluation only,9081,93.70549994840573,,,,,,,
geodesic_eval_only,main,MCLP,10,15,-1,selected,300,geodesic,geodesic,haversine,angular,native,mean_repeated,828,9347,0.030089000007137656,0.050738499965518713,88e323412b7d09f0eaef77fdf5731d0bf094772cc2a8da39a51683f04edbe14b,58c9cb18fa2699fcbd84bfa705dcde0a228c12a817d3902893a9d28bc5ff732e,9691,9207,9251,440,95.459704880817256,True,44,6.0742055202912466,9.7959490847880009,22.875503177894078,50.560093169710782,50.560093169710782,0,0,,95.459704880817256,95.459704880817256,6.0742055202912466,6.0742055202912466,9.7959490847880009,9.7959490847880009,22.875503177894078,22.875503177894078,50.560093169710782,50.560093169710782,9190,9190,-17,-17,False,Reviewer sensitivity: adjustment unchanged; WGS84 evaluation only,,,,,,,,,88e323412b7d09f0eaef77fdf5731d0bf094772cc2a8da39a51683f04edbe14b
geodesic_eval_only,main,MCLP,5,40,-1,selected,300,geodesic,geodesic,haversine,angular,native,mean_repeated,828,9347,0.062156800006050617,0.076159199990797788,338af4208a7d419c473277c898297c4563ad55d7a929b1eaed635c517f96d201,58c9cb18fa2699fcbd84bfa705dcde0a228c12a817d3902893a9d28bc5ff732e,9691,9207,9224,467,95.181095862140126,True,17,2.9733553159576811,4.9310887507861851,10.391448813789518,26.841497480351705,26.841497480351705,0,0,,95.181095862140126,95.181095862140126,2.9733553159576811,2.9733553159576811,4.9310887507861851,4.9310887507861851,10.391448813789518,10.391448813789518,26.841497480351705,26.841497480351705,9204,9204,-3,-3,False,Reviewer sensitivity: adjustment unchanged; WGS84 evaluation only,,,,,,,,,338af4208a7d419c473277c898297c4563ad55d7a929b1eaed635c517f96d201
median,main,K-Means,10,16,42,selected,300,haversine,haversine,euclidean_degrees,angular,native,median,828,9347,0.036889900045935065,2.0597015000530519,6a6cb7dbb6af8785cc2ef8080018e295b980e77e38131e393498d78f93db2397,58c9cb18fa2699fcbd84bfa705dcde0a228c12a817d3902893a9d28bc5ff732e,9691,9207,9239,452,95.335878650294092,True,32,4.4136554780930952,9.9513131015788705,16.696351784091469,26.42294516320559,26.42294516320559,9,103,24,95.098545041791354,95.387472913012076,4.3770356837530837,4.4780644733348192,9.6772895226670208,9.9551668077322901,13.17919832371528,16.718426843849201,26.367727112413373,26.42294516320559,9138,9185,-69,-22,False,Same immutable main order cohort,,,,,,,,,
median,main,K-Means,5,40,42,selected,300,haversine,haversine,euclidean_degrees,angular,native,median,828,9347,0.042190400010440499,6.6853751000016928,27858c59e0028d4c7c48aec45b1ced767123f549dd4b7a69be26bcae47af9076,58c9cb18fa2699fcbd84bfa705dcde0a228c12a817d3902893a9d28bc5ff732e,9691,9207,9233,458,95.273965535032502,True,26,2.1960649444914067,4.9311497410320086,7.8374649987114395,15.676243134936634,15.676243134936634,4,17,8,95.273965535032502,95.924053245279126,2.1960649444914067,2.2611650308704556,4.7407349418144458,4.9637488325131507,6.5702423445267373,7.8374649987114395,15.676243134936634,15.676243134936634,9157,9280,-50,73,False,Same immutable main order cohort,,,,,,,,,
median,main,K-Means,3,84,42,selected,300,haversine,haversine,euclidean_degrees,angular,native,median,828,9347,0.094932699983473867,24.678034000156913,65430763d42b66d5f26dc9dfd8e476dfa4dd0516569769c322648a5efabafcd6,58c9cb18fa2699fcbd84bfa705dcde0a228c12a817d3902893a9d28bc5ff732e,9691,9207,9226,465,95.201733567227322,True,19,1.297064148823055,2.9544610898557577,3.9084313726004427,15.676243134936634,15.676243134936634,9,41,6,95.088226189247749,95.779589309668765,1.2804679661185221,1.3066789524527778,2.8989206314083296,2.9789857687234993,3.8379317665871571,4.0274213553967835,12.984836942623341,15.676243134936634,9146,9240,-61,33,False,Same immutable main order cohort,,,,,,,,,
median,main,Ward,10,17,-1,selected,300,haversine,haversine,euclidean_degrees,angular,native,median,828,9347,0.01216689997818321,0.20515980012714863,0a24a693034d6dfb8debfc86b6e6108c5c5ee68ca51798f228e2b27f5abe53d6,58c9cb18fa2699fcbd84bfa705dcde0a228c12a817d3902893a9d28bc5ff732e,9691,9207,9318,373,96.151068001238258,True,111,4.6349658145973818,9.8166444891784259,12.750059599392509,27.260199209182673,27.260199209182673,52,352,,96.151068001238258,96.151068001238258,4.6349658145973818,4.6349658145973818,9.8166444891784259,9.8166444891784259,12.750059599392509,12.750059599392509,27.260199209182673,27.260199209182673,9195,9195,-12,-12,False,Same immutable main order cohort,,,,,,,,,
median,main,Ward,5,41,-1,selected,300,haversine,haversine,euclidean_degrees,angular,native,median,828,9347,0.013785000017378479,0.51305259991204366,8428e288077e600830bd29ff355901b90f52c77ae051389ed8c5232aa3495477,58c9cb18fa2699fcbd84bfa705dcde0a228c12a817d3902893a9d28bc5ff732e,9691,9207,9231,460,95.253327829945306,True,24,2.432714067736967,4.9723422987813537,7.5213520320747991,16.151207580081223,16.418279847770268,47,547,,95.253327829945306,95.253327829945306,2.432714067736967,2.432714067736967,4.9723422987813537,4.9723422987813537,7.5213520320747991,7.5213520320747991,16.151207580081223,16.151207580081223,9203,9203,-4,-4,False,Same immutable main order cohort,,,,,,,,,
median,main,Ward,3,86,-1,selected,300,haversine,haversine,euclidean_degrees,angular,native,median,828,9347,0.01354190002894029,1.2623340001446195,7ee1913833bcdae457df59f77f50f132a4dec4fe0162be8e0f2303121818ec3c,58c9cb18fa2699fcbd84bfa705dcde0a228c12a817d3902893a9d28bc5ff732e,9691,9207,9221,470,95.150139304509338,True,14,1.4489354740821159,2.9646017398975473,3.9084313726008282,8.1586292684629225,8.1586292684629225,39,377,,95.150139304509338,95.150139304509338,1.4489354740821159,1.4489354740821159,2.9646017398975473,2.9646017398975473,3.9084313726008282,3.9084313726008282,8.1586292684629225,8.1586292684629225,9186,9186,-21,-21,False,Same immutable main order cohort,,,,,,,,,
median,main,Complete,10,22,-1,selected,300,haversine,haversine,haversine,angular,native,median,828,9347,0.014992499956861138,0.42976789991371334,7ff06088878649b3c62475fdff272c16ada9d2a2be70364269042662f1b05e70,58c9cb18fa2699fcbd84bfa705dcde0a228c12a817d3902893a9d28bc5ff732e,9691,9207,9250,441,95.449386028273651,True,43,4.6433193457361357,9.5243434297900702,11.769030294525397,15.676243134936351,15.676243134936351,86,539,,95.449386028273651,95.449386028273651,4.6433193457361357,4.6433193457361357,9.5243434297900702,9.5243434297900702,11.769030294525397,11.769030294525397,15.676243134936351,15.676243134936351,9183,9183,-24,-24,False,Same immutable main order cohort,,,,,,,,,
median,main,Complete,5,46,-1,selected,300,haversine,haversine,haversine,angular,native,median,828,9347,0.024381400027778,0.90041470003779978,de1c48bde8c730e652c6b6216d877ef45d4e8467481ad2cf4a94f27eb2a34aac,58c9cb18fa2699fcbd84bfa705dcde0a228c12a817d3902893a9d28bc5ff732e,9691,9207,9238,453,95.325559797750486,True,31,2.759993670385589,4.9623214272608278,6.2592196314225932,8.1586292684629225,8.1586292684629225,58,968,,95.325559797750486,95.325559797750486,2.759993670385589,2.759993670385589,4.9623214272608278,4.9623214272608278,6.2592196314225932,6.2592196314225932,8.1586292684629225,8.1586292684629225,9128,9128,-79,-79,False,Same immutable main order cohort,,,,,,,,,
median,main,Complete,3,87,-1,selected,300,haversine,haversine,haversine,angular,native,median,828,9347,0.021605800022371113,1.8178196998778731,e66d743bcc67bf6e18526c1fd86242b37a95aa9d57eaa6276a0aa50c662c94fe,58c9cb18fa2699fcbd84bfa705dcde0a228c12a817d3902893a9d28bc5ff732e,9691,9207,9237,454,95.315240945206895,True,30,1.6029890342391926,2.9810079707983688,3.6527976764944543,5.7407977037313707,5.7407977037313707,55,627,,95.315240945206895,95.315240945206895,1.6029890342391926,1.6029890342391926,2.9810079707983688,2.9810079707983688,3.6527976764944543,3.6527976764944543,5.7407977037313707,5.7407977037313707,9181,9181,-26,-26,False,Same immutable main order cohort,,,,,,,,,
median,main,Average,10,24,-1,selected,300,haversine,haversine,haversine,angular,native,median,828,9347,0.019970100023783743,0.47129299998050556,0a68dc0b2de98023311db18c4cd3dc1cd104cbb5b6b47a91108247ae46940b56,58c9cb18fa2699fcbd84bfa705dcde0a228c12a817d3902893a9d28bc5ff732e,9691,9207,9455,236,97.564750799711078,True,248,4.5373343962963766,8.7911609005299169,11.711841227494705,16.571330698323482,16.571330698323482,59,318,,97.564750799711078,97.564750799711078,4.5373343962963766,4.5373343962963766,8.7911609005299169,8.7911609005299169,11.711841227494705,11.711841227494705,16.571330698323482,16.571330698323482,9205,9205,-2,-2,False,Same immutable main order cohort,,,,,,,,,
median,main,Average,5,53,-1,selected,300,haversine,haversine,haversine,angular,native,median,828,9347,0.023741100041661412,0.98673090006923303,e861d8818bf85d362eb1b3ab3c772bc4e6cd93629e4be0a2544b4fb9b8854765,58c9cb18fa2699fcbd84bfa705dcde0a228c12a817d3902893a9d28bc5ff732e,9691,9207,9267,424,95.624806521514813,True,60,2.5949766432854702,4.8679224332777817,6.2592196314225932,7.3615865020836493,8.1602986519980334,65,770,,95.624806521514813,95.624806521514813,2.5949766432854702,2.5949766432854702,4.8679224332777817,4.8679224332777817,6.2592196314225932,6.2592196314225932,7.3615865020836493,7.3615865020836493,9160,9160,-47,-47,False,Same immutable main order cohort,,,,,,,,,
median,main,Average,3,98,-1,selected,300,haversine,haversine,haversine,angular,native,median,828,9347,0.016952699981629848,1.8881064998568036,4e9de02956dcdc4610ce021bcb0540072ea97589928c39d4cd417ba64efadcad,58c9cb18fa2699fcbd84bfa705dcde0a228c12a817d3902893a9d28bc5ff732e,9691,9207,9207,484,95.005675368898977,True,0,1.5078440493803604,2.9841715998132248,3.5100665475836297,4.8733141755553122,4.9699047944286407,52,567,,95.005675368898977,95.005675368898977,1.5078440493803604,1.5078440493803604,2.9841715998132248,2.9841715998132248,3.5100665475836297,3.5100665475836297,4.8733141755553122,4.8733141755553122,9191,9191,-16,-16,False,Same immutable main order cohort,,,,,,,,,
median,main,P-Median,3,,,structurally_infeasible,300,haversine,haversine,haversine,,,median,828,,,,,,9691,9207,,,,,,,,,,,,,,,,,,,,,,,,,,,,,,9076,93.653905685687747,,,,,,,
median,main,P-Median,10,23,-1,selected,300,haversine,haversine,haversine,angular,native,median,828,9347,0.18608769995626062,2.8796492998953909,74285d4cd5aed8b3b0cbcf823bb83a49933f4fbe574abd9f1b23482c62672d38,58c9cb18fa2699fcbd84bfa705dcde0a228c12a817d3902893a9d28bc5ff732e,9691,9207,9249,442,95.439067175730059,True,42,3.235542733960008,9.2373719720299974,18.456434652129058,29.994586323344933,29.994586323344933,0,0,,95.439067175730059,95.439067175730059,3.235542733960008,3.235542733960008,9.2373719720299974,9.2373719720299974,18.456434652129058,18.456434652129058,29.994586323344933,29.994586323344933,9200,9200,-7,-7,False,Same immutable main order cohort,,,"[62, 334, 25, 614, 406, 732, 286, 355, 444, 105, 294, 216, 39, 264, 205, 511, 698, 121, 827, 417, 542, 824, 177]",True,31355.644634806438,4,23,no_improving_swap,
median,main,P-Median,5,53,-1,selected,300,haversine,haversine,haversine,angular,native,median,828,9347,0.49600480002118275,18.051206799864303,14a138c608a69c23eb0b6ab354ac161cd92db7d309001dba43cbef321c5ef6d4,58c9cb18fa2699fcbd84bfa705dcde0a228c12a817d3902893a9d28bc5ff732e,9691,9207,9233,458,95.273965535032502,True,26,1.7538357362694592,4.8401222453322124,9.5767671756996116,18.037726380963004,18.037726380963004,0,0,,95.273965535032502,95.273965535032502,1.7538357362694592,1.7538357362694592,4.8401222453322124,4.8401222453322124,9.5767671756996116,9.5767671756996116,18.037726380963004,18.037726380963004,9184,9184,-23,-23,False,Same immutable main order cohort,,,"[63, 345, 230, 622, 402, 667, 267, 371, 461, 111, 294, 222, 308, 264, 205, 511, 698, 120, 827, 422, 542, 824, 179, 406, 289, 336, 638, 801, 249, 366, 633, 6, 103, 494, 655, 282, 825, 240, 442, 373, 295, 39, 592, 577, 130, 672, 665, 316, 530, 30, 493, 160, 358]",True,16996.42212018733,5,31,no_improving_swap,
median,main,MCLP,3,,,structurally_infeasible,300,haversine,haversine,haversine,,,median,828,,,,,,9691,9207,,,,,,,,,,,,,,,,,,,,,,,,,,,,,,9076,93.653905685687747,,,,,,,
median,main,MCLP,10,14,-1,selected,300,haversine,haversine,haversine,angular,native,median,828,9347,0.01758370001334697,0.034607800014782697,83fa001ceda299bf4415701f98668d97c7cb45940919b0341729656f3b3e682c,58c9cb18fa2699fcbd84bfa705dcde0a228c12a817d3902893a9d28bc5ff732e,9691,9207,9227,464,95.212052419770927,True,20,5.9699946165547138,9.9342746161043181,21.975636712892037,50.831537644512849,50.831537644512849,0,0,,95.212052419770927,95.212052419770927,5.9699946165547138,5.9699946165547138,9.9342746161043181,9.9342746161043181,21.975636712892037,21.975636712892037,50.831537644512849,50.831537644512849,9154,9154,-53,-53,False,Same immutable main order cohort,,,,,,,,,83fa001ceda299bf4415701f98668d97c7cb45940919b0341729656f3b3e682c
median,main,MCLP,5,40,-1,selected,300,haversine,haversine,haversine,angular,native,median,828,9347,0.050085800001397729,0.071172799973282963,b65c1b225209fd9ca4b237fcb04bb15dc9a0c26e977410fd67edea3b71764cd5,58c9cb18fa2699fcbd84bfa705dcde0a228c12a817d3902893a9d28bc5ff732e,9691,9207,9218,473,95.11918274687855,True,11,2.842040631264064,4.9263537361571048,11.769711721787958,27.3572910885696,27.3572910885696,0,0,,95.11918274687855,95.11918274687855,2.842040631264064,2.842040631264064,4.9263537361571048,4.9263537361571048,11.769711721787958,11.769711721787958,27.3572910885696,27.3572910885696,9193,9193,-14,-14,False,Same immutable main order cohort,,,,,,,,,b65c1b225209fd9ca4b237fcb04bb15dc9a0c26e977410fd67edea3b71764cd5
dedup_full,main,K-Means,10,17,42,selected,300,haversine,haversine,euclidean_degrees,angular,native,dedup_full,828,9347,0.029318600019905716,1.7504492997541092,78d59191af87ae23e73f48299c53ec528c185249955dfab31d6365f88815ddbf,58c9cb18fa2699fcbd84bfa705dcde0a228c12a817d3902893a9d28bc5ff732e,9691,9207,9320,371,96.171705706325454,True,113,4.1192285968172797,9.0674576767936337,14.530927057810516,25.653664818717161,25.653664818717161,7,96,12,95.800227014755961,96.522546692807765,4.1192285968172797,4.189526744407484,8.7359421415379277,9.6631797562600745,14.530927057810516,16.94998044306228,25.653664818717161,27.596305736757291,9166,9288,-41,81,False,Same immutable main order cohort,,,,,,,,,
dedup_full,main,K-Means,5,42,42,selected,300,haversine,haversine,euclidean_degrees,angular,native,dedup_full,828,9347,0.08242309995694086,7.6846991996862926,6e170ea181f36ee606146208b66545f8f3fbe5e33d8f66f41a2cd2bb3103522d,58c9cb18fa2699fcbd84bfa705dcde0a228c12a817d3902893a9d28bc5ff732e,9691,9207,9317,374,96.140749148694667,True,110,2.148733064204249,4.7368419313121324,7.1113523609108737,15.220649133420384,15.220649133420384,3,7,8,95.758951604581569,96.243937674130635,2.1120953560235027,2.1709986128786278,4.6675660015054765,4.7519823434811981,6.3516222208305289,7.2324784996052882,15.220649133420384,16.269497927200682,9199,9350,-8,143,False,Same immutable main order cohort,,,,,,,,,
dedup_full,main,K-Means,3,84,42,selected,300,haversine,haversine,euclidean_degrees,angular,native,dedup_full,828,9347,0.1060122000053525,28.411247599229682,bdc4b525320c6591eb974de1c14115b8ba6c0e29c68ac1b4ad36dd6453d2d9d8,58c9cb18fa2699fcbd84bfa705dcde0a228c12a817d3902893a9d28bc5ff732e,9691,9207,9231,460,95.253327829945306,True,24,1.2820850908111863,2.9899544169019525,3.8023910053758736,12.546398533021193,12.546398533021193,5,67,8,95.015994221442583,95.635125374058404,1.2735523987381943,1.3004533370159033,2.8751151665908012,2.9981339086324672,3.8023910053758736,4.467342307791605,12.546398533021193,13.254198404270666,9190,9295,-17,88,False,Same immutable main order cohort,,,,,,,,,
dedup_full,main,Ward,10,16,-1,selected,300,haversine,haversine,euclidean_degrees,angular,native,dedup_full,828,9347,0.011407300014980137,0.24359410011675209,a384f6423903385516079067f158709d950910aa044f84dc9ecdea8879532138,58c9cb18fa2699fcbd84bfa705dcde0a228c12a817d3902893a9d28bc5ff732e,9691,9207,9229,462,95.232690124858109,True,22,4.894644214529972,9.7648384936367929,13.522491304428517,27.031411880307175,27.031411880307175,40,369,,95.232690124858109,95.232690124858109,4.894644214529972,4.894644214529972,9.7648384936367929,9.7648384936367929,13.522491304428517,13.522491304428517,27.031411880307175,27.031411880307175,8905,8905,-302,-302,False,Same immutable main order cohort,,,,,,,,,
dedup_full,main,Ward,5,45,-1,selected,300,haversine,haversine,euclidean_degrees,angular,native,dedup_full,828,9347,0.012105899979360402,0.70127779984613881,a4eaa6b8e6fb3c31b5fda1cf9c04c8503abe0da7a0b577892d51c75967259c3d,58c9cb18fa2699fcbd84bfa705dcde0a228c12a817d3902893a9d28bc5ff732e,9691,9207,9226,465,95.201733567227322,True,19,2.3434509127186489,4.9076028065042792,6.4075460328676366,15.220649133420384,15.220649133420384,75,766,,95.201733567227322,95.201733567227322,2.3434509127186489,2.3434509127186489,4.9076028065042792,4.9076028065042792,6.4075460328676366,6.4075460328676366,15.220649133420384,15.220649133420384,9138,9138,-69,-69,False,Same immutable main order cohort,,,,,,,,,
dedup_full,main,Ward,3,88,-1,selected,300,haversine,haversine,euclidean_degrees,angular,native,dedup_full,828,9347,0.013210500008426607,1.4570328997215256,4ab561dcb4bb34f2a3e962f970ebdfe3a7b9d4a90dfe8de49454cadc54ceeda5,58c9cb18fa2699fcbd84bfa705dcde0a228c12a817d3902893a9d28bc5ff732e,9691,9207,9220,471,95.139820451965747,True,13,1.4909011644484427,2.9981339086324672,3.9209376316124556,6.3690997637078173,6.3690997637078173,58,655,,95.139820451965747,95.139820451965747,1.4909011644484427,1.4909011644484427,2.9981339086324672,2.9981339086324672,3.9209376316124556,3.9209376316124556,6.3690997637078173,6.3690997637078173,9187,9187,-20,-20,False,Same immutable main order cohort,,,,,,,,,
dedup_full,main,Complete,10,17,-1,selected,300,haversine,haversine,haversine,angular,native,dedup_full,828,9347,0.015553599980194122,0.29459429992130026,ec8ce9c90d5752c27d8e7861ac7708a704639bd4a6005827bb8dc69c18efac3f,58c9cb18fa2699fcbd84bfa705dcde0a228c12a817d3902893a9d28bc5ff732e,9691,9207,9220,471,95.139820451965747,True,13,5.7254806460982888,9.9558199309187092,12.04630367533281,18.2649040958567,18.2649040958567,108,1094,,95.139820451965747,95.139820451965747,5.7254806460982888,5.7254806460982888,9.9558199309187092,9.9558199309187092,12.04630367533281,12.04630367533281,18.2649040958567,18.2649040958567,9160,9160,-47,-47,False,Same immutable main order cohort,,,,,,,,,
dedup_full,main,Complete,5,45,-1,selected,300,haversine,haversine,haversine,angular,native,dedup_full,828,9347,0.017741199990268797,0.8476422997773625,0e9e0ac7a92ded72727e8090e25b9a408533233aae784c149e49c80fd0464cb4,58c9cb18fa2699fcbd84bfa705dcde0a228c12a817d3902893a9d28bc5ff732e,9691,9207,9230,461,95.243008977401715,True,23,2.8371921177949178,4.9981868685613522,5.9445061325068203,7.6038009841072016,8.2593842033794242,71,799,,95.243008977401715,95.243008977401715,2.8371921177949178,2.8371921177949178,4.9981868685613522,4.9981868685613522,5.9445061325068203,5.9445061325068203,7.6038009841072016,7.6038009841072016,9182,9182,-25,-25,False,Same immutable main order cohort,,,,,,,,,
dedup_full,main,Complete,3,91,-1,selected,300,haversine,haversine,haversine,angular,native,dedup_full,828,9347,0.018105499970261008,1.7261437998968177,79156ca46291654a3304b995a3c2b7198d84e93e1ae271001de472d0a569c6e3,58c9cb18fa2699fcbd84bfa705dcde0a228c12a817d3902893a9d28bc5ff732e,9691,9207,9217,474,95.108863894334945,True,10,1.5429350245088698,2.9981339086324672,3.5833443512734604,5.0418556340918963,5.0418556340918963,57,677,,95.108863894334945,95.108863894334945,1.5429350245088698,1.5429350245088698,2.9981339086324672,2.9981339086324672,3.5833443512734604,3.5833443512734604,5.0418556340918963,5.0418556340918963,9188,9188,-19,-19,False,Same immutable main order cohort,,,,,,,,,
dedup_full,main,Average,10,21,-1,selected,300,haversine,haversine,haversine,angular,native,dedup_full,828,9347,0.014042800001334399,0.33057500002905726,9bf5c16148b3f10aeb409afeb939cf8efb17c9207f54c7d177e77c4d8676b6bb,58c9cb18fa2699fcbd84bfa705dcde0a228c12a817d3902893a9d28bc5ff732e,9691,9207,9395,296,96.945619647095242,True,188,5.0302028502090694,9.2321010054974639,11.644795682156358,13.15836816157702,16.479658136368961,70,656,,96.945619647095242,96.945619647095242,5.0302028502090694,5.0302028502090694,9.2321010054974639,9.2321010054974639,11.644795682156358,11.644795682156358,13.15836816157702,13.15836816157702,9122,9122,-85,-85,False,Same immutable main order cohort,,,,,,,,,
dedup_full,main,Average,5,48,-1,selected,300,haversine,haversine,haversine,angular,native,dedup_full,828,9347,0.019614799995906651,0.91361719998531044,e59d85fac5ad097afd112b46d52e6f7ad00bbf9d8805ad1e921b44372f9eb82b,58c9cb18fa2699fcbd84bfa705dcde0a228c12a817d3902893a9d28bc5ff732e,9691,9207,9250,441,95.449386028273651,True,43,2.7040341321810692,4.9303274924868985,6.4075460328676366,8.3586331588298552,8.3586331588298552,46,373,,95.449386028273651,95.449386028273651,2.7040341321810692,2.7040341321810692,4.9303274924868985,4.9303274924868985,6.4075460328676366,6.4075460328676366,8.3586331588298552,8.3586331588298552,8750,8750,-457,-457,False,Same immutable main order cohort,,,,,,,,,
dedup_full,main,Average,3,101,-1,selected,300,haversine,haversine,haversine,angular,native,dedup_full,828,9347,0.02282999997260049,1.8879298000829294,bde047941ea48e366a9e44e3aee3afc8f5e5cc8f13fdefd5032a4f1c06b86035,58c9cb18fa2699fcbd84bfa705dcde0a228c12a817d3902893a9d28bc5ff732e,9691,9207,9240,451,95.346197502837683,True,33,1.5573867259382461,2.976176451007456,3.3270952810843895,4.3627992126413799,4.4699322431421677,36,400,,95.346197502837683,95.346197502837683,1.5573867259382461,1.5573867259382461,2.976176451007456,2.976176451007456,3.3270952810843895,3.3270952810843895,4.3627992126413799,4.3627992126413799,9188,9188,-19,-19,False,Same immutable main order cohort,,,,,,,,,
dedup_full,main,P-Median,3,,,structurally_infeasible,300,haversine,haversine,haversine,,,dedup_full,828,,,,,,9691,9207,,,,,,,,,,,,,,,,,,,,,,,,,,,,,,9082,93.715818800949336,,,,,,,
dedup_full,main,P-Median,10,24,-1,selected,300,haversine,haversine,haversine,angular,native,dedup_full,828,9347,0.21624500001780689,3.7576705001411028,6a74f954c291bfcb36fceb6e1078875c9275953f0f4d0dd65a4f0ce000508a77,58c9cb18fa2699fcbd84bfa705dcde0a228c12a817d3902893a9d28bc5ff732e,9691,9207,9237,454,95.315240945206895,True,30,3.0983461067375893,9.6831063096849075,17.787399318120368,29.118178739705382,29.118178739705382,0,0,,95.315240945206895,95.315240945206895,3.0983461067375893,3.0983461067375893,9.6831063096849075,9.6831063096849075,17.787399318120368,17.787399318120368,29.118178739705382,29.118178739705382,9149,9149,-58,-58,False,Same immutable main order cohort,,,"[61, 177, 406, 614, 240, 286, 672, 444, 355, 104, 294, 39, 511, 801, 205, 121, 264, 542, 827, 248, 23, 658, 824, 340]",True,30026.072120393976,4,32,no_improving_swap,
dedup_full,main,P-Median,5,54,-1,selected,300,haversine,haversine,haversine,angular,native,dedup_full,828,9347,0.45442659995751455,15.641115300240926,10c418cde328191eb1633e13f81ba692451ed8670e33906c595df6b014bcc0d5,58c9cb18fa2699fcbd84bfa705dcde0a228c12a817d3902893a9d28bc5ff732e,9691,9207,9207,484,95.005675368898977,True,0,1.7281305338747777,4.9998192328232509,8.6848198316651501,17.835411458695276,17.835411458695276,0,0,,95.005675368898977,95.005675368898977,1.7281305338747777,1.7281305338747777,4.9998192328232509,4.9998192328232509,8.6848198316651501,8.6848198316651501,17.835411458695276,17.835411458695276,9183,9183,-24,-24,False,Same immutable main order cohort,,,"[50, 347, 261, 622, 238, 267, 667, 461, 371, 111, 294, 31, 511, 698, 205, 120, 264, 542, 827, 249, 5, 422, 824, 335, 658, 179, 801, 103, 633, 494, 402, 295, 373, 222, 440, 638, 825, 280, 577, 39, 592, 230, 213, 366, 672, 130, 289, 665, 316, 406, 412, 530, 171, 358]",True,16747.313003780469,4,33,no_improving_swap,
dedup_full,main,MCLP,3,,,structurally_infeasible,300,haversine,haversine,haversine,,,dedup_full,828,,,,,,9691,9207,,,,,,,,,,,,,,,,,,,,,,,,,,,,,,9082,93.715818800949336,,,,,,,
dedup_full,main,MCLP,10,14,-1,selected,300,haversine,haversine,haversine,angular,native,dedup_full,828,9347,0.03000979998614639,0.05263389996252954,a69f3409b2e2476ed457b45735f3582cc8e107eb5513daa5abaf74dac62b5266,58c9cb18fa2699fcbd84bfa705dcde0a228c12a817d3902893a9d28bc5ff732e,9691,9207,9213,478,95.067588484160567,True,6,6.0979838413042193,9.9268294944779338,22.555582920709462,50.711250374849634,50.711250374849634,0,0,,95.067588484160567,95.067588484160567,6.0979838413042193,6.0979838413042193,9.9268294944779338,9.9268294944779338,22.555582920709462,22.555582920709462,50.711250374849634,50.711250374849634,9149,9149,-58,-58,False,Same immutable main order cohort,,,,,,,,,a69f3409b2e2476ed457b45735f3582cc8e107eb5513daa5abaf74dac62b5266
dedup_full,main,MCLP,5,40,-1,selected,300,haversine,haversine,haversine,angular,native,dedup_full,828,9347,0.067785099963657558,0.081232199969235808,712b37e2660b6ea7986fd9c1bdcd4b28844fc2c4bcb0cc947a4aa43b16eb141d,58c9cb18fa2699fcbd84bfa705dcde0a228c12a817d3902893a9d28bc5ff732e,9691,9207,9211,480,95.04695077907337,True,4,2.8895799344947135,4.9974072034268238,10.34145325230679,27.205991911052937,27.205991911052937,0,0,,95.04695077907337,95.04695077907337,2.8895799344947135,2.8895799344947135,4.9974072034268238,4.9974072034268238,10.34145325230679,10.34145325230679,27.205991911052937,27.205991911052937,9187,9187,-20,-20,False,Same immutable main order cohort,,,,,,,,,712b37e2660b6ea7986fd9c1bdcd4b28844fc2c4bcb0cc947a4aa43b16eb141d
projected_inverse,main,K-Means,10,16,42,selected,300,haversine,haversine,euclidean_EPSG31983_m,projected,inverse,mean_repeated,828,9347,0.053407599974889308,2.7878654999076389,ea1d851426ddbaca5e2f70101f8e5ba4b7c83701de82cfc361309341ce8d60af,58c9cb18fa2699fcbd84bfa705dcde0a228c12a817d3902893a9d28bc5ff732e,9691,9207,9295,396,95.913734392735535,True,88,4.4088604295672669,9.5464209310207018,12.916360517603705,25.166770067457595,25.166770067457595,0,0,12,95.057269631616961,95.944690950366322,4.3122570499258712,4.4689427112864237,9.5464209310207018,9.8535523322158483,12.916360517603705,16.998851701203364,25.146362346382155,25.769331054739265,9181,9270,-26,63,False,,,,,,,,,,
projected_inverse,main,K-Means,5,40,42,selected,300,haversine,haversine,euclidean_EPSG31983_m,projected,inverse,mean_repeated,828,9347,0.054524200037121773,8.8030058001168072,bb4570155024847cfeb293f95b062112c22ce692abe91de0502183549b80c7f5,58c9cb18fa2699fcbd84bfa705dcde0a228c12a817d3902893a9d28bc5ff732e,9691,9207,9261,430,95.562893406253224,True,54,2.1813805329803153,4.8612322691444314,7.4398770323333308,16.299601854540857,16.299601854540857,0,0,7,95.026313073986174,95.562893406253224,2.1813805329803153,2.2339154617723911,4.8612322691444314,4.9899390298994462,6.6464343984541587,7.4398770323333308,15.265084677999994,16.732593803713208,9191,9260,-16,53,False,,,,,,,,,,
projected_inverse,main,K-Means,3,84,42,selected,300,haversine,haversine,euclidean_EPSG31983_m,projected,inverse,mean_repeated,828,9347,0.13227210001787171,27.458742200571578,6d7a76b2d0a9ce90d9de647cc34f5a46be15aa544be338a1f7f1e1d04a7ecd6a,58c9cb18fa2699fcbd84bfa705dcde0a228c12a817d3902893a9d28bc5ff732e,9691,9207,9223,468,95.170777009596534,True,16,1.2938893155350679,2.9870903000946418,4.0295652657131757,12.996081475835553,12.996081475835553,0,0,7,95.077907336704158,96.336807347023012,1.2760534824440051,1.3229411911265467,2.8318877695539921,2.9870903000946418,3.8719763025977794,4.0824225403278369,12.588229204251922,15.265084677999994,9169,9324,-38,117,False,,,,,,,,,,
projected_inverse,main,Ward,10,16,-1,selected,300,haversine,haversine,euclidean_EPSG31983_m,projected,inverse,mean_repeated,828,9347,0.011328900000080466,0.19611429993528873,eb993b37b92af867e8f537e16918da755259e0cfa58f8db98b21d6657d5ef89a,58c9cb18fa2699fcbd84bfa705dcde0a228c12a817d3902893a9d28bc5ff732e,9691,9207,9215,476,95.088226189247749,True,8,4.8378709555365251,9.8737590376409869,12.974873142224036,26.748238415118479,26.748238415118479,60,343,,95.088226189247749,95.088226189247749,4.8378709555365251,4.8378709555365251,9.8737590376409869,9.8737590376409869,12.974873142224036,12.974873142224036,26.748238415118479,26.748238415118479,9129,9129,-78,-78,False,,,,,,,,,,
projected_inverse,main,Ward,5,45,-1,selected,300,haversine,haversine,euclidean_EPSG31983_m,projected,inverse,mean_repeated,828,9347,0.01964309997856617,0.59595559979788959,e33b6d224bf1759d146f87a375b72a229479753dfce1503b7db3882397f83364,58c9cb18fa2699fcbd84bfa705dcde0a228c12a817d3902893a9d28bc5ff732e,9691,9207,9214,477,95.077907336704158,True,7,2.4094637246819928,4.9899390299001354,6.2301375243427524,15.265084677999994,15.265084677999994,56,511,,95.077907336704158,95.077907336704158,2.4094637246819928,2.4094637246819928,4.9899390299001354,4.9899390299001354,6.2301375243427524,6.2301375243427524,15.265084677999994,15.265084677999994,9195,9195,-12,-12,False,,,,,,,,,,
projected_inverse,main,Ward,3,88,-1,selected,300,haversine,haversine,euclidean_EPSG31983_m,projected,inverse,mean_repeated,828,9347,0.015542900015134364,1.140518399537541,db0ef748cd605ec9bb55871d430709b8c02aabc3ec8ce0b045cc310dce692a4e,58c9cb18fa2699fcbd84bfa705dcde0a228c12a817d3902893a9d28bc5ff732e,9691,9207,9208,483,95.015994221442583,True,1,1.471499169080801,2.9990381238983073,4.21590377707202,6.2500147819659899,6.2500147819659899,43,495,,95.015994221442583,95.015994221442583,1.471499169080801,1.471499169080801,2.9990381238983073,2.9990381238983073,4.21590377707202,4.21590377707202,6.2500147819659899,6.2500147819659899,9181,9181,-26,-26,False,,,,,,,,,,
projected_partition_angular,main,K-Means,10,16,42,selected,300,haversine,haversine,euclidean_EPSG31983_m,projected,angular_mean,mean_repeated,828,9347,0.027542399999219924,1.5884635004331358,3c4122460bbf705298b7136402fdb4164b14fcc1357170240a1cbe4bd33ad0bc,58c9cb18fa2699fcbd84bfa705dcde0a228c12a817d3902893a9d28bc5ff732e,9691,9207,9295,396,95.913734392735535,True,88,4.4136562582945089,9.5460517846240549,12.916264671197101,25.166930529399892,25.166930529399892,3,48,12,95.057269631616961,95.944690950366322,4.3122750954143996,4.4689428237077928,9.5460517846240549,9.8536995919339763,12.916264671197101,16.99754345908957,25.145395619331321,25.768091794709012,9181,9270,-26,63,False,,,,,,,,,,
projected_partition_angular,main,K-Means,5,40,42,selected,300,haversine,haversine,euclidean_EPSG31983_m,projected,angular_mean,mean_repeated,828,9347,0.047249199997168034,6.2977931000059471,94708ce31dc3665e5a775d2d59de39fb6a506ea43a85c619861710c79883e29d,58c9cb18fa2699fcbd84bfa705dcde0a228c12a817d3902893a9d28bc5ff732e,9691,9207,9261,430,95.562893406253224,True,54,2.1813885072992893,4.861351461045488,7.4400715960098021,16.299743927271059,16.299743927271059,0,0,7,95.026313073986174,95.562893406253224,2.1813885072992893,2.2339216958573953,4.861351461045488,4.9899793820243303,6.6465713393125414,7.4400715960098021,15.264598378487985,16.732826938892167,9192,9260,-15,53,False,,,,,,,,,,
projected_partition_angular,main,K-Means,3,84,42,selected,300,haversine,haversine,euclidean_EPSG31983_m,projected,angular_mean,mean_repeated,828,9347,0.11500470002647489,25.270685000170488,41468d2c3268458f31129155b1e77e15edc7c4b8c0dfe3e60fed881c53570ef0,58c9cb18fa2699fcbd84bfa705dcde0a228c12a817d3902893a9d28bc5ff732e,9691,9207,9223,468,95.170777009596534,True,16,1.2938905431298289,2.9870604545367003,4.0295562215476659,12.996052512646887,12.996052512646887,0,0,7,95.077907336704158,96.336807347023012,1.2760551806696065,1.3223387428647593,2.83184044039294,2.9870604545367003,3.8719424763205947,4.0823967856842245,12.5882156677179,15.264598378487985,9169,9324,-38,117,False,,,,,,,,,,
projected_partition_angular,main,Ward,10,16,-1,selected,300,haversine,haversine,euclidean_EPSG31983_m,projected,angular_mean,mean_repeated,828,9347,0.017903400002978742,0.20963450009003282,b68efed1937d9420538a9f61cdb501b03b61d870dfab37e864c0f387d2dbab49,58c9cb18fa2699fcbd84bfa705dcde0a228c12a817d3902893a9d28bc5ff732e,9691,9207,9215,476,95.088226189247749,True,8,4.8378690652719749,9.8737966445103087,12.974837414287947,26.746525346534241,26.746525346534241,60,343,,95.088226189247749,95.088226189247749,4.8378690652719749,4.8378690652719749,9.8737966445103087,9.8737966445103087,12.974837414287947,12.974837414287947,26.746525346534241,26.746525346534241,9129,9129,-78,-78,False,,,,,,,,,,
projected_partition_angular,main,Ward,5,45,-1,selected,300,haversine,haversine,euclidean_EPSG31983_m,projected,angular_mean,mean_repeated,828,9347,0.035073799954261631,0.73632249998627231,a446071fe22020986376a498e654964c0a04cf4b1633f19fdd55788b9474e6bd,58c9cb18fa2699fcbd84bfa705dcde0a228c12a817d3902893a9d28bc5ff732e,9691,9207,9214,477,95.077907336704158,True,7,2.4094681350914664,4.9899793820243303,6.230239680517383,15.264598378487985,15.264598378487985,56,511,,95.077907336704158,95.077907336704158,2.4094681350914664,2.4094681350914664,4.9899793820243303,4.9899793820243303,6.230239680517383,6.230239680517383,15.264598378487985,15.264598378487985,9195,9195,-12,-12,False,,,,,,,,,,
projected_partition_angular,main,Ward,3,88,-1,selected,300,haversine,haversine,euclidean_EPSG31983_m,projected,angular_mean,mean_repeated,828,9347,0.044836899964138865,1.8258775002905168,86ed89c54059b15b7a7a9a1469c2ed28b8d59972496bfc4f04009e44fee4123d,58c9cb18fa2699fcbd84bfa705dcde0a228c12a817d3902893a9d28bc5ff732e,9691,9207,9208,483,95.015994221442583,True,1,1.4715027675100159,2.9990528296123724,4.2159132478417201,6.2499579229461855,6.2499579229461855,43,495,,95.015994221442583,95.015994221442583,1.4715027675100159,1.4715027675100159,2.9990528296123724,2.9990528296123724,4.2159132478417201,4.2159132478417201,6.2499579229461855,6.2499579229461855,9181,9181,-26,-26,False,,,,,,,,,,
J_all828,main,P-Median,10,19,-1,selected,828,haversine,haversine,haversine,angular,native,mean_repeated,828,9347,0.81792190001579002,7.665458400035277,f3a5e4fe96959cc378fbb53b7b080231d271b57abfe4d654f556852f59e84601,599c5bec1771b59d925b240ecafe6cee5198f63f0f5f06133c86ca903d5340a5,9691,9207,9270,421,95.655763079145601,True,63,3.6842249532781848,9.5164918923334039,17.765507929770003,34.826247011699678,34.826247011699678,0,0,,95.655763079145601,95.655763079145601,3.6842249532781848,3.6842249532781848,9.5164918923334039,9.5164918923334039,17.765507929770003,17.765507929770003,34.826247011699678,34.826247011699678,9190,9190,-17,-17,False,,,,"[62, 340, 228, 628, 406, 274, 732, 355, 435, 109, 220, 294, 41, 771, 264, 205, 498, 584, 526]",True,35703.824022218891,6,33,no_improving_swap,
J_all828,main,P-Median,5,47,-1,selected,828,haversine,haversine,haversine,angular,native,mean_repeated,828,9347,2.069689100026153,48.662447400332894,f29a2dd435aac17026d174db15960ab485da931f7b12ecf823b3a403fda77370,599c5bec1771b59d925b240ecafe6cee5198f63f0f5f06133c86ca903d5340a5,9691,9207,9223,468,95.170777009596534,True,16,1.8245529241620788,4.9639354669297431,7.6385333085583866,16.550308693700245,16.550308693700245,0,0,,95.170777009596534,95.170777009596534,1.8245529241620788,1.8245529241620788,4.9639354669297431,4.9639354669297431,7.6385333085583866,7.6385333085583866,16.550308693700245,16.550308693700245,9206,9206,-1,-1,False,,,,"[50, 30, 230, 628, 402, 267, 670, 372, 445, 111, 335, 294, 222, 766, 264, 205, 827, 587, 520, 120, 319, 406, 801, 638, 416, 177, 542, 289, 633, 824, 103, 8, 376, 500, 440, 249, 280, 240, 749, 825, 295, 39, 354, 658, 665, 388, 601]",True,17681.742388054707,6,39,no_improving_swap,
J_all828,main,P-Median,3,89,-1,selected,828,haversine,haversine,haversine,angular,native,mean_repeated,828,9347,3.8231874000048265,181.45101670036092,8215354830a4487eeb02302bad2fcd519dd313f645a6a287eb4841247681c1c9,599c5bec1771b59d925b240ecafe6cee5198f63f0f5f06133c86ca903d5340a5,9691,9207,9225,466,95.191414714683731,True,18,1.1283480366137582,2.9577003772494028,5.2342604964043042,16.550308693700245,16.550308693700245,0,0,,95.191414714683731,95.191414714683731,1.1283480366137582,1.1283480366137582,2.9577003772494028,2.9577003772494028,5.2342604964043042,5.2342604964043042,16.550308693700245,16.550308693700245,9183,9183,-24,-24,False,,,,"[64, 347, 392, 407, 402, 530, 629, 371, 462, 109, 257, 294, 652, 766, 264, 205, 827, 621, 516, 808, 340, 34, 797, 638, 416, 561, 552, 289, 633, 824, 87, 6, 376, 500, 440, 249, 280, 238, 262, 825, 295, 40, 353, 658, 130, 388, 592, 222, 665, 358, 519, 325, 412, 675, 28, 160, 309, 47, 259, 315, 143, 271, 213, 628, 703, 443, 292, 421, 337, 580, 729, 750, 100, 108, 488, 69, 281, 22, 792, 286, 119, 698, 185, 548, 303, 230, 120, 391, 636]",True,10934.820822823931,8,69,no_improving_swap,
J_all828,main,MCLP,10,12,-1,selected,828,haversine,haversine,haversine,angular,native,mean_repeated,828,9347,0.043829899979755282,0.13513039995450526,f88fc1a41dd43b4b53752ead5cff393c184c32d352cfa83fffb62390a39b6491,599c5bec1771b59d925b240ecafe6cee5198f63f0f5f06133c86ca903d5340a5,9691,9207,9275,416,95.707357341863585,True,68,6.4560683839720863,9.8109897210008636,19.270121815267505,43.183620604941176,43.183620604941176,0,0,,95.707357341863585,95.707357341863585,6.4560683839720863,6.4560683839720863,9.8109897210008636,9.8109897210008636,19.270121815267505,19.270121815267505,43.183620604941176,43.183620604941176,9166,9166,-41,-41,False,,,,,,,,,,f88fc1a41dd43b4b53752ead5cff393c184c32d352cfa83fffb62390a39b6491
J_all828,main,MCLP,5,32,-1,selected,828,haversine,haversine,haversine,angular,native,mean_repeated,828,9347,0.12054270005319268,0.24289960000896826,e7affaccec00ff74b4e96392aafa4ea733d094d55e2c93ac216c80c42316028e,599c5bec1771b59d925b240ecafe6cee5198f63f0f5f06133c86ca903d5340a5,9691,9207,9234,457,95.284284387576108,True,27,3.3892307179104337,4.9427017610386823,20.136948757424015,39.469536332057686,39.469536332057686,0,0,,95.284284387576108,95.284284387576108,3.3892307179104337,3.3892307179104337,4.9427017610386823,4.9427017610386823,20.136948757424015,20.136948757424015,39.469536332057686,39.469536332057686,9191,9191,-16,-16,False,,,,,,,,,,e7affaccec00ff74b4e96392aafa4ea733d094d55e2c93ac216c80c42316028e
J_all828,main,MCLP,3,64,-1,selected,828,haversine,haversine,haversine,angular,native,mean_repeated,828,9347,0.24324929999420419,0.47471169999334961,8a2eb46ac5981e2ab79a4c9b9497f1de4c4f52856a5e1b815fa4c7582917e6f5,599c5bec1771b59d925b240ecafe6cee5198f63f0f5f06133c86ca903d5340a5,9691,9207,9207,484,95.005675368898977,True,0,1.8992564553053859,2.9992824574217711,9.1493454353589101,26.950553178813898,26.950553178813898,0,0,,95.005675368898977,95.005675368898977,1.8992564553053859,1.8992564553053859,2.9992824574217711,2.9992824574217711,9.1493454353589101,9.1493454353589101,26.950553178813898,26.950553178813898,9185,9185,-22,-22,False,,,,,,,,,,8a2eb46ac5981e2ab79a4c9b9497f1de4c4f52856a5e1b815fa4c7582917e6f5
J_union825,main,P-Median,10,19,-1,selected,825,haversine,haversine,haversine,angular,native,mean_repeated,828,9347,0.62633210001513362,6.4079843000508845,0e3e01a6c6bf15f3fa501535ecf6ebda49d00f0165b3b31b183e92078a9945a5,04cc769ebdfbb09c6c3353409bdcc9a2357a947bbbbb9f152edfb96699641613,9691,9207,9270,421,95.655763079145601,True,63,3.6842249532781848,9.5164918923334039,17.765507929770003,34.826247011699678,34.826247011699678,0,0,,95.655763079145601,95.655763079145601,3.6842249532781848,3.6842249532781848,9.5164918923334039,9.5164918923334039,17.765507929770003,17.765507929770003,34.826247011699678,34.826247011699678,9190,9190,-17,-17,False,Only facilities filtered; all demand and N preserved,,,"[62, 340, 228, 628, 406, 274, 732, 355, 435, 109, 220, 294, 41, 771, 264, 205, 498, 584, 526]",True,35703.824022218891,6,33,no_improving_swap,
J_union825,main,P-Median,5,47,-1,selected,825,haversine,haversine,haversine,angular,native,mean_repeated,828,9347,2.3465051999664865,23375.369785099989,a0d86ea24650e65528c1d5ff7dd97961c7a2363eb12fd8ac40762ca96d8ad12d,04cc769ebdfbb09c6c3353409bdcc9a2357a947bbbbb9f152edfb96699641613,9691,9207,9223,468,95.170777009596534,True,16,1.8245529241620788,4.9639354669297431,7.6385333085583866,16.550308693700245,16.550308693700245,0,0,,95.170777009596534,95.170777009596534,1.8245529241620788,1.8245529241620788,4.9639354669297431,4.9639354669297431,7.6385333085583866,7.6385333085583866,16.550308693700245,16.550308693700245,9206,9206,-1,-1,False,Only facilities filtered; all demand and N preserved,,,"[50, 30, 230, 628, 402, 267, 670, 372, 445, 111, 335, 294, 222, 766, 264, 205, 827, 587, 520, 120, 319, 406, 801, 638, 416, 177, 542, 289, 633, 824, 103, 8, 376, 500, 440, 249, 280, 240, 749, 825, 295, 39, 354, 658, 665, 388, 601]",True,17681.742388054707,6,39,no_improving_swap,
J_union825,main,P-Median,3,89,-1,selected,825,haversine,haversine,haversine,angular,native,mean_repeated,828,9347,3.7001261999830604,23481.143350300088,83b774f98bf38b445704fb2d50cc495be9ae92199ddecde1636c09b92f52404c,04cc769ebdfbb09c6c3353409bdcc9a2357a947bbbbb9f152edfb96699641613,9691,9207,9225,466,95.191414714683731,True,18,1.1283480366137582,2.9577003772494028,5.2342604964043042,16.550308693700245,16.550308693700245,0,0,,95.191414714683731,95.191414714683731,1.1283480366137582,1.1283480366137582,2.9577003772494028,2.9577003772494028,5.2342604964043042,5.2342604964043042,16.550308693700245,16.550308693700245,9183,9183,-24,-24,False,Only facilities filtered; all demand and N preserved,,,"[64, 347, 392, 407, 402, 530, 629, 371, 462, 109, 257, 294, 652, 766, 264, 205, 827, 621, 516, 808, 340, 34, 797, 638, 416, 561, 552, 289, 633, 824, 87, 6, 376, 500, 440, 249, 280, 238, 262, 825, 295, 40, 353, 658, 130, 388, 592, 222, 665, 358, 519, 325, 412, 675, 28, 160, 309, 47, 259, 315, 143, 271, 213, 628, 703, 443, 292, 421, 337, 580, 729, 750, 100, 108, 488, 69, 281, 22, 792, 286, 119, 698, 185, 548, 303, 230, 120, 391, 636]",True,10934.820822823931,8,69,no_improving_swap,
J_union825,main,MCLP,10,12,-1,selected,825,haversine,haversine,haversine,angular,native,mean_repeated,828,9347,0.046502500015776604,0.11277120001614094,bcdd4ad9f98254ef6e0902db141619168dabad6f7b745e64647fbe28920b321d,04cc769ebdfbb09c6c3353409bdcc9a2357a947bbbbb9f152edfb96699641613,9691,9207,9275,416,95.707357341863585,True,68,6.5267811064203949,9.8109897210008636,19.270121815267505,43.183620604941176,43.183620604941176,0,0,,95.707357341863585,95.707357341863585,6.5267811064203949,6.5267811064203949,9.8109897210008636,9.8109897210008636,19.270121815267505,19.270121815267505,43.183620604941176,43.183620604941176,9166,9166,-41,-41,False,Only facilities filtered; all demand and N preserved,,,,,,,,,bcdd4ad9f98254ef6e0902db141619168dabad6f7b745e64647fbe28920b321d
J_union825,main,MCLP,5,32,-1,selected,825,haversine,haversine,haversine,angular,native,mean_repeated,828,9347,0.11571500002173707,0.24157529999502003,5be029943f5646df3fcbe7220e0ef16d1aafba5c64048a78ab045afed5e5cabd,04cc769ebdfbb09c6c3353409bdcc9a2357a947bbbbb9f152edfb96699641613,9691,9207,9234,457,95.284284387576108,True,27,3.3892307179104337,4.9427017610386823,20.136948757424015,39.469536332057686,39.469536332057686,0,0,,95.284284387576108,95.284284387576108,3.3892307179104337,3.3892307179104337,4.9427017610386823,4.9427017610386823,20.136948757424015,20.136948757424015,39.469536332057686,39.469536332057686,9191,9191,-16,-16,False,Only facilities filtered; all demand and N preserved,,,,,,,,,5be029943f5646df3fcbe7220e0ef16d1aafba5c64048a78ab045afed5e5cabd
J_union825,main,MCLP,3,64,-1,selected,825,haversine,haversine,haversine,angular,native,mean_repeated,828,9347,0.20573180000064895,0.41930349997710437,df3945d722616cc62b8e577b1c1a39dc78910f5b05b6f2bef197b296c8157611,04cc769ebdfbb09c6c3353409bdcc9a2357a947bbbbb9f152edfb96699641613,9691,9207,9207,484,95.005675368898977,True,0,1.8992564553053859,2.9992824574217711,9.1493454353589101,26.950553178813898,26.950553178813898,0,0,,95.005675368898977,95.005675368898977,1.8992564553053859,1.8992564553053859,2.9992824574217711,2.9992824574217711,9.1493454353589101,9.1493454353589101,26.950553178813898,26.950553178813898,9185,9185,-22,-22,False,Only facilities filtered; all demand and N preserved,,,,,,,,,df3945d722616cc62b8e577b1c1a39dc78910f5b05b6f2bef197b296c8157611
J300_tie_reverse,main,P-Median,3,,,structurally_infeasible,300,haversine,haversine,haversine,,,mean_repeated,828,,,,,,9691,9207,,,,,,,,,,,,,,,,,,,,,,,,,,,,,,9125,94.159529460324009,,,,,,,
J300_tie_reverse,main,P-Median,10,23,-1,selected,300,haversine,haversine,haversine,angular,native,mean_repeated,828,9347,0.35488269996130839,2.8195894999080338,fda19d458a89a4eca3b3e2782d89ea4a17602873d36316a37beae8cc624165a0,fd1e9506fea0ae47079482d34493edba8f5f2f81d4c054965b082d64a0764d12,9691,9207,9233,458,95.273965535032502,True,26,3.2175056416002001,9.3731102679758589,17.737282708984711,28.687629604511976,28.687629604511976,0,0,,95.273965535032502,95.273965535032502,3.2175056416002001,3.2175056416002001,9.3731102679758589,9.3731102679758589,17.737282708984711,17.737282708984711,28.687629604511976,28.687629604511976,9143,9143,-64,-64,False,,,,"[61, 406, 230, 614, 422, 286, 756, 355, 444, 106, 245, 177, 41, 511, 294, 264, 205, 600, 827, 121, 658, 824, 340]",True,31180.847172747541,6,32,no_improving_swap,
J300_tie_reverse,main,P-Median,5,55,-1,selected,300,haversine,haversine,haversine,angular,native,mean_repeated,828,9347,0.42363580001983792,15.295912600005977,a2e60416f0205576943bf5bef375514ad1558a86a26481dfd53976551af920d1,fd1e9506fea0ae47079482d34493edba8f5f2f81d4c054965b082d64a0764d12,9691,9207,9234,457,95.284284387576108,True,27,1.7086482108052976,4.9191927569365559,8.635430895616734,16.550308693700245,16.550308693700245,0,0,,95.284284387576108,95.284284387576108,1.7086482108052976,1.7086482108052976,4.9191927569365559,4.9191927569365559,8.635430895616734,8.635430895616734,16.550308693700245,16.550308693700245,9204,9204,-3,-3,False,,,,"[530, 347, 230, 622, 402, 267, 667, 371, 461, 111, 392, 294, 41, 511, 264, 698, 205, 542, 827, 120, 422, 824, 328, 407, 658, 179, 801, 289, 633, 103, 494, 6, 373, 249, 280, 638, 240, 825, 440, 295, 577, 40, 362, 674, 130, 592, 222, 665, 316, 412, 28, 308, 160, 758, 50]",True,16558.50981091414,4,21,no_improving_swap,
J300_tie_reverse,main,MCLP,3,,,structurally_infeasible,300,haversine,haversine,haversine,,,mean_repeated,828,,,,,,9691,9207,,,,,,,,,,,,,,,,,,,,,,,,,,,,,,9125,94.159529460324009,,,,,,,
J300_tie_reverse,main,MCLP,10,14,-1,selected,300,haversine,haversine,haversine,angular,native,mean_repeated,828,9347,0.020346300036180764,0.041073800006415695,b4086b668edfab8546a17f3b8f602d06205a6e0e8af6d0dc898fcbd20adc8784,fd1e9506fea0ae47079482d34493edba8f5f2f81d4c054965b082d64a0764d12,9691,9207,9237,454,95.315240945206895,True,30,6.1039299222537862,9.8109897210008636,22.557734763168511,50.478912053681697,50.478912053681697,0,0,,95.315240945206895,95.315240945206895,6.1039299222537862,6.1039299222537862,9.8109897210008636,9.8109897210008636,22.557734763168511,22.557734763168511,50.478912053681697,50.478912053681697,9171,9171,-36,-36,False,,,,,,,,,,b4086b668edfab8546a17f3b8f602d06205a6e0e8af6d0dc898fcbd20adc8784
J300_tie_reverse,main,MCLP,5,40,-1,selected,300,haversine,haversine,haversine,angular,native,mean_repeated,828,9347,0.060736300016287714,0.083120299968868494,b34b81ab5bd2534dd79bb535a10775c79579baa412cac38aeb813f3506b2d686,fd1e9506fea0ae47079482d34493edba8f5f2f81d4c054965b082d64a0764d12,9691,9207,9225,466,95.191414714683731,True,18,2.888230507824459,4.9372601114134502,10.381628712023282,26.950553178813898,26.950553178813898,0,0,,95.191414714683731,95.191414714683731,2.888230507824459,2.888230507824459,4.9372601114134502,4.9372601114134502,10.381628712023282,10.381628712023282,26.950553178813898,26.950553178813898,9201,9201,-6,-6,False,,,,,,,,,,b34b81ab5bd2534dd79bb535a10775c79579baa412cac38aeb813f3506b2d686
J_all828_legacy_order,main,P-Median,10,19,-1,selected,828,haversine,haversine,haversine,angular,native,mean_repeated,828,9347,0.69020950002595782,8.4051824000198394,a66058153f843be4dac3e7fb562e930918db4dc1461a2bcbb5592d0d10329fdd,9d5deeb1bff8b8f92dabac08e9039783716b4d23a9b8d7da114c76e6e4e00676,9691,9207,9270,421,95.655763079145601,True,63,3.6842750514107809,9.5164918923334039,17.765507929770003,34.826247011699678,34.826247011699678,0,0,,95.655763079145601,95.655763079145601,3.6842750514107809,3.6842750514107809,9.5164918923334039,9.5164918923334039,17.765507929770003,17.765507929770003,34.826247011699678,34.826247011699678,9190,9190,-17,-17,False,Legacy original prefix ASC order; same full candidate set,,,"[62, 340, 228, 628, 406, 274, 732, 355, 435, 109, 216, 294, 41, 771, 265, 205, 498, 584, 526]",True,35704.309523221877,6,34,no_improving_swap,
J_all828_legacy_order,main,P-Median,5,48,-1,selected,828,haversine,haversine,haversine,angular,native,mean_repeated,828,9347,2.6409398000105284,58.996858299942687,4f58e1f79a2060cfbabe86b18c2f547ae5321406226577c0c2fb71b7edaa57c7,9d5deeb1bff8b8f92dabac08e9039783716b4d23a9b8d7da114c76e6e4e00676,9691,9207,9259,432,95.542255701166027,True,52,1.8022056520705887,4.9273203420245029,7.6974307764349277,16.550308693700245,16.550308693700245,0,0,,95.542255701166027,95.542255701166027,1.8022056520705887,1.8022056520705887,4.9273203420245029,4.9273203420245029,7.6974307764349277,7.6974307764349277,16.550308693700245,16.550308693700245,9203,9203,-4,-4,False,Legacy original prefix ASC order; same full candidate set,,,"[50, 30, 230, 628, 402, 270, 670, 321, 445, 85, 144, 294, 357, 766, 264, 205, 827, 587, 520, 123, 341, 406, 802, 638, 416, 177, 542, 289, 633, 824, 88, 8, 376, 500, 440, 249, 283, 240, 749, 825, 295, 39, 353, 658, 665, 388, 601, 222]",True,17465.174974216075,7,59,no_improving_swap,
J_all828_legacy_order,main,P-Median,3,90,-1,selected,828,haversine,haversine,haversine,angular,native,mean_repeated,828,9347,6.9208174999803305,213.98426779982401,cf9e02d08fca0747729d1d18a1a9c77b369b732a91beee22f3225c567cdf4c31,9d5deeb1bff8b8f92dabac08e9039783716b4d23a9b8d7da114c76e6e4e00676,9691,9207,9207,484,95.005675368898977,True,0,1.119434310612806,2.9970725880140545,5.203303626132989,16.550308693700245,16.550308693700245,0,0,,95.005675368898977,95.005675368898977,1.119434310612806,1.119434310612806,2.9970725880140545,2.9970725880140545,5.203303626132989,5.203303626132989,16.550308693700245,16.550308693700245,9178,9178,-29,-29,False,Legacy original prefix ASC order; same full candidate set,,,"[64, 347, 698, 100, 402, 291, 147, 371, 462, 109, 257, 294, 530, 766, 264, 205, 827, 581, 516, 621, 316, 407, 801, 638, 416, 577, 552, 289, 633, 824, 87, 6, 376, 500, 440, 249, 280, 238, 121, 825, 295, 40, 353, 658, 130, 388, 592, 222, 665, 358, 519, 325, 412, 675, 28, 160, 309, 47, 392, 652, 814, 271, 213, 614, 703, 443, 292, 421, 338, 132, 729, 750, 300, 108, 488, 69, 281, 22, 792, 286, 119, 259, 185, 548, 303, 230, 391, 636, 262, 34]",True,10848.437904148703,8,89,no_improving_swap,
J_all828_legacy_order,main,MCLP,10,12,-1,selected,828,haversine,haversine,haversine,angular,native,mean_repeated,828,9347,0.11180959997000173,0.25619619997451082,35674111b0e8cecf8ab107b7fb3915778ccad563432b4bd6b04c7fcc191e8904,9d5deeb1bff8b8f92dabac08e9039783716b4d23a9b8d7da114c76e6e4e00676,9691,9207,9275,416,95.707357341863585,True,68,6.5267811064203949,9.8109897210008636,19.270121815267505,43.183620604941176,43.183620604941176,0,0,,95.707357341863585,95.707357341863585,6.5267811064203949,6.5267811064203949,9.8109897210008636,9.8109897210008636,19.270121815267505,19.270121815267505,43.183620604941176,43.183620604941176,9166,9166,-41,-41,False,Legacy original prefix ASC order; same full candidate set,,,,,,,,,35674111b0e8cecf8ab107b7fb3915778ccad563432b4bd6b04c7fcc191e8904
J_all828_legacy_order,main,MCLP,5,32,-1,selected,828,haversine,haversine,haversine,angular,native,mean_repeated,828,9347,0.26170420000562444,0.54609479999635369,0c8da2b50328b05008864355042d706884e9cf0ee6ab6f0de8f37926e805b450,9d5deeb1bff8b8f92dabac08e9039783716b4d23a9b8d7da114c76e6e4e00676,9691,9207,9234,457,95.284284387576108,True,27,3.4005809351103302,4.9427017610386823,20.136948757424015,39.469536332057686,39.469536332057686,0,0,,95.284284387576108,95.284284387576108,3.4005809351103302,3.4005809351103302,4.9427017610386823,4.9427017610386823,20.136948757424015,20.136948757424015,39.469536332057686,39.469536332057686,9191,9191,-16,-16,False,Legacy original prefix ASC order; same full candidate set,,,,,,,,,0c8da2b50328b05008864355042d706884e9cf0ee6ab6f0de8f37926e805b450
J_all828_legacy_order,main,MCLP,3,64,-1,selected,828,haversine,haversine,haversine,angular,native,mean_repeated,828,9347,0.4921625999850221,0.93876679998356849,35477c2713db22bf0ccecdf044561147ccb4240902cdc00e8e9391b77d4e20c7,9d5deeb1bff8b8f92dabac08e9039783716b4d23a9b8d7da114c76e6e4e00676,9691,9207,9207,484,95.005675368898977,True,0,1.9038968979591149,2.9992824574217711,9.7302114454057218,26.950553178813898,26.950553178813898,0,0,,95.005675368898977,95.005675368898977,1.9038968979591149,1.9038968979591149,2.9992824574217711,2.9992824574217711,9.7302114454057218,9.7302114454057218,26.950553178813898,26.950553178813898,9185,9185,-22,-22,False,Legacy original prefix ASC order; same full candidate set,,,,,,,,,35477c2713db22bf0ccecdf044561147ccb4240902cdc00e8e9391b77d4e20c7
J_union825_legacy_order,main,P-Median,10,19,-1,selected,825,haversine,haversine,haversine,angular,native,mean_repeated,828,9347,0.48697709996486083,7.77249329991173,1a97d0ef8fb9de1b1e305c9d93d7d66996a57d9abaa851284eeed08b216eb6e5,be9bae8e00ef47da574da51a2999bc6ec7ba039a47502936f71e2fff2c7b58a6,9691,9207,9270,421,95.655763079145601,True,63,3.6842750514107809,9.5164918923334039,17.765507929770003,34.826247011699678,34.826247011699678,0,0,,95.655763079145601,95.655763079145601,3.6842750514107809,3.6842750514107809,9.5164918923334039,9.5164918923334039,17.765507929770003,17.765507929770003,34.826247011699678,34.826247011699678,9190,9190,-17,-17,False,Original prefix ASC order filtered to union; all demand preserved,,,"[62, 340, 228, 628, 406, 274, 732, 355, 435, 109, 216, 294, 41, 771, 265, 205, 498, 584, 526]",True,35704.309523221877,6,34,no_improving_swap,
J_union825_legacy_order,main,P-Median,5,48,-1,selected,825,haversine,haversine,haversine,angular,native,mean_repeated,828,9347,2.5018375000217929,52.976519599906169,a85093b103a0889214814be93f7440f5aed25aaebe21e03a1641be8834f816be,be9bae8e00ef47da574da51a2999bc6ec7ba039a47502936f71e2fff2c7b58a6,9691,9207,9259,432,95.542255701166027,True,52,1.8022056520705887,4.9273203420245029,7.6974307764349277,16.550308693700245,16.550308693700245,0,0,,95.542255701166027,95.542255701166027,1.8022056520705887,1.8022056520705887,4.9273203420245029,4.9273203420245029,7.6974307764349277,7.6974307764349277,16.550308693700245,16.550308693700245,9203,9203,-4,-4,False,Original prefix ASC order filtered to union; all demand preserved,,,"[50, 30, 230, 628, 402, 270, 670, 321, 445, 85, 144, 294, 357, 766, 264, 205, 827, 587, 520, 123, 341, 406, 802, 638, 416, 177, 542, 289, 633, 824, 88, 8, 376, 500, 440, 249, 283, 240, 749, 825, 295, 39, 353, 658, 665, 388, 601, 222]",True,17465.174974216075,7,59,no_improving_swap,
J_union825_legacy_order,main,P-Median,3,90,-1,selected,825,haversine,haversine,haversine,angular,native,mean_repeated,828,9347,4.1827009000116959,161.71408609993523,446dceb38a62eb657eaad6cf86919a0ccd0bd0a95cd9814576fca3921a145bf0,be9bae8e00ef47da574da51a2999bc6ec7ba039a47502936f71e2fff2c7b58a6,9691,9207,9207,484,95.005675368898977,True,0,1.119434310612806,2.9970725880140545,5.203303626132989,16.550308693700245,16.550308693700245,0,0,,95.005675368898977,95.005675368898977,1.119434310612806,1.119434310612806,2.9970725880140545,2.9970725880140545,5.203303626132989,5.203303626132989,16.550308693700245,16.550308693700245,9178,9178,-29,-29,False,Original prefix ASC order filtered to union; all demand preserved,,,"[64, 347, 698, 100, 402, 291, 147, 371, 462, 109, 257, 294, 530, 766, 264, 205, 827, 581, 516, 621, 316, 407, 801, 638, 416, 577, 552, 289, 633, 824, 87, 6, 376, 500, 440, 249, 280, 238, 121, 825, 295, 40, 353, 658, 130, 388, 592, 222, 665, 358, 519, 325, 412, 675, 28, 160, 309, 47, 392, 652, 814, 271, 213, 614, 703, 443, 292, 421, 338, 132, 729, 750, 300, 108, 488, 69, 281, 22, 792, 286, 119, 259, 185, 548, 303, 230, 391, 636, 262, 34]",True,10848.437904148703,8,89,no_improving_swap,
J_union825_legacy_order,main,MCLP,10,12,-1,selected,825,haversine,haversine,haversine,angular,native,mean_repeated,828,9347,0.060012700036168098,0.15484339999966323,0655faf6c56dfd10d0aa8df11f884123e28bf49c773ac158331119a75c3ecc2d,be9bae8e00ef47da574da51a2999bc6ec7ba039a47502936f71e2fff2c7b58a6,9691,9207,9275,416,95.707357341863585,True,68,6.5267811064203949,9.8109897210008636,19.270121815267505,43.183620604941176,43.183620604941176,0,0,,95.707357341863585,95.707357341863585,6.5267811064203949,6.5267811064203949,9.8109897210008636,9.8109897210008636,19.270121815267505,19.270121815267505,43.183620604941176,43.183620604941176,9166,9166,-41,-41,False,Original prefix ASC order filtered to union; all demand preserved,,,,,,,,,0655faf6c56dfd10d0aa8df11f884123e28bf49c773ac158331119a75c3ecc2d
J_union825_legacy_order,main,MCLP,5,32,-1,selected,825,haversine,haversine,haversine,angular,native,mean_repeated,828,9347,0.13170040003024042,0.28114179999101907,cffc8c10f6f7afedbe157e7fb9d16d5a3784914de4720f6ac42f8502b99f6984,be9bae8e00ef47da574da51a2999bc6ec7ba039a47502936f71e2fff2c7b58a6,9691,9207,9234,457,95.284284387576108,True,27,3.4005809351103302,4.9427017610386823,20.136948757424015,39.469536332057686,39.469536332057686,0,0,,95.284284387576108,95.284284387576108,3.4005809351103302,3.4005809351103302,4.9427017610386823,4.9427017610386823,20.136948757424015,20.136948757424015,39.469536332057686,39.469536332057686,9191,9191,-16,-16,False,Original prefix ASC order filtered to union; all demand preserved,,,,,,,,,cffc8c10f6f7afedbe157e7fb9d16d5a3784914de4720f6ac42f8502b99f6984
J_union825_legacy_order,main,MCLP,3,64,-1,selected,825,haversine,haversine,haversine,angular,native,mean_repeated,828,9347,0.30487360002007335,0.61021050001727417,048bd7278df953c0955985b9fbd419e2e6c64345a36b7488059927b11365b490,be9bae8e00ef47da574da51a2999bc6ec7ba039a47502936f71e2fff2c7b58a6,9691,9207,9207,484,95.005675368898977,True,0,1.9038968979591149,2.9992824574217711,9.7302114454057218,26.950553178813898,26.950553178813898,0,0,,95.005675368898977,95.005675368898977,1.9038968979591149,1.9038968979591149,2.9992824574217711,2.9992824574217711,9.7302114454057218,9.7302114454057218,26.950553178813898,26.950553178813898,9185,9185,-22,-22,False,Original prefix ASC order filtered to union; all demand preserved,,,,,,,,,048bd7278df953c0955985b9fbd419e2e6c64345a36b7488059927b11365b490
D16,D16,K-Means,10,17,42,selected,300,haversine,haversine,euclidean_degrees,angular,native,mean_repeated,830,9362,0.025119199999608099,1.7879290001001209,78b2c9274f0376715db76ec2494c0dc7a60e027677c8219d269297ef9ba3c75e,b09e72b4d1bacff892014e8f5d8a2387449141085542dac5ce745e36a414bbd5,9707,9222,9355,352,96.373750901411356,True,133,4.2714260402321145,9.1449134270813683,13.80317568598238,25.166930529399814,25.166930529399814,8,63,14,95.116925929741427,96.682806222313801,4.1587348082730067,4.2714260402321145,8.9362188714420778,9.6532700004575442,13.80317568598238,16.951839540259805,25.166930529399814,28.865139917775306,9113,9292,-109,70,False,Changed demand denominator AND recalculated top300 candidates,,,,,,,,,
D16,D16,K-Means,5,42,42,selected,300,haversine,haversine,euclidean_degrees,angular,native,mean_repeated,830,9362,0.059740099997725338,7.1278220003587194,fff53a0ea6a7ff05f6eb798927642679b5f738ee11f4dd8db3c1636e3327d46e,b09e72b4d1bacff892014e8f5d8a2387449141085542dac5ce745e36a414bbd5,9707,9222,9251,456,95.302359122282894,True,29,2.1082132526518009,4.8564612672037617,7.257430332742052,14.026535802652818,14.026535802652818,7,22,6,95.302359122282894,96.013186360358503,2.1082132526518009,2.2098914381326105,4.6635401575726734,4.8564612672037617,6.3265353260591466,7.4400715960094619,14.026535802652818,15.903757541667366,9175,9313,-47,91,False,Changed demand denominator AND recalculated top300 candidates,,,,,,,,,
D16,D16,K-Means,3,83,42,selected,300,haversine,haversine,euclidean_degrees,angular,native,mean_repeated,830,9362,0.098922799981664866,25.788527100172359,52f16a189486a77f329bd6e5bf96f9870b708d42a49bf63b2ad2f2a55bbcbb2e,b09e72b4d1bacff892014e8f5d8a2387449141085542dac5ce745e36a414bbd5,9707,9222,9236,471,95.147831461831672,True,14,1.3375276959659859,2.986439819044862,4.2331341454796796,12.996052512646255,12.996052512646255,3,27,6,95.147831461831672,95.807149479756873,1.3155206590891158,1.3464326884128224,2.8705644401903094,2.986439819044862,4.0312385361357235,4.4136035033195276,12.996052512646255,12.996052512646255,9150,9270,-72,48,False,Changed demand denominator AND recalculated top300 candidates,,,,,,,,,
D16,D16,Ward,10,17,-1,selected,300,haversine,haversine,euclidean_degrees,angular,native,mean_repeated,830,9362,0.010156800039112568,0.23717930004931986,099da50c6b280f1d07743ed197e0f01d30c3f7c5e94b4fcfc0d9682dc8b2d0ba,b09e72b4d1bacff892014e8f5d8a2387449141085542dac5ce745e36a414bbd5,9707,9222,9240,467,95.189038837951998,True,18,4.7404063758763044,9.8737966445103087,12.395759490981069,25.166930529399892,25.166930529399892,43,328,,95.189038837951998,95.189038837951998,4.7404063758763044,4.7404063758763044,9.8737966445103087,9.8737966445103087,12.395759490981069,12.395759490981069,25.166930529399892,25.166930529399892,9155,9155,-67,-67,False,Changed demand denominator AND recalculated top300 candidates,,,,,,,,,
D16,D16,Ward,5,42,-1,selected,300,haversine,haversine,euclidean_degrees,angular,native,mean_repeated,830,9362,0.014864300028420985,0.53191380039788783,762890dac0f6abc86ec3c62e3190522d935c56b945bc76a027e6daf3cdb14272,b09e72b4d1bacff892014e8f5d8a2387449141085542dac5ce745e36a414bbd5,9707,9222,9233,474,95.116925929741427,True,11,2.4049081881238754,4.9899793820243303,6.6061157974916425,14.377953932952144,14.377953932952144,61,622,,95.116925929741427,95.116925929741427,2.4049081881238754,2.4049081881238754,4.9899793820243303,4.9899793820243303,6.6061157974916425,6.6061157974916425,14.377953932952144,14.377953932952144,9179,9179,-43,-43,False,Changed demand denominator AND recalculated top300 candidates,,,,,,,,,
D16,D16,Ward,3,81,-1,selected,300,haversine,haversine,euclidean_degrees,angular,native,mean_repeated,830,9362,0.013106000027619302,1.1646072005387396,940e71d12104de82f1bd2aafe68ea2f2821f45bc7a0f4db99f5661bd2e94dfd8,b09e72b4d1bacff892014e8f5d8a2387449141085542dac5ce745e36a414bbd5,9707,9222,9227,480,95.055114865560938,True,5,1.6073388314499775,2.9965823106842948,4.3217487496001352,8.476521242362951,8.476521242362951,39,470,,95.055114865560938,95.055114865560938,1.6073388314499775,1.6073388314499775,2.9965823106842948,2.9965823106842948,4.3217487496001352,4.3217487496001352,8.476521242362951,8.476521242362951,9178,9178,-44,-44,False,Changed demand denominator AND recalculated top300 candidates,,,,,,,,,
D16,D16,Complete,10,19,-1,selected,300,haversine,haversine,haversine,angular,native,mean_repeated,830,9362,0.015750199963804334,0.31101549993036315,5c9eb4840b35136e4230ef53bbdab79e7225879f7a8c4c8d9f26f037d4dc72ee,b09e72b4d1bacff892014e8f5d8a2387449141085542dac5ce745e36a414bbd5,9707,9222,9275,432,95.549603379004836,True,53,4.8312940467254881,9.760963339148045,12.056220454770822,14.431656061822702,15.393847494829547,62,558,,95.549603379004836,95.549603379004836,4.8312940467254881,4.8312940467254881,9.760963339148045,9.760963339148045,12.056220454770822,12.056220454770822,14.431656061822702,14.431656061822702,8868,8868,-354,-354,False,Changed demand denominator AND recalculated top300 candidates,,,,,,,,,
D16,D16,Complete,5,46,-1,selected,300,haversine,haversine,haversine,angular,native,mean_repeated,830,9362,0.018709999974817038,0.76061309973010793,063b3a53903ae802c0835defe8f01bff7e3b1648682b7aa98bef22a7b60cf127,b09e72b4d1bacff892014e8f5d8a2387449141085542dac5ce745e36a414bbd5,9707,9222,9231,476,95.096322241681264,True,9,2.7405039451530997,4.956326182301563,6.2906693168227212,10.461187366852062,10.461187366852062,75,537,,95.096322241681264,95.096322241681264,2.7405039451530997,2.7405039451530997,4.956326182301563,4.956326182301563,6.2906693168227212,6.2906693168227212,10.461187366852062,10.461187366852062,9221,9221,-1,-1,False,Changed demand denominator AND recalculated top300 candidates,,,,,,,,,
D16,D16,Complete,3,89,-1,selected,300,haversine,haversine,haversine,angular,native,mean_repeated,830,9362,0.026323299971409142,1.5496697999769822,062674c65bb0e096cec952b3e86ff402f0219fa2c4511a4be4b343134421a8ce,b09e72b4d1bacff892014e8f5d8a2387449141085542dac5ce745e36a414bbd5,9707,9222,9236,471,95.147831461831672,True,14,1.5351139826251916,2.9503917509831732,3.8201527897651895,5.3458960582960309,5.3458960582960309,59,435,,95.147831461831672,95.147831461831672,1.5351139826251916,1.5351139826251916,2.9503917509831732,2.9503917509831732,3.8201527897651895,3.8201527897651895,5.3458960582960309,5.3458960582960309,9154,9154,-68,-68,False,Changed demand denominator AND recalculated top300 candidates,,,,,,,,,
D16,D16,Average,10,25,-1,selected,300,haversine,haversine,haversine,angular,native,mean_repeated,830,9362,0.015009099966846406,0.39865549997193739,f1a56dd6bf447934b5c0b1f31c180ba59e0b97c5d5084ca0fbf4d6eb5606fc24,b09e72b4d1bacff892014e8f5d8a2387449141085542dac5ce745e36a414bbd5,9707,9222,9380,327,96.631297002163393,True,158,4.5587276167619111,9.4268788496490288,11.472124793185078,12.598147455231135,15.393847494829547,62,417,,96.631297002163393,96.631297002163393,4.5587276167619111,4.5587276167619111,9.4268788496490288,9.4268788496490288,11.472124793185078,11.472124793185078,12.598147455231135,12.598147455231135,9121,9121,-101,-101,False,Changed demand denominator AND recalculated top300 candidates,,,,,,,,,
D16,D16,Average,5,54,-1,selected,300,haversine,haversine,haversine,angular,native,mean_repeated,830,9362,0.014772499969694763,0.91803000000072643,d413d57a492552c665837b60f1c375f182423caa2355f0e898cde2c520d15a7a,b09e72b4d1bacff892014e8f5d8a2387449141085542dac5ce745e36a414bbd5,9707,9222,9336,371,96.178015864839807,True,114,2.5931898223357694,4.8273811623820082,6.0745889397242339,6.6061157974916425,7.280018448458522,57,642,,96.178015864839807,96.178015864839807,2.5931898223357694,2.5931898223357694,4.8273811623820082,4.8273811623820082,6.0745889397242339,6.0745889397242339,6.6061157974916425,6.6061157974916425,9204,9204,-18,-18,False,Changed demand denominator AND recalculated top300 candidates,,,,,,,,,
D16,D16,Average,3,100,-1,selected,300,haversine,haversine,haversine,angular,native,mean_repeated,830,9362,0.017568299954291433,1.7276644998928532,45cf11de0ede1bda0daccdefb928dee560c1e092ed4685f6933313d761ba60f2,b09e72b4d1bacff892014e8f5d8a2387449141085542dac5ce745e36a414bbd5,9707,9222,9222,485,95.003605645410531,True,0,1.551135761485074,2.9984134943599412,3.2692502478373693,4.6599864100160904,4.6625223205686721,44,402,,95.003605645410531,95.003605645410531,1.551135761485074,1.551135761485074,2.9984134943599412,2.9984134943599412,3.2692502478373693,3.2692502478373693,4.6599864100160904,4.6599864100160904,9221,9221,-1,-1,False,Changed demand denominator AND recalculated top300 candidates,,,,,,,,,
D16,D16,P-Median,3,,,structurally_infeasible,300,haversine,haversine,haversine,,,mean_repeated,830,,,,,,9707,9222,,,,,,,,,,,,,,,,,,,,,,,,,,,,,Changed demand denominator AND recalculated top300 candidates,9090,93.643762233439787,,,,,,,
D16,D16,P-Median,10,24,-1,selected,300,haversine,haversine,haversine,angular,native,mean_repeated,830,9362,0.28762610000558197,4.0949923003208824,513e141baaba9c8e702c45e3f5672a2e92192374a1bc00e4d6efd3bfe1ff5b10,b09e72b4d1bacff892014e8f5d8a2387449141085542dac5ce745e36a414bbd5,9707,9222,9223,484,95.013907489440612,True,1,3.1444666469772433,9.793143135945483,17.853350279639436,28.687629604511976,28.687629604511976,0,0,,95.013907489440612,95.013907489440612,3.1444666469772433,3.1444666469772433,9.793143135945483,9.793143135945483,17.853350279639436,17.853350279639436,28.687629604511976,28.687629604511976,9193,9193,-29,-29,False,Changed demand denominator AND recalculated top300 candidates,,,"[61, 801, 406, 614, 286, 240, 672, 444, 355, 105, 294, 41, 828, 264, 658, 205, 511, 542, 248, 177, 23, 120, 824, 340]",True,30523.337742208099,5,31,no_improving_swap,
D16,D16,P-Median,5,56,-1,selected,300,haversine,haversine,haversine,angular,native,mean_repeated,830,9362,0.27953399997204542,17.206591400085017,5376d29ea93929e2a657176e14a6a8a0d42707dcceef70117e8ecd54b361ec24,b09e72b4d1bacff892014e8f5d8a2387449141085542dac5ce745e36a414bbd5,9707,9222,9245,462,95.240548058102405,True,23,1.7114558002941755,4.9191927569365559,8.4805187528079635,16.519318658721907,16.519318658721907,0,0,,95.240548058102405,95.240548058102405,1.7114558002941755,1.7114558002941755,4.9191927569365559,4.9191927569365559,8.4805187528079635,8.4805187528079635,16.519318658721907,16.519318658721907,9213,9213,-9,-9,False,Changed demand denominator AND recalculated top300 candidates,,,"[50, 347, 392, 622, 267, 240, 667, 461, 371, 111, 294, 41, 828, 264, 698, 205, 511, 542, 249, 120, 6, 422, 824, 328, 658, 179, 801, 289, 633, 402, 103, 494, 373, 440, 222, 638, 280, 825, 295, 577, 40, 592, 362, 230, 672, 130, 665, 316, 530, 407, 412, 308, 758, 28, 160, 827]",True,16613.101453455562,3,23,no_improving_swap,
D16,D16,MCLP,3,,,structurally_infeasible,300,haversine,haversine,haversine,,,mean_repeated,830,,,,,,9707,9222,,,,,,,,,,,,,,,,,,,,,,,,,,,,,Changed demand denominator AND recalculated top300 candidates,9090,93.643762233439787,,,,,,,
D16,D16,MCLP,10,15,-1,selected,300,haversine,haversine,haversine,angular,native,mean_repeated,830,9362,0.017265400034375489,0.041803900036029518,6ae57633bd18dfb0d3d424deb2ca691eb5be21aa3f92cd26ae516dfe4902f0e1,b09e72b4d1bacff892014e8f5d8a2387449141085542dac5ce745e36a414bbd5,9707,9222,9251,456,95.302359122282894,True,29,6.1317768592942379,9.8901151935600833,25.242508257664099,50.478912053681697,50.478912053681697,0,0,,95.302359122282894,95.302359122282894,6.1317768592942379,6.1317768592942379,9.8901151935600833,9.8901151935600833,25.242508257664099,25.242508257664099,50.478912053681697,50.478912053681697,9190,9190,-32,-32,False,Changed demand denominator AND recalculated top300 candidates,,,,,,,,,6ae57633bd18dfb0d3d424deb2ca691eb5be21aa3f92cd26ae516dfe4902f0e1
D16,D16,MCLP,5,40,-1,selected,300,haversine,haversine,haversine,angular,native,mean_repeated,830,9362,0.050950000004377216,0.062636499991640449,549f7f10c0b6982320e6a530acacf311d0bbe889cb8193c010a27edfe278471d,b09e72b4d1bacff892014e8f5d8a2387449141085542dac5ce745e36a414bbd5,9707,9222,9225,482,95.034511177500775,True,3,2.9999732912210533,4.958336792146202,10.505995828432589,26.950553178813898,26.950553178813898,0,0,,95.034511177500775,95.034511177500775,2.9999732912210533,2.9999732912210533,4.958336792146202,4.958336792146202,10.505995828432589,10.505995828432589,26.950553178813898,26.950553178813898,9205,9205,-17,-17,False,Changed demand denominator AND recalculated top300 candidates,,,,,,,,,549f7f10c0b6982320e6a530acacf311d0bbe889cb8193c010a27edfe278471d
D16_main300fixed,D16,P-Median,3,,,structurally_infeasible,300,haversine,haversine,haversine,,,mean_repeated,830,,,,,,9707,9222,,,,,,,,,,,,,,,,,,,,,,,,,,,,,Paired demand-only change with main top300 identities and order fixed,9079,93.530441949108891,,,,,,,
D16_main300fixed,D16,P-Median,10,24,-1,selected,300,haversine,haversine,haversine,angular,native,mean_repeated,830,9362,0.2571734000230208,3.5523017999948934,0bcabf4d8e3f93a46332da6ba862acafd1cebb350b7530eb85a261370a0f23fd,58c9cb18fa2699fcbd84bfa705dcde0a228c12a817d3902893a9d28bc5ff732e,9707,9222,9223,484,95.013907489440612,True,1,3.1444666469772433,9.793143135945483,17.853350279639436,28.687629604511976,28.687629604511976,0,0,,95.013907489440612,95.013907489440612,3.1444666469772433,3.1444666469772433,9.793143135945483,9.793143135945483,17.853350279639436,17.853350279639436,28.687629604511976,28.687629604511976,9193,9193,-29,-29,False,Paired demand-only change with main top300 identities and order fixed,,,"[61, 801, 406, 614, 286, 240, 672, 444, 355, 105, 294, 41, 828, 264, 658, 205, 511, 542, 248, 177, 23, 120, 824, 340]",True,30523.337742208099,5,31,no_improving_swap,
D16_main300fixed,D16,P-Median,5,55,-1,selected,300,haversine,haversine,haversine,angular,native,mean_repeated,830,9362,0.55582280003000051,15.455409200047143,9d76eeb748c10634a8196b3639c162dd9575742a5807129d948d5fede67f8462,58c9cb18fa2699fcbd84bfa705dcde0a228c12a817d3902893a9d28bc5ff732e,9707,9222,9234,473,95.127227773771509,True,12,1.7324573455096375,4.9372601114134502,9.010586105722183,16.550308693700245,16.550308693700245,0,0,,95.127227773771509,95.127227773771509,1.7324573455096375,1.7324573455096375,4.9372601114134502,4.9372601114134502,9.010586105722183,9.010586105722183,16.550308693700245,16.550308693700245,9201,9201,-21,-21,False,Paired demand-only change with main top300 identities and order fixed,,,"[50, 347, 392, 622, 267, 240, 667, 461, 371, 111, 294, 41, 828, 264, 698, 205, 511, 542, 249, 120, 6, 422, 824, 328, 658, 179, 801, 289, 633, 402, 103, 494, 373, 440, 222, 638, 280, 825, 295, 577, 40, 592, 362, 230, 672, 130, 665, 316, 530, 407, 412, 308, 758, 28, 160]",True,16816.963452862052,3,23,no_improving_swap,
D16_main300fixed,D16,MCLP,3,,,structurally_infeasible,300,haversine,haversine,haversine,,,mean_repeated,830,,,,,,9707,9222,,,,,,,,,,,,,,,,,,,,,,,,,,,,,Paired demand-only change with main top300 identities and order fixed,9079,93.530441949108891,,,,,,,
D16_main300fixed,D16,MCLP,10,15,-1,selected,300,haversine,haversine,haversine,angular,native,mean_repeated,830,9362,0.029415400000289083,0.071249200031161308,7af805cf42689c752fa0602878dc8a7df68cafc21a7f8e2beb5de66975a0f071,58c9cb18fa2699fcbd84bfa705dcde0a228c12a817d3902893a9d28bc5ff732e,9707,9222,9251,456,95.302359122282894,True,29,6.1317768592942379,9.8901151935600833,25.242508257664099,50.478912053681697,50.478912053681697,0,0,,95.302359122282894,95.302359122282894,6.1317768592942379,6.1317768592942379,9.8901151935600833,9.8901151935600833,25.242508257664099,25.242508257664099,50.478912053681697,50.478912053681697,9190,9190,-32,-32,False,Paired demand-only change with main top300 identities and order fixed,,,,,,,,,7af805cf42689c752fa0602878dc8a7df68cafc21a7f8e2beb5de66975a0f071
D16_main300fixed,D16,MCLP,5,40,-1,selected,300,haversine,haversine,haversine,angular,native,mean_repeated,830,9362,0.078984500025399029,0.099941099993884563,793677093a39c8e618722d30cce0ef3dc8acaa7582d2eeec3e7e180ca5aa25dd,58c9cb18fa2699fcbd84bfa705dcde0a228c12a817d3902893a9d28bc5ff732e,9707,9222,9225,482,95.034511177500775,True,3,2.9999732912210533,4.958336792146202,10.505995828432589,26.950553178813898,26.950553178813898,0,0,,95.034511177500775,95.034511177500775,2.9999732912210533,2.9999732912210533,4.958336792146202,4.958336792146202,10.505995828432589,10.505995828432589,26.950553178813898,26.950553178813898,9205,9205,-17,-17,False,Paired demand-only change with main top300 identities and order fixed,,,,,,,,,793677093a39c8e618722d30cce0ef3dc8acaa7582d2eeec3e7e180ca5aa25dd
D22,D22,K-Means,10,19,42,selected,300,haversine,haversine,euclidean_degrees,angular,native,mean_repeated,832,9368,0.025883099995553493,2.0173057001666166,4cb02ae9afe83dc463251b58fba7c2476ed1a01806e952d960ba469dae4315ab,b09e72b4d1bacff892014e8f5d8a2387449141085542dac5ce745e36a414bbd5,9713,9228,9432,281,97.106970040152376,True,204,3.9445781993124274,8.4121653002825898,13.495659863615703,25.166930529399814,25.166930529399814,8,80,7,96.417172861113968,97.261402244414697,3.8198471841398556,3.9445781993124274,7.9604335956587517,8.7276951379693202,11.975541001214745,16.409510089475802,25.166930529399814,25.247584517209784,9191,9402,-37,174,False,Changed demand denominator AND recalculated top300 candidates,,,,,,,,,
D22,D22,K-Means,5,41,42,selected,300,haversine,haversine,euclidean_degrees,angular,native,mean_repeated,832,9368,0.059049000032246113,6.4693697002367117,ad6d261e1441a95b083db3deedfa253f78452b003dcd6b9a279743a4cb01699d,b09e72b4d1bacff892014e8f5d8a2387449141085542dac5ce745e36a414bbd5,9713,9228,9319,394,95.943580768042835,True,91,2.1990192332024296,4.5413410798897234,7.0926670555203675,16.299743927271756,16.299743927271756,5,45,12,95.264079069288584,95.943580768042835,2.1901112530768536,2.2485999309917233,4.5413410798897234,4.8990481864951114,6.7823522898552611,7.2607846837888408,14.026535802652818,16.299743927271756,9192,9291,-36,63,False,Changed demand denominator AND recalculated top300 candidates,,,,,,,,,
D22,D22,K-Means,3,85,42,selected,300,haversine,haversine,euclidean_degrees,angular,native,mean_repeated,832,9368,0.11202430003322661,26.968402800266631,9b5c0ab6c2f79ad3a81d52a90ddfcecb55a92193c44fb5417f09adf05a8ad868,b09e72b4d1bacff892014e8f5d8a2387449141085542dac5ce745e36a414bbd5,9713,9228,9259,454,95.32585195099351,True,31,1.2909141708602809,2.9512390901628502,4.2749863076457704,12.996052512646255,12.996052512646255,6,28,5,95.068464943889637,95.737671162359717,1.2886904831288013,1.3101654247365233,2.8641929255659098,2.9870604545371116,4.082396785684189,4.4136035033195276,12.996052512646255,12.996052512646255,9210,9357,-18,129,False,Changed demand denominator AND recalculated top300 candidates,,,,,,,,,
D22,D22,Ward,10,17,-1,selected,300,haversine,haversine,euclidean_degrees,angular,native,mean_repeated,832,9368,0.016115900012664497,0.196110799908638,dc5712df12eec14b44bba4bb683b7bb1e2c0258cb1e96c61ccd64f967ee0ddb4,b09e72b4d1bacff892014e8f5d8a2387449141085542dac5ce745e36a414bbd5,9713,9228,9239,474,95.119942345310406,True,11,4.7388741052915266,9.8737966445103087,12.389419135062203,25.166930529399892,25.166930529399892,43,328,,95.119942345310406,95.119942345310406,4.7388741052915266,4.7388741052915266,9.8737966445103087,9.8737966445103087,12.389419135062203,12.389419135062203,25.166930529399892,25.166930529399892,9154,9154,-74,-74,False,Changed demand denominator AND recalculated top300 candidates,,,,,,,,,
D22,D22,Ward,5,42,-1,selected,300,haversine,haversine,euclidean_degrees,angular,native,mean_repeated,832,9368,0.012871399987488985,0.52269769972190261,011d6f4cbfba98894f530b51f92809b9e715dbba9d30f08f344cd324ac64eaf5,b09e72b4d1bacff892014e8f5d8a2387449141085542dac5ce745e36a414bbd5,9713,9228,9239,474,95.119942345310406,True,11,2.4045300400077938,4.9899793820243303,6.6061157974916425,14.377953932952144,14.377953932952144,61,622,,95.119942345310406,95.119942345310406,2.4045300400077938,2.4045300400077938,4.9899793820243303,4.9899793820243303,6.6061157974916425,6.6061157974916425,14.377953932952144,14.377953932952144,9183,9183,-45,-45,False,Changed demand denominator AND recalculated top300 candidates,,,,,,,,,
D22,D22,Ward,3,81,-1,selected,300,haversine,haversine,euclidean_degrees,angular,native,mean_repeated,832,9368,0.012680899992119521,1.0481398995616473,b9d1e91bf6e1337bf01ee18e4cf2482161fb2d5c89d4a4653dafcfb15d8879dc,b09e72b4d1bacff892014e8f5d8a2387449141085542dac5ce745e36a414bbd5,9713,9228,9231,482,95.037578503037167,True,3,1.607946007082826,2.9965823106842948,4.3217487496001352,8.476521242362951,8.476521242362951,39,470,,95.037578503037167,95.037578503037167,1.607946007082826,1.607946007082826,2.9965823106842948,2.9965823106842948,4.3217487496001352,4.3217487496001352,8.476521242362951,8.476521242362951,9182,9182,-46,-46,False,Changed demand denominator AND recalculated top300 candidates,,,,,,,,,
D22,D22,Complete,10,19,-1,selected,300,haversine,haversine,haversine,angular,native,mean_repeated,832,9368,0.015891299990471452,0.30780890001915395,e444ca0854cc19dc9fb396ac729a31a263e23e6bccd66d3ea2e7f0b035030e4e,b09e72b4d1bacff892014e8f5d8a2387449141085542dac5ce745e36a414bbd5,9713,9228,9281,432,95.552352517244927,True,53,4.8292711884460795,9.7571148051683103,12.052277318076584,14.431516614285142,15.393847494829547,62,558,,95.552352517244927,95.552352517244927,4.8292711884460795,4.8292711884460795,9.7571148051683103,9.7571148051683103,12.052277318076584,12.052277318076584,14.431516614285142,14.431516614285142,8874,8874,-354,-354,False,Changed demand denominator AND recalculated top300 candidates,,,,,,,,,
D22,D22,Complete,5,47,-1,selected,300,haversine,haversine,haversine,angular,native,mean_repeated,832,9368,0.017688599997200072,0.78698540019104257,238153c26258e18ba7a44a21bbd6e68f1a5194277cc94d8bb178ab815bdc8c79,b09e72b4d1bacff892014e8f5d8a2387449141085542dac5ce745e36a414bbd5,9713,9228,9253,460,95.264079069288584,True,25,2.7150059276335745,4.9338275592102381,6.2906693168227212,10.461187366852062,10.461187366852062,83,591,,95.264079069288584,95.264079069288584,2.7150059276335745,2.7150059276335745,4.9338275592102381,4.9338275592102381,6.2906693168227212,6.2906693168227212,10.461187366852062,10.461187366852062,9223,9223,-5,-5,False,Changed demand denominator AND recalculated top300 candidates,,,,,,,,,
D22,D22,Complete,3,90,-1,selected,300,haversine,haversine,haversine,angular,native,mean_repeated,832,9368,0.021942399966064841,1.5755228002090007,f97b7aa039a42963e77a86cb4769ae8cb52c2f7a68ffbd7791b51373f503b82f,b09e72b4d1bacff892014e8f5d8a2387449141085542dac5ce745e36a414bbd5,9713,9228,9233,480,95.058169463605481,True,5,1.5394497337614355,2.9870604545367003,3.8201527897651895,5.3458960582960309,5.3458960582960309,67,558,,95.058169463605481,95.058169463605481,1.5394497337614355,1.5394497337614355,2.9870604545367003,2.9870604545367003,3.8201527897651895,3.8201527897651895,5.3458960582960309,5.3458960582960309,9226,9226,-2,-2,False,Changed demand denominator AND recalculated top300 candidates,,,,,,,,,
D22,D22,Average,10,25,-1,selected,300,haversine,haversine,haversine,angular,native,mean_repeated,832,9368,0.015656500007025898,0.40852779994020239,93355495f4fc3ee9b1871db8a862f0637576aa6ea403696a2787bbe122a014cf,b09e72b4d1bacff892014e8f5d8a2387449141085542dac5ce745e36a414bbd5,9713,9228,9386,327,96.633377947081229,True,158,4.5575533541567532,9.4268788496490288,11.472124793185078,12.598147455231135,15.393847494829547,62,417,,96.633377947081229,96.633377947081229,4.5575533541567532,4.5575533541567532,9.4268788496490288,9.4268788496490288,11.472124793185078,11.472124793185078,12.598147455231135,12.598147455231135,9127,9127,-101,-101,False,Changed demand denominator AND recalculated top300 candidates,,,,,,,,,
D22,D22,Average,5,54,-1,selected,300,haversine,haversine,haversine,angular,native,mean_repeated,832,9368,0.019827199983410537,0.93634359980933368,24721d9b8a1d2ad45b321e6a753fc3d39fd54ead0c07eaf1477bd33a42971d39,b09e72b4d1bacff892014e8f5d8a2387449141085542dac5ce745e36a414bbd5,9713,9228,9340,373,96.159785854010096,True,112,2.5942757010886428,4.8449325612292693,6.0745889397242339,6.7289475758999338,7.5635232763923899,58,644,,96.159785854010096,96.159785854010096,2.5942757010886428,2.5942757010886428,4.8449325612292693,4.8449325612292693,6.0745889397242339,6.0745889397242339,6.7289475758999338,6.7289475758999338,9208,9208,-20,-20,False,Changed demand denominator AND recalculated top300 candidates,,,,,,,,,
D22,D22,Average,3,101,-1,selected,300,haversine,haversine,haversine,angular,native,mean_repeated,832,9368,0.023530600010417402,1.809114099945873,012f72bc9f3739b41f510e1c80c5b7a72199e975ef46772a1faed99a50f48851,b09e72b4d1bacff892014e8f5d8a2387449141085542dac5ce745e36a414bbd5,9713,9228,9228,485,95.006692062184698,True,0,1.5509640034425001,2.9984134943599412,3.2674749245272361,4.6599864100160904,4.6625223205686721,43,416,,95.006692062184698,95.006692062184698,1.5509640034425001,1.5509640034425001,2.9984134943599412,2.9984134943599412,3.2674749245272361,3.2674749245272361,4.6599864100160904,4.6599864100160904,9221,9221,-7,-7,False,Changed demand denominator AND recalculated top300 candidates,,,,,,,,,
D22,D22,P-Median,3,,,structurally_infeasible,300,haversine,haversine,haversine,,,mean_repeated,832,,,,,,9713,9228,,,,,,,,,,,,,,,,,,,,,,,,,,,,,Changed demand denominator AND recalculated top300 candidates,9096,93.64768866467621,,,,,,,
D22,D22,P-Median,10,24,-1,selected,300,haversine,haversine,haversine,angular,native,mean_repeated,832,9368,0.26794089999748394,3.7282901001162827,2cdcaaa4098719c02170a929fe30e42f3ab09863439fc24f821e32e0e0dd4a9a,b09e72b4d1bacff892014e8f5d8a2387449141085542dac5ce745e36a414bbd5,9713,9228,9229,484,95.016987542468854,True,1,3.1445276374631446,9.7704840331886729,17.853350279639436,28.687629604511976,28.687629604511976,0,0,,95.016987542468854,95.016987542468854,3.1445276374631446,3.1445276374631446,9.7704840331886729,9.7704840331886729,17.853350279639436,17.853350279639436,28.687629604511976,28.687629604511976,9199,9199,-29,-29,False,Changed demand denominator AND recalculated top300 candidates,,,"[61, 801, 406, 614, 286, 240, 672, 444, 355, 105, 294, 41, 830, 264, 658, 205, 511, 542, 248, 177, 23, 120, 824, 334]",True,30542.796942679524,5,30,no_improving_swap,
D22,D22,P-Median,5,56,-1,selected,300,haversine,haversine,haversine,angular,native,mean_repeated,832,9368,0.34143460000632331,16.189687700069044,89457b10c977f5d2a8d2a0b4e2597c77b993ae5e093c44c8bdeb1257ab12e693,b09e72b4d1bacff892014e8f5d8a2387449141085542dac5ce745e36a414bbd5,9713,9228,9251,462,95.243488108720271,True,23,1.711421270500904,4.9191927569365559,8.4805187528079635,16.519318658721907,16.519318658721907,0,0,,95.243488108720271,95.243488108720271,1.711421270500904,1.711421270500904,4.9191927569365559,4.9191927569365559,8.4805187528079635,8.4805187528079635,16.519318658721907,16.519318658721907,9219,9219,-9,-9,False,Changed demand denominator AND recalculated top300 candidates,,,"[50, 347, 392, 622, 267, 240, 667, 461, 371, 111, 294, 41, 830, 264, 698, 205, 511, 542, 249, 120, 6, 422, 824, 328, 658, 179, 801, 289, 633, 402, 103, 494, 373, 440, 222, 638, 280, 827, 295, 577, 40, 592, 362, 230, 672, 130, 665, 316, 530, 407, 412, 308, 758, 28, 160, 829]",True,16623.034800375281,3,23,no_improving_swap,
D22,D22,MCLP,3,,,structurally_infeasible,300,haversine,haversine,haversine,,,mean_repeated,832,,,,,,9713,9228,,,,,,,,,,,,,,,,,,,,,,,,,,,,,Changed demand denominator AND recalculated top300 candidates,9096,93.64768866467621,,,,,,,
D22,D22,MCLP,10,15,-1,selected,300,haversine,haversine,haversine,angular,native,mean_repeated,832,9368,0.01785780000500381,0.0435740000102669,21a7a118d2b9d92bde001cf683263047e37343f9014c934bfcb20fe62daf93ea,b09e72b4d1bacff892014e8f5d8a2387449141085542dac5ce745e36a414bbd5,9713,9228,9257,456,95.305260990425197,True,29,6.1298357256330132,9.8901151935600833,25.242508257664099,50.478912053681697,50.478912053681697,0,0,,95.305260990425197,95.305260990425197,6.1298357256330132,6.1298357256330132,9.8901151935600833,9.8901151935600833,25.242508257664099,25.242508257664099,50.478912053681697,50.478912053681697,9196,9196,-32,-32,False,Changed demand denominator AND recalculated top300 candidates,,,,,,,,,21a7a118d2b9d92bde001cf683263047e37343f9014c934bfcb20fe62daf93ea
D22,D22,MCLP,5,40,-1,selected,300,haversine,haversine,haversine,angular,native,mean_repeated,832,9368,0.051182000024709851,0.062641400028951466,13a2a40faa5a9bd74b5620de0b1121a213470561a264d5e7facac24418ef5825,b09e72b4d1bacff892014e8f5d8a2387449141085542dac5ce745e36a414bbd5,9713,9228,9231,482,95.037578503037167,True,3,2.9995825147547164,4.958336792146202,10.505995828432589,26.950553178813898,26.950553178813898,0,0,,95.037578503037167,95.037578503037167,2.9995825147547164,2.9995825147547164,4.958336792146202,4.958336792146202,10.505995828432589,10.505995828432589,26.950553178813898,26.950553178813898,9211,9211,-17,-17,False,Changed demand denominator AND recalculated top300 candidates,,,,,,,,,13a2a40faa5a9bd74b5620de0b1121a213470561a264d5e7facac24418ef5825
D22_main300fixed,D22,P-Median,3,,,structurally_infeasible,300,haversine,haversine,haversine,,,mean_repeated,832,,,,,,9713,9228,,,,,,,,,,,,,,,,,,,,,,,,,,,,,Paired demand-only change with main top300 identities and order fixed,9085,93.534438381550501,,,,,,,
D22_main300fixed,D22,P-Median,10,24,-1,selected,300,haversine,haversine,haversine,angular,native,mean_repeated,832,9368,0.19594689999939874,3.2705720001249574,4b174b9ee11f2234251e46d1332a126e1ee1c5527d90ee1d5b6227e058cc43a6,58c9cb18fa2699fcbd84bfa705dcde0a228c12a817d3902893a9d28bc5ff732e,9713,9228,9229,484,95.016987542468854,True,1,3.1445276374631446,9.7704840331886729,17.853350279639436,28.687629604511976,28.687629604511976,0,0,,95.016987542468854,95.016987542468854,3.1445276374631446,3.1445276374631446,9.7704840331886729,9.7704840331886729,17.853350279639436,17.853350279639436,28.687629604511976,28.687629604511976,9199,9199,-29,-29,False,Paired demand-only change with main top300 identities and order fixed,,,"[61, 801, 406, 614, 286, 240, 672, 444, 355, 105, 294, 41, 830, 264, 658, 205, 511, 542, 248, 177, 23, 120, 824, 334]",True,30542.796942679524,5,30,no_improving_swap,
D22_main300fixed,D22,P-Median,5,55,-1,selected,300,haversine,haversine,haversine,angular,native,mean_repeated,832,9368,0.45407320000231266,15.401892200286966,1bff915a21f85d42decafd12276abb1da370b714aab712f5c3333350a0ce2e5f,58c9cb18fa2699fcbd84bfa705dcde0a228c12a817d3902893a9d28bc5ff732e,9713,9228,9240,473,95.130237825594563,True,12,1.7324098424566838,4.9372601114134502,9.010586105722183,16.550308693700245,16.550308693700245,0,0,,95.130237825594563,95.130237825594563,1.7324098424566838,1.7324098424566838,4.9372601114134502,4.9372601114134502,9.010586105722183,9.010586105722183,16.550308693700245,16.550308693700245,9207,9207,-21,-21,False,Paired demand-only change with main top300 identities and order fixed,,,"[50, 347, 392, 622, 267, 240, 667, 461, 371, 111, 294, 41, 830, 264, 698, 205, 511, 542, 249, 120, 6, 422, 824, 328, 658, 179, 801, 289, 633, 402, 103, 494, 373, 440, 222, 638, 280, 827, 295, 577, 40, 592, 362, 230, 672, 130, 665, 316, 530, 407, 412, 308, 758, 28, 160]",True,16826.896799781771,3,23,no_improving_swap,
D22_main300fixed,D22,MCLP,3,,,structurally_infeasible,300,haversine,haversine,haversine,,,mean_repeated,832,,,,,,9713,9228,,,,,,,,,,,,,,,,,,,,,,,,,,,,,Paired demand-only change with main top300 identities and order fixed,9085,93.534438381550501,,,,,,,
D22_main300fixed,D22,MCLP,10,15,-1,selected,300,haversine,haversine,haversine,angular,native,mean_repeated,832,9368,0.020875000045634806,0.039790600014384836,e28f811e2441d08f78b0c2dc3121969f8c348bbae32a997161ca31f52238a527,58c9cb18fa2699fcbd84bfa705dcde0a228c12a817d3902893a9d28bc5ff732e,9713,9228,9257,456,95.305260990425197,True,29,6.1298357256330132,9.8901151935600833,25.242508257664099,50.478912053681697,50.478912053681697,0,0,,95.305260990425197,95.305260990425197,6.1298357256330132,6.1298357256330132,9.8901151935600833,9.8901151935600833,25.242508257664099,25.242508257664099,50.478912053681697,50.478912053681697,9196,9196,-32,-32,False,Paired demand-only change with main top300 identities and order fixed,,,,,,,,,e28f811e2441d08f78b0c2dc3121969f8c348bbae32a997161ca31f52238a527
D22_main300fixed,D22,MCLP,5,40,-1,selected,300,haversine,haversine,haversine,angular,native,mean_repeated,832,9368,0.05868040001951158,0.072684500017203391,0016ec1ad4fa0d9f15248dcb84349b21ca744e56bb4cb4de3748f9b9286c35f2,58c9cb18fa2699fcbd84bfa705dcde0a228c12a817d3902893a9d28bc5ff732e,9713,9228,9231,482,95.037578503037167,True,3,2.9995825147547164,4.958336792146202,10.505995828432589,26.950553178813898,26.950553178813898,0,0,,95.037578503037167,95.037578503037167,2.9995825147547164,2.9995825147547164,4.958336792146202,4.958336792146202,10.505995828432589,10.505995828432589,26.950553178813898,26.950553178813898,9211,9211,-17,-17,False,Paired demand-only change with main top300 identities and order fixed,,,,,,,,,0016ec1ad4fa0d9f15248dcb84349b21ca744e56bb4cb4de3748f9b9286c35f2
