case,cohort,method,radius_km,K_selected,seed,municipality,N_orders,covered_orders,uncovered_orders,coverage_pct
main,main,K-Means,10,17,42,belford roxo,104,104,0,100
main,main,K-Means,10,17,42,cachoeiras de macacu,20,1,19,5
main,main,K-Means,10,17,42,duque de caxias,250,216,34,86.400000000000006
main,main,K-Means,10,17,42,guapimirim,21,4,17,19.047619047619047
main,main,K-Means,10,17,42,itaborai,56,0,56,0
main,main,K-Means,10,17,42,itaguai,46,0,46,0
main,main,K-Means,10,17,42,japeri,34,34,0,100
main,main,K-Means,10,17,42,mage,104,92,12,88.461538461538467
main,main,K-Means,10,17,42,marica,133,103,30,77.443609022556387
main,main,K-Means,10,17,42,mesquita,75,75,0,100
main,main,K-Means,10,17,42,nilopolis,103,103,0,100
main,main,K-Means,10,17,42,niteroi,824,824,0,100
main,main,K-Means,10,17,42,nova iguacu,423,410,13,96.92671394799055
main,main,K-Means,10,17,42,paracambi,35,0,35,0
main,main,K-Means,10,17,42,petropolis,234,209,25,89.316239316239319
main,main,K-Means,10,17,42,queimados,53,50,3,94.339622641509436
main,main,K-Means,10,17,42,rio bonito,27,27,0,100
main,main,K-Means,10,17,42,rio de janeiro,6601,6510,91,98.621420996818671
main,main,K-Means,10,17,42,sao goncalo,385,385,0,100
main,main,K-Means,10,17,42,sao joao de meriti,124,124,0,100
main,main,K-Means,10,17,42,seropedica,33,11,22,33.333333333333336
main,main,K-Means,10,17,42,tangua,6,0,6,0
main,main,K-Means,5,40,42,belford roxo,104,84,20,80.769230769230774
main,main,K-Means,5,40,42,cachoeiras de macacu,20,19,1,95
main,main,K-Means,5,40,42,duque de caxias,250,214,36,85.599999999999994
main,main,K-Means,5,40,42,guapimirim,21,4,17,19.047619047619047
main,main,K-Means,5,40,42,itaborai,56,43,13,76.785714285714292
main,main,K-Means,5,40,42,itaguai,46,42,4,91.304347826086953
main,main,K-Means,5,40,42,japeri,34,10,24,29.411764705882351
main,main,K-Means,5,40,42,mage,104,49,55,47.115384615384613
main,main,K-Means,5,40,42,marica,133,114,19,85.714285714285708
main,main,K-Means,5,40,42,mesquita,75,75,0,100
main,main,K-Means,5,40,42,nilopolis,103,103,0,100
main,main,K-Means,5,40,42,niteroi,824,802,22,97.330097087378647
main,main,K-Means,5,40,42,nova iguacu,423,374,49,88.416075650118202
main,main,K-Means,5,40,42,paracambi,35,35,0,100
main,main,K-Means,5,40,42,petropolis,234,200,34,85.470085470085465
main,main,K-Means,5,40,42,queimados,53,52,1,98.113207547169807
main,main,K-Means,5,40,42,rio bonito,27,27,0,100
main,main,K-Means,5,40,42,rio de janeiro,6601,6505,96,98.545674897742771
main,main,K-Means,5,40,42,sao goncalo,385,341,44,88.571428571428569
main,main,K-Means,5,40,42,sao joao de meriti,124,124,0,100
main,main,K-Means,5,40,42,seropedica,33,23,10,69.696969696969703
main,main,K-Means,5,40,42,tangua,6,0,6,0
main,main,K-Means,3,82,42,belford roxo,104,97,7,93.269230769230774
main,main,K-Means,3,82,42,cachoeiras de macacu,20,19,1,95
main,main,K-Means,3,82,42,duque de caxias,250,215,35,86
main,main,K-Means,3,82,42,guapimirim,21,15,6,71.428571428571431
main,main,K-Means,3,82,42,itaborai,56,47,9,83.928571428571431
main,main,K-Means,3,82,42,itaguai,46,38,8,82.608695652173907
main,main,K-Means,3,82,42,japeri,34,16,18,47.058823529411768
main,main,K-Means,3,82,42,mage,104,78,26,75
main,main,K-Means,3,82,42,marica,133,117,16,87.969924812030072
main,main,K-Means,3,82,42,mesquita,75,75,0,100
main,main,K-Means,3,82,42,nilopolis,103,103,0,100
main,main,K-Means,3,82,42,niteroi,824,815,9,98.907766990291265
main,main,K-Means,3,82,42,nova iguacu,423,390,33,92.198581560283685
main,main,K-Means,3,82,42,paracambi,35,35,0,100
main,main,K-Means,3,82,42,petropolis,234,184,50,78.632478632478637
main,main,K-Means,3,82,42,queimados,53,51,2,96.226415094339629
main,main,K-Means,3,82,42,rio bonito,27,27,0,100
main,main,K-Means,3,82,42,rio de janeiro,6601,6434,167,97.470080290865027
main,main,K-Means,3,82,42,sao goncalo,385,363,22,94.285714285714292
main,main,K-Means,3,82,42,sao joao de meriti,124,118,6,95.161290322580641
main,main,K-Means,3,82,42,seropedica,33,26,7,78.787878787878782
main,main,K-Means,3,82,42,tangua,6,0,6,0
main,main,Ward,10,17,-1,belford roxo,104,104,0,100
main,main,Ward,10,17,-1,cachoeiras de macacu,20,1,19,5
main,main,Ward,10,17,-1,duque de caxias,250,245,5,98
main,main,Ward,10,17,-1,guapimirim,21,8,13,38.095238095238095
main,main,Ward,10,17,-1,itaborai,56,4,52,7.1428571428571432
main,main,Ward,10,17,-1,itaguai,46,46,0,100
main,main,Ward,10,17,-1,japeri,34,34,0,100
main,main,Ward,10,17,-1,mage,104,92,12,88.461538461538467
main,main,Ward,10,17,-1,marica,133,129,4,96.992481203007515
main,main,Ward,10,17,-1,mesquita,75,75,0,100
main,main,Ward,10,17,-1,nilopolis,103,103,0,100
main,main,Ward,10,17,-1,niteroi,824,824,0,100
main,main,Ward,10,17,-1,nova iguacu,423,419,4,99.054373522458633
main,main,Ward,10,17,-1,paracambi,35,0,35,0
main,main,Ward,10,17,-1,petropolis,234,209,25,89.316239316239319
main,main,Ward,10,17,-1,queimados,53,53,0,100
main,main,Ward,10,17,-1,rio bonito,27,0,27,0
main,main,Ward,10,17,-1,rio de janeiro,6601,6358,243,96.318739584911384
main,main,Ward,10,17,-1,sao goncalo,385,385,0,100
main,main,Ward,10,17,-1,sao joao de meriti,124,124,0,100
main,main,Ward,10,17,-1,seropedica,33,11,22,33.333333333333336
main,main,Ward,10,17,-1,tangua,6,6,0,100
main,main,Ward,5,42,-1,belford roxo,104,100,4,96.15384615384616
main,main,Ward,5,42,-1,cachoeiras de macacu,20,19,1,95
main,main,Ward,5,42,-1,duque de caxias,250,225,25,90
main,main,Ward,5,42,-1,guapimirim,21,17,4,80.952380952380949
main,main,Ward,5,42,-1,itaborai,56,43,13,76.785714285714292
main,main,Ward,5,42,-1,itaguai,46,42,4,91.304347826086953
main,main,Ward,5,42,-1,japeri,34,25,9,73.529411764705884
main,main,Ward,5,42,-1,mage,104,99,5,95.192307692307693
main,main,Ward,5,42,-1,marica,133,129,4,96.992481203007515
main,main,Ward,5,42,-1,mesquita,75,75,0,100
main,main,Ward,5,42,-1,nilopolis,103,103,0,100
main,main,Ward,5,42,-1,niteroi,824,808,16,98.05825242718447
main,main,Ward,5,42,-1,nova iguacu,423,403,20,95.27186761229315
main,main,Ward,5,42,-1,paracambi,35,35,0,100
main,main,Ward,5,42,-1,petropolis,234,200,34,85.470085470085465
main,main,Ward,5,42,-1,queimados,53,53,0,100
main,main,Ward,5,42,-1,rio bonito,27,27,0,100
main,main,Ward,5,42,-1,rio de janeiro,6601,6358,243,96.318739584911384
main,main,Ward,5,42,-1,sao goncalo,385,349,36,90.649350649350652
main,main,Ward,5,42,-1,sao joao de meriti,124,124,0,100
main,main,Ward,5,42,-1,seropedica,33,13,20,39.393939393939391
main,main,Ward,5,42,-1,tangua,6,0,6,0
main,main,Ward,3,80,-1,belford roxo,104,94,10,90.384615384615387
main,main,Ward,3,80,-1,cachoeiras de macacu,20,20,0,100
main,main,Ward,3,80,-1,duque de caxias,250,235,15,94
main,main,Ward,3,80,-1,guapimirim,21,17,4,80.952380952380949
main,main,Ward,3,80,-1,itaborai,56,47,9,83.928571428571431
main,main,Ward,3,80,-1,itaguai,46,46,0,100
main,main,Ward,3,80,-1,japeri,34,20,14,58.823529411764703
main,main,Ward,3,80,-1,mage,104,89,15,85.57692307692308
main,main,Ward,3,80,-1,marica,133,107,26,80.451127819548873
main,main,Ward,3,80,-1,mesquita,75,75,0,100
main,main,Ward,3,80,-1,nilopolis,103,103,0,100
main,main,Ward,3,80,-1,niteroi,824,764,60,92.71844660194175
main,main,Ward,3,80,-1,nova iguacu,423,406,17,95.981087470449168
main,main,Ward,3,80,-1,paracambi,35,35,0,100
main,main,Ward,3,80,-1,petropolis,234,209,25,89.316239316239319
main,main,Ward,3,80,-1,queimados,53,52,1,98.113207547169807
main,main,Ward,3,80,-1,rio bonito,27,27,0,100
main,main,Ward,3,80,-1,rio de janeiro,6601,6374,227,96.561127101954256
main,main,Ward,3,80,-1,sao goncalo,385,341,44,88.571428571428569
main,main,Ward,3,80,-1,sao joao de meriti,124,124,0,100
main,main,Ward,3,80,-1,seropedica,33,31,2,93.939393939393938
main,main,Ward,3,80,-1,tangua,6,0,6,0
main,main,Complete,10,19,-1,belford roxo,104,77,27,74.038461538461533
main,main,Complete,10,19,-1,cachoeiras de macacu,20,19,1,95
main,main,Complete,10,19,-1,duque de caxias,250,210,40,84
main,main,Complete,10,19,-1,guapimirim,21,8,13,38.095238095238095
main,main,Complete,10,19,-1,itaborai,56,56,0,100
main,main,Complete,10,19,-1,itaguai,46,46,0,100
main,main,Complete,10,19,-1,japeri,34,34,0,100
main,main,Complete,10,19,-1,mage,104,69,35,66.34615384615384
main,main,Complete,10,19,-1,marica,133,131,2,98.496240601503757
main,main,Complete,10,19,-1,mesquita,75,75,0,100
main,main,Complete,10,19,-1,nilopolis,103,103,0,100
main,main,Complete,10,19,-1,niteroi,824,819,5,99.393203883495147
main,main,Complete,10,19,-1,nova iguacu,423,410,13,96.92671394799055
main,main,Complete,10,19,-1,paracambi,35,35,0,100
main,main,Complete,10,19,-1,petropolis,234,229,5,97.863247863247864
main,main,Complete,10,19,-1,queimados,53,14,39,26.415094339622641
main,main,Complete,10,19,-1,rio bonito,27,27,0,100
main,main,Complete,10,19,-1,rio de janeiro,6601,6477,124,98.121496742917742
main,main,Complete,10,19,-1,sao goncalo,385,305,80,79.220779220779221
main,main,Complete,10,19,-1,sao joao de meriti,124,107,17,86.290322580645167
main,main,Complete,10,19,-1,seropedica,33,20,13,60.606060606060609
main,main,Complete,10,19,-1,tangua,6,6,0,100
main,main,Complete,5,46,-1,belford roxo,104,99,5,95.192307692307693
main,main,Complete,5,46,-1,cachoeiras de macacu,20,20,0,100
main,main,Complete,5,46,-1,duque de caxias,250,250,0,100
main,main,Complete,5,46,-1,guapimirim,21,17,4,80.952380952380949
main,main,Complete,5,46,-1,itaborai,56,46,10,82.142857142857139
main,main,Complete,5,46,-1,itaguai,46,42,4,91.304347826086953
main,main,Complete,5,46,-1,japeri,34,30,4,88.235294117647058
main,main,Complete,5,46,-1,mage,104,99,5,95.192307692307693
main,main,Complete,5,46,-1,marica,133,120,13,90.225563909774436
main,main,Complete,5,46,-1,mesquita,75,75,0,100
main,main,Complete,5,46,-1,nilopolis,103,103,0,100
main,main,Complete,5,46,-1,niteroi,824,808,16,98.05825242718447
main,main,Complete,5,46,-1,nova iguacu,423,406,17,95.981087470449168
main,main,Complete,5,46,-1,paracambi,35,35,0,100
main,main,Complete,5,46,-1,petropolis,234,215,19,91.880341880341874
main,main,Complete,5,46,-1,queimados,53,46,7,86.79245283018868
main,main,Complete,5,46,-1,rio bonito,27,27,0,100
main,main,Complete,5,46,-1,rio de janeiro,6601,6299,302,95.424935615815784
main,main,Complete,5,46,-1,sao goncalo,385,346,39,89.870129870129873
main,main,Complete,5,46,-1,sao joao de meriti,124,99,25,79.838709677419359
main,main,Complete,5,46,-1,seropedica,33,28,5,84.848484848484844
main,main,Complete,5,46,-1,tangua,6,6,0,100
main,main,Complete,3,88,-1,belford roxo,104,104,0,100
main,main,Complete,3,88,-1,cachoeiras de macacu,20,20,0,100
main,main,Complete,3,88,-1,duque de caxias,250,241,9,96.400000000000006
main,main,Complete,3,88,-1,guapimirim,21,21,0,100
main,main,Complete,3,88,-1,itaborai,56,48,8,85.714285714285708
main,main,Complete,3,88,-1,itaguai,46,46,0,100
main,main,Complete,3,88,-1,japeri,34,20,14,58.823529411764703
main,main,Complete,3,88,-1,mage,104,93,11,89.42307692307692
main,main,Complete,3,88,-1,marica,133,131,2,98.496240601503757
main,main,Complete,3,88,-1,mesquita,75,75,0,100
main,main,Complete,3,88,-1,nilopolis,103,100,3,97.087378640776706
main,main,Complete,3,88,-1,niteroi,824,766,58,92.961165048543691
main,main,Complete,3,88,-1,nova iguacu,423,400,23,94.562647754137117
main,main,Complete,3,88,-1,paracambi,35,35,0,100
main,main,Complete,3,88,-1,petropolis,234,224,10,95.726495726495727
main,main,Complete,3,88,-1,queimados,53,50,3,94.339622641509436
main,main,Complete,3,88,-1,rio bonito,27,27,0,100
main,main,Complete,3,88,-1,rio de janeiro,6601,6305,296,95.515830934706869
main,main,Complete,3,88,-1,sao goncalo,385,358,27,92.987012987012989
main,main,Complete,3,88,-1,sao joao de meriti,124,124,0,100
main,main,Complete,3,88,-1,seropedica,33,31,2,93.939393939393938
main,main,Complete,3,88,-1,tangua,6,6,0,100
main,main,Average,10,24,-1,belford roxo,104,101,3,97.115384615384613
main,main,Average,10,24,-1,cachoeiras de macacu,20,20,0,100
main,main,Average,10,24,-1,duque de caxias,250,160,90,64
main,main,Average,10,24,-1,guapimirim,21,21,0,100
main,main,Average,10,24,-1,itaborai,56,56,0,100
main,main,Average,10,24,-1,itaguai,46,46,0,100
main,main,Average,10,24,-1,japeri,34,34,0,100
main,main,Average,10,24,-1,mage,104,104,0,100
main,main,Average,10,24,-1,marica,133,131,2,98.496240601503757
main,main,Average,10,24,-1,mesquita,75,75,0,100
main,main,Average,10,24,-1,nilopolis,103,103,0,100
main,main,Average,10,24,-1,niteroi,824,819,5,99.393203883495147
main,main,Average,10,24,-1,nova iguacu,423,356,67,84.160756501182036
main,main,Average,10,24,-1,paracambi,35,0,35,0
main,main,Average,10,24,-1,petropolis,234,234,0,100
main,main,Average,10,24,-1,queimados,53,51,2,96.226415094339629
main,main,Average,10,24,-1,rio bonito,27,27,0,100
main,main,Average,10,24,-1,rio de janeiro,6601,6558,43,99.348583547947285
main,main,Average,10,24,-1,sao goncalo,385,305,80,79.220779220779221
main,main,Average,10,24,-1,sao joao de meriti,124,124,0,100
main,main,Average,10,24,-1,seropedica,33,33,0,100
main,main,Average,10,24,-1,tangua,6,6,0,100
main,main,Average,5,53,-1,belford roxo,104,104,0,100
main,main,Average,5,53,-1,cachoeiras de macacu,20,20,0,100
main,main,Average,5,53,-1,duque de caxias,250,235,15,94
main,main,Average,5,53,-1,guapimirim,21,17,4,80.952380952380949
main,main,Average,5,53,-1,itaborai,56,51,5,91.071428571428569
main,main,Average,5,53,-1,itaguai,46,42,4,91.304347826086953
main,main,Average,5,53,-1,japeri,34,25,9,73.529411764705884
main,main,Average,5,53,-1,mage,104,104,0,100
main,main,Average,5,53,-1,marica,133,128,5,96.240601503759393
main,main,Average,5,53,-1,mesquita,75,75,0,100
main,main,Average,5,53,-1,nilopolis,103,103,0,100
main,main,Average,5,53,-1,niteroi,824,820,4,99.514563106796118
main,main,Average,5,53,-1,nova iguacu,423,413,10,97.635933806146568
main,main,Average,5,53,-1,paracambi,35,35,0,100
main,main,Average,5,53,-1,petropolis,234,218,16,93.162393162393158
main,main,Average,5,53,-1,queimados,53,53,0,100
main,main,Average,5,53,-1,rio bonito,27,27,0,100
main,main,Average,5,53,-1,rio de janeiro,6601,6316,285,95.682472352673841
main,main,Average,5,53,-1,sao goncalo,385,373,12,96.883116883116884
main,main,Average,5,53,-1,sao joao de meriti,124,122,2,98.387096774193552
main,main,Average,5,53,-1,seropedica,33,33,0,100
main,main,Average,5,53,-1,tangua,6,6,0,100
main,main,Average,3,99,-1,belford roxo,104,94,10,90.384615384615387
main,main,Average,3,99,-1,cachoeiras de macacu,20,20,0,100
main,main,Average,3,99,-1,duque de caxias,250,248,2,99.200000000000003
main,main,Average,3,99,-1,guapimirim,21,21,0,100
main,main,Average,3,99,-1,itaborai,56,54,2,96.428571428571431
main,main,Average,3,99,-1,itaguai,46,46,0,100
main,main,Average,3,99,-1,japeri,34,34,0,100
main,main,Average,3,99,-1,mage,104,101,3,97.115384615384613
main,main,Average,3,99,-1,marica,133,131,2,98.496240601503757
main,main,Average,3,99,-1,mesquita,75,75,0,100
main,main,Average,3,99,-1,nilopolis,103,103,0,100
main,main,Average,3,99,-1,niteroi,824,809,15,98.179611650485441
main,main,Average,3,99,-1,nova iguacu,423,400,23,94.562647754137117
main,main,Average,3,99,-1,paracambi,35,35,0,100
main,main,Average,3,99,-1,petropolis,234,218,16,93.162393162393158
main,main,Average,3,99,-1,queimados,53,53,0,100
main,main,Average,3,99,-1,rio bonito,27,27,0,100
main,main,Average,3,99,-1,rio de janeiro,6601,6208,393,94.046356612634455
main,main,Average,3,99,-1,sao goncalo,385,381,4,98.961038961038966
main,main,Average,3,99,-1,sao joao de meriti,124,118,6,95.161290322580641
main,main,Average,3,99,-1,seropedica,33,31,2,93.939393939393938
main,main,Average,3,99,-1,tangua,6,6,0,100
main,main,P-Median,10,23,-1,belford roxo,104,104,0,100
main,main,P-Median,10,23,-1,cachoeiras de macacu,20,0,20,0
main,main,P-Median,10,23,-1,duque de caxias,250,183,67,73.200000000000003
main,main,P-Median,10,23,-1,guapimirim,21,0,21,0
main,main,P-Median,10,23,-1,itaborai,56,0,56,0
main,main,P-Median,10,23,-1,itaguai,46,0,46,0
main,main,P-Median,10,23,-1,japeri,34,14,20,41.176470588235297
main,main,P-Median,10,23,-1,mage,104,60,44,57.692307692307693
main,main,P-Median,10,23,-1,marica,133,100,33,75.187969924812023
main,main,P-Median,10,23,-1,mesquita,75,75,0,100
main,main,P-Median,10,23,-1,nilopolis,103,103,0,100
main,main,P-Median,10,23,-1,niteroi,824,809,15,98.179611650485441
main,main,P-Median,10,23,-1,nova iguacu,423,409,14,96.690307328605201
main,main,P-Median,10,23,-1,paracambi,35,35,0,100
main,main,P-Median,10,23,-1,petropolis,234,191,43,81.623931623931625
main,main,P-Median,10,23,-1,queimados,53,3,50,5.6603773584905657
main,main,P-Median,10,23,-1,rio bonito,27,27,0,100
main,main,P-Median,10,23,-1,rio de janeiro,6601,6601,0,100
main,main,P-Median,10,23,-1,sao goncalo,385,385,0,100
main,main,P-Median,10,23,-1,sao joao de meriti,124,124,0,100
main,main,P-Median,10,23,-1,seropedica,33,0,33,0
main,main,P-Median,10,23,-1,tangua,6,0,6,0
main,main,P-Median,5,55,-1,belford roxo,104,81,23,77.884615384615387
main,main,P-Median,5,55,-1,cachoeiras de macacu,20,19,1,95
main,main,P-Median,5,55,-1,duque de caxias,250,163,87,65.200000000000003
main,main,P-Median,5,55,-1,guapimirim,21,17,4,80.952380952380949
main,main,P-Median,5,55,-1,itaborai,56,37,19,66.071428571428569
main,main,P-Median,5,55,-1,itaguai,46,38,8,82.608695652173907
main,main,P-Median,5,55,-1,japeri,34,0,34,0
main,main,P-Median,5,55,-1,mage,104,74,30,71.15384615384616
main,main,P-Median,5,55,-1,marica,133,92,41,69.172932330827066
main,main,P-Median,5,55,-1,mesquita,75,75,0,100
main,main,P-Median,5,55,-1,nilopolis,103,103,0,100
main,main,P-Median,5,55,-1,niteroi,824,815,9,98.907766990291265
main,main,P-Median,5,55,-1,nova iguacu,423,400,23,94.562647754137117
main,main,P-Median,5,55,-1,paracambi,35,35,0,100
main,main,P-Median,5,55,-1,petropolis,234,194,40,82.90598290598291
main,main,P-Median,5,55,-1,queimados,53,30,23,56.60377358490566
main,main,P-Median,5,55,-1,rio bonito,27,27,0,100
main,main,P-Median,5,55,-1,rio de janeiro,6601,6562,39,99.409180427208
main,main,P-Median,5,55,-1,sao goncalo,385,348,37,90.389610389610397
main,main,P-Median,5,55,-1,sao joao de meriti,124,124,0,100
main,main,P-Median,5,55,-1,seropedica,33,0,33,0
main,main,P-Median,5,55,-1,tangua,6,0,6,0
main,main,MCLP,10,15,-1,belford roxo,104,104,0,100
main,main,MCLP,10,15,-1,cachoeiras de macacu,20,0,20,0
main,main,MCLP,10,15,-1,duque de caxias,250,246,4,98.400000000000006
main,main,MCLP,10,15,-1,guapimirim,21,0,21,0
main,main,MCLP,10,15,-1,itaborai,56,0,56,0
main,main,MCLP,10,15,-1,itaguai,46,32,14,69.565217391304344
main,main,MCLP,10,15,-1,japeri,34,0,34,0
main,main,MCLP,10,15,-1,mage,104,0,104,0
main,main,MCLP,10,15,-1,marica,133,109,24,81.954887218045116
main,main,MCLP,10,15,-1,mesquita,75,75,0,100
main,main,MCLP,10,15,-1,nilopolis,103,103,0,100
main,main,MCLP,10,15,-1,niteroi,824,824,0,100
main,main,MCLP,10,15,-1,nova iguacu,423,423,0,100
main,main,MCLP,10,15,-1,paracambi,35,0,35,0
main,main,MCLP,10,15,-1,petropolis,234,209,25,89.316239316239319
main,main,MCLP,10,15,-1,queimados,53,52,1,98.113207547169807
main,main,MCLP,10,15,-1,rio bonito,27,0,27,0
main,main,MCLP,10,15,-1,rio de janeiro,6601,6568,33,99.500075746099071
main,main,MCLP,10,15,-1,sao goncalo,385,382,3,99.220779220779221
main,main,MCLP,10,15,-1,sao joao de meriti,124,124,0,100
main,main,MCLP,10,15,-1,seropedica,33,0,33,0
main,main,MCLP,10,15,-1,tangua,6,0,6,0
main,main,MCLP,5,40,-1,belford roxo,104,91,13,87.5
main,main,MCLP,5,40,-1,cachoeiras de macacu,20,0,20,0
main,main,MCLP,5,40,-1,duque de caxias,250,163,87,65.200000000000003
main,main,MCLP,5,40,-1,guapimirim,21,0,21,0
main,main,MCLP,5,40,-1,itaborai,56,37,19,66.071428571428569
main,main,MCLP,5,40,-1,itaguai,46,38,8,82.608695652173907
main,main,MCLP,5,40,-1,japeri,34,0,34,0
main,main,MCLP,5,40,-1,mage,104,74,30,71.15384615384616
main,main,MCLP,5,40,-1,marica,133,92,41,69.172932330827066
main,main,MCLP,5,40,-1,mesquita,75,75,0,100
main,main,MCLP,5,40,-1,nilopolis,103,103,0,100
main,main,MCLP,5,40,-1,niteroi,824,820,4,99.514563106796118
main,main,MCLP,5,40,-1,nova iguacu,423,390,33,92.198581560283685
main,main,MCLP,5,40,-1,paracambi,35,35,0,100
main,main,MCLP,5,40,-1,petropolis,234,216,18,92.307692307692307
main,main,MCLP,5,40,-1,queimados,53,30,23,56.60377358490566
main,main,MCLP,5,40,-1,rio bonito,27,27,0,100
main,main,MCLP,5,40,-1,rio de janeiro,6601,6547,54,99.1819421299803
main,main,MCLP,5,40,-1,sao goncalo,385,363,22,94.285714285714292
main,main,MCLP,5,40,-1,sao joao de meriti,124,124,0,100
main,main,MCLP,5,40,-1,seropedica,33,0,33,0
main,main,MCLP,5,40,-1,tangua,6,0,6,0
geodesic,main,K-Means,10,17,42,belford roxo,104,104,0,100
geodesic,main,K-Means,10,17,42,cachoeiras de macacu,20,1,19,5
geodesic,main,K-Means,10,17,42,duque de caxias,250,216,34,86.400000000000006
geodesic,main,K-Means,10,17,42,guapimirim,21,4,17,19.047619047619047
geodesic,main,K-Means,10,17,42,itaborai,56,0,56,0
geodesic,main,K-Means,10,17,42,itaguai,46,0,46,0
geodesic,main,K-Means,10,17,42,japeri,34,34,0,100
geodesic,main,K-Means,10,17,42,mage,104,92,12,88.461538461538467
geodesic,main,K-Means,10,17,42,marica,133,103,30,77.443609022556387
geodesic,main,K-Means,10,17,42,mesquita,75,75,0,100
geodesic,main,K-Means,10,17,42,nilopolis,103,103,0,100
geodesic,main,K-Means,10,17,42,niteroi,824,824,0,100
geodesic,main,K-Means,10,17,42,nova iguacu,423,410,13,96.92671394799055
geodesic,main,K-Means,10,17,42,paracambi,35,0,35,0
geodesic,main,K-Means,10,17,42,petropolis,234,209,25,89.316239316239319
geodesic,main,K-Means,10,17,42,queimados,53,50,3,94.339622641509436
geodesic,main,K-Means,10,17,42,rio bonito,27,27,0,100
geodesic,main,K-Means,10,17,42,rio de janeiro,6601,6510,91,98.621420996818671
geodesic,main,K-Means,10,17,42,sao goncalo,385,385,0,100
geodesic,main,K-Means,10,17,42,sao joao de meriti,124,124,0,100
geodesic,main,K-Means,10,17,42,seropedica,33,11,22,33.333333333333336
geodesic,main,K-Means,10,17,42,tangua,6,0,6,0
geodesic,main,K-Means,5,40,42,belford roxo,104,84,20,80.769230769230774
geodesic,main,K-Means,5,40,42,cachoeiras de macacu,20,19,1,95
geodesic,main,K-Means,5,40,42,duque de caxias,250,214,36,85.599999999999994
geodesic,main,K-Means,5,40,42,guapimirim,21,4,17,19.047619047619047
geodesic,main,K-Means,5,40,42,itaborai,56,43,13,76.785714285714292
geodesic,main,K-Means,5,40,42,itaguai,46,42,4,91.304347826086953
geodesic,main,K-Means,5,40,42,japeri,34,10,24,29.411764705882351
geodesic,main,K-Means,5,40,42,mage,104,49,55,47.115384615384613
geodesic,main,K-Means,5,40,42,marica,133,114,19,85.714285714285708
geodesic,main,K-Means,5,40,42,mesquita,75,75,0,100
geodesic,main,K-Means,5,40,42,nilopolis,103,103,0,100
geodesic,main,K-Means,5,40,42,niteroi,824,802,22,97.330097087378647
geodesic,main,K-Means,5,40,42,nova iguacu,423,374,49,88.416075650118202
geodesic,main,K-Means,5,40,42,paracambi,35,35,0,100
geodesic,main,K-Means,5,40,42,petropolis,234,200,34,85.470085470085465
geodesic,main,K-Means,5,40,42,queimados,53,52,1,98.113207547169807
geodesic,main,K-Means,5,40,42,rio bonito,27,27,0,100
geodesic,main,K-Means,5,40,42,rio de janeiro,6601,6505,96,98.545674897742771
geodesic,main,K-Means,5,40,42,sao goncalo,385,341,44,88.571428571428569
geodesic,main,K-Means,5,40,42,sao joao de meriti,124,124,0,100
geodesic,main,K-Means,5,40,42,seropedica,33,23,10,69.696969696969703
geodesic,main,K-Means,5,40,42,tangua,6,0,6,0
geodesic,main,K-Means,3,82,42,belford roxo,104,97,7,93.269230769230774
geodesic,main,K-Means,3,82,42,cachoeiras de macacu,20,19,1,95
geodesic,main,K-Means,3,82,42,duque de caxias,250,215,35,86
geodesic,main,K-Means,3,82,42,guapimirim,21,15,6,71.428571428571431
geodesic,main,K-Means,3,82,42,itaborai,56,47,9,83.928571428571431
geodesic,main,K-Means,3,82,42,itaguai,46,38,8,82.608695652173907
geodesic,main,K-Means,3,82,42,japeri,34,16,18,47.058823529411768
geodesic,main,K-Means,3,82,42,mage,104,78,26,75
geodesic,main,K-Means,3,82,42,marica,133,117,16,87.969924812030072
geodesic,main,K-Means,3,82,42,mesquita,75,75,0,100
geodesic,main,K-Means,3,82,42,nilopolis,103,103,0,100
geodesic,main,K-Means,3,82,42,niteroi,824,815,9,98.907766990291265
geodesic,main,K-Means,3,82,42,nova iguacu,423,389,34,91.96217494089835
geodesic,main,K-Means,3,82,42,paracambi,35,35,0,100
geodesic,main,K-Means,3,82,42,petropolis,234,184,50,78.632478632478637
geodesic,main,K-Means,3,82,42,queimados,53,51,2,96.226415094339629
geodesic,main,K-Means,3,82,42,rio bonito,27,27,0,100
geodesic,main,K-Means,3,82,42,rio de janeiro,6601,6434,167,97.470080290865027
geodesic,main,K-Means,3,82,42,sao goncalo,385,363,22,94.285714285714292
geodesic,main,K-Means,3,82,42,sao joao de meriti,124,118,6,95.161290322580641
geodesic,main,K-Means,3,82,42,seropedica,33,26,7,78.787878787878782
geodesic,main,K-Means,3,82,42,tangua,6,0,6,0
geodesic,main,Ward,10,17,-1,belford roxo,104,104,0,100
geodesic,main,Ward,10,17,-1,cachoeiras de macacu,20,1,19,5
geodesic,main,Ward,10,17,-1,duque de caxias,250,245,5,98
geodesic,main,Ward,10,17,-1,guapimirim,21,8,13,38.095238095238095
geodesic,main,Ward,10,17,-1,itaborai,56,4,52,7.1428571428571432
geodesic,main,Ward,10,17,-1,itaguai,46,46,0,100
geodesic,main,Ward,10,17,-1,japeri,34,34,0,100
geodesic,main,Ward,10,17,-1,mage,104,92,12,88.461538461538467
geodesic,main,Ward,10,17,-1,marica,133,129,4,96.992481203007515
geodesic,main,Ward,10,17,-1,mesquita,75,75,0,100
geodesic,main,Ward,10,17,-1,nilopolis,103,103,0,100
geodesic,main,Ward,10,17,-1,niteroi,824,824,0,100
geodesic,main,Ward,10,17,-1,nova iguacu,423,419,4,99.054373522458633
geodesic,main,Ward,10,17,-1,paracambi,35,0,35,0
geodesic,main,Ward,10,17,-1,petropolis,234,209,25,89.316239316239319
geodesic,main,Ward,10,17,-1,queimados,53,53,0,100
geodesic,main,Ward,10,17,-1,rio bonito,27,0,27,0
geodesic,main,Ward,10,17,-1,rio de janeiro,6601,6358,243,96.318739584911384
geodesic,main,Ward,10,17,-1,sao goncalo,385,385,0,100
geodesic,main,Ward,10,17,-1,sao joao de meriti,124,124,0,100
geodesic,main,Ward,10,17,-1,seropedica,33,11,22,33.333333333333336
geodesic,main,Ward,10,17,-1,tangua,6,6,0,100
geodesic,main,Ward,5,42,-1,belford roxo,104,100,4,96.15384615384616
geodesic,main,Ward,5,42,-1,cachoeiras de macacu,20,19,1,95
geodesic,main,Ward,5,42,-1,duque de caxias,250,225,25,90
geodesic,main,Ward,5,42,-1,guapimirim,21,17,4,80.952380952380949
geodesic,main,Ward,5,42,-1,itaborai,56,43,13,76.785714285714292
geodesic,main,Ward,5,42,-1,itaguai,46,42,4,91.304347826086953
geodesic,main,Ward,5,42,-1,japeri,34,25,9,73.529411764705884
geodesic,main,Ward,5,42,-1,mage,104,99,5,95.192307692307693
geodesic,main,Ward,5,42,-1,marica,133,129,4,96.992481203007515
geodesic,main,Ward,5,42,-1,mesquita,75,75,0,100
geodesic,main,Ward,5,42,-1,nilopolis,103,103,0,100
geodesic,main,Ward,5,42,-1,niteroi,824,808,16,98.05825242718447
geodesic,main,Ward,5,42,-1,nova iguacu,423,403,20,95.27186761229315
geodesic,main,Ward,5,42,-1,paracambi,35,35,0,100
geodesic,main,Ward,5,42,-1,petropolis,234,200,34,85.470085470085465
geodesic,main,Ward,5,42,-1,queimados,53,53,0,100
geodesic,main,Ward,5,42,-1,rio bonito,27,27,0,100
geodesic,main,Ward,5,42,-1,rio de janeiro,6601,6358,243,96.318739584911384
geodesic,main,Ward,5,42,-1,sao goncalo,385,350,35,90.909090909090907
geodesic,main,Ward,5,42,-1,sao joao de meriti,124,124,0,100
geodesic,main,Ward,5,42,-1,seropedica,33,13,20,39.393939393939391
geodesic,main,Ward,5,42,-1,tangua,6,0,6,0
geodesic,main,Ward,3,80,-1,belford roxo,104,94,10,90.384615384615387
geodesic,main,Ward,3,80,-1,cachoeiras de macacu,20,20,0,100
geodesic,main,Ward,3,80,-1,duque de caxias,250,235,15,94
geodesic,main,Ward,3,80,-1,guapimirim,21,17,4,80.952380952380949
geodesic,main,Ward,3,80,-1,itaborai,56,47,9,83.928571428571431
geodesic,main,Ward,3,80,-1,itaguai,46,46,0,100
geodesic,main,Ward,3,80,-1,japeri,34,20,14,58.823529411764703
geodesic,main,Ward,3,80,-1,mage,104,89,15,85.57692307692308
geodesic,main,Ward,3,80,-1,marica,133,107,26,80.451127819548873
geodesic,main,Ward,3,80,-1,mesquita,75,75,0,100
geodesic,main,Ward,3,80,-1,nilopolis,103,103,0,100
geodesic,main,Ward,3,80,-1,niteroi,824,764,60,92.71844660194175
geodesic,main,Ward,3,80,-1,nova iguacu,423,406,17,95.981087470449168
geodesic,main,Ward,3,80,-1,paracambi,35,35,0,100
geodesic,main,Ward,3,80,-1,petropolis,234,209,25,89.316239316239319
geodesic,main,Ward,3,80,-1,queimados,53,52,1,98.113207547169807
geodesic,main,Ward,3,80,-1,rio bonito,27,27,0,100
geodesic,main,Ward,3,80,-1,rio de janeiro,6601,6379,222,96.636873201030141
geodesic,main,Ward,3,80,-1,sao goncalo,385,341,44,88.571428571428569
geodesic,main,Ward,3,80,-1,sao joao de meriti,124,124,0,100
geodesic,main,Ward,3,80,-1,seropedica,33,31,2,93.939393939393938
geodesic,main,Ward,3,80,-1,tangua,6,0,6,0
geodesic,main,Complete,10,20,-1,belford roxo,104,104,0,100
geodesic,main,Complete,10,20,-1,cachoeiras de macacu,20,19,1,95
geodesic,main,Complete,10,20,-1,duque de caxias,250,246,4,98.400000000000006
geodesic,main,Complete,10,20,-1,guapimirim,21,8,13,38.095238095238095
geodesic,main,Complete,10,20,-1,itaborai,56,56,0,100
geodesic,main,Complete,10,20,-1,itaguai,46,46,0,100
geodesic,main,Complete,10,20,-1,japeri,34,34,0,100
geodesic,main,Complete,10,20,-1,mage,104,104,0,100
geodesic,main,Complete,10,20,-1,marica,133,131,2,98.496240601503757
geodesic,main,Complete,10,20,-1,mesquita,75,75,0,100
geodesic,main,Complete,10,20,-1,nilopolis,103,103,0,100
geodesic,main,Complete,10,20,-1,niteroi,824,819,5,99.393203883495147
geodesic,main,Complete,10,20,-1,nova iguacu,423,410,13,96.92671394799055
geodesic,main,Complete,10,20,-1,paracambi,35,35,0,100
geodesic,main,Complete,10,20,-1,petropolis,234,229,5,97.863247863247864
geodesic,main,Complete,10,20,-1,queimados,53,51,2,96.226415094339629
geodesic,main,Complete,10,20,-1,rio bonito,27,27,0,100
geodesic,main,Complete,10,20,-1,rio de janeiro,6601,6320,281,95.743069231934555
geodesic,main,Complete,10,20,-1,sao goncalo,385,305,80,79.220779220779221
geodesic,main,Complete,10,20,-1,sao joao de meriti,124,124,0,100
geodesic,main,Complete,10,20,-1,seropedica,33,20,13,60.606060606060609
geodesic,main,Complete,10,20,-1,tangua,6,6,0,100
geodesic,main,Complete,5,47,-1,belford roxo,104,84,20,80.769230769230774
geodesic,main,Complete,5,47,-1,cachoeiras de macacu,20,20,0,100
geodesic,main,Complete,5,47,-1,duque de caxias,250,250,0,100
geodesic,main,Complete,5,47,-1,guapimirim,21,17,4,80.952380952380949
geodesic,main,Complete,5,47,-1,itaborai,56,46,10,82.142857142857139
geodesic,main,Complete,5,47,-1,itaguai,46,42,4,91.304347826086953
geodesic,main,Complete,5,47,-1,japeri,34,30,4,88.235294117647058
geodesic,main,Complete,5,47,-1,mage,104,99,5,95.192307692307693
geodesic,main,Complete,5,47,-1,marica,133,120,13,90.225563909774436
geodesic,main,Complete,5,47,-1,mesquita,75,75,0,100
geodesic,main,Complete,5,47,-1,nilopolis,103,103,0,100
geodesic,main,Complete,5,47,-1,niteroi,824,808,16,98.05825242718447
geodesic,main,Complete,5,47,-1,nova iguacu,423,409,14,96.690307328605201
geodesic,main,Complete,5,47,-1,paracambi,35,35,0,100
geodesic,main,Complete,5,47,-1,petropolis,234,205,29,87.606837606837601
geodesic,main,Complete,5,47,-1,queimados,53,46,7,86.79245283018868
geodesic,main,Complete,5,47,-1,rio bonito,27,27,0,100
geodesic,main,Complete,5,47,-1,rio de janeiro,6601,6296,305,95.379487956370241
geodesic,main,Complete,5,47,-1,sao goncalo,385,346,39,89.870129870129873
geodesic,main,Complete,5,47,-1,sao joao de meriti,124,124,0,100
geodesic,main,Complete,5,47,-1,seropedica,33,28,5,84.848484848484844
geodesic,main,Complete,5,47,-1,tangua,6,6,0,100
geodesic,main,Complete,3,91,-1,belford roxo,104,104,0,100
geodesic,main,Complete,3,91,-1,cachoeiras de macacu,20,20,0,100
geodesic,main,Complete,3,91,-1,duque de caxias,250,241,9,96.400000000000006
geodesic,main,Complete,3,91,-1,guapimirim,21,21,0,100
geodesic,main,Complete,3,91,-1,itaborai,56,48,8,85.714285714285708
geodesic,main,Complete,3,91,-1,itaguai,46,46,0,100
geodesic,main,Complete,3,91,-1,japeri,34,34,0,100
geodesic,main,Complete,3,91,-1,mage,104,93,11,89.42307692307692
geodesic,main,Complete,3,91,-1,marica,133,131,2,98.496240601503757
geodesic,main,Complete,3,91,-1,mesquita,75,75,0,100
geodesic,main,Complete,3,91,-1,nilopolis,103,103,0,100
geodesic,main,Complete,3,91,-1,niteroi,824,779,45,94.538834951456309
geodesic,main,Complete,3,91,-1,nova iguacu,423,400,23,94.562647754137117
geodesic,main,Complete,3,91,-1,paracambi,35,35,0,100
geodesic,main,Complete,3,91,-1,petropolis,234,224,10,95.726495726495727
geodesic,main,Complete,3,91,-1,queimados,53,50,3,94.339622641509436
geodesic,main,Complete,3,91,-1,rio bonito,27,27,0,100
geodesic,main,Complete,3,91,-1,rio de janeiro,6601,6267,334,94.940160581730041
geodesic,main,Complete,3,91,-1,sao goncalo,385,371,14,96.36363636363636
geodesic,main,Complete,3,91,-1,sao joao de meriti,124,124,0,100
geodesic,main,Complete,3,91,-1,seropedica,33,31,2,93.939393939393938
geodesic,main,Complete,3,91,-1,tangua,6,6,0,100
geodesic,main,Average,10,24,-1,belford roxo,104,101,3,97.115384615384613
geodesic,main,Average,10,24,-1,cachoeiras de macacu,20,20,0,100
geodesic,main,Average,10,24,-1,duque de caxias,250,160,90,64
geodesic,main,Average,10,24,-1,guapimirim,21,21,0,100
geodesic,main,Average,10,24,-1,itaborai,56,56,0,100
geodesic,main,Average,10,24,-1,itaguai,46,46,0,100
geodesic,main,Average,10,24,-1,japeri,34,34,0,100
geodesic,main,Average,10,24,-1,mage,104,104,0,100
geodesic,main,Average,10,24,-1,marica,133,131,2,98.496240601503757
geodesic,main,Average,10,24,-1,mesquita,75,75,0,100
geodesic,main,Average,10,24,-1,nilopolis,103,103,0,100
geodesic,main,Average,10,24,-1,niteroi,824,819,5,99.393203883495147
geodesic,main,Average,10,24,-1,nova iguacu,423,356,67,84.160756501182036
geodesic,main,Average,10,24,-1,paracambi,35,0,35,0
geodesic,main,Average,10,24,-1,petropolis,234,234,0,100
geodesic,main,Average,10,24,-1,queimados,53,51,2,96.226415094339629
geodesic,main,Average,10,24,-1,rio bonito,27,27,0,100
geodesic,main,Average,10,24,-1,rio de janeiro,6601,6558,43,99.348583547947285
geodesic,main,Average,10,24,-1,sao goncalo,385,305,80,79.220779220779221
geodesic,main,Average,10,24,-1,sao joao de meriti,124,124,0,100
geodesic,main,Average,10,24,-1,seropedica,33,33,0,100
geodesic,main,Average,10,24,-1,tangua,6,6,0,100
geodesic,main,Average,5,54,-1,belford roxo,104,104,0,100
geodesic,main,Average,5,54,-1,cachoeiras de macacu,20,20,0,100
geodesic,main,Average,5,54,-1,duque de caxias,250,235,15,94
geodesic,main,Average,5,54,-1,guapimirim,21,17,4,80.952380952380949
geodesic,main,Average,5,54,-1,itaborai,56,51,5,91.071428571428569
geodesic,main,Average,5,54,-1,itaguai,46,42,4,91.304347826086953
geodesic,main,Average,5,54,-1,japeri,34,25,9,73.529411764705884
geodesic,main,Average,5,54,-1,mage,104,104,0,100
geodesic,main,Average,5,54,-1,marica,133,128,5,96.240601503759393
geodesic,main,Average,5,54,-1,mesquita,75,75,0,100
geodesic,main,Average,5,54,-1,nilopolis,103,103,0,100
geodesic,main,Average,5,54,-1,niteroi,824,820,4,99.514563106796118
geodesic,main,Average,5,54,-1,nova iguacu,423,413,10,97.635933806146568
geodesic,main,Average,5,54,-1,paracambi,35,35,0,100
geodesic,main,Average,5,54,-1,petropolis,234,218,16,93.162393162393158
geodesic,main,Average,5,54,-1,queimados,53,53,0,100
geodesic,main,Average,5,54,-1,rio bonito,27,27,0,100
geodesic,main,Average,5,54,-1,rio de janeiro,6601,6316,285,95.682472352673841
geodesic,main,Average,5,54,-1,sao goncalo,385,373,12,96.883116883116884
geodesic,main,Average,5,54,-1,sao joao de meriti,124,122,2,98.387096774193552
geodesic,main,Average,5,54,-1,seropedica,33,33,0,100
geodesic,main,Average,5,54,-1,tangua,6,6,0,100
geodesic,main,Average,3,101,-1,belford roxo,104,94,10,90.384615384615387
geodesic,main,Average,3,101,-1,cachoeiras de macacu,20,20,0,100
geodesic,main,Average,3,101,-1,duque de caxias,250,248,2,99.200000000000003
geodesic,main,Average,3,101,-1,guapimirim,21,21,0,100
geodesic,main,Average,3,101,-1,itaborai,56,54,2,96.428571428571431
geodesic,main,Average,3,101,-1,itaguai,46,46,0,100
geodesic,main,Average,3,101,-1,japeri,34,34,0,100
geodesic,main,Average,3,101,-1,mage,104,101,3,97.115384615384613
geodesic,main,Average,3,101,-1,marica,133,131,2,98.496240601503757
geodesic,main,Average,3,101,-1,mesquita,75,75,0,100
geodesic,main,Average,3,101,-1,nilopolis,103,103,0,100
geodesic,main,Average,3,101,-1,niteroi,824,824,0,100
geodesic,main,Average,3,101,-1,nova iguacu,423,400,23,94.562647754137117
geodesic,main,Average,3,101,-1,paracambi,35,35,0,100
geodesic,main,Average,3,101,-1,petropolis,234,218,16,93.162393162393158
geodesic,main,Average,3,101,-1,queimados,53,53,0,100
geodesic,main,Average,3,101,-1,rio bonito,27,27,0,100
geodesic,main,Average,3,101,-1,rio de janeiro,6601,6190,411,93.773670655961212
geodesic,main,Average,3,101,-1,sao goncalo,385,381,4,98.961038961038966
geodesic,main,Average,3,101,-1,sao joao de meriti,124,118,6,95.161290322580641
geodesic,main,Average,3,101,-1,seropedica,33,31,2,93.939393939393938
geodesic,main,Average,3,101,-1,tangua,6,6,0,100
geodesic,main,P-Median,10,23,-1,belford roxo,104,104,0,100
geodesic,main,P-Median,10,23,-1,cachoeiras de macacu,20,0,20,0
geodesic,main,P-Median,10,23,-1,duque de caxias,250,183,67,73.200000000000003
geodesic,main,P-Median,10,23,-1,guapimirim,21,0,21,0
geodesic,main,P-Median,10,23,-1,itaborai,56,0,56,0
geodesic,main,P-Median,10,23,-1,itaguai,46,0,46,0
geodesic,main,P-Median,10,23,-1,japeri,34,14,20,41.176470588235297
geodesic,main,P-Median,10,23,-1,mage,104,60,44,57.692307692307693
geodesic,main,P-Median,10,23,-1,marica,133,100,33,75.187969924812023
geodesic,main,P-Median,10,23,-1,mesquita,75,75,0,100
geodesic,main,P-Median,10,23,-1,nilopolis,103,103,0,100
geodesic,main,P-Median,10,23,-1,niteroi,824,809,15,98.179611650485441
geodesic,main,P-Median,10,23,-1,nova iguacu,423,409,14,96.690307328605201
geodesic,main,P-Median,10,23,-1,paracambi,35,35,0,100
geodesic,main,P-Median,10,23,-1,petropolis,234,191,43,81.623931623931625
geodesic,main,P-Median,10,23,-1,queimados,53,3,50,5.6603773584905657
geodesic,main,P-Median,10,23,-1,rio bonito,27,27,0,100
geodesic,main,P-Median,10,23,-1,rio de janeiro,6601,6601,0,100
geodesic,main,P-Median,10,23,-1,sao goncalo,385,385,0,100
geodesic,main,P-Median,10,23,-1,sao joao de meriti,124,124,0,100
geodesic,main,P-Median,10,23,-1,seropedica,33,0,33,0
geodesic,main,P-Median,10,23,-1,tangua,6,0,6,0
geodesic,main,P-Median,5,55,-1,belford roxo,104,81,23,77.884615384615387
geodesic,main,P-Median,5,55,-1,cachoeiras de macacu,20,19,1,95
geodesic,main,P-Median,5,55,-1,duque de caxias,250,163,87,65.200000000000003
geodesic,main,P-Median,5,55,-1,guapimirim,21,17,4,80.952380952380949
geodesic,main,P-Median,5,55,-1,itaborai,56,37,19,66.071428571428569
geodesic,main,P-Median,5,55,-1,itaguai,46,38,8,82.608695652173907
geodesic,main,P-Median,5,55,-1,japeri,34,0,34,0
geodesic,main,P-Median,5,55,-1,mage,104,74,30,71.15384615384616
geodesic,main,P-Median,5,55,-1,marica,133,92,41,69.172932330827066
geodesic,main,P-Median,5,55,-1,mesquita,75,75,0,100
geodesic,main,P-Median,5,55,-1,nilopolis,103,103,0,100
geodesic,main,P-Median,5,55,-1,niteroi,824,815,9,98.907766990291265
geodesic,main,P-Median,5,55,-1,nova iguacu,423,400,23,94.562647754137117
geodesic,main,P-Median,5,55,-1,paracambi,35,35,0,100
geodesic,main,P-Median,5,55,-1,petropolis,234,194,40,82.90598290598291
geodesic,main,P-Median,5,55,-1,queimados,53,30,23,56.60377358490566
geodesic,main,P-Median,5,55,-1,rio bonito,27,27,0,100
geodesic,main,P-Median,5,55,-1,rio de janeiro,6601,6562,39,99.409180427208
geodesic,main,P-Median,5,55,-1,sao goncalo,385,348,37,90.389610389610397
geodesic,main,P-Median,5,55,-1,sao joao de meriti,124,124,0,100
geodesic,main,P-Median,5,55,-1,seropedica,33,0,33,0
geodesic,main,P-Median,5,55,-1,tangua,6,0,6,0
geodesic,main,MCLP,10,15,-1,belford roxo,104,104,0,100
geodesic,main,MCLP,10,15,-1,cachoeiras de macacu,20,0,20,0
geodesic,main,MCLP,10,15,-1,duque de caxias,250,246,4,98.400000000000006
geodesic,main,MCLP,10,15,-1,guapimirim,21,0,21,0
geodesic,main,MCLP,10,15,-1,itaborai,56,0,56,0
geodesic,main,MCLP,10,15,-1,itaguai,46,32,14,69.565217391304344
geodesic,main,MCLP,10,15,-1,japeri,34,0,34,0
geodesic,main,MCLP,10,15,-1,mage,104,0,104,0
geodesic,main,MCLP,10,15,-1,marica,133,109,24,81.954887218045116
geodesic,main,MCLP,10,15,-1,mesquita,75,75,0,100
geodesic,main,MCLP,10,15,-1,nilopolis,103,103,0,100
geodesic,main,MCLP,10,15,-1,niteroi,824,824,0,100
geodesic,main,MCLP,10,15,-1,nova iguacu,423,423,0,100
geodesic,main,MCLP,10,15,-1,paracambi,35,0,35,0
geodesic,main,MCLP,10,15,-1,petropolis,234,209,25,89.316239316239319
geodesic,main,MCLP,10,15,-1,queimados,53,52,1,98.113207547169807
geodesic,main,MCLP,10,15,-1,rio bonito,27,0,27,0
geodesic,main,MCLP,10,15,-1,rio de janeiro,6601,6568,33,99.500075746099071
geodesic,main,MCLP,10,15,-1,sao goncalo,385,382,3,99.220779220779221
geodesic,main,MCLP,10,15,-1,sao joao de meriti,124,124,0,100
geodesic,main,MCLP,10,15,-1,seropedica,33,0,33,0
geodesic,main,MCLP,10,15,-1,tangua,6,0,6,0
geodesic,main,MCLP,5,39,-1,belford roxo,104,91,13,87.5
geodesic,main,MCLP,5,39,-1,cachoeiras de macacu,20,0,20,0
geodesic,main,MCLP,5,39,-1,duque de caxias,250,163,87,65.200000000000003
geodesic,main,MCLP,5,39,-1,guapimirim,21,0,21,0
geodesic,main,MCLP,5,39,-1,itaborai,56,37,19,66.071428571428569
geodesic,main,MCLP,5,39,-1,itaguai,46,38,8,82.608695652173907
geodesic,main,MCLP,5,39,-1,japeri,34,0,34,0
geodesic,main,MCLP,5,39,-1,mage,104,74,30,71.15384615384616
geodesic,main,MCLP,5,39,-1,marica,133,92,41,69.172932330827066
geodesic,main,MCLP,5,39,-1,mesquita,75,75,0,100
geodesic,main,MCLP,5,39,-1,nilopolis,103,103,0,100
geodesic,main,MCLP,5,39,-1,niteroi,824,820,4,99.514563106796118
geodesic,main,MCLP,5,39,-1,nova iguacu,423,390,33,92.198581560283685
geodesic,main,MCLP,5,39,-1,paracambi,35,35,0,100
geodesic,main,MCLP,5,39,-1,petropolis,234,216,18,92.307692307692307
geodesic,main,MCLP,5,39,-1,queimados,53,30,23,56.60377358490566
geodesic,main,MCLP,5,39,-1,rio bonito,27,27,0,100
geodesic,main,MCLP,5,39,-1,rio de janeiro,6601,6560,41,99.378881987577643
geodesic,main,MCLP,5,39,-1,sao goncalo,385,339,46,88.051948051948045
geodesic,main,MCLP,5,39,-1,sao joao de meriti,124,124,0,100
geodesic,main,MCLP,5,39,-1,seropedica,33,0,33,0
geodesic,main,MCLP,5,39,-1,tangua,6,0,6,0
geodesic_eval_only,main,K-Means,10,17,42,belford roxo,104,104,0,100
geodesic_eval_only,main,K-Means,10,17,42,cachoeiras de macacu,20,1,19,5
geodesic_eval_only,main,K-Means,10,17,42,duque de caxias,250,216,34,86.400000000000006
geodesic_eval_only,main,K-Means,10,17,42,guapimirim,21,4,17,19.047619047619047
geodesic_eval_only,main,K-Means,10,17,42,itaborai,56,0,56,0
geodesic_eval_only,main,K-Means,10,17,42,itaguai,46,0,46,0
geodesic_eval_only,main,K-Means,10,17,42,japeri,34,34,0,100
geodesic_eval_only,main,K-Means,10,17,42,mage,104,92,12,88.461538461538467
geodesic_eval_only,main,K-Means,10,17,42,marica,133,103,30,77.443609022556387
geodesic_eval_only,main,K-Means,10,17,42,mesquita,75,75,0,100
geodesic_eval_only,main,K-Means,10,17,42,nilopolis,103,103,0,100
geodesic_eval_only,main,K-Means,10,17,42,niteroi,824,824,0,100
geodesic_eval_only,main,K-Means,10,17,42,nova iguacu,423,410,13,96.92671394799055
geodesic_eval_only,main,K-Means,10,17,42,paracambi,35,0,35,0
geodesic_eval_only,main,K-Means,10,17,42,petropolis,234,209,25,89.316239316239319
geodesic_eval_only,main,K-Means,10,17,42,queimados,53,50,3,94.339622641509436
geodesic_eval_only,main,K-Means,10,17,42,rio bonito,27,27,0,100
geodesic_eval_only,main,K-Means,10,17,42,rio de janeiro,6601,6510,91,98.621420996818671
geodesic_eval_only,main,K-Means,10,17,42,sao goncalo,385,385,0,100
geodesic_eval_only,main,K-Means,10,17,42,sao joao de meriti,124,124,0,100
geodesic_eval_only,main,K-Means,10,17,42,seropedica,33,11,22,33.333333333333336
geodesic_eval_only,main,K-Means,10,17,42,tangua,6,0,6,0
geodesic_eval_only,main,K-Means,5,40,42,belford roxo,104,84,20,80.769230769230774
geodesic_eval_only,main,K-Means,5,40,42,cachoeiras de macacu,20,19,1,95
geodesic_eval_only,main,K-Means,5,40,42,duque de caxias,250,214,36,85.599999999999994
geodesic_eval_only,main,K-Means,5,40,42,guapimirim,21,4,17,19.047619047619047
geodesic_eval_only,main,K-Means,5,40,42,itaborai,56,43,13,76.785714285714292
geodesic_eval_only,main,K-Means,5,40,42,itaguai,46,42,4,91.304347826086953
geodesic_eval_only,main,K-Means,5,40,42,japeri,34,10,24,29.411764705882351
geodesic_eval_only,main,K-Means,5,40,42,mage,104,49,55,47.115384615384613
geodesic_eval_only,main,K-Means,5,40,42,marica,133,114,19,85.714285714285708
geodesic_eval_only,main,K-Means,5,40,42,mesquita,75,75,0,100
geodesic_eval_only,main,K-Means,5,40,42,nilopolis,103,103,0,100
geodesic_eval_only,main,K-Means,5,40,42,niteroi,824,802,22,97.330097087378647
geodesic_eval_only,main,K-Means,5,40,42,nova iguacu,423,374,49,88.416075650118202
geodesic_eval_only,main,K-Means,5,40,42,paracambi,35,35,0,100
geodesic_eval_only,main,K-Means,5,40,42,petropolis,234,200,34,85.470085470085465
geodesic_eval_only,main,K-Means,5,40,42,queimados,53,52,1,98.113207547169807
geodesic_eval_only,main,K-Means,5,40,42,rio bonito,27,27,0,100
geodesic_eval_only,main,K-Means,5,40,42,rio de janeiro,6601,6505,96,98.545674897742771
geodesic_eval_only,main,K-Means,5,40,42,sao goncalo,385,341,44,88.571428571428569
geodesic_eval_only,main,K-Means,5,40,42,sao joao de meriti,124,124,0,100
geodesic_eval_only,main,K-Means,5,40,42,seropedica,33,23,10,69.696969696969703
geodesic_eval_only,main,K-Means,5,40,42,tangua,6,0,6,0
geodesic_eval_only,main,K-Means,3,82,42,belford roxo,104,97,7,93.269230769230774
geodesic_eval_only,main,K-Means,3,82,42,cachoeiras de macacu,20,19,1,95
geodesic_eval_only,main,K-Means,3,82,42,duque de caxias,250,215,35,86
geodesic_eval_only,main,K-Means,3,82,42,guapimirim,21,15,6,71.428571428571431
geodesic_eval_only,main,K-Means,3,82,42,itaborai,56,47,9,83.928571428571431
geodesic_eval_only,main,K-Means,3,82,42,itaguai,46,38,8,82.608695652173907
geodesic_eval_only,main,K-Means,3,82,42,japeri,34,16,18,47.058823529411768
geodesic_eval_only,main,K-Means,3,82,42,mage,104,78,26,75
geodesic_eval_only,main,K-Means,3,82,42,marica,133,117,16,87.969924812030072
geodesic_eval_only,main,K-Means,3,82,42,mesquita,75,75,0,100
geodesic_eval_only,main,K-Means,3,82,42,nilopolis,103,103,0,100
geodesic_eval_only,main,K-Means,3,82,42,niteroi,824,815,9,98.907766990291265
geodesic_eval_only,main,K-Means,3,82,42,nova iguacu,423,389,34,91.96217494089835
geodesic_eval_only,main,K-Means,3,82,42,paracambi,35,35,0,100
geodesic_eval_only,main,K-Means,3,82,42,petropolis,234,184,50,78.632478632478637
geodesic_eval_only,main,K-Means,3,82,42,queimados,53,51,2,96.226415094339629
geodesic_eval_only,main,K-Means,3,82,42,rio bonito,27,27,0,100
geodesic_eval_only,main,K-Means,3,82,42,rio de janeiro,6601,6434,167,97.470080290865027
geodesic_eval_only,main,K-Means,3,82,42,sao goncalo,385,363,22,94.285714285714292
geodesic_eval_only,main,K-Means,3,82,42,sao joao de meriti,124,118,6,95.161290322580641
geodesic_eval_only,main,K-Means,3,82,42,seropedica,33,26,7,78.787878787878782
geodesic_eval_only,main,K-Means,3,82,42,tangua,6,0,6,0
geodesic_eval_only,main,Ward,10,17,-1,belford roxo,104,104,0,100
geodesic_eval_only,main,Ward,10,17,-1,cachoeiras de macacu,20,1,19,5
geodesic_eval_only,main,Ward,10,17,-1,duque de caxias,250,245,5,98
geodesic_eval_only,main,Ward,10,17,-1,guapimirim,21,8,13,38.095238095238095
geodesic_eval_only,main,Ward,10,17,-1,itaborai,56,4,52,7.1428571428571432
geodesic_eval_only,main,Ward,10,17,-1,itaguai,46,46,0,100
geodesic_eval_only,main,Ward,10,17,-1,japeri,34,34,0,100
geodesic_eval_only,main,Ward,10,17,-1,mage,104,92,12,88.461538461538467
geodesic_eval_only,main,Ward,10,17,-1,marica,133,129,4,96.992481203007515
geodesic_eval_only,main,Ward,10,17,-1,mesquita,75,75,0,100
geodesic_eval_only,main,Ward,10,17,-1,nilopolis,103,103,0,100
geodesic_eval_only,main,Ward,10,17,-1,niteroi,824,824,0,100
geodesic_eval_only,main,Ward,10,17,-1,nova iguacu,423,419,4,99.054373522458633
geodesic_eval_only,main,Ward,10,17,-1,paracambi,35,0,35,0
geodesic_eval_only,main,Ward,10,17,-1,petropolis,234,209,25,89.316239316239319
geodesic_eval_only,main,Ward,10,17,-1,queimados,53,53,0,100
geodesic_eval_only,main,Ward,10,17,-1,rio bonito,27,0,27,0
geodesic_eval_only,main,Ward,10,17,-1,rio de janeiro,6601,6358,243,96.318739584911384
geodesic_eval_only,main,Ward,10,17,-1,sao goncalo,385,385,0,100
geodesic_eval_only,main,Ward,10,17,-1,sao joao de meriti,124,124,0,100
geodesic_eval_only,main,Ward,10,17,-1,seropedica,33,11,22,33.333333333333336
geodesic_eval_only,main,Ward,10,17,-1,tangua,6,6,0,100
geodesic_eval_only,main,Ward,5,42,-1,belford roxo,104,100,4,96.15384615384616
geodesic_eval_only,main,Ward,5,42,-1,cachoeiras de macacu,20,19,1,95
geodesic_eval_only,main,Ward,5,42,-1,duque de caxias,250,225,25,90
geodesic_eval_only,main,Ward,5,42,-1,guapimirim,21,17,4,80.952380952380949
geodesic_eval_only,main,Ward,5,42,-1,itaborai,56,43,13,76.785714285714292
geodesic_eval_only,main,Ward,5,42,-1,itaguai,46,42,4,91.304347826086953
geodesic_eval_only,main,Ward,5,42,-1,japeri,34,25,9,73.529411764705884
geodesic_eval_only,main,Ward,5,42,-1,mage,104,99,5,95.192307692307693
geodesic_eval_only,main,Ward,5,42,-1,marica,133,129,4,96.992481203007515
geodesic_eval_only,main,Ward,5,42,-1,mesquita,75,75,0,100
geodesic_eval_only,main,Ward,5,42,-1,nilopolis,103,103,0,100
geodesic_eval_only,main,Ward,5,42,-1,niteroi,824,808,16,98.05825242718447
geodesic_eval_only,main,Ward,5,42,-1,nova iguacu,423,403,20,95.27186761229315
geodesic_eval_only,main,Ward,5,42,-1,paracambi,35,35,0,100
geodesic_eval_only,main,Ward,5,42,-1,petropolis,234,200,34,85.470085470085465
geodesic_eval_only,main,Ward,5,42,-1,queimados,53,53,0,100
geodesic_eval_only,main,Ward,5,42,-1,rio bonito,27,27,0,100
geodesic_eval_only,main,Ward,5,42,-1,rio de janeiro,6601,6358,243,96.318739584911384
geodesic_eval_only,main,Ward,5,42,-1,sao goncalo,385,350,35,90.909090909090907
geodesic_eval_only,main,Ward,5,42,-1,sao joao de meriti,124,124,0,100
geodesic_eval_only,main,Ward,5,42,-1,seropedica,33,13,20,39.393939393939391
geodesic_eval_only,main,Ward,5,42,-1,tangua,6,0,6,0
geodesic_eval_only,main,Ward,3,80,-1,belford roxo,104,94,10,90.384615384615387
geodesic_eval_only,main,Ward,3,80,-1,cachoeiras de macacu,20,20,0,100
geodesic_eval_only,main,Ward,3,80,-1,duque de caxias,250,235,15,94
geodesic_eval_only,main,Ward,3,80,-1,guapimirim,21,17,4,80.952380952380949
geodesic_eval_only,main,Ward,3,80,-1,itaborai,56,47,9,83.928571428571431
geodesic_eval_only,main,Ward,3,80,-1,itaguai,46,46,0,100
geodesic_eval_only,main,Ward,3,80,-1,japeri,34,20,14,58.823529411764703
geodesic_eval_only,main,Ward,3,80,-1,mage,104,89,15,85.57692307692308
geodesic_eval_only,main,Ward,3,80,-1,marica,133,107,26,80.451127819548873
geodesic_eval_only,main,Ward,3,80,-1,mesquita,75,75,0,100
geodesic_eval_only,main,Ward,3,80,-1,nilopolis,103,103,0,100
geodesic_eval_only,main,Ward,3,80,-1,niteroi,824,764,60,92.71844660194175
geodesic_eval_only,main,Ward,3,80,-1,nova iguacu,423,406,17,95.981087470449168
geodesic_eval_only,main,Ward,3,80,-1,paracambi,35,35,0,100
geodesic_eval_only,main,Ward,3,80,-1,petropolis,234,209,25,89.316239316239319
geodesic_eval_only,main,Ward,3,80,-1,queimados,53,52,1,98.113207547169807
geodesic_eval_only,main,Ward,3,80,-1,rio bonito,27,27,0,100
geodesic_eval_only,main,Ward,3,80,-1,rio de janeiro,6601,6379,222,96.636873201030141
geodesic_eval_only,main,Ward,3,80,-1,sao goncalo,385,341,44,88.571428571428569
geodesic_eval_only,main,Ward,3,80,-1,sao joao de meriti,124,124,0,100
geodesic_eval_only,main,Ward,3,80,-1,seropedica,33,31,2,93.939393939393938
geodesic_eval_only,main,Ward,3,80,-1,tangua,6,0,6,0
geodesic_eval_only,main,Complete,10,19,-1,belford roxo,104,77,27,74.038461538461533
geodesic_eval_only,main,Complete,10,19,-1,cachoeiras de macacu,20,19,1,95
geodesic_eval_only,main,Complete,10,19,-1,duque de caxias,250,224,26,89.599999999999994
geodesic_eval_only,main,Complete,10,19,-1,guapimirim,21,8,13,38.095238095238095
geodesic_eval_only,main,Complete,10,19,-1,itaborai,56,56,0,100
geodesic_eval_only,main,Complete,10,19,-1,itaguai,46,46,0,100
geodesic_eval_only,main,Complete,10,19,-1,japeri,34,34,0,100
geodesic_eval_only,main,Complete,10,19,-1,mage,104,69,35,66.34615384615384
geodesic_eval_only,main,Complete,10,19,-1,marica,133,131,2,98.496240601503757
geodesic_eval_only,main,Complete,10,19,-1,mesquita,75,75,0,100
geodesic_eval_only,main,Complete,10,19,-1,nilopolis,103,103,0,100
geodesic_eval_only,main,Complete,10,19,-1,niteroi,824,819,5,99.393203883495147
geodesic_eval_only,main,Complete,10,19,-1,nova iguacu,423,410,13,96.92671394799055
geodesic_eval_only,main,Complete,10,19,-1,paracambi,35,35,0,100
geodesic_eval_only,main,Complete,10,19,-1,petropolis,234,229,5,97.863247863247864
geodesic_eval_only,main,Complete,10,19,-1,queimados,53,8,45,15.09433962264151
geodesic_eval_only,main,Complete,10,19,-1,rio bonito,27,27,0,100
geodesic_eval_only,main,Complete,10,19,-1,rio de janeiro,6601,6477,124,98.121496742917742
geodesic_eval_only,main,Complete,10,19,-1,sao goncalo,385,305,80,79.220779220779221
geodesic_eval_only,main,Complete,10,19,-1,sao joao de meriti,124,107,17,86.290322580645167
geodesic_eval_only,main,Complete,10,19,-1,seropedica,33,20,13,60.606060606060609
geodesic_eval_only,main,Complete,10,19,-1,tangua,6,6,0,100
geodesic_eval_only,main,Complete,5,45,-1,belford roxo,104,99,5,95.192307692307693
geodesic_eval_only,main,Complete,5,45,-1,cachoeiras de macacu,20,20,0,100
geodesic_eval_only,main,Complete,5,45,-1,duque de caxias,250,250,0,100
geodesic_eval_only,main,Complete,5,45,-1,guapimirim,21,17,4,80.952380952380949
geodesic_eval_only,main,Complete,5,45,-1,itaborai,56,46,10,82.142857142857139
geodesic_eval_only,main,Complete,5,45,-1,itaguai,46,42,4,91.304347826086953
geodesic_eval_only,main,Complete,5,45,-1,japeri,34,30,4,88.235294117647058
geodesic_eval_only,main,Complete,5,45,-1,mage,104,99,5,95.192307692307693
geodesic_eval_only,main,Complete,5,45,-1,marica,133,120,13,90.225563909774436
geodesic_eval_only,main,Complete,5,45,-1,mesquita,75,75,0,100
geodesic_eval_only,main,Complete,5,45,-1,nilopolis,103,103,0,100
geodesic_eval_only,main,Complete,5,45,-1,niteroi,824,808,16,98.05825242718447
geodesic_eval_only,main,Complete,5,45,-1,nova iguacu,423,409,14,96.690307328605201
geodesic_eval_only,main,Complete,5,45,-1,paracambi,35,35,0,100
geodesic_eval_only,main,Complete,5,45,-1,petropolis,234,205,29,87.606837606837601
geodesic_eval_only,main,Complete,5,45,-1,queimados,53,46,7,86.79245283018868
geodesic_eval_only,main,Complete,5,45,-1,rio bonito,27,27,0,100
geodesic_eval_only,main,Complete,5,45,-1,rio de janeiro,6601,6299,302,95.424935615815784
geodesic_eval_only,main,Complete,5,45,-1,sao goncalo,385,346,39,89.870129870129873
geodesic_eval_only,main,Complete,5,45,-1,sao joao de meriti,124,99,25,79.838709677419359
geodesic_eval_only,main,Complete,5,45,-1,seropedica,33,28,5,84.848484848484844
geodesic_eval_only,main,Complete,5,45,-1,tangua,6,6,0,100
geodesic_eval_only,main,Complete,3,88,-1,belford roxo,104,104,0,100
geodesic_eval_only,main,Complete,3,88,-1,cachoeiras de macacu,20,20,0,100
geodesic_eval_only,main,Complete,3,88,-1,duque de caxias,250,241,9,96.400000000000006
geodesic_eval_only,main,Complete,3,88,-1,guapimirim,21,21,0,100
geodesic_eval_only,main,Complete,3,88,-1,itaborai,56,48,8,85.714285714285708
geodesic_eval_only,main,Complete,3,88,-1,itaguai,46,46,0,100
geodesic_eval_only,main,Complete,3,88,-1,japeri,34,20,14,58.823529411764703
geodesic_eval_only,main,Complete,3,88,-1,mage,104,93,11,89.42307692307692
geodesic_eval_only,main,Complete,3,88,-1,marica,133,131,2,98.496240601503757
geodesic_eval_only,main,Complete,3,88,-1,mesquita,75,75,0,100
geodesic_eval_only,main,Complete,3,88,-1,nilopolis,103,100,3,97.087378640776706
geodesic_eval_only,main,Complete,3,88,-1,niteroi,824,766,58,92.961165048543691
geodesic_eval_only,main,Complete,3,88,-1,nova iguacu,423,400,23,94.562647754137117
geodesic_eval_only,main,Complete,3,88,-1,paracambi,35,35,0,100
geodesic_eval_only,main,Complete,3,88,-1,petropolis,234,224,10,95.726495726495727
geodesic_eval_only,main,Complete,3,88,-1,queimados,53,50,3,94.339622641509436
geodesic_eval_only,main,Complete,3,88,-1,rio bonito,27,27,0,100
geodesic_eval_only,main,Complete,3,88,-1,rio de janeiro,6601,6305,296,95.515830934706869
geodesic_eval_only,main,Complete,3,88,-1,sao goncalo,385,358,27,92.987012987012989
geodesic_eval_only,main,Complete,3,88,-1,sao joao de meriti,124,124,0,100
geodesic_eval_only,main,Complete,3,88,-1,seropedica,33,31,2,93.939393939393938
geodesic_eval_only,main,Complete,3,88,-1,tangua,6,6,0,100
geodesic_eval_only,main,Average,10,24,-1,belford roxo,104,101,3,97.115384615384613
geodesic_eval_only,main,Average,10,24,-1,cachoeiras de macacu,20,20,0,100
geodesic_eval_only,main,Average,10,24,-1,duque de caxias,250,160,90,64
geodesic_eval_only,main,Average,10,24,-1,guapimirim,21,21,0,100
geodesic_eval_only,main,Average,10,24,-1,itaborai,56,56,0,100
geodesic_eval_only,main,Average,10,24,-1,itaguai,46,46,0,100
geodesic_eval_only,main,Average,10,24,-1,japeri,34,34,0,100
geodesic_eval_only,main,Average,10,24,-1,mage,104,104,0,100
geodesic_eval_only,main,Average,10,24,-1,marica,133,131,2,98.496240601503757
geodesic_eval_only,main,Average,10,24,-1,mesquita,75,75,0,100
geodesic_eval_only,main,Average,10,24,-1,nilopolis,103,103,0,100
geodesic_eval_only,main,Average,10,24,-1,niteroi,824,819,5,99.393203883495147
geodesic_eval_only,main,Average,10,24,-1,nova iguacu,423,356,67,84.160756501182036
geodesic_eval_only,main,Average,10,24,-1,paracambi,35,0,35,0
geodesic_eval_only,main,Average,10,24,-1,petropolis,234,234,0,100
geodesic_eval_only,main,Average,10,24,-1,queimados,53,51,2,96.226415094339629
geodesic_eval_only,main,Average,10,24,-1,rio bonito,27,27,0,100
geodesic_eval_only,main,Average,10,24,-1,rio de janeiro,6601,6558,43,99.348583547947285
geodesic_eval_only,main,Average,10,24,-1,sao goncalo,385,305,80,79.220779220779221
geodesic_eval_only,main,Average,10,24,-1,sao joao de meriti,124,124,0,100
geodesic_eval_only,main,Average,10,24,-1,seropedica,33,33,0,100
geodesic_eval_only,main,Average,10,24,-1,tangua,6,6,0,100
geodesic_eval_only,main,Average,5,53,-1,belford roxo,104,104,0,100
geodesic_eval_only,main,Average,5,53,-1,cachoeiras de macacu,20,20,0,100
geodesic_eval_only,main,Average,5,53,-1,duque de caxias,250,235,15,94
geodesic_eval_only,main,Average,5,53,-1,guapimirim,21,17,4,80.952380952380949
geodesic_eval_only,main,Average,5,53,-1,itaborai,56,51,5,91.071428571428569
geodesic_eval_only,main,Average,5,53,-1,itaguai,46,42,4,91.304347826086953
geodesic_eval_only,main,Average,5,53,-1,japeri,34,25,9,73.529411764705884
geodesic_eval_only,main,Average,5,53,-1,mage,104,104,0,100
geodesic_eval_only,main,Average,5,53,-1,marica,133,128,5,96.240601503759393
geodesic_eval_only,main,Average,5,53,-1,mesquita,75,75,0,100
geodesic_eval_only,main,Average,5,53,-1,nilopolis,103,103,0,100
geodesic_eval_only,main,Average,5,53,-1,niteroi,824,820,4,99.514563106796118
geodesic_eval_only,main,Average,5,53,-1,nova iguacu,423,413,10,97.635933806146568
geodesic_eval_only,main,Average,5,53,-1,paracambi,35,35,0,100
geodesic_eval_only,main,Average,5,53,-1,petropolis,234,218,16,93.162393162393158
geodesic_eval_only,main,Average,5,53,-1,queimados,53,53,0,100
geodesic_eval_only,main,Average,5,53,-1,rio bonito,27,27,0,100
geodesic_eval_only,main,Average,5,53,-1,rio de janeiro,6601,6316,285,95.682472352673841
geodesic_eval_only,main,Average,5,53,-1,sao goncalo,385,373,12,96.883116883116884
geodesic_eval_only,main,Average,5,53,-1,sao joao de meriti,124,122,2,98.387096774193552
geodesic_eval_only,main,Average,5,53,-1,seropedica,33,33,0,100
geodesic_eval_only,main,Average,5,53,-1,tangua,6,6,0,100
geodesic_eval_only,main,Average,3,101,-1,belford roxo,104,94,10,90.384615384615387
geodesic_eval_only,main,Average,3,101,-1,cachoeiras de macacu,20,20,0,100
geodesic_eval_only,main,Average,3,101,-1,duque de caxias,250,248,2,99.200000000000003
geodesic_eval_only,main,Average,3,101,-1,guapimirim,21,21,0,100
geodesic_eval_only,main,Average,3,101,-1,itaborai,56,54,2,96.428571428571431
geodesic_eval_only,main,Average,3,101,-1,itaguai,46,46,0,100
geodesic_eval_only,main,Average,3,101,-1,japeri,34,34,0,100
geodesic_eval_only,main,Average,3,101,-1,mage,104,101,3,97.115384615384613
geodesic_eval_only,main,Average,3,101,-1,marica,133,131,2,98.496240601503757
geodesic_eval_only,main,Average,3,101,-1,mesquita,75,75,0,100
geodesic_eval_only,main,Average,3,101,-1,nilopolis,103,103,0,100
geodesic_eval_only,main,Average,3,101,-1,niteroi,824,824,0,100
geodesic_eval_only,main,Average,3,101,-1,nova iguacu,423,400,23,94.562647754137117
geodesic_eval_only,main,Average,3,101,-1,paracambi,35,35,0,100
geodesic_eval_only,main,Average,3,101,-1,petropolis,234,218,16,93.162393162393158
geodesic_eval_only,main,Average,3,101,-1,queimados,53,53,0,100
geodesic_eval_only,main,Average,3,101,-1,rio bonito,27,27,0,100
geodesic_eval_only,main,Average,3,101,-1,rio de janeiro,6601,6190,411,93.773670655961212
geodesic_eval_only,main,Average,3,101,-1,sao goncalo,385,381,4,98.961038961038966
geodesic_eval_only,main,Average,3,101,-1,sao joao de meriti,124,118,6,95.161290322580641
geodesic_eval_only,main,Average,3,101,-1,seropedica,33,31,2,93.939393939393938
geodesic_eval_only,main,Average,3,101,-1,tangua,6,6,0,100
geodesic_eval_only,main,P-Median,10,23,-1,belford roxo,104,104,0,100
geodesic_eval_only,main,P-Median,10,23,-1,cachoeiras de macacu,20,0,20,0
geodesic_eval_only,main,P-Median,10,23,-1,duque de caxias,250,183,67,73.200000000000003
geodesic_eval_only,main,P-Median,10,23,-1,guapimirim,21,0,21,0
geodesic_eval_only,main,P-Median,10,23,-1,itaborai,56,0,56,0
geodesic_eval_only,main,P-Median,10,23,-1,itaguai,46,0,46,0
geodesic_eval_only,main,P-Median,10,23,-1,japeri,34,14,20,41.176470588235297
geodesic_eval_only,main,P-Median,10,23,-1,mage,104,60,44,57.692307692307693
geodesic_eval_only,main,P-Median,10,23,-1,marica,133,100,33,75.187969924812023
geodesic_eval_only,main,P-Median,10,23,-1,mesquita,75,75,0,100
geodesic_eval_only,main,P-Median,10,23,-1,nilopolis,103,103,0,100
geodesic_eval_only,main,P-Median,10,23,-1,niteroi,824,809,15,98.179611650485441
geodesic_eval_only,main,P-Median,10,23,-1,nova iguacu,423,409,14,96.690307328605201
geodesic_eval_only,main,P-Median,10,23,-1,paracambi,35,35,0,100
geodesic_eval_only,main,P-Median,10,23,-1,petropolis,234,191,43,81.623931623931625
geodesic_eval_only,main,P-Median,10,23,-1,queimados,53,3,50,5.6603773584905657
geodesic_eval_only,main,P-Median,10,23,-1,rio bonito,27,27,0,100
geodesic_eval_only,main,P-Median,10,23,-1,rio de janeiro,6601,6601,0,100
geodesic_eval_only,main,P-Median,10,23,-1,sao goncalo,385,385,0,100
geodesic_eval_only,main,P-Median,10,23,-1,sao joao de meriti,124,124,0,100
geodesic_eval_only,main,P-Median,10,23,-1,seropedica,33,0,33,0
geodesic_eval_only,main,P-Median,10,23,-1,tangua,6,0,6,0
geodesic_eval_only,main,P-Median,5,55,-1,belford roxo,104,81,23,77.884615384615387
geodesic_eval_only,main,P-Median,5,55,-1,cachoeiras de macacu,20,19,1,95
geodesic_eval_only,main,P-Median,5,55,-1,duque de caxias,250,163,87,65.200000000000003
geodesic_eval_only,main,P-Median,5,55,-1,guapimirim,21,17,4,80.952380952380949
geodesic_eval_only,main,P-Median,5,55,-1,itaborai,56,37,19,66.071428571428569
geodesic_eval_only,main,P-Median,5,55,-1,itaguai,46,38,8,82.608695652173907
geodesic_eval_only,main,P-Median,5,55,-1,japeri,34,0,34,0
geodesic_eval_only,main,P-Median,5,55,-1,mage,104,74,30,71.15384615384616
geodesic_eval_only,main,P-Median,5,55,-1,marica,133,92,41,69.172932330827066
geodesic_eval_only,main,P-Median,5,55,-1,mesquita,75,75,0,100
geodesic_eval_only,main,P-Median,5,55,-1,nilopolis,103,103,0,100
geodesic_eval_only,main,P-Median,5,55,-1,niteroi,824,815,9,98.907766990291265
geodesic_eval_only,main,P-Median,5,55,-1,nova iguacu,423,400,23,94.562647754137117
geodesic_eval_only,main,P-Median,5,55,-1,paracambi,35,35,0,100
geodesic_eval_only,main,P-Median,5,55,-1,petropolis,234,194,40,82.90598290598291
geodesic_eval_only,main,P-Median,5,55,-1,queimados,53,30,23,56.60377358490566
geodesic_eval_only,main,P-Median,5,55,-1,rio bonito,27,27,0,100
geodesic_eval_only,main,P-Median,5,55,-1,rio de janeiro,6601,6562,39,99.409180427208
geodesic_eval_only,main,P-Median,5,55,-1,sao goncalo,385,348,37,90.389610389610397
geodesic_eval_only,main,P-Median,5,55,-1,sao joao de meriti,124,124,0,100
geodesic_eval_only,main,P-Median,5,55,-1,seropedica,33,0,33,0
geodesic_eval_only,main,P-Median,5,55,-1,tangua,6,0,6,0
geodesic_eval_only,main,MCLP,10,15,-1,belford roxo,104,104,0,100
geodesic_eval_only,main,MCLP,10,15,-1,cachoeiras de macacu,20,0,20,0
geodesic_eval_only,main,MCLP,10,15,-1,duque de caxias,250,246,4,98.400000000000006
geodesic_eval_only,main,MCLP,10,15,-1,guapimirim,21,0,21,0
geodesic_eval_only,main,MCLP,10,15,-1,itaborai,56,0,56,0
geodesic_eval_only,main,MCLP,10,15,-1,itaguai,46,32,14,69.565217391304344
geodesic_eval_only,main,MCLP,10,15,-1,japeri,34,0,34,0
geodesic_eval_only,main,MCLP,10,15,-1,mage,104,0,104,0
geodesic_eval_only,main,MCLP,10,15,-1,marica,133,109,24,81.954887218045116
geodesic_eval_only,main,MCLP,10,15,-1,mesquita,75,75,0,100
geodesic_eval_only,main,MCLP,10,15,-1,nilopolis,103,103,0,100
geodesic_eval_only,main,MCLP,10,15,-1,niteroi,824,824,0,100
geodesic_eval_only,main,MCLP,10,15,-1,nova iguacu,423,423,0,100
geodesic_eval_only,main,MCLP,10,15,-1,paracambi,35,0,35,0
geodesic_eval_only,main,MCLP,10,15,-1,petropolis,234,209,25,89.316239316239319
geodesic_eval_only,main,MCLP,10,15,-1,queimados,53,52,1,98.113207547169807
geodesic_eval_only,main,MCLP,10,15,-1,rio bonito,27,0,27,0
geodesic_eval_only,main,MCLP,10,15,-1,rio de janeiro,6601,6568,33,99.500075746099071
geodesic_eval_only,main,MCLP,10,15,-1,sao goncalo,385,382,3,99.220779220779221
geodesic_eval_only,main,MCLP,10,15,-1,sao joao de meriti,124,124,0,100
geodesic_eval_only,main,MCLP,10,15,-1,seropedica,33,0,33,0
geodesic_eval_only,main,MCLP,10,15,-1,tangua,6,0,6,0
geodesic_eval_only,main,MCLP,5,40,-1,belford roxo,104,91,13,87.5
geodesic_eval_only,main,MCLP,5,40,-1,cachoeiras de macacu,20,0,20,0
geodesic_eval_only,main,MCLP,5,40,-1,duque de caxias,250,163,87,65.200000000000003
geodesic_eval_only,main,MCLP,5,40,-1,guapimirim,21,0,21,0
geodesic_eval_only,main,MCLP,5,40,-1,itaborai,56,37,19,66.071428571428569
geodesic_eval_only,main,MCLP,5,40,-1,itaguai,46,38,8,82.608695652173907
geodesic_eval_only,main,MCLP,5,40,-1,japeri,34,0,34,0
geodesic_eval_only,main,MCLP,5,40,-1,mage,104,74,30,71.15384615384616
geodesic_eval_only,main,MCLP,5,40,-1,marica,133,92,41,69.172932330827066
geodesic_eval_only,main,MCLP,5,40,-1,mesquita,75,75,0,100
geodesic_eval_only,main,MCLP,5,40,-1,nilopolis,103,103,0,100
geodesic_eval_only,main,MCLP,5,40,-1,niteroi,824,820,4,99.514563106796118
geodesic_eval_only,main,MCLP,5,40,-1,nova iguacu,423,390,33,92.198581560283685
geodesic_eval_only,main,MCLP,5,40,-1,paracambi,35,35,0,100
geodesic_eval_only,main,MCLP,5,40,-1,petropolis,234,216,18,92.307692307692307
geodesic_eval_only,main,MCLP,5,40,-1,queimados,53,30,23,56.60377358490566
geodesic_eval_only,main,MCLP,5,40,-1,rio bonito,27,27,0,100
geodesic_eval_only,main,MCLP,5,40,-1,rio de janeiro,6601,6546,55,99.166792910165128
geodesic_eval_only,main,MCLP,5,40,-1,sao goncalo,385,363,22,94.285714285714292
geodesic_eval_only,main,MCLP,5,40,-1,sao joao de meriti,124,124,0,100
geodesic_eval_only,main,MCLP,5,40,-1,seropedica,33,0,33,0
geodesic_eval_only,main,MCLP,5,40,-1,tangua,6,0,6,0
median,main,K-Means,10,16,42,belford roxo,104,77,27,74.038461538461533
median,main,K-Means,10,16,42,cachoeiras de macacu,20,1,19,5
median,main,K-Means,10,16,42,duque de caxias,250,229,21,91.599999999999994
median,main,K-Means,10,16,42,guapimirim,21,0,21,0
median,main,K-Means,10,16,42,itaborai,56,8,48,14.285714285714286
median,main,K-Means,10,16,42,itaguai,46,0,46,0
median,main,K-Means,10,16,42,japeri,34,34,0,100
median,main,K-Means,10,16,42,mage,104,39,65,37.5
median,main,K-Means,10,16,42,marica,133,82,51,61.654135338345867
median,main,K-Means,10,16,42,mesquita,75,75,0,100
median,main,K-Means,10,16,42,nilopolis,103,103,0,100
median,main,K-Means,10,16,42,niteroi,824,824,0,100
median,main,K-Means,10,16,42,nova iguacu,423,418,5,98.817966903073284
median,main,K-Means,10,16,42,paracambi,35,35,0,100
median,main,K-Means,10,16,42,petropolis,234,209,25,89.316239316239319
median,main,K-Means,10,16,42,queimados,53,5,48,9.433962264150944
median,main,K-Means,10,16,42,rio bonito,27,27,0,100
median,main,K-Means,10,16,42,rio de janeiro,6601,6544,57,99.136494470534771
median,main,K-Means,10,16,42,sao goncalo,385,385,0,100
median,main,K-Means,10,16,42,sao joao de meriti,124,124,0,100
median,main,K-Means,10,16,42,seropedica,33,20,13,60.606060606060609
median,main,K-Means,10,16,42,tangua,6,0,6,0
median,main,K-Means,5,40,42,belford roxo,104,92,12,88.461538461538467
median,main,K-Means,5,40,42,cachoeiras de macacu,20,19,1,95
median,main,K-Means,5,40,42,duque de caxias,250,217,33,86.799999999999997
median,main,K-Means,5,40,42,guapimirim,21,0,21,0
median,main,K-Means,5,40,42,itaborai,56,39,17,69.642857142857139
median,main,K-Means,5,40,42,itaguai,46,42,4,91.304347826086953
median,main,K-Means,5,40,42,japeri,34,10,24,29.411764705882351
median,main,K-Means,5,40,42,mage,104,44,60,42.307692307692307
median,main,K-Means,5,40,42,marica,133,108,25,81.203007518796994
median,main,K-Means,5,40,42,mesquita,75,75,0,100
median,main,K-Means,5,40,42,nilopolis,103,103,0,100
median,main,K-Means,5,40,42,niteroi,824,817,7,99.150485436893206
median,main,K-Means,5,40,42,nova iguacu,423,353,70,83.451536643026003
median,main,K-Means,5,40,42,paracambi,35,35,0,100
median,main,K-Means,5,40,42,petropolis,234,185,49,79.059829059829056
median,main,K-Means,5,40,42,queimados,53,52,1,98.113207547169807
median,main,K-Means,5,40,42,rio bonito,27,27,0,100
median,main,K-Means,5,40,42,rio de janeiro,6601,6530,71,98.924405393122257
median,main,K-Means,5,40,42,sao goncalo,385,343,42,89.090909090909093
median,main,K-Means,5,40,42,sao joao de meriti,124,119,5,95.967741935483872
median,main,K-Means,5,40,42,seropedica,33,23,10,69.696969696969703
median,main,K-Means,5,40,42,tangua,6,0,6,0
median,main,K-Means,3,84,42,belford roxo,104,99,5,95.192307692307693
median,main,K-Means,3,84,42,cachoeiras de macacu,20,19,1,95
median,main,K-Means,3,84,42,duque de caxias,250,219,31,87.599999999999994
median,main,K-Means,3,84,42,guapimirim,21,21,0,100
median,main,K-Means,3,84,42,itaborai,56,33,23,58.928571428571431
median,main,K-Means,3,84,42,itaguai,46,33,13,71.739130434782609
median,main,K-Means,3,84,42,japeri,34,12,22,35.294117647058826
median,main,K-Means,3,84,42,mage,104,94,10,90.384615384615387
median,main,K-Means,3,84,42,marica,133,111,22,83.458646616541358
median,main,K-Means,3,84,42,mesquita,75,75,0,100
median,main,K-Means,3,84,42,nilopolis,103,103,0,100
median,main,K-Means,3,84,42,niteroi,824,809,15,98.179611650485441
median,main,K-Means,3,84,42,nova iguacu,423,403,20,95.27186761229315
median,main,K-Means,3,84,42,paracambi,35,35,0,100
median,main,K-Means,3,84,42,petropolis,234,156,78,66.666666666666671
median,main,K-Means,3,84,42,queimados,53,52,1,98.113207547169807
median,main,K-Means,3,84,42,rio bonito,27,27,0,100
median,main,K-Means,3,84,42,rio de janeiro,6601,6436,165,97.500378730495385
median,main,K-Means,3,84,42,sao goncalo,385,359,26,93.246753246753244
median,main,K-Means,3,84,42,sao joao de meriti,124,101,23,81.451612903225808
median,main,K-Means,3,84,42,seropedica,33,29,4,87.878787878787875
median,main,K-Means,3,84,42,tangua,6,0,6,0
median,main,Ward,10,17,-1,belford roxo,104,104,0,100
median,main,Ward,10,17,-1,cachoeiras de macacu,20,0,20,0
median,main,Ward,10,17,-1,duque de caxias,250,245,5,98
median,main,Ward,10,17,-1,guapimirim,21,8,13,38.095238095238095
median,main,Ward,10,17,-1,itaborai,56,4,52,7.1428571428571432
median,main,Ward,10,17,-1,itaguai,46,20,26,43.478260869565219
median,main,Ward,10,17,-1,japeri,34,34,0,100
median,main,Ward,10,17,-1,mage,104,87,17,83.65384615384616
median,main,Ward,10,17,-1,marica,133,75,58,56.390977443609025
median,main,Ward,10,17,-1,mesquita,75,75,0,100
median,main,Ward,10,17,-1,nilopolis,103,103,0,100
median,main,Ward,10,17,-1,niteroi,824,824,0,100
median,main,Ward,10,17,-1,nova iguacu,423,418,5,98.817966903073284
median,main,Ward,10,17,-1,paracambi,35,0,35,0
median,main,Ward,10,17,-1,petropolis,234,209,25,89.316239316239319
median,main,Ward,10,17,-1,queimados,53,53,0,100
median,main,Ward,10,17,-1,rio bonito,27,0,27,0
median,main,Ward,10,17,-1,rio de janeiro,6601,6533,68,98.9698530525678
median,main,Ward,10,17,-1,sao goncalo,385,385,0,100
median,main,Ward,10,17,-1,sao joao de meriti,124,124,0,100
median,main,Ward,10,17,-1,seropedica,33,11,22,33.333333333333336
median,main,Ward,10,17,-1,tangua,6,6,0,100
median,main,Ward,5,41,-1,belford roxo,104,100,4,96.15384615384616
median,main,Ward,5,41,-1,cachoeiras de macacu,20,19,1,95
median,main,Ward,5,41,-1,duque de caxias,250,242,8,96.799999999999997
median,main,Ward,5,41,-1,guapimirim,21,21,0,100
median,main,Ward,5,41,-1,itaborai,56,39,17,69.642857142857139
median,main,Ward,5,41,-1,itaguai,46,42,4,91.304347826086953
median,main,Ward,5,41,-1,japeri,34,29,5,85.294117647058826
median,main,Ward,5,41,-1,mage,104,78,26,75
median,main,Ward,5,41,-1,marica,133,109,24,81.954887218045116
median,main,Ward,5,41,-1,mesquita,75,75,0,100
median,main,Ward,5,41,-1,nilopolis,103,103,0,100
median,main,Ward,5,41,-1,niteroi,824,824,0,100
median,main,Ward,5,41,-1,nova iguacu,423,397,26,93.853427895981085
median,main,Ward,5,41,-1,paracambi,35,35,0,100
median,main,Ward,5,41,-1,petropolis,234,171,63,73.07692307692308
median,main,Ward,5,41,-1,queimados,53,53,0,100
median,main,Ward,5,41,-1,rio bonito,27,27,0,100
median,main,Ward,5,41,-1,rio de janeiro,6601,6358,243,96.318739584911384
median,main,Ward,5,41,-1,sao goncalo,385,372,13,96.623376623376629
median,main,Ward,5,41,-1,sao joao de meriti,124,124,0,100
median,main,Ward,5,41,-1,seropedica,33,13,20,39.393939393939391
median,main,Ward,5,41,-1,tangua,6,0,6,0
median,main,Ward,3,86,-1,belford roxo,104,90,14,86.538461538461533
median,main,Ward,3,86,-1,cachoeiras de macacu,20,20,0,100
median,main,Ward,3,86,-1,duque de caxias,250,245,5,98
median,main,Ward,3,86,-1,guapimirim,21,21,0,100
median,main,Ward,3,86,-1,itaborai,56,50,6,89.285714285714292
median,main,Ward,3,86,-1,itaguai,46,46,0,100
median,main,Ward,3,86,-1,japeri,34,20,14,58.823529411764703
median,main,Ward,3,86,-1,mage,104,103,1,99.038461538461533
median,main,Ward,3,86,-1,marica,133,117,16,87.969924812030072
median,main,Ward,3,86,-1,mesquita,75,75,0,100
median,main,Ward,3,86,-1,nilopolis,103,103,0,100
median,main,Ward,3,86,-1,niteroi,824,805,19,97.694174757281559
median,main,Ward,3,86,-1,nova iguacu,423,410,13,96.92671394799055
median,main,Ward,3,86,-1,paracambi,35,35,0,100
median,main,Ward,3,86,-1,petropolis,234,156,78,66.666666666666671
median,main,Ward,3,86,-1,queimados,53,52,1,98.113207547169807
median,main,Ward,3,86,-1,rio bonito,27,27,0,100
median,main,Ward,3,86,-1,rio de janeiro,6601,6332,269,95.924859869716713
median,main,Ward,3,86,-1,sao goncalo,385,361,24,93.766233766233768
median,main,Ward,3,86,-1,sao joao de meriti,124,124,0,100
median,main,Ward,3,86,-1,seropedica,33,29,4,87.878787878787875
median,main,Ward,3,86,-1,tangua,6,0,6,0
median,main,Complete,10,22,-1,belford roxo,104,104,0,100
median,main,Complete,10,22,-1,cachoeiras de macacu,20,19,1,95
median,main,Complete,10,22,-1,duque de caxias,250,220,30,88
median,main,Complete,10,22,-1,guapimirim,21,8,13,38.095238095238095
median,main,Complete,10,22,-1,itaborai,56,56,0,100
median,main,Complete,10,22,-1,itaguai,46,46,0,100
median,main,Complete,10,22,-1,japeri,34,34,0,100
median,main,Complete,10,22,-1,mage,104,104,0,100
median,main,Complete,10,22,-1,marica,133,123,10,92.481203007518801
median,main,Complete,10,22,-1,mesquita,75,75,0,100
median,main,Complete,10,22,-1,nilopolis,103,103,0,100
median,main,Complete,10,22,-1,niteroi,824,824,0,100
median,main,Complete,10,22,-1,nova iguacu,423,414,9,97.872340425531917
median,main,Complete,10,22,-1,paracambi,35,35,0,100
median,main,Complete,10,22,-1,petropolis,234,229,5,97.863247863247864
median,main,Complete,10,22,-1,queimados,53,53,0,100
median,main,Complete,10,22,-1,rio bonito,27,27,0,100
median,main,Complete,10,22,-1,rio de janeiro,6601,6241,360,94.546280866535369
median,main,Complete,10,22,-1,sao goncalo,385,385,0,100
median,main,Complete,10,22,-1,sao joao de meriti,124,124,0,100
median,main,Complete,10,22,-1,seropedica,33,20,13,60.606060606060609
median,main,Complete,10,22,-1,tangua,6,6,0,100
median,main,Complete,5,46,-1,belford roxo,104,81,23,77.884615384615387
median,main,Complete,5,46,-1,cachoeiras de macacu,20,20,0,100
median,main,Complete,5,46,-1,duque de caxias,250,243,7,97.200000000000003
median,main,Complete,5,46,-1,guapimirim,21,21,0,100
median,main,Complete,5,46,-1,itaborai,56,51,5,91.071428571428569
median,main,Complete,5,46,-1,itaguai,46,42,4,91.304347826086953
median,main,Complete,5,46,-1,japeri,34,29,5,85.294117647058826
median,main,Complete,5,46,-1,mage,104,100,4,96.15384615384616
median,main,Complete,5,46,-1,marica,133,94,39,70.676691729323309
median,main,Complete,5,46,-1,mesquita,75,75,0,100
median,main,Complete,5,46,-1,nilopolis,103,103,0,100
median,main,Complete,5,46,-1,niteroi,824,808,16,98.05825242718447
median,main,Complete,5,46,-1,nova iguacu,423,422,1,99.763593380614651
median,main,Complete,5,46,-1,paracambi,35,35,0,100
median,main,Complete,5,46,-1,petropolis,234,205,29,87.606837606837601
median,main,Complete,5,46,-1,queimados,53,53,0,100
median,main,Complete,5,46,-1,rio bonito,27,27,0,100
median,main,Complete,5,46,-1,rio de janeiro,6601,6321,280,95.758218451749741
median,main,Complete,5,46,-1,sao goncalo,385,351,34,91.168831168831176
median,main,Complete,5,46,-1,sao joao de meriti,124,124,0,100
median,main,Complete,5,46,-1,seropedica,33,33,0,100
median,main,Complete,5,46,-1,tangua,6,0,6,0
median,main,Complete,3,87,-1,belford roxo,104,87,17,83.65384615384616
median,main,Complete,3,87,-1,cachoeiras de macacu,20,20,0,100
median,main,Complete,3,87,-1,duque de caxias,250,242,8,96.799999999999997
median,main,Complete,3,87,-1,guapimirim,21,21,0,100
median,main,Complete,3,87,-1,itaborai,56,50,6,89.285714285714292
median,main,Complete,3,87,-1,itaguai,46,46,0,100
median,main,Complete,3,87,-1,japeri,34,20,14,58.823529411764703
median,main,Complete,3,87,-1,mage,104,103,1,99.038461538461533
median,main,Complete,3,87,-1,marica,133,130,3,97.744360902255636
median,main,Complete,3,87,-1,mesquita,75,75,0,100
median,main,Complete,3,87,-1,nilopolis,103,103,0,100
median,main,Complete,3,87,-1,niteroi,824,805,19,97.694174757281559
median,main,Complete,3,87,-1,nova iguacu,423,410,13,96.92671394799055
median,main,Complete,3,87,-1,paracambi,35,35,0,100
median,main,Complete,3,87,-1,petropolis,234,221,13,94.444444444444443
median,main,Complete,3,87,-1,queimados,53,52,1,98.113207547169807
median,main,Complete,3,87,-1,rio bonito,27,27,0,100
median,main,Complete,3,87,-1,rio de janeiro,6601,6273,328,95.031055900621112
median,main,Complete,3,87,-1,sao goncalo,385,372,13,96.623376623376629
median,main,Complete,3,87,-1,sao joao de meriti,124,108,16,87.096774193548384
median,main,Complete,3,87,-1,seropedica,33,31,2,93.939393939393938
median,main,Complete,3,87,-1,tangua,6,6,0,100
median,main,Average,10,24,-1,belford roxo,104,104,0,100
median,main,Average,10,24,-1,cachoeiras de macacu,20,20,0,100
median,main,Average,10,24,-1,duque de caxias,250,206,44,82.400000000000006
median,main,Average,10,24,-1,guapimirim,21,21,0,100
median,main,Average,10,24,-1,itaborai,56,56,0,100
median,main,Average,10,24,-1,itaguai,46,46,0,100
median,main,Average,10,24,-1,japeri,34,34,0,100
median,main,Average,10,24,-1,mage,104,91,13,87.5
median,main,Average,10,24,-1,marica,133,101,32,75.939849624060145
median,main,Average,10,24,-1,mesquita,75,75,0,100
median,main,Average,10,24,-1,nilopolis,103,103,0,100
median,main,Average,10,24,-1,niteroi,824,819,5,99.393203883495147
median,main,Average,10,24,-1,nova iguacu,423,417,6,98.581560283687949
median,main,Average,10,24,-1,paracambi,35,35,0,100
median,main,Average,10,24,-1,petropolis,234,234,0,100
median,main,Average,10,24,-1,queimados,53,53,0,100
median,main,Average,10,24,-1,rio bonito,27,27,0,100
median,main,Average,10,24,-1,rio de janeiro,6601,6558,43,99.348583547947285
median,main,Average,10,24,-1,sao goncalo,385,305,80,79.220779220779221
median,main,Average,10,24,-1,sao joao de meriti,124,124,0,100
median,main,Average,10,24,-1,seropedica,33,20,13,60.606060606060609
median,main,Average,10,24,-1,tangua,6,6,0,100
median,main,Average,5,53,-1,belford roxo,104,104,0,100
median,main,Average,5,53,-1,cachoeiras de macacu,20,20,0,100
median,main,Average,5,53,-1,duque de caxias,250,250,0,100
median,main,Average,5,53,-1,guapimirim,21,21,0,100
median,main,Average,5,53,-1,itaborai,56,51,5,91.071428571428569
median,main,Average,5,53,-1,itaguai,46,42,4,91.304347826086953
median,main,Average,5,53,-1,japeri,34,29,5,85.294117647058826
median,main,Average,5,53,-1,mage,104,97,7,93.269230769230774
median,main,Average,5,53,-1,marica,133,117,16,87.969924812030072
median,main,Average,5,53,-1,mesquita,75,75,0,100
median,main,Average,5,53,-1,nilopolis,103,103,0,100
median,main,Average,5,53,-1,niteroi,824,824,0,100
median,main,Average,5,53,-1,nova iguacu,423,406,17,95.981087470449168
median,main,Average,5,53,-1,paracambi,35,35,0,100
median,main,Average,5,53,-1,petropolis,234,215,19,91.880341880341874
median,main,Average,5,53,-1,queimados,53,53,0,100
median,main,Average,5,53,-1,rio bonito,27,27,0,100
median,main,Average,5,53,-1,rio de janeiro,6601,6256,345,94.773519163763069
median,main,Average,5,53,-1,sao goncalo,385,379,6,98.441558441558442
median,main,Average,5,53,-1,sao joao de meriti,124,124,0,100
median,main,Average,5,53,-1,seropedica,33,33,0,100
median,main,Average,5,53,-1,tangua,6,6,0,100
median,main,Average,3,98,-1,belford roxo,104,93,11,89.42307692307692
median,main,Average,3,98,-1,cachoeiras de macacu,20,20,0,100
median,main,Average,3,98,-1,duque de caxias,250,245,5,98
median,main,Average,3,98,-1,guapimirim,21,21,0,100
median,main,Average,3,98,-1,itaborai,56,55,1,98.214285714285708
median,main,Average,3,98,-1,itaguai,46,46,0,100
median,main,Average,3,98,-1,japeri,34,34,0,100
median,main,Average,3,98,-1,mage,104,104,0,100
median,main,Average,3,98,-1,marica,133,131,2,98.496240601503757
median,main,Average,3,98,-1,mesquita,75,75,0,100
median,main,Average,3,98,-1,nilopolis,103,103,0,100
median,main,Average,3,98,-1,niteroi,824,805,19,97.694174757281559
median,main,Average,3,98,-1,nova iguacu,423,395,28,93.380614657210401
median,main,Average,3,98,-1,paracambi,35,35,0,100
median,main,Average,3,98,-1,petropolis,234,230,4,98.290598290598297
median,main,Average,3,98,-1,queimados,53,52,1,98.113207547169807
median,main,Average,3,98,-1,rio bonito,27,27,0,100
median,main,Average,3,98,-1,rio de janeiro,6601,6202,399,93.955461293743369
median,main,Average,3,98,-1,sao goncalo,385,371,14,96.36363636363636
median,main,Average,3,98,-1,sao joao de meriti,124,124,0,100
median,main,Average,3,98,-1,seropedica,33,33,0,100
median,main,Average,3,98,-1,tangua,6,6,0,100
median,main,P-Median,10,23,-1,belford roxo,104,104,0,100
median,main,P-Median,10,23,-1,cachoeiras de macacu,20,0,20,0
median,main,P-Median,10,23,-1,duque de caxias,250,156,94,62.399999999999999
median,main,P-Median,10,23,-1,guapimirim,21,0,21,0
median,main,P-Median,10,23,-1,itaborai,56,0,56,0
median,main,P-Median,10,23,-1,itaguai,46,0,46,0
median,main,P-Median,10,23,-1,japeri,34,25,9,73.529411764705884
median,main,P-Median,10,23,-1,mage,104,4,100,3.8461538461538463
median,main,P-Median,10,23,-1,marica,133,118,15,88.721804511278194
median,main,P-Median,10,23,-1,mesquita,75,75,0,100
median,main,P-Median,10,23,-1,nilopolis,103,103,0,100
median,main,P-Median,10,23,-1,niteroi,824,824,0,100
median,main,P-Median,10,23,-1,nova iguacu,423,418,5,98.817966903073284
median,main,P-Median,10,23,-1,paracambi,35,35,0,100
median,main,P-Median,10,23,-1,petropolis,234,191,43,81.623931623931625
median,main,P-Median,10,23,-1,queimados,53,53,0,100
median,main,P-Median,10,23,-1,rio bonito,27,27,0,100
median,main,P-Median,10,23,-1,rio de janeiro,6601,6601,0,100
median,main,P-Median,10,23,-1,sao goncalo,385,385,0,100
median,main,P-Median,10,23,-1,sao joao de meriti,124,124,0,100
median,main,P-Median,10,23,-1,seropedica,33,0,33,0
median,main,P-Median,10,23,-1,tangua,6,6,0,100
median,main,P-Median,5,53,-1,belford roxo,104,72,32,69.230769230769226
median,main,P-Median,5,53,-1,cachoeiras de macacu,20,19,1,95
median,main,P-Median,5,53,-1,duque de caxias,250,150,100,60
median,main,P-Median,5,53,-1,guapimirim,21,21,0,100
median,main,P-Median,5,53,-1,itaborai,56,37,19,66.071428571428569
median,main,P-Median,5,53,-1,itaguai,46,38,8,82.608695652173907
median,main,P-Median,5,53,-1,japeri,34,0,34,0
median,main,P-Median,5,53,-1,mage,104,77,27,74.038461538461533
median,main,P-Median,5,53,-1,marica,133,95,38,71.428571428571431
median,main,P-Median,5,53,-1,mesquita,75,75,0,100
median,main,P-Median,5,53,-1,nilopolis,103,103,0,100
median,main,P-Median,5,53,-1,niteroi,824,824,0,100
median,main,P-Median,5,53,-1,nova iguacu,423,366,57,86.524822695035468
median,main,P-Median,5,53,-1,paracambi,35,35,0,100
median,main,P-Median,5,53,-1,petropolis,234,194,40,82.90598290598291
median,main,P-Median,5,53,-1,queimados,53,43,10,81.132075471698116
median,main,P-Median,5,53,-1,rio bonito,27,27,0,100
median,main,P-Median,5,53,-1,rio de janeiro,6601,6565,36,99.454628086653543
median,main,P-Median,5,53,-1,sao goncalo,385,368,17,95.584415584415581
median,main,P-Median,5,53,-1,sao joao de meriti,124,124,0,100
median,main,P-Median,5,53,-1,seropedica,33,0,33,0
median,main,P-Median,5,53,-1,tangua,6,0,6,0
median,main,MCLP,10,14,-1,belford roxo,104,88,16,84.615384615384613
median,main,MCLP,10,14,-1,cachoeiras de macacu,20,0,20,0
median,main,MCLP,10,14,-1,duque de caxias,250,185,65,74
median,main,MCLP,10,14,-1,guapimirim,21,0,21,0
median,main,MCLP,10,14,-1,itaborai,56,0,56,0
median,main,MCLP,10,14,-1,itaguai,46,0,46,0
median,main,MCLP,10,14,-1,japeri,34,11,23,32.352941176470587
median,main,MCLP,10,14,-1,mage,104,50,54,48.07692307692308
median,main,MCLP,10,14,-1,marica,133,117,16,87.969924812030072
median,main,MCLP,10,14,-1,mesquita,75,75,0,100
median,main,MCLP,10,14,-1,nilopolis,103,103,0,100
median,main,MCLP,10,14,-1,niteroi,824,824,0,100
median,main,MCLP,10,14,-1,nova iguacu,423,410,13,96.92671394799055
median,main,MCLP,10,14,-1,paracambi,35,0,35,0
median,main,MCLP,10,14,-1,petropolis,234,209,25,89.316239316239319
median,main,MCLP,10,14,-1,queimados,53,53,0,100
median,main,MCLP,10,14,-1,rio bonito,27,0,27,0
median,main,MCLP,10,14,-1,rio de janeiro,6601,6599,2,99.969701560369643
median,main,MCLP,10,14,-1,sao goncalo,385,379,6,98.441558441558442
median,main,MCLP,10,14,-1,sao joao de meriti,124,124,0,100
median,main,MCLP,10,14,-1,seropedica,33,0,33,0
median,main,MCLP,10,14,-1,tangua,6,0,6,0
median,main,MCLP,5,40,-1,belford roxo,104,79,25,75.961538461538467
median,main,MCLP,5,40,-1,cachoeiras de macacu,20,0,20,0
median,main,MCLP,5,40,-1,duque de caxias,250,130,120,52
median,main,MCLP,5,40,-1,guapimirim,21,4,17,19.047619047619047
median,main,MCLP,5,40,-1,itaborai,56,37,19,66.071428571428569
median,main,MCLP,5,40,-1,itaguai,46,38,8,82.608695652173907
median,main,MCLP,5,40,-1,japeri,34,0,34,0
median,main,MCLP,5,40,-1,mage,104,77,27,74.038461538461533
median,main,MCLP,5,40,-1,marica,133,84,49,63.157894736842103
median,main,MCLP,5,40,-1,mesquita,75,73,2,97.333333333333329
median,main,MCLP,5,40,-1,nilopolis,103,103,0,100
median,main,MCLP,5,40,-1,niteroi,824,824,0,100
median,main,MCLP,5,40,-1,nova iguacu,423,409,14,96.690307328605201
median,main,MCLP,5,40,-1,paracambi,35,35,0,100
median,main,MCLP,5,40,-1,petropolis,234,206,28,88.034188034188034
median,main,MCLP,5,40,-1,queimados,53,43,10,81.132075471698116
median,main,MCLP,5,40,-1,rio bonito,27,27,0,100
median,main,MCLP,5,40,-1,rio de janeiro,6601,6556,45,99.318285108316928
median,main,MCLP,5,40,-1,sao goncalo,385,369,16,95.84415584415585
median,main,MCLP,5,40,-1,sao joao de meriti,124,124,0,100
median,main,MCLP,5,40,-1,seropedica,33,0,33,0
median,main,MCLP,5,40,-1,tangua,6,0,6,0
dedup_full,main,K-Means,10,17,42,belford roxo,104,104,0,100
dedup_full,main,K-Means,10,17,42,cachoeiras de macacu,20,1,19,5
dedup_full,main,K-Means,10,17,42,duque de caxias,250,231,19,92.400000000000006
dedup_full,main,K-Means,10,17,42,guapimirim,21,0,21,0
dedup_full,main,K-Means,10,17,42,itaborai,56,0,56,0
dedup_full,main,K-Means,10,17,42,itaguai,46,0,46,0
dedup_full,main,K-Means,10,17,42,japeri,34,34,0,100
dedup_full,main,K-Means,10,17,42,mage,104,60,44,57.692307692307693
dedup_full,main,K-Means,10,17,42,marica,133,103,30,77.443609022556387
dedup_full,main,K-Means,10,17,42,mesquita,75,75,0,100
dedup_full,main,K-Means,10,17,42,nilopolis,103,103,0,100
dedup_full,main,K-Means,10,17,42,niteroi,824,824,0,100
dedup_full,main,K-Means,10,17,42,nova iguacu,423,412,11,97.399527186761233
dedup_full,main,K-Means,10,17,42,paracambi,35,0,35,0
dedup_full,main,K-Means,10,17,42,petropolis,234,209,25,89.316239316239319
dedup_full,main,K-Means,10,17,42,queimados,53,52,1,98.113207547169807
dedup_full,main,K-Means,10,17,42,rio bonito,27,27,0,100
dedup_full,main,K-Means,10,17,42,rio de janeiro,6601,6565,36,99.454628086653543
dedup_full,main,K-Means,10,17,42,sao goncalo,385,385,0,100
dedup_full,main,K-Means,10,17,42,sao joao de meriti,124,124,0,100
dedup_full,main,K-Means,10,17,42,seropedica,33,11,22,33.333333333333336
dedup_full,main,K-Means,10,17,42,tangua,6,0,6,0
dedup_full,main,K-Means,5,42,42,belford roxo,104,90,14,86.538461538461533
dedup_full,main,K-Means,5,42,42,cachoeiras de macacu,20,19,1,95
dedup_full,main,K-Means,5,42,42,duque de caxias,250,225,25,90
dedup_full,main,K-Means,5,42,42,guapimirim,21,17,4,80.952380952380949
dedup_full,main,K-Means,5,42,42,itaborai,56,49,7,87.5
dedup_full,main,K-Means,5,42,42,itaguai,46,42,4,91.304347826086953
dedup_full,main,K-Means,5,42,42,japeri,34,14,20,41.176470588235297
dedup_full,main,K-Means,5,42,42,mage,104,77,27,74.038461538461533
dedup_full,main,K-Means,5,42,42,marica,133,129,4,96.992481203007515
dedup_full,main,K-Means,5,42,42,mesquita,75,75,0,100
dedup_full,main,K-Means,5,42,42,nilopolis,103,103,0,100
dedup_full,main,K-Means,5,42,42,niteroi,824,808,16,98.05825242718447
dedup_full,main,K-Means,5,42,42,nova iguacu,423,378,45,89.361702127659569
dedup_full,main,K-Means,5,42,42,paracambi,35,35,0,100
dedup_full,main,K-Means,5,42,42,petropolis,234,226,8,96.581196581196579
dedup_full,main,K-Means,5,42,42,queimados,53,52,1,98.113207547169807
dedup_full,main,K-Means,5,42,42,rio bonito,27,27,0,100
dedup_full,main,K-Means,5,42,42,rio de janeiro,6601,6461,140,97.879109225874871
dedup_full,main,K-Means,5,42,42,sao goncalo,385,343,42,89.090909090909093
dedup_full,main,K-Means,5,42,42,sao joao de meriti,124,124,0,100
dedup_full,main,K-Means,5,42,42,seropedica,33,23,10,69.696969696969703
dedup_full,main,K-Means,5,42,42,tangua,6,0,6,0
dedup_full,main,K-Means,3,84,42,belford roxo,104,93,11,89.42307692307692
dedup_full,main,K-Means,3,84,42,cachoeiras de macacu,20,19,1,95
dedup_full,main,K-Means,3,84,42,duque de caxias,250,227,23,90.799999999999997
dedup_full,main,K-Means,3,84,42,guapimirim,21,15,6,71.428571428571431
dedup_full,main,K-Means,3,84,42,itaborai,56,36,20,64.285714285714292
dedup_full,main,K-Means,3,84,42,itaguai,46,36,10,78.260869565217391
dedup_full,main,K-Means,3,84,42,japeri,34,12,22,35.294117647058826
dedup_full,main,K-Means,3,84,42,mage,104,84,20,80.769230769230774
dedup_full,main,K-Means,3,84,42,marica,133,122,11,91.729323308270679
dedup_full,main,K-Means,3,84,42,mesquita,75,53,22,70.666666666666671
dedup_full,main,K-Means,3,84,42,nilopolis,103,103,0,100
dedup_full,main,K-Means,3,84,42,niteroi,824,800,24,97.087378640776706
dedup_full,main,K-Means,3,84,42,nova iguacu,423,343,80,81.087470449172571
dedup_full,main,K-Means,3,84,42,paracambi,35,35,0,100
dedup_full,main,K-Means,3,84,42,petropolis,234,217,17,92.73504273504274
dedup_full,main,K-Means,3,84,42,queimados,53,49,4,92.452830188679243
dedup_full,main,K-Means,3,84,42,rio bonito,27,27,0,100
dedup_full,main,K-Means,3,84,42,rio de janeiro,6601,6456,145,97.80336312679897
dedup_full,main,K-Means,3,84,42,sao goncalo,385,368,17,95.584415584415581
dedup_full,main,K-Means,3,84,42,sao joao de meriti,124,104,20,83.870967741935488
dedup_full,main,K-Means,3,84,42,seropedica,33,26,7,78.787878787878782
dedup_full,main,K-Means,3,84,42,tangua,6,6,0,100
dedup_full,main,Ward,10,16,-1,belford roxo,104,100,4,96.15384615384616
dedup_full,main,Ward,10,16,-1,cachoeiras de macacu,20,1,19,5
dedup_full,main,Ward,10,16,-1,duque de caxias,250,242,8,96.799999999999997
dedup_full,main,Ward,10,16,-1,guapimirim,21,7,14,33.333333333333336
dedup_full,main,Ward,10,16,-1,itaborai,56,4,52,7.1428571428571432
dedup_full,main,Ward,10,16,-1,itaguai,46,17,29,36.956521739130437
dedup_full,main,Ward,10,16,-1,japeri,34,34,0,100
dedup_full,main,Ward,10,16,-1,mage,104,92,12,88.461538461538467
dedup_full,main,Ward,10,16,-1,marica,133,113,20,84.962406015037601
dedup_full,main,Ward,10,16,-1,mesquita,75,75,0,100
dedup_full,main,Ward,10,16,-1,nilopolis,103,103,0,100
dedup_full,main,Ward,10,16,-1,niteroi,824,819,5,99.393203883495147
dedup_full,main,Ward,10,16,-1,nova iguacu,423,419,4,99.054373522458633
dedup_full,main,Ward,10,16,-1,paracambi,35,0,35,0
dedup_full,main,Ward,10,16,-1,petropolis,234,209,25,89.316239316239319
dedup_full,main,Ward,10,16,-1,queimados,53,53,0,100
dedup_full,main,Ward,10,16,-1,rio bonito,27,0,27,0
dedup_full,main,Ward,10,16,-1,rio de janeiro,6601,6496,105,98.409331919406156
dedup_full,main,Ward,10,16,-1,sao goncalo,385,304,81,78.961038961038966
dedup_full,main,Ward,10,16,-1,sao joao de meriti,124,124,0,100
dedup_full,main,Ward,10,16,-1,seropedica,33,11,22,33.333333333333336
dedup_full,main,Ward,10,16,-1,tangua,6,6,0,100
dedup_full,main,Ward,5,45,-1,belford roxo,104,100,4,96.15384615384616
dedup_full,main,Ward,5,45,-1,cachoeiras de macacu,20,19,1,95
dedup_full,main,Ward,5,45,-1,duque de caxias,250,224,26,89.599999999999994
dedup_full,main,Ward,5,45,-1,guapimirim,21,17,4,80.952380952380949
dedup_full,main,Ward,5,45,-1,itaborai,56,49,7,87.5
dedup_full,main,Ward,5,45,-1,itaguai,46,42,4,91.304347826086953
dedup_full,main,Ward,5,45,-1,japeri,34,15,19,44.117647058823529
dedup_full,main,Ward,5,45,-1,mage,104,99,5,95.192307692307693
dedup_full,main,Ward,5,45,-1,marica,133,107,26,80.451127819548873
dedup_full,main,Ward,5,45,-1,mesquita,75,75,0,100
dedup_full,main,Ward,5,45,-1,nilopolis,103,103,0,100
dedup_full,main,Ward,5,45,-1,niteroi,824,820,4,99.514563106796118
dedup_full,main,Ward,5,45,-1,nova iguacu,423,416,7,98.3451536643026
dedup_full,main,Ward,5,45,-1,paracambi,35,0,35,0
dedup_full,main,Ward,5,45,-1,petropolis,234,200,34,85.470085470085465
dedup_full,main,Ward,5,45,-1,queimados,53,53,0,100
dedup_full,main,Ward,5,45,-1,rio bonito,27,27,0,100
dedup_full,main,Ward,5,45,-1,rio de janeiro,6601,6318,283,95.712770792304198
dedup_full,main,Ward,5,45,-1,sao goncalo,385,385,0,100
dedup_full,main,Ward,5,45,-1,sao joao de meriti,124,124,0,100
dedup_full,main,Ward,5,45,-1,seropedica,33,33,0,100
dedup_full,main,Ward,5,45,-1,tangua,6,0,6,0
dedup_full,main,Ward,3,88,-1,belford roxo,104,100,4,96.15384615384616
dedup_full,main,Ward,3,88,-1,cachoeiras de macacu,20,20,0,100
dedup_full,main,Ward,3,88,-1,duque de caxias,250,241,9,96.400000000000006
dedup_full,main,Ward,3,88,-1,guapimirim,21,17,4,80.952380952380949
dedup_full,main,Ward,3,88,-1,itaborai,56,47,9,83.928571428571431
dedup_full,main,Ward,3,88,-1,itaguai,46,46,0,100
dedup_full,main,Ward,3,88,-1,japeri,34,20,14,58.823529411764703
dedup_full,main,Ward,3,88,-1,mage,104,88,16,84.615384615384613
dedup_full,main,Ward,3,88,-1,marica,133,112,21,84.21052631578948
dedup_full,main,Ward,3,88,-1,mesquita,75,73,2,97.333333333333329
dedup_full,main,Ward,3,88,-1,nilopolis,103,103,0,100
dedup_full,main,Ward,3,88,-1,niteroi,824,758,66,91.990291262135926
dedup_full,main,Ward,3,88,-1,nova iguacu,423,412,11,97.399527186761233
dedup_full,main,Ward,3,88,-1,paracambi,35,35,0,100
dedup_full,main,Ward,3,88,-1,petropolis,234,202,32,86.324786324786331
dedup_full,main,Ward,3,88,-1,queimados,53,50,3,94.339622641509436
dedup_full,main,Ward,3,88,-1,rio bonito,27,27,0,100
dedup_full,main,Ward,3,88,-1,rio de janeiro,6601,6333,268,95.940009089531884
dedup_full,main,Ward,3,88,-1,sao goncalo,385,375,10,97.402597402597408
dedup_full,main,Ward,3,88,-1,sao joao de meriti,124,124,0,100
dedup_full,main,Ward,3,88,-1,seropedica,33,31,2,93.939393939393938
dedup_full,main,Ward,3,88,-1,tangua,6,6,0,100
dedup_full,main,Complete,10,17,-1,belford roxo,104,100,4,96.15384615384616
dedup_full,main,Complete,10,17,-1,cachoeiras de macacu,20,19,1,95
dedup_full,main,Complete,10,17,-1,duque de caxias,250,245,5,98
dedup_full,main,Complete,10,17,-1,guapimirim,21,0,21,0
dedup_full,main,Complete,10,17,-1,itaborai,56,56,0,100
dedup_full,main,Complete,10,17,-1,itaguai,46,46,0,100
dedup_full,main,Complete,10,17,-1,japeri,34,34,0,100
dedup_full,main,Complete,10,17,-1,mage,104,51,53,49.03846153846154
dedup_full,main,Complete,10,17,-1,marica,133,107,26,80.451127819548873
dedup_full,main,Complete,10,17,-1,mesquita,75,75,0,100
dedup_full,main,Complete,10,17,-1,nilopolis,103,103,0,100
dedup_full,main,Complete,10,17,-1,niteroi,824,819,5,99.393203883495147
dedup_full,main,Complete,10,17,-1,nova iguacu,423,423,0,100
dedup_full,main,Complete,10,17,-1,paracambi,35,35,0,100
dedup_full,main,Complete,10,17,-1,petropolis,234,229,5,97.863247863247864
dedup_full,main,Complete,10,17,-1,queimados,53,53,0,100
dedup_full,main,Complete,10,17,-1,rio bonito,27,27,0,100
dedup_full,main,Complete,10,17,-1,rio de janeiro,6601,6351,250,96.212695046205127
dedup_full,main,Complete,10,17,-1,sao goncalo,385,312,73,81.038961038961034
dedup_full,main,Complete,10,17,-1,sao joao de meriti,124,109,15,87.903225806451616
dedup_full,main,Complete,10,17,-1,seropedica,33,20,13,60.606060606060609
dedup_full,main,Complete,10,17,-1,tangua,6,6,0,100
dedup_full,main,Complete,5,45,-1,belford roxo,104,91,13,87.5
dedup_full,main,Complete,5,45,-1,cachoeiras de macacu,20,20,0,100
dedup_full,main,Complete,5,45,-1,duque de caxias,250,244,6,97.599999999999994
dedup_full,main,Complete,5,45,-1,guapimirim,21,17,4,80.952380952380949
dedup_full,main,Complete,5,45,-1,itaborai,56,52,4,92.857142857142861
dedup_full,main,Complete,5,45,-1,itaguai,46,42,4,91.304347826086953
dedup_full,main,Complete,5,45,-1,japeri,34,30,4,88.235294117647058
dedup_full,main,Complete,5,45,-1,mage,104,99,5,95.192307692307693
dedup_full,main,Complete,5,45,-1,marica,133,128,5,96.240601503759393
dedup_full,main,Complete,5,45,-1,mesquita,75,75,0,100
dedup_full,main,Complete,5,45,-1,nilopolis,103,103,0,100
dedup_full,main,Complete,5,45,-1,niteroi,824,824,0,100
dedup_full,main,Complete,5,45,-1,nova iguacu,423,399,24,94.326241134751768
dedup_full,main,Complete,5,45,-1,paracambi,35,35,0,100
dedup_full,main,Complete,5,45,-1,petropolis,234,205,29,87.606837606837601
dedup_full,main,Complete,5,45,-1,queimados,53,53,0,100
dedup_full,main,Complete,5,45,-1,rio bonito,27,27,0,100
dedup_full,main,Complete,5,45,-1,rio de janeiro,6601,6246,355,94.622026965611269
dedup_full,main,Complete,5,45,-1,sao goncalo,385,377,8,97.922077922077918
dedup_full,main,Complete,5,45,-1,sao joao de meriti,124,124,0,100
dedup_full,main,Complete,5,45,-1,seropedica,33,33,0,100
dedup_full,main,Complete,5,45,-1,tangua,6,6,0,100
dedup_full,main,Complete,3,91,-1,belford roxo,104,99,5,95.192307692307693
dedup_full,main,Complete,3,91,-1,cachoeiras de macacu,20,20,0,100
dedup_full,main,Complete,3,91,-1,duque de caxias,250,237,13,94.799999999999997
dedup_full,main,Complete,3,91,-1,guapimirim,21,21,0,100
dedup_full,main,Complete,3,91,-1,itaborai,56,50,6,89.285714285714292
dedup_full,main,Complete,3,91,-1,itaguai,46,46,0,100
dedup_full,main,Complete,3,91,-1,japeri,34,34,0,100
dedup_full,main,Complete,3,91,-1,mage,104,97,7,93.269230769230774
dedup_full,main,Complete,3,91,-1,marica,133,112,21,84.21052631578948
dedup_full,main,Complete,3,91,-1,mesquita,75,75,0,100
dedup_full,main,Complete,3,91,-1,nilopolis,103,103,0,100
dedup_full,main,Complete,3,91,-1,niteroi,824,749,75,90.898058252427191
dedup_full,main,Complete,3,91,-1,nova iguacu,423,418,5,98.817966903073284
dedup_full,main,Complete,3,91,-1,paracambi,35,35,0,100
dedup_full,main,Complete,3,91,-1,petropolis,234,224,10,95.726495726495727
dedup_full,main,Complete,3,91,-1,queimados,53,52,1,98.113207547169807
dedup_full,main,Complete,3,91,-1,rio bonito,27,27,0,100
dedup_full,main,Complete,3,91,-1,rio de janeiro,6601,6283,318,95.182548098772912
dedup_full,main,Complete,3,91,-1,sao goncalo,385,374,11,97.142857142857139
dedup_full,main,Complete,3,91,-1,sao joao de meriti,124,124,0,100
dedup_full,main,Complete,3,91,-1,seropedica,33,31,2,93.939393939393938
dedup_full,main,Complete,3,91,-1,tangua,6,6,0,100
dedup_full,main,Average,10,21,-1,belford roxo,104,104,0,100
dedup_full,main,Average,10,21,-1,cachoeiras de macacu,20,20,0,100
dedup_full,main,Average,10,21,-1,duque de caxias,250,245,5,98
dedup_full,main,Average,10,21,-1,guapimirim,21,7,14,33.333333333333336
dedup_full,main,Average,10,21,-1,itaborai,56,56,0,100
dedup_full,main,Average,10,21,-1,itaguai,46,46,0,100
dedup_full,main,Average,10,21,-1,japeri,34,34,0,100
dedup_full,main,Average,10,21,-1,mage,104,92,12,88.461538461538467
dedup_full,main,Average,10,21,-1,marica,133,131,2,98.496240601503757
dedup_full,main,Average,10,21,-1,mesquita,75,75,0,100
dedup_full,main,Average,10,21,-1,nilopolis,103,103,0,100
dedup_full,main,Average,10,21,-1,niteroi,824,819,5,99.393203883495147
dedup_full,main,Average,10,21,-1,nova iguacu,423,410,13,96.92671394799055
dedup_full,main,Average,10,21,-1,paracambi,35,0,35,0
dedup_full,main,Average,10,21,-1,petropolis,234,214,20,91.452991452991455
dedup_full,main,Average,10,21,-1,queimados,53,53,0,100
dedup_full,main,Average,10,21,-1,rio bonito,27,27,0,100
dedup_full,main,Average,10,21,-1,rio de janeiro,6601,6513,88,98.666868656264199
dedup_full,main,Average,10,21,-1,sao goncalo,385,305,80,79.220779220779221
dedup_full,main,Average,10,21,-1,sao joao de meriti,124,124,0,100
dedup_full,main,Average,10,21,-1,seropedica,33,11,22,33.333333333333336
dedup_full,main,Average,10,21,-1,tangua,6,6,0,100
dedup_full,main,Average,5,48,-1,belford roxo,104,80,24,76.92307692307692
dedup_full,main,Average,5,48,-1,cachoeiras de macacu,20,20,0,100
dedup_full,main,Average,5,48,-1,duque de caxias,250,242,8,96.799999999999997
dedup_full,main,Average,5,48,-1,guapimirim,21,17,4,80.952380952380949
dedup_full,main,Average,5,48,-1,itaborai,56,51,5,91.071428571428569
dedup_full,main,Average,5,48,-1,itaguai,46,42,4,91.304347826086953
dedup_full,main,Average,5,48,-1,japeri,34,25,9,73.529411764705884
dedup_full,main,Average,5,48,-1,mage,104,104,0,100
dedup_full,main,Average,5,48,-1,marica,133,130,3,97.744360902255636
dedup_full,main,Average,5,48,-1,mesquita,75,75,0,100
dedup_full,main,Average,5,48,-1,nilopolis,103,103,0,100
dedup_full,main,Average,5,48,-1,niteroi,824,803,21,97.451456310679617
dedup_full,main,Average,5,48,-1,nova iguacu,423,397,26,93.853427895981085
dedup_full,main,Average,5,48,-1,paracambi,35,35,0,100
dedup_full,main,Average,5,48,-1,petropolis,234,218,16,93.162393162393158
dedup_full,main,Average,5,48,-1,queimados,53,53,0,100
dedup_full,main,Average,5,48,-1,rio bonito,27,27,0,100
dedup_full,main,Average,5,48,-1,rio de janeiro,6601,6328,273,95.864262990455998
dedup_full,main,Average,5,48,-1,sao goncalo,385,351,34,91.168831168831176
dedup_full,main,Average,5,48,-1,sao joao de meriti,124,110,14,88.709677419354833
dedup_full,main,Average,5,48,-1,seropedica,33,33,0,100
dedup_full,main,Average,5,48,-1,tangua,6,6,0,100
dedup_full,main,Average,3,101,-1,belford roxo,104,96,8,92.307692307692307
dedup_full,main,Average,3,101,-1,cachoeiras de macacu,20,20,0,100
dedup_full,main,Average,3,101,-1,duque de caxias,250,233,17,93.200000000000003
dedup_full,main,Average,3,101,-1,guapimirim,21,21,0,100
dedup_full,main,Average,3,101,-1,itaborai,56,55,1,98.214285714285708
dedup_full,main,Average,3,101,-1,itaguai,46,46,0,100
dedup_full,main,Average,3,101,-1,japeri,34,34,0,100
dedup_full,main,Average,3,101,-1,mage,104,101,3,97.115384615384613
dedup_full,main,Average,3,101,-1,marica,133,125,8,93.984962406015043
dedup_full,main,Average,3,101,-1,mesquita,75,45,30,60
dedup_full,main,Average,3,101,-1,nilopolis,103,103,0,100
dedup_full,main,Average,3,101,-1,niteroi,824,773,51,93.810679611650485
dedup_full,main,Average,3,101,-1,nova iguacu,423,419,4,99.054373522458633
dedup_full,main,Average,3,101,-1,paracambi,35,35,0,100
dedup_full,main,Average,3,101,-1,petropolis,234,208,26,88.888888888888886
dedup_full,main,Average,3,101,-1,queimados,53,53,0,100
dedup_full,main,Average,3,101,-1,rio bonito,27,27,0,100
dedup_full,main,Average,3,101,-1,rio de janeiro,6601,6319,282,95.72792001211937
dedup_full,main,Average,3,101,-1,sao goncalo,385,366,19,95.064935064935071
dedup_full,main,Average,3,101,-1,sao joao de meriti,124,124,0,100
dedup_full,main,Average,3,101,-1,seropedica,33,31,2,93.939393939393938
dedup_full,main,Average,3,101,-1,tangua,6,6,0,100
dedup_full,main,P-Median,10,24,-1,belford roxo,104,104,0,100
dedup_full,main,P-Median,10,24,-1,cachoeiras de macacu,20,0,20,0
dedup_full,main,P-Median,10,24,-1,duque de caxias,250,188,62,75.200000000000003
dedup_full,main,P-Median,10,24,-1,guapimirim,21,0,21,0
dedup_full,main,P-Median,10,24,-1,itaborai,56,0,56,0
dedup_full,main,P-Median,10,24,-1,itaguai,46,0,46,0
dedup_full,main,P-Median,10,24,-1,japeri,34,14,20,41.176470588235297
dedup_full,main,P-Median,10,24,-1,mage,104,60,44,57.692307692307693
dedup_full,main,P-Median,10,24,-1,marica,133,107,26,80.451127819548873
dedup_full,main,P-Median,10,24,-1,mesquita,75,75,0,100
dedup_full,main,P-Median,10,24,-1,nilopolis,103,103,0,100
dedup_full,main,P-Median,10,24,-1,niteroi,824,809,15,98.179611650485441
dedup_full,main,P-Median,10,24,-1,nova iguacu,423,409,14,96.690307328605201
dedup_full,main,P-Median,10,24,-1,paracambi,35,35,0,100
dedup_full,main,P-Median,10,24,-1,petropolis,234,191,43,81.623931623931625
dedup_full,main,P-Median,10,24,-1,queimados,53,3,50,5.6603773584905657
dedup_full,main,P-Median,10,24,-1,rio bonito,27,27,0,100
dedup_full,main,P-Median,10,24,-1,rio de janeiro,6601,6601,0,100
dedup_full,main,P-Median,10,24,-1,sao goncalo,385,385,0,100
dedup_full,main,P-Median,10,24,-1,sao joao de meriti,124,124,0,100
dedup_full,main,P-Median,10,24,-1,seropedica,33,2,31,6.0606060606060606
dedup_full,main,P-Median,10,24,-1,tangua,6,0,6,0
dedup_full,main,P-Median,5,54,-1,belford roxo,104,77,27,74.038461538461533
dedup_full,main,P-Median,5,54,-1,cachoeiras de macacu,20,19,1,95
dedup_full,main,P-Median,5,54,-1,duque de caxias,250,167,83,66.799999999999997
dedup_full,main,P-Median,5,54,-1,guapimirim,21,17,4,80.952380952380949
dedup_full,main,P-Median,5,54,-1,itaborai,56,37,19,66.071428571428569
dedup_full,main,P-Median,5,54,-1,itaguai,46,38,8,82.608695652173907
dedup_full,main,P-Median,5,54,-1,japeri,34,0,34,0
dedup_full,main,P-Median,5,54,-1,mage,104,74,30,71.15384615384616
dedup_full,main,P-Median,5,54,-1,marica,133,101,32,75.939849624060145
dedup_full,main,P-Median,5,54,-1,mesquita,75,75,0,100
dedup_full,main,P-Median,5,54,-1,nilopolis,103,103,0,100
dedup_full,main,P-Median,5,54,-1,niteroi,824,815,9,98.907766990291265
dedup_full,main,P-Median,5,54,-1,nova iguacu,423,362,61,85.579196217494086
dedup_full,main,P-Median,5,54,-1,paracambi,35,35,0,100
dedup_full,main,P-Median,5,54,-1,petropolis,234,194,40,82.90598290598291
dedup_full,main,P-Median,5,54,-1,queimados,53,39,14,73.584905660377359
dedup_full,main,P-Median,5,54,-1,rio bonito,27,27,0,100
dedup_full,main,P-Median,5,54,-1,rio de janeiro,6601,6545,56,99.151643690349943
dedup_full,main,P-Median,5,54,-1,sao goncalo,385,358,27,92.987012987012989
dedup_full,main,P-Median,5,54,-1,sao joao de meriti,124,124,0,100
dedup_full,main,P-Median,5,54,-1,seropedica,33,0,33,0
dedup_full,main,P-Median,5,54,-1,tangua,6,0,6,0
dedup_full,main,MCLP,10,14,-1,belford roxo,104,104,0,100
dedup_full,main,MCLP,10,14,-1,cachoeiras de macacu,20,0,20,0
dedup_full,main,MCLP,10,14,-1,duque de caxias,250,250,0,100
dedup_full,main,MCLP,10,14,-1,guapimirim,21,0,21,0
dedup_full,main,MCLP,10,14,-1,itaborai,56,0,56,0
dedup_full,main,MCLP,10,14,-1,itaguai,46,32,14,69.565217391304344
dedup_full,main,MCLP,10,14,-1,japeri,34,8,26,23.529411764705884
dedup_full,main,MCLP,10,14,-1,mage,104,0,104,0
dedup_full,main,MCLP,10,14,-1,marica,133,109,24,81.954887218045116
dedup_full,main,MCLP,10,14,-1,mesquita,75,75,0,100
dedup_full,main,MCLP,10,14,-1,nilopolis,103,103,0,100
dedup_full,main,MCLP,10,14,-1,niteroi,824,824,0,100
dedup_full,main,MCLP,10,14,-1,nova iguacu,423,419,4,99.054373522458633
dedup_full,main,MCLP,10,14,-1,paracambi,35,0,35,0
dedup_full,main,MCLP,10,14,-1,petropolis,234,209,25,89.316239316239319
dedup_full,main,MCLP,10,14,-1,queimados,53,53,0,100
dedup_full,main,MCLP,10,14,-1,rio bonito,27,0,27,0
dedup_full,main,MCLP,10,14,-1,rio de janeiro,6601,6518,83,98.742614755340099
dedup_full,main,MCLP,10,14,-1,sao goncalo,385,385,0,100
dedup_full,main,MCLP,10,14,-1,sao joao de meriti,124,124,0,100
dedup_full,main,MCLP,10,14,-1,seropedica,33,0,33,0
dedup_full,main,MCLP,10,14,-1,tangua,6,0,6,0
dedup_full,main,MCLP,5,40,-1,belford roxo,104,87,17,83.65384615384616
dedup_full,main,MCLP,5,40,-1,cachoeiras de macacu,20,0,20,0
dedup_full,main,MCLP,5,40,-1,duque de caxias,250,167,83,66.799999999999997
dedup_full,main,MCLP,5,40,-1,guapimirim,21,0,21,0
dedup_full,main,MCLP,5,40,-1,itaborai,56,37,19,66.071428571428569
dedup_full,main,MCLP,5,40,-1,itaguai,46,38,8,82.608695652173907
dedup_full,main,MCLP,5,40,-1,japeri,34,0,34,0
dedup_full,main,MCLP,5,40,-1,mage,104,74,30,71.15384615384616
dedup_full,main,MCLP,5,40,-1,marica,133,77,56,57.89473684210526
dedup_full,main,MCLP,5,40,-1,mesquita,75,72,3,96
dedup_full,main,MCLP,5,40,-1,nilopolis,103,103,0,100
dedup_full,main,MCLP,5,40,-1,niteroi,824,820,4,99.514563106796118
dedup_full,main,MCLP,5,40,-1,nova iguacu,423,390,33,92.198581560283685
dedup_full,main,MCLP,5,40,-1,paracambi,35,35,0,100
dedup_full,main,MCLP,5,40,-1,petropolis,234,216,18,92.307692307692307
dedup_full,main,MCLP,5,40,-1,queimados,53,39,14,73.584905660377359
dedup_full,main,MCLP,5,40,-1,rio bonito,27,27,0,100
dedup_full,main,MCLP,5,40,-1,rio de janeiro,6601,6561,40,99.394031207392814
dedup_full,main,MCLP,5,40,-1,sao goncalo,385,344,41,89.350649350649348
dedup_full,main,MCLP,5,40,-1,sao joao de meriti,124,124,0,100
dedup_full,main,MCLP,5,40,-1,seropedica,33,0,33,0
dedup_full,main,MCLP,5,40,-1,tangua,6,0,6,0
projected_inverse,main,K-Means,10,16,42,belford roxo,104,91,13,87.5
projected_inverse,main,K-Means,10,16,42,cachoeiras de macacu,20,1,19,5
projected_inverse,main,K-Means,10,16,42,duque de caxias,250,236,14,94.400000000000006
projected_inverse,main,K-Means,10,16,42,guapimirim,21,7,14,33.333333333333336
projected_inverse,main,K-Means,10,16,42,itaborai,56,2,54,3.5714285714285716
projected_inverse,main,K-Means,10,16,42,itaguai,46,0,46,0
projected_inverse,main,K-Means,10,16,42,japeri,34,34,0,100
projected_inverse,main,K-Means,10,16,42,mage,104,68,36,65.384615384615387
projected_inverse,main,K-Means,10,16,42,marica,133,129,4,96.992481203007515
projected_inverse,main,K-Means,10,16,42,mesquita,75,75,0,100
projected_inverse,main,K-Means,10,16,42,nilopolis,103,103,0,100
projected_inverse,main,K-Means,10,16,42,niteroi,824,824,0,100
projected_inverse,main,K-Means,10,16,42,nova iguacu,423,391,32,92.434988179669034
projected_inverse,main,K-Means,10,16,42,paracambi,35,0,35,0
projected_inverse,main,K-Means,10,16,42,petropolis,234,209,25,89.316239316239319
projected_inverse,main,K-Means,10,16,42,queimados,53,50,3,94.339622641509436
projected_inverse,main,K-Means,10,16,42,rio bonito,27,0,27,0
projected_inverse,main,K-Means,10,16,42,rio de janeiro,6601,6540,61,99.075897591274042
projected_inverse,main,K-Means,10,16,42,sao goncalo,385,385,0,100
projected_inverse,main,K-Means,10,16,42,sao joao de meriti,124,124,0,100
projected_inverse,main,K-Means,10,16,42,seropedica,33,20,13,60.606060606060609
projected_inverse,main,K-Means,10,16,42,tangua,6,6,0,100
projected_inverse,main,K-Means,5,40,42,belford roxo,104,63,41,60.57692307692308
projected_inverse,main,K-Means,5,40,42,cachoeiras de macacu,20,19,1,95
projected_inverse,main,K-Means,5,40,42,duque de caxias,250,224,26,89.599999999999994
projected_inverse,main,K-Means,5,40,42,guapimirim,21,17,4,80.952380952380949
projected_inverse,main,K-Means,5,40,42,itaborai,56,43,13,76.785714285714292
projected_inverse,main,K-Means,5,40,42,itaguai,46,42,4,91.304347826086953
projected_inverse,main,K-Means,5,40,42,japeri,34,14,20,41.176470588235297
projected_inverse,main,K-Means,5,40,42,mage,104,70,34,67.307692307692307
projected_inverse,main,K-Means,5,40,42,marica,133,76,57,57.142857142857146
projected_inverse,main,K-Means,5,40,42,mesquita,75,75,0,100
projected_inverse,main,K-Means,5,40,42,nilopolis,103,103,0,100
projected_inverse,main,K-Means,5,40,42,niteroi,824,802,22,97.330097087378647
projected_inverse,main,K-Means,5,40,42,nova iguacu,423,373,50,88.179669030732867
projected_inverse,main,K-Means,5,40,42,paracambi,35,35,0,100
projected_inverse,main,K-Means,5,40,42,petropolis,234,200,34,85.470085470085465
projected_inverse,main,K-Means,5,40,42,queimados,53,52,1,98.113207547169807
projected_inverse,main,K-Means,5,40,42,rio bonito,27,27,0,100
projected_inverse,main,K-Means,5,40,42,rio de janeiro,6601,6534,67,98.985002272382971
projected_inverse,main,K-Means,5,40,42,sao goncalo,385,345,40,89.610389610389603
projected_inverse,main,K-Means,5,40,42,sao joao de meriti,124,124,0,100
projected_inverse,main,K-Means,5,40,42,seropedica,33,23,10,69.696969696969703
projected_inverse,main,K-Means,5,40,42,tangua,6,0,6,0
projected_inverse,main,K-Means,3,84,42,belford roxo,104,100,4,96.15384615384616
projected_inverse,main,K-Means,3,84,42,cachoeiras de macacu,20,19,1,95
projected_inverse,main,K-Means,3,84,42,duque de caxias,250,224,26,89.599999999999994
projected_inverse,main,K-Means,3,84,42,guapimirim,21,15,6,71.428571428571431
projected_inverse,main,K-Means,3,84,42,itaborai,56,35,21,62.5
projected_inverse,main,K-Means,3,84,42,itaguai,46,46,0,100
projected_inverse,main,K-Means,3,84,42,japeri,34,12,22,35.294117647058826
projected_inverse,main,K-Means,3,84,42,mage,104,84,20,80.769230769230774
projected_inverse,main,K-Means,3,84,42,marica,133,97,36,72.932330827067673
projected_inverse,main,K-Means,3,84,42,mesquita,75,75,0,100
projected_inverse,main,K-Means,3,84,42,nilopolis,103,103,0,100
projected_inverse,main,K-Means,3,84,42,niteroi,824,815,9,98.907766990291265
projected_inverse,main,K-Means,3,84,42,nova iguacu,423,359,64,84.869976359338068
projected_inverse,main,K-Means,3,84,42,paracambi,35,35,0,100
projected_inverse,main,K-Means,3,84,42,petropolis,234,202,32,86.324786324786331
projected_inverse,main,K-Means,3,84,42,queimados,53,49,4,92.452830188679243
projected_inverse,main,K-Means,3,84,42,rio bonito,27,27,0,100
projected_inverse,main,K-Means,3,84,42,rio de janeiro,6601,6406,195,97.045902136039999
projected_inverse,main,K-Means,3,84,42,sao goncalo,385,370,15,96.103896103896105
projected_inverse,main,K-Means,3,84,42,sao joao de meriti,124,118,6,95.161290322580641
projected_inverse,main,K-Means,3,84,42,seropedica,33,26,7,78.787878787878782
projected_inverse,main,K-Means,3,84,42,tangua,6,6,0,100
projected_inverse,main,Ward,10,16,-1,belford roxo,104,104,0,100
projected_inverse,main,Ward,10,16,-1,cachoeiras de macacu,20,1,19,5
projected_inverse,main,Ward,10,16,-1,duque de caxias,250,238,12,95.200000000000003
projected_inverse,main,Ward,10,16,-1,guapimirim,21,8,13,38.095238095238095
projected_inverse,main,Ward,10,16,-1,itaborai,56,4,52,7.1428571428571432
projected_inverse,main,Ward,10,16,-1,itaguai,46,46,0,100
projected_inverse,main,Ward,10,16,-1,japeri,34,34,0,100
projected_inverse,main,Ward,10,16,-1,mage,104,92,12,88.461538461538467
projected_inverse,main,Ward,10,16,-1,marica,133,129,4,96.992481203007515
projected_inverse,main,Ward,10,16,-1,mesquita,75,75,0,100
projected_inverse,main,Ward,10,16,-1,nilopolis,103,103,0,100
projected_inverse,main,Ward,10,16,-1,niteroi,824,824,0,100
projected_inverse,main,Ward,10,16,-1,nova iguacu,423,410,13,96.92671394799055
projected_inverse,main,Ward,10,16,-1,paracambi,35,35,0,100
projected_inverse,main,Ward,10,16,-1,petropolis,234,209,25,89.316239316239319
projected_inverse,main,Ward,10,16,-1,queimados,53,53,0,100
projected_inverse,main,Ward,10,16,-1,rio bonito,27,0,27,0
projected_inverse,main,Ward,10,16,-1,rio de janeiro,6601,6315,286,95.667323132858655
projected_inverse,main,Ward,10,16,-1,sao goncalo,385,385,0,100
projected_inverse,main,Ward,10,16,-1,sao joao de meriti,124,124,0,100
projected_inverse,main,Ward,10,16,-1,seropedica,33,20,13,60.606060606060609
projected_inverse,main,Ward,10,16,-1,tangua,6,6,0,100
projected_inverse,main,Ward,5,45,-1,belford roxo,104,104,0,100
projected_inverse,main,Ward,5,45,-1,cachoeiras de macacu,20,19,1,95
projected_inverse,main,Ward,5,45,-1,duque de caxias,250,232,18,92.799999999999997
projected_inverse,main,Ward,5,45,-1,guapimirim,21,17,4,80.952380952380949
projected_inverse,main,Ward,5,45,-1,itaborai,56,43,13,76.785714285714292
projected_inverse,main,Ward,5,45,-1,itaguai,46,42,4,91.304347826086953
projected_inverse,main,Ward,5,45,-1,japeri,34,15,19,44.117647058823529
projected_inverse,main,Ward,5,45,-1,mage,104,99,5,95.192307692307693
projected_inverse,main,Ward,5,45,-1,marica,133,129,4,96.992481203007515
projected_inverse,main,Ward,5,45,-1,mesquita,75,75,0,100
projected_inverse,main,Ward,5,45,-1,nilopolis,103,103,0,100
projected_inverse,main,Ward,5,45,-1,niteroi,824,824,0,100
projected_inverse,main,Ward,5,45,-1,nova iguacu,423,422,1,99.763593380614651
projected_inverse,main,Ward,5,45,-1,paracambi,35,0,35,0
projected_inverse,main,Ward,5,45,-1,petropolis,234,200,34,85.470085470085465
projected_inverse,main,Ward,5,45,-1,queimados,53,53,0,100
projected_inverse,main,Ward,5,45,-1,rio bonito,27,27,0,100
projected_inverse,main,Ward,5,45,-1,rio de janeiro,6601,6274,327,95.046205120436298
projected_inverse,main,Ward,5,45,-1,sao goncalo,385,379,6,98.441558441558442
projected_inverse,main,Ward,5,45,-1,sao joao de meriti,124,124,0,100
projected_inverse,main,Ward,5,45,-1,seropedica,33,33,0,100
projected_inverse,main,Ward,5,45,-1,tangua,6,0,6,0
projected_inverse,main,Ward,3,88,-1,belford roxo,104,100,4,96.15384615384616
projected_inverse,main,Ward,3,88,-1,cachoeiras de macacu,20,20,0,100
projected_inverse,main,Ward,3,88,-1,duque de caxias,250,244,6,97.599999999999994
projected_inverse,main,Ward,3,88,-1,guapimirim,21,17,4,80.952380952380949
projected_inverse,main,Ward,3,88,-1,itaborai,56,47,9,83.928571428571431
projected_inverse,main,Ward,3,88,-1,itaguai,46,46,0,100
projected_inverse,main,Ward,3,88,-1,japeri,34,20,14,58.823529411764703
projected_inverse,main,Ward,3,88,-1,mage,104,89,15,85.57692307692308
projected_inverse,main,Ward,3,88,-1,marica,133,127,6,95.488721804511272
projected_inverse,main,Ward,3,88,-1,mesquita,75,75,0,100
projected_inverse,main,Ward,3,88,-1,nilopolis,103,103,0,100
projected_inverse,main,Ward,3,88,-1,niteroi,824,768,56,93.203883495145632
projected_inverse,main,Ward,3,88,-1,nova iguacu,423,415,8,98.108747044917251
projected_inverse,main,Ward,3,88,-1,paracambi,35,35,0,100
projected_inverse,main,Ward,3,88,-1,petropolis,234,209,25,89.316239316239319
projected_inverse,main,Ward,3,88,-1,queimados,53,52,1,98.113207547169807
projected_inverse,main,Ward,3,88,-1,rio bonito,27,27,0,100
projected_inverse,main,Ward,3,88,-1,rio de janeiro,6601,6290,311,95.288592637479169
projected_inverse,main,Ward,3,88,-1,sao goncalo,385,363,22,94.285714285714292
projected_inverse,main,Ward,3,88,-1,sao joao de meriti,124,124,0,100
projected_inverse,main,Ward,3,88,-1,seropedica,33,31,2,93.939393939393938
projected_inverse,main,Ward,3,88,-1,tangua,6,6,0,100
projected_partition_angular,main,K-Means,10,16,42,belford roxo,104,91,13,87.5
projected_partition_angular,main,K-Means,10,16,42,cachoeiras de macacu,20,1,19,5
projected_partition_angular,main,K-Means,10,16,42,duque de caxias,250,236,14,94.400000000000006
projected_partition_angular,main,K-Means,10,16,42,guapimirim,21,7,14,33.333333333333336
projected_partition_angular,main,K-Means,10,16,42,itaborai,56,2,54,3.5714285714285716
projected_partition_angular,main,K-Means,10,16,42,itaguai,46,0,46,0
projected_partition_angular,main,K-Means,10,16,42,japeri,34,34,0,100
projected_partition_angular,main,K-Means,10,16,42,mage,104,68,36,65.384615384615387
projected_partition_angular,main,K-Means,10,16,42,marica,133,129,4,96.992481203007515
projected_partition_angular,main,K-Means,10,16,42,mesquita,75,75,0,100
projected_partition_angular,main,K-Means,10,16,42,nilopolis,103,103,0,100
projected_partition_angular,main,K-Means,10,16,42,niteroi,824,824,0,100
projected_partition_angular,main,K-Means,10,16,42,nova iguacu,423,391,32,92.434988179669034
projected_partition_angular,main,K-Means,10,16,42,paracambi,35,0,35,0
projected_partition_angular,main,K-Means,10,16,42,petropolis,234,209,25,89.316239316239319
projected_partition_angular,main,K-Means,10,16,42,queimados,53,50,3,94.339622641509436
projected_partition_angular,main,K-Means,10,16,42,rio bonito,27,0,27,0
projected_partition_angular,main,K-Means,10,16,42,rio de janeiro,6601,6540,61,99.075897591274042
projected_partition_angular,main,K-Means,10,16,42,sao goncalo,385,385,0,100
projected_partition_angular,main,K-Means,10,16,42,sao joao de meriti,124,124,0,100
projected_partition_angular,main,K-Means,10,16,42,seropedica,33,20,13,60.606060606060609
projected_partition_angular,main,K-Means,10,16,42,tangua,6,6,0,100
projected_partition_angular,main,K-Means,5,40,42,belford roxo,104,63,41,60.57692307692308
projected_partition_angular,main,K-Means,5,40,42,cachoeiras de macacu,20,19,1,95
projected_partition_angular,main,K-Means,5,40,42,duque de caxias,250,224,26,89.599999999999994
projected_partition_angular,main,K-Means,5,40,42,guapimirim,21,17,4,80.952380952380949
projected_partition_angular,main,K-Means,5,40,42,itaborai,56,43,13,76.785714285714292
projected_partition_angular,main,K-Means,5,40,42,itaguai,46,42,4,91.304347826086953
projected_partition_angular,main,K-Means,5,40,42,japeri,34,14,20,41.176470588235297
projected_partition_angular,main,K-Means,5,40,42,mage,104,70,34,67.307692307692307
projected_partition_angular,main,K-Means,5,40,42,marica,133,76,57,57.142857142857146
projected_partition_angular,main,K-Means,5,40,42,mesquita,75,75,0,100
projected_partition_angular,main,K-Means,5,40,42,nilopolis,103,103,0,100
projected_partition_angular,main,K-Means,5,40,42,niteroi,824,802,22,97.330097087378647
projected_partition_angular,main,K-Means,5,40,42,nova iguacu,423,373,50,88.179669030732867
projected_partition_angular,main,K-Means,5,40,42,paracambi,35,35,0,100
projected_partition_angular,main,K-Means,5,40,42,petropolis,234,200,34,85.470085470085465
projected_partition_angular,main,K-Means,5,40,42,queimados,53,52,1,98.113207547169807
projected_partition_angular,main,K-Means,5,40,42,rio bonito,27,27,0,100
projected_partition_angular,main,K-Means,5,40,42,rio de janeiro,6601,6534,67,98.985002272382971
projected_partition_angular,main,K-Means,5,40,42,sao goncalo,385,345,40,89.610389610389603
projected_partition_angular,main,K-Means,5,40,42,sao joao de meriti,124,124,0,100
projected_partition_angular,main,K-Means,5,40,42,seropedica,33,23,10,69.696969696969703
projected_partition_angular,main,K-Means,5,40,42,tangua,6,0,6,0
projected_partition_angular,main,K-Means,3,84,42,belford roxo,104,100,4,96.15384615384616
projected_partition_angular,main,K-Means,3,84,42,cachoeiras de macacu,20,19,1,95
projected_partition_angular,main,K-Means,3,84,42,duque de caxias,250,224,26,89.599999999999994
projected_partition_angular,main,K-Means,3,84,42,guapimirim,21,15,6,71.428571428571431
projected_partition_angular,main,K-Means,3,84,42,itaborai,56,35,21,62.5
projected_partition_angular,main,K-Means,3,84,42,itaguai,46,46,0,100
projected_partition_angular,main,K-Means,3,84,42,japeri,34,12,22,35.294117647058826
projected_partition_angular,main,K-Means,3,84,42,mage,104,84,20,80.769230769230774
projected_partition_angular,main,K-Means,3,84,42,marica,133,97,36,72.932330827067673
projected_partition_angular,main,K-Means,3,84,42,mesquita,75,75,0,100
projected_partition_angular,main,K-Means,3,84,42,nilopolis,103,103,0,100
projected_partition_angular,main,K-Means,3,84,42,niteroi,824,815,9,98.907766990291265
projected_partition_angular,main,K-Means,3,84,42,nova iguacu,423,359,64,84.869976359338068
projected_partition_angular,main,K-Means,3,84,42,paracambi,35,35,0,100
projected_partition_angular,main,K-Means,3,84,42,petropolis,234,202,32,86.324786324786331
projected_partition_angular,main,K-Means,3,84,42,queimados,53,49,4,92.452830188679243
projected_partition_angular,main,K-Means,3,84,42,rio bonito,27,27,0,100
projected_partition_angular,main,K-Means,3,84,42,rio de janeiro,6601,6406,195,97.045902136039999
projected_partition_angular,main,K-Means,3,84,42,sao goncalo,385,370,15,96.103896103896105
projected_partition_angular,main,K-Means,3,84,42,sao joao de meriti,124,118,6,95.161290322580641
projected_partition_angular,main,K-Means,3,84,42,seropedica,33,26,7,78.787878787878782
projected_partition_angular,main,K-Means,3,84,42,tangua,6,6,0,100
projected_partition_angular,main,Ward,10,16,-1,belford roxo,104,104,0,100
projected_partition_angular,main,Ward,10,16,-1,cachoeiras de macacu,20,1,19,5
projected_partition_angular,main,Ward,10,16,-1,duque de caxias,250,238,12,95.200000000000003
projected_partition_angular,main,Ward,10,16,-1,guapimirim,21,8,13,38.095238095238095
projected_partition_angular,main,Ward,10,16,-1,itaborai,56,4,52,7.1428571428571432
projected_partition_angular,main,Ward,10,16,-1,itaguai,46,46,0,100
projected_partition_angular,main,Ward,10,16,-1,japeri,34,34,0,100
projected_partition_angular,main,Ward,10,16,-1,mage,104,92,12,88.461538461538467
projected_partition_angular,main,Ward,10,16,-1,marica,133,129,4,96.992481203007515
projected_partition_angular,main,Ward,10,16,-1,mesquita,75,75,0,100
projected_partition_angular,main,Ward,10,16,-1,nilopolis,103,103,0,100
projected_partition_angular,main,Ward,10,16,-1,niteroi,824,824,0,100
projected_partition_angular,main,Ward,10,16,-1,nova iguacu,423,410,13,96.92671394799055
projected_partition_angular,main,Ward,10,16,-1,paracambi,35,35,0,100
projected_partition_angular,main,Ward,10,16,-1,petropolis,234,209,25,89.316239316239319
projected_partition_angular,main,Ward,10,16,-1,queimados,53,53,0,100
projected_partition_angular,main,Ward,10,16,-1,rio bonito,27,0,27,0
projected_partition_angular,main,Ward,10,16,-1,rio de janeiro,6601,6315,286,95.667323132858655
projected_partition_angular,main,Ward,10,16,-1,sao goncalo,385,385,0,100
projected_partition_angular,main,Ward,10,16,-1,sao joao de meriti,124,124,0,100
projected_partition_angular,main,Ward,10,16,-1,seropedica,33,20,13,60.606060606060609
projected_partition_angular,main,Ward,10,16,-1,tangua,6,6,0,100
projected_partition_angular,main,Ward,5,45,-1,belford roxo,104,104,0,100
projected_partition_angular,main,Ward,5,45,-1,cachoeiras de macacu,20,19,1,95
projected_partition_angular,main,Ward,5,45,-1,duque de caxias,250,232,18,92.799999999999997
projected_partition_angular,main,Ward,5,45,-1,guapimirim,21,17,4,80.952380952380949
projected_partition_angular,main,Ward,5,45,-1,itaborai,56,43,13,76.785714285714292
projected_partition_angular,main,Ward,5,45,-1,itaguai,46,42,4,91.304347826086953
projected_partition_angular,main,Ward,5,45,-1,japeri,34,15,19,44.117647058823529
projected_partition_angular,main,Ward,5,45,-1,mage,104,99,5,95.192307692307693
projected_partition_angular,main,Ward,5,45,-1,marica,133,129,4,96.992481203007515
projected_partition_angular,main,Ward,5,45,-1,mesquita,75,75,0,100
projected_partition_angular,main,Ward,5,45,-1,nilopolis,103,103,0,100
projected_partition_angular,main,Ward,5,45,-1,niteroi,824,824,0,100
projected_partition_angular,main,Ward,5,45,-1,nova iguacu,423,422,1,99.763593380614651
projected_partition_angular,main,Ward,5,45,-1,paracambi,35,0,35,0
projected_partition_angular,main,Ward,5,45,-1,petropolis,234,200,34,85.470085470085465
projected_partition_angular,main,Ward,5,45,-1,queimados,53,53,0,100
projected_partition_angular,main,Ward,5,45,-1,rio bonito,27,27,0,100
projected_partition_angular,main,Ward,5,45,-1,rio de janeiro,6601,6274,327,95.046205120436298
projected_partition_angular,main,Ward,5,45,-1,sao goncalo,385,379,6,98.441558441558442
projected_partition_angular,main,Ward,5,45,-1,sao joao de meriti,124,124,0,100
projected_partition_angular,main,Ward,5,45,-1,seropedica,33,33,0,100
projected_partition_angular,main,Ward,5,45,-1,tangua,6,0,6,0
projected_partition_angular,main,Ward,3,88,-1,belford roxo,104,100,4,96.15384615384616
projected_partition_angular,main,Ward,3,88,-1,cachoeiras de macacu,20,20,0,100
projected_partition_angular,main,Ward,3,88,-1,duque de caxias,250,244,6,97.599999999999994
projected_partition_angular,main,Ward,3,88,-1,guapimirim,21,17,4,80.952380952380949
projected_partition_angular,main,Ward,3,88,-1,itaborai,56,47,9,83.928571428571431
projected_partition_angular,main,Ward,3,88,-1,itaguai,46,46,0,100
projected_partition_angular,main,Ward,3,88,-1,japeri,34,20,14,58.823529411764703
projected_partition_angular,main,Ward,3,88,-1,mage,104,89,15,85.57692307692308
projected_partition_angular,main,Ward,3,88,-1,marica,133,127,6,95.488721804511272
projected_partition_angular,main,Ward,3,88,-1,mesquita,75,75,0,100
projected_partition_angular,main,Ward,3,88,-1,nilopolis,103,103,0,100
projected_partition_angular,main,Ward,3,88,-1,niteroi,824,768,56,93.203883495145632
projected_partition_angular,main,Ward,3,88,-1,nova iguacu,423,415,8,98.108747044917251
projected_partition_angular,main,Ward,3,88,-1,paracambi,35,35,0,100
projected_partition_angular,main,Ward,3,88,-1,petropolis,234,209,25,89.316239316239319
projected_partition_angular,main,Ward,3,88,-1,queimados,53,52,1,98.113207547169807
projected_partition_angular,main,Ward,3,88,-1,rio bonito,27,27,0,100
projected_partition_angular,main,Ward,3,88,-1,rio de janeiro,6601,6290,311,95.288592637479169
projected_partition_angular,main,Ward,3,88,-1,sao goncalo,385,363,22,94.285714285714292
projected_partition_angular,main,Ward,3,88,-1,sao joao de meriti,124,124,0,100
projected_partition_angular,main,Ward,3,88,-1,seropedica,33,31,2,93.939393939393938
projected_partition_angular,main,Ward,3,88,-1,tangua,6,6,0,100
J_all828,main,P-Median,10,19,-1,belford roxo,104,85,19,81.730769230769226
J_all828,main,P-Median,10,19,-1,cachoeiras de macacu,20,0,20,0
J_all828,main,P-Median,10,19,-1,duque de caxias,250,225,25,90
J_all828,main,P-Median,10,19,-1,guapimirim,21,0,21,0
J_all828,main,P-Median,10,19,-1,itaborai,56,56,0,100
J_all828,main,P-Median,10,19,-1,itaguai,46,0,46,0
J_all828,main,P-Median,10,19,-1,japeri,34,28,6,82.352941176470594
J_all828,main,P-Median,10,19,-1,mage,104,56,48,53.846153846153847
J_all828,main,P-Median,10,19,-1,marica,133,129,4,96.992481203007515
J_all828,main,P-Median,10,19,-1,mesquita,75,75,0,100
J_all828,main,P-Median,10,19,-1,nilopolis,103,103,0,100
J_all828,main,P-Median,10,19,-1,niteroi,824,809,15,98.179611650485441
J_all828,main,P-Median,10,19,-1,nova iguacu,423,419,4,99.054373522458633
J_all828,main,P-Median,10,19,-1,paracambi,35,0,35,0
J_all828,main,P-Median,10,19,-1,petropolis,234,191,43,81.623931623931625
J_all828,main,P-Median,10,19,-1,queimados,53,53,0,100
J_all828,main,P-Median,10,19,-1,rio bonito,27,0,27,0
J_all828,main,P-Median,10,19,-1,rio de janeiro,6601,6532,69,98.954703832752614
J_all828,main,P-Median,10,19,-1,sao goncalo,385,385,0,100
J_all828,main,P-Median,10,19,-1,sao joao de meriti,124,124,0,100
J_all828,main,P-Median,10,19,-1,seropedica,33,0,33,0
J_all828,main,P-Median,10,19,-1,tangua,6,0,6,0
J_all828,main,P-Median,5,47,-1,belford roxo,104,74,30,71.15384615384616
J_all828,main,P-Median,5,47,-1,cachoeiras de macacu,20,19,1,95
J_all828,main,P-Median,5,47,-1,duque de caxias,250,213,37,85.200000000000003
J_all828,main,P-Median,5,47,-1,guapimirim,21,17,4,80.952380952380949
J_all828,main,P-Median,5,47,-1,itaborai,56,43,13,76.785714285714292
J_all828,main,P-Median,5,47,-1,itaguai,46,38,8,82.608695652173907
J_all828,main,P-Median,5,47,-1,japeri,34,0,34,0
J_all828,main,P-Median,5,47,-1,mage,104,74,30,71.15384615384616
J_all828,main,P-Median,5,47,-1,marica,133,76,57,57.142857142857146
J_all828,main,P-Median,5,47,-1,mesquita,75,75,0,100
J_all828,main,P-Median,5,47,-1,nilopolis,103,103,0,100
J_all828,main,P-Median,5,47,-1,niteroi,824,807,17,97.9368932038835
J_all828,main,P-Median,5,47,-1,nova iguacu,423,384,39,90.780141843971634
J_all828,main,P-Median,5,47,-1,paracambi,35,35,0,100
J_all828,main,P-Median,5,47,-1,petropolis,234,216,18,92.307692307692307
J_all828,main,P-Median,5,47,-1,queimados,53,53,0,100
J_all828,main,P-Median,5,47,-1,rio bonito,27,27,0,100
J_all828,main,P-Median,5,47,-1,rio de janeiro,6601,6488,113,98.288138160884714
J_all828,main,P-Median,5,47,-1,sao goncalo,385,337,48,87.532467532467535
J_all828,main,P-Median,5,47,-1,sao joao de meriti,124,124,0,100
J_all828,main,P-Median,5,47,-1,seropedica,33,20,13,60.606060606060609
J_all828,main,P-Median,5,47,-1,tangua,6,0,6,0
J_all828,main,P-Median,3,89,-1,belford roxo,104,93,11,89.42307692307692
J_all828,main,P-Median,3,89,-1,cachoeiras de macacu,20,19,1,95
J_all828,main,P-Median,3,89,-1,duque de caxias,250,194,56,77.599999999999994
J_all828,main,P-Median,3,89,-1,guapimirim,21,17,4,80.952380952380949
J_all828,main,P-Median,3,89,-1,itaborai,56,34,22,60.714285714285715
J_all828,main,P-Median,3,89,-1,itaguai,46,35,11,76.086956521739125
J_all828,main,P-Median,3,89,-1,japeri,34,19,15,55.882352941176471
J_all828,main,P-Median,3,89,-1,mage,104,75,29,72.115384615384613
J_all828,main,P-Median,3,89,-1,marica,133,96,37,72.180451127819552
J_all828,main,P-Median,3,89,-1,mesquita,75,75,0,100
J_all828,main,P-Median,3,89,-1,nilopolis,103,103,0,100
J_all828,main,P-Median,3,89,-1,niteroi,824,815,9,98.907766990291265
J_all828,main,P-Median,3,89,-1,nova iguacu,423,375,48,88.652482269503551
J_all828,main,P-Median,3,89,-1,paracambi,35,35,0,100
J_all828,main,P-Median,3,89,-1,petropolis,234,215,19,91.880341880341874
J_all828,main,P-Median,3,89,-1,queimados,53,49,4,92.452830188679243
J_all828,main,P-Median,3,89,-1,rio bonito,27,27,0,100
J_all828,main,P-Median,3,89,-1,rio de janeiro,6601,6468,133,97.985153764581128
J_all828,main,P-Median,3,89,-1,sao goncalo,385,349,36,90.649350649350652
J_all828,main,P-Median,3,89,-1,sao joao de meriti,124,101,23,81.451612903225808
J_all828,main,P-Median,3,89,-1,seropedica,33,31,2,93.939393939393938
J_all828,main,P-Median,3,89,-1,tangua,6,0,6,0
J_all828,main,MCLP,10,12,-1,belford roxo,104,104,0,100
J_all828,main,MCLP,10,12,-1,cachoeiras de macacu,20,0,20,0
J_all828,main,MCLP,10,12,-1,duque de caxias,250,245,5,98
J_all828,main,MCLP,10,12,-1,guapimirim,21,0,21,0
J_all828,main,MCLP,10,12,-1,itaborai,56,53,3,94.642857142857139
J_all828,main,MCLP,10,12,-1,itaguai,46,0,46,0
J_all828,main,MCLP,10,12,-1,japeri,34,20,14,58.823529411764703
J_all828,main,MCLP,10,12,-1,mage,104,56,48,53.846153846153847
J_all828,main,MCLP,10,12,-1,marica,133,131,2,98.496240601503757
J_all828,main,MCLP,10,12,-1,mesquita,75,75,0,100
J_all828,main,MCLP,10,12,-1,nilopolis,103,103,0,100
J_all828,main,MCLP,10,12,-1,niteroi,824,824,0,100
J_all828,main,MCLP,10,12,-1,nova iguacu,423,413,10,97.635933806146568
J_all828,main,MCLP,10,12,-1,paracambi,35,0,35,0
J_all828,main,MCLP,10,12,-1,petropolis,234,209,25,89.316239316239319
J_all828,main,MCLP,10,12,-1,queimados,53,53,0,100
J_all828,main,MCLP,10,12,-1,rio bonito,27,0,27,0
J_all828,main,MCLP,10,12,-1,rio de janeiro,6601,6496,105,98.409331919406156
J_all828,main,MCLP,10,12,-1,sao goncalo,385,369,16,95.84415584415585
J_all828,main,MCLP,10,12,-1,sao joao de meriti,124,124,0,100
J_all828,main,MCLP,10,12,-1,seropedica,33,0,33,0
J_all828,main,MCLP,10,12,-1,tangua,6,0,6,0
J_all828,main,MCLP,5,32,-1,belford roxo,104,75,29,72.115384615384613
J_all828,main,MCLP,5,32,-1,cachoeiras de macacu,20,0,20,0
J_all828,main,MCLP,5,32,-1,duque de caxias,250,218,32,87.200000000000003
J_all828,main,MCLP,5,32,-1,guapimirim,21,0,21,0
J_all828,main,MCLP,5,32,-1,itaborai,56,49,7,87.5
J_all828,main,MCLP,5,32,-1,itaguai,46,43,3,93.478260869565219
J_all828,main,MCLP,5,32,-1,japeri,34,0,34,0
J_all828,main,MCLP,5,32,-1,mage,104,45,59,43.269230769230766
J_all828,main,MCLP,5,32,-1,marica,133,121,12,90.977443609022558
J_all828,main,MCLP,5,32,-1,mesquita,75,75,0,100
J_all828,main,MCLP,5,32,-1,nilopolis,103,103,0,100
J_all828,main,MCLP,5,32,-1,niteroi,824,803,21,97.451456310679617
J_all828,main,MCLP,5,32,-1,nova iguacu,423,400,23,94.562647754137117
J_all828,main,MCLP,5,32,-1,paracambi,35,0,35,0
J_all828,main,MCLP,5,32,-1,petropolis,234,216,18,92.307692307692307
J_all828,main,MCLP,5,32,-1,queimados,53,52,1,98.113207547169807
J_all828,main,MCLP,5,32,-1,rio bonito,27,0,27,0
J_all828,main,MCLP,5,32,-1,rio de janeiro,6601,6550,51,99.227389789425843
J_all828,main,MCLP,5,32,-1,sao goncalo,385,360,25,93.506493506493513
J_all828,main,MCLP,5,32,-1,sao joao de meriti,124,124,0,100
J_all828,main,MCLP,5,32,-1,seropedica,33,0,33,0
J_all828,main,MCLP,5,32,-1,tangua,6,0,6,0
J_all828,main,MCLP,3,64,-1,belford roxo,104,91,13,87.5
J_all828,main,MCLP,3,64,-1,cachoeiras de macacu,20,0,20,0
J_all828,main,MCLP,3,64,-1,duque de caxias,250,205,45,82
J_all828,main,MCLP,3,64,-1,guapimirim,21,0,21,0
J_all828,main,MCLP,3,64,-1,itaborai,56,35,21,62.5
J_all828,main,MCLP,3,64,-1,itaguai,46,38,8,82.608695652173907
J_all828,main,MCLP,3,64,-1,japeri,34,0,34,0
J_all828,main,MCLP,3,64,-1,mage,104,67,37,64.42307692307692
J_all828,main,MCLP,3,64,-1,marica,133,109,24,81.954887218045116
J_all828,main,MCLP,3,64,-1,mesquita,75,73,2,97.333333333333329
J_all828,main,MCLP,3,64,-1,nilopolis,103,100,3,97.087378640776706
J_all828,main,MCLP,3,64,-1,niteroi,824,813,11,98.665048543689323
J_all828,main,MCLP,3,64,-1,nova iguacu,423,376,47,88.888888888888886
J_all828,main,MCLP,3,64,-1,paracambi,35,35,0,100
J_all828,main,MCLP,3,64,-1,petropolis,234,205,29,87.606837606837601
J_all828,main,MCLP,3,64,-1,queimados,53,51,2,96.226415094339629
J_all828,main,MCLP,3,64,-1,rio bonito,27,27,0,100
J_all828,main,MCLP,3,64,-1,rio de janeiro,6601,6485,116,98.242690501439171
J_all828,main,MCLP,3,64,-1,sao goncalo,385,375,10,97.402597402597408
J_all828,main,MCLP,3,64,-1,sao joao de meriti,124,122,2,98.387096774193552
J_all828,main,MCLP,3,64,-1,seropedica,33,0,33,0
J_all828,main,MCLP,3,64,-1,tangua,6,0,6,0
J_union825,main,P-Median,10,19,-1,belford roxo,104,85,19,81.730769230769226
J_union825,main,P-Median,10,19,-1,cachoeiras de macacu,20,0,20,0
J_union825,main,P-Median,10,19,-1,duque de caxias,250,225,25,90
J_union825,main,P-Median,10,19,-1,guapimirim,21,0,21,0
J_union825,main,P-Median,10,19,-1,itaborai,56,56,0,100
J_union825,main,P-Median,10,19,-1,itaguai,46,0,46,0
J_union825,main,P-Median,10,19,-1,japeri,34,28,6,82.352941176470594
J_union825,main,P-Median,10,19,-1,mage,104,56,48,53.846153846153847
J_union825,main,P-Median,10,19,-1,marica,133,129,4,96.992481203007515
J_union825,main,P-Median,10,19,-1,mesquita,75,75,0,100
J_union825,main,P-Median,10,19,-1,nilopolis,103,103,0,100
J_union825,main,P-Median,10,19,-1,niteroi,824,809,15,98.179611650485441
J_union825,main,P-Median,10,19,-1,nova iguacu,423,419,4,99.054373522458633
J_union825,main,P-Median,10,19,-1,paracambi,35,0,35,0
J_union825,main,P-Median,10,19,-1,petropolis,234,191,43,81.623931623931625
J_union825,main,P-Median,10,19,-1,queimados,53,53,0,100
J_union825,main,P-Median,10,19,-1,rio bonito,27,0,27,0
J_union825,main,P-Median,10,19,-1,rio de janeiro,6601,6532,69,98.954703832752614
J_union825,main,P-Median,10,19,-1,sao goncalo,385,385,0,100
J_union825,main,P-Median,10,19,-1,sao joao de meriti,124,124,0,100
J_union825,main,P-Median,10,19,-1,seropedica,33,0,33,0
J_union825,main,P-Median,10,19,-1,tangua,6,0,6,0
J_union825,main,P-Median,5,47,-1,belford roxo,104,74,30,71.15384615384616
J_union825,main,P-Median,5,47,-1,cachoeiras de macacu,20,19,1,95
J_union825,main,P-Median,5,47,-1,duque de caxias,250,213,37,85.200000000000003
J_union825,main,P-Median,5,47,-1,guapimirim,21,17,4,80.952380952380949
J_union825,main,P-Median,5,47,-1,itaborai,56,43,13,76.785714285714292
J_union825,main,P-Median,5,47,-1,itaguai,46,38,8,82.608695652173907
J_union825,main,P-Median,5,47,-1,japeri,34,0,34,0
J_union825,main,P-Median,5,47,-1,mage,104,74,30,71.15384615384616
J_union825,main,P-Median,5,47,-1,marica,133,76,57,57.142857142857146
J_union825,main,P-Median,5,47,-1,mesquita,75,75,0,100
J_union825,main,P-Median,5,47,-1,nilopolis,103,103,0,100
J_union825,main,P-Median,5,47,-1,niteroi,824,807,17,97.9368932038835
J_union825,main,P-Median,5,47,-1,nova iguacu,423,384,39,90.780141843971634
J_union825,main,P-Median,5,47,-1,paracambi,35,35,0,100
J_union825,main,P-Median,5,47,-1,petropolis,234,216,18,92.307692307692307
J_union825,main,P-Median,5,47,-1,queimados,53,53,0,100
J_union825,main,P-Median,5,47,-1,rio bonito,27,27,0,100
J_union825,main,P-Median,5,47,-1,rio de janeiro,6601,6488,113,98.288138160884714
J_union825,main,P-Median,5,47,-1,sao goncalo,385,337,48,87.532467532467535
J_union825,main,P-Median,5,47,-1,sao joao de meriti,124,124,0,100
J_union825,main,P-Median,5,47,-1,seropedica,33,20,13,60.606060606060609
J_union825,main,P-Median,5,47,-1,tangua,6,0,6,0
J_union825,main,P-Median,3,89,-1,belford roxo,104,93,11,89.42307692307692
J_union825,main,P-Median,3,89,-1,cachoeiras de macacu,20,19,1,95
J_union825,main,P-Median,3,89,-1,duque de caxias,250,194,56,77.599999999999994
J_union825,main,P-Median,3,89,-1,guapimirim,21,17,4,80.952380952380949
J_union825,main,P-Median,3,89,-1,itaborai,56,34,22,60.714285714285715
J_union825,main,P-Median,3,89,-1,itaguai,46,35,11,76.086956521739125
J_union825,main,P-Median,3,89,-1,japeri,34,19,15,55.882352941176471
J_union825,main,P-Median,3,89,-1,mage,104,75,29,72.115384615384613
J_union825,main,P-Median,3,89,-1,marica,133,96,37,72.180451127819552
J_union825,main,P-Median,3,89,-1,mesquita,75,75,0,100
J_union825,main,P-Median,3,89,-1,nilopolis,103,103,0,100
J_union825,main,P-Median,3,89,-1,niteroi,824,815,9,98.907766990291265
J_union825,main,P-Median,3,89,-1,nova iguacu,423,375,48,88.652482269503551
J_union825,main,P-Median,3,89,-1,paracambi,35,35,0,100
J_union825,main,P-Median,3,89,-1,petropolis,234,215,19,91.880341880341874
J_union825,main,P-Median,3,89,-1,queimados,53,49,4,92.452830188679243
J_union825,main,P-Median,3,89,-1,rio bonito,27,27,0,100
J_union825,main,P-Median,3,89,-1,rio de janeiro,6601,6468,133,97.985153764581128
J_union825,main,P-Median,3,89,-1,sao goncalo,385,349,36,90.649350649350652
J_union825,main,P-Median,3,89,-1,sao joao de meriti,124,101,23,81.451612903225808
J_union825,main,P-Median,3,89,-1,seropedica,33,31,2,93.939393939393938
J_union825,main,P-Median,3,89,-1,tangua,6,0,6,0
J_union825,main,MCLP,10,12,-1,belford roxo,104,104,0,100
J_union825,main,MCLP,10,12,-1,cachoeiras de macacu,20,0,20,0
J_union825,main,MCLP,10,12,-1,duque de caxias,250,245,5,98
J_union825,main,MCLP,10,12,-1,guapimirim,21,0,21,0
J_union825,main,MCLP,10,12,-1,itaborai,56,53,3,94.642857142857139
J_union825,main,MCLP,10,12,-1,itaguai,46,0,46,0
J_union825,main,MCLP,10,12,-1,japeri,34,20,14,58.823529411764703
J_union825,main,MCLP,10,12,-1,mage,104,56,48,53.846153846153847
J_union825,main,MCLP,10,12,-1,marica,133,131,2,98.496240601503757
J_union825,main,MCLP,10,12,-1,mesquita,75,75,0,100
J_union825,main,MCLP,10,12,-1,nilopolis,103,103,0,100
J_union825,main,MCLP,10,12,-1,niteroi,824,824,0,100
J_union825,main,MCLP,10,12,-1,nova iguacu,423,413,10,97.635933806146568
J_union825,main,MCLP,10,12,-1,paracambi,35,0,35,0
J_union825,main,MCLP,10,12,-1,petropolis,234,209,25,89.316239316239319
J_union825,main,MCLP,10,12,-1,queimados,53,53,0,100
J_union825,main,MCLP,10,12,-1,rio bonito,27,0,27,0
J_union825,main,MCLP,10,12,-1,rio de janeiro,6601,6496,105,98.409331919406156
J_union825,main,MCLP,10,12,-1,sao goncalo,385,369,16,95.84415584415585
J_union825,main,MCLP,10,12,-1,sao joao de meriti,124,124,0,100
J_union825,main,MCLP,10,12,-1,seropedica,33,0,33,0
J_union825,main,MCLP,10,12,-1,tangua,6,0,6,0
J_union825,main,MCLP,5,32,-1,belford roxo,104,75,29,72.115384615384613
J_union825,main,MCLP,5,32,-1,cachoeiras de macacu,20,0,20,0
J_union825,main,MCLP,5,32,-1,duque de caxias,250,218,32,87.200000000000003
J_union825,main,MCLP,5,32,-1,guapimirim,21,0,21,0
J_union825,main,MCLP,5,32,-1,itaborai,56,49,7,87.5
J_union825,main,MCLP,5,32,-1,itaguai,46,43,3,93.478260869565219
J_union825,main,MCLP,5,32,-1,japeri,34,0,34,0
J_union825,main,MCLP,5,32,-1,mage,104,45,59,43.269230769230766
J_union825,main,MCLP,5,32,-1,marica,133,121,12,90.977443609022558
J_union825,main,MCLP,5,32,-1,mesquita,75,75,0,100
J_union825,main,MCLP,5,32,-1,nilopolis,103,103,0,100
J_union825,main,MCLP,5,32,-1,niteroi,824,803,21,97.451456310679617
J_union825,main,MCLP,5,32,-1,nova iguacu,423,400,23,94.562647754137117
J_union825,main,MCLP,5,32,-1,paracambi,35,0,35,0
J_union825,main,MCLP,5,32,-1,petropolis,234,216,18,92.307692307692307
J_union825,main,MCLP,5,32,-1,queimados,53,52,1,98.113207547169807
J_union825,main,MCLP,5,32,-1,rio bonito,27,0,27,0
J_union825,main,MCLP,5,32,-1,rio de janeiro,6601,6550,51,99.227389789425843
J_union825,main,MCLP,5,32,-1,sao goncalo,385,360,25,93.506493506493513
J_union825,main,MCLP,5,32,-1,sao joao de meriti,124,124,0,100
J_union825,main,MCLP,5,32,-1,seropedica,33,0,33,0
J_union825,main,MCLP,5,32,-1,tangua,6,0,6,0
J_union825,main,MCLP,3,64,-1,belford roxo,104,91,13,87.5
J_union825,main,MCLP,3,64,-1,cachoeiras de macacu,20,0,20,0
J_union825,main,MCLP,3,64,-1,duque de caxias,250,205,45,82
J_union825,main,MCLP,3,64,-1,guapimirim,21,0,21,0
J_union825,main,MCLP,3,64,-1,itaborai,56,35,21,62.5
J_union825,main,MCLP,3,64,-1,itaguai,46,38,8,82.608695652173907
J_union825,main,MCLP,3,64,-1,japeri,34,0,34,0
J_union825,main,MCLP,3,64,-1,mage,104,67,37,64.42307692307692
J_union825,main,MCLP,3,64,-1,marica,133,109,24,81.954887218045116
J_union825,main,MCLP,3,64,-1,mesquita,75,73,2,97.333333333333329
J_union825,main,MCLP,3,64,-1,nilopolis,103,100,3,97.087378640776706
J_union825,main,MCLP,3,64,-1,niteroi,824,813,11,98.665048543689323
J_union825,main,MCLP,3,64,-1,nova iguacu,423,376,47,88.888888888888886
J_union825,main,MCLP,3,64,-1,paracambi,35,35,0,100
J_union825,main,MCLP,3,64,-1,petropolis,234,205,29,87.606837606837601
J_union825,main,MCLP,3,64,-1,queimados,53,51,2,96.226415094339629
J_union825,main,MCLP,3,64,-1,rio bonito,27,27,0,100
J_union825,main,MCLP,3,64,-1,rio de janeiro,6601,6485,116,98.242690501439171
J_union825,main,MCLP,3,64,-1,sao goncalo,385,375,10,97.402597402597408
J_union825,main,MCLP,3,64,-1,sao joao de meriti,124,122,2,98.387096774193552
J_union825,main,MCLP,3,64,-1,seropedica,33,0,33,0
J_union825,main,MCLP,3,64,-1,tangua,6,0,6,0
J300_tie_reverse,main,P-Median,10,23,-1,belford roxo,104,104,0,100
J300_tie_reverse,main,P-Median,10,23,-1,cachoeiras de macacu,20,0,20,0
J300_tie_reverse,main,P-Median,10,23,-1,duque de caxias,250,151,99,60.399999999999999
J300_tie_reverse,main,P-Median,10,23,-1,guapimirim,21,0,21,0
J300_tie_reverse,main,P-Median,10,23,-1,itaborai,56,0,56,0
J300_tie_reverse,main,P-Median,10,23,-1,itaguai,46,0,46,0
J300_tie_reverse,main,P-Median,10,23,-1,japeri,34,14,20,41.176470588235297
J300_tie_reverse,main,P-Median,10,23,-1,mage,104,60,44,57.692307692307693
J300_tie_reverse,main,P-Median,10,23,-1,marica,133,124,9,93.233082706766922
J300_tie_reverse,main,P-Median,10,23,-1,mesquita,75,75,0,100
J300_tie_reverse,main,P-Median,10,23,-1,nilopolis,103,103,0,100
J300_tie_reverse,main,P-Median,10,23,-1,niteroi,824,824,0,100
J300_tie_reverse,main,P-Median,10,23,-1,nova iguacu,423,412,11,97.399527186761233
J300_tie_reverse,main,P-Median,10,23,-1,paracambi,35,35,0,100
J300_tie_reverse,main,P-Median,10,23,-1,petropolis,234,191,43,81.623931623931625
J300_tie_reverse,main,P-Median,10,23,-1,queimados,53,3,50,5.6603773584905657
J300_tie_reverse,main,P-Median,10,23,-1,rio bonito,27,27,0,100
J300_tie_reverse,main,P-Median,10,23,-1,rio de janeiro,6601,6601,0,100
J300_tie_reverse,main,P-Median,10,23,-1,sao goncalo,385,385,0,100
J300_tie_reverse,main,P-Median,10,23,-1,sao joao de meriti,124,124,0,100
J300_tie_reverse,main,P-Median,10,23,-1,seropedica,33,0,33,0
J300_tie_reverse,main,P-Median,10,23,-1,tangua,6,0,6,0
J300_tie_reverse,main,P-Median,5,55,-1,belford roxo,104,81,23,77.884615384615387
J300_tie_reverse,main,P-Median,5,55,-1,cachoeiras de macacu,20,19,1,95
J300_tie_reverse,main,P-Median,5,55,-1,duque de caxias,250,163,87,65.200000000000003
J300_tie_reverse,main,P-Median,5,55,-1,guapimirim,21,17,4,80.952380952380949
J300_tie_reverse,main,P-Median,5,55,-1,itaborai,56,37,19,66.071428571428569
J300_tie_reverse,main,P-Median,5,55,-1,itaguai,46,38,8,82.608695652173907
J300_tie_reverse,main,P-Median,5,55,-1,japeri,34,0,34,0
J300_tie_reverse,main,P-Median,5,55,-1,mage,104,74,30,71.15384615384616
J300_tie_reverse,main,P-Median,5,55,-1,marica,133,92,41,69.172932330827066
J300_tie_reverse,main,P-Median,5,55,-1,mesquita,75,75,0,100
J300_tie_reverse,main,P-Median,5,55,-1,nilopolis,103,103,0,100
J300_tie_reverse,main,P-Median,5,55,-1,niteroi,824,815,9,98.907766990291265
J300_tie_reverse,main,P-Median,5,55,-1,nova iguacu,423,400,23,94.562647754137117
J300_tie_reverse,main,P-Median,5,55,-1,paracambi,35,35,0,100
J300_tie_reverse,main,P-Median,5,55,-1,petropolis,234,194,40,82.90598290598291
J300_tie_reverse,main,P-Median,5,55,-1,queimados,53,30,23,56.60377358490566
J300_tie_reverse,main,P-Median,5,55,-1,rio bonito,27,27,0,100
J300_tie_reverse,main,P-Median,5,55,-1,rio de janeiro,6601,6562,39,99.409180427208
J300_tie_reverse,main,P-Median,5,55,-1,sao goncalo,385,348,37,90.389610389610397
J300_tie_reverse,main,P-Median,5,55,-1,sao joao de meriti,124,124,0,100
J300_tie_reverse,main,P-Median,5,55,-1,seropedica,33,0,33,0
J300_tie_reverse,main,P-Median,5,55,-1,tangua,6,0,6,0
J300_tie_reverse,main,MCLP,10,14,-1,belford roxo,104,104,0,100
J300_tie_reverse,main,MCLP,10,14,-1,cachoeiras de macacu,20,0,20,0
J300_tie_reverse,main,MCLP,10,14,-1,duque de caxias,250,236,14,94.400000000000006
J300_tie_reverse,main,MCLP,10,14,-1,guapimirim,21,0,21,0
J300_tie_reverse,main,MCLP,10,14,-1,itaborai,56,0,56,0
J300_tie_reverse,main,MCLP,10,14,-1,itaguai,46,32,14,69.565217391304344
J300_tie_reverse,main,MCLP,10,14,-1,japeri,34,8,26,23.529411764705884
J300_tie_reverse,main,MCLP,10,14,-1,mage,104,0,104,0
J300_tie_reverse,main,MCLP,10,14,-1,marica,133,109,24,81.954887218045116
J300_tie_reverse,main,MCLP,10,14,-1,mesquita,75,75,0,100
J300_tie_reverse,main,MCLP,10,14,-1,nilopolis,103,103,0,100
J300_tie_reverse,main,MCLP,10,14,-1,niteroi,824,824,0,100
J300_tie_reverse,main,MCLP,10,14,-1,nova iguacu,423,410,13,96.92671394799055
J300_tie_reverse,main,MCLP,10,14,-1,paracambi,35,0,35,0
J300_tie_reverse,main,MCLP,10,14,-1,petropolis,234,209,25,89.316239316239319
J300_tie_reverse,main,MCLP,10,14,-1,queimados,53,53,0,100
J300_tie_reverse,main,MCLP,10,14,-1,rio bonito,27,0,27,0
J300_tie_reverse,main,MCLP,10,14,-1,rio de janeiro,6601,6568,33,99.500075746099071
J300_tie_reverse,main,MCLP,10,14,-1,sao goncalo,385,382,3,99.220779220779221
J300_tie_reverse,main,MCLP,10,14,-1,sao joao de meriti,124,124,0,100
J300_tie_reverse,main,MCLP,10,14,-1,seropedica,33,0,33,0
J300_tie_reverse,main,MCLP,10,14,-1,tangua,6,0,6,0
J300_tie_reverse,main,MCLP,5,40,-1,belford roxo,104,91,13,87.5
J300_tie_reverse,main,MCLP,5,40,-1,cachoeiras de macacu,20,0,20,0
J300_tie_reverse,main,MCLP,5,40,-1,duque de caxias,250,163,87,65.200000000000003
J300_tie_reverse,main,MCLP,5,40,-1,guapimirim,21,0,21,0
J300_tie_reverse,main,MCLP,5,40,-1,itaborai,56,37,19,66.071428571428569
J300_tie_reverse,main,MCLP,5,40,-1,itaguai,46,38,8,82.608695652173907
J300_tie_reverse,main,MCLP,5,40,-1,japeri,34,0,34,0
J300_tie_reverse,main,MCLP,5,40,-1,mage,104,74,30,71.15384615384616
J300_tie_reverse,main,MCLP,5,40,-1,marica,133,92,41,69.172932330827066
J300_tie_reverse,main,MCLP,5,40,-1,mesquita,75,75,0,100
J300_tie_reverse,main,MCLP,5,40,-1,nilopolis,103,103,0,100
J300_tie_reverse,main,MCLP,5,40,-1,niteroi,824,820,4,99.514563106796118
J300_tie_reverse,main,MCLP,5,40,-1,nova iguacu,423,400,23,94.562647754137117
J300_tie_reverse,main,MCLP,5,40,-1,paracambi,35,35,0,100
J300_tie_reverse,main,MCLP,5,40,-1,petropolis,234,216,18,92.307692307692307
J300_tie_reverse,main,MCLP,5,40,-1,queimados,53,30,23,56.60377358490566
J300_tie_reverse,main,MCLP,5,40,-1,rio bonito,27,27,0,100
J300_tie_reverse,main,MCLP,5,40,-1,rio de janeiro,6601,6537,64,99.030449931828514
J300_tie_reverse,main,MCLP,5,40,-1,sao goncalo,385,363,22,94.285714285714292
J300_tie_reverse,main,MCLP,5,40,-1,sao joao de meriti,124,124,0,100
J300_tie_reverse,main,MCLP,5,40,-1,seropedica,33,0,33,0
J300_tie_reverse,main,MCLP,5,40,-1,tangua,6,0,6,0
J_all828_legacy_order,main,P-Median,10,19,-1,belford roxo,104,85,19,81.730769230769226
J_all828_legacy_order,main,P-Median,10,19,-1,cachoeiras de macacu,20,0,20,0
J_all828_legacy_order,main,P-Median,10,19,-1,duque de caxias,250,225,25,90
J_all828_legacy_order,main,P-Median,10,19,-1,guapimirim,21,0,21,0
J_all828_legacy_order,main,P-Median,10,19,-1,itaborai,56,56,0,100
J_all828_legacy_order,main,P-Median,10,19,-1,itaguai,46,0,46,0
J_all828_legacy_order,main,P-Median,10,19,-1,japeri,34,28,6,82.352941176470594
J_all828_legacy_order,main,P-Median,10,19,-1,mage,104,56,48,53.846153846153847
J_all828_legacy_order,main,P-Median,10,19,-1,marica,133,129,4,96.992481203007515
J_all828_legacy_order,main,P-Median,10,19,-1,mesquita,75,75,0,100
J_all828_legacy_order,main,P-Median,10,19,-1,nilopolis,103,103,0,100
J_all828_legacy_order,main,P-Median,10,19,-1,niteroi,824,809,15,98.179611650485441
J_all828_legacy_order,main,P-Median,10,19,-1,nova iguacu,423,419,4,99.054373522458633
J_all828_legacy_order,main,P-Median,10,19,-1,paracambi,35,0,35,0
J_all828_legacy_order,main,P-Median,10,19,-1,petropolis,234,191,43,81.623931623931625
J_all828_legacy_order,main,P-Median,10,19,-1,queimados,53,53,0,100
J_all828_legacy_order,main,P-Median,10,19,-1,rio bonito,27,0,27,0
J_all828_legacy_order,main,P-Median,10,19,-1,rio de janeiro,6601,6532,69,98.954703832752614
J_all828_legacy_order,main,P-Median,10,19,-1,sao goncalo,385,385,0,100
J_all828_legacy_order,main,P-Median,10,19,-1,sao joao de meriti,124,124,0,100
J_all828_legacy_order,main,P-Median,10,19,-1,seropedica,33,0,33,0
J_all828_legacy_order,main,P-Median,10,19,-1,tangua,6,0,6,0
J_all828_legacy_order,main,P-Median,5,48,-1,belford roxo,104,74,30,71.15384615384616
J_all828_legacy_order,main,P-Median,5,48,-1,cachoeiras de macacu,20,19,1,95
J_all828_legacy_order,main,P-Median,5,48,-1,duque de caxias,250,213,37,85.200000000000003
J_all828_legacy_order,main,P-Median,5,48,-1,guapimirim,21,17,4,80.952380952380949
J_all828_legacy_order,main,P-Median,5,48,-1,itaborai,56,43,13,76.785714285714292
J_all828_legacy_order,main,P-Median,5,48,-1,itaguai,46,38,8,82.608695652173907
J_all828_legacy_order,main,P-Median,5,48,-1,japeri,34,0,34,0
J_all828_legacy_order,main,P-Median,5,48,-1,mage,104,74,30,71.15384615384616
J_all828_legacy_order,main,P-Median,5,48,-1,marica,133,76,57,57.142857142857146
J_all828_legacy_order,main,P-Median,5,48,-1,mesquita,75,75,0,100
J_all828_legacy_order,main,P-Median,5,48,-1,nilopolis,103,103,0,100
J_all828_legacy_order,main,P-Median,5,48,-1,niteroi,824,807,17,97.9368932038835
J_all828_legacy_order,main,P-Median,5,48,-1,nova iguacu,423,384,39,90.780141843971634
J_all828_legacy_order,main,P-Median,5,48,-1,paracambi,35,35,0,100
J_all828_legacy_order,main,P-Median,5,48,-1,petropolis,234,216,18,92.307692307692307
J_all828_legacy_order,main,P-Median,5,48,-1,queimados,53,53,0,100
J_all828_legacy_order,main,P-Median,5,48,-1,rio bonito,27,27,0,100
J_all828_legacy_order,main,P-Median,5,48,-1,rio de janeiro,6601,6524,77,98.833510074231171
J_all828_legacy_order,main,P-Median,5,48,-1,sao goncalo,385,337,48,87.532467532467535
J_all828_legacy_order,main,P-Median,5,48,-1,sao joao de meriti,124,124,0,100
J_all828_legacy_order,main,P-Median,5,48,-1,seropedica,33,20,13,60.606060606060609
J_all828_legacy_order,main,P-Median,5,48,-1,tangua,6,0,6,0
J_all828_legacy_order,main,P-Median,3,90,-1,belford roxo,104,93,11,89.42307692307692
J_all828_legacy_order,main,P-Median,3,90,-1,cachoeiras de macacu,20,19,1,95
J_all828_legacy_order,main,P-Median,3,90,-1,duque de caxias,250,185,65,74
J_all828_legacy_order,main,P-Median,3,90,-1,guapimirim,21,17,4,80.952380952380949
J_all828_legacy_order,main,P-Median,3,90,-1,itaborai,56,34,22,60.714285714285715
J_all828_legacy_order,main,P-Median,3,90,-1,itaguai,46,35,11,76.086956521739125
J_all828_legacy_order,main,P-Median,3,90,-1,japeri,34,19,15,55.882352941176471
J_all828_legacy_order,main,P-Median,3,90,-1,mage,104,75,29,72.115384615384613
J_all828_legacy_order,main,P-Median,3,90,-1,marica,133,96,37,72.180451127819552
J_all828_legacy_order,main,P-Median,3,90,-1,mesquita,75,75,0,100
J_all828_legacy_order,main,P-Median,3,90,-1,nilopolis,103,103,0,100
J_all828_legacy_order,main,P-Median,3,90,-1,niteroi,824,815,9,98.907766990291265
J_all828_legacy_order,main,P-Median,3,90,-1,nova iguacu,423,375,48,88.652482269503551
J_all828_legacy_order,main,P-Median,3,90,-1,paracambi,35,35,0,100
J_all828_legacy_order,main,P-Median,3,90,-1,petropolis,234,193,41,82.478632478632477
J_all828_legacy_order,main,P-Median,3,90,-1,queimados,53,49,4,92.452830188679243
J_all828_legacy_order,main,P-Median,3,90,-1,rio bonito,27,27,0,100
J_all828_legacy_order,main,P-Median,3,90,-1,rio de janeiro,6601,6481,120,98.182093622178456
J_all828_legacy_order,main,P-Median,3,90,-1,sao goncalo,385,349,36,90.649350649350652
J_all828_legacy_order,main,P-Median,3,90,-1,sao joao de meriti,124,101,23,81.451612903225808
J_all828_legacy_order,main,P-Median,3,90,-1,seropedica,33,31,2,93.939393939393938
J_all828_legacy_order,main,P-Median,3,90,-1,tangua,6,0,6,0
J_all828_legacy_order,main,MCLP,10,12,-1,belford roxo,104,104,0,100
J_all828_legacy_order,main,MCLP,10,12,-1,cachoeiras de macacu,20,0,20,0
J_all828_legacy_order,main,MCLP,10,12,-1,duque de caxias,250,245,5,98
J_all828_legacy_order,main,MCLP,10,12,-1,guapimirim,21,0,21,0
J_all828_legacy_order,main,MCLP,10,12,-1,itaborai,56,53,3,94.642857142857139
J_all828_legacy_order,main,MCLP,10,12,-1,itaguai,46,0,46,0
J_all828_legacy_order,main,MCLP,10,12,-1,japeri,34,20,14,58.823529411764703
J_all828_legacy_order,main,MCLP,10,12,-1,mage,104,56,48,53.846153846153847
J_all828_legacy_order,main,MCLP,10,12,-1,marica,133,131,2,98.496240601503757
J_all828_legacy_order,main,MCLP,10,12,-1,mesquita,75,75,0,100
J_all828_legacy_order,main,MCLP,10,12,-1,nilopolis,103,103,0,100
J_all828_legacy_order,main,MCLP,10,12,-1,niteroi,824,824,0,100
J_all828_legacy_order,main,MCLP,10,12,-1,nova iguacu,423,413,10,97.635933806146568
J_all828_legacy_order,main,MCLP,10,12,-1,paracambi,35,0,35,0
J_all828_legacy_order,main,MCLP,10,12,-1,petropolis,234,209,25,89.316239316239319
J_all828_legacy_order,main,MCLP,10,12,-1,queimados,53,53,0,100
J_all828_legacy_order,main,MCLP,10,12,-1,rio bonito,27,0,27,0
J_all828_legacy_order,main,MCLP,10,12,-1,rio de janeiro,6601,6496,105,98.409331919406156
J_all828_legacy_order,main,MCLP,10,12,-1,sao goncalo,385,369,16,95.84415584415585
J_all828_legacy_order,main,MCLP,10,12,-1,sao joao de meriti,124,124,0,100
J_all828_legacy_order,main,MCLP,10,12,-1,seropedica,33,0,33,0
J_all828_legacy_order,main,MCLP,10,12,-1,tangua,6,0,6,0
J_all828_legacy_order,main,MCLP,5,32,-1,belford roxo,104,75,29,72.115384615384613
J_all828_legacy_order,main,MCLP,5,32,-1,cachoeiras de macacu,20,0,20,0
J_all828_legacy_order,main,MCLP,5,32,-1,duque de caxias,250,218,32,87.200000000000003
J_all828_legacy_order,main,MCLP,5,32,-1,guapimirim,21,0,21,0
J_all828_legacy_order,main,MCLP,5,32,-1,itaborai,56,49,7,87.5
J_all828_legacy_order,main,MCLP,5,32,-1,itaguai,46,43,3,93.478260869565219
J_all828_legacy_order,main,MCLP,5,32,-1,japeri,34,0,34,0
J_all828_legacy_order,main,MCLP,5,32,-1,mage,104,45,59,43.269230769230766
J_all828_legacy_order,main,MCLP,5,32,-1,marica,133,121,12,90.977443609022558
J_all828_legacy_order,main,MCLP,5,32,-1,mesquita,75,75,0,100
J_all828_legacy_order,main,MCLP,5,32,-1,nilopolis,103,103,0,100
J_all828_legacy_order,main,MCLP,5,32,-1,niteroi,824,803,21,97.451456310679617
J_all828_legacy_order,main,MCLP,5,32,-1,nova iguacu,423,400,23,94.562647754137117
J_all828_legacy_order,main,MCLP,5,32,-1,paracambi,35,0,35,0
J_all828_legacy_order,main,MCLP,5,32,-1,petropolis,234,216,18,92.307692307692307
J_all828_legacy_order,main,MCLP,5,32,-1,queimados,53,52,1,98.113207547169807
J_all828_legacy_order,main,MCLP,5,32,-1,rio bonito,27,0,27,0
J_all828_legacy_order,main,MCLP,5,32,-1,rio de janeiro,6601,6550,51,99.227389789425843
J_all828_legacy_order,main,MCLP,5,32,-1,sao goncalo,385,360,25,93.506493506493513
J_all828_legacy_order,main,MCLP,5,32,-1,sao joao de meriti,124,124,0,100
J_all828_legacy_order,main,MCLP,5,32,-1,seropedica,33,0,33,0
J_all828_legacy_order,main,MCLP,5,32,-1,tangua,6,0,6,0
J_all828_legacy_order,main,MCLP,3,64,-1,belford roxo,104,91,13,87.5
J_all828_legacy_order,main,MCLP,3,64,-1,cachoeiras de macacu,20,0,20,0
J_all828_legacy_order,main,MCLP,3,64,-1,duque de caxias,250,205,45,82
J_all828_legacy_order,main,MCLP,3,64,-1,guapimirim,21,0,21,0
J_all828_legacy_order,main,MCLP,3,64,-1,itaborai,56,35,21,62.5
J_all828_legacy_order,main,MCLP,3,64,-1,itaguai,46,38,8,82.608695652173907
J_all828_legacy_order,main,MCLP,3,64,-1,japeri,34,0,34,0
J_all828_legacy_order,main,MCLP,3,64,-1,mage,104,67,37,64.42307692307692
J_all828_legacy_order,main,MCLP,3,64,-1,marica,133,109,24,81.954887218045116
J_all828_legacy_order,main,MCLP,3,64,-1,mesquita,75,73,2,97.333333333333329
J_all828_legacy_order,main,MCLP,3,64,-1,nilopolis,103,100,3,97.087378640776706
J_all828_legacy_order,main,MCLP,3,64,-1,niteroi,824,813,11,98.665048543689323
J_all828_legacy_order,main,MCLP,3,64,-1,nova iguacu,423,376,47,88.888888888888886
J_all828_legacy_order,main,MCLP,3,64,-1,paracambi,35,35,0,100
J_all828_legacy_order,main,MCLP,3,64,-1,petropolis,234,205,29,87.606837606837601
J_all828_legacy_order,main,MCLP,3,64,-1,queimados,53,51,2,96.226415094339629
J_all828_legacy_order,main,MCLP,3,64,-1,rio bonito,27,27,0,100
J_all828_legacy_order,main,MCLP,3,64,-1,rio de janeiro,6601,6485,116,98.242690501439171
J_all828_legacy_order,main,MCLP,3,64,-1,sao goncalo,385,375,10,97.402597402597408
J_all828_legacy_order,main,MCLP,3,64,-1,sao joao de meriti,124,122,2,98.387096774193552
J_all828_legacy_order,main,MCLP,3,64,-1,seropedica,33,0,33,0
J_all828_legacy_order,main,MCLP,3,64,-1,tangua,6,0,6,0
J_union825_legacy_order,main,P-Median,10,19,-1,belford roxo,104,85,19,81.730769230769226
J_union825_legacy_order,main,P-Median,10,19,-1,cachoeiras de macacu,20,0,20,0
J_union825_legacy_order,main,P-Median,10,19,-1,duque de caxias,250,225,25,90
J_union825_legacy_order,main,P-Median,10,19,-1,guapimirim,21,0,21,0
J_union825_legacy_order,main,P-Median,10,19,-1,itaborai,56,56,0,100
J_union825_legacy_order,main,P-Median,10,19,-1,itaguai,46,0,46,0
J_union825_legacy_order,main,P-Median,10,19,-1,japeri,34,28,6,82.352941176470594
J_union825_legacy_order,main,P-Median,10,19,-1,mage,104,56,48,53.846153846153847
J_union825_legacy_order,main,P-Median,10,19,-1,marica,133,129,4,96.992481203007515
J_union825_legacy_order,main,P-Median,10,19,-1,mesquita,75,75,0,100
J_union825_legacy_order,main,P-Median,10,19,-1,nilopolis,103,103,0,100
J_union825_legacy_order,main,P-Median,10,19,-1,niteroi,824,809,15,98.179611650485441
J_union825_legacy_order,main,P-Median,10,19,-1,nova iguacu,423,419,4,99.054373522458633
J_union825_legacy_order,main,P-Median,10,19,-1,paracambi,35,0,35,0
J_union825_legacy_order,main,P-Median,10,19,-1,petropolis,234,191,43,81.623931623931625
J_union825_legacy_order,main,P-Median,10,19,-1,queimados,53,53,0,100
J_union825_legacy_order,main,P-Median,10,19,-1,rio bonito,27,0,27,0
J_union825_legacy_order,main,P-Median,10,19,-1,rio de janeiro,6601,6532,69,98.954703832752614
J_union825_legacy_order,main,P-Median,10,19,-1,sao goncalo,385,385,0,100
J_union825_legacy_order,main,P-Median,10,19,-1,sao joao de meriti,124,124,0,100
J_union825_legacy_order,main,P-Median,10,19,-1,seropedica,33,0,33,0
J_union825_legacy_order,main,P-Median,10,19,-1,tangua,6,0,6,0
J_union825_legacy_order,main,P-Median,5,48,-1,belford roxo,104,74,30,71.15384615384616
J_union825_legacy_order,main,P-Median,5,48,-1,cachoeiras de macacu,20,19,1,95
J_union825_legacy_order,main,P-Median,5,48,-1,duque de caxias,250,213,37,85.200000000000003
J_union825_legacy_order,main,P-Median,5,48,-1,guapimirim,21,17,4,80.952380952380949
J_union825_legacy_order,main,P-Median,5,48,-1,itaborai,56,43,13,76.785714285714292
J_union825_legacy_order,main,P-Median,5,48,-1,itaguai,46,38,8,82.608695652173907
J_union825_legacy_order,main,P-Median,5,48,-1,japeri,34,0,34,0
J_union825_legacy_order,main,P-Median,5,48,-1,mage,104,74,30,71.15384615384616
J_union825_legacy_order,main,P-Median,5,48,-1,marica,133,76,57,57.142857142857146
J_union825_legacy_order,main,P-Median,5,48,-1,mesquita,75,75,0,100
J_union825_legacy_order,main,P-Median,5,48,-1,nilopolis,103,103,0,100
J_union825_legacy_order,main,P-Median,5,48,-1,niteroi,824,807,17,97.9368932038835
J_union825_legacy_order,main,P-Median,5,48,-1,nova iguacu,423,384,39,90.780141843971634
J_union825_legacy_order,main,P-Median,5,48,-1,paracambi,35,35,0,100
J_union825_legacy_order,main,P-Median,5,48,-1,petropolis,234,216,18,92.307692307692307
J_union825_legacy_order,main,P-Median,5,48,-1,queimados,53,53,0,100
J_union825_legacy_order,main,P-Median,5,48,-1,rio bonito,27,27,0,100
J_union825_legacy_order,main,P-Median,5,48,-1,rio de janeiro,6601,6524,77,98.833510074231171
J_union825_legacy_order,main,P-Median,5,48,-1,sao goncalo,385,337,48,87.532467532467535
J_union825_legacy_order,main,P-Median,5,48,-1,sao joao de meriti,124,124,0,100
J_union825_legacy_order,main,P-Median,5,48,-1,seropedica,33,20,13,60.606060606060609
J_union825_legacy_order,main,P-Median,5,48,-1,tangua,6,0,6,0
J_union825_legacy_order,main,P-Median,3,90,-1,belford roxo,104,93,11,89.42307692307692
J_union825_legacy_order,main,P-Median,3,90,-1,cachoeiras de macacu,20,19,1,95
J_union825_legacy_order,main,P-Median,3,90,-1,duque de caxias,250,185,65,74
J_union825_legacy_order,main,P-Median,3,90,-1,guapimirim,21,17,4,80.952380952380949
J_union825_legacy_order,main,P-Median,3,90,-1,itaborai,56,34,22,60.714285714285715
J_union825_legacy_order,main,P-Median,3,90,-1,itaguai,46,35,11,76.086956521739125
J_union825_legacy_order,main,P-Median,3,90,-1,japeri,34,19,15,55.882352941176471
J_union825_legacy_order,main,P-Median,3,90,-1,mage,104,75,29,72.115384615384613
J_union825_legacy_order,main,P-Median,3,90,-1,marica,133,96,37,72.180451127819552
J_union825_legacy_order,main,P-Median,3,90,-1,mesquita,75,75,0,100
J_union825_legacy_order,main,P-Median,3,90,-1,nilopolis,103,103,0,100
J_union825_legacy_order,main,P-Median,3,90,-1,niteroi,824,815,9,98.907766990291265
J_union825_legacy_order,main,P-Median,3,90,-1,nova iguacu,423,375,48,88.652482269503551
J_union825_legacy_order,main,P-Median,3,90,-1,paracambi,35,35,0,100
J_union825_legacy_order,main,P-Median,3,90,-1,petropolis,234,193,41,82.478632478632477
J_union825_legacy_order,main,P-Median,3,90,-1,queimados,53,49,4,92.452830188679243
J_union825_legacy_order,main,P-Median,3,90,-1,rio bonito,27,27,0,100
J_union825_legacy_order,main,P-Median,3,90,-1,rio de janeiro,6601,6481,120,98.182093622178456
J_union825_legacy_order,main,P-Median,3,90,-1,sao goncalo,385,349,36,90.649350649350652
J_union825_legacy_order,main,P-Median,3,90,-1,sao joao de meriti,124,101,23,81.451612903225808
J_union825_legacy_order,main,P-Median,3,90,-1,seropedica,33,31,2,93.939393939393938
J_union825_legacy_order,main,P-Median,3,90,-1,tangua,6,0,6,0
J_union825_legacy_order,main,MCLP,10,12,-1,belford roxo,104,104,0,100
J_union825_legacy_order,main,MCLP,10,12,-1,cachoeiras de macacu,20,0,20,0
J_union825_legacy_order,main,MCLP,10,12,-1,duque de caxias,250,245,5,98
J_union825_legacy_order,main,MCLP,10,12,-1,guapimirim,21,0,21,0
J_union825_legacy_order,main,MCLP,10,12,-1,itaborai,56,53,3,94.642857142857139
J_union825_legacy_order,main,MCLP,10,12,-1,itaguai,46,0,46,0
J_union825_legacy_order,main,MCLP,10,12,-1,japeri,34,20,14,58.823529411764703
J_union825_legacy_order,main,MCLP,10,12,-1,mage,104,56,48,53.846153846153847
J_union825_legacy_order,main,MCLP,10,12,-1,marica,133,131,2,98.496240601503757
J_union825_legacy_order,main,MCLP,10,12,-1,mesquita,75,75,0,100
J_union825_legacy_order,main,MCLP,10,12,-1,nilopolis,103,103,0,100
J_union825_legacy_order,main,MCLP,10,12,-1,niteroi,824,824,0,100
J_union825_legacy_order,main,MCLP,10,12,-1,nova iguacu,423,413,10,97.635933806146568
J_union825_legacy_order,main,MCLP,10,12,-1,paracambi,35,0,35,0
J_union825_legacy_order,main,MCLP,10,12,-1,petropolis,234,209,25,89.316239316239319
J_union825_legacy_order,main,MCLP,10,12,-1,queimados,53,53,0,100
J_union825_legacy_order,main,MCLP,10,12,-1,rio bonito,27,0,27,0
J_union825_legacy_order,main,MCLP,10,12,-1,rio de janeiro,6601,6496,105,98.409331919406156
J_union825_legacy_order,main,MCLP,10,12,-1,sao goncalo,385,369,16,95.84415584415585
J_union825_legacy_order,main,MCLP,10,12,-1,sao joao de meriti,124,124,0,100
J_union825_legacy_order,main,MCLP,10,12,-1,seropedica,33,0,33,0
J_union825_legacy_order,main,MCLP,10,12,-1,tangua,6,0,6,0
J_union825_legacy_order,main,MCLP,5,32,-1,belford roxo,104,75,29,72.115384615384613
J_union825_legacy_order,main,MCLP,5,32,-1,cachoeiras de macacu,20,0,20,0
J_union825_legacy_order,main,MCLP,5,32,-1,duque de caxias,250,218,32,87.200000000000003
J_union825_legacy_order,main,MCLP,5,32,-1,guapimirim,21,0,21,0
J_union825_legacy_order,main,MCLP,5,32,-1,itaborai,56,49,7,87.5
J_union825_legacy_order,main,MCLP,5,32,-1,itaguai,46,43,3,93.478260869565219
J_union825_legacy_order,main,MCLP,5,32,-1,japeri,34,0,34,0
J_union825_legacy_order,main,MCLP,5,32,-1,mage,104,45,59,43.269230769230766
J_union825_legacy_order,main,MCLP,5,32,-1,marica,133,121,12,90.977443609022558
J_union825_legacy_order,main,MCLP,5,32,-1,mesquita,75,75,0,100
J_union825_legacy_order,main,MCLP,5,32,-1,nilopolis,103,103,0,100
J_union825_legacy_order,main,MCLP,5,32,-1,niteroi,824,803,21,97.451456310679617
J_union825_legacy_order,main,MCLP,5,32,-1,nova iguacu,423,400,23,94.562647754137117
J_union825_legacy_order,main,MCLP,5,32,-1,paracambi,35,0,35,0
J_union825_legacy_order,main,MCLP,5,32,-1,petropolis,234,216,18,92.307692307692307
J_union825_legacy_order,main,MCLP,5,32,-1,queimados,53,52,1,98.113207547169807
J_union825_legacy_order,main,MCLP,5,32,-1,rio bonito,27,0,27,0
J_union825_legacy_order,main,MCLP,5,32,-1,rio de janeiro,6601,6550,51,99.227389789425843
J_union825_legacy_order,main,MCLP,5,32,-1,sao goncalo,385,360,25,93.506493506493513
J_union825_legacy_order,main,MCLP,5,32,-1,sao joao de meriti,124,124,0,100
J_union825_legacy_order,main,MCLP,5,32,-1,seropedica,33,0,33,0
J_union825_legacy_order,main,MCLP,5,32,-1,tangua,6,0,6,0
J_union825_legacy_order,main,MCLP,3,64,-1,belford roxo,104,91,13,87.5
J_union825_legacy_order,main,MCLP,3,64,-1,cachoeiras de macacu,20,0,20,0
J_union825_legacy_order,main,MCLP,3,64,-1,duque de caxias,250,205,45,82
J_union825_legacy_order,main,MCLP,3,64,-1,guapimirim,21,0,21,0
J_union825_legacy_order,main,MCLP,3,64,-1,itaborai,56,35,21,62.5
J_union825_legacy_order,main,MCLP,3,64,-1,itaguai,46,38,8,82.608695652173907
J_union825_legacy_order,main,MCLP,3,64,-1,japeri,34,0,34,0
J_union825_legacy_order,main,MCLP,3,64,-1,mage,104,67,37,64.42307692307692
J_union825_legacy_order,main,MCLP,3,64,-1,marica,133,109,24,81.954887218045116
J_union825_legacy_order,main,MCLP,3,64,-1,mesquita,75,73,2,97.333333333333329
J_union825_legacy_order,main,MCLP,3,64,-1,nilopolis,103,100,3,97.087378640776706
J_union825_legacy_order,main,MCLP,3,64,-1,niteroi,824,813,11,98.665048543689323
J_union825_legacy_order,main,MCLP,3,64,-1,nova iguacu,423,376,47,88.888888888888886
J_union825_legacy_order,main,MCLP,3,64,-1,paracambi,35,35,0,100
J_union825_legacy_order,main,MCLP,3,64,-1,petropolis,234,205,29,87.606837606837601
J_union825_legacy_order,main,MCLP,3,64,-1,queimados,53,51,2,96.226415094339629
J_union825_legacy_order,main,MCLP,3,64,-1,rio bonito,27,27,0,100
J_union825_legacy_order,main,MCLP,3,64,-1,rio de janeiro,6601,6485,116,98.242690501439171
J_union825_legacy_order,main,MCLP,3,64,-1,sao goncalo,385,375,10,97.402597402597408
J_union825_legacy_order,main,MCLP,3,64,-1,sao joao de meriti,124,122,2,98.387096774193552
J_union825_legacy_order,main,MCLP,3,64,-1,seropedica,33,0,33,0
J_union825_legacy_order,main,MCLP,3,64,-1,tangua,6,0,6,0
D16,D16,K-Means,10,17,42,belford roxo,104,84,20,80.769230769230774
D16,D16,K-Means,10,17,42,cachoeiras de macacu,35,16,19,45.714285714285715
D16,D16,K-Means,10,17,42,duque de caxias,250,235,15,94
D16,D16,K-Means,10,17,42,guapimirim,21,7,14,33.333333333333336
D16,D16,K-Means,10,17,42,itaborai,56,11,45,19.642857142857142
D16,D16,K-Means,10,17,42,itaguai,46,0,46,0
D16,D16,K-Means,10,17,42,japeri,34,34,0,100
D16,D16,K-Means,10,17,42,mage,104,68,36,65.384615384615387
D16,D16,K-Means,10,17,42,marica,133,129,4,96.992481203007515
D16,D16,K-Means,10,17,42,mesquita,75,75,0,100
D16,D16,K-Means,10,17,42,nilopolis,103,103,0,100
D16,D16,K-Means,10,17,42,niteroi,824,824,0,100
D16,D16,K-Means,10,17,42,nova iguacu,423,410,13,96.92671394799055
D16,D16,K-Means,10,17,42,paracambi,35,0,35,0
D16,D16,K-Means,10,17,42,petropolis,234,209,25,89.316239316239319
D16,D16,K-Means,10,17,42,queimados,53,50,3,94.339622641509436
D16,D16,K-Means,10,17,42,rio bonito,28,0,28,0
D16,D16,K-Means,10,17,42,rio de janeiro,6601,6584,17,99.742463263141943
D16,D16,K-Means,10,17,42,sao goncalo,385,385,0,100
D16,D16,K-Means,10,17,42,sao joao de meriti,124,120,4,96.774193548387103
D16,D16,K-Means,10,17,42,seropedica,33,11,22,33.333333333333336
D16,D16,K-Means,10,17,42,tangua,6,0,6,0
D16,D16,K-Means,5,42,42,belford roxo,104,78,26,75
D16,D16,K-Means,5,42,42,cachoeiras de macacu,35,5,30,14.285714285714286
D16,D16,K-Means,5,42,42,duque de caxias,250,216,34,86.400000000000006
D16,D16,K-Means,5,42,42,guapimirim,21,4,17,19.047619047619047
D16,D16,K-Means,5,42,42,itaborai,56,43,13,76.785714285714292
D16,D16,K-Means,5,42,42,itaguai,46,42,4,91.304347826086953
D16,D16,K-Means,5,42,42,japeri,34,17,17,50
D16,D16,K-Means,5,42,42,mage,104,49,55,47.115384615384613
D16,D16,K-Means,5,42,42,marica,133,129,4,96.992481203007515
D16,D16,K-Means,5,42,42,mesquita,75,75,0,100
D16,D16,K-Means,5,42,42,nilopolis,103,103,0,100
D16,D16,K-Means,5,42,42,niteroi,824,808,16,98.05825242718447
D16,D16,K-Means,5,42,42,nova iguacu,423,384,39,90.780141843971634
D16,D16,K-Means,5,42,42,paracambi,35,35,0,100
D16,D16,K-Means,5,42,42,petropolis,234,185,49,79.059829059829056
D16,D16,K-Means,5,42,42,queimados,53,52,1,98.113207547169807
D16,D16,K-Means,5,42,42,rio bonito,28,27,1,96.428571428571431
D16,D16,K-Means,5,42,42,rio de janeiro,6601,6511,90,98.636570216633842
D16,D16,K-Means,5,42,42,sao goncalo,385,341,44,88.571428571428569
D16,D16,K-Means,5,42,42,sao joao de meriti,124,124,0,100
D16,D16,K-Means,5,42,42,seropedica,33,23,10,69.696969696969703
D16,D16,K-Means,5,42,42,tangua,6,0,6,0
D16,D16,K-Means,3,83,42,belford roxo,104,92,12,88.461538461538467
D16,D16,K-Means,3,83,42,cachoeiras de macacu,35,30,5,85.714285714285708
D16,D16,K-Means,3,83,42,duque de caxias,250,210,40,84
D16,D16,K-Means,3,83,42,guapimirim,21,15,6,71.428571428571431
D16,D16,K-Means,3,83,42,itaborai,56,47,9,83.928571428571431
D16,D16,K-Means,3,83,42,itaguai,46,38,8,82.608695652173907
D16,D16,K-Means,3,83,42,japeri,34,16,18,47.058823529411768
D16,D16,K-Means,3,83,42,mage,104,79,25,75.961538461538467
D16,D16,K-Means,3,83,42,marica,133,97,36,72.932330827067673
D16,D16,K-Means,3,83,42,mesquita,75,75,0,100
D16,D16,K-Means,3,83,42,nilopolis,103,103,0,100
D16,D16,K-Means,3,83,42,niteroi,824,815,9,98.907766990291265
D16,D16,K-Means,3,83,42,nova iguacu,423,397,26,93.853427895981085
D16,D16,K-Means,3,83,42,paracambi,35,35,0,100
D16,D16,K-Means,3,83,42,petropolis,234,202,32,86.324786324786331
D16,D16,K-Means,3,83,42,queimados,53,51,2,96.226415094339629
D16,D16,K-Means,3,83,42,rio bonito,28,27,1,96.428571428571431
D16,D16,K-Means,3,83,42,rio de janeiro,6601,6390,211,96.803514618997127
D16,D16,K-Means,3,83,42,sao goncalo,385,367,18,95.324675324675326
D16,D16,K-Means,3,83,42,sao joao de meriti,124,118,6,95.161290322580641
D16,D16,K-Means,3,83,42,seropedica,33,26,7,78.787878787878782
D16,D16,K-Means,3,83,42,tangua,6,6,0,100
D16,D16,Ward,10,17,-1,belford roxo,104,104,0,100
D16,D16,Ward,10,17,-1,cachoeiras de macacu,35,16,19,45.714285714285715
D16,D16,Ward,10,17,-1,duque de caxias,250,245,5,98
D16,D16,Ward,10,17,-1,guapimirim,21,8,13,38.095238095238095
D16,D16,Ward,10,17,-1,itaborai,56,56,0,100
D16,D16,Ward,10,17,-1,itaguai,46,46,0,100
D16,D16,Ward,10,17,-1,japeri,34,34,0,100
D16,D16,Ward,10,17,-1,mage,104,92,12,88.461538461538467
D16,D16,Ward,10,17,-1,marica,133,129,4,96.992481203007515
D16,D16,Ward,10,17,-1,mesquita,75,75,0,100
D16,D16,Ward,10,17,-1,nilopolis,103,103,0,100
D16,D16,Ward,10,17,-1,niteroi,824,824,0,100
D16,D16,Ward,10,17,-1,nova iguacu,423,411,12,97.163120567375884
D16,D16,Ward,10,17,-1,paracambi,35,0,35,0
D16,D16,Ward,10,17,-1,petropolis,234,209,25,89.316239316239319
D16,D16,Ward,10,17,-1,queimados,53,53,0,100
D16,D16,Ward,10,17,-1,rio bonito,28,0,28,0
D16,D16,Ward,10,17,-1,rio de janeiro,6601,6315,286,95.667323132858655
D16,D16,Ward,10,17,-1,sao goncalo,385,385,0,100
D16,D16,Ward,10,17,-1,sao joao de meriti,124,124,0,100
D16,D16,Ward,10,17,-1,seropedica,33,11,22,33.333333333333336
D16,D16,Ward,10,17,-1,tangua,6,0,6,0
D16,D16,Ward,5,42,-1,belford roxo,104,100,4,96.15384615384616
D16,D16,Ward,5,42,-1,cachoeiras de macacu,35,5,30,14.285714285714286
D16,D16,Ward,5,42,-1,duque de caxias,250,225,25,90
D16,D16,Ward,5,42,-1,guapimirim,21,17,4,80.952380952380949
D16,D16,Ward,5,42,-1,itaborai,56,43,13,76.785714285714292
D16,D16,Ward,5,42,-1,itaguai,46,42,4,91.304347826086953
D16,D16,Ward,5,42,-1,japeri,34,25,9,73.529411764705884
D16,D16,Ward,5,42,-1,mage,104,99,5,95.192307692307693
D16,D16,Ward,5,42,-1,marica,133,129,4,96.992481203007515
D16,D16,Ward,5,42,-1,mesquita,75,75,0,100
D16,D16,Ward,5,42,-1,nilopolis,103,103,0,100
D16,D16,Ward,5,42,-1,niteroi,824,808,16,98.05825242718447
D16,D16,Ward,5,42,-1,nova iguacu,423,403,20,95.27186761229315
D16,D16,Ward,5,42,-1,paracambi,35,35,0,100
D16,D16,Ward,5,42,-1,petropolis,234,200,34,85.470085470085465
D16,D16,Ward,5,42,-1,queimados,53,53,0,100
D16,D16,Ward,5,42,-1,rio bonito,28,27,1,96.428571428571431
D16,D16,Ward,5,42,-1,rio de janeiro,6601,6358,243,96.318739584911384
D16,D16,Ward,5,42,-1,sao goncalo,385,349,36,90.649350649350652
D16,D16,Ward,5,42,-1,sao joao de meriti,124,124,0,100
D16,D16,Ward,5,42,-1,seropedica,33,13,20,39.393939393939391
D16,D16,Ward,5,42,-1,tangua,6,0,6,0
D16,D16,Ward,3,81,-1,belford roxo,104,94,10,90.384615384615387
D16,D16,Ward,3,81,-1,cachoeiras de macacu,35,30,5,85.714285714285708
D16,D16,Ward,3,81,-1,duque de caxias,250,235,15,94
D16,D16,Ward,3,81,-1,guapimirim,21,17,4,80.952380952380949
D16,D16,Ward,3,81,-1,itaborai,56,47,9,83.928571428571431
D16,D16,Ward,3,81,-1,itaguai,46,46,0,100
D16,D16,Ward,3,81,-1,japeri,34,20,14,58.823529411764703
D16,D16,Ward,3,81,-1,mage,104,89,15,85.57692307692308
D16,D16,Ward,3,81,-1,marica,133,107,26,80.451127819548873
D16,D16,Ward,3,81,-1,mesquita,75,75,0,100
D16,D16,Ward,3,81,-1,nilopolis,103,103,0,100
D16,D16,Ward,3,81,-1,niteroi,824,764,60,92.71844660194175
D16,D16,Ward,3,81,-1,nova iguacu,423,406,17,95.981087470449168
D16,D16,Ward,3,81,-1,paracambi,35,35,0,100
D16,D16,Ward,3,81,-1,petropolis,234,209,25,89.316239316239319
D16,D16,Ward,3,81,-1,queimados,53,52,1,98.113207547169807
D16,D16,Ward,3,81,-1,rio bonito,28,28,0,100
D16,D16,Ward,3,81,-1,rio de janeiro,6601,6374,227,96.561127101954256
D16,D16,Ward,3,81,-1,sao goncalo,385,341,44,88.571428571428569
D16,D16,Ward,3,81,-1,sao joao de meriti,124,124,0,100
D16,D16,Ward,3,81,-1,seropedica,33,31,2,93.939393939393938
D16,D16,Ward,3,81,-1,tangua,6,0,6,0
D16,D16,Complete,10,19,-1,belford roxo,104,77,27,74.038461538461533
D16,D16,Complete,10,19,-1,cachoeiras de macacu,35,24,11,68.571428571428569
D16,D16,Complete,10,19,-1,duque de caxias,250,210,40,84
D16,D16,Complete,10,19,-1,guapimirim,21,8,13,38.095238095238095
D16,D16,Complete,10,19,-1,itaborai,56,56,0,100
D16,D16,Complete,10,19,-1,itaguai,46,46,0,100
D16,D16,Complete,10,19,-1,japeri,34,34,0,100
D16,D16,Complete,10,19,-1,mage,104,69,35,66.34615384615384
D16,D16,Complete,10,19,-1,marica,133,131,2,98.496240601503757
D16,D16,Complete,10,19,-1,mesquita,75,75,0,100
D16,D16,Complete,10,19,-1,nilopolis,103,103,0,100
D16,D16,Complete,10,19,-1,niteroi,824,819,5,99.393203883495147
D16,D16,Complete,10,19,-1,nova iguacu,423,410,13,96.92671394799055
D16,D16,Complete,10,19,-1,paracambi,35,35,0,100
D16,D16,Complete,10,19,-1,petropolis,234,229,5,97.863247863247864
D16,D16,Complete,10,19,-1,queimados,53,14,39,26.415094339622641
D16,D16,Complete,10,19,-1,rio bonito,28,27,1,96.428571428571431
D16,D16,Complete,10,19,-1,rio de janeiro,6601,6477,124,98.121496742917742
D16,D16,Complete,10,19,-1,sao goncalo,385,304,81,78.961038961038966
D16,D16,Complete,10,19,-1,sao joao de meriti,124,107,17,86.290322580645167
D16,D16,Complete,10,19,-1,seropedica,33,20,13,60.606060606060609
D16,D16,Complete,10,19,-1,tangua,6,0,6,0
D16,D16,Complete,5,46,-1,belford roxo,104,99,5,95.192307692307693
D16,D16,Complete,5,46,-1,cachoeiras de macacu,35,35,0,100
D16,D16,Complete,5,46,-1,duque de caxias,250,250,0,100
D16,D16,Complete,5,46,-1,guapimirim,21,17,4,80.952380952380949
D16,D16,Complete,5,46,-1,itaborai,56,46,10,82.142857142857139
D16,D16,Complete,5,46,-1,itaguai,46,42,4,91.304347826086953
D16,D16,Complete,5,46,-1,japeri,34,30,4,88.235294117647058
D16,D16,Complete,5,46,-1,mage,104,99,5,95.192307692307693
D16,D16,Complete,5,46,-1,marica,133,120,13,90.225563909774436
D16,D16,Complete,5,46,-1,mesquita,75,75,0,100
D16,D16,Complete,5,46,-1,nilopolis,103,103,0,100
D16,D16,Complete,5,46,-1,niteroi,824,808,16,98.05825242718447
D16,D16,Complete,5,46,-1,nova iguacu,423,406,17,95.981087470449168
D16,D16,Complete,5,46,-1,paracambi,35,35,0,100
D16,D16,Complete,5,46,-1,petropolis,234,215,19,91.880341880341874
D16,D16,Complete,5,46,-1,queimados,53,46,7,86.79245283018868
D16,D16,Complete,5,46,-1,rio bonito,28,27,1,96.428571428571431
D16,D16,Complete,5,46,-1,rio de janeiro,6601,6299,302,95.424935615815784
D16,D16,Complete,5,46,-1,sao goncalo,385,346,39,89.870129870129873
D16,D16,Complete,5,46,-1,sao joao de meriti,124,99,25,79.838709677419359
D16,D16,Complete,5,46,-1,seropedica,33,28,5,84.848484848484844
D16,D16,Complete,5,46,-1,tangua,6,6,0,100
D16,D16,Complete,3,89,-1,belford roxo,104,104,0,100
D16,D16,Complete,3,89,-1,cachoeiras de macacu,35,30,5,85.714285714285708
D16,D16,Complete,3,89,-1,duque de caxias,250,241,9,96.400000000000006
D16,D16,Complete,3,89,-1,guapimirim,21,21,0,100
D16,D16,Complete,3,89,-1,itaborai,56,48,8,85.714285714285708
D16,D16,Complete,3,89,-1,itaguai,46,46,0,100
D16,D16,Complete,3,89,-1,japeri,34,20,14,58.823529411764703
D16,D16,Complete,3,89,-1,mage,104,93,11,89.42307692307692
D16,D16,Complete,3,89,-1,marica,133,131,2,98.496240601503757
D16,D16,Complete,3,89,-1,mesquita,75,75,0,100
D16,D16,Complete,3,89,-1,nilopolis,103,100,3,97.087378640776706
D16,D16,Complete,3,89,-1,niteroi,824,766,58,92.961165048543691
D16,D16,Complete,3,89,-1,nova iguacu,423,400,23,94.562647754137117
D16,D16,Complete,3,89,-1,paracambi,35,35,0,100
D16,D16,Complete,3,89,-1,petropolis,234,224,10,95.726495726495727
D16,D16,Complete,3,89,-1,queimados,53,50,3,94.339622641509436
D16,D16,Complete,3,89,-1,rio bonito,28,28,0,100
D16,D16,Complete,3,89,-1,rio de janeiro,6601,6305,296,95.515830934706869
D16,D16,Complete,3,89,-1,sao goncalo,385,358,27,92.987012987012989
D16,D16,Complete,3,89,-1,sao joao de meriti,124,124,0,100
D16,D16,Complete,3,89,-1,seropedica,33,31,2,93.939393939393938
D16,D16,Complete,3,89,-1,tangua,6,6,0,100
D16,D16,Average,10,25,-1,belford roxo,104,101,3,97.115384615384613
D16,D16,Average,10,25,-1,cachoeiras de macacu,35,35,0,100
D16,D16,Average,10,25,-1,duque de caxias,250,160,90,64
D16,D16,Average,10,25,-1,guapimirim,21,21,0,100
D16,D16,Average,10,25,-1,itaborai,56,56,0,100
D16,D16,Average,10,25,-1,itaguai,46,46,0,100
D16,D16,Average,10,25,-1,japeri,34,34,0,100
D16,D16,Average,10,25,-1,mage,104,104,0,100
D16,D16,Average,10,25,-1,marica,133,131,2,98.496240601503757
D16,D16,Average,10,25,-1,mesquita,75,75,0,100
D16,D16,Average,10,25,-1,nilopolis,103,103,0,100
D16,D16,Average,10,25,-1,niteroi,824,819,5,99.393203883495147
D16,D16,Average,10,25,-1,nova iguacu,423,356,67,84.160756501182036
D16,D16,Average,10,25,-1,paracambi,35,0,35,0
D16,D16,Average,10,25,-1,petropolis,234,234,0,100
D16,D16,Average,10,25,-1,queimados,53,51,2,96.226415094339629
D16,D16,Average,10,25,-1,rio bonito,28,28,0,100
D16,D16,Average,10,25,-1,rio de janeiro,6601,6558,43,99.348583547947285
D16,D16,Average,10,25,-1,sao goncalo,385,305,80,79.220779220779221
D16,D16,Average,10,25,-1,sao joao de meriti,124,124,0,100
D16,D16,Average,10,25,-1,seropedica,33,33,0,100
D16,D16,Average,10,25,-1,tangua,6,6,0,100
D16,D16,Average,5,54,-1,belford roxo,104,104,0,100
D16,D16,Average,5,54,-1,cachoeiras de macacu,35,35,0,100
D16,D16,Average,5,54,-1,duque de caxias,250,235,15,94
D16,D16,Average,5,54,-1,guapimirim,21,17,4,80.952380952380949
D16,D16,Average,5,54,-1,itaborai,56,51,5,91.071428571428569
D16,D16,Average,5,54,-1,itaguai,46,42,4,91.304347826086953
D16,D16,Average,5,54,-1,japeri,34,25,9,73.529411764705884
D16,D16,Average,5,54,-1,mage,104,104,0,100
D16,D16,Average,5,54,-1,marica,133,128,5,96.240601503759393
D16,D16,Average,5,54,-1,mesquita,75,75,0,100
D16,D16,Average,5,54,-1,nilopolis,103,103,0,100
D16,D16,Average,5,54,-1,niteroi,824,820,4,99.514563106796118
D16,D16,Average,5,54,-1,nova iguacu,423,413,10,97.635933806146568
D16,D16,Average,5,54,-1,paracambi,35,35,0,100
D16,D16,Average,5,54,-1,petropolis,234,218,16,93.162393162393158
D16,D16,Average,5,54,-1,queimados,53,53,0,100
D16,D16,Average,5,54,-1,rio bonito,28,28,0,100
D16,D16,Average,5,54,-1,rio de janeiro,6601,6316,285,95.682472352673841
D16,D16,Average,5,54,-1,sao goncalo,385,373,12,96.883116883116884
D16,D16,Average,5,54,-1,sao joao de meriti,124,122,2,98.387096774193552
D16,D16,Average,5,54,-1,seropedica,33,33,0,100
D16,D16,Average,5,54,-1,tangua,6,6,0,100
D16,D16,Average,3,100,-1,belford roxo,104,94,10,90.384615384615387
D16,D16,Average,3,100,-1,cachoeiras de macacu,35,35,0,100
D16,D16,Average,3,100,-1,duque de caxias,250,241,9,96.400000000000006
D16,D16,Average,3,100,-1,guapimirim,21,21,0,100
D16,D16,Average,3,100,-1,itaborai,56,54,2,96.428571428571431
D16,D16,Average,3,100,-1,itaguai,46,46,0,100
D16,D16,Average,3,100,-1,japeri,34,34,0,100
D16,D16,Average,3,100,-1,mage,104,101,3,97.115384615384613
D16,D16,Average,3,100,-1,marica,133,131,2,98.496240601503757
D16,D16,Average,3,100,-1,mesquita,75,75,0,100
D16,D16,Average,3,100,-1,nilopolis,103,103,0,100
D16,D16,Average,3,100,-1,niteroi,824,809,15,98.179611650485441
D16,D16,Average,3,100,-1,nova iguacu,423,400,23,94.562647754137117
D16,D16,Average,3,100,-1,paracambi,35,35,0,100
D16,D16,Average,3,100,-1,petropolis,234,218,16,93.162393162393158
D16,D16,Average,3,100,-1,queimados,53,53,0,100
D16,D16,Average,3,100,-1,rio bonito,28,28,0,100
D16,D16,Average,3,100,-1,rio de janeiro,6601,6208,393,94.046356612634455
D16,D16,Average,3,100,-1,sao goncalo,385,381,4,98.961038961038966
D16,D16,Average,3,100,-1,sao joao de meriti,124,118,6,95.161290322580641
D16,D16,Average,3,100,-1,seropedica,33,31,2,93.939393939393938
D16,D16,Average,3,100,-1,tangua,6,6,0,100
D16,D16,P-Median,10,24,-1,belford roxo,104,104,0,100
D16,D16,P-Median,10,24,-1,cachoeiras de macacu,35,0,35,0
D16,D16,P-Median,10,24,-1,duque de caxias,250,183,67,73.200000000000003
D16,D16,P-Median,10,24,-1,guapimirim,21,0,21,0
D16,D16,P-Median,10,24,-1,itaborai,56,0,56,0
D16,D16,P-Median,10,24,-1,itaguai,46,0,46,0
D16,D16,P-Median,10,24,-1,japeri,34,14,20,41.176470588235297
D16,D16,P-Median,10,24,-1,mage,104,60,44,57.692307692307693
D16,D16,P-Median,10,24,-1,marica,133,100,33,75.187969924812023
D16,D16,P-Median,10,24,-1,mesquita,75,75,0,100
D16,D16,P-Median,10,24,-1,nilopolis,103,103,0,100
D16,D16,P-Median,10,24,-1,niteroi,824,809,15,98.179611650485441
D16,D16,P-Median,10,24,-1,nova iguacu,423,409,14,96.690307328605201
D16,D16,P-Median,10,24,-1,paracambi,35,35,0,100
D16,D16,P-Median,10,24,-1,petropolis,234,191,43,81.623931623931625
D16,D16,P-Median,10,24,-1,queimados,53,3,50,5.6603773584905657
D16,D16,P-Median,10,24,-1,rio bonito,28,27,1,96.428571428571431
D16,D16,P-Median,10,24,-1,rio de janeiro,6601,6601,0,100
D16,D16,P-Median,10,24,-1,sao goncalo,385,385,0,100
D16,D16,P-Median,10,24,-1,sao joao de meriti,124,124,0,100
D16,D16,P-Median,10,24,-1,seropedica,33,0,33,0
D16,D16,P-Median,10,24,-1,tangua,6,0,6,0
D16,D16,P-Median,5,56,-1,belford roxo,104,81,23,77.884615384615387
D16,D16,P-Median,5,56,-1,cachoeiras de macacu,35,30,5,85.714285714285708
D16,D16,P-Median,5,56,-1,duque de caxias,250,163,87,65.200000000000003
D16,D16,P-Median,5,56,-1,guapimirim,21,17,4,80.952380952380949
D16,D16,P-Median,5,56,-1,itaborai,56,37,19,66.071428571428569
D16,D16,P-Median,5,56,-1,itaguai,46,38,8,82.608695652173907
D16,D16,P-Median,5,56,-1,japeri,34,0,34,0
D16,D16,P-Median,5,56,-1,mage,104,74,30,71.15384615384616
D16,D16,P-Median,5,56,-1,marica,133,92,41,69.172932330827066
D16,D16,P-Median,5,56,-1,mesquita,75,75,0,100
D16,D16,P-Median,5,56,-1,nilopolis,103,103,0,100
D16,D16,P-Median,5,56,-1,niteroi,824,815,9,98.907766990291265
D16,D16,P-Median,5,56,-1,nova iguacu,423,400,23,94.562647754137117
D16,D16,P-Median,5,56,-1,paracambi,35,35,0,100
D16,D16,P-Median,5,56,-1,petropolis,234,194,40,82.90598290598291
D16,D16,P-Median,5,56,-1,queimados,53,30,23,56.60377358490566
D16,D16,P-Median,5,56,-1,rio bonito,28,27,1,96.428571428571431
D16,D16,P-Median,5,56,-1,rio de janeiro,6601,6562,39,99.409180427208
D16,D16,P-Median,5,56,-1,sao goncalo,385,348,37,90.389610389610397
D16,D16,P-Median,5,56,-1,sao joao de meriti,124,124,0,100
D16,D16,P-Median,5,56,-1,seropedica,33,0,33,0
D16,D16,P-Median,5,56,-1,tangua,6,0,6,0
D16,D16,MCLP,10,15,-1,belford roxo,104,104,0,100
D16,D16,MCLP,10,15,-1,cachoeiras de macacu,35,0,35,0
D16,D16,MCLP,10,15,-1,duque de caxias,250,246,4,98.400000000000006
D16,D16,MCLP,10,15,-1,guapimirim,21,0,21,0
D16,D16,MCLP,10,15,-1,itaborai,56,0,56,0
D16,D16,MCLP,10,15,-1,itaguai,46,32,14,69.565217391304344
D16,D16,MCLP,10,15,-1,japeri,34,0,34,0
D16,D16,MCLP,10,15,-1,mage,104,0,104,0
D16,D16,MCLP,10,15,-1,marica,133,109,24,81.954887218045116
D16,D16,MCLP,10,15,-1,mesquita,75,75,0,100
D16,D16,MCLP,10,15,-1,nilopolis,103,103,0,100
D16,D16,MCLP,10,15,-1,niteroi,824,824,0,100
D16,D16,MCLP,10,15,-1,nova iguacu,423,423,0,100
D16,D16,MCLP,10,15,-1,paracambi,35,0,35,0
D16,D16,MCLP,10,15,-1,petropolis,234,209,25,89.316239316239319
D16,D16,MCLP,10,15,-1,queimados,53,52,1,98.113207547169807
D16,D16,MCLP,10,15,-1,rio bonito,28,0,28,0
D16,D16,MCLP,10,15,-1,rio de janeiro,6601,6568,33,99.500075746099071
D16,D16,MCLP,10,15,-1,sao goncalo,385,382,3,99.220779220779221
D16,D16,MCLP,10,15,-1,sao joao de meriti,124,124,0,100
D16,D16,MCLP,10,15,-1,seropedica,33,0,33,0
D16,D16,MCLP,10,15,-1,tangua,6,0,6,0
D16,D16,MCLP,5,40,-1,belford roxo,104,91,13,87.5
D16,D16,MCLP,5,40,-1,cachoeiras de macacu,35,0,35,0
D16,D16,MCLP,5,40,-1,duque de caxias,250,163,87,65.200000000000003
D16,D16,MCLP,5,40,-1,guapimirim,21,0,21,0
D16,D16,MCLP,5,40,-1,itaborai,56,37,19,66.071428571428569
D16,D16,MCLP,5,40,-1,itaguai,46,38,8,82.608695652173907
D16,D16,MCLP,5,40,-1,japeri,34,0,34,0
D16,D16,MCLP,5,40,-1,mage,104,74,30,71.15384615384616
D16,D16,MCLP,5,40,-1,marica,133,92,41,69.172932330827066
D16,D16,MCLP,5,40,-1,mesquita,75,75,0,100
D16,D16,MCLP,5,40,-1,nilopolis,103,103,0,100
D16,D16,MCLP,5,40,-1,niteroi,824,820,4,99.514563106796118
D16,D16,MCLP,5,40,-1,nova iguacu,423,390,33,92.198581560283685
D16,D16,MCLP,5,40,-1,paracambi,35,35,0,100
D16,D16,MCLP,5,40,-1,petropolis,234,216,18,92.307692307692307
D16,D16,MCLP,5,40,-1,queimados,53,30,23,56.60377358490566
D16,D16,MCLP,5,40,-1,rio bonito,28,27,1,96.428571428571431
D16,D16,MCLP,5,40,-1,rio de janeiro,6601,6547,54,99.1819421299803
D16,D16,MCLP,5,40,-1,sao goncalo,385,363,22,94.285714285714292
D16,D16,MCLP,5,40,-1,sao joao de meriti,124,124,0,100
D16,D16,MCLP,5,40,-1,seropedica,33,0,33,0
D16,D16,MCLP,5,40,-1,tangua,6,0,6,0
D16_main300fixed,D16,P-Median,10,24,-1,belford roxo,104,104,0,100
D16_main300fixed,D16,P-Median,10,24,-1,cachoeiras de macacu,35,0,35,0
D16_main300fixed,D16,P-Median,10,24,-1,duque de caxias,250,183,67,73.200000000000003
D16_main300fixed,D16,P-Median,10,24,-1,guapimirim,21,0,21,0
D16_main300fixed,D16,P-Median,10,24,-1,itaborai,56,0,56,0
D16_main300fixed,D16,P-Median,10,24,-1,itaguai,46,0,46,0
D16_main300fixed,D16,P-Median,10,24,-1,japeri,34,14,20,41.176470588235297
D16_main300fixed,D16,P-Median,10,24,-1,mage,104,60,44,57.692307692307693
D16_main300fixed,D16,P-Median,10,24,-1,marica,133,100,33,75.187969924812023
D16_main300fixed,D16,P-Median,10,24,-1,mesquita,75,75,0,100
D16_main300fixed,D16,P-Median,10,24,-1,nilopolis,103,103,0,100
D16_main300fixed,D16,P-Median,10,24,-1,niteroi,824,809,15,98.179611650485441
D16_main300fixed,D16,P-Median,10,24,-1,nova iguacu,423,409,14,96.690307328605201
D16_main300fixed,D16,P-Median,10,24,-1,paracambi,35,35,0,100
D16_main300fixed,D16,P-Median,10,24,-1,petropolis,234,191,43,81.623931623931625
D16_main300fixed,D16,P-Median,10,24,-1,queimados,53,3,50,5.6603773584905657
D16_main300fixed,D16,P-Median,10,24,-1,rio bonito,28,27,1,96.428571428571431
D16_main300fixed,D16,P-Median,10,24,-1,rio de janeiro,6601,6601,0,100
D16_main300fixed,D16,P-Median,10,24,-1,sao goncalo,385,385,0,100
D16_main300fixed,D16,P-Median,10,24,-1,sao joao de meriti,124,124,0,100
D16_main300fixed,D16,P-Median,10,24,-1,seropedica,33,0,33,0
D16_main300fixed,D16,P-Median,10,24,-1,tangua,6,0,6,0
D16_main300fixed,D16,P-Median,5,55,-1,belford roxo,104,81,23,77.884615384615387
D16_main300fixed,D16,P-Median,5,55,-1,cachoeiras de macacu,35,19,16,54.285714285714285
D16_main300fixed,D16,P-Median,5,55,-1,duque de caxias,250,163,87,65.200000000000003
D16_main300fixed,D16,P-Median,5,55,-1,guapimirim,21,17,4,80.952380952380949
D16_main300fixed,D16,P-Median,5,55,-1,itaborai,56,37,19,66.071428571428569
D16_main300fixed,D16,P-Median,5,55,-1,itaguai,46,38,8,82.608695652173907
D16_main300fixed,D16,P-Median,5,55,-1,japeri,34,0,34,0
D16_main300fixed,D16,P-Median,5,55,-1,mage,104,74,30,71.15384615384616
D16_main300fixed,D16,P-Median,5,55,-1,marica,133,92,41,69.172932330827066
D16_main300fixed,D16,P-Median,5,55,-1,mesquita,75,75,0,100
D16_main300fixed,D16,P-Median,5,55,-1,nilopolis,103,103,0,100
D16_main300fixed,D16,P-Median,5,55,-1,niteroi,824,815,9,98.907766990291265
D16_main300fixed,D16,P-Median,5,55,-1,nova iguacu,423,400,23,94.562647754137117
D16_main300fixed,D16,P-Median,5,55,-1,paracambi,35,35,0,100
D16_main300fixed,D16,P-Median,5,55,-1,petropolis,234,194,40,82.90598290598291
D16_main300fixed,D16,P-Median,5,55,-1,queimados,53,30,23,56.60377358490566
D16_main300fixed,D16,P-Median,5,55,-1,rio bonito,28,27,1,96.428571428571431
D16_main300fixed,D16,P-Median,5,55,-1,rio de janeiro,6601,6562,39,99.409180427208
D16_main300fixed,D16,P-Median,5,55,-1,sao goncalo,385,348,37,90.389610389610397
D16_main300fixed,D16,P-Median,5,55,-1,sao joao de meriti,124,124,0,100
D16_main300fixed,D16,P-Median,5,55,-1,seropedica,33,0,33,0
D16_main300fixed,D16,P-Median,5,55,-1,tangua,6,0,6,0
D16_main300fixed,D16,MCLP,10,15,-1,belford roxo,104,104,0,100
D16_main300fixed,D16,MCLP,10,15,-1,cachoeiras de macacu,35,0,35,0
D16_main300fixed,D16,MCLP,10,15,-1,duque de caxias,250,246,4,98.400000000000006
D16_main300fixed,D16,MCLP,10,15,-1,guapimirim,21,0,21,0
D16_main300fixed,D16,MCLP,10,15,-1,itaborai,56,0,56,0
D16_main300fixed,D16,MCLP,10,15,-1,itaguai,46,32,14,69.565217391304344
D16_main300fixed,D16,MCLP,10,15,-1,japeri,34,0,34,0
D16_main300fixed,D16,MCLP,10,15,-1,mage,104,0,104,0
D16_main300fixed,D16,MCLP,10,15,-1,marica,133,109,24,81.954887218045116
D16_main300fixed,D16,MCLP,10,15,-1,mesquita,75,75,0,100
D16_main300fixed,D16,MCLP,10,15,-1,nilopolis,103,103,0,100
D16_main300fixed,D16,MCLP,10,15,-1,niteroi,824,824,0,100
D16_main300fixed,D16,MCLP,10,15,-1,nova iguacu,423,423,0,100
D16_main300fixed,D16,MCLP,10,15,-1,paracambi,35,0,35,0
D16_main300fixed,D16,MCLP,10,15,-1,petropolis,234,209,25,89.316239316239319
D16_main300fixed,D16,MCLP,10,15,-1,queimados,53,52,1,98.113207547169807
D16_main300fixed,D16,MCLP,10,15,-1,rio bonito,28,0,28,0
D16_main300fixed,D16,MCLP,10,15,-1,rio de janeiro,6601,6568,33,99.500075746099071
D16_main300fixed,D16,MCLP,10,15,-1,sao goncalo,385,382,3,99.220779220779221
D16_main300fixed,D16,MCLP,10,15,-1,sao joao de meriti,124,124,0,100
D16_main300fixed,D16,MCLP,10,15,-1,seropedica,33,0,33,0
D16_main300fixed,D16,MCLP,10,15,-1,tangua,6,0,6,0
D16_main300fixed,D16,MCLP,5,40,-1,belford roxo,104,91,13,87.5
D16_main300fixed,D16,MCLP,5,40,-1,cachoeiras de macacu,35,0,35,0
D16_main300fixed,D16,MCLP,5,40,-1,duque de caxias,250,163,87,65.200000000000003
D16_main300fixed,D16,MCLP,5,40,-1,guapimirim,21,0,21,0
D16_main300fixed,D16,MCLP,5,40,-1,itaborai,56,37,19,66.071428571428569
D16_main300fixed,D16,MCLP,5,40,-1,itaguai,46,38,8,82.608695652173907
D16_main300fixed,D16,MCLP,5,40,-1,japeri,34,0,34,0
D16_main300fixed,D16,MCLP,5,40,-1,mage,104,74,30,71.15384615384616
D16_main300fixed,D16,MCLP,5,40,-1,marica,133,92,41,69.172932330827066
D16_main300fixed,D16,MCLP,5,40,-1,mesquita,75,75,0,100
D16_main300fixed,D16,MCLP,5,40,-1,nilopolis,103,103,0,100
D16_main300fixed,D16,MCLP,5,40,-1,niteroi,824,820,4,99.514563106796118
D16_main300fixed,D16,MCLP,5,40,-1,nova iguacu,423,390,33,92.198581560283685
D16_main300fixed,D16,MCLP,5,40,-1,paracambi,35,35,0,100
D16_main300fixed,D16,MCLP,5,40,-1,petropolis,234,216,18,92.307692307692307
D16_main300fixed,D16,MCLP,5,40,-1,queimados,53,30,23,56.60377358490566
D16_main300fixed,D16,MCLP,5,40,-1,rio bonito,28,27,1,96.428571428571431
D16_main300fixed,D16,MCLP,5,40,-1,rio de janeiro,6601,6547,54,99.1819421299803
D16_main300fixed,D16,MCLP,5,40,-1,sao goncalo,385,363,22,94.285714285714292
D16_main300fixed,D16,MCLP,5,40,-1,sao joao de meriti,124,124,0,100
D16_main300fixed,D16,MCLP,5,40,-1,seropedica,33,0,33,0
D16_main300fixed,D16,MCLP,5,40,-1,tangua,6,0,6,0
D22,D22,K-Means,10,19,42,belford roxo,104,100,4,96.15384615384616
D22,D22,K-Means,10,19,42,cachoeiras de macacu,35,16,19,45.714285714285715
D22,D22,K-Means,10,19,42,duque de caxias,250,249,1,99.599999999999994
D22,D22,K-Means,10,19,42,guapimirim,21,7,14,33.333333333333336
D22,D22,K-Means,10,19,42,itaborai,56,11,45,19.642857142857142
D22,D22,K-Means,10,19,42,itaguai,46,0,46,0
D22,D22,K-Means,10,19,42,japeri,34,34,0,100
D22,D22,K-Means,10,19,42,mage,104,87,17,83.65384615384616
D22,D22,K-Means,10,19,42,marica,133,129,4,96.992481203007515
D22,D22,K-Means,10,19,42,mesquita,75,75,0,100
D22,D22,K-Means,10,19,42,nilopolis,103,103,0,100
D22,D22,K-Means,10,19,42,niteroi,824,824,0,100
D22,D22,K-Means,10,19,42,nova iguacu,423,413,10,97.635933806146568
D22,D22,K-Means,10,19,42,paracambi,35,0,35,0
D22,D22,K-Means,10,19,42,petropolis,234,209,25,89.316239316239319
D22,D22,K-Means,10,19,42,queimados,53,52,1,98.113207547169807
D22,D22,K-Means,10,19,42,rio bonito,28,0,28,0
D22,D22,K-Means,10,19,42,rio de janeiro,6607,6603,4,99.939458150446498
D22,D22,K-Means,10,19,42,sao goncalo,385,385,0,100
D22,D22,K-Means,10,19,42,sao joao de meriti,124,124,0,100
D22,D22,K-Means,10,19,42,seropedica,33,11,22,33.333333333333336
D22,D22,K-Means,10,19,42,tangua,6,0,6,0
D22,D22,K-Means,5,41,42,belford roxo,104,92,12,88.461538461538467
D22,D22,K-Means,5,41,42,cachoeiras de macacu,35,35,0,100
D22,D22,K-Means,5,41,42,duque de caxias,250,220,30,88
D22,D22,K-Means,5,41,42,guapimirim,21,17,4,80.952380952380949
D22,D22,K-Means,5,41,42,itaborai,56,43,13,76.785714285714292
D22,D22,K-Means,5,41,42,itaguai,46,42,4,91.304347826086953
D22,D22,K-Means,5,41,42,japeri,34,14,20,41.176470588235297
D22,D22,K-Means,5,41,42,mage,104,77,27,74.038461538461533
D22,D22,K-Means,5,41,42,marica,133,76,57,57.142857142857146
D22,D22,K-Means,5,41,42,mesquita,75,75,0,100
D22,D22,K-Means,5,41,42,nilopolis,103,103,0,100
D22,D22,K-Means,5,41,42,niteroi,824,802,22,97.330097087378647
D22,D22,K-Means,5,41,42,nova iguacu,423,387,36,91.489361702127653
D22,D22,K-Means,5,41,42,paracambi,35,35,0,100
D22,D22,K-Means,5,41,42,petropolis,234,185,49,79.059829059829056
D22,D22,K-Means,5,41,42,queimados,53,50,3,94.339622641509436
D22,D22,K-Means,5,41,42,rio bonito,28,27,1,96.428571428571431
D22,D22,K-Means,5,41,42,rio de janeiro,6607,6549,58,99.1221431814742
D22,D22,K-Means,5,41,42,sao goncalo,385,343,42,89.090909090909093
D22,D22,K-Means,5,41,42,sao joao de meriti,124,124,0,100
D22,D22,K-Means,5,41,42,seropedica,33,23,10,69.696969696969703
D22,D22,K-Means,5,41,42,tangua,6,0,6,0
D22,D22,K-Means,3,85,42,belford roxo,104,97,7,93.269230769230774
D22,D22,K-Means,3,85,42,cachoeiras de macacu,35,30,5,85.714285714285708
D22,D22,K-Means,3,85,42,duque de caxias,250,204,46,81.599999999999994
D22,D22,K-Means,3,85,42,guapimirim,21,15,6,71.428571428571431
D22,D22,K-Means,3,85,42,itaborai,56,31,25,55.357142857142854
D22,D22,K-Means,3,85,42,itaguai,46,38,8,82.608695652173907
D22,D22,K-Means,3,85,42,japeri,34,12,22,35.294117647058826
D22,D22,K-Means,3,85,42,mage,104,78,26,75
D22,D22,K-Means,3,85,42,marica,133,97,36,72.932330827067673
D22,D22,K-Means,3,85,42,mesquita,75,75,0,100
D22,D22,K-Means,3,85,42,nilopolis,103,103,0,100
D22,D22,K-Means,3,85,42,niteroi,824,815,9,98.907766990291265
D22,D22,K-Means,3,85,42,nova iguacu,423,399,24,94.326241134751768
D22,D22,K-Means,3,85,42,paracambi,35,35,0,100
D22,D22,K-Means,3,85,42,petropolis,234,209,25,89.316239316239319
D22,D22,K-Means,3,85,42,queimados,53,51,2,96.226415094339629
D22,D22,K-Means,3,85,42,rio bonito,28,27,1,96.428571428571431
D22,D22,K-Means,3,85,42,rio de janeiro,6607,6434,173,97.381565006810959
D22,D22,K-Means,3,85,42,sao goncalo,385,359,26,93.246753246753244
D22,D22,K-Means,3,85,42,sao joao de meriti,124,118,6,95.161290322580641
D22,D22,K-Means,3,85,42,seropedica,33,26,7,78.787878787878782
D22,D22,K-Means,3,85,42,tangua,6,6,0,100
D22,D22,Ward,10,17,-1,belford roxo,104,104,0,100
D22,D22,Ward,10,17,-1,cachoeiras de macacu,35,16,19,45.714285714285715
D22,D22,Ward,10,17,-1,duque de caxias,250,245,5,98
D22,D22,Ward,10,17,-1,guapimirim,21,8,13,38.095238095238095
D22,D22,Ward,10,17,-1,itaborai,56,56,0,100
D22,D22,Ward,10,17,-1,itaguai,46,46,0,100
D22,D22,Ward,10,17,-1,japeri,34,34,0,100
D22,D22,Ward,10,17,-1,mage,104,92,12,88.461538461538467
D22,D22,Ward,10,17,-1,marica,133,129,4,96.992481203007515
D22,D22,Ward,10,17,-1,mesquita,75,75,0,100
D22,D22,Ward,10,17,-1,nilopolis,103,103,0,100
D22,D22,Ward,10,17,-1,niteroi,824,824,0,100
D22,D22,Ward,10,17,-1,nova iguacu,423,411,12,97.163120567375884
D22,D22,Ward,10,17,-1,paracambi,35,0,35,0
D22,D22,Ward,10,17,-1,petropolis,234,209,25,89.316239316239319
D22,D22,Ward,10,17,-1,queimados,53,53,0,100
D22,D22,Ward,10,17,-1,rio bonito,28,0,28,0
D22,D22,Ward,10,17,-1,rio de janeiro,6607,6314,293,95.565309520205844
D22,D22,Ward,10,17,-1,sao goncalo,385,385,0,100
D22,D22,Ward,10,17,-1,sao joao de meriti,124,124,0,100
D22,D22,Ward,10,17,-1,seropedica,33,11,22,33.333333333333336
D22,D22,Ward,10,17,-1,tangua,6,0,6,0
D22,D22,Ward,5,42,-1,belford roxo,104,100,4,96.15384615384616
D22,D22,Ward,5,42,-1,cachoeiras de macacu,35,5,30,14.285714285714286
D22,D22,Ward,5,42,-1,duque de caxias,250,225,25,90
D22,D22,Ward,5,42,-1,guapimirim,21,17,4,80.952380952380949
D22,D22,Ward,5,42,-1,itaborai,56,43,13,76.785714285714292
D22,D22,Ward,5,42,-1,itaguai,46,42,4,91.304347826086953
D22,D22,Ward,5,42,-1,japeri,34,25,9,73.529411764705884
D22,D22,Ward,5,42,-1,mage,104,99,5,95.192307692307693
D22,D22,Ward,5,42,-1,marica,133,129,4,96.992481203007515
D22,D22,Ward,5,42,-1,mesquita,75,75,0,100
D22,D22,Ward,5,42,-1,nilopolis,103,103,0,100
D22,D22,Ward,5,42,-1,niteroi,824,808,16,98.05825242718447
D22,D22,Ward,5,42,-1,nova iguacu,423,403,20,95.27186761229315
D22,D22,Ward,5,42,-1,paracambi,35,35,0,100
D22,D22,Ward,5,42,-1,petropolis,234,200,34,85.470085470085465
D22,D22,Ward,5,42,-1,queimados,53,53,0,100
D22,D22,Ward,5,42,-1,rio bonito,28,27,1,96.428571428571431
D22,D22,Ward,5,42,-1,rio de janeiro,6607,6364,243,96.322082639624639
D22,D22,Ward,5,42,-1,sao goncalo,385,349,36,90.649350649350652
D22,D22,Ward,5,42,-1,sao joao de meriti,124,124,0,100
D22,D22,Ward,5,42,-1,seropedica,33,13,20,39.393939393939391
D22,D22,Ward,5,42,-1,tangua,6,0,6,0
D22,D22,Ward,3,81,-1,belford roxo,104,94,10,90.384615384615387
D22,D22,Ward,3,81,-1,cachoeiras de macacu,35,30,5,85.714285714285708
D22,D22,Ward,3,81,-1,duque de caxias,250,235,15,94
D22,D22,Ward,3,81,-1,guapimirim,21,17,4,80.952380952380949
D22,D22,Ward,3,81,-1,itaborai,56,47,9,83.928571428571431
D22,D22,Ward,3,81,-1,itaguai,46,46,0,100
D22,D22,Ward,3,81,-1,japeri,34,20,14,58.823529411764703
D22,D22,Ward,3,81,-1,mage,104,89,15,85.57692307692308
D22,D22,Ward,3,81,-1,marica,133,107,26,80.451127819548873
D22,D22,Ward,3,81,-1,mesquita,75,75,0,100
D22,D22,Ward,3,81,-1,nilopolis,103,103,0,100
D22,D22,Ward,3,81,-1,niteroi,824,764,60,92.71844660194175
D22,D22,Ward,3,81,-1,nova iguacu,423,406,17,95.981087470449168
D22,D22,Ward,3,81,-1,paracambi,35,35,0,100
D22,D22,Ward,3,81,-1,petropolis,234,209,25,89.316239316239319
D22,D22,Ward,3,81,-1,queimados,53,52,1,98.113207547169807
D22,D22,Ward,3,81,-1,rio bonito,28,28,0,100
D22,D22,Ward,3,81,-1,rio de janeiro,6607,6378,229,96.533979113061903
D22,D22,Ward,3,81,-1,sao goncalo,385,341,44,88.571428571428569
D22,D22,Ward,3,81,-1,sao joao de meriti,124,124,0,100
D22,D22,Ward,3,81,-1,seropedica,33,31,2,93.939393939393938
D22,D22,Ward,3,81,-1,tangua,6,0,6,0
D22,D22,Complete,10,19,-1,belford roxo,104,77,27,74.038461538461533
D22,D22,Complete,10,19,-1,cachoeiras de macacu,35,24,11,68.571428571428569
D22,D22,Complete,10,19,-1,duque de caxias,250,210,40,84
D22,D22,Complete,10,19,-1,guapimirim,21,8,13,38.095238095238095
D22,D22,Complete,10,19,-1,itaborai,56,56,0,100
D22,D22,Complete,10,19,-1,itaguai,46,46,0,100
D22,D22,Complete,10,19,-1,japeri,34,34,0,100
D22,D22,Complete,10,19,-1,mage,104,69,35,66.34615384615384
D22,D22,Complete,10,19,-1,marica,133,131,2,98.496240601503757
D22,D22,Complete,10,19,-1,mesquita,75,75,0,100
D22,D22,Complete,10,19,-1,nilopolis,103,103,0,100
D22,D22,Complete,10,19,-1,niteroi,824,819,5,99.393203883495147
D22,D22,Complete,10,19,-1,nova iguacu,423,410,13,96.92671394799055
D22,D22,Complete,10,19,-1,paracambi,35,35,0,100
D22,D22,Complete,10,19,-1,petropolis,234,229,5,97.863247863247864
D22,D22,Complete,10,19,-1,queimados,53,14,39,26.415094339622641
D22,D22,Complete,10,19,-1,rio bonito,28,27,1,96.428571428571431
D22,D22,Complete,10,19,-1,rio de janeiro,6607,6483,124,98.123202663841383
D22,D22,Complete,10,19,-1,sao goncalo,385,304,81,78.961038961038966
D22,D22,Complete,10,19,-1,sao joao de meriti,124,107,17,86.290322580645167
D22,D22,Complete,10,19,-1,seropedica,33,20,13,60.606060606060609
D22,D22,Complete,10,19,-1,tangua,6,0,6,0
D22,D22,Complete,5,47,-1,belford roxo,104,99,5,95.192307692307693
D22,D22,Complete,5,47,-1,cachoeiras de macacu,35,35,0,100
D22,D22,Complete,5,47,-1,duque de caxias,250,250,0,100
D22,D22,Complete,5,47,-1,guapimirim,21,17,4,80.952380952380949
D22,D22,Complete,5,47,-1,itaborai,56,46,10,82.142857142857139
D22,D22,Complete,5,47,-1,itaguai,46,42,4,91.304347826086953
D22,D22,Complete,5,47,-1,japeri,34,30,4,88.235294117647058
D22,D22,Complete,5,47,-1,mage,104,99,5,95.192307692307693
D22,D22,Complete,5,47,-1,marica,133,120,13,90.225563909774436
D22,D22,Complete,5,47,-1,mesquita,75,75,0,100
D22,D22,Complete,5,47,-1,nilopolis,103,103,0,100
D22,D22,Complete,5,47,-1,niteroi,824,808,16,98.05825242718447
D22,D22,Complete,5,47,-1,nova iguacu,423,406,17,95.981087470449168
D22,D22,Complete,5,47,-1,paracambi,35,35,0,100
D22,D22,Complete,5,47,-1,petropolis,234,215,19,91.880341880341874
D22,D22,Complete,5,47,-1,queimados,53,46,7,86.79245283018868
D22,D22,Complete,5,47,-1,rio bonito,28,27,1,96.428571428571431
D22,D22,Complete,5,47,-1,rio de janeiro,6607,6321,286,95.671257756924476
D22,D22,Complete,5,47,-1,sao goncalo,385,346,39,89.870129870129873
D22,D22,Complete,5,47,-1,sao joao de meriti,124,99,25,79.838709677419359
D22,D22,Complete,5,47,-1,seropedica,33,28,5,84.848484848484844
D22,D22,Complete,5,47,-1,tangua,6,6,0,100
D22,D22,Complete,3,90,-1,belford roxo,104,104,0,100
D22,D22,Complete,3,90,-1,cachoeiras de macacu,35,30,5,85.714285714285708
D22,D22,Complete,3,90,-1,duque de caxias,250,241,9,96.400000000000006
D22,D22,Complete,3,90,-1,guapimirim,21,21,0,100
D22,D22,Complete,3,90,-1,itaborai,56,48,8,85.714285714285708
D22,D22,Complete,3,90,-1,itaguai,46,46,0,100
D22,D22,Complete,3,90,-1,japeri,34,20,14,58.823529411764703
D22,D22,Complete,3,90,-1,mage,104,93,11,89.42307692307692
D22,D22,Complete,3,90,-1,marica,133,131,2,98.496240601503757
D22,D22,Complete,3,90,-1,mesquita,75,75,0,100
D22,D22,Complete,3,90,-1,nilopolis,103,100,3,97.087378640776706
D22,D22,Complete,3,90,-1,niteroi,824,779,45,94.538834951456309
D22,D22,Complete,3,90,-1,nova iguacu,423,400,23,94.562647754137117
D22,D22,Complete,3,90,-1,paracambi,35,35,0,100
D22,D22,Complete,3,90,-1,petropolis,234,224,10,95.726495726495727
D22,D22,Complete,3,90,-1,queimados,53,50,3,94.339622641509436
D22,D22,Complete,3,90,-1,rio bonito,28,28,0,100
D22,D22,Complete,3,90,-1,rio de janeiro,6607,6276,331,94.990161949447554
D22,D22,Complete,3,90,-1,sao goncalo,385,371,14,96.36363636363636
D22,D22,Complete,3,90,-1,sao joao de meriti,124,124,0,100
D22,D22,Complete,3,90,-1,seropedica,33,31,2,93.939393939393938
D22,D22,Complete,3,90,-1,tangua,6,6,0,100
D22,D22,Average,10,25,-1,belford roxo,104,101,3,97.115384615384613
D22,D22,Average,10,25,-1,cachoeiras de macacu,35,35,0,100
D22,D22,Average,10,25,-1,duque de caxias,250,160,90,64
D22,D22,Average,10,25,-1,guapimirim,21,21,0,100
D22,D22,Average,10,25,-1,itaborai,56,56,0,100
D22,D22,Average,10,25,-1,itaguai,46,46,0,100
D22,D22,Average,10,25,-1,japeri,34,34,0,100
D22,D22,Average,10,25,-1,mage,104,104,0,100
D22,D22,Average,10,25,-1,marica,133,131,2,98.496240601503757
D22,D22,Average,10,25,-1,mesquita,75,75,0,100
D22,D22,Average,10,25,-1,nilopolis,103,103,0,100
D22,D22,Average,10,25,-1,niteroi,824,819,5,99.393203883495147
D22,D22,Average,10,25,-1,nova iguacu,423,356,67,84.160756501182036
D22,D22,Average,10,25,-1,paracambi,35,0,35,0
D22,D22,Average,10,25,-1,petropolis,234,234,0,100
D22,D22,Average,10,25,-1,queimados,53,51,2,96.226415094339629
D22,D22,Average,10,25,-1,rio bonito,28,28,0,100
D22,D22,Average,10,25,-1,rio de janeiro,6607,6564,43,99.349175117299836
D22,D22,Average,10,25,-1,sao goncalo,385,305,80,79.220779220779221
D22,D22,Average,10,25,-1,sao joao de meriti,124,124,0,100
D22,D22,Average,10,25,-1,seropedica,33,33,0,100
D22,D22,Average,10,25,-1,tangua,6,6,0,100
D22,D22,Average,5,54,-1,belford roxo,104,104,0,100
D22,D22,Average,5,54,-1,cachoeiras de macacu,35,35,0,100
D22,D22,Average,5,54,-1,duque de caxias,250,235,15,94
D22,D22,Average,5,54,-1,guapimirim,21,17,4,80.952380952380949
D22,D22,Average,5,54,-1,itaborai,56,51,5,91.071428571428569
D22,D22,Average,5,54,-1,itaguai,46,42,4,91.304347826086953
D22,D22,Average,5,54,-1,japeri,34,25,9,73.529411764705884
D22,D22,Average,5,54,-1,mage,104,104,0,100
D22,D22,Average,5,54,-1,marica,133,128,5,96.240601503759393
D22,D22,Average,5,54,-1,mesquita,75,75,0,100
D22,D22,Average,5,54,-1,nilopolis,103,103,0,100
D22,D22,Average,5,54,-1,niteroi,824,820,4,99.514563106796118
D22,D22,Average,5,54,-1,nova iguacu,423,413,10,97.635933806146568
D22,D22,Average,5,54,-1,paracambi,35,35,0,100
D22,D22,Average,5,54,-1,petropolis,234,218,16,93.162393162393158
D22,D22,Average,5,54,-1,queimados,53,53,0,100
D22,D22,Average,5,54,-1,rio bonito,28,28,0,100
D22,D22,Average,5,54,-1,rio de janeiro,6607,6320,287,95.656122294536104
D22,D22,Average,5,54,-1,sao goncalo,385,373,12,96.883116883116884
D22,D22,Average,5,54,-1,sao joao de meriti,124,122,2,98.387096774193552
D22,D22,Average,5,54,-1,seropedica,33,33,0,100
D22,D22,Average,5,54,-1,tangua,6,6,0,100
D22,D22,Average,3,101,-1,belford roxo,104,94,10,90.384615384615387
D22,D22,Average,3,101,-1,cachoeiras de macacu,35,35,0,100
D22,D22,Average,3,101,-1,duque de caxias,250,248,2,99.200000000000003
D22,D22,Average,3,101,-1,guapimirim,21,21,0,100
D22,D22,Average,3,101,-1,itaborai,56,54,2,96.428571428571431
D22,D22,Average,3,101,-1,itaguai,46,46,0,100
D22,D22,Average,3,101,-1,japeri,34,34,0,100
D22,D22,Average,3,101,-1,mage,104,101,3,97.115384615384613
D22,D22,Average,3,101,-1,marica,133,131,2,98.496240601503757
D22,D22,Average,3,101,-1,mesquita,75,75,0,100
D22,D22,Average,3,101,-1,nilopolis,103,103,0,100
D22,D22,Average,3,101,-1,niteroi,824,809,15,98.179611650485441
D22,D22,Average,3,101,-1,nova iguacu,423,400,23,94.562647754137117
D22,D22,Average,3,101,-1,paracambi,35,35,0,100
D22,D22,Average,3,101,-1,petropolis,234,218,16,93.162393162393158
D22,D22,Average,3,101,-1,queimados,53,53,0,100
D22,D22,Average,3,101,-1,rio bonito,28,28,0,100
D22,D22,Average,3,101,-1,rio de janeiro,6607,6207,400,93.945815044649621
D22,D22,Average,3,101,-1,sao goncalo,385,381,4,98.961038961038966
D22,D22,Average,3,101,-1,sao joao de meriti,124,118,6,95.161290322580641
D22,D22,Average,3,101,-1,seropedica,33,31,2,93.939393939393938
D22,D22,Average,3,101,-1,tangua,6,6,0,100
D22,D22,P-Median,10,24,-1,belford roxo,104,104,0,100
D22,D22,P-Median,10,24,-1,cachoeiras de macacu,35,0,35,0
D22,D22,P-Median,10,24,-1,duque de caxias,250,183,67,73.200000000000003
D22,D22,P-Median,10,24,-1,guapimirim,21,0,21,0
D22,D22,P-Median,10,24,-1,itaborai,56,0,56,0
D22,D22,P-Median,10,24,-1,itaguai,46,0,46,0
D22,D22,P-Median,10,24,-1,japeri,34,14,20,41.176470588235297
D22,D22,P-Median,10,24,-1,mage,104,60,44,57.692307692307693
D22,D22,P-Median,10,24,-1,marica,133,100,33,75.187969924812023
D22,D22,P-Median,10,24,-1,mesquita,75,75,0,100
D22,D22,P-Median,10,24,-1,nilopolis,103,103,0,100
D22,D22,P-Median,10,24,-1,niteroi,824,809,15,98.179611650485441
D22,D22,P-Median,10,24,-1,nova iguacu,423,409,14,96.690307328605201
D22,D22,P-Median,10,24,-1,paracambi,35,35,0,100
D22,D22,P-Median,10,24,-1,petropolis,234,191,43,81.623931623931625
D22,D22,P-Median,10,24,-1,queimados,53,3,50,5.6603773584905657
D22,D22,P-Median,10,24,-1,rio bonito,28,27,1,96.428571428571431
D22,D22,P-Median,10,24,-1,rio de janeiro,6607,6607,0,100
D22,D22,P-Median,10,24,-1,sao goncalo,385,385,0,100
D22,D22,P-Median,10,24,-1,sao joao de meriti,124,124,0,100
D22,D22,P-Median,10,24,-1,seropedica,33,0,33,0
D22,D22,P-Median,10,24,-1,tangua,6,0,6,0
D22,D22,P-Median,5,56,-1,belford roxo,104,81,23,77.884615384615387
D22,D22,P-Median,5,56,-1,cachoeiras de macacu,35,30,5,85.714285714285708
D22,D22,P-Median,5,56,-1,duque de caxias,250,163,87,65.200000000000003
D22,D22,P-Median,5,56,-1,guapimirim,21,17,4,80.952380952380949
D22,D22,P-Median,5,56,-1,itaborai,56,37,19,66.071428571428569
D22,D22,P-Median,5,56,-1,itaguai,46,38,8,82.608695652173907
D22,D22,P-Median,5,56,-1,japeri,34,0,34,0
D22,D22,P-Median,5,56,-1,mage,104,74,30,71.15384615384616
D22,D22,P-Median,5,56,-1,marica,133,92,41,69.172932330827066
D22,D22,P-Median,5,56,-1,mesquita,75,75,0,100
D22,D22,P-Median,5,56,-1,nilopolis,103,103,0,100
D22,D22,P-Median,5,56,-1,niteroi,824,815,9,98.907766990291265
D22,D22,P-Median,5,56,-1,nova iguacu,423,400,23,94.562647754137117
D22,D22,P-Median,5,56,-1,paracambi,35,35,0,100
D22,D22,P-Median,5,56,-1,petropolis,234,194,40,82.90598290598291
D22,D22,P-Median,5,56,-1,queimados,53,30,23,56.60377358490566
D22,D22,P-Median,5,56,-1,rio bonito,28,27,1,96.428571428571431
D22,D22,P-Median,5,56,-1,rio de janeiro,6607,6568,39,99.409716966853338
D22,D22,P-Median,5,56,-1,sao goncalo,385,348,37,90.389610389610397
D22,D22,P-Median,5,56,-1,sao joao de meriti,124,124,0,100
D22,D22,P-Median,5,56,-1,seropedica,33,0,33,0
D22,D22,P-Median,5,56,-1,tangua,6,0,6,0
D22,D22,MCLP,10,15,-1,belford roxo,104,104,0,100
D22,D22,MCLP,10,15,-1,cachoeiras de macacu,35,0,35,0
D22,D22,MCLP,10,15,-1,duque de caxias,250,246,4,98.400000000000006
D22,D22,MCLP,10,15,-1,guapimirim,21,0,21,0
D22,D22,MCLP,10,15,-1,itaborai,56,0,56,0
D22,D22,MCLP,10,15,-1,itaguai,46,32,14,69.565217391304344
D22,D22,MCLP,10,15,-1,japeri,34,0,34,0
D22,D22,MCLP,10,15,-1,mage,104,0,104,0
D22,D22,MCLP,10,15,-1,marica,133,109,24,81.954887218045116
D22,D22,MCLP,10,15,-1,mesquita,75,75,0,100
D22,D22,MCLP,10,15,-1,nilopolis,103,103,0,100
D22,D22,MCLP,10,15,-1,niteroi,824,824,0,100
D22,D22,MCLP,10,15,-1,nova iguacu,423,423,0,100
D22,D22,MCLP,10,15,-1,paracambi,35,0,35,0
D22,D22,MCLP,10,15,-1,petropolis,234,209,25,89.316239316239319
D22,D22,MCLP,10,15,-1,queimados,53,52,1,98.113207547169807
D22,D22,MCLP,10,15,-1,rio bonito,28,0,28,0
D22,D22,MCLP,10,15,-1,rio de janeiro,6607,6574,33,99.500529741183598
D22,D22,MCLP,10,15,-1,sao goncalo,385,382,3,99.220779220779221
D22,D22,MCLP,10,15,-1,sao joao de meriti,124,124,0,100
D22,D22,MCLP,10,15,-1,seropedica,33,0,33,0
D22,D22,MCLP,10,15,-1,tangua,6,0,6,0
D22,D22,MCLP,5,40,-1,belford roxo,104,91,13,87.5
D22,D22,MCLP,5,40,-1,cachoeiras de macacu,35,0,35,0
D22,D22,MCLP,5,40,-1,duque de caxias,250,163,87,65.200000000000003
D22,D22,MCLP,5,40,-1,guapimirim,21,0,21,0
D22,D22,MCLP,5,40,-1,itaborai,56,37,19,66.071428571428569
D22,D22,MCLP,5,40,-1,itaguai,46,38,8,82.608695652173907
D22,D22,MCLP,5,40,-1,japeri,34,0,34,0
D22,D22,MCLP,5,40,-1,mage,104,74,30,71.15384615384616
D22,D22,MCLP,5,40,-1,marica,133,92,41,69.172932330827066
D22,D22,MCLP,5,40,-1,mesquita,75,75,0,100
D22,D22,MCLP,5,40,-1,nilopolis,103,103,0,100
D22,D22,MCLP,5,40,-1,niteroi,824,820,4,99.514563106796118
D22,D22,MCLP,5,40,-1,nova iguacu,423,390,33,92.198581560283685
D22,D22,MCLP,5,40,-1,paracambi,35,35,0,100
D22,D22,MCLP,5,40,-1,petropolis,234,216,18,92.307692307692307
D22,D22,MCLP,5,40,-1,queimados,53,30,23,56.60377358490566
D22,D22,MCLP,5,40,-1,rio bonito,28,27,1,96.428571428571431
D22,D22,MCLP,5,40,-1,rio de janeiro,6607,6553,54,99.182685031027702
D22,D22,MCLP,5,40,-1,sao goncalo,385,363,22,94.285714285714292
D22,D22,MCLP,5,40,-1,sao joao de meriti,124,124,0,100
D22,D22,MCLP,5,40,-1,seropedica,33,0,33,0
D22,D22,MCLP,5,40,-1,tangua,6,0,6,0
D22_main300fixed,D22,P-Median,10,24,-1,belford roxo,104,104,0,100
D22_main300fixed,D22,P-Median,10,24,-1,cachoeiras de macacu,35,0,35,0
D22_main300fixed,D22,P-Median,10,24,-1,duque de caxias,250,183,67,73.200000000000003
D22_main300fixed,D22,P-Median,10,24,-1,guapimirim,21,0,21,0
D22_main300fixed,D22,P-Median,10,24,-1,itaborai,56,0,56,0
D22_main300fixed,D22,P-Median,10,24,-1,itaguai,46,0,46,0
D22_main300fixed,D22,P-Median,10,24,-1,japeri,34,14,20,41.176470588235297
D22_main300fixed,D22,P-Median,10,24,-1,mage,104,60,44,57.692307692307693
D22_main300fixed,D22,P-Median,10,24,-1,marica,133,100,33,75.187969924812023
D22_main300fixed,D22,P-Median,10,24,-1,mesquita,75,75,0,100
D22_main300fixed,D22,P-Median,10,24,-1,nilopolis,103,103,0,100
D22_main300fixed,D22,P-Median,10,24,-1,niteroi,824,809,15,98.179611650485441
D22_main300fixed,D22,P-Median,10,24,-1,nova iguacu,423,409,14,96.690307328605201
D22_main300fixed,D22,P-Median,10,24,-1,paracambi,35,35,0,100
D22_main300fixed,D22,P-Median,10,24,-1,petropolis,234,191,43,81.623931623931625
D22_main300fixed,D22,P-Median,10,24,-1,queimados,53,3,50,5.6603773584905657
D22_main300fixed,D22,P-Median,10,24,-1,rio bonito,28,27,1,96.428571428571431
D22_main300fixed,D22,P-Median,10,24,-1,rio de janeiro,6607,6607,0,100
D22_main300fixed,D22,P-Median,10,24,-1,sao goncalo,385,385,0,100
D22_main300fixed,D22,P-Median,10,24,-1,sao joao de meriti,124,124,0,100
D22_main300fixed,D22,P-Median,10,24,-1,seropedica,33,0,33,0
D22_main300fixed,D22,P-Median,10,24,-1,tangua,6,0,6,0
D22_main300fixed,D22,P-Median,5,55,-1,belford roxo,104,81,23,77.884615384615387
D22_main300fixed,D22,P-Median,5,55,-1,cachoeiras de macacu,35,19,16,54.285714285714285
D22_main300fixed,D22,P-Median,5,55,-1,duque de caxias,250,163,87,65.200000000000003
D22_main300fixed,D22,P-Median,5,55,-1,guapimirim,21,17,4,80.952380952380949
D22_main300fixed,D22,P-Median,5,55,-1,itaborai,56,37,19,66.071428571428569
D22_main300fixed,D22,P-Median,5,55,-1,itaguai,46,38,8,82.608695652173907
D22_main300fixed,D22,P-Median,5,55,-1,japeri,34,0,34,0
D22_main300fixed,D22,P-Median,5,55,-1,mage,104,74,30,71.15384615384616
D22_main300fixed,D22,P-Median,5,55,-1,marica,133,92,41,69.172932330827066
D22_main300fixed,D22,P-Median,5,55,-1,mesquita,75,75,0,100
D22_main300fixed,D22,P-Median,5,55,-1,nilopolis,103,103,0,100
D22_main300fixed,D22,P-Median,5,55,-1,niteroi,824,815,9,98.907766990291265
D22_main300fixed,D22,P-Median,5,55,-1,nova iguacu,423,400,23,94.562647754137117
D22_main300fixed,D22,P-Median,5,55,-1,paracambi,35,35,0,100
D22_main300fixed,D22,P-Median,5,55,-1,petropolis,234,194,40,82.90598290598291
D22_main300fixed,D22,P-Median,5,55,-1,queimados,53,30,23,56.60377358490566
D22_main300fixed,D22,P-Median,5,55,-1,rio bonito,28,27,1,96.428571428571431
D22_main300fixed,D22,P-Median,5,55,-1,rio de janeiro,6607,6568,39,99.409716966853338
D22_main300fixed,D22,P-Median,5,55,-1,sao goncalo,385,348,37,90.389610389610397
D22_main300fixed,D22,P-Median,5,55,-1,sao joao de meriti,124,124,0,100
D22_main300fixed,D22,P-Median,5,55,-1,seropedica,33,0,33,0
D22_main300fixed,D22,P-Median,5,55,-1,tangua,6,0,6,0
D22_main300fixed,D22,MCLP,10,15,-1,belford roxo,104,104,0,100
D22_main300fixed,D22,MCLP,10,15,-1,cachoeiras de macacu,35,0,35,0
D22_main300fixed,D22,MCLP,10,15,-1,duque de caxias,250,246,4,98.400000000000006
D22_main300fixed,D22,MCLP,10,15,-1,guapimirim,21,0,21,0
D22_main300fixed,D22,MCLP,10,15,-1,itaborai,56,0,56,0
D22_main300fixed,D22,MCLP,10,15,-1,itaguai,46,32,14,69.565217391304344
D22_main300fixed,D22,MCLP,10,15,-1,japeri,34,0,34,0
D22_main300fixed,D22,MCLP,10,15,-1,mage,104,0,104,0
D22_main300fixed,D22,MCLP,10,15,-1,marica,133,109,24,81.954887218045116
D22_main300fixed,D22,MCLP,10,15,-1,mesquita,75,75,0,100
D22_main300fixed,D22,MCLP,10,15,-1,nilopolis,103,103,0,100
D22_main300fixed,D22,MCLP,10,15,-1,niteroi,824,824,0,100
D22_main300fixed,D22,MCLP,10,15,-1,nova iguacu,423,423,0,100
D22_main300fixed,D22,MCLP,10,15,-1,paracambi,35,0,35,0
D22_main300fixed,D22,MCLP,10,15,-1,petropolis,234,209,25,89.316239316239319
D22_main300fixed,D22,MCLP,10,15,-1,queimados,53,52,1,98.113207547169807
D22_main300fixed,D22,MCLP,10,15,-1,rio bonito,28,0,28,0
D22_main300fixed,D22,MCLP,10,15,-1,rio de janeiro,6607,6574,33,99.500529741183598
D22_main300fixed,D22,MCLP,10,15,-1,sao goncalo,385,382,3,99.220779220779221
D22_main300fixed,D22,MCLP,10,15,-1,sao joao de meriti,124,124,0,100
D22_main300fixed,D22,MCLP,10,15,-1,seropedica,33,0,33,0
D22_main300fixed,D22,MCLP,10,15,-1,tangua,6,0,6,0
D22_main300fixed,D22,MCLP,5,40,-1,belford roxo,104,91,13,87.5
D22_main300fixed,D22,MCLP,5,40,-1,cachoeiras de macacu,35,0,35,0
D22_main300fixed,D22,MCLP,5,40,-1,duque de caxias,250,163,87,65.200000000000003
D22_main300fixed,D22,MCLP,5,40,-1,guapimirim,21,0,21,0
D22_main300fixed,D22,MCLP,5,40,-1,itaborai,56,37,19,66.071428571428569
D22_main300fixed,D22,MCLP,5,40,-1,itaguai,46,38,8,82.608695652173907
D22_main300fixed,D22,MCLP,5,40,-1,japeri,34,0,34,0
D22_main300fixed,D22,MCLP,5,40,-1,mage,104,74,30,71.15384615384616
D22_main300fixed,D22,MCLP,5,40,-1,marica,133,92,41,69.172932330827066
D22_main300fixed,D22,MCLP,5,40,-1,mesquita,75,75,0,100
D22_main300fixed,D22,MCLP,5,40,-1,nilopolis,103,103,0,100
D22_main300fixed,D22,MCLP,5,40,-1,niteroi,824,820,4,99.514563106796118
D22_main300fixed,D22,MCLP,5,40,-1,nova iguacu,423,390,33,92.198581560283685
D22_main300fixed,D22,MCLP,5,40,-1,paracambi,35,35,0,100
D22_main300fixed,D22,MCLP,5,40,-1,petropolis,234,216,18,92.307692307692307
D22_main300fixed,D22,MCLP,5,40,-1,queimados,53,30,23,56.60377358490566
D22_main300fixed,D22,MCLP,5,40,-1,rio bonito,28,27,1,96.428571428571431
D22_main300fixed,D22,MCLP,5,40,-1,rio de janeiro,6607,6553,54,99.182685031027702
D22_main300fixed,D22,MCLP,5,40,-1,sao goncalo,385,363,22,94.285714285714292
D22_main300fixed,D22,MCLP,5,40,-1,sao joao de meriti,124,124,0,100
D22_main300fixed,D22,MCLP,5,40,-1,seropedica,33,0,33,0
D22_main300fixed,D22,MCLP,5,40,-1,tangua,6,0,6,0
