case,cohort,method,radius_km,K_selected,seed,facility_id,lat,lng,inside_municipal_union,outside_municipal_union,nearest_assigned_orders
main,main,K-Means,10,17,42,0,-22.877138394541166,-43.387929846430637,True,False,774
main,main,K-Means,10,17,42,1,-22.949221442067248,-43.190665082805559,True,False,1756
main,main,K-Means,10,17,42,2,-22.622921347585219,-43.100665801177705,True,False,126
main,main,K-Means,10,17,42,3,-22.893543159780346,-43.556685996466435,True,False,595
main,main,K-Means,10,17,42,4,-22.62609765843472,-42.652910109899878,True,False,55
main,main,K-Means,10,17,42,5,-22.758598321149815,-43.440880759920326,True,False,727
main,main,K-Means,10,17,42,6,-22.830344836414245,-43.025214317444146,True,False,392
main,main,K-Means,10,17,42,7,-22.711908805865761,-43.297861454175347,True,False,294
main,main,K-Means,10,17,42,8,-22.855030100430049,-43.278131024691497,True,False,928
main,main,K-Means,10,17,42,9,-22.87687148928336,-42.877486559914402,True,False,182
main,main,K-Means,10,17,42,10,-22.923188029415797,-43.670932300893469,True,False,361
main,main,K-Means,10,17,42,11,-22.688392101698753,-43.630906195489835,True,False,153
main,main,K-Means,10,17,42,12,-22.477721676146285,-43.171188651940248,True,False,234
main,main,K-Means,10,17,42,13,-22.905064264543274,-43.091497471614602,True,False,822
main,main,K-Means,10,17,42,14,-22.965070860824479,-43.352953885514779,True,False,810
main,main,K-Means,10,17,42,15,-22.923519068878715,-43.237726250467524,True,False,1086
main,main,K-Means,10,17,42,16,-23.005840776506826,-43.449898039964786,True,False,396
main,main,K-Means,5,40,42,0,-22.652760877170053,-43.272240771569656,True,False,118
main,main,K-Means,5,40,42,1,-22.923047830234747,-43.384305555902976,True,False,239
main,main,K-Means,5,40,42,2,-22.961701736050937,-43.186622214850026,True,False,761
main,main,K-Means,5,40,42,3,-22.893413250965633,-43.557467067767064,True,False,408
main,main,K-Means,5,40,42,4,-22.829936601311399,-43.004723612824513,True,False,250
main,main,K-Means,5,40,42,5,-22.723737013780678,-43.549142761678183,True,False,147
main,main,K-Means,5,40,42,6,-22.836305345228123,-43.316127092784164,True,False,281
main,main,K-Means,5,40,42,7,-22.388516733465266,-43.12987913902451,True,False,61
main,main,K-Means,5,40,42,8,-22.712854232902529,-42.650556944283331,True,False,34
main,main,K-Means,5,40,42,9,-22.897477079860078,-43.104629708920399,True,False,633
main,main,K-Means,5,40,42,10,-22.918439291579755,-43.235314310240639,True,False,863
main,main,K-Means,5,40,42,11,-22.918741542882099,-43.182892105603855,True,False,667
main,main,K-Means,5,40,42,12,-22.75560765405405,-43.428124710373233,True,False,258
main,main,K-Means,5,40,42,13,-23.00800408760573,-43.468615367200911,True,False,280
main,main,K-Means,5,40,42,14,-22.930519536648649,-42.94891666605885,True,False,60
main,main,K-Means,5,40,42,15,-22.91801952820316,-43.609646454544929,True,False,236
main,main,K-Means,5,40,42,16,-22.509175442062716,-43.185754433950997,True,False,173
main,main,K-Means,5,40,42,17,-22.624109639675027,-43.690481055374008,True,False,49
main,main,K-Means,5,40,42,18,-22.806662142475478,-43.193910955041872,True,False,147
main,main,K-Means,5,40,42,19,-22.470849051492323,-42.657121037845286,True,False,19
main,main,K-Means,5,40,42,20,-22.605911571929401,-43.03476983869264,True,False,63
main,main,K-Means,5,40,42,21,-22.997802675192077,-43.333148049555035,True,False,280
main,main,K-Means,5,40,42,22,-22.939065064575271,-43.675932886503055,True,False,189
main,main,K-Means,5,40,42,23,-22.927376214667397,-42.840699191582274,True,False,82
main,main,K-Means,5,40,42,24,-22.876122652963012,-43.455155508877858,True,False,244
main,main,K-Means,5,40,42,25,-22.896806539603471,-43.28834309326799,True,False,388
main,main,K-Means,5,40,42,26,-22.934922793861578,-43.046096440428435,True,False,175
main,main,K-Means,5,40,42,27,-22.831377943284455,-43.066263041274929,True,False,142
main,main,K-Means,5,40,42,28,-22.757942521424706,-43.321082967412195,True,False,190
main,main,K-Means,5,40,42,29,-22.749128477164554,-42.873321839684742,True,False,56
main,main,K-Means,5,40,42,30,-22.981687526692557,-43.395726584673234,True,False,267
main,main,K-Means,5,40,42,31,-22.873936188183887,-43.359195424518951,True,False,383
main,main,K-Means,5,40,42,32,-22.639861640094228,-43.16986066955095,True,False,67
main,main,K-Means,5,40,42,33,-22.937904954234131,-43.34748423039764,True,False,283
main,main,K-Means,5,40,42,34,-22.767178677322288,-43.674027072387268,True,False,36
main,main,K-Means,5,40,42,35,-22.871338940979843,-43.787009249444985,True,False,46
main,main,K-Means,5,40,42,36,-22.804844345907856,-43.400710595457582,True,False,270
main,main,K-Means,5,40,42,37,-22.979545932279354,-43.224248653783199,True,False,413
main,main,K-Means,5,40,42,38,-22.731770198650342,-43.466426175584552,True,False,197
main,main,K-Means,5,40,42,39,-22.850681669544542,-43.26644819921173,True,False,236
main,main,K-Means,3,82,42,0,-22.876692864691005,-43.538557104372394,True,False,105
main,main,K-Means,3,82,42,1,-22.934989433893801,-43.182092209003045,True,False,426
main,main,K-Means,3,82,42,2,-22.64095641881601,-43.056502830846554,True,False,42
main,main,K-Means,3,82,42,3,-22.96554242872385,-43.388670665927215,True,False,166
main,main,K-Means,3,82,42,4,-22.73802175047793,-43.393799103036017,True,False,65
main,main,K-Means,3,82,42,5,-22.819897802096133,-43.027016760916375,True,False,112
main,main,K-Means,3,82,42,6,-22.836380259205971,-43.270212884159932,True,False,104
main,main,K-Means,3,82,42,7,-22.743213557277791,-42.857036748795409,True,False,41
main,main,K-Means,3,82,42,8,-22.871338940979843,-43.787009249444985,True,False,46
main,main,K-Means,3,82,42,9,-22.427894024726776,-43.201389799035411,True,False,3
main,main,K-Means,3,82,42,10,-22.61483382699214,-43.705683375748585,True,False,35
main,main,K-Means,3,82,42,11,-22.895636315755883,-43.1209809208815,True,False,150
main,main,K-Means,3,82,42,12,-22.749259586625627,-43.449772993650299,True,False,214
main,main,K-Means,3,82,42,13,-22.888287887560697,-43.357312164640341,True,False,201
main,main,K-Means,3,82,42,14,-22.972116778550085,-43.686789885812871,True,False,54
main,main,K-Means,3,82,42,15,-22.940496338301475,-42.891079631075705,True,False,30
main,main,K-Means,3,82,42,16,-23.009910486693485,-43.461784124804304,True,False,248
main,main,K-Means,3,82,42,17,-22.97912481295549,-43.196730058551225,True,False,305
main,main,K-Means,3,82,42,18,-22.663402598468771,-43.268690525054573,True,False,85
main,main,K-Means,3,82,42,19,-22.901021601118956,-43.278155815309653,True,False,312
main,main,K-Means,3,82,42,20,-22.900588371811864,-43.604909093569944,True,False,130
main,main,K-Means,3,82,42,21,-22.712854232902529,-42.650556944283331,True,False,34
main,main,K-Means,3,82,42,22,-22.815302024060138,-43.414564662051809,True,False,143
main,main,K-Means,3,82,42,23,-22.515382135921158,-43.192842169598194,True,False,142
main,main,K-Means,3,82,42,24,-22.806662142475478,-43.193910955041872,True,False,147
main,main,K-Means,3,82,42,25,-22.944502525658514,-43.027735425942055,True,False,81
main,main,K-Means,3,82,42,26,-22.470849051492323,-42.657121037845286,True,False,19
main,main,K-Means,3,82,42,27,-22.713594160306471,-43.565117440188558,True,False,51
main,main,K-Means,3,82,42,28,-22.882504919801299,-43.426687759044313,True,False,103
main,main,K-Means,3,82,42,29,-23.004651713799412,-43.339349205295974,True,False,187
main,main,K-Means,3,82,42,30,-22.740348512916984,-43.702890192907162,True,False,20
main,main,K-Means,3,82,42,31,-22.912308534388472,-43.22282685729332,True,False,353
main,main,K-Means,3,82,42,32,-22.950081725240675,-43.333034201496424,True,False,153
main,main,K-Means,3,82,42,33,-22.835956756198581,-43.315433176798045,True,False,258
main,main,K-Means,3,82,42,34,-22.622684483877663,-43.190308676721465,True,False,54
main,main,K-Means,3,82,42,35,-22.535821878156177,-42.991303854384803,True,False,21
main,main,K-Means,3,82,42,36,-22.789661604530217,-43.36644606905481,True,False,127
main,main,K-Means,3,82,42,37,-22.383893053338081,-43.126881299093654,True,False,38
main,main,K-Means,3,82,42,38,-22.72528818830688,-43.326487892227874,True,False,59
main,main,K-Means,3,82,42,39,-22.872201958397831,-43.472652051429463,True,False,147
main,main,K-Means,3,82,42,40,-22.917898973510059,-43.552510580890626,True,False,145
main,main,K-Means,3,82,42,41,-22.959001780253519,-43.18498349487475,True,False,432
main,main,K-Means,3,82,42,42,-22.910830302577924,-43.683492045372688,True,False,84
main,main,K-Means,3,82,42,43,-22.96924614025011,-43.217567628892709,True,False,117
main,main,K-Means,3,82,42,44,-22.861824425303546,-43.265342272091324,True,False,162
main,main,K-Means,3,82,42,45,-22.900219873700067,-43.058031403997447,True,False,66
main,main,K-Means,3,82,42,46,-22.927580498421417,-43.642224730922834,True,False,86
main,main,K-Means,3,82,42,47,-22.680563237028309,-43.141180011289052,True,False,22
main,main,K-Means,3,82,42,48,-22.923605520523171,-43.385504917025948,True,False,200
main,main,K-Means,3,82,42,49,-22.874126204046274,-43.094875193431058,True,False,119
main,main,K-Means,3,82,42,50,-22.904950928035326,-43.102801543507631,True,False,350
main,main,K-Means,3,82,42,51,-23.000618991095681,-43.404718284567252,True,False,116
main,main,K-Means,3,82,42,52,-22.756964177472938,-43.499916323985495,True,False,83
main,main,K-Means,3,82,42,53,-22.948565702905171,-42.703432366189951,True,False,2
main,main,K-Means,3,82,42,54,-22.920741172948222,-42.831043523869674,True,False,60
main,main,K-Means,3,82,42,55,-22.823426641457591,-42.959221294111622,True,False,30
main,main,K-Means,3,82,42,56,-22.807342096925868,-43.618603170947843,True,False,26
main,main,K-Means,3,82,42,57,-22.886570237278889,-43.31441048819984,True,False,140
main,main,K-Means,3,82,42,58,-22.979900329721087,-43.49176475913368,True,False,15
main,main,K-Means,3,82,42,59,-22.984620088679723,-43.235135320224394,True,False,197
main,main,K-Means,3,82,42,60,-22.966908637988595,-43.614203461237025,True,False,61
main,main,K-Means,3,82,42,61,-22.464924502566273,-43.149235538094153,True,False,46
main,main,K-Means,3,82,42,62,-22.778986216514191,-43.419445979162198,True,False,92
main,main,K-Means,3,82,42,63,-22.268892739670068,-43.076812591215528,True,False,5
main,main,K-Means,3,82,42,64,-22.888705568844081,-43.574383150900438,True,False,159
main,main,K-Means,3,82,42,65,-22.765295924855039,-42.917834421448916,True,False,15
main,main,K-Means,3,82,42,66,-22.703803422832245,-43.450348646258554,True,False,63
main,main,K-Means,3,82,42,67,-22.857927425977891,-43.367994553949103,True,False,165
main,main,K-Means,3,82,42,68,-22.92480603555472,-43.243491731010081,True,False,480
main,main,K-Means,3,82,42,69,-22.945434263478099,-43.066365234354869,True,False,56
main,main,K-Means,3,82,42,70,-22.729567827416062,-43.522820207009971,True,False,52
main,main,K-Means,3,82,42,71,-22.907142791310726,-43.183136744805672,True,False,356
main,main,K-Means,3,82,42,72,-23.004990522576701,-43.547845204575459,True,False,17
main,main,K-Means,3,82,42,73,-22.935750554138547,-43.354846148874188,True,False,182
main,main,K-Means,3,82,42,74,-22.602759574173636,-43.300352699629869,True,False,20
main,main,K-Means,3,82,42,75,-22.665174706660398,-43.625697069287881,True,False,34
main,main,K-Means,3,82,42,76,-22.814800609217837,-42.996865436423363,True,False,73
main,main,K-Means,3,82,42,77,-22.936062305725088,-42.947753196522051,True,False,39
main,main,K-Means,3,82,42,78,-22.831215466300065,-43.069191974022097,True,False,110
main,main,K-Means,3,82,42,79,-22.872798037485801,-43.006251563848771,True,False,64
main,main,K-Means,3,82,42,80,-23.006655507475898,-43.307925799110713,True,False,41
main,main,K-Means,3,82,42,81,-22.768238047172819,-43.303357785516603,True,False,98
main,main,Ward,10,17,-1,0,-22.689306152461057,-42.766149163734312,True,False,95
main,main,Ward,10,17,-1,1,-22.772698185112937,-43.369630681741853,True,False,449
main,main,Ward,10,17,-1,2,-22.477721676146288,-43.171188651940241,True,False,234
main,main,Ward,10,17,-1,3,-22.863880587643933,-43.293361690478037,True,False,1322
main,main,Ward,10,17,-1,4,-22.648963332494652,-43.236452534243284,True,False,179
main,main,Ward,10,17,-1,5,-22.826404505403953,-43.027799564629881,True,False,403
main,main,Ward,10,17,-1,6,-22.895021264427289,-43.5764048572739,True,False,547
main,main,Ward,10,17,-1,7,-22.863056039660759,-43.433979637878259,True,False,510
main,main,Ward,10,17,-1,8,-22.940116324134777,-43.205281083443417,True,False,2652
main,main,Ward,10,17,-1,9,-22.742110151578466,-43.468487893902875,True,False,447
main,main,Ward,10,17,-1,10,-22.930565608059606,-42.879336558738764,True,False,131
main,main,Ward,10,17,-1,11,-22.680732390250657,-43.635153196939278,True,False,144
main,main,Ward,10,17,-1,12,-22.871338940979847,-43.787009249444992,True,False,46
main,main,Ward,10,17,-1,13,-22.971312774234274,-43.380342344581841,True,False,1326
main,main,Ward,10,17,-1,14,-22.605911571929401,-43.03476983869264,True,False,69
main,main,Ward,10,17,-1,15,-22.904704798131839,-43.08831804644106,True,False,822
main,main,Ward,10,17,-1,16,-22.946875815274101,-43.65190639468274,True,False,315
main,main,Ward,5,42,-1,0,-22.824600105899599,-43.048427236673078,True,False,200
main,main,Ward,5,42,-1,1,-22.656246347439087,-43.27948977364278,True,False,108
main,main,Ward,5,42,-1,2,-22.741544326206462,-43.453348049195128,True,False,306
main,main,Ward,5,42,-1,3,-22.754378060239823,-43.312303542974817,True,False,149
main,main,Ward,5,42,-1,4,-22.972367838634863,-43.629695425569054,True,False,90
main,main,Ward,5,42,-1,5,-22.853618101891577,-43.405331585656384,True,False,160
main,main,Ward,5,42,-1,6,-22.926775634622295,-43.038766083138974,True,False,199
main,main,Ward,5,42,-1,7,-22.70333513774894,-43.577070268615579,True,False,71
main,main,Ward,5,42,-1,8,-22.749128477164554,-42.873321839684735,True,False,56
main,main,Ward,5,42,-1,9,-22.657802066701684,-43.694077906832895,True,False,69
main,main,Ward,5,42,-1,10,-22.921638738430705,-42.826927034912273,True,False,62
main,main,Ward,5,42,-1,11,-22.712854232902529,-42.650556944283331,True,False,34
main,main,Ward,5,42,-1,12,-22.805994334793315,-43.618740975954807,True,False,26
main,main,Ward,5,42,-1,13,-22.829677602179295,-42.990381926970123,True,False,168
main,main,Ward,5,42,-1,14,-22.900440386853802,-43.596654630324615,True,False,278
main,main,Ward,5,42,-1,15,-22.38851673346527,-43.12987913902451,True,False,61
main,main,Ward,5,42,-1,16,-22.633836042236588,-43.055495901078793,True,False,42
main,main,Ward,5,42,-1,17,-22.896728551848923,-43.545728660250944,True,False,293
main,main,Ward,5,42,-1,18,-22.625030308414221,-43.196732622244028,True,False,55
main,main,Ward,5,42,-1,19,-22.884617734747955,-43.275655666682589,True,False,512
main,main,Ward,5,42,-1,20,-22.87459118477344,-43.349468991699098,True,False,375
main,main,Ward,5,42,-1,21,-22.509175442062713,-43.185754433950997,True,False,173
main,main,Ward,5,42,-1,22,-22.806662142475478,-43.193910955041872,True,False,147
main,main,Ward,5,42,-1,23,-22.968435773367133,-43.19907425863218,True,False,1022
main,main,Ward,5,42,-1,24,-22.938360902665131,-42.925102621798537,True,False,69
main,main,Ward,5,42,-1,25,-22.873849703297324,-43.46674287992208,True,False,186
main,main,Ward,5,42,-1,26,-22.871338940979847,-43.787009249444992,True,False,46
main,main,Ward,5,42,-1,27,-22.948659468379031,-43.374993566177665,True,False,647
main,main,Ward,5,42,-1,28,-22.743986613271346,-43.518696562576551,True,False,105
main,main,Ward,5,42,-1,29,-22.996363513578345,-43.324883091353684,True,False,311
main,main,Ward,5,42,-1,30,-22.897646262280745,-43.104165398199129,True,False,644
main,main,Ward,5,42,-1,31,-22.741828005739873,-43.396837059723204,True,False,82
main,main,Ward,5,42,-1,32,-23.008198880782512,-43.463494046914349,True,False,396
main,main,Ward,5,42,-1,33,-22.530351240509944,-42.978687552235982,True,False,21
main,main,Ward,5,42,-1,34,-22.789016267278946,-43.366744378660933,True,False,131
main,main,Ward,5,42,-1,35,-22.920458150400179,-43.181978527144153,True,False,782
main,main,Ward,5,42,-1,36,-22.794057193146486,-43.421643197817986,True,False,184
main,main,Ward,5,42,-1,37,-22.470849051492323,-42.657121037845286,True,False,19
main,main,Ward,5,42,-1,38,-22.680563237028309,-43.141180011289059,True,False,22
main,main,Ward,5,42,-1,39,-22.918012945849114,-43.677054351447829,True,False,163
main,main,Ward,5,42,-1,40,-22.919538850956151,-43.234201862033323,True,False,868
main,main,Ward,5,42,-1,41,-22.834655528674787,-43.306620505910615,True,False,359
main,main,Ward,3,80,-1,0,-22.920458150400179,-43.181978527144153,True,False,667
main,main,Ward,3,80,-1,1,-22.668831470560381,-43.274580849881126,True,False,78
main,main,Ward,3,80,-1,2,-22.716162568431741,-42.647824133979,True,False,33
main,main,Ward,3,80,-1,3,-22.892032654019413,-43.028164956705382,True,False,70
main,main,Ward,3,80,-1,4,-22.710066321119335,-43.453021475104904,True,False,87
main,main,Ward,3,80,-1,5,-22.832210396766957,-43.068406984842085,True,False,118
main,main,Ward,3,80,-1,6,-22.920741172948219,-42.831043523869667,True,False,60
main,main,Ward,3,80,-1,7,-22.73515605918935,-43.324036959471201,True,False,63
main,main,Ward,3,80,-1,8,-22.743473176944697,-42.857793862639475,True,False,42
main,main,Ward,3,80,-1,9,-22.930788192088666,-42.905103403661343,True,False,47
main,main,Ward,3,80,-1,10,-22.966904402216176,-43.584284791873763,True,False,65
main,main,Ward,3,80,-1,11,-22.814878991099711,-42.968378331558576,True,False,51
main,main,Ward,3,80,-1,12,-22.997452121501432,-43.285298459542688,True,False,72
main,main,Ward,3,80,-1,13,-22.624109639675027,-43.690481055374008,True,False,49
main,main,Ward,3,80,-1,14,-22.86857060471797,-43.47794403375201,True,False,94
main,main,Ward,3,80,-1,15,-22.741828005739873,-43.396837059723204,True,False,74
main,main,Ward,3,80,-1,16,-22.887100005031357,-43.110091710265905,True,False,261
main,main,Ward,3,80,-1,17,-22.729567827416059,-43.522820207009971,True,False,43
main,main,Ward,3,80,-1,18,-22.680563237028309,-43.141180011289059,True,False,22
main,main,Ward,3,80,-1,19,-22.919538850956151,-43.234201862033323,True,False,819
main,main,Ward,3,80,-1,20,-22.815410320701268,-43.024300748318019,True,False,105
main,main,Ward,3,80,-1,21,-22.777031113268073,-43.359573608724197,True,False,64
main,main,Ward,3,80,-1,22,-22.771653529538348,-43.301758320554008,True,False,94
main,main,Ward,3,80,-1,23,-22.880343939757712,-43.35087161145993,True,False,257
main,main,Ward,3,80,-1,24,-22.42005740210417,-43.141178883214565,True,False,36
main,main,Ward,3,80,-1,25,-22.888627332918837,-43.300339939103395,True,False,136
main,main,Ward,3,80,-1,26,-22.618128525599097,-43.180181240546233,True,False,37
main,main,Ward,3,80,-1,27,-22.838741751465548,-43.003859129159679,True,False,89
main,main,Ward,3,80,-1,28,-22.895327245032156,-43.582795704781148,True,False,225
main,main,Ward,3,80,-1,29,-22.924647384504901,-43.37729918704423,True,False,270
main,main,Ward,3,80,-1,30,-22.752923689108346,-43.444934496098981,True,False,173
main,main,Ward,3,80,-1,31,-22.979503836728174,-43.214603058323796,True,False,485
main,main,Ward,3,80,-1,32,-22.979971085586023,-43.395271814020276,True,False,267
main,main,Ward,3,80,-1,33,-22.800132931868745,-43.373395527587768,True,False,71
main,main,Ward,3,80,-1,34,-22.884268143158806,-43.623894386849798,True,False,26
main,main,Ward,3,80,-1,35,-22.515764701238233,-43.193549637703789,True,False,126
main,main,Ward,3,80,-1,36,-22.794057193146486,-43.421643197817986,True,False,138
main,main,Ward,3,80,-1,37,-22.920530355077055,-43.626816463503133,True,False,79
main,main,Ward,3,80,-1,38,-22.876764147264918,-43.543065318074198,True,False,134
main,main,Ward,3,80,-1,39,-22.918012945849114,-43.677054351447829,True,False,121
main,main,Ward,3,80,-1,40,-22.64654045037916,-43.055433287667533,True,False,38
main,main,Ward,3,80,-1,41,-22.834655528674787,-43.306620505910615,True,False,251
main,main,Ward,3,80,-1,42,-22.866455816256806,-43.773656206532017,True,False,35
main,main,Ward,3,80,-1,43,-22.714040918851609,-43.56451440044021,True,False,50
main,main,Ward,3,80,-1,44,-22.602759574173632,-43.300352699629869,True,False,20
main,main,Ward,3,80,-1,45,-22.806662142475478,-43.193910955041872,True,False,147
main,main,Ward,3,80,-1,46,-22.982014002085783,-43.640255287927204,True,False,30
main,main,Ward,3,80,-1,47,-22.740348512916984,-43.702890192907162,True,False,20
main,main,Ward,3,80,-1,48,-22.883395302040888,-43.415484534800527,True,False,79
main,main,Ward,3,80,-1,49,-22.678354981842698,-43.606367294358101,True,False,21
main,main,Ward,3,80,-1,50,-22.268892739670068,-43.076812591215528,True,False,5
main,main,Ward,3,80,-1,51,-22.94479051345342,-43.044262963511954,True,False,135
main,main,Ward,3,80,-1,52,-22.855505345283191,-43.261326078749306,True,False,222
main,main,Ward,3,80,-1,53,-22.766094377824121,-42.919905770820542,True,False,14
main,main,Ward,3,80,-1,54,-22.948565702905171,-42.703432366189951,True,False,2
main,main,Ward,3,80,-1,55,-22.603679160438642,-42.740739684326293,True,False,1
main,main,Ward,3,80,-1,56,-22.82288096978629,-43.408154842519224,True,False,74
main,main,Ward,3,80,-1,57,-22.811564417819163,-43.586841989644981,True,False,13
main,main,Ward,3,80,-1,58,-22.573490103559394,-43.055793314782285,True,False,8
main,main,Ward,3,80,-1,59,-22.639178963185213,-43.230662954724487,True,False,24
main,main,Ward,3,80,-1,60,-22.959813190454121,-43.186976535795516,True,False,652
main,main,Ward,3,80,-1,61,-22.749907479796651,-43.478889782619682,True,False,61
main,main,Ward,3,80,-1,62,-22.953190794210705,-42.964267757317188,True,False,24
main,main,Ward,3,80,-1,63,-22.915919142301757,-43.548288772110745,True,False,119
main,main,Ward,3,80,-1,64,-22.90100995289751,-43.275712969030565,True,False,305
main,main,Ward,3,80,-1,65,-23.008198880782512,-43.463494046914349,True,False,263
main,main,Ward,3,80,-1,66,-22.800852719692529,-43.648186194086961,True,False,13
main,main,Ward,3,80,-1,67,-22.530351240509944,-42.978687552235982,True,False,17
main,main,Ward,3,80,-1,68,-22.886876156007695,-43.829496204168073,True,False,11
main,main,Ward,3,80,-1,69,-22.97393304015122,-43.692431028413075,True,False,42
main,main,Ward,3,80,-1,70,-22.845737523055476,-43.342433976961182,True,False,64
main,main,Ward,3,80,-1,71,-22.9960347095526,-43.336839265859858,True,False,193
main,main,Ward,3,80,-1,72,-22.940567353195906,-43.342607415811742,True,False,298
main,main,Ward,3,80,-1,73,-22.361649528364033,-43.122806236434656,True,False,20
main,main,Ward,3,80,-1,74,-22.760968738834247,-43.513839825799423,True,False,54
main,main,Ward,3,80,-1,75,-22.470849051492323,-42.657121037845286,True,False,19
main,main,Ward,3,80,-1,76,-22.483194934456399,-43.15501905915427,True,False,47
main,main,Ward,3,80,-1,77,-22.853303163972491,-43.385780614426317,True,False,85
main,main,Ward,3,80,-1,78,-22.880367108950853,-43.452914294946844,True,False,87
main,main,Ward,3,80,-1,79,-22.904889875812568,-43.100094957542744,True,False,380
main,main,Complete,10,19,-1,0,-22.664492499235369,-43.25407294441154,True,False,214
main,main,Complete,10,19,-1,1,-22.739215316531688,-43.465560285917768,True,False,590
main,main,Complete,10,19,-1,2,-22.843578853226688,-43.287982451133523,True,False,1263
main,main,Complete,10,19,-1,3,-22.908561260580157,-43.599892987564907,True,False,825
main,main,Complete,10,19,-1,4,-22.881195280960426,-43.070147484904702,True,False,1180
main,main,Complete,10,19,-1,5,-22.942762636933708,-43.360828437680375,True,False,1092
main,main,Complete,10,19,-1,6,-22.712994863518411,-42.659214105229829,True,False,34
main,main,Complete,10,19,-1,7,-22.930290797451278,-42.882022118930351,True,False,135
main,main,Complete,10,19,-1,8,-22.38851673346527,-43.12987913902451,True,False,61
main,main,Complete,10,19,-1,9,-22.605911571929401,-43.03476983869264,True,False,75
main,main,Complete,10,19,-1,10,-22.871338940979847,-43.787009249444992,True,False,67
main,main,Complete,10,19,-1,11,-22.948565702905171,-42.703432366189951,True,False,2
main,main,Complete,10,19,-1,12,-22.662597746901252,-43.673612097255443,True,False,100
main,main,Complete,10,19,-1,13,-23.00800408760573,-43.468615367200911,True,False,396
main,main,Complete,10,19,-1,14,-22.470849051492323,-42.657121037845286,True,False,19
main,main,Complete,10,19,-1,15,-22.750378213948856,-42.875800950735282,True,False,81
main,main,Complete,10,19,-1,16,-22.843810467427851,-43.429582668090632,True,False,644
main,main,Complete,10,19,-1,17,-22.509175442062713,-43.185754433950997,True,False,178
main,main,Complete,10,19,-1,18,-22.939977086135006,-43.207048742955493,True,False,2735
main,main,Complete,5,46,-1,0,-22.876750096761718,-43.451168228904386,True,False,244
main,main,Complete,5,46,-1,1,-22.846636504521548,-43.621416785457981,True,False,35
main,main,Complete,5,46,-1,2,-22.926775634622295,-43.038766083138974,True,False,199
main,main,Complete,5,46,-1,3,-22.976212889918695,-43.358516686575712,True,False,683
main,main,Complete,5,46,-1,4,-22.733259896366917,-43.45795304888528,True,False,247
main,main,Complete,5,46,-1,5,-22.633836042236588,-43.055495901078793,True,False,42
main,main,Complete,5,46,-1,6,-22.877115461373247,-43.278632640408112,True,False,666
main,main,Complete,5,46,-1,7,-22.813332518578026,-43.409610263067293,True,False,257
main,main,Complete,5,46,-1,8,-22.827497006625745,-43.001411114104442,True,False,208
main,main,Complete,5,46,-1,9,-22.736923911666874,-43.528833134957409,True,False,148
main,main,Complete,5,46,-1,10,-22.961647402469954,-43.196436795203816,True,False,1428
main,main,Complete,5,46,-1,11,-22.625030308414221,-43.196732622244028,True,False,55
main,main,Complete,5,46,-1,12,-22.89483986291695,-43.558754301177224,True,False,420
main,main,Complete,5,46,-1,13,-23.00800408760573,-43.468615367200911,True,False,280
main,main,Complete,5,46,-1,14,-22.901783388099993,-43.363660518615667,True,False,693
main,main,Complete,5,46,-1,15,-22.750378213948856,-42.875800950735282,True,False,54
main,main,Complete,5,46,-1,16,-22.924184089925554,-43.609217414786855,True,False,200
main,main,Complete,5,46,-1,17,-22.823586966739782,-43.058378721043198,True,False,165
main,main,Complete,5,46,-1,18,-22.897110352008731,-43.103965130996556,True,False,637
main,main,Complete,5,46,-1,19,-22.747935273103895,-43.416682533313683,True,False,193
main,main,Complete,5,46,-1,20,-22.9650931119467,-43.668578444008268,True,False,104
main,main,Complete,5,46,-1,21,-22.871338940979847,-43.787009249444992,True,False,46
main,main,Complete,5,46,-1,22,-22.820676503971981,-43.334173264508166,True,False,374
main,main,Complete,5,46,-1,23,-22.948565702905171,-42.703432366189951,True,False,2
main,main,Complete,5,46,-1,24,-22.268892739670068,-43.076812591215528,True,False,5
main,main,Complete,5,46,-1,25,-22.730260428068107,-42.747482167139246,True,False,8
main,main,Complete,5,46,-1,26,-22.936509473564342,-42.945115198886349,True,False,51
main,main,Complete,5,46,-1,27,-22.602759574173632,-43.300352699629869,True,False,20
main,main,Complete,5,46,-1,28,-22.806662142475478,-43.193910955041872,True,False,147
main,main,Complete,5,46,-1,29,-22.470849051492323,-42.657121037845286,True,False,19
main,main,Complete,5,46,-1,30,-22.530351240509944,-42.978687552235982,True,False,21
main,main,Complete,5,46,-1,31,-22.711927870432564,-42.63004113951235,True,False,27
main,main,Complete,5,46,-1,32,-22.42005740210417,-43.141178883214565,True,False,36
main,main,Complete,5,46,-1,33,-22.680563237028309,-43.141180011289059,True,False,22
main,main,Complete,5,46,-1,34,-22.740348512916984,-43.702890192907162,True,False,22
main,main,Complete,5,46,-1,35,-22.509175442062713,-43.185754433950997,True,False,173
main,main,Complete,5,46,-1,36,-22.603679160438642,-42.740739684326293,True,False,1
main,main,Complete,5,46,-1,37,-22.624109639675027,-43.690481055374008,True,False,49
main,main,Complete,5,46,-1,38,-22.678354981842698,-43.606367294358101,True,False,28
main,main,Complete,5,46,-1,39,-22.926811300102301,-42.846720038478779,True,False,80
main,main,Complete,5,46,-1,40,-22.915347839471757,-43.219109678048142,True,False,1238
main,main,Complete,5,46,-1,41,-22.665512837454028,-43.271350468799,True,False,84
main,main,Complete,5,46,-1,42,-22.723931941217639,-43.323062568461758,True,False,62
main,main,Complete,5,46,-1,43,-22.91096056802483,-43.681811013252734,True,False,89
main,main,Complete,5,46,-1,44,-22.7650753719,-43.300240619581658,True,False,109
main,main,Complete,5,46,-1,45,-22.361649528364033,-43.122806236434656,True,False,20
main,main,Complete,3,88,-1,0,-22.892032654019413,-43.028164956705382,True,False,70
main,main,Complete,3,88,-1,1,-22.624109639675027,-43.690481055374008,True,False,49
main,main,Complete,3,88,-1,2,-22.817213204292489,-42.963146353479331,True,False,39
main,main,Complete,3,88,-1,3,-22.639312812336271,-43.221062133767575,True,False,24
main,main,Complete,3,88,-1,4,-22.833455158014559,-43.396250322025153,True,False,107
main,main,Complete,3,88,-1,5,-22.978378666776944,-43.229626503481278,True,False,322
main,main,Complete,3,88,-1,6,-22.751941704500872,-43.427837174735885,True,False,130
main,main,Complete,3,88,-1,7,-22.680563237028309,-43.141180011289059,True,False,22
main,main,Complete,3,88,-1,8,-22.902270943721057,-43.106006079242398,True,False,530
main,main,Complete,3,88,-1,9,-22.738390089617603,-43.458324219010272,True,False,147
main,main,Complete,3,88,-1,10,-22.744877556592513,-42.860364263705435,True,False,40
main,main,Complete,3,88,-1,11,-22.979971085586023,-43.395271814020276,True,False,267
main,main,Complete,3,88,-1,12,-22.958233291620051,-43.680060804581672,True,False,74
main,main,Complete,3,88,-1,13,-22.837279276085603,-43.321388553616899,True,False,285
main,main,Complete,3,88,-1,14,-22.839383922984599,-43.017774884312928,True,False,83
main,main,Complete,3,88,-1,15,-23.005012045118427,-43.333698505060909,True,False,228
main,main,Complete,3,88,-1,16,-22.61291182023793,-43.176089400345248,True,False,37
main,main,Complete,3,88,-1,17,-22.953190794210705,-42.964267757317188,True,False,24
main,main,Complete,3,88,-1,18,-22.880343939757712,-43.35087161145993,True,False,313
main,main,Complete,3,88,-1,19,-22.945950911491206,-43.339840493901157,True,False,252
main,main,Complete,3,88,-1,20,-22.518253030691497,-43.194481731769194,True,False,126
main,main,Complete,3,88,-1,21,-22.7650753719,-43.300240619581658,True,False,81
main,main,Complete,3,88,-1,22,-22.361649528364033,-43.122806236434656,True,False,20
main,main,Complete,3,88,-1,23,-22.686318628123189,-43.454556842241537,True,False,54
main,main,Complete,3,88,-1,24,-22.94479051345342,-43.044262963511954,True,False,135
main,main,Complete,3,88,-1,25,-22.727959528523488,-43.326086794664413,True,False,49
main,main,Complete,3,88,-1,26,-23.008198880782512,-43.463494046914349,True,False,263
main,main,Complete,3,88,-1,27,-22.602759574173632,-43.300352699629869,True,False,20
main,main,Complete,3,88,-1,28,-22.806662142475478,-43.193910955041872,True,False,147
main,main,Complete,3,88,-1,29,-22.924647384504901,-43.37729918704423,True,False,316
main,main,Complete,3,88,-1,30,-22.766094377824121,-42.919905770820542,True,False,14
main,main,Complete,3,88,-1,31,-22.764907051877373,-43.533364584974585,True,False,26
main,main,Complete,3,88,-1,32,-22.876764147264918,-43.543065318074198,True,False,134
main,main,Complete,3,88,-1,33,-22.982014002085783,-43.640255287927204,True,False,30
main,main,Complete,3,88,-1,34,-22.920789607710311,-43.236616511125092,True,False,849
main,main,Complete,3,88,-1,35,-22.781488502285271,-43.337041429203019,True,False,45
main,main,Complete,3,88,-1,36,-22.817632642891557,-43.001457818095872,True,False,60
main,main,Complete,3,88,-1,37,-22.917310266824234,-42.832852038446227,True,False,54
main,main,Complete,3,88,-1,38,-22.678354981842698,-43.606367294358101,True,False,21
main,main,Complete,3,88,-1,39,-22.919102878107278,-42.925129920523744,True,False,23
main,main,Complete,3,88,-1,40,-22.903767180138839,-43.291338021697328,True,False,239
main,main,Complete,3,88,-1,41,-22.665512837454028,-43.271350468799,True,False,76
main,main,Complete,3,88,-1,42,-22.906661082386037,-43.191163319509343,True,False,412
main,main,Complete,3,88,-1,43,-22.91096056802483,-43.681811013252734,True,False,89
main,main,Complete,3,88,-1,44,-22.891978555732596,-43.578487757191304,True,False,191
main,main,Complete,3,88,-1,45,-22.419344981865756,-43.13570516359448,True,False,33
main,main,Complete,3,88,-1,46,-22.870854100495723,-43.476790586516522,True,False,110
main,main,Complete,3,88,-1,47,-22.948565702905171,-42.703432366189951,True,False,2
main,main,Complete,3,88,-1,48,-22.884268143158806,-43.623894386849798,True,False,26
main,main,Complete,3,88,-1,49,-22.268892739670068,-43.076812591215528,True,False,5
main,main,Complete,3,88,-1,50,-22.830389841084337,-43.069655693930692,True,False,110
main,main,Complete,3,88,-1,51,-22.811564417819163,-43.586841989644981,True,False,13
main,main,Complete,3,88,-1,52,-22.886876156007695,-43.829496204168073,True,False,11
main,main,Complete,3,88,-1,53,-22.573490103559394,-43.055793314782285,True,False,8
main,main,Complete,3,88,-1,54,-22.793066146002658,-43.423065632259721,True,False,156
main,main,Complete,3,88,-1,55,-22.65032705215399,-43.062563831244553,True,False,33
main,main,Complete,3,88,-1,56,-22.913942404204228,-43.613431231690193,True,False,113
main,main,Complete,3,88,-1,57,-22.841733460709388,-43.270684897600951,True,False,189
main,main,Complete,3,88,-1,58,-22.734157057811878,-43.378321449398321,True,False,46
main,main,Complete,3,88,-1,59,-23.004990522576701,-43.547845204575459,True,False,17
main,main,Complete,3,88,-1,60,-22.470849051492323,-42.657121037845286,True,False,19
main,main,Complete,3,88,-1,61,-22.530351240509944,-42.978687552235982,True,False,17
main,main,Complete,3,88,-1,62,-22.808280499464548,-43.033005532046332,True,False,63
main,main,Complete,3,88,-1,63,-22.711927870432564,-42.63004113951235,True,False,27
main,main,Complete,3,88,-1,64,-22.941986617987499,-42.885911325001551,True,False,24
main,main,Complete,3,88,-1,65,-22.866455816256806,-43.773656206532017,True,False,35
main,main,Complete,3,88,-1,66,-22.714040918851609,-43.56451440044021,True,False,49
main,main,Complete,3,88,-1,67,-22.484839778930247,-43.16235784831072,True,False,47
main,main,Complete,3,88,-1,68,-22.735218709428018,-42.727847609078914,True,False,6
main,main,Complete,3,88,-1,69,-22.740348512916984,-43.702890192907162,True,False,20
main,main,Complete,3,88,-1,70,-22.880981241899637,-43.272812844445419,True,False,196
main,main,Complete,3,88,-1,71,-22.800852719692529,-43.648186194086961,True,False,13
main,main,Complete,3,88,-1,72,-22.970429462021304,-43.190057265727511,True,False,558
main,main,Complete,3,88,-1,73,-22.603679160438642,-42.740739684326293,True,False,1
main,main,Complete,3,88,-1,74,-22.715385583988368,-42.806385841320242,True,False,2
main,main,Complete,3,88,-1,75,-22.915919142301757,-43.548288772110745,True,False,119
main,main,Complete,3,88,-1,76,-22.874126204046274,-43.094875193431058,True,False,119
main,main,Complete,3,88,-1,77,-22.700773314209002,-43.305673267796543,True,False,9
main,main,Complete,3,88,-1,78,-22.718837798488849,-43.517339942148439,True,False,36
main,main,Complete,3,88,-1,79,-22.953415567921823,-43.59719047904192,True,False,48
main,main,Complete,3,88,-1,80,-22.753282200826433,-43.499802719640229,True,False,69
main,main,Complete,3,88,-1,81,-22.883395302040888,-43.415484534800527,True,False,79
main,main,Complete,3,88,-1,82,-22.951619328064115,-42.814766892680694,True,False,6
main,main,Complete,3,88,-1,83,-22.427894024726776,-43.201389799035411,True,False,3
main,main,Complete,3,88,-1,84,-22.621548878665244,-43.0083717000592,True,False,5
main,main,Complete,3,88,-1,85,-22.789874649386793,-43.374342338335687,True,False,101
main,main,Complete,3,88,-1,86,-22.879195702143271,-43.448811588153497,True,False,71
main,main,Complete,3,88,-1,87,-22.940259204709282,-43.183004146460007,True,False,560
main,main,Average,10,24,-1,0,-22.762783928006321,-43.415443067004823,True,False,851
main,main,Average,10,24,-1,1,-22.778214451704613,-43.655249702234499,True,False,53
main,main,Average,10,24,-1,2,-22.881195280960426,-43.070147484904702,True,False,1182
main,main,Average,10,24,-1,3,-22.64895366408097,-43.083217230852696,True,False,66
main,main,Average,10,24,-1,4,-22.911755069142067,-43.599302617700893,True,False,775
main,main,Average,10,24,-1,5,-22.399197447196986,-43.134617223650316,True,False,56
main,main,Average,10,24,-1,6,-22.930290797451278,-42.882022118930351,True,False,135
main,main,Average,10,24,-1,7,-22.96249364148683,-43.360461528478709,True,False,1022
main,main,Average,10,24,-1,8,-22.716162568431741,-42.647824133979,True,False,33
main,main,Average,10,24,-1,9,-22.871338940979847,-43.787009249444992,True,False,67
main,main,Average,10,24,-1,10,-22.670712873836152,-43.623768827869043,True,False,131
main,main,Average,10,24,-1,11,-22.869277378709704,-43.308575915386406,True,False,1286
main,main,Average,10,24,-1,12,-22.749128477164554,-42.873321839684735,True,False,79
main,main,Average,10,24,-1,13,-22.644775393339586,-43.249079013189025,True,False,166
main,main,Average,10,24,-1,14,-22.948565702905171,-42.703432366189951,True,False,2
main,main,Average,10,24,-1,15,-22.470849051492323,-42.657121037845286,True,False,19
main,main,Average,10,24,-1,16,-22.530351240509944,-42.978687552235982,True,False,21
main,main,Average,10,24,-1,17,-23.00800408760573,-43.468615367200911,True,False,280
main,main,Average,10,24,-1,18,-22.603679160438642,-42.740739684326293,True,False,1
main,main,Average,10,24,-1,19,-22.876750096761718,-43.451168228904386,True,False,390
main,main,Average,10,24,-1,20,-22.806662142475478,-43.193910955041872,True,False,194
main,main,Average,10,24,-1,21,-22.509175442062713,-43.185754433950997,True,False,177
main,main,Average,10,24,-1,22,-22.940116324134777,-43.205281083443417,True,False,2700
main,main,Average,10,24,-1,23,-22.268892739670068,-43.076812591215528,True,False,5
main,main,Average,5,53,-1,0,-22.807342096925872,-43.61860317094785,True,False,26
main,main,Average,5,53,-1,1,-22.798344831594228,-43.398873832167403,True,False,315
main,main,Average,5,53,-1,2,-22.624109639675027,-43.690481055374008,True,False,49
main,main,Average,5,53,-1,3,-22.856591280460094,-43.335800153755926,True,False,675
main,main,Average,5,53,-1,4,-22.915202071742826,-43.653416228057992,True,False,221
main,main,Average,5,53,-1,5,-22.743473176944697,-42.857793862639475,True,False,42
main,main,Average,5,53,-1,6,-22.680563237028309,-43.141180011289059,True,False,22
main,main,Average,5,53,-1,7,-22.70333513774894,-43.577070268615579,True,False,71
main,main,Average,5,53,-1,8,-22.949760884511406,-43.372064085409733,True,False,665
main,main,Average,5,53,-1,9,-22.73676584478331,-43.368888962119996,True,False,107
main,main,Average,5,53,-1,10,-22.746590003459527,-43.513760876262083,True,False,115
main,main,Average,5,53,-1,11,-22.826495170966801,-42.998756441063698,True,False,176
main,main,Average,5,53,-1,12,-22.964414965677193,-43.613753867074713,True,False,71
main,main,Average,5,53,-1,13,-22.930788192088666,-42.905103403661343,True,False,47
main,main,Average,5,53,-1,14,-22.920741172948219,-42.831043523869667,True,False,60
main,main,Average,5,53,-1,15,-23.008198880782512,-43.463494046914349,True,False,379
main,main,Average,5,53,-1,16,-22.602759574173632,-43.300352699629869,True,False,20
main,main,Average,5,53,-1,17,-22.625030308414221,-43.196732622244028,True,False,55
main,main,Average,5,53,-1,18,-22.897100441053226,-43.101091823419019,True,False,645
main,main,Average,5,53,-1,19,-22.876750096761718,-43.451168228904386,True,False,261
main,main,Average,5,53,-1,20,-22.871338940979847,-43.787009249444992,True,False,46
main,main,Average,5,53,-1,21,-22.509175442062713,-43.185754433950997,True,False,173
main,main,Average,5,53,-1,22,-22.64654045037916,-43.055433287667533,True,False,38
main,main,Average,5,53,-1,23,-22.824953870583247,-43.058328293257091,True,False,175
main,main,Average,5,53,-1,24,-22.740669459267647,-43.451477813645887,True,False,301
main,main,Average,5,53,-1,25,-22.740348512916984,-43.702890192907162,True,False,20
main,main,Average,5,53,-1,26,-22.920351279554374,-43.209390438435221,True,False,1447
main,main,Average,5,53,-1,27,-22.896068940899603,-43.563176536860347,True,False,478
main,main,Average,5,53,-1,28,-22.987835696797166,-43.263538131231641,True,False,134
main,main,Average,5,53,-1,29,-22.948565702905171,-42.703432366189951,True,False,2
main,main,Average,5,53,-1,30,-22.663299180487801,-43.421906498879927,True,False,16
main,main,Average,5,53,-1,31,-22.735218709428018,-42.727847609078914,True,False,6
main,main,Average,5,53,-1,32,-22.470849051492323,-42.657121037845286,True,False,19
main,main,Average,5,53,-1,33,-22.530351240509944,-42.978687552235982,True,False,17
main,main,Average,5,53,-1,34,-22.768238047172815,-43.30335778551661,True,False,138
main,main,Average,5,53,-1,35,-22.711927870432564,-42.63004113951235,True,False,27
main,main,Average,5,53,-1,36,-22.427894024726776,-43.201389799035411,True,False,3
main,main,Average,5,53,-1,37,-22.603679160438642,-42.740739684326293,True,False,1
main,main,Average,5,53,-1,38,-22.668831470560381,-43.274580849881126,True,False,91
main,main,Average,5,53,-1,39,-22.884617734747955,-43.275655666682589,True,False,695
main,main,Average,5,53,-1,40,-23.004990522576701,-43.547845204575459,True,False,17
main,main,Average,5,53,-1,41,-22.806662142475478,-43.193910955041872,True,False,147
main,main,Average,5,53,-1,42,-22.573490103559394,-43.055793314782285,True,False,8
main,main,Average,5,53,-1,43,-22.411304234215557,-43.131265272844452,True,False,39
main,main,Average,5,53,-1,44,-22.886855944516643,-43.005794645415222,True,False,56
main,main,Average,5,53,-1,45,-22.97393304015122,-43.692431028413075,True,False,54
main,main,Average,5,53,-1,46,-22.766094377824121,-42.919905770820542,True,False,15
main,main,Average,5,53,-1,47,-22.268892739670068,-43.076812591215528,True,False,5
main,main,Average,5,53,-1,48,-23.005012045118427,-43.333698505060909,True,False,280
main,main,Average,5,53,-1,49,-22.94479051345342,-43.044262963511954,True,False,156
main,main,Average,5,53,-1,50,-22.953190794210705,-42.964267757317188,True,False,24
main,main,Average,5,53,-1,51,-22.338529289758171,-43.128998839499978,True,False,14
main,main,Average,5,53,-1,52,-22.969249663260854,-43.199223964165078,True,False,1027
main,main,Average,3,99,-1,0,-22.911962873963198,-43.626176104913498,True,False,105
main,main,Average,3,99,-1,1,-22.945950911491206,-43.339840493901157,True,False,250
main,main,Average,3,99,-1,2,-22.94479051345342,-43.044262963511954,True,False,135
main,main,Average,3,99,-1,3,-22.730127472336385,-43.33325011382766,True,False,52
main,main,Average,3,99,-1,4,-22.844499308675637,-43.369379217761626,True,False,134
main,main,Average,3,99,-1,5,-22.740348512916984,-43.702890192907162,True,False,20
main,main,Average,3,99,-1,6,-22.714578309681229,-43.452186256892183,True,False,102
main,main,Average,3,99,-1,7,-22.602759574173632,-43.300352699629869,True,False,20
main,main,Average,3,99,-1,8,-22.882666701535967,-43.423220247389423,True,False,113
main,main,Average,3,99,-1,9,-22.806662142475478,-43.193910955041872,True,False,147
main,main,Average,3,99,-1,10,-22.897780992185368,-43.282134834432327,True,False,365
main,main,Average,3,99,-1,11,-23.005012045118427,-43.333698505060909,True,False,228
main,main,Average,3,99,-1,12,-22.969249663260854,-43.199223964165078,True,False,927
main,main,Average,3,99,-1,13,-23.009910486693485,-43.461784124804304,True,False,248
main,main,Average,3,99,-1,14,-22.830746387120548,-43.067106202405562,True,False,110
main,main,Average,3,99,-1,15,-22.648290819567222,-43.189314242223304,True,False,6
main,main,Average,3,99,-1,16,-22.880343939757712,-43.35087161145993,True,False,288
main,main,Average,3,99,-1,17,-22.919538850956151,-43.234201862033323,True,False,859
main,main,Average,3,99,-1,18,-22.753335065862991,-43.45113390915737,True,False,175
main,main,Average,3,99,-1,19,-22.855505345283191,-43.261326078749306,True,False,236
main,main,Average,3,99,-1,20,-22.573490103559394,-43.055793314782285,True,False,8
main,main,Average,3,99,-1,21,-22.886855944516643,-43.005794645415222,True,False,34
main,main,Average,3,99,-1,22,-22.982014002085783,-43.640255287927204,True,False,30
main,main,Average,3,99,-1,23,-22.794057193146486,-43.421643197817986,True,False,142
main,main,Average,3,99,-1,24,-22.953190794210705,-42.964267757317188,True,False,24
main,main,Average,3,99,-1,25,-22.939143388801654,-42.895599847331738,True,False,35
main,main,Average,3,99,-1,26,-22.678354981842698,-43.606367294358101,True,False,21
main,main,Average,3,99,-1,27,-22.515382135921161,-43.192842169598201,True,False,138
main,main,Average,3,99,-1,28,-22.918012945849114,-43.677054351447829,True,False,121
main,main,Average,3,99,-1,29,-22.742113422587774,-43.397598034355489,True,False,78
main,main,Average,3,99,-1,30,-22.866455816256806,-43.773656206532017,True,False,35
main,main,Average,3,99,-1,31,-22.953415567921823,-43.59719047904192,True,False,48
main,main,Average,3,99,-1,32,-22.872201958397831,-43.472652051429463,True,False,147
main,main,Average,3,99,-1,33,-22.65032705215399,-43.062563831244553,True,False,33
main,main,Average,3,99,-1,34,-22.768238047172815,-43.30335778551661,True,False,98
main,main,Average,3,99,-1,35,-22.699640024057299,-43.159626162204205,True,False,10
main,main,Average,3,99,-1,36,-22.621548878665244,-43.0083717000592,True,False,5
main,main,Average,3,99,-1,37,-22.917310266824234,-42.832852038446227,True,False,54
main,main,Average,3,99,-1,38,-22.876764147264918,-43.543065318074198,True,False,134
main,main,Average,3,99,-1,39,-22.886876156007695,-43.829496204168073,True,False,11
main,main,Average,3,99,-1,40,-22.924647384504901,-43.37729918704423,True,False,301
main,main,Average,3,99,-1,41,-22.647299171382247,-43.652475254437554,True,False,14
main,main,Average,3,99,-1,42,-22.914461388938683,-43.552438681726713,True,False,135
main,main,Average,3,99,-1,43,-22.893455612432906,-43.584555987067461,True,False,209
main,main,Average,3,99,-1,44,-22.612625455388923,-43.177500709396675,True,False,34
main,main,Average,3,99,-1,45,-22.851281028255393,-43.007156569116788,True,False,45
main,main,Average,3,99,-1,46,-22.809970567122406,-42.952145281707914,True,False,31
main,main,Average,3,99,-1,47,-22.82288096978629,-43.408154842519224,True,False,78
main,main,Average,3,99,-1,48,-22.648354165856656,-43.278334650921408,True,False,37
main,main,Average,3,99,-1,49,-22.817723009399064,-43.002560455511578,True,False,96
main,main,Average,3,99,-1,50,-22.99599813649958,-43.261663703422506,True,False,124
main,main,Average,3,99,-1,51,-22.338529289758171,-43.128998839499978,True,False,10
main,main,Average,3,99,-1,52,-22.721819445826387,-43.519126429141586,True,False,43
main,main,Average,3,99,-1,53,-22.800852719692529,-43.648186194086961,True,False,13
main,main,Average,3,99,-1,54,-22.61483382699214,-43.705683375748585,True,False,35
main,main,Average,3,99,-1,55,-22.787222392364924,-43.366490627133629,True,False,120
main,main,Average,3,99,-1,56,-22.715385583988368,-42.806385841320242,True,False,2
main,main,Average,3,99,-1,57,-22.748505325894925,-42.857084502825032,True,False,36
main,main,Average,3,99,-1,58,-22.835874327404984,-43.308047770688411,True,False,264
main,main,Average,3,99,-1,59,-22.948565702905171,-42.703432366189951,True,False,2
main,main,Average,3,99,-1,60,-22.902095659081674,-43.108416801544237,True,False,497
main,main,Average,3,99,-1,61,-22.663299180487801,-43.421906498879927,True,False,8
main,main,Average,3,99,-1,62,-22.638468495840026,-43.229989542098018,True,False,21
main,main,Average,3,99,-1,63,-22.735218709428018,-42.727847609078914,True,False,6
main,main,Average,3,99,-1,64,-22.714040918851609,-43.56451440044021,True,False,49
main,main,Average,3,99,-1,65,-22.765111723156878,-43.559026201122336,True,False,10
main,main,Average,3,99,-1,66,-22.470849051492323,-42.657121037845286,True,False,19
main,main,Average,3,99,-1,67,-22.48074477987242,-43.153288031954148,True,False,35
main,main,Average,3,99,-1,68,-22.530351240509944,-42.978687552235982,True,False,17
main,main,Average,3,99,-1,69,-22.681384608681608,-43.264890100335776,True,False,40
main,main,Average,3,99,-1,70,-22.900742627193644,-43.05905218342383,True,False,69
main,main,Average,3,99,-1,71,-22.711927870432564,-42.63004113951235,True,False,27
main,main,Average,3,99,-1,72,-22.771488244315591,-42.917762514733433,True,False,12
main,main,Average,3,99,-1,73,-22.427894024726776,-43.201389799035411,True,False,3
main,main,Average,3,99,-1,74,-22.712227632870849,-42.889882111629021,True,False,4
main,main,Average,3,99,-1,75,-22.603679160438642,-42.740739684326293,True,False,1
main,main,Average,3,99,-1,76,-22.90641886834246,-42.932822109622698,True,False,12
main,main,Average,3,99,-1,77,-22.921233313815634,-43.1824532703789,True,False,782
main,main,Average,3,99,-1,78,-22.700773314209002,-43.305673267796543,True,False,8
main,main,Average,3,99,-1,79,-22.809507159817137,-43.034920535527839,True,False,65
main,main,Average,3,99,-1,80,-22.84103615023977,-43.615158045773711,True,False,1
main,main,Average,3,99,-1,81,-23.004990522576701,-43.547845204575459,True,False,17
main,main,Average,3,99,-1,82,-22.965542428723854,-43.388670665927215,True,False,166
main,main,Average,3,99,-1,83,-22.979900329721087,-43.49176475913368,True,False,15
main,main,Average,3,99,-1,84,-23.000618991095681,-43.404718284567252,True,False,116
main,main,Average,3,99,-1,85,-22.419344981865756,-43.13570516359448,True,False,33
main,main,Average,3,99,-1,86,-22.758529433576463,-43.506980692775358,True,False,76
main,main,Average,3,99,-1,87,-22.951619328064115,-42.814766892680694,True,False,6
main,main,Average,3,99,-1,88,-22.811564417819163,-43.586841989644981,True,False,12
main,main,Average,3,99,-1,89,-22.384769766969896,-43.11661363336934,True,False,10
main,main,Average,3,99,-1,90,-22.733731178875288,-42.932765307343267,True,False,2
main,main,Average,3,99,-1,91,-22.97393304015122,-43.692431028413075,True,False,42
main,main,Average,3,99,-1,92,-22.846988543411889,-42.949380940599774,True,False,8
main,main,Average,3,99,-1,93,-22.874126204046274,-43.094875193431058,True,False,119
main,main,Average,3,99,-1,94,-22.693682771791408,-43.109792735724447,True,False,2
main,main,Average,3,99,-1,95,-22.958246852875916,-43.270332932039771,True,False,10
main,main,Average,3,99,-1,96,-22.268892739670068,-43.076812591215528,True,False,5
main,main,Average,3,99,-1,97,-22.692331349282565,-43.531816681604255,True,False,1
main,main,Average,3,99,-1,98,-22.658862543046702,-43.129011315486821,True,False,10
main,main,P-Median,10,23,-1,0,-22.892631104117811,-43.286013573263183,True,False,486
main,main,P-Median,10,23,-1,1,-22.903244816618852,-43.107023598220486,True,False,822
main,main,P-Median,10,23,-1,2,-22.928999413639037,-43.18145032839962,True,False,814
main,main,P-Median,10,23,-1,3,-22.510230788197468,-43.175443874455112,True,False,255
main,main,P-Median,10,23,-1,4,-22.615933155012947,-43.179757198303761,True,False,183
main,main,P-Median,10,23,-1,5,-22.936910913712651,-43.360973350350811,True,False,649
main,main,P-Median,10,23,-1,6,-22.733077865046631,-43.449613878629101,True,False,521
main,main,P-Median,10,23,-1,7,-22.936255491866653,-43.661399065747545,True,False,332
main,main,P-Median,10,23,-1,8,-22.823169080056481,-43.020028236246667,True,False,426
main,main,P-Median,10,23,-1,9,-22.836828071243165,-43.30804460963914,True,False,416
main,main,P-Median,10,23,-1,10,-22.975419252327107,-43.192633652194793,True,False,1002
main,main,P-Median,10,23,-1,11,-22.87922054417216,-43.459310464937992,True,False,235
main,main,P-Median,10,23,-1,12,-22.916792143186889,-43.231550399129098,True,False,888
main,main,P-Median,10,23,-1,13,-22.919618105516072,-42.839789575585328,True,False,147
main,main,P-Median,10,23,-1,14,-23.012986504226461,-43.46551954103294,True,False,396
main,main,P-Median,10,23,-1,15,-23.003656668383979,-43.340758853213849,True,False,280
main,main,P-Median,10,23,-1,16,-22.809517664348768,-43.200203165434935,True,False,168
main,main,P-Median,10,23,-1,17,-22.755338688692213,-43.308531682770784,True,False,244
main,main,P-Median,10,23,-1,18,-22.711927870432564,-42.63004113951235,True,False,56
main,main,P-Median,10,23,-1,19,-22.882876782615799,-43.364174483570487,True,False,402
main,main,P-Median,10,23,-1,20,-22.805706631753832,-43.423079052406642,True,False,315
main,main,P-Median,10,23,-1,21,-22.61483382699214,-43.705683375748585,True,False,90
main,main,P-Median,10,23,-1,22,-22.898539335408451,-43.565421405163477,True,False,564
main,main,P-Median,5,55,-1,0,-22.954278207609654,-42.967118947552237,True,False,47
main,main,P-Median,5,55,-1,1,-22.870856012007138,-43.543848748962922,True,False,142
main,main,P-Median,5,55,-1,2,-22.936153909752679,-43.181832267833023,True,False,377
main,main,P-Median,5,55,-1,3,-22.520449848823919,-43.191012345952807,True,False,173
main,main,P-Median,5,55,-1,4,-22.879226893202649,-43.091571865721441,True,False,119
main,main,P-Median,5,55,-1,5,-22.934576022997884,-43.375788413326823,True,False,308
main,main,P-Median,5,55,-1,6,-22.755106324412701,-43.428583345303572,True,False,220
main,main,P-Median,5,55,-1,7,-22.922380751135307,-43.629510536912335,True,False,77
main,main,P-Median,5,55,-1,8,-22.822624306841355,-43.003093742121557,True,False,231
main,main,P-Median,5,55,-1,9,-22.837911776525178,-43.322271046058205,True,False,292
main,main,P-Median,5,55,-1,10,-22.893701145563103,-43.120417849276677,True,False,150
main,main,P-Median,5,55,-1,11,-23.012986504226461,-43.46551954103294,True,False,263
main,main,P-Median,5,55,-1,12,-22.916792143186889,-43.231550399129098,True,False,281
main,main,P-Median,5,55,-1,13,-22.919618105516072,-42.839789575585328,True,False,86
main,main,P-Median,5,55,-1,14,-23.003656668383979,-43.340758853213849,True,False,228
main,main,P-Median,5,55,-1,15,-22.716288877191023,-43.51530571258531,True,False,111
main,main,P-Median,5,55,-1,16,-22.809517664348768,-43.200203165434935,True,False,147
main,main,P-Median,5,55,-1,17,-22.755338688692213,-43.308531682770784,True,False,178
main,main,P-Median,5,55,-1,18,-22.711927870432564,-42.63004113951235,True,False,34
main,main,P-Median,5,55,-1,19,-22.882876782615799,-43.364174483570487,True,False,310
main,main,P-Median,5,55,-1,20,-22.941155596656401,-43.043134176624925,True,False,135
main,main,P-Median,5,55,-1,21,-22.61483382699214,-43.705683375748585,True,False,73
main,main,P-Median,5,55,-1,22,-22.897521961702388,-43.591752252623216,True,False,225
main,main,P-Median,5,55,-1,23,-22.90630099451813,-43.105973880660926,True,False,350
main,main,P-Median,5,55,-1,24,-22.615933155012947,-43.179757198303761,True,False,75
main,main,P-Median,5,55,-1,25,-22.881888435047649,-43.468997604007342,True,False,153
main,main,P-Median,5,55,-1,26,-22.805706631753832,-43.423079052406642,True,False,179
main,main,P-Median,5,55,-1,27,-22.969148201152677,-43.383065237968161,True,False,151
main,main,P-Median,5,55,-1,28,-22.408608081087024,-43.13140914649253,True,False,61
main,main,P-Median,5,55,-1,29,-22.850770856036998,-43.270521523602078,True,False,260
main,main,P-Median,5,55,-1,30,-22.742481293107708,-42.857210752586653,True,False,56
main,main,P-Median,5,55,-1,31,-22.905686000249091,-43.177156307060464,True,False,330
main,main,P-Median,5,55,-1,32,-22.870934109341071,-43.769012683026723,True,False,46
main,main,P-Median,5,55,-1,33,-22.98284371340203,-43.224740007201753,True,False,314
main,main,P-Median,5,55,-1,34,-22.943384670900659,-43.334379195440683,True,False,242
main,main,P-Median,5,55,-1,35,-22.651419516496585,-43.066557876304017,True,False,48
main,main,P-Median,5,55,-1,36,-22.954408685481411,-43.185650031057385,True,False,443
main,main,P-Median,5,55,-1,37,-22.470849051492323,-42.657121037845286,True,False,19
main,main,P-Median,5,55,-1,38,-22.827481947170185,-43.069815234475598,True,False,128
main,main,P-Median,5,55,-1,39,-23.000618991095681,-43.404718284567252,True,False,116
main,main,P-Median,5,55,-1,40,-22.607286064343828,-43.298574737764874,True,False,85
main,main,P-Median,5,55,-1,41,-22.790646777654263,-43.375643445446975,True,False,138
main,main,P-Median,5,55,-1,42,-22.922758980989411,-43.246104027508025,True,False,412
main,main,P-Median,5,55,-1,43,-22.930711174851965,-43.689463800258537,True,False,158
main,main,P-Median,5,55,-1,44,-22.733077865046631,-43.449613878629101,True,False,179
main,main,P-Median,5,55,-1,45,-22.883317935180688,-43.319511906680248,True,False,125
main,main,P-Median,5,55,-1,46,-22.980184787318848,-43.194590667739973,True,False,329
main,main,P-Median,5,55,-1,47,-22.527718078493137,-42.978266279510713,True,False,21
main,main,P-Median,5,55,-1,48,-22.916840745702157,-43.562340107121237,True,False,173
main,main,P-Median,5,55,-1,49,-22.902823180776025,-43.050858129377211,True,False,96
main,main,P-Median,5,55,-1,50,-22.919342584449812,-43.215423225025688,True,False,218
main,main,P-Median,5,55,-1,51,-22.966699556811079,-43.601768668742501,True,False,85
main,main,P-Median,5,55,-1,52,-22.7692389862532,-43.525308493816077,True,False,79
main,main,P-Median,5,55,-1,53,-22.876979699775763,-43.425279126762909,True,False,102
main,main,P-Median,5,55,-1,54,-22.900247004009792,-43.286209546514357,True,False,313
main,main,MCLP,10,15,-1,0,-22.918636000417841,-43.25724486396328,True,False,3279
main,main,MCLP,10,15,-1,1,-22.853879739168629,-43.396809432222291,True,False,992
main,main,MCLP,10,15,-1,2,-22.902823180776025,-43.050858129377211,True,False,879
main,main,MCLP,10,15,-1,3,-23.000618991095681,-43.404718284567252,True,False,989
main,main,MCLP,10,15,-1,4,-22.911119400069488,-43.622641625227558,True,False,259
main,main,MCLP,10,15,-1,5,-22.745675146224823,-43.443888027884469,True,False,472
main,main,MCLP,10,15,-1,6,-22.833834004293301,-43.248856689738808,False,True,487
main,main,MCLP,10,15,-1,7,-22.475562635890437,-43.148370152985294,True,False,314
main,main,MCLP,10,15,-1,8,-22.867825487785609,-43.002749069555286,True,False,388
main,main,MCLP,10,15,-1,9,-22.607286064343828,-43.298574737764874,True,False,167
main,main,MCLP,10,15,-1,10,-22.919618105516072,-42.839789575585328,True,False,167
main,main,MCLP,10,15,-1,11,-22.780162791974309,-43.304303646717109,True,False,370
main,main,MCLP,10,15,-1,12,-22.7692389862532,-43.525308493816077,True,False,243
main,main,MCLP,10,15,-1,13,-22.898979722466947,-43.699308339686013,True,False,205
main,main,MCLP,10,15,-1,14,-22.916840745702157,-43.562340107121237,True,False,480
main,main,MCLP,5,40,-1,0,-22.93845834691675,-43.196368076205502,True,False,1860
main,main,MCLP,5,40,-1,1,-22.886593254313329,-43.267834200698552,True,False,779
main,main,MCLP,5,40,-1,2,-22.936910913712651,-43.360973350350811,True,False,534
main,main,MCLP,5,40,-1,3,-22.879226893202649,-43.091571865721441,True,False,700
main,main,MCLP,5,40,-1,4,-22.85332826176321,-43.328228062631148,True,False,466
main,main,MCLP,5,40,-1,5,-22.906374170614946,-43.566410061329776,True,False,422
main,main,MCLP,5,40,-1,6,-22.97841522971715,-43.237729192717843,True,False,494
main,main,MCLP,5,40,-1,7,-22.984082408782115,-43.448890199194111,True,False,379
main,main,MCLP,5,40,-1,8,-22.749383783452853,-43.443731820645432,True,False,311
main,main,MCLP,5,40,-1,9,-22.819261693552441,-43.034765203493123,True,False,166
main,main,MCLP,5,40,-1,10,-22.803670156230325,-43.375461938236299,True,False,131
main,main,MCLP,5,40,-1,11,-22.87922054417216,-43.459310464937992,True,False,223
main,main,MCLP,5,40,-1,12,-23.003656668383979,-43.340758853213849,True,False,280
main,main,MCLP,5,40,-1,13,-22.936255491866653,-43.661399065747545,True,False,106
main,main,MCLP,5,40,-1,14,-22.510230788197468,-43.175443874455112,True,False,173
main,main,MCLP,5,40,-1,15,-22.755338688692213,-43.308531682770784,True,False,182
main,main,MCLP,5,40,-1,16,-22.809517664348768,-43.200203165434935,True,False,147
main,main,MCLP,5,40,-1,17,-22.947654432561997,-43.03365087049761,True,False,135
main,main,MCLP,5,40,-1,18,-22.716288877191023,-43.51530571258531,True,False,123
main,main,MCLP,5,40,-1,19,-22.835828487618876,-43.276143784165548,True,False,253
main,main,MCLP,5,40,-1,20,-22.839350559609453,-43.404860560122628,True,False,194
main,main,MCLP,5,40,-1,21,-22.919618105516072,-42.839789575585328,True,False,86
main,main,MCLP,5,40,-1,22,-22.930174584016687,-43.396083912145642,True,False,206
main,main,MCLP,5,40,-1,23,-22.972563998366837,-43.642950470314368,True,False,95
main,main,MCLP,5,40,-1,24,-22.867825487785609,-43.002749069555286,True,False,75
main,main,MCLP,5,40,-1,25,-22.897989740168889,-43.668559184847297,True,False,94
main,main,MCLP,5,40,-1,26,-22.408608081087024,-43.13140914649253,True,False,61
main,main,MCLP,5,40,-1,27,-22.615933155012947,-43.179757198303761,True,False,75
main,main,MCLP,5,40,-1,28,-22.764520432902131,-43.403242685589518,True,False,154
main,main,MCLP,5,40,-1,29,-22.607286064343828,-43.298574737764874,True,False,85
main,main,MCLP,5,40,-1,30,-22.7692389862532,-43.525308493816077,True,False,74
main,main,MCLP,5,40,-1,31,-22.870934109341071,-43.769012683026723,True,False,46
main,main,MCLP,5,40,-1,32,-22.742481293107708,-42.857210752586653,True,False,56
main,main,MCLP,5,40,-1,33,-22.61483382699214,-43.705683375748585,True,False,73
main,main,MCLP,5,40,-1,34,-22.651419516496585,-43.066557876304017,True,False,69
main,main,MCLP,5,40,-1,35,-22.885872200386764,-43.513728918040449,True,False,103
main,main,MCLP,5,40,-1,36,-22.711927870432564,-42.63004113951235,True,False,53
main,main,MCLP,5,40,-1,37,-22.954278207609654,-42.967118947552237,True,False,47
main,main,MCLP,5,40,-1,38,-22.822624306841355,-43.003093742121557,True,False,133
main,main,MCLP,5,40,-1,39,-22.930711174851965,-43.689463800258537,True,False,48
geodesic,main,K-Means,10,17,42,0,-22.877138394541166,-43.387929846430637,True,False,774
geodesic,main,K-Means,10,17,42,1,-22.949221442067248,-43.190665082805559,True,False,1756
geodesic,main,K-Means,10,17,42,2,-22.622921347585219,-43.100665801177705,True,False,126
geodesic,main,K-Means,10,17,42,3,-22.893543159780346,-43.556685996466435,True,False,587
geodesic,main,K-Means,10,17,42,4,-22.62609765843472,-42.652910109899878,True,False,55
geodesic,main,K-Means,10,17,42,5,-22.758598321149815,-43.440880759920326,True,False,727
geodesic,main,K-Means,10,17,42,6,-22.830344836414245,-43.025214317444146,True,False,392
geodesic,main,K-Means,10,17,42,7,-22.711908805865761,-43.297861454175347,True,False,294
geodesic,main,K-Means,10,17,42,8,-22.855030100430049,-43.278131024691497,True,False,960
geodesic,main,K-Means,10,17,42,9,-22.87687148928336,-42.877486559914402,True,False,182
geodesic,main,K-Means,10,17,42,10,-22.923188029415797,-43.670932300893469,True,False,369
geodesic,main,K-Means,10,17,42,11,-22.688392101698753,-43.630906195489835,True,False,153
geodesic,main,K-Means,10,17,42,12,-22.477721676146285,-43.171188651940248,True,False,234
geodesic,main,K-Means,10,17,42,13,-22.905064264543274,-43.091497471614602,True,False,822
geodesic,main,K-Means,10,17,42,14,-22.965070860824479,-43.352953885514779,True,False,810
geodesic,main,K-Means,10,17,42,15,-22.923519068878715,-43.237726250467524,True,False,1054
geodesic,main,K-Means,10,17,42,16,-23.005840776506826,-43.449898039964786,True,False,396
geodesic,main,K-Means,5,40,42,0,-22.652760877170053,-43.272240771569656,True,False,118
geodesic,main,K-Means,5,40,42,1,-22.923047830234747,-43.384305555902976,True,False,239
geodesic,main,K-Means,5,40,42,2,-22.961701736050937,-43.186622214850026,True,False,761
geodesic,main,K-Means,5,40,42,3,-22.893413250965633,-43.557467067767064,True,False,408
geodesic,main,K-Means,5,40,42,4,-22.829936601311399,-43.004723612824513,True,False,250
geodesic,main,K-Means,5,40,42,5,-22.723737013780678,-43.549142761678183,True,False,147
geodesic,main,K-Means,5,40,42,6,-22.836305345228123,-43.316127092784164,True,False,281
geodesic,main,K-Means,5,40,42,7,-22.388516733465266,-43.12987913902451,True,False,61
geodesic,main,K-Means,5,40,42,8,-22.712854232902529,-42.650556944283331,True,False,34
geodesic,main,K-Means,5,40,42,9,-22.897477079860078,-43.104629708920399,True,False,633
geodesic,main,K-Means,5,40,42,10,-22.918439291579755,-43.235314310240639,True,False,863
geodesic,main,K-Means,5,40,42,11,-22.918741542882099,-43.182892105603855,True,False,667
geodesic,main,K-Means,5,40,42,12,-22.75560765405405,-43.428124710373233,True,False,262
geodesic,main,K-Means,5,40,42,13,-23.00800408760573,-43.468615367200911,True,False,280
geodesic,main,K-Means,5,40,42,14,-22.930519536648649,-42.94891666605885,True,False,60
geodesic,main,K-Means,5,40,42,15,-22.91801952820316,-43.609646454544929,True,False,236
geodesic,main,K-Means,5,40,42,16,-22.509175442062716,-43.185754433950997,True,False,173
geodesic,main,K-Means,5,40,42,17,-22.624109639675027,-43.690481055374008,True,False,49
geodesic,main,K-Means,5,40,42,18,-22.806662142475478,-43.193910955041872,True,False,147
geodesic,main,K-Means,5,40,42,19,-22.470849051492323,-42.657121037845286,True,False,19
geodesic,main,K-Means,5,40,42,20,-22.605911571929401,-43.03476983869264,True,False,63
geodesic,main,K-Means,5,40,42,21,-22.997802675192077,-43.333148049555035,True,False,280
geodesic,main,K-Means,5,40,42,22,-22.939065064575271,-43.675932886503055,True,False,189
geodesic,main,K-Means,5,40,42,23,-22.927376214667397,-42.840699191582274,True,False,82
geodesic,main,K-Means,5,40,42,24,-22.876122652963012,-43.455155508877858,True,False,244
geodesic,main,K-Means,5,40,42,25,-22.896806539603471,-43.28834309326799,True,False,388
geodesic,main,K-Means,5,40,42,26,-22.934922793861578,-43.046096440428435,True,False,175
geodesic,main,K-Means,5,40,42,27,-22.831377943284455,-43.066263041274929,True,False,142
geodesic,main,K-Means,5,40,42,28,-22.757942521424706,-43.321082967412195,True,False,190
geodesic,main,K-Means,5,40,42,29,-22.749128477164554,-42.873321839684742,True,False,56
geodesic,main,K-Means,5,40,42,30,-22.981687526692557,-43.395726584673234,True,False,267
geodesic,main,K-Means,5,40,42,31,-22.873936188183887,-43.359195424518951,True,False,383
geodesic,main,K-Means,5,40,42,32,-22.639861640094228,-43.16986066955095,True,False,67
geodesic,main,K-Means,5,40,42,33,-22.937904954234131,-43.34748423039764,True,False,283
geodesic,main,K-Means,5,40,42,34,-22.767178677322288,-43.674027072387268,True,False,36
geodesic,main,K-Means,5,40,42,35,-22.871338940979843,-43.787009249444985,True,False,46
geodesic,main,K-Means,5,40,42,36,-22.804844345907856,-43.400710595457582,True,False,266
geodesic,main,K-Means,5,40,42,37,-22.979545932279354,-43.224248653783199,True,False,413
geodesic,main,K-Means,5,40,42,38,-22.731770198650342,-43.466426175584552,True,False,197
geodesic,main,K-Means,5,40,42,39,-22.850681669544542,-43.26644819921173,True,False,236
geodesic,main,K-Means,3,82,42,0,-22.876692864691005,-43.538557104372394,True,False,105
geodesic,main,K-Means,3,82,42,1,-22.934989433893801,-43.182092209003045,True,False,426
geodesic,main,K-Means,3,82,42,2,-22.64095641881601,-43.056502830846554,True,False,42
geodesic,main,K-Means,3,82,42,3,-22.96554242872385,-43.388670665927215,True,False,166
geodesic,main,K-Means,3,82,42,4,-22.73802175047793,-43.393799103036017,True,False,65
geodesic,main,K-Means,3,82,42,5,-22.819897802096133,-43.027016760916375,True,False,112
geodesic,main,K-Means,3,82,42,6,-22.836380259205971,-43.270212884159932,True,False,104
geodesic,main,K-Means,3,82,42,7,-22.743213557277791,-42.857036748795409,True,False,41
geodesic,main,K-Means,3,82,42,8,-22.871338940979843,-43.787009249444985,True,False,46
geodesic,main,K-Means,3,82,42,9,-22.427894024726776,-43.201389799035411,True,False,3
geodesic,main,K-Means,3,82,42,10,-22.61483382699214,-43.705683375748585,True,False,35
geodesic,main,K-Means,3,82,42,11,-22.895636315755883,-43.1209809208815,True,False,150
geodesic,main,K-Means,3,82,42,12,-22.749259586625627,-43.449772993650299,True,False,214
geodesic,main,K-Means,3,82,42,13,-22.888287887560697,-43.357312164640341,True,False,201
geodesic,main,K-Means,3,82,42,14,-22.972116778550085,-43.686789885812871,True,False,54
geodesic,main,K-Means,3,82,42,15,-22.940496338301475,-42.891079631075705,True,False,30
geodesic,main,K-Means,3,82,42,16,-23.009910486693485,-43.461784124804304,True,False,248
geodesic,main,K-Means,3,82,42,17,-22.97912481295549,-43.196730058551225,True,False,305
geodesic,main,K-Means,3,82,42,18,-22.663402598468771,-43.268690525054573,True,False,85
geodesic,main,K-Means,3,82,42,19,-22.901021601118956,-43.278155815309653,True,False,312
geodesic,main,K-Means,3,82,42,20,-22.900588371811864,-43.604909093569944,True,False,130
geodesic,main,K-Means,3,82,42,21,-22.712854232902529,-42.650556944283331,True,False,34
geodesic,main,K-Means,3,82,42,22,-22.815302024060138,-43.414564662051809,True,False,143
geodesic,main,K-Means,3,82,42,23,-22.515382135921158,-43.192842169598194,True,False,142
geodesic,main,K-Means,3,82,42,24,-22.806662142475478,-43.193910955041872,True,False,147
geodesic,main,K-Means,3,82,42,25,-22.944502525658514,-43.027735425942055,True,False,81
geodesic,main,K-Means,3,82,42,26,-22.470849051492323,-42.657121037845286,True,False,19
geodesic,main,K-Means,3,82,42,27,-22.713594160306471,-43.565117440188558,True,False,51
geodesic,main,K-Means,3,82,42,28,-22.882504919801299,-43.426687759044313,True,False,103
geodesic,main,K-Means,3,82,42,29,-23.004651713799412,-43.339349205295974,True,False,187
geodesic,main,K-Means,3,82,42,30,-22.740348512916984,-43.702890192907162,True,False,20
geodesic,main,K-Means,3,82,42,31,-22.912308534388472,-43.22282685729332,True,False,353
geodesic,main,K-Means,3,82,42,32,-22.950081725240675,-43.333034201496424,True,False,153
geodesic,main,K-Means,3,82,42,33,-22.835956756198581,-43.315433176798045,True,False,258
geodesic,main,K-Means,3,82,42,34,-22.622684483877663,-43.190308676721465,True,False,54
geodesic,main,K-Means,3,82,42,35,-22.535821878156177,-42.991303854384803,True,False,21
geodesic,main,K-Means,3,82,42,36,-22.789661604530217,-43.36644606905481,True,False,127
geodesic,main,K-Means,3,82,42,37,-22.383893053338081,-43.126881299093654,True,False,38
geodesic,main,K-Means,3,82,42,38,-22.72528818830688,-43.326487892227874,True,False,59
geodesic,main,K-Means,3,82,42,39,-22.872201958397831,-43.472652051429463,True,False,147
geodesic,main,K-Means,3,82,42,40,-22.917898973510059,-43.552510580890626,True,False,145
geodesic,main,K-Means,3,82,42,41,-22.959001780253519,-43.18498349487475,True,False,432
geodesic,main,K-Means,3,82,42,42,-22.910830302577924,-43.683492045372688,True,False,84
geodesic,main,K-Means,3,82,42,43,-22.96924614025011,-43.217567628892709,True,False,117
geodesic,main,K-Means,3,82,42,44,-22.861824425303546,-43.265342272091324,True,False,162
geodesic,main,K-Means,3,82,42,45,-22.900219873700067,-43.058031403997447,True,False,66
geodesic,main,K-Means,3,82,42,46,-22.927580498421417,-43.642224730922834,True,False,86
geodesic,main,K-Means,3,82,42,47,-22.680563237028309,-43.141180011289052,True,False,22
geodesic,main,K-Means,3,82,42,48,-22.923605520523171,-43.385504917025948,True,False,200
geodesic,main,K-Means,3,82,42,49,-22.874126204046274,-43.094875193431058,True,False,119
geodesic,main,K-Means,3,82,42,50,-22.904950928035326,-43.102801543507631,True,False,350
geodesic,main,K-Means,3,82,42,51,-23.000618991095681,-43.404718284567252,True,False,116
geodesic,main,K-Means,3,82,42,52,-22.756964177472938,-43.499916323985495,True,False,83
geodesic,main,K-Means,3,82,42,53,-22.948565702905171,-42.703432366189951,True,False,2
geodesic,main,K-Means,3,82,42,54,-22.920741172948222,-42.831043523869674,True,False,60
geodesic,main,K-Means,3,82,42,55,-22.823426641457591,-42.959221294111622,True,False,30
geodesic,main,K-Means,3,82,42,56,-22.807342096925868,-43.618603170947843,True,False,26
geodesic,main,K-Means,3,82,42,57,-22.886570237278889,-43.31441048819984,True,False,140
geodesic,main,K-Means,3,82,42,58,-22.979900329721087,-43.49176475913368,True,False,15
geodesic,main,K-Means,3,82,42,59,-22.984620088679723,-43.235135320224394,True,False,197
geodesic,main,K-Means,3,82,42,60,-22.966908637988595,-43.614203461237025,True,False,61
geodesic,main,K-Means,3,82,42,61,-22.464924502566273,-43.149235538094153,True,False,46
geodesic,main,K-Means,3,82,42,62,-22.778986216514191,-43.419445979162198,True,False,92
geodesic,main,K-Means,3,82,42,63,-22.268892739670068,-43.076812591215528,True,False,5
geodesic,main,K-Means,3,82,42,64,-22.888705568844081,-43.574383150900438,True,False,159
geodesic,main,K-Means,3,82,42,65,-22.765295924855039,-42.917834421448916,True,False,15
geodesic,main,K-Means,3,82,42,66,-22.703803422832245,-43.450348646258554,True,False,63
geodesic,main,K-Means,3,82,42,67,-22.857927425977891,-43.367994553949103,True,False,165
geodesic,main,K-Means,3,82,42,68,-22.92480603555472,-43.243491731010081,True,False,480
geodesic,main,K-Means,3,82,42,69,-22.945434263478099,-43.066365234354869,True,False,56
geodesic,main,K-Means,3,82,42,70,-22.729567827416062,-43.522820207009971,True,False,52
geodesic,main,K-Means,3,82,42,71,-22.907142791310726,-43.183136744805672,True,False,356
geodesic,main,K-Means,3,82,42,72,-23.004990522576701,-43.547845204575459,True,False,17
geodesic,main,K-Means,3,82,42,73,-22.935750554138547,-43.354846148874188,True,False,182
geodesic,main,K-Means,3,82,42,74,-22.602759574173636,-43.300352699629869,True,False,20
geodesic,main,K-Means,3,82,42,75,-22.665174706660398,-43.625697069287881,True,False,34
geodesic,main,K-Means,3,82,42,76,-22.814800609217837,-42.996865436423363,True,False,73
geodesic,main,K-Means,3,82,42,77,-22.936062305725088,-42.947753196522051,True,False,39
geodesic,main,K-Means,3,82,42,78,-22.831215466300065,-43.069191974022097,True,False,110
geodesic,main,K-Means,3,82,42,79,-22.872798037485801,-43.006251563848771,True,False,64
geodesic,main,K-Means,3,82,42,80,-23.006655507475898,-43.307925799110713,True,False,41
geodesic,main,K-Means,3,82,42,81,-22.768238047172819,-43.303357785516603,True,False,98
geodesic,main,Ward,10,17,-1,0,-22.689306152461057,-42.766149163734312,True,False,95
geodesic,main,Ward,10,17,-1,1,-22.772698185112937,-43.369630681741853,True,False,455
geodesic,main,Ward,10,17,-1,2,-22.477721676146288,-43.171188651940241,True,False,234
geodesic,main,Ward,10,17,-1,3,-22.863880587643933,-43.293361690478037,True,False,1316
geodesic,main,Ward,10,17,-1,4,-22.648963332494652,-43.236452534243284,True,False,179
geodesic,main,Ward,10,17,-1,5,-22.826404505403953,-43.027799564629881,True,False,403
geodesic,main,Ward,10,17,-1,6,-22.895021264427289,-43.5764048572739,True,False,547
geodesic,main,Ward,10,17,-1,7,-22.863056039660759,-43.433979637878259,True,False,510
geodesic,main,Ward,10,17,-1,8,-22.940116324134777,-43.205281083443417,True,False,2652
geodesic,main,Ward,10,17,-1,9,-22.742110151578466,-43.468487893902875,True,False,447
geodesic,main,Ward,10,17,-1,10,-22.930565608059606,-42.879336558738764,True,False,131
geodesic,main,Ward,10,17,-1,11,-22.680732390250657,-43.635153196939278,True,False,144
geodesic,main,Ward,10,17,-1,12,-22.871338940979847,-43.787009249444992,True,False,46
geodesic,main,Ward,10,17,-1,13,-22.971312774234274,-43.380342344581841,True,False,1326
geodesic,main,Ward,10,17,-1,14,-22.605911571929401,-43.03476983869264,True,False,69
geodesic,main,Ward,10,17,-1,15,-22.904704798131839,-43.08831804644106,True,False,822
geodesic,main,Ward,10,17,-1,16,-22.946875815274101,-43.65190639468274,True,False,315
geodesic,main,Ward,5,42,-1,0,-22.824600105899599,-43.048427236673078,True,False,200
geodesic,main,Ward,5,42,-1,1,-22.656246347439087,-43.27948977364278,True,False,108
geodesic,main,Ward,5,42,-1,2,-22.741544326206462,-43.453348049195128,True,False,306
geodesic,main,Ward,5,42,-1,3,-22.754378060239823,-43.312303542974817,True,False,149
geodesic,main,Ward,5,42,-1,4,-22.972367838634863,-43.629695425569054,True,False,90
geodesic,main,Ward,5,42,-1,5,-22.853618101891577,-43.405331585656384,True,False,160
geodesic,main,Ward,5,42,-1,6,-22.926775634622295,-43.038766083138974,True,False,199
geodesic,main,Ward,5,42,-1,7,-22.70333513774894,-43.577070268615579,True,False,71
geodesic,main,Ward,5,42,-1,8,-22.749128477164554,-42.873321839684735,True,False,56
geodesic,main,Ward,5,42,-1,9,-22.657802066701684,-43.694077906832895,True,False,69
geodesic,main,Ward,5,42,-1,10,-22.921638738430705,-42.826927034912273,True,False,62
geodesic,main,Ward,5,42,-1,11,-22.712854232902529,-42.650556944283331,True,False,34
geodesic,main,Ward,5,42,-1,12,-22.805994334793315,-43.618740975954807,True,False,26
geodesic,main,Ward,5,42,-1,13,-22.829677602179295,-42.990381926970123,True,False,168
geodesic,main,Ward,5,42,-1,14,-22.900440386853802,-43.596654630324615,True,False,278
geodesic,main,Ward,5,42,-1,15,-22.38851673346527,-43.12987913902451,True,False,61
geodesic,main,Ward,5,42,-1,16,-22.633836042236588,-43.055495901078793,True,False,42
geodesic,main,Ward,5,42,-1,17,-22.896728551848923,-43.545728660250944,True,False,293
geodesic,main,Ward,5,42,-1,18,-22.625030308414221,-43.196732622244028,True,False,55
geodesic,main,Ward,5,42,-1,19,-22.884617734747955,-43.275655666682589,True,False,512
geodesic,main,Ward,5,42,-1,20,-22.87459118477344,-43.349468991699098,True,False,375
geodesic,main,Ward,5,42,-1,21,-22.509175442062713,-43.185754433950997,True,False,173
geodesic,main,Ward,5,42,-1,22,-22.806662142475478,-43.193910955041872,True,False,147
geodesic,main,Ward,5,42,-1,23,-22.968435773367133,-43.19907425863218,True,False,1022
geodesic,main,Ward,5,42,-1,24,-22.938360902665131,-42.925102621798537,True,False,69
geodesic,main,Ward,5,42,-1,25,-22.873849703297324,-43.46674287992208,True,False,186
geodesic,main,Ward,5,42,-1,26,-22.871338940979847,-43.787009249444992,True,False,46
geodesic,main,Ward,5,42,-1,27,-22.948659468379031,-43.374993566177665,True,False,647
geodesic,main,Ward,5,42,-1,28,-22.743986613271346,-43.518696562576551,True,False,105
geodesic,main,Ward,5,42,-1,29,-22.996363513578345,-43.324883091353684,True,False,311
geodesic,main,Ward,5,42,-1,30,-22.897646262280745,-43.104165398199129,True,False,644
geodesic,main,Ward,5,42,-1,31,-22.741828005739873,-43.396837059723204,True,False,82
geodesic,main,Ward,5,42,-1,32,-23.008198880782512,-43.463494046914349,True,False,396
geodesic,main,Ward,5,42,-1,33,-22.530351240509944,-42.978687552235982,True,False,21
geodesic,main,Ward,5,42,-1,34,-22.789016267278946,-43.366744378660933,True,False,131
geodesic,main,Ward,5,42,-1,35,-22.920458150400179,-43.181978527144153,True,False,782
geodesic,main,Ward,5,42,-1,36,-22.794057193146486,-43.421643197817986,True,False,184
geodesic,main,Ward,5,42,-1,37,-22.470849051492323,-42.657121037845286,True,False,19
geodesic,main,Ward,5,42,-1,38,-22.680563237028309,-43.141180011289059,True,False,22
geodesic,main,Ward,5,42,-1,39,-22.918012945849114,-43.677054351447829,True,False,163
geodesic,main,Ward,5,42,-1,40,-22.919538850956151,-43.234201862033323,True,False,868
geodesic,main,Ward,5,42,-1,41,-22.834655528674787,-43.306620505910615,True,False,359
geodesic,main,Ward,3,80,-1,0,-22.920458150400179,-43.181978527144153,True,False,667
geodesic,main,Ward,3,80,-1,1,-22.668831470560381,-43.274580849881126,True,False,78
geodesic,main,Ward,3,80,-1,2,-22.716162568431741,-42.647824133979,True,False,33
geodesic,main,Ward,3,80,-1,3,-22.892032654019413,-43.028164956705382,True,False,70
geodesic,main,Ward,3,80,-1,4,-22.710066321119335,-43.453021475104904,True,False,87
geodesic,main,Ward,3,80,-1,5,-22.832210396766957,-43.068406984842085,True,False,118
geodesic,main,Ward,3,80,-1,6,-22.920741172948219,-42.831043523869667,True,False,60
geodesic,main,Ward,3,80,-1,7,-22.73515605918935,-43.324036959471201,True,False,63
geodesic,main,Ward,3,80,-1,8,-22.743473176944697,-42.857793862639475,True,False,42
geodesic,main,Ward,3,80,-1,9,-22.930788192088666,-42.905103403661343,True,False,47
geodesic,main,Ward,3,80,-1,10,-22.966904402216176,-43.584284791873763,True,False,65
geodesic,main,Ward,3,80,-1,11,-22.814878991099711,-42.968378331558576,True,False,51
geodesic,main,Ward,3,80,-1,12,-22.997452121501432,-43.285298459542688,True,False,72
geodesic,main,Ward,3,80,-1,13,-22.624109639675027,-43.690481055374008,True,False,49
geodesic,main,Ward,3,80,-1,14,-22.86857060471797,-43.47794403375201,True,False,94
geodesic,main,Ward,3,80,-1,15,-22.741828005739873,-43.396837059723204,True,False,74
geodesic,main,Ward,3,80,-1,16,-22.887100005031357,-43.110091710265905,True,False,261
geodesic,main,Ward,3,80,-1,17,-22.729567827416059,-43.522820207009971,True,False,43
geodesic,main,Ward,3,80,-1,18,-22.680563237028309,-43.141180011289059,True,False,22
geodesic,main,Ward,3,80,-1,19,-22.919538850956151,-43.234201862033323,True,False,819
geodesic,main,Ward,3,80,-1,20,-22.815410320701268,-43.024300748318019,True,False,105
geodesic,main,Ward,3,80,-1,21,-22.777031113268073,-43.359573608724197,True,False,64
geodesic,main,Ward,3,80,-1,22,-22.771653529538348,-43.301758320554008,True,False,94
geodesic,main,Ward,3,80,-1,23,-22.880343939757712,-43.35087161145993,True,False,257
geodesic,main,Ward,3,80,-1,24,-22.42005740210417,-43.141178883214565,True,False,36
geodesic,main,Ward,3,80,-1,25,-22.888627332918837,-43.300339939103395,True,False,136
geodesic,main,Ward,3,80,-1,26,-22.618128525599097,-43.180181240546233,True,False,37
geodesic,main,Ward,3,80,-1,27,-22.838741751465548,-43.003859129159679,True,False,89
geodesic,main,Ward,3,80,-1,28,-22.895327245032156,-43.582795704781148,True,False,225
geodesic,main,Ward,3,80,-1,29,-22.924647384504901,-43.37729918704423,True,False,270
geodesic,main,Ward,3,80,-1,30,-22.752923689108346,-43.444934496098981,True,False,173
geodesic,main,Ward,3,80,-1,31,-22.979503836728174,-43.214603058323796,True,False,485
geodesic,main,Ward,3,80,-1,32,-22.979971085586023,-43.395271814020276,True,False,267
geodesic,main,Ward,3,80,-1,33,-22.800132931868745,-43.373395527587768,True,False,71
geodesic,main,Ward,3,80,-1,34,-22.884268143158806,-43.623894386849798,True,False,26
geodesic,main,Ward,3,80,-1,35,-22.515764701238233,-43.193549637703789,True,False,126
geodesic,main,Ward,3,80,-1,36,-22.794057193146486,-43.421643197817986,True,False,138
geodesic,main,Ward,3,80,-1,37,-22.920530355077055,-43.626816463503133,True,False,79
geodesic,main,Ward,3,80,-1,38,-22.876764147264918,-43.543065318074198,True,False,134
geodesic,main,Ward,3,80,-1,39,-22.918012945849114,-43.677054351447829,True,False,121
geodesic,main,Ward,3,80,-1,40,-22.64654045037916,-43.055433287667533,True,False,38
geodesic,main,Ward,3,80,-1,41,-22.834655528674787,-43.306620505910615,True,False,251
geodesic,main,Ward,3,80,-1,42,-22.866455816256806,-43.773656206532017,True,False,35
geodesic,main,Ward,3,80,-1,43,-22.714040918851609,-43.56451440044021,True,False,50
geodesic,main,Ward,3,80,-1,44,-22.602759574173632,-43.300352699629869,True,False,20
geodesic,main,Ward,3,80,-1,45,-22.806662142475478,-43.193910955041872,True,False,147
geodesic,main,Ward,3,80,-1,46,-22.982014002085783,-43.640255287927204,True,False,30
geodesic,main,Ward,3,80,-1,47,-22.740348512916984,-43.702890192907162,True,False,20
geodesic,main,Ward,3,80,-1,48,-22.883395302040888,-43.415484534800527,True,False,79
geodesic,main,Ward,3,80,-1,49,-22.678354981842698,-43.606367294358101,True,False,21
geodesic,main,Ward,3,80,-1,50,-22.268892739670068,-43.076812591215528,True,False,5
geodesic,main,Ward,3,80,-1,51,-22.94479051345342,-43.044262963511954,True,False,135
geodesic,main,Ward,3,80,-1,52,-22.855505345283191,-43.261326078749306,True,False,222
geodesic,main,Ward,3,80,-1,53,-22.766094377824121,-42.919905770820542,True,False,14
geodesic,main,Ward,3,80,-1,54,-22.948565702905171,-42.703432366189951,True,False,2
geodesic,main,Ward,3,80,-1,55,-22.603679160438642,-42.740739684326293,True,False,1
geodesic,main,Ward,3,80,-1,56,-22.82288096978629,-43.408154842519224,True,False,74
geodesic,main,Ward,3,80,-1,57,-22.811564417819163,-43.586841989644981,True,False,13
geodesic,main,Ward,3,80,-1,58,-22.573490103559394,-43.055793314782285,True,False,8
geodesic,main,Ward,3,80,-1,59,-22.639178963185213,-43.230662954724487,True,False,24
geodesic,main,Ward,3,80,-1,60,-22.959813190454121,-43.186976535795516,True,False,652
geodesic,main,Ward,3,80,-1,61,-22.749907479796651,-43.478889782619682,True,False,61
geodesic,main,Ward,3,80,-1,62,-22.953190794210705,-42.964267757317188,True,False,24
geodesic,main,Ward,3,80,-1,63,-22.915919142301757,-43.548288772110745,True,False,119
geodesic,main,Ward,3,80,-1,64,-22.90100995289751,-43.275712969030565,True,False,305
geodesic,main,Ward,3,80,-1,65,-23.008198880782512,-43.463494046914349,True,False,263
geodesic,main,Ward,3,80,-1,66,-22.800852719692529,-43.648186194086961,True,False,13
geodesic,main,Ward,3,80,-1,67,-22.530351240509944,-42.978687552235982,True,False,17
geodesic,main,Ward,3,80,-1,68,-22.886876156007695,-43.829496204168073,True,False,11
geodesic,main,Ward,3,80,-1,69,-22.97393304015122,-43.692431028413075,True,False,42
geodesic,main,Ward,3,80,-1,70,-22.845737523055476,-43.342433976961182,True,False,64
geodesic,main,Ward,3,80,-1,71,-22.9960347095526,-43.336839265859858,True,False,193
geodesic,main,Ward,3,80,-1,72,-22.940567353195906,-43.342607415811742,True,False,298
geodesic,main,Ward,3,80,-1,73,-22.361649528364033,-43.122806236434656,True,False,20
geodesic,main,Ward,3,80,-1,74,-22.760968738834247,-43.513839825799423,True,False,54
geodesic,main,Ward,3,80,-1,75,-22.470849051492323,-42.657121037845286,True,False,19
geodesic,main,Ward,3,80,-1,76,-22.483194934456399,-43.15501905915427,True,False,47
geodesic,main,Ward,3,80,-1,77,-22.853303163972491,-43.385780614426317,True,False,85
geodesic,main,Ward,3,80,-1,78,-22.880367108950853,-43.452914294946844,True,False,87
geodesic,main,Ward,3,80,-1,79,-22.904889875812568,-43.100094957542744,True,False,380
geodesic,main,Complete,10,20,-1,0,-22.916799621723236,-43.226794044307866,True,False,3394
geodesic,main,Complete,10,20,-1,1,-22.910402724063072,-43.604080270635372,True,False,794
geodesic,main,Complete,10,20,-1,2,-22.930290797451278,-42.882022118930351,True,False,135
geodesic,main,Complete,10,20,-1,3,-22.38851673346527,-43.12987913902451,True,False,61
geodesic,main,Complete,10,20,-1,4,-22.881195280960426,-43.070147484904702,True,False,1189
geodesic,main,Complete,10,20,-1,5,-22.887940897661291,-43.379343075483703,True,False,1060
geodesic,main,Complete,10,20,-1,6,-22.734902729313916,-43.489733522260018,True,False,435
geodesic,main,Complete,10,20,-1,7,-22.958419725191547,-43.476517987348913,True,False,385
geodesic,main,Complete,10,20,-1,8,-22.639749879854094,-43.182007833798124,True,False,75
geodesic,main,Complete,10,20,-1,9,-22.712994863518411,-42.659214105229829,True,False,34
geodesic,main,Complete,10,20,-1,10,-22.767543951031023,-43.380936888143239,True,False,661
geodesic,main,Complete,10,20,-1,11,-22.948565702905171,-42.703432366189951,True,False,2
geodesic,main,Complete,10,20,-1,12,-22.871338940979847,-43.787009249444992,True,False,65
geodesic,main,Complete,10,20,-1,13,-22.470849051492323,-42.657121037845286,True,False,19
geodesic,main,Complete,10,20,-1,14,-22.662597746901252,-43.673612097255443,True,False,93
geodesic,main,Complete,10,20,-1,15,-22.605911571929401,-43.03476983869264,True,False,63
geodesic,main,Complete,10,20,-1,16,-22.750378213948856,-42.875800950735282,True,False,81
geodesic,main,Complete,10,20,-1,17,-22.509175442062713,-43.185754433950997,True,False,173
geodesic,main,Complete,10,20,-1,18,-22.652574020282817,-43.277330310207425,True,False,113
geodesic,main,Complete,10,20,-1,19,-22.976212889918695,-43.358516686575712,True,False,859
geodesic,main,Complete,5,47,-1,0,-22.399197447196986,-43.134617223650316,True,False,56
geodesic,main,Complete,5,47,-1,1,-22.857100848748811,-43.292957293549726,True,False,746
geodesic,main,Complete,5,47,-1,2,-22.926775634622295,-43.038766083138974,True,False,197
geodesic,main,Complete,5,47,-1,3,-22.633836042236588,-43.055495901078793,True,False,42
geodesic,main,Complete,5,47,-1,4,-22.846636504521548,-43.621416785457981,True,False,50
geodesic,main,Complete,5,47,-1,5,-22.871338940979847,-43.787009249444992,True,False,46
geodesic,main,Complete,5,47,-1,6,-22.736923911666874,-43.528833134957409,True,False,148
geodesic,main,Complete,5,47,-1,7,-22.774335979216406,-43.364561292915774,True,False,157
geodesic,main,Complete,5,47,-1,8,-22.827497006625745,-43.001411114104442,True,False,210
geodesic,main,Complete,5,47,-1,9,-22.976212889918695,-43.358516686575712,True,False,683
geodesic,main,Complete,5,47,-1,10,-22.723931941217639,-43.323062568461758,True,False,64
geodesic,main,Complete,5,47,-1,11,-22.625030308414221,-43.196732622244028,True,False,55
geodesic,main,Complete,5,47,-1,12,-22.936509473564342,-42.945115198886349,True,False,51
geodesic,main,Complete,5,47,-1,13,-22.917039401829644,-43.242105669251899,True,False,1046
geodesic,main,Complete,5,47,-1,14,-23.00800408760573,-43.468615367200911,True,False,280
geodesic,main,Complete,5,47,-1,15,-22.9650931119467,-43.668578444008268,True,False,104
geodesic,main,Complete,5,47,-1,16,-22.901783388099993,-43.363660518615667,True,False,665
geodesic,main,Complete,5,47,-1,17,-22.823586966739782,-43.058378721043198,True,False,165
geodesic,main,Complete,5,47,-1,18,-22.730260428068107,-42.747482167139246,True,False,8
geodesic,main,Complete,5,47,-1,19,-22.733259896366917,-43.45795304888528,True,False,257
geodesic,main,Complete,5,47,-1,20,-22.944154160346489,-43.186098419901342,True,False,1297
geodesic,main,Complete,5,47,-1,21,-22.624109639675027,-43.690481055374008,True,False,49
geodesic,main,Complete,5,47,-1,22,-22.932959411900278,-43.615619241029599,True,False,127
geodesic,main,Complete,5,47,-1,23,-22.948565702905171,-42.703432366189951,True,False,2
geodesic,main,Complete,5,47,-1,24,-22.806662142475478,-43.193910955041872,True,False,147
geodesic,main,Complete,5,47,-1,25,-22.872186051427736,-43.490261674562795,True,False,150
geodesic,main,Complete,5,47,-1,26,-22.665512837454028,-43.271350468799,True,False,84
geodesic,main,Complete,5,47,-1,27,-22.470849051492323,-42.657121037845286,True,False,19
geodesic,main,Complete,5,47,-1,28,-22.881499649309319,-43.430527996383468,True,False,134
geodesic,main,Complete,5,47,-1,29,-22.898194168886032,-43.567145411202205,True,False,438
geodesic,main,Complete,5,47,-1,30,-22.530351240509944,-42.978687552235982,True,False,21
geodesic,main,Complete,5,47,-1,31,-22.711927870432564,-42.63004113951235,True,False,27
geodesic,main,Complete,5,47,-1,32,-22.680563237028309,-43.141180011289059,True,False,22
geodesic,main,Complete,5,47,-1,33,-22.740348512916984,-43.702890192907162,True,False,22
geodesic,main,Complete,5,47,-1,34,-22.750378213948856,-42.875800950735282,True,False,54
geodesic,main,Complete,5,47,-1,35,-22.509175442062713,-43.185754433950997,True,False,173
geodesic,main,Complete,5,47,-1,36,-22.603679160438642,-42.740739684326293,True,False,1
geodesic,main,Complete,5,47,-1,37,-22.602759574173632,-43.300352699629869,True,False,20
geodesic,main,Complete,5,47,-1,38,-22.897110352008731,-43.103965130996556,True,False,637
geodesic,main,Complete,5,47,-1,39,-22.678354981842698,-43.606367294358101,True,False,28
geodesic,main,Complete,5,47,-1,40,-22.772430750088951,-43.425459893786908,True,False,220
geodesic,main,Complete,5,47,-1,41,-22.926811300102301,-42.846720038478779,True,False,80
geodesic,main,Complete,5,47,-1,42,-22.978378666776944,-43.229626503481278,True,False,522
geodesic,main,Complete,5,47,-1,43,-22.91096056802483,-43.681811013252734,True,False,89
geodesic,main,Complete,5,47,-1,44,-22.833455158014559,-43.396250322025153,True,False,195
geodesic,main,Complete,5,47,-1,45,-22.268892739670068,-43.076812591215528,True,False,5
geodesic,main,Complete,5,47,-1,46,-22.7650753719,-43.300240619581658,True,False,98
geodesic,main,Complete,3,91,-1,0,-22.890672716351066,-43.575147077132442,True,False,282
geodesic,main,Complete,3,91,-1,1,-22.639312812336271,-43.221062133767575,True,False,24
geodesic,main,Complete,3,91,-1,2,-22.751941704500872,-43.427837174735885,True,False,130
geodesic,main,Complete,3,91,-1,3,-22.902270943721057,-43.106006079242398,True,False,500
geodesic,main,Complete,3,91,-1,4,-22.744877556592513,-42.860364263705435,True,False,40
geodesic,main,Complete,3,91,-1,5,-22.837279276085603,-43.321388553616899,True,False,262
geodesic,main,Complete,3,91,-1,6,-22.738390089617603,-43.458324219010272,True,False,148
geodesic,main,Complete,3,91,-1,7,-22.680563237028309,-43.141180011289059,True,False,22
geodesic,main,Complete,3,91,-1,8,-22.518253030691497,-43.194481731769194,True,False,126
geodesic,main,Complete,3,91,-1,9,-22.945950911491206,-43.339840493901157,True,False,252
geodesic,main,Complete,3,91,-1,10,-22.932959411900278,-43.615619241029599,True,False,127
geodesic,main,Complete,3,91,-1,11,-22.361649528364033,-43.122806236434656,True,False,20
geodesic,main,Complete,3,91,-1,12,-22.849509127480861,-43.267807322656424,True,False,247
geodesic,main,Complete,3,91,-1,13,-22.839383922984599,-43.017774884312928,True,False,73
geodesic,main,Complete,3,91,-1,14,-22.766094377824121,-42.919905770820542,True,False,14
geodesic,main,Complete,3,91,-1,15,-23.005012045118427,-43.333698505060909,True,False,228
geodesic,main,Complete,3,91,-1,16,-22.61291182023793,-43.176089400345248,True,False,37
geodesic,main,Complete,3,91,-1,17,-22.880343939757712,-43.35087161145993,True,False,313
geodesic,main,Complete,3,91,-1,18,-22.602759574173632,-43.300352699629869,True,False,20
geodesic,main,Complete,3,91,-1,19,-22.909854305476504,-43.266765422154414,True,False,178
geodesic,main,Complete,3,91,-1,20,-22.834972689946607,-43.400525896667119,True,False,100
geodesic,main,Complete,3,91,-1,21,-22.919102878107278,-42.925129920523744,True,False,23
geodesic,main,Complete,3,91,-1,22,-22.7650753719,-43.300240619581658,True,False,81
geodesic,main,Complete,3,91,-1,23,-22.714040918851609,-43.56451440044021,True,False,49
geodesic,main,Complete,3,91,-1,24,-22.979971085586023,-43.395271814020276,True,False,267
geodesic,main,Complete,3,91,-1,25,-22.94479051345342,-43.044262963511954,True,False,135
geodesic,main,Complete,3,91,-1,26,-22.665512837454028,-43.271350468799,True,False,76
geodesic,main,Complete,3,91,-1,27,-22.870854100495723,-43.476790586516522,True,False,110
geodesic,main,Complete,3,91,-1,28,-22.793066146002658,-43.423065632259721,True,False,132
geodesic,main,Complete,3,91,-1,29,-22.924647384504901,-43.37729918704423,True,False,316
geodesic,main,Complete,3,91,-1,30,-22.808280499464548,-43.033005532046332,True,False,63
geodesic,main,Complete,3,91,-1,31,-22.917310266824234,-42.832852038446227,True,False,54
geodesic,main,Complete,3,91,-1,32,-22.890151178661299,-43.288186934391042,True,False,286
geodesic,main,Complete,3,91,-1,33,-22.982014002085783,-43.640255287927204,True,False,30
geodesic,main,Complete,3,91,-1,34,-22.830389841084337,-43.069655693930692,True,False,110
geodesic,main,Complete,3,91,-1,35,-23.008198880782512,-43.463494046914349,True,False,263
geodesic,main,Complete,3,91,-1,36,-22.817632642891557,-43.001457818095872,True,False,59
geodesic,main,Complete,3,91,-1,37,-22.915919142301757,-43.548288772110745,True,False,129
geodesic,main,Complete,3,91,-1,38,-22.718837798488849,-43.517339942148439,True,False,36
geodesic,main,Complete,3,91,-1,39,-22.678354981842698,-43.606367294358101,True,False,21
geodesic,main,Complete,3,91,-1,40,-22.89145235034362,-43.038730752286071,True,False,75
geodesic,main,Complete,3,91,-1,41,-22.926327602083141,-43.183412528920925,True,False,760
geodesic,main,Complete,3,91,-1,42,-22.978378666776944,-43.229626503481278,True,False,322
geodesic,main,Complete,3,91,-1,43,-22.91096056802483,-43.681811013252734,True,False,89
geodesic,main,Complete,3,91,-1,44,-22.764907051877373,-43.533364584974585,True,False,26
geodesic,main,Complete,3,91,-1,45,-22.268892739670068,-43.076812591215528,True,False,5
geodesic,main,Complete,3,91,-1,46,-22.65032705215399,-43.062563831244553,True,False,33
geodesic,main,Complete,3,91,-1,47,-22.948565702905171,-42.703432366189951,True,False,2
geodesic,main,Complete,3,91,-1,48,-22.810152452129032,-42.96651303932083,True,False,33
geodesic,main,Complete,3,91,-1,49,-22.884268143158806,-43.623894386849798,True,False,26
geodesic,main,Complete,3,91,-1,50,-22.806662142475478,-43.193910955041872,True,False,147
geodesic,main,Complete,3,91,-1,51,-22.686318628123189,-43.454556842241537,True,False,54
geodesic,main,Complete,3,91,-1,52,-22.811564417819163,-43.586841989644981,True,False,13
geodesic,main,Complete,3,91,-1,53,-22.958233291620051,-43.680060804581672,True,False,74
geodesic,main,Complete,3,91,-1,54,-22.573490103559394,-43.055793314782285,True,False,8
geodesic,main,Complete,3,91,-1,55,-22.470849051492323,-42.657121037845286,True,False,19
geodesic,main,Complete,3,91,-1,56,-22.734157057811878,-43.378321449398321,True,False,46
geodesic,main,Complete,3,91,-1,57,-22.781488502285271,-43.337041429203019,True,False,45
geodesic,main,Complete,3,91,-1,58,-23.004990522576701,-43.547845204575459,True,False,17
geodesic,main,Complete,3,91,-1,59,-22.647299171382247,-43.652475254437554,True,False,14
geodesic,main,Complete,3,91,-1,60,-22.883395302040888,-43.415484534800527,True,False,79
geodesic,main,Complete,3,91,-1,61,-22.530351240509944,-42.978687552235982,True,False,17
geodesic,main,Complete,3,91,-1,62,-22.970429462021304,-43.190057265727511,True,False,737
geodesic,main,Complete,3,91,-1,63,-22.711927870432564,-42.63004113951235,True,False,27
geodesic,main,Complete,3,91,-1,64,-22.941986617987499,-42.885911325001551,True,False,24
geodesic,main,Complete,3,91,-1,65,-22.727959528523488,-43.326086794664413,True,False,49
geodesic,main,Complete,3,91,-1,66,-22.866455816256806,-43.773656206532017,True,False,35
geodesic,main,Complete,3,91,-1,67,-22.740348512916984,-43.702890192907162,True,False,20
geodesic,main,Complete,3,91,-1,68,-22.735218709428018,-42.727847609078914,True,False,6
geodesic,main,Complete,3,91,-1,69,-22.484839778930247,-43.16235784831072,True,False,47
geodesic,main,Complete,3,91,-1,70,-22.800852719692529,-43.648186194086961,True,False,13
geodesic,main,Complete,3,91,-1,71,-22.953190794210705,-42.964267757317188,True,False,24
geodesic,main,Complete,3,91,-1,72,-22.715385583988368,-42.806385841320242,True,False,2
geodesic,main,Complete,3,91,-1,73,-22.603679160438642,-42.740739684326293,True,False,1
geodesic,main,Complete,3,91,-1,74,-22.875619524941371,-43.524987145970982,True,False,67
geodesic,main,Complete,3,91,-1,75,-22.419344981865756,-43.13570516359448,True,False,33
geodesic,main,Complete,3,91,-1,76,-22.874126204046274,-43.094875193431058,True,False,119
geodesic,main,Complete,3,91,-1,77,-22.700773314209002,-43.305673267796543,True,False,9
geodesic,main,Complete,3,91,-1,78,-22.886876156007695,-43.829496204168073,True,False,11
geodesic,main,Complete,3,91,-1,79,-22.923278990739327,-43.232884345103749,True,False,675
geodesic,main,Complete,3,91,-1,80,-22.753282200826433,-43.499802719640229,True,False,68
geodesic,main,Complete,3,91,-1,81,-22.951619328064115,-42.814766892680694,True,False,6
geodesic,main,Complete,3,91,-1,82,-22.427894024726776,-43.201389799035411,True,False,3
geodesic,main,Complete,3,91,-1,83,-22.621548878665244,-43.0083717000592,True,False,5
geodesic,main,Complete,3,91,-1,84,-22.789874649386793,-43.374342338335687,True,False,95
geodesic,main,Complete,3,91,-1,85,-22.879195702143271,-43.448811588153497,True,False,71
geodesic,main,Complete,3,91,-1,86,-22.894160434163972,-42.989423706242889,True,False,35
geodesic,main,Complete,3,91,-1,87,-22.61483382699214,-43.705683375748585,True,False,35
geodesic,main,Complete,3,91,-1,88,-22.849490928468299,-42.94775578963251,True,False,7
geodesic,main,Complete,3,91,-1,89,-22.896721465432428,-43.22452242601107,True,False,120
geodesic,main,Complete,3,91,-1,90,-22.824783546974299,-43.371818466928218,True,False,60
geodesic,main,Average,10,24,-1,0,-22.762783928006321,-43.415443067004823,True,False,851
geodesic,main,Average,10,24,-1,1,-22.778214451704613,-43.655249702234499,True,False,53
geodesic,main,Average,10,24,-1,2,-22.881195280960426,-43.070147484904702,True,False,1182
geodesic,main,Average,10,24,-1,3,-22.64895366408097,-43.083217230852696,True,False,66
geodesic,main,Average,10,24,-1,4,-22.911755069142067,-43.599302617700893,True,False,775
geodesic,main,Average,10,24,-1,5,-22.399197447196986,-43.134617223650316,True,False,56
geodesic,main,Average,10,24,-1,6,-22.930290797451278,-42.882022118930351,True,False,135
geodesic,main,Average,10,24,-1,7,-22.96249364148683,-43.360461528478709,True,False,1063
geodesic,main,Average,10,24,-1,8,-22.716162568431741,-42.647824133979,True,False,33
geodesic,main,Average,10,24,-1,9,-22.871338940979847,-43.787009249444992,True,False,67
geodesic,main,Average,10,24,-1,10,-22.670712873836152,-43.623768827869043,True,False,131
geodesic,main,Average,10,24,-1,11,-22.869277378709704,-43.308575915386406,True,False,1286
geodesic,main,Average,10,24,-1,12,-22.749128477164554,-42.873321839684735,True,False,79
geodesic,main,Average,10,24,-1,13,-22.644775393339586,-43.249079013189025,True,False,166
geodesic,main,Average,10,24,-1,14,-22.948565702905171,-42.703432366189951,True,False,2
geodesic,main,Average,10,24,-1,15,-22.470849051492323,-42.657121037845286,True,False,19
geodesic,main,Average,10,24,-1,16,-22.530351240509944,-42.978687552235982,True,False,21
geodesic,main,Average,10,24,-1,17,-23.00800408760573,-43.468615367200911,True,False,280
geodesic,main,Average,10,24,-1,18,-22.603679160438642,-42.740739684326293,True,False,1
geodesic,main,Average,10,24,-1,19,-22.876750096761718,-43.451168228904386,True,False,349
geodesic,main,Average,10,24,-1,20,-22.806662142475478,-43.193910955041872,True,False,194
geodesic,main,Average,10,24,-1,21,-22.509175442062713,-43.185754433950997,True,False,177
geodesic,main,Average,10,24,-1,22,-22.940116324134777,-43.205281083443417,True,False,2700
geodesic,main,Average,10,24,-1,23,-22.268892739670068,-43.076812591215528,True,False,5
geodesic,main,Average,5,54,-1,0,-22.624109639675027,-43.690481055374008,True,False,49
geodesic,main,Average,5,54,-1,1,-22.798344831594228,-43.398873832167403,True,False,316
geodesic,main,Average,5,54,-1,2,-22.743473176944697,-42.857793862639475,True,False,42
geodesic,main,Average,5,54,-1,3,-22.856591280460094,-43.335800153755926,True,False,675
geodesic,main,Average,5,54,-1,4,-22.915202071742826,-43.653416228057992,True,False,221
geodesic,main,Average,5,54,-1,5,-22.964414965677193,-43.613753867074713,True,False,71
geodesic,main,Average,5,54,-1,6,-22.680563237028309,-43.141180011289059,True,False,22
geodesic,main,Average,5,54,-1,7,-22.70333513774894,-43.577070268615579,True,False,71
geodesic,main,Average,5,54,-1,8,-22.949760884511406,-43.372064085409733,True,False,665
geodesic,main,Average,5,54,-1,9,-22.73676584478331,-43.368888962119996,True,False,107
geodesic,main,Average,5,54,-1,10,-22.746590003459527,-43.513760876262083,True,False,115
geodesic,main,Average,5,54,-1,11,-22.826495170966801,-42.998756441063698,True,False,176
geodesic,main,Average,5,54,-1,12,-22.920351279554374,-43.209390438435221,True,False,1447
geodesic,main,Average,5,54,-1,13,-22.930788192088666,-42.905103403661343,True,False,47
geodesic,main,Average,5,54,-1,14,-22.920741172948219,-42.831043523869667,True,False,60
geodesic,main,Average,5,54,-1,15,-23.008198880782512,-43.463494046914349,True,False,379
geodesic,main,Average,5,54,-1,16,-22.602759574173632,-43.300352699629869,True,False,20
geodesic,main,Average,5,54,-1,17,-22.625030308414221,-43.196732622244028,True,False,55
geodesic,main,Average,5,54,-1,18,-22.897100441053226,-43.101091823419019,True,False,645
geodesic,main,Average,5,54,-1,19,-22.876750096761718,-43.451168228904386,True,False,260
geodesic,main,Average,5,54,-1,20,-22.871338940979847,-43.787009249444992,True,False,46
geodesic,main,Average,5,54,-1,21,-22.509175442062713,-43.185754433950997,True,False,173
geodesic,main,Average,5,54,-1,22,-22.64654045037916,-43.055433287667533,True,False,38
geodesic,main,Average,5,54,-1,23,-22.824953870583247,-43.058328293257091,True,False,175
geodesic,main,Average,5,54,-1,24,-22.740669459267647,-43.451477813645887,True,False,301
geodesic,main,Average,5,54,-1,25,-22.740348512916984,-43.702890192907162,True,False,20
geodesic,main,Average,5,54,-1,26,-22.411304234215557,-43.131265272844452,True,False,39
geodesic,main,Average,5,54,-1,27,-22.896068940899603,-43.563176536860347,True,False,478
geodesic,main,Average,5,54,-1,28,-22.987835696797166,-43.263538131231641,True,False,134
geodesic,main,Average,5,54,-1,29,-22.948565702905171,-42.703432366189951,True,False,2
geodesic,main,Average,5,54,-1,30,-22.663299180487801,-43.421906498879927,True,False,16
geodesic,main,Average,5,54,-1,31,-22.735218709428018,-42.727847609078914,True,False,6
geodesic,main,Average,5,54,-1,32,-22.470849051492323,-42.657121037845286,True,False,19
geodesic,main,Average,5,54,-1,33,-22.530351240509944,-42.978687552235982,True,False,17
geodesic,main,Average,5,54,-1,34,-22.768238047172815,-43.30335778551661,True,False,138
geodesic,main,Average,5,54,-1,35,-22.711927870432564,-42.63004113951235,True,False,27
geodesic,main,Average,5,54,-1,36,-22.427894024726776,-43.201389799035411,True,False,3
geodesic,main,Average,5,54,-1,37,-22.603679160438642,-42.740739684326293,True,False,1
geodesic,main,Average,5,54,-1,38,-22.668831470560381,-43.274580849881126,True,False,91
geodesic,main,Average,5,54,-1,39,-22.884617734747955,-43.275655666682589,True,False,695
geodesic,main,Average,5,54,-1,40,-23.004990522576701,-43.547845204575459,True,False,17
geodesic,main,Average,5,54,-1,41,-22.806662142475478,-43.193910955041872,True,False,147
geodesic,main,Average,5,54,-1,42,-22.573490103559394,-43.055793314782285,True,False,8
geodesic,main,Average,5,54,-1,43,-22.813831474159215,-43.589020147808732,True,False,13
geodesic,main,Average,5,54,-1,44,-22.886855944516643,-43.005794645415222,True,False,56
geodesic,main,Average,5,54,-1,45,-22.97393304015122,-43.692431028413075,True,False,54
geodesic,main,Average,5,54,-1,46,-22.766094377824121,-42.919905770820542,True,False,15
geodesic,main,Average,5,54,-1,47,-22.268892739670068,-43.076812591215528,True,False,5
geodesic,main,Average,5,54,-1,48,-23.005012045118427,-43.333698505060909,True,False,280
geodesic,main,Average,5,54,-1,49,-22.94479051345342,-43.044262963511954,True,False,156
geodesic,main,Average,5,54,-1,50,-22.953190794210705,-42.964267757317188,True,False,24
geodesic,main,Average,5,54,-1,51,-22.338529289758171,-43.128998839499978,True,False,14
geodesic,main,Average,5,54,-1,52,-22.800852719692529,-43.648186194086961,True,False,13
geodesic,main,Average,5,54,-1,53,-22.969249663260854,-43.199223964165078,True,False,1027
geodesic,main,Average,3,101,-1,0,-22.714578309681229,-43.452186256892183,True,False,102
geodesic,main,Average,3,101,-1,1,-22.945950911491206,-43.339840493901157,True,False,250
geodesic,main,Average,3,101,-1,2,-22.844499308675637,-43.369379217761626,True,False,134
geodesic,main,Average,3,101,-1,3,-22.730127472336385,-43.33325011382766,True,False,52
geodesic,main,Average,3,101,-1,4,-22.806662142475478,-43.193910955041872,True,False,147
geodesic,main,Average,3,101,-1,5,-23.009910486693485,-43.461784124804304,True,False,248
geodesic,main,Average,3,101,-1,6,-22.515382135921161,-43.192842169598201,True,False,138
geodesic,main,Average,3,101,-1,7,-22.602759574173632,-43.300352699629869,True,False,20
geodesic,main,Average,3,101,-1,8,-22.897780992185368,-43.282134834432327,True,False,365
geodesic,main,Average,3,101,-1,9,-22.573490103559394,-43.055793314782285,True,False,8
geodesic,main,Average,3,101,-1,10,-22.882666701535967,-43.423220247389423,True,False,113
geodesic,main,Average,3,101,-1,11,-23.005012045118427,-43.333698505060909,True,False,228
geodesic,main,Average,3,101,-1,12,-22.740348512916984,-43.702890192907162,True,False,20
geodesic,main,Average,3,101,-1,13,-22.918012945849114,-43.677054351447829,True,False,121
geodesic,main,Average,3,101,-1,14,-22.742113422587774,-43.397598034355489,True,False,78
geodesic,main,Average,3,101,-1,15,-22.648290819567222,-43.189314242223304,True,False,6
geodesic,main,Average,3,101,-1,16,-22.880343939757712,-43.35087161145993,True,False,288
geodesic,main,Average,3,101,-1,17,-22.921233313815634,-43.1824532703789,True,False,782
geodesic,main,Average,3,101,-1,18,-22.753335065862991,-43.45113390915737,True,False,175
geodesic,main,Average,3,101,-1,19,-22.855505345283191,-43.261326078749306,True,False,236
geodesic,main,Average,3,101,-1,20,-22.944334184322003,-43.028595531015718,True,False,79
geodesic,main,Average,3,101,-1,21,-22.886855944516643,-43.005794645415222,True,False,34
geodesic,main,Average,3,101,-1,22,-22.982014002085783,-43.640255287927204,True,False,30
geodesic,main,Average,3,101,-1,23,-22.82288096978629,-43.408154842519224,True,False,78
geodesic,main,Average,3,101,-1,24,-22.953190794210705,-42.964267757317188,True,False,24
geodesic,main,Average,3,101,-1,25,-22.939143388801654,-42.895599847331738,True,False,30
geodesic,main,Average,3,101,-1,26,-22.969249663260854,-43.199223964165078,True,False,927
geodesic,main,Average,3,101,-1,27,-22.787222392364924,-43.366490627133629,True,False,120
geodesic,main,Average,3,101,-1,28,-22.748505325894925,-42.857084502825032,True,False,36
geodesic,main,Average,3,101,-1,29,-22.902095659081674,-43.108416801544237,True,False,497
geodesic,main,Average,3,101,-1,30,-22.866455816256806,-43.773656206532017,True,False,35
geodesic,main,Average,3,101,-1,31,-22.953415567921823,-43.59719047904192,True,False,48
geodesic,main,Average,3,101,-1,32,-22.872201958397831,-43.472652051429463,True,False,147
geodesic,main,Average,3,101,-1,33,-22.65032705215399,-43.062563831244553,True,False,33
geodesic,main,Average,3,101,-1,34,-22.768238047172815,-43.30335778551661,True,False,98
geodesic,main,Average,3,101,-1,35,-22.919538850956151,-43.234201862033323,True,False,859
geodesic,main,Average,3,101,-1,36,-22.621548878665244,-43.0083717000592,True,False,5
geodesic,main,Average,3,101,-1,37,-22.917310266824234,-42.832852038446227,True,False,54
geodesic,main,Average,3,101,-1,38,-22.876764147264918,-43.543065318074198,True,False,134
geodesic,main,Average,3,101,-1,39,-22.830746387120548,-43.067106202405562,True,False,110
geodesic,main,Average,3,101,-1,40,-22.914461388938683,-43.552438681726713,True,False,135
geodesic,main,Average,3,101,-1,41,-22.647299171382247,-43.652475254437554,True,False,14
geodesic,main,Average,3,101,-1,42,-22.758529433576463,-43.506980692775358,True,False,76
geodesic,main,Average,3,101,-1,43,-22.886876156007695,-43.829496204168073,True,False,11
geodesic,main,Average,3,101,-1,44,-22.817723009399064,-43.002560455511578,True,False,96
geodesic,main,Average,3,101,-1,45,-22.851281028255393,-43.007156569116788,True,False,45
geodesic,main,Average,3,101,-1,46,-22.384769766969896,-43.11661363336934,True,False,10
geodesic,main,Average,3,101,-1,47,-22.920530355077055,-43.626816463503133,True,False,79
geodesic,main,Average,3,101,-1,48,-22.648354165856656,-43.278334650921408,True,False,37
geodesic,main,Average,3,101,-1,49,-22.658862543046702,-43.129011315486821,True,False,10
geodesic,main,Average,3,101,-1,50,-22.721819445826387,-43.519126429141586,True,False,43
geodesic,main,Average,3,101,-1,51,-22.338529289758171,-43.128998839499978,True,False,10
geodesic,main,Average,3,101,-1,52,-22.800852719692529,-43.648186194086961,True,False,13
geodesic,main,Average,3,101,-1,53,-22.678354981842698,-43.606367294358101,True,False,21
geodesic,main,Average,3,101,-1,54,-22.61483382699214,-43.705683375748585,True,False,35
geodesic,main,Average,3,101,-1,55,-22.965542428723854,-43.388670665927215,True,False,166
geodesic,main,Average,3,101,-1,56,-22.715385583988368,-42.806385841320242,True,False,2
geodesic,main,Average,3,101,-1,57,-22.681384608681608,-43.264890100335776,True,False,40
geodesic,main,Average,3,101,-1,58,-22.835874327404984,-43.308047770688411,True,False,264
geodesic,main,Average,3,101,-1,59,-22.948565702905171,-42.703432366189951,True,False,2
geodesic,main,Average,3,101,-1,60,-22.794057193146486,-43.421643197817986,True,False,142
geodesic,main,Average,3,101,-1,61,-22.663299180487801,-43.421906498879927,True,False,8
geodesic,main,Average,3,101,-1,62,-22.638468495840026,-43.229989542098018,True,False,21
geodesic,main,Average,3,101,-1,63,-22.735218709428018,-42.727847609078914,True,False,6
geodesic,main,Average,3,101,-1,64,-22.714040918851609,-43.56451440044021,True,False,49
geodesic,main,Average,3,101,-1,65,-22.470849051492323,-42.657121037845286,True,False,19
geodesic,main,Average,3,101,-1,66,-22.765111723156878,-43.559026201122336,True,False,10
geodesic,main,Average,3,101,-1,67,-22.48074477987242,-43.153288031954148,True,False,35
geodesic,main,Average,3,101,-1,68,-22.530351240509944,-42.978687552235982,True,False,17
geodesic,main,Average,3,101,-1,69,-22.900742627193644,-43.05905218342383,True,False,69
geodesic,main,Average,3,101,-1,70,-22.771488244315591,-42.917762514733433,True,False,12
geodesic,main,Average,3,101,-1,71,-22.711927870432564,-42.63004113951235,True,False,27
geodesic,main,Average,3,101,-1,72,-22.699640024057299,-43.159626162204205,True,False,10
geodesic,main,Average,3,101,-1,73,-22.427894024726776,-43.201389799035411,True,False,3
geodesic,main,Average,3,101,-1,74,-22.712227632870849,-42.889882111629021,True,False,4
geodesic,main,Average,3,101,-1,75,-22.603679160438642,-42.740739684326293,True,False,1
geodesic,main,Average,3,101,-1,76,-22.90641886834246,-42.932822109622698,True,False,17
geodesic,main,Average,3,101,-1,77,-22.811564417819163,-43.586841989644981,True,False,12
geodesic,main,Average,3,101,-1,78,-22.700773314209002,-43.305673267796543,True,False,8
geodesic,main,Average,3,101,-1,79,-22.809507159817137,-43.034920535527839,True,False,65
geodesic,main,Average,3,101,-1,80,-22.924647384504901,-43.37729918704423,True,False,301
geodesic,main,Average,3,101,-1,81,-23.004990522576701,-43.547845204575459,True,False,17
geodesic,main,Average,3,101,-1,82,-22.84103615023977,-43.615158045773711,True,False,1
geodesic,main,Average,3,101,-1,83,-22.979900329721087,-43.49176475913368,True,False,15
geodesic,main,Average,3,101,-1,84,-23.000618991095681,-43.404718284567252,True,False,116
geodesic,main,Average,3,101,-1,85,-22.419344981865756,-43.13570516359448,True,False,33
geodesic,main,Average,3,101,-1,86,-22.809970567122406,-42.952145281707914,True,False,31
geodesic,main,Average,3,101,-1,87,-22.951619328064115,-42.814766892680694,True,False,6
geodesic,main,Average,3,101,-1,88,-22.893455612432906,-43.584555987067461,True,False,209
geodesic,main,Average,3,101,-1,89,-22.612625455388923,-43.177500709396675,True,False,34
geodesic,main,Average,3,101,-1,90,-22.733731178875288,-42.932765307343267,True,False,2
geodesic,main,Average,3,101,-1,91,-22.97393304015122,-43.692431028413075,True,False,42
geodesic,main,Average,3,101,-1,92,-22.846988543411889,-42.949380940599774,True,False,8
geodesic,main,Average,3,101,-1,93,-22.874126204046274,-43.094875193431058,True,False,119
geodesic,main,Average,3,101,-1,94,-22.693682771791408,-43.109792735724447,True,False,2
geodesic,main,Average,3,101,-1,95,-22.958246852875916,-43.270332932039771,True,False,10
geodesic,main,Average,3,101,-1,96,-22.268892739670068,-43.076812591215528,True,False,5
geodesic,main,Average,3,101,-1,97,-22.99599813649958,-43.261663703422506,True,False,124
geodesic,main,Average,3,101,-1,98,-22.692331349282565,-43.531816681604255,True,False,1
geodesic,main,Average,3,101,-1,99,-22.945434263478099,-43.066365234354869,True,False,56
geodesic,main,Average,3,101,-1,100,-22.885930912117228,-43.624230399968106,True,False,26
geodesic,main,P-Median,10,23,-1,0,-22.892631104117811,-43.286013573263183,True,False,486
geodesic,main,P-Median,10,23,-1,1,-22.903244816618852,-43.107023598220486,True,False,822
geodesic,main,P-Median,10,23,-1,2,-22.928999413639037,-43.18145032839962,True,False,814
geodesic,main,P-Median,10,23,-1,3,-22.510230788197468,-43.175443874455112,True,False,255
geodesic,main,P-Median,10,23,-1,4,-22.615933155012947,-43.179757198303761,True,False,183
geodesic,main,P-Median,10,23,-1,5,-22.936910913712651,-43.360973350350811,True,False,649
geodesic,main,P-Median,10,23,-1,6,-22.733077865046631,-43.449613878629101,True,False,521
geodesic,main,P-Median,10,23,-1,7,-22.936255491866653,-43.661399065747545,True,False,332
geodesic,main,P-Median,10,23,-1,8,-22.823169080056481,-43.020028236246667,True,False,424
geodesic,main,P-Median,10,23,-1,9,-22.836828071243165,-43.30804460963914,True,False,416
geodesic,main,P-Median,10,23,-1,10,-22.975419252327107,-43.192633652194793,True,False,1002
geodesic,main,P-Median,10,23,-1,11,-22.87922054417216,-43.459310464937992,True,False,235
geodesic,main,P-Median,10,23,-1,12,-22.916792143186889,-43.231550399129098,True,False,888
geodesic,main,P-Median,10,23,-1,13,-22.919618105516072,-42.839789575585328,True,False,149
geodesic,main,P-Median,10,23,-1,14,-23.012986504226461,-43.46551954103294,True,False,396
geodesic,main,P-Median,10,23,-1,15,-23.003656668383979,-43.340758853213849,True,False,280
geodesic,main,P-Median,10,23,-1,16,-22.809517664348768,-43.200203165434935,True,False,168
geodesic,main,P-Median,10,23,-1,17,-22.755338688692213,-43.308531682770784,True,False,244
geodesic,main,P-Median,10,23,-1,18,-22.711927870432564,-42.63004113951235,True,False,56
geodesic,main,P-Median,10,23,-1,19,-22.882876782615799,-43.364174483570487,True,False,402
geodesic,main,P-Median,10,23,-1,20,-22.805706631753832,-43.423079052406642,True,False,315
geodesic,main,P-Median,10,23,-1,21,-22.61483382699214,-43.705683375748585,True,False,90
geodesic,main,P-Median,10,23,-1,22,-22.898539335408451,-43.565421405163477,True,False,564
geodesic,main,P-Median,5,55,-1,0,-22.954278207609654,-42.967118947552237,True,False,47
geodesic,main,P-Median,5,55,-1,1,-22.870856012007138,-43.543848748962922,True,False,142
geodesic,main,P-Median,5,55,-1,2,-22.936153909752679,-43.181832267833023,True,False,377
geodesic,main,P-Median,5,55,-1,3,-22.520449848823919,-43.191012345952807,True,False,173
geodesic,main,P-Median,5,55,-1,4,-22.879226893202649,-43.091571865721441,True,False,119
geodesic,main,P-Median,5,55,-1,5,-22.934576022997884,-43.375788413326823,True,False,308
geodesic,main,P-Median,5,55,-1,6,-22.755106324412701,-43.428583345303572,True,False,221
geodesic,main,P-Median,5,55,-1,7,-22.922380751135307,-43.629510536912335,True,False,77
geodesic,main,P-Median,5,55,-1,8,-22.822624306841355,-43.003093742121557,True,False,231
geodesic,main,P-Median,5,55,-1,9,-22.837911776525178,-43.322271046058205,True,False,292
geodesic,main,P-Median,5,55,-1,10,-22.893701145563103,-43.120417849276677,True,False,150
geodesic,main,P-Median,5,55,-1,11,-23.012986504226461,-43.46551954103294,True,False,263
geodesic,main,P-Median,5,55,-1,12,-22.916792143186889,-43.231550399129098,True,False,281
geodesic,main,P-Median,5,55,-1,13,-22.919618105516072,-42.839789575585328,True,False,86
geodesic,main,P-Median,5,55,-1,14,-23.003656668383979,-43.340758853213849,True,False,228
geodesic,main,P-Median,5,55,-1,15,-22.716288877191023,-43.51530571258531,True,False,111
geodesic,main,P-Median,5,55,-1,16,-22.809517664348768,-43.200203165434935,True,False,147
geodesic,main,P-Median,5,55,-1,17,-22.755338688692213,-43.308531682770784,True,False,178
geodesic,main,P-Median,5,55,-1,18,-22.711927870432564,-42.63004113951235,True,False,34
geodesic,main,P-Median,5,55,-1,19,-22.882876782615799,-43.364174483570487,True,False,310
geodesic,main,P-Median,5,55,-1,20,-22.941155596656401,-43.043134176624925,True,False,135
geodesic,main,P-Median,5,55,-1,21,-22.61483382699214,-43.705683375748585,True,False,73
geodesic,main,P-Median,5,55,-1,22,-22.897521961702388,-43.591752252623216,True,False,225
geodesic,main,P-Median,5,55,-1,23,-22.90630099451813,-43.105973880660926,True,False,350
geodesic,main,P-Median,5,55,-1,24,-22.615933155012947,-43.179757198303761,True,False,75
geodesic,main,P-Median,5,55,-1,25,-22.881888435047649,-43.468997604007342,True,False,153
geodesic,main,P-Median,5,55,-1,26,-22.805706631753832,-43.423079052406642,True,False,179
geodesic,main,P-Median,5,55,-1,27,-22.969148201152677,-43.383065237968161,True,False,151
geodesic,main,P-Median,5,55,-1,28,-22.408608081087024,-43.13140914649253,True,False,61
geodesic,main,P-Median,5,55,-1,29,-22.850770856036998,-43.270521523602078,True,False,260
geodesic,main,P-Median,5,55,-1,30,-22.742481293107708,-42.857210752586653,True,False,56
geodesic,main,P-Median,5,55,-1,31,-22.905686000249091,-43.177156307060464,True,False,330
geodesic,main,P-Median,5,55,-1,32,-22.870934109341071,-43.769012683026723,True,False,46
geodesic,main,P-Median,5,55,-1,33,-22.98284371340203,-43.224740007201753,True,False,314
geodesic,main,P-Median,5,55,-1,34,-22.943384670900659,-43.334379195440683,True,False,242
geodesic,main,P-Median,5,55,-1,35,-22.651419516496585,-43.066557876304017,True,False,48
geodesic,main,P-Median,5,55,-1,36,-22.954408685481411,-43.185650031057385,True,False,443
geodesic,main,P-Median,5,55,-1,37,-22.470849051492323,-42.657121037845286,True,False,19
geodesic,main,P-Median,5,55,-1,38,-22.827481947170185,-43.069815234475598,True,False,128
geodesic,main,P-Median,5,55,-1,39,-23.000618991095681,-43.404718284567252,True,False,116
geodesic,main,P-Median,5,55,-1,40,-22.607286064343828,-43.298574737764874,True,False,85
geodesic,main,P-Median,5,55,-1,41,-22.790646777654263,-43.375643445446975,True,False,138
geodesic,main,P-Median,5,55,-1,42,-22.922758980989411,-43.246104027508025,True,False,412
geodesic,main,P-Median,5,55,-1,43,-22.930711174851965,-43.689463800258537,True,False,158
geodesic,main,P-Median,5,55,-1,44,-22.733077865046631,-43.449613878629101,True,False,178
geodesic,main,P-Median,5,55,-1,45,-22.883317935180688,-43.319511906680248,True,False,125
geodesic,main,P-Median,5,55,-1,46,-22.980184787318848,-43.194590667739973,True,False,329
geodesic,main,P-Median,5,55,-1,47,-22.527718078493137,-42.978266279510713,True,False,21
geodesic,main,P-Median,5,55,-1,48,-22.916840745702157,-43.562340107121237,True,False,173
geodesic,main,P-Median,5,55,-1,49,-22.902823180776025,-43.050858129377211,True,False,96
geodesic,main,P-Median,5,55,-1,50,-22.919342584449812,-43.215423225025688,True,False,218
geodesic,main,P-Median,5,55,-1,51,-22.966699556811079,-43.601768668742501,True,False,85
geodesic,main,P-Median,5,55,-1,52,-22.7692389862532,-43.525308493816077,True,False,79
geodesic,main,P-Median,5,55,-1,53,-22.876979699775763,-43.425279126762909,True,False,102
geodesic,main,P-Median,5,55,-1,54,-22.900247004009792,-43.286209546514357,True,False,313
geodesic,main,MCLP,10,15,-1,0,-22.918636000417841,-43.25724486396328,True,False,3279
geodesic,main,MCLP,10,15,-1,1,-22.853879739168629,-43.396809432222291,True,False,992
geodesic,main,MCLP,10,15,-1,2,-22.902823180776025,-43.050858129377211,True,False,879
geodesic,main,MCLP,10,15,-1,3,-23.000618991095681,-43.404718284567252,True,False,989
geodesic,main,MCLP,10,15,-1,4,-22.911119400069488,-43.622641625227558,True,False,259
geodesic,main,MCLP,10,15,-1,5,-22.745675146224823,-43.443888027884469,True,False,472
geodesic,main,MCLP,10,15,-1,6,-22.833834004293301,-43.248856689738808,False,True,487
geodesic,main,MCLP,10,15,-1,7,-22.475562635890437,-43.148370152985294,True,False,314
geodesic,main,MCLP,10,15,-1,8,-22.867825487785609,-43.002749069555286,True,False,388
geodesic,main,MCLP,10,15,-1,9,-22.607286064343828,-43.298574737764874,True,False,167
geodesic,main,MCLP,10,15,-1,10,-22.919618105516072,-42.839789575585328,True,False,167
geodesic,main,MCLP,10,15,-1,11,-22.780162791974309,-43.304303646717109,True,False,370
geodesic,main,MCLP,10,15,-1,12,-22.7692389862532,-43.525308493816077,True,False,243
geodesic,main,MCLP,10,15,-1,13,-22.898979722466947,-43.699308339686013,True,False,205
geodesic,main,MCLP,10,15,-1,14,-22.916840745702157,-43.562340107121237,True,False,480
geodesic,main,MCLP,5,39,-1,0,-22.93845834691675,-43.196368076205502,True,False,1860
geodesic,main,MCLP,5,39,-1,1,-22.886593254313329,-43.267834200698552,True,False,779
geodesic,main,MCLP,5,39,-1,2,-22.936910913712651,-43.360973350350811,True,False,534
geodesic,main,MCLP,5,39,-1,3,-22.879226893202649,-43.091571865721441,True,False,671
geodesic,main,MCLP,5,39,-1,4,-22.85332826176321,-43.328228062631148,True,False,466
geodesic,main,MCLP,5,39,-1,5,-22.906374170614946,-43.566410061329776,True,False,399
geodesic,main,MCLP,5,39,-1,6,-22.97841522971715,-43.237729192717843,True,False,494
geodesic,main,MCLP,5,39,-1,7,-22.984082408782115,-43.448890199194111,True,False,379
geodesic,main,MCLP,5,39,-1,8,-22.749383783452853,-43.443731820645432,True,False,311
geodesic,main,MCLP,5,39,-1,9,-22.819261693552441,-43.034765203493123,True,False,264
geodesic,main,MCLP,5,39,-1,10,-22.803670156230325,-43.375461938236299,True,False,131
geodesic,main,MCLP,5,39,-1,11,-22.87922054417216,-43.459310464937992,True,False,223
geodesic,main,MCLP,5,39,-1,12,-23.003656668383979,-43.340758853213849,True,False,280
geodesic,main,MCLP,5,39,-1,13,-22.936255491866653,-43.661399065747545,True,False,39
geodesic,main,MCLP,5,39,-1,14,-22.510230788197468,-43.175443874455112,True,False,173
geodesic,main,MCLP,5,39,-1,15,-22.755338688692213,-43.308531682770784,True,False,182
geodesic,main,MCLP,5,39,-1,16,-22.809517664348768,-43.200203165434935,True,False,147
geodesic,main,MCLP,5,39,-1,17,-22.941155596656401,-43.043134176624925,True,False,164
geodesic,main,MCLP,5,39,-1,18,-22.716288877191023,-43.51530571258531,True,False,123
geodesic,main,MCLP,5,39,-1,19,-22.835828487618876,-43.276143784165548,True,False,253
geodesic,main,MCLP,5,39,-1,20,-22.839350559609453,-43.404860560122628,True,False,194
geodesic,main,MCLP,5,39,-1,21,-22.919618105516072,-42.839789575585328,True,False,86
geodesic,main,MCLP,5,39,-1,22,-22.930174584016687,-43.396083912145642,True,False,206
geodesic,main,MCLP,5,39,-1,23,-22.922380751135307,-43.629510536912335,True,False,130
geodesic,main,MCLP,5,39,-1,24,-22.867825487785609,-43.002749069555286,True,False,110
geodesic,main,MCLP,5,39,-1,25,-22.408608081087024,-43.13140914649253,True,False,61
geodesic,main,MCLP,5,39,-1,26,-22.930711174851965,-43.689463800258537,True,False,97
geodesic,main,MCLP,5,39,-1,27,-22.615933155012947,-43.179757198303761,True,False,75
geodesic,main,MCLP,5,39,-1,28,-22.764520432902131,-43.403242685589518,True,False,154
geodesic,main,MCLP,5,39,-1,29,-22.607286064343828,-43.298574737764874,True,False,85
geodesic,main,MCLP,5,39,-1,30,-22.7692389862532,-43.525308493816077,True,False,77
geodesic,main,MCLP,5,39,-1,31,-22.972563998366837,-43.642950470314368,True,False,95
geodesic,main,MCLP,5,39,-1,32,-22.870934109341071,-43.769012683026723,True,False,48
geodesic,main,MCLP,5,39,-1,33,-22.742481293107708,-42.857210752586653,True,False,56
geodesic,main,MCLP,5,39,-1,34,-22.61483382699214,-43.705683375748585,True,False,73
geodesic,main,MCLP,5,39,-1,35,-22.651419516496585,-43.066557876304017,True,False,69
geodesic,main,MCLP,5,39,-1,36,-22.885872200386764,-43.513728918040449,True,False,103
geodesic,main,MCLP,5,39,-1,37,-22.711927870432564,-42.63004113951235,True,False,53
geodesic,main,MCLP,5,39,-1,38,-22.954278207609654,-42.967118947552237,True,False,47
geodesic_eval_only,main,K-Means,10,17,42,0,-22.877138394541166,-43.387929846430637,True,False,774
geodesic_eval_only,main,K-Means,10,17,42,1,-22.949221442067248,-43.190665082805559,True,False,1756
geodesic_eval_only,main,K-Means,10,17,42,2,-22.622921347585219,-43.100665801177705,True,False,126
geodesic_eval_only,main,K-Means,10,17,42,3,-22.893543159780346,-43.556685996466435,True,False,587
geodesic_eval_only,main,K-Means,10,17,42,4,-22.62609765843472,-42.652910109899878,True,False,55
geodesic_eval_only,main,K-Means,10,17,42,5,-22.758598321149815,-43.440880759920326,True,False,727
geodesic_eval_only,main,K-Means,10,17,42,6,-22.830344836414245,-43.025214317444146,True,False,392
geodesic_eval_only,main,K-Means,10,17,42,7,-22.711908805865761,-43.297861454175347,True,False,294
geodesic_eval_only,main,K-Means,10,17,42,8,-22.855030100430049,-43.278131024691497,True,False,960
geodesic_eval_only,main,K-Means,10,17,42,9,-22.87687148928336,-42.877486559914402,True,False,182
geodesic_eval_only,main,K-Means,10,17,42,10,-22.923188029415797,-43.670932300893469,True,False,369
geodesic_eval_only,main,K-Means,10,17,42,11,-22.688392101698753,-43.630906195489835,True,False,153
geodesic_eval_only,main,K-Means,10,17,42,12,-22.477721676146285,-43.171188651940248,True,False,234
geodesic_eval_only,main,K-Means,10,17,42,13,-22.905064264543274,-43.091497471614602,True,False,822
geodesic_eval_only,main,K-Means,10,17,42,14,-22.965070860824479,-43.352953885514779,True,False,810
geodesic_eval_only,main,K-Means,10,17,42,15,-22.923519068878715,-43.237726250467524,True,False,1054
geodesic_eval_only,main,K-Means,10,17,42,16,-23.005840776506826,-43.449898039964786,True,False,396
geodesic_eval_only,main,K-Means,5,40,42,0,-22.652760877170053,-43.272240771569656,True,False,118
geodesic_eval_only,main,K-Means,5,40,42,1,-22.923047830234747,-43.384305555902976,True,False,239
geodesic_eval_only,main,K-Means,5,40,42,2,-22.961701736050937,-43.186622214850026,True,False,761
geodesic_eval_only,main,K-Means,5,40,42,3,-22.893413250965633,-43.557467067767064,True,False,408
geodesic_eval_only,main,K-Means,5,40,42,4,-22.829936601311399,-43.004723612824513,True,False,250
geodesic_eval_only,main,K-Means,5,40,42,5,-22.723737013780678,-43.549142761678183,True,False,147
geodesic_eval_only,main,K-Means,5,40,42,6,-22.836305345228123,-43.316127092784164,True,False,281
geodesic_eval_only,main,K-Means,5,40,42,7,-22.388516733465266,-43.12987913902451,True,False,61
geodesic_eval_only,main,K-Means,5,40,42,8,-22.712854232902529,-42.650556944283331,True,False,34
geodesic_eval_only,main,K-Means,5,40,42,9,-22.897477079860078,-43.104629708920399,True,False,633
geodesic_eval_only,main,K-Means,5,40,42,10,-22.918439291579755,-43.235314310240639,True,False,863
geodesic_eval_only,main,K-Means,5,40,42,11,-22.918741542882099,-43.182892105603855,True,False,667
geodesic_eval_only,main,K-Means,5,40,42,12,-22.75560765405405,-43.428124710373233,True,False,262
geodesic_eval_only,main,K-Means,5,40,42,13,-23.00800408760573,-43.468615367200911,True,False,280
geodesic_eval_only,main,K-Means,5,40,42,14,-22.930519536648649,-42.94891666605885,True,False,60
geodesic_eval_only,main,K-Means,5,40,42,15,-22.91801952820316,-43.609646454544929,True,False,236
geodesic_eval_only,main,K-Means,5,40,42,16,-22.509175442062716,-43.185754433950997,True,False,173
geodesic_eval_only,main,K-Means,5,40,42,17,-22.624109639675027,-43.690481055374008,True,False,49
geodesic_eval_only,main,K-Means,5,40,42,18,-22.806662142475478,-43.193910955041872,True,False,147
geodesic_eval_only,main,K-Means,5,40,42,19,-22.470849051492323,-42.657121037845286,True,False,19
geodesic_eval_only,main,K-Means,5,40,42,20,-22.605911571929401,-43.03476983869264,True,False,63
geodesic_eval_only,main,K-Means,5,40,42,21,-22.997802675192077,-43.333148049555035,True,False,280
geodesic_eval_only,main,K-Means,5,40,42,22,-22.939065064575271,-43.675932886503055,True,False,189
geodesic_eval_only,main,K-Means,5,40,42,23,-22.927376214667397,-42.840699191582274,True,False,82
geodesic_eval_only,main,K-Means,5,40,42,24,-22.876122652963012,-43.455155508877858,True,False,244
geodesic_eval_only,main,K-Means,5,40,42,25,-22.896806539603471,-43.28834309326799,True,False,388
geodesic_eval_only,main,K-Means,5,40,42,26,-22.934922793861578,-43.046096440428435,True,False,175
geodesic_eval_only,main,K-Means,5,40,42,27,-22.831377943284455,-43.066263041274929,True,False,142
geodesic_eval_only,main,K-Means,5,40,42,28,-22.757942521424706,-43.321082967412195,True,False,190
geodesic_eval_only,main,K-Means,5,40,42,29,-22.749128477164554,-42.873321839684742,True,False,56
geodesic_eval_only,main,K-Means,5,40,42,30,-22.981687526692557,-43.395726584673234,True,False,267
geodesic_eval_only,main,K-Means,5,40,42,31,-22.873936188183887,-43.359195424518951,True,False,383
geodesic_eval_only,main,K-Means,5,40,42,32,-22.639861640094228,-43.16986066955095,True,False,67
geodesic_eval_only,main,K-Means,5,40,42,33,-22.937904954234131,-43.34748423039764,True,False,283
geodesic_eval_only,main,K-Means,5,40,42,34,-22.767178677322288,-43.674027072387268,True,False,36
geodesic_eval_only,main,K-Means,5,40,42,35,-22.871338940979843,-43.787009249444985,True,False,46
geodesic_eval_only,main,K-Means,5,40,42,36,-22.804844345907856,-43.400710595457582,True,False,266
geodesic_eval_only,main,K-Means,5,40,42,37,-22.979545932279354,-43.224248653783199,True,False,413
geodesic_eval_only,main,K-Means,5,40,42,38,-22.731770198650342,-43.466426175584552,True,False,197
geodesic_eval_only,main,K-Means,5,40,42,39,-22.850681669544542,-43.26644819921173,True,False,236
geodesic_eval_only,main,K-Means,3,82,42,0,-22.876692864691005,-43.538557104372394,True,False,105
geodesic_eval_only,main,K-Means,3,82,42,1,-22.934989433893801,-43.182092209003045,True,False,426
geodesic_eval_only,main,K-Means,3,82,42,2,-22.64095641881601,-43.056502830846554,True,False,42
geodesic_eval_only,main,K-Means,3,82,42,3,-22.96554242872385,-43.388670665927215,True,False,166
geodesic_eval_only,main,K-Means,3,82,42,4,-22.73802175047793,-43.393799103036017,True,False,65
geodesic_eval_only,main,K-Means,3,82,42,5,-22.819897802096133,-43.027016760916375,True,False,112
geodesic_eval_only,main,K-Means,3,82,42,6,-22.836380259205971,-43.270212884159932,True,False,104
geodesic_eval_only,main,K-Means,3,82,42,7,-22.743213557277791,-42.857036748795409,True,False,41
geodesic_eval_only,main,K-Means,3,82,42,8,-22.871338940979843,-43.787009249444985,True,False,46
geodesic_eval_only,main,K-Means,3,82,42,9,-22.427894024726776,-43.201389799035411,True,False,3
geodesic_eval_only,main,K-Means,3,82,42,10,-22.61483382699214,-43.705683375748585,True,False,35
geodesic_eval_only,main,K-Means,3,82,42,11,-22.895636315755883,-43.1209809208815,True,False,150
geodesic_eval_only,main,K-Means,3,82,42,12,-22.749259586625627,-43.449772993650299,True,False,214
geodesic_eval_only,main,K-Means,3,82,42,13,-22.888287887560697,-43.357312164640341,True,False,201
geodesic_eval_only,main,K-Means,3,82,42,14,-22.972116778550085,-43.686789885812871,True,False,54
geodesic_eval_only,main,K-Means,3,82,42,15,-22.940496338301475,-42.891079631075705,True,False,30
geodesic_eval_only,main,K-Means,3,82,42,16,-23.009910486693485,-43.461784124804304,True,False,248
geodesic_eval_only,main,K-Means,3,82,42,17,-22.97912481295549,-43.196730058551225,True,False,305
geodesic_eval_only,main,K-Means,3,82,42,18,-22.663402598468771,-43.268690525054573,True,False,85
geodesic_eval_only,main,K-Means,3,82,42,19,-22.901021601118956,-43.278155815309653,True,False,312
geodesic_eval_only,main,K-Means,3,82,42,20,-22.900588371811864,-43.604909093569944,True,False,130
geodesic_eval_only,main,K-Means,3,82,42,21,-22.712854232902529,-42.650556944283331,True,False,34
geodesic_eval_only,main,K-Means,3,82,42,22,-22.815302024060138,-43.414564662051809,True,False,143
geodesic_eval_only,main,K-Means,3,82,42,23,-22.515382135921158,-43.192842169598194,True,False,142
geodesic_eval_only,main,K-Means,3,82,42,24,-22.806662142475478,-43.193910955041872,True,False,147
geodesic_eval_only,main,K-Means,3,82,42,25,-22.944502525658514,-43.027735425942055,True,False,81
geodesic_eval_only,main,K-Means,3,82,42,26,-22.470849051492323,-42.657121037845286,True,False,19
geodesic_eval_only,main,K-Means,3,82,42,27,-22.713594160306471,-43.565117440188558,True,False,51
geodesic_eval_only,main,K-Means,3,82,42,28,-22.882504919801299,-43.426687759044313,True,False,103
geodesic_eval_only,main,K-Means,3,82,42,29,-23.004651713799412,-43.339349205295974,True,False,187
geodesic_eval_only,main,K-Means,3,82,42,30,-22.740348512916984,-43.702890192907162,True,False,20
geodesic_eval_only,main,K-Means,3,82,42,31,-22.912308534388472,-43.22282685729332,True,False,353
geodesic_eval_only,main,K-Means,3,82,42,32,-22.950081725240675,-43.333034201496424,True,False,153
geodesic_eval_only,main,K-Means,3,82,42,33,-22.835956756198581,-43.315433176798045,True,False,258
geodesic_eval_only,main,K-Means,3,82,42,34,-22.622684483877663,-43.190308676721465,True,False,54
geodesic_eval_only,main,K-Means,3,82,42,35,-22.535821878156177,-42.991303854384803,True,False,21
geodesic_eval_only,main,K-Means,3,82,42,36,-22.789661604530217,-43.36644606905481,True,False,127
geodesic_eval_only,main,K-Means,3,82,42,37,-22.383893053338081,-43.126881299093654,True,False,38
geodesic_eval_only,main,K-Means,3,82,42,38,-22.72528818830688,-43.326487892227874,True,False,59
geodesic_eval_only,main,K-Means,3,82,42,39,-22.872201958397831,-43.472652051429463,True,False,147
geodesic_eval_only,main,K-Means,3,82,42,40,-22.917898973510059,-43.552510580890626,True,False,145
geodesic_eval_only,main,K-Means,3,82,42,41,-22.959001780253519,-43.18498349487475,True,False,432
geodesic_eval_only,main,K-Means,3,82,42,42,-22.910830302577924,-43.683492045372688,True,False,84
geodesic_eval_only,main,K-Means,3,82,42,43,-22.96924614025011,-43.217567628892709,True,False,117
geodesic_eval_only,main,K-Means,3,82,42,44,-22.861824425303546,-43.265342272091324,True,False,162
geodesic_eval_only,main,K-Means,3,82,42,45,-22.900219873700067,-43.058031403997447,True,False,66
geodesic_eval_only,main,K-Means,3,82,42,46,-22.927580498421417,-43.642224730922834,True,False,86
geodesic_eval_only,main,K-Means,3,82,42,47,-22.680563237028309,-43.141180011289052,True,False,22
geodesic_eval_only,main,K-Means,3,82,42,48,-22.923605520523171,-43.385504917025948,True,False,200
geodesic_eval_only,main,K-Means,3,82,42,49,-22.874126204046274,-43.094875193431058,True,False,119
geodesic_eval_only,main,K-Means,3,82,42,50,-22.904950928035326,-43.102801543507631,True,False,350
geodesic_eval_only,main,K-Means,3,82,42,51,-23.000618991095681,-43.404718284567252,True,False,116
geodesic_eval_only,main,K-Means,3,82,42,52,-22.756964177472938,-43.499916323985495,True,False,83
geodesic_eval_only,main,K-Means,3,82,42,53,-22.948565702905171,-42.703432366189951,True,False,2
geodesic_eval_only,main,K-Means,3,82,42,54,-22.920741172948222,-42.831043523869674,True,False,60
geodesic_eval_only,main,K-Means,3,82,42,55,-22.823426641457591,-42.959221294111622,True,False,30
geodesic_eval_only,main,K-Means,3,82,42,56,-22.807342096925868,-43.618603170947843,True,False,26
geodesic_eval_only,main,K-Means,3,82,42,57,-22.886570237278889,-43.31441048819984,True,False,140
geodesic_eval_only,main,K-Means,3,82,42,58,-22.979900329721087,-43.49176475913368,True,False,15
geodesic_eval_only,main,K-Means,3,82,42,59,-22.984620088679723,-43.235135320224394,True,False,197
geodesic_eval_only,main,K-Means,3,82,42,60,-22.966908637988595,-43.614203461237025,True,False,61
geodesic_eval_only,main,K-Means,3,82,42,61,-22.464924502566273,-43.149235538094153,True,False,46
geodesic_eval_only,main,K-Means,3,82,42,62,-22.778986216514191,-43.419445979162198,True,False,92
geodesic_eval_only,main,K-Means,3,82,42,63,-22.268892739670068,-43.076812591215528,True,False,5
geodesic_eval_only,main,K-Means,3,82,42,64,-22.888705568844081,-43.574383150900438,True,False,159
geodesic_eval_only,main,K-Means,3,82,42,65,-22.765295924855039,-42.917834421448916,True,False,15
geodesic_eval_only,main,K-Means,3,82,42,66,-22.703803422832245,-43.450348646258554,True,False,63
geodesic_eval_only,main,K-Means,3,82,42,67,-22.857927425977891,-43.367994553949103,True,False,165
geodesic_eval_only,main,K-Means,3,82,42,68,-22.92480603555472,-43.243491731010081,True,False,480
geodesic_eval_only,main,K-Means,3,82,42,69,-22.945434263478099,-43.066365234354869,True,False,56
geodesic_eval_only,main,K-Means,3,82,42,70,-22.729567827416062,-43.522820207009971,True,False,52
geodesic_eval_only,main,K-Means,3,82,42,71,-22.907142791310726,-43.183136744805672,True,False,356
geodesic_eval_only,main,K-Means,3,82,42,72,-23.004990522576701,-43.547845204575459,True,False,17
geodesic_eval_only,main,K-Means,3,82,42,73,-22.935750554138547,-43.354846148874188,True,False,182
geodesic_eval_only,main,K-Means,3,82,42,74,-22.602759574173636,-43.300352699629869,True,False,20
geodesic_eval_only,main,K-Means,3,82,42,75,-22.665174706660398,-43.625697069287881,True,False,34
geodesic_eval_only,main,K-Means,3,82,42,76,-22.814800609217837,-42.996865436423363,True,False,73
geodesic_eval_only,main,K-Means,3,82,42,77,-22.936062305725088,-42.947753196522051,True,False,39
geodesic_eval_only,main,K-Means,3,82,42,78,-22.831215466300065,-43.069191974022097,True,False,110
geodesic_eval_only,main,K-Means,3,82,42,79,-22.872798037485801,-43.006251563848771,True,False,64
geodesic_eval_only,main,K-Means,3,82,42,80,-23.006655507475898,-43.307925799110713,True,False,41
geodesic_eval_only,main,K-Means,3,82,42,81,-22.768238047172819,-43.303357785516603,True,False,98
geodesic_eval_only,main,Ward,10,17,-1,0,-22.689306152461057,-42.766149163734312,True,False,95
geodesic_eval_only,main,Ward,10,17,-1,1,-22.772698185112937,-43.369630681741853,True,False,455
geodesic_eval_only,main,Ward,10,17,-1,2,-22.477721676146288,-43.171188651940241,True,False,234
geodesic_eval_only,main,Ward,10,17,-1,3,-22.863880587643933,-43.293361690478037,True,False,1316
geodesic_eval_only,main,Ward,10,17,-1,4,-22.648963332494652,-43.236452534243284,True,False,179
geodesic_eval_only,main,Ward,10,17,-1,5,-22.826404505403953,-43.027799564629881,True,False,403
geodesic_eval_only,main,Ward,10,17,-1,6,-22.895021264427289,-43.5764048572739,True,False,547
geodesic_eval_only,main,Ward,10,17,-1,7,-22.863056039660759,-43.433979637878259,True,False,510
geodesic_eval_only,main,Ward,10,17,-1,8,-22.940116324134777,-43.205281083443417,True,False,2652
geodesic_eval_only,main,Ward,10,17,-1,9,-22.742110151578466,-43.468487893902875,True,False,447
geodesic_eval_only,main,Ward,10,17,-1,10,-22.930565608059606,-42.879336558738764,True,False,131
geodesic_eval_only,main,Ward,10,17,-1,11,-22.680732390250657,-43.635153196939278,True,False,144
geodesic_eval_only,main,Ward,10,17,-1,12,-22.871338940979847,-43.787009249444992,True,False,46
geodesic_eval_only,main,Ward,10,17,-1,13,-22.971312774234274,-43.380342344581841,True,False,1326
geodesic_eval_only,main,Ward,10,17,-1,14,-22.605911571929401,-43.03476983869264,True,False,69
geodesic_eval_only,main,Ward,10,17,-1,15,-22.904704798131839,-43.08831804644106,True,False,822
geodesic_eval_only,main,Ward,10,17,-1,16,-22.946875815274101,-43.65190639468274,True,False,315
geodesic_eval_only,main,Ward,5,42,-1,0,-22.824600105899599,-43.048427236673078,True,False,200
geodesic_eval_only,main,Ward,5,42,-1,1,-22.656246347439087,-43.27948977364278,True,False,108
geodesic_eval_only,main,Ward,5,42,-1,2,-22.741544326206462,-43.453348049195128,True,False,306
geodesic_eval_only,main,Ward,5,42,-1,3,-22.754378060239823,-43.312303542974817,True,False,149
geodesic_eval_only,main,Ward,5,42,-1,4,-22.972367838634863,-43.629695425569054,True,False,90
geodesic_eval_only,main,Ward,5,42,-1,5,-22.853618101891577,-43.405331585656384,True,False,160
geodesic_eval_only,main,Ward,5,42,-1,6,-22.926775634622295,-43.038766083138974,True,False,199
geodesic_eval_only,main,Ward,5,42,-1,7,-22.70333513774894,-43.577070268615579,True,False,71
geodesic_eval_only,main,Ward,5,42,-1,8,-22.749128477164554,-42.873321839684735,True,False,56
geodesic_eval_only,main,Ward,5,42,-1,9,-22.657802066701684,-43.694077906832895,True,False,69
geodesic_eval_only,main,Ward,5,42,-1,10,-22.921638738430705,-42.826927034912273,True,False,62
geodesic_eval_only,main,Ward,5,42,-1,11,-22.712854232902529,-42.650556944283331,True,False,34
geodesic_eval_only,main,Ward,5,42,-1,12,-22.805994334793315,-43.618740975954807,True,False,26
geodesic_eval_only,main,Ward,5,42,-1,13,-22.829677602179295,-42.990381926970123,True,False,168
geodesic_eval_only,main,Ward,5,42,-1,14,-22.900440386853802,-43.596654630324615,True,False,278
geodesic_eval_only,main,Ward,5,42,-1,15,-22.38851673346527,-43.12987913902451,True,False,61
geodesic_eval_only,main,Ward,5,42,-1,16,-22.633836042236588,-43.055495901078793,True,False,42
geodesic_eval_only,main,Ward,5,42,-1,17,-22.896728551848923,-43.545728660250944,True,False,293
geodesic_eval_only,main,Ward,5,42,-1,18,-22.625030308414221,-43.196732622244028,True,False,55
geodesic_eval_only,main,Ward,5,42,-1,19,-22.884617734747955,-43.275655666682589,True,False,512
geodesic_eval_only,main,Ward,5,42,-1,20,-22.87459118477344,-43.349468991699098,True,False,375
geodesic_eval_only,main,Ward,5,42,-1,21,-22.509175442062713,-43.185754433950997,True,False,173
geodesic_eval_only,main,Ward,5,42,-1,22,-22.806662142475478,-43.193910955041872,True,False,147
geodesic_eval_only,main,Ward,5,42,-1,23,-22.968435773367133,-43.19907425863218,True,False,1022
geodesic_eval_only,main,Ward,5,42,-1,24,-22.938360902665131,-42.925102621798537,True,False,69
geodesic_eval_only,main,Ward,5,42,-1,25,-22.873849703297324,-43.46674287992208,True,False,186
geodesic_eval_only,main,Ward,5,42,-1,26,-22.871338940979847,-43.787009249444992,True,False,46
geodesic_eval_only,main,Ward,5,42,-1,27,-22.948659468379031,-43.374993566177665,True,False,647
geodesic_eval_only,main,Ward,5,42,-1,28,-22.743986613271346,-43.518696562576551,True,False,105
geodesic_eval_only,main,Ward,5,42,-1,29,-22.996363513578345,-43.324883091353684,True,False,311
geodesic_eval_only,main,Ward,5,42,-1,30,-22.897646262280745,-43.104165398199129,True,False,644
geodesic_eval_only,main,Ward,5,42,-1,31,-22.741828005739873,-43.396837059723204,True,False,82
geodesic_eval_only,main,Ward,5,42,-1,32,-23.008198880782512,-43.463494046914349,True,False,396
geodesic_eval_only,main,Ward,5,42,-1,33,-22.530351240509944,-42.978687552235982,True,False,21
geodesic_eval_only,main,Ward,5,42,-1,34,-22.789016267278946,-43.366744378660933,True,False,131
geodesic_eval_only,main,Ward,5,42,-1,35,-22.920458150400179,-43.181978527144153,True,False,782
geodesic_eval_only,main,Ward,5,42,-1,36,-22.794057193146486,-43.421643197817986,True,False,184
geodesic_eval_only,main,Ward,5,42,-1,37,-22.470849051492323,-42.657121037845286,True,False,19
geodesic_eval_only,main,Ward,5,42,-1,38,-22.680563237028309,-43.141180011289059,True,False,22
geodesic_eval_only,main,Ward,5,42,-1,39,-22.918012945849114,-43.677054351447829,True,False,163
geodesic_eval_only,main,Ward,5,42,-1,40,-22.919538850956151,-43.234201862033323,True,False,868
geodesic_eval_only,main,Ward,5,42,-1,41,-22.834655528674787,-43.306620505910615,True,False,359
geodesic_eval_only,main,Ward,3,80,-1,0,-22.920458150400179,-43.181978527144153,True,False,667
geodesic_eval_only,main,Ward,3,80,-1,1,-22.668831470560381,-43.274580849881126,True,False,78
geodesic_eval_only,main,Ward,3,80,-1,2,-22.716162568431741,-42.647824133979,True,False,33
geodesic_eval_only,main,Ward,3,80,-1,3,-22.892032654019413,-43.028164956705382,True,False,70
geodesic_eval_only,main,Ward,3,80,-1,4,-22.710066321119335,-43.453021475104904,True,False,87
geodesic_eval_only,main,Ward,3,80,-1,5,-22.832210396766957,-43.068406984842085,True,False,118
geodesic_eval_only,main,Ward,3,80,-1,6,-22.920741172948219,-42.831043523869667,True,False,60
geodesic_eval_only,main,Ward,3,80,-1,7,-22.73515605918935,-43.324036959471201,True,False,63
geodesic_eval_only,main,Ward,3,80,-1,8,-22.743473176944697,-42.857793862639475,True,False,42
geodesic_eval_only,main,Ward,3,80,-1,9,-22.930788192088666,-42.905103403661343,True,False,47
geodesic_eval_only,main,Ward,3,80,-1,10,-22.966904402216176,-43.584284791873763,True,False,65
geodesic_eval_only,main,Ward,3,80,-1,11,-22.814878991099711,-42.968378331558576,True,False,51
geodesic_eval_only,main,Ward,3,80,-1,12,-22.997452121501432,-43.285298459542688,True,False,72
geodesic_eval_only,main,Ward,3,80,-1,13,-22.624109639675027,-43.690481055374008,True,False,49
geodesic_eval_only,main,Ward,3,80,-1,14,-22.86857060471797,-43.47794403375201,True,False,94
geodesic_eval_only,main,Ward,3,80,-1,15,-22.741828005739873,-43.396837059723204,True,False,74
geodesic_eval_only,main,Ward,3,80,-1,16,-22.887100005031357,-43.110091710265905,True,False,261
geodesic_eval_only,main,Ward,3,80,-1,17,-22.729567827416059,-43.522820207009971,True,False,43
geodesic_eval_only,main,Ward,3,80,-1,18,-22.680563237028309,-43.141180011289059,True,False,22
geodesic_eval_only,main,Ward,3,80,-1,19,-22.919538850956151,-43.234201862033323,True,False,819
geodesic_eval_only,main,Ward,3,80,-1,20,-22.815410320701268,-43.024300748318019,True,False,105
geodesic_eval_only,main,Ward,3,80,-1,21,-22.777031113268073,-43.359573608724197,True,False,64
geodesic_eval_only,main,Ward,3,80,-1,22,-22.771653529538348,-43.301758320554008,True,False,94
geodesic_eval_only,main,Ward,3,80,-1,23,-22.880343939757712,-43.35087161145993,True,False,257
geodesic_eval_only,main,Ward,3,80,-1,24,-22.42005740210417,-43.141178883214565,True,False,36
geodesic_eval_only,main,Ward,3,80,-1,25,-22.888627332918837,-43.300339939103395,True,False,136
geodesic_eval_only,main,Ward,3,80,-1,26,-22.618128525599097,-43.180181240546233,True,False,37
geodesic_eval_only,main,Ward,3,80,-1,27,-22.838741751465548,-43.003859129159679,True,False,89
geodesic_eval_only,main,Ward,3,80,-1,28,-22.895327245032156,-43.582795704781148,True,False,225
geodesic_eval_only,main,Ward,3,80,-1,29,-22.924647384504901,-43.37729918704423,True,False,270
geodesic_eval_only,main,Ward,3,80,-1,30,-22.752923689108346,-43.444934496098981,True,False,173
geodesic_eval_only,main,Ward,3,80,-1,31,-22.979503836728174,-43.214603058323796,True,False,485
geodesic_eval_only,main,Ward,3,80,-1,32,-22.979971085586023,-43.395271814020276,True,False,267
geodesic_eval_only,main,Ward,3,80,-1,33,-22.800132931868745,-43.373395527587768,True,False,71
geodesic_eval_only,main,Ward,3,80,-1,34,-22.884268143158806,-43.623894386849798,True,False,26
geodesic_eval_only,main,Ward,3,80,-1,35,-22.515764701238233,-43.193549637703789,True,False,126
geodesic_eval_only,main,Ward,3,80,-1,36,-22.794057193146486,-43.421643197817986,True,False,138
geodesic_eval_only,main,Ward,3,80,-1,37,-22.920530355077055,-43.626816463503133,True,False,79
geodesic_eval_only,main,Ward,3,80,-1,38,-22.876764147264918,-43.543065318074198,True,False,134
geodesic_eval_only,main,Ward,3,80,-1,39,-22.918012945849114,-43.677054351447829,True,False,121
geodesic_eval_only,main,Ward,3,80,-1,40,-22.64654045037916,-43.055433287667533,True,False,38
geodesic_eval_only,main,Ward,3,80,-1,41,-22.834655528674787,-43.306620505910615,True,False,251
geodesic_eval_only,main,Ward,3,80,-1,42,-22.866455816256806,-43.773656206532017,True,False,35
geodesic_eval_only,main,Ward,3,80,-1,43,-22.714040918851609,-43.56451440044021,True,False,50
geodesic_eval_only,main,Ward,3,80,-1,44,-22.602759574173632,-43.300352699629869,True,False,20
geodesic_eval_only,main,Ward,3,80,-1,45,-22.806662142475478,-43.193910955041872,True,False,147
geodesic_eval_only,main,Ward,3,80,-1,46,-22.982014002085783,-43.640255287927204,True,False,30
geodesic_eval_only,main,Ward,3,80,-1,47,-22.740348512916984,-43.702890192907162,True,False,20
geodesic_eval_only,main,Ward,3,80,-1,48,-22.883395302040888,-43.415484534800527,True,False,79
geodesic_eval_only,main,Ward,3,80,-1,49,-22.678354981842698,-43.606367294358101,True,False,21
geodesic_eval_only,main,Ward,3,80,-1,50,-22.268892739670068,-43.076812591215528,True,False,5
geodesic_eval_only,main,Ward,3,80,-1,51,-22.94479051345342,-43.044262963511954,True,False,135
geodesic_eval_only,main,Ward,3,80,-1,52,-22.855505345283191,-43.261326078749306,True,False,222
geodesic_eval_only,main,Ward,3,80,-1,53,-22.766094377824121,-42.919905770820542,True,False,14
geodesic_eval_only,main,Ward,3,80,-1,54,-22.948565702905171,-42.703432366189951,True,False,2
geodesic_eval_only,main,Ward,3,80,-1,55,-22.603679160438642,-42.740739684326293,True,False,1
geodesic_eval_only,main,Ward,3,80,-1,56,-22.82288096978629,-43.408154842519224,True,False,74
geodesic_eval_only,main,Ward,3,80,-1,57,-22.811564417819163,-43.586841989644981,True,False,13
geodesic_eval_only,main,Ward,3,80,-1,58,-22.573490103559394,-43.055793314782285,True,False,8
geodesic_eval_only,main,Ward,3,80,-1,59,-22.639178963185213,-43.230662954724487,True,False,24
geodesic_eval_only,main,Ward,3,80,-1,60,-22.959813190454121,-43.186976535795516,True,False,652
geodesic_eval_only,main,Ward,3,80,-1,61,-22.749907479796651,-43.478889782619682,True,False,61
geodesic_eval_only,main,Ward,3,80,-1,62,-22.953190794210705,-42.964267757317188,True,False,24
geodesic_eval_only,main,Ward,3,80,-1,63,-22.915919142301757,-43.548288772110745,True,False,119
geodesic_eval_only,main,Ward,3,80,-1,64,-22.90100995289751,-43.275712969030565,True,False,305
geodesic_eval_only,main,Ward,3,80,-1,65,-23.008198880782512,-43.463494046914349,True,False,263
geodesic_eval_only,main,Ward,3,80,-1,66,-22.800852719692529,-43.648186194086961,True,False,13
geodesic_eval_only,main,Ward,3,80,-1,67,-22.530351240509944,-42.978687552235982,True,False,17
geodesic_eval_only,main,Ward,3,80,-1,68,-22.886876156007695,-43.829496204168073,True,False,11
geodesic_eval_only,main,Ward,3,80,-1,69,-22.97393304015122,-43.692431028413075,True,False,42
geodesic_eval_only,main,Ward,3,80,-1,70,-22.845737523055476,-43.342433976961182,True,False,64
geodesic_eval_only,main,Ward,3,80,-1,71,-22.9960347095526,-43.336839265859858,True,False,193
geodesic_eval_only,main,Ward,3,80,-1,72,-22.940567353195906,-43.342607415811742,True,False,298
geodesic_eval_only,main,Ward,3,80,-1,73,-22.361649528364033,-43.122806236434656,True,False,20
geodesic_eval_only,main,Ward,3,80,-1,74,-22.760968738834247,-43.513839825799423,True,False,54
geodesic_eval_only,main,Ward,3,80,-1,75,-22.470849051492323,-42.657121037845286,True,False,19
geodesic_eval_only,main,Ward,3,80,-1,76,-22.483194934456399,-43.15501905915427,True,False,47
geodesic_eval_only,main,Ward,3,80,-1,77,-22.853303163972491,-43.385780614426317,True,False,85
geodesic_eval_only,main,Ward,3,80,-1,78,-22.880367108950853,-43.452914294946844,True,False,87
geodesic_eval_only,main,Ward,3,80,-1,79,-22.904889875812568,-43.100094957542744,True,False,380
geodesic_eval_only,main,Complete,10,19,-1,0,-22.664492499235369,-43.25407294441154,True,False,214
geodesic_eval_only,main,Complete,10,19,-1,1,-22.739215316531688,-43.465560285917768,True,False,590
geodesic_eval_only,main,Complete,10,19,-1,2,-22.843578853226688,-43.287982451133523,True,False,1263
geodesic_eval_only,main,Complete,10,19,-1,3,-22.908561260580157,-43.599892987564907,True,False,825
geodesic_eval_only,main,Complete,10,19,-1,4,-22.881195280960426,-43.070147484904702,True,False,1180
geodesic_eval_only,main,Complete,10,19,-1,5,-22.942762636933708,-43.360828437680375,True,False,1092
geodesic_eval_only,main,Complete,10,19,-1,6,-22.712994863518411,-42.659214105229829,True,False,34
geodesic_eval_only,main,Complete,10,19,-1,7,-22.930290797451278,-42.882022118930351,True,False,135
geodesic_eval_only,main,Complete,10,19,-1,8,-22.38851673346527,-43.12987913902451,True,False,61
geodesic_eval_only,main,Complete,10,19,-1,9,-22.605911571929401,-43.03476983869264,True,False,75
geodesic_eval_only,main,Complete,10,19,-1,10,-22.871338940979847,-43.787009249444992,True,False,67
geodesic_eval_only,main,Complete,10,19,-1,11,-22.948565702905171,-42.703432366189951,True,False,2
geodesic_eval_only,main,Complete,10,19,-1,12,-22.662597746901252,-43.673612097255443,True,False,100
geodesic_eval_only,main,Complete,10,19,-1,13,-23.00800408760573,-43.468615367200911,True,False,396
geodesic_eval_only,main,Complete,10,19,-1,14,-22.470849051492323,-42.657121037845286,True,False,19
geodesic_eval_only,main,Complete,10,19,-1,15,-22.750378213948856,-42.875800950735282,True,False,81
geodesic_eval_only,main,Complete,10,19,-1,16,-22.843810467427851,-43.429582668090632,True,False,644
geodesic_eval_only,main,Complete,10,19,-1,17,-22.509175442062713,-43.185754433950997,True,False,178
geodesic_eval_only,main,Complete,10,19,-1,18,-22.939977086135006,-43.207048742955493,True,False,2735
geodesic_eval_only,main,Complete,5,45,-1,0,-22.399197447196986,-43.134617223650316,True,False,56
geodesic_eval_only,main,Complete,5,45,-1,1,-22.876750096761718,-43.451168228904386,True,False,244
geodesic_eval_only,main,Complete,5,45,-1,2,-22.926775634622295,-43.038766083138974,True,False,197
geodesic_eval_only,main,Complete,5,45,-1,3,-22.846636504521548,-43.621416785457981,True,False,35
geodesic_eval_only,main,Complete,5,45,-1,4,-22.733259896366917,-43.45795304888528,True,False,247
geodesic_eval_only,main,Complete,5,45,-1,5,-22.633836042236588,-43.055495901078793,True,False,42
geodesic_eval_only,main,Complete,5,45,-1,6,-22.877115461373247,-43.278632640408112,True,False,666
geodesic_eval_only,main,Complete,5,45,-1,7,-22.976212889918695,-43.358516686575712,True,False,683
geodesic_eval_only,main,Complete,5,45,-1,8,-22.827497006625745,-43.001411114104442,True,False,210
geodesic_eval_only,main,Complete,5,45,-1,9,-22.736923911666874,-43.528833134957409,True,False,148
geodesic_eval_only,main,Complete,5,45,-1,10,-22.961647402469954,-43.196436795203816,True,False,1428
geodesic_eval_only,main,Complete,5,45,-1,11,-22.625030308414221,-43.196732622244028,True,False,55
geodesic_eval_only,main,Complete,5,45,-1,12,-22.89483986291695,-43.558754301177224,True,False,420
geodesic_eval_only,main,Complete,5,45,-1,13,-23.00800408760573,-43.468615367200911,True,False,280
geodesic_eval_only,main,Complete,5,45,-1,14,-22.901783388099993,-43.363660518615667,True,False,693
geodesic_eval_only,main,Complete,5,45,-1,15,-22.813332518578026,-43.409610263067293,True,False,257
geodesic_eval_only,main,Complete,5,45,-1,16,-22.924184089925554,-43.609217414786855,True,False,200
geodesic_eval_only,main,Complete,5,45,-1,17,-22.823586966739782,-43.058378721043198,True,False,165
geodesic_eval_only,main,Complete,5,45,-1,18,-22.897110352008731,-43.103965130996556,True,False,637
geodesic_eval_only,main,Complete,5,45,-1,19,-22.747935273103895,-43.416682533313683,True,False,193
geodesic_eval_only,main,Complete,5,45,-1,20,-22.9650931119467,-43.668578444008268,True,False,104
geodesic_eval_only,main,Complete,5,45,-1,21,-22.871338940979847,-43.787009249444992,True,False,46
geodesic_eval_only,main,Complete,5,45,-1,22,-22.820676503971981,-43.334173264508166,True,False,374
geodesic_eval_only,main,Complete,5,45,-1,23,-22.948565702905171,-42.703432366189951,True,False,2
geodesic_eval_only,main,Complete,5,45,-1,24,-22.268892739670068,-43.076812591215528,True,False,5
geodesic_eval_only,main,Complete,5,45,-1,25,-22.730260428068107,-42.747482167139246,True,False,8
geodesic_eval_only,main,Complete,5,45,-1,26,-22.936509473564342,-42.945115198886349,True,False,51
geodesic_eval_only,main,Complete,5,45,-1,27,-22.602759574173632,-43.300352699629869,True,False,20
geodesic_eval_only,main,Complete,5,45,-1,28,-22.806662142475478,-43.193910955041872,True,False,147
geodesic_eval_only,main,Complete,5,45,-1,29,-22.470849051492323,-42.657121037845286,True,False,19
geodesic_eval_only,main,Complete,5,45,-1,30,-22.530351240509944,-42.978687552235982,True,False,21
geodesic_eval_only,main,Complete,5,45,-1,31,-22.711927870432564,-42.63004113951235,True,False,27
geodesic_eval_only,main,Complete,5,45,-1,32,-22.750378213948856,-42.875800950735282,True,False,54
geodesic_eval_only,main,Complete,5,45,-1,33,-22.680563237028309,-43.141180011289059,True,False,22
geodesic_eval_only,main,Complete,5,45,-1,34,-22.740348512916984,-43.702890192907162,True,False,22
geodesic_eval_only,main,Complete,5,45,-1,35,-22.509175442062713,-43.185754433950997,True,False,173
geodesic_eval_only,main,Complete,5,45,-1,36,-22.603679160438642,-42.740739684326293,True,False,1
geodesic_eval_only,main,Complete,5,45,-1,37,-22.624109639675027,-43.690481055374008,True,False,49
geodesic_eval_only,main,Complete,5,45,-1,38,-22.678354981842698,-43.606367294358101,True,False,28
geodesic_eval_only,main,Complete,5,45,-1,39,-22.926811300102301,-42.846720038478779,True,False,80
geodesic_eval_only,main,Complete,5,45,-1,40,-22.915347839471757,-43.219109678048142,True,False,1238
geodesic_eval_only,main,Complete,5,45,-1,41,-22.665512837454028,-43.271350468799,True,False,84
geodesic_eval_only,main,Complete,5,45,-1,42,-22.723931941217639,-43.323062568461758,True,False,62
geodesic_eval_only,main,Complete,5,45,-1,43,-22.91096056802483,-43.681811013252734,True,False,89
geodesic_eval_only,main,Complete,5,45,-1,44,-22.7650753719,-43.300240619581658,True,False,109
geodesic_eval_only,main,Complete,3,88,-1,0,-22.892032654019413,-43.028164956705382,True,False,70
geodesic_eval_only,main,Complete,3,88,-1,1,-22.624109639675027,-43.690481055374008,True,False,49
geodesic_eval_only,main,Complete,3,88,-1,2,-22.817213204292489,-42.963146353479331,True,False,39
geodesic_eval_only,main,Complete,3,88,-1,3,-22.639312812336271,-43.221062133767575,True,False,24
geodesic_eval_only,main,Complete,3,88,-1,4,-22.833455158014559,-43.396250322025153,True,False,107
geodesic_eval_only,main,Complete,3,88,-1,5,-22.978378666776944,-43.229626503481278,True,False,322
geodesic_eval_only,main,Complete,3,88,-1,6,-22.751941704500872,-43.427837174735885,True,False,130
geodesic_eval_only,main,Complete,3,88,-1,7,-22.680563237028309,-43.141180011289059,True,False,22
geodesic_eval_only,main,Complete,3,88,-1,8,-22.902270943721057,-43.106006079242398,True,False,530
geodesic_eval_only,main,Complete,3,88,-1,9,-22.738390089617603,-43.458324219010272,True,False,148
geodesic_eval_only,main,Complete,3,88,-1,10,-22.744877556592513,-42.860364263705435,True,False,40
geodesic_eval_only,main,Complete,3,88,-1,11,-22.979971085586023,-43.395271814020276,True,False,267
geodesic_eval_only,main,Complete,3,88,-1,12,-22.958233291620051,-43.680060804581672,True,False,74
geodesic_eval_only,main,Complete,3,88,-1,13,-22.837279276085603,-43.321388553616899,True,False,285
geodesic_eval_only,main,Complete,3,88,-1,14,-22.839383922984599,-43.017774884312928,True,False,83
geodesic_eval_only,main,Complete,3,88,-1,15,-23.005012045118427,-43.333698505060909,True,False,228
geodesic_eval_only,main,Complete,3,88,-1,16,-22.61291182023793,-43.176089400345248,True,False,37
geodesic_eval_only,main,Complete,3,88,-1,17,-22.953190794210705,-42.964267757317188,True,False,24
geodesic_eval_only,main,Complete,3,88,-1,18,-22.880343939757712,-43.35087161145993,True,False,313
geodesic_eval_only,main,Complete,3,88,-1,19,-22.945950911491206,-43.339840493901157,True,False,252
geodesic_eval_only,main,Complete,3,88,-1,20,-22.518253030691497,-43.194481731769194,True,False,126
geodesic_eval_only,main,Complete,3,88,-1,21,-22.7650753719,-43.300240619581658,True,False,81
geodesic_eval_only,main,Complete,3,88,-1,22,-22.361649528364033,-43.122806236434656,True,False,20
geodesic_eval_only,main,Complete,3,88,-1,23,-22.686318628123189,-43.454556842241537,True,False,54
geodesic_eval_only,main,Complete,3,88,-1,24,-22.94479051345342,-43.044262963511954,True,False,135
geodesic_eval_only,main,Complete,3,88,-1,25,-22.727959528523488,-43.326086794664413,True,False,49
geodesic_eval_only,main,Complete,3,88,-1,26,-23.008198880782512,-43.463494046914349,True,False,263
geodesic_eval_only,main,Complete,3,88,-1,27,-22.602759574173632,-43.300352699629869,True,False,20
geodesic_eval_only,main,Complete,3,88,-1,28,-22.806662142475478,-43.193910955041872,True,False,147
geodesic_eval_only,main,Complete,3,88,-1,29,-22.924647384504901,-43.37729918704423,True,False,316
geodesic_eval_only,main,Complete,3,88,-1,30,-22.766094377824121,-42.919905770820542,True,False,14
geodesic_eval_only,main,Complete,3,88,-1,31,-22.764907051877373,-43.533364584974585,True,False,26
geodesic_eval_only,main,Complete,3,88,-1,32,-22.876764147264918,-43.543065318074198,True,False,134
geodesic_eval_only,main,Complete,3,88,-1,33,-22.982014002085783,-43.640255287927204,True,False,30
geodesic_eval_only,main,Complete,3,88,-1,34,-22.920789607710311,-43.236616511125092,True,False,849
geodesic_eval_only,main,Complete,3,88,-1,35,-22.781488502285271,-43.337041429203019,True,False,45
geodesic_eval_only,main,Complete,3,88,-1,36,-22.817632642891557,-43.001457818095872,True,False,60
geodesic_eval_only,main,Complete,3,88,-1,37,-22.917310266824234,-42.832852038446227,True,False,54
geodesic_eval_only,main,Complete,3,88,-1,38,-22.678354981842698,-43.606367294358101,True,False,21
geodesic_eval_only,main,Complete,3,88,-1,39,-22.919102878107278,-42.925129920523744,True,False,23
geodesic_eval_only,main,Complete,3,88,-1,40,-22.903767180138839,-43.291338021697328,True,False,239
geodesic_eval_only,main,Complete,3,88,-1,41,-22.665512837454028,-43.271350468799,True,False,76
geodesic_eval_only,main,Complete,3,88,-1,42,-22.906661082386037,-43.191163319509343,True,False,412
geodesic_eval_only,main,Complete,3,88,-1,43,-22.91096056802483,-43.681811013252734,True,False,89
geodesic_eval_only,main,Complete,3,88,-1,44,-22.891978555732596,-43.578487757191304,True,False,191
geodesic_eval_only,main,Complete,3,88,-1,45,-22.419344981865756,-43.13570516359448,True,False,33
geodesic_eval_only,main,Complete,3,88,-1,46,-22.870854100495723,-43.476790586516522,True,False,110
geodesic_eval_only,main,Complete,3,88,-1,47,-22.948565702905171,-42.703432366189951,True,False,2
geodesic_eval_only,main,Complete,3,88,-1,48,-22.884268143158806,-43.623894386849798,True,False,26
geodesic_eval_only,main,Complete,3,88,-1,49,-22.268892739670068,-43.076812591215528,True,False,5
geodesic_eval_only,main,Complete,3,88,-1,50,-22.830389841084337,-43.069655693930692,True,False,110
geodesic_eval_only,main,Complete,3,88,-1,51,-22.811564417819163,-43.586841989644981,True,False,13
geodesic_eval_only,main,Complete,3,88,-1,52,-22.886876156007695,-43.829496204168073,True,False,11
geodesic_eval_only,main,Complete,3,88,-1,53,-22.573490103559394,-43.055793314782285,True,False,8
geodesic_eval_only,main,Complete,3,88,-1,54,-22.793066146002658,-43.423065632259721,True,False,156
geodesic_eval_only,main,Complete,3,88,-1,55,-22.65032705215399,-43.062563831244553,True,False,33
geodesic_eval_only,main,Complete,3,88,-1,56,-22.913942404204228,-43.613431231690193,True,False,113
geodesic_eval_only,main,Complete,3,88,-1,57,-22.841733460709388,-43.270684897600951,True,False,189
geodesic_eval_only,main,Complete,3,88,-1,58,-22.734157057811878,-43.378321449398321,True,False,46
geodesic_eval_only,main,Complete,3,88,-1,59,-23.004990522576701,-43.547845204575459,True,False,17
geodesic_eval_only,main,Complete,3,88,-1,60,-22.470849051492323,-42.657121037845286,True,False,19
geodesic_eval_only,main,Complete,3,88,-1,61,-22.530351240509944,-42.978687552235982,True,False,17
geodesic_eval_only,main,Complete,3,88,-1,62,-22.808280499464548,-43.033005532046332,True,False,63
geodesic_eval_only,main,Complete,3,88,-1,63,-22.711927870432564,-42.63004113951235,True,False,27
geodesic_eval_only,main,Complete,3,88,-1,64,-22.941986617987499,-42.885911325001551,True,False,24
geodesic_eval_only,main,Complete,3,88,-1,65,-22.866455816256806,-43.773656206532017,True,False,35
geodesic_eval_only,main,Complete,3,88,-1,66,-22.714040918851609,-43.56451440044021,True,False,49
geodesic_eval_only,main,Complete,3,88,-1,67,-22.484839778930247,-43.16235784831072,True,False,47
geodesic_eval_only,main,Complete,3,88,-1,68,-22.735218709428018,-42.727847609078914,True,False,6
geodesic_eval_only,main,Complete,3,88,-1,69,-22.740348512916984,-43.702890192907162,True,False,20
geodesic_eval_only,main,Complete,3,88,-1,70,-22.880981241899637,-43.272812844445419,True,False,196
geodesic_eval_only,main,Complete,3,88,-1,71,-22.800852719692529,-43.648186194086961,True,False,13
geodesic_eval_only,main,Complete,3,88,-1,72,-22.970429462021304,-43.190057265727511,True,False,558
geodesic_eval_only,main,Complete,3,88,-1,73,-22.603679160438642,-42.740739684326293,True,False,1
geodesic_eval_only,main,Complete,3,88,-1,74,-22.715385583988368,-42.806385841320242,True,False,2
geodesic_eval_only,main,Complete,3,88,-1,75,-22.915919142301757,-43.548288772110745,True,False,119
geodesic_eval_only,main,Complete,3,88,-1,76,-22.874126204046274,-43.094875193431058,True,False,119
geodesic_eval_only,main,Complete,3,88,-1,77,-22.700773314209002,-43.305673267796543,True,False,9
geodesic_eval_only,main,Complete,3,88,-1,78,-22.718837798488849,-43.517339942148439,True,False,36
geodesic_eval_only,main,Complete,3,88,-1,79,-22.953415567921823,-43.59719047904192,True,False,48
geodesic_eval_only,main,Complete,3,88,-1,80,-22.753282200826433,-43.499802719640229,True,False,68
geodesic_eval_only,main,Complete,3,88,-1,81,-22.883395302040888,-43.415484534800527,True,False,79
geodesic_eval_only,main,Complete,3,88,-1,82,-22.951619328064115,-42.814766892680694,True,False,6
geodesic_eval_only,main,Complete,3,88,-1,83,-22.427894024726776,-43.201389799035411,True,False,3
geodesic_eval_only,main,Complete,3,88,-1,84,-22.621548878665244,-43.0083717000592,True,False,5
geodesic_eval_only,main,Complete,3,88,-1,85,-22.789874649386793,-43.374342338335687,True,False,101
geodesic_eval_only,main,Complete,3,88,-1,86,-22.879195702143271,-43.448811588153497,True,False,71
geodesic_eval_only,main,Complete,3,88,-1,87,-22.940259204709282,-43.183004146460007,True,False,560
geodesic_eval_only,main,Average,10,24,-1,0,-22.762783928006321,-43.415443067004823,True,False,851
geodesic_eval_only,main,Average,10,24,-1,1,-22.778214451704613,-43.655249702234499,True,False,53
geodesic_eval_only,main,Average,10,24,-1,2,-22.881195280960426,-43.070147484904702,True,False,1182
geodesic_eval_only,main,Average,10,24,-1,3,-22.64895366408097,-43.083217230852696,True,False,66
geodesic_eval_only,main,Average,10,24,-1,4,-22.911755069142067,-43.599302617700893,True,False,775
geodesic_eval_only,main,Average,10,24,-1,5,-22.399197447196986,-43.134617223650316,True,False,56
geodesic_eval_only,main,Average,10,24,-1,6,-22.930290797451278,-42.882022118930351,True,False,135
geodesic_eval_only,main,Average,10,24,-1,7,-22.96249364148683,-43.360461528478709,True,False,1063
geodesic_eval_only,main,Average,10,24,-1,8,-22.716162568431741,-42.647824133979,True,False,33
geodesic_eval_only,main,Average,10,24,-1,9,-22.871338940979847,-43.787009249444992,True,False,67
geodesic_eval_only,main,Average,10,24,-1,10,-22.670712873836152,-43.623768827869043,True,False,131
geodesic_eval_only,main,Average,10,24,-1,11,-22.869277378709704,-43.308575915386406,True,False,1286
geodesic_eval_only,main,Average,10,24,-1,12,-22.749128477164554,-42.873321839684735,True,False,79
geodesic_eval_only,main,Average,10,24,-1,13,-22.644775393339586,-43.249079013189025,True,False,166
geodesic_eval_only,main,Average,10,24,-1,14,-22.948565702905171,-42.703432366189951,True,False,2
geodesic_eval_only,main,Average,10,24,-1,15,-22.470849051492323,-42.657121037845286,True,False,19
geodesic_eval_only,main,Average,10,24,-1,16,-22.530351240509944,-42.978687552235982,True,False,21
geodesic_eval_only,main,Average,10,24,-1,17,-23.00800408760573,-43.468615367200911,True,False,280
geodesic_eval_only,main,Average,10,24,-1,18,-22.603679160438642,-42.740739684326293,True,False,1
geodesic_eval_only,main,Average,10,24,-1,19,-22.876750096761718,-43.451168228904386,True,False,349
geodesic_eval_only,main,Average,10,24,-1,20,-22.806662142475478,-43.193910955041872,True,False,194
geodesic_eval_only,main,Average,10,24,-1,21,-22.509175442062713,-43.185754433950997,True,False,177
geodesic_eval_only,main,Average,10,24,-1,22,-22.940116324134777,-43.205281083443417,True,False,2700
geodesic_eval_only,main,Average,10,24,-1,23,-22.268892739670068,-43.076812591215528,True,False,5
geodesic_eval_only,main,Average,5,53,-1,0,-22.807342096925872,-43.61860317094785,True,False,26
geodesic_eval_only,main,Average,5,53,-1,1,-22.798344831594228,-43.398873832167403,True,False,316
geodesic_eval_only,main,Average,5,53,-1,2,-22.624109639675027,-43.690481055374008,True,False,49
geodesic_eval_only,main,Average,5,53,-1,3,-22.856591280460094,-43.335800153755926,True,False,675
geodesic_eval_only,main,Average,5,53,-1,4,-22.915202071742826,-43.653416228057992,True,False,221
geodesic_eval_only,main,Average,5,53,-1,5,-22.743473176944697,-42.857793862639475,True,False,42
geodesic_eval_only,main,Average,5,53,-1,6,-22.680563237028309,-43.141180011289059,True,False,22
geodesic_eval_only,main,Average,5,53,-1,7,-22.70333513774894,-43.577070268615579,True,False,71
geodesic_eval_only,main,Average,5,53,-1,8,-22.949760884511406,-43.372064085409733,True,False,665
geodesic_eval_only,main,Average,5,53,-1,9,-22.73676584478331,-43.368888962119996,True,False,107
geodesic_eval_only,main,Average,5,53,-1,10,-22.746590003459527,-43.513760876262083,True,False,115
geodesic_eval_only,main,Average,5,53,-1,11,-22.826495170966801,-42.998756441063698,True,False,176
geodesic_eval_only,main,Average,5,53,-1,12,-22.964414965677193,-43.613753867074713,True,False,71
geodesic_eval_only,main,Average,5,53,-1,13,-22.930788192088666,-42.905103403661343,True,False,47
geodesic_eval_only,main,Average,5,53,-1,14,-22.920741172948219,-42.831043523869667,True,False,60
geodesic_eval_only,main,Average,5,53,-1,15,-23.008198880782512,-43.463494046914349,True,False,379
geodesic_eval_only,main,Average,5,53,-1,16,-22.602759574173632,-43.300352699629869,True,False,20
geodesic_eval_only,main,Average,5,53,-1,17,-22.625030308414221,-43.196732622244028,True,False,55
geodesic_eval_only,main,Average,5,53,-1,18,-22.897100441053226,-43.101091823419019,True,False,645
geodesic_eval_only,main,Average,5,53,-1,19,-22.876750096761718,-43.451168228904386,True,False,260
geodesic_eval_only,main,Average,5,53,-1,20,-22.871338940979847,-43.787009249444992,True,False,46
geodesic_eval_only,main,Average,5,53,-1,21,-22.509175442062713,-43.185754433950997,True,False,173
geodesic_eval_only,main,Average,5,53,-1,22,-22.64654045037916,-43.055433287667533,True,False,38
geodesic_eval_only,main,Average,5,53,-1,23,-22.824953870583247,-43.058328293257091,True,False,175
geodesic_eval_only,main,Average,5,53,-1,24,-22.740669459267647,-43.451477813645887,True,False,301
geodesic_eval_only,main,Average,5,53,-1,25,-22.740348512916984,-43.702890192907162,True,False,20
geodesic_eval_only,main,Average,5,53,-1,26,-22.920351279554374,-43.209390438435221,True,False,1447
geodesic_eval_only,main,Average,5,53,-1,27,-22.896068940899603,-43.563176536860347,True,False,478
geodesic_eval_only,main,Average,5,53,-1,28,-22.987835696797166,-43.263538131231641,True,False,134
geodesic_eval_only,main,Average,5,53,-1,29,-22.948565702905171,-42.703432366189951,True,False,2
geodesic_eval_only,main,Average,5,53,-1,30,-22.663299180487801,-43.421906498879927,True,False,16
geodesic_eval_only,main,Average,5,53,-1,31,-22.735218709428018,-42.727847609078914,True,False,6
geodesic_eval_only,main,Average,5,53,-1,32,-22.470849051492323,-42.657121037845286,True,False,19
geodesic_eval_only,main,Average,5,53,-1,33,-22.530351240509944,-42.978687552235982,True,False,17
geodesic_eval_only,main,Average,5,53,-1,34,-22.768238047172815,-43.30335778551661,True,False,138
geodesic_eval_only,main,Average,5,53,-1,35,-22.711927870432564,-42.63004113951235,True,False,27
geodesic_eval_only,main,Average,5,53,-1,36,-22.427894024726776,-43.201389799035411,True,False,3
geodesic_eval_only,main,Average,5,53,-1,37,-22.603679160438642,-42.740739684326293,True,False,1
geodesic_eval_only,main,Average,5,53,-1,38,-22.668831470560381,-43.274580849881126,True,False,91
geodesic_eval_only,main,Average,5,53,-1,39,-22.884617734747955,-43.275655666682589,True,False,695
geodesic_eval_only,main,Average,5,53,-1,40,-23.004990522576701,-43.547845204575459,True,False,17
geodesic_eval_only,main,Average,5,53,-1,41,-22.806662142475478,-43.193910955041872,True,False,147
geodesic_eval_only,main,Average,5,53,-1,42,-22.573490103559394,-43.055793314782285,True,False,8
geodesic_eval_only,main,Average,5,53,-1,43,-22.411304234215557,-43.131265272844452,True,False,39
geodesic_eval_only,main,Average,5,53,-1,44,-22.886855944516643,-43.005794645415222,True,False,56
geodesic_eval_only,main,Average,5,53,-1,45,-22.97393304015122,-43.692431028413075,True,False,54
geodesic_eval_only,main,Average,5,53,-1,46,-22.766094377824121,-42.919905770820542,True,False,15
geodesic_eval_only,main,Average,5,53,-1,47,-22.268892739670068,-43.076812591215528,True,False,5
geodesic_eval_only,main,Average,5,53,-1,48,-23.005012045118427,-43.333698505060909,True,False,280
geodesic_eval_only,main,Average,5,53,-1,49,-22.94479051345342,-43.044262963511954,True,False,156
geodesic_eval_only,main,Average,5,53,-1,50,-22.953190794210705,-42.964267757317188,True,False,24
geodesic_eval_only,main,Average,5,53,-1,51,-22.338529289758171,-43.128998839499978,True,False,14
geodesic_eval_only,main,Average,5,53,-1,52,-22.969249663260854,-43.199223964165078,True,False,1027
geodesic_eval_only,main,Average,3,101,-1,0,-22.714578309681229,-43.452186256892183,True,False,102
geodesic_eval_only,main,Average,3,101,-1,1,-22.945950911491206,-43.339840493901157,True,False,250
geodesic_eval_only,main,Average,3,101,-1,2,-23.009910486693485,-43.461784124804304,True,False,248
geodesic_eval_only,main,Average,3,101,-1,3,-22.730127472336385,-43.33325011382766,True,False,52
geodesic_eval_only,main,Average,3,101,-1,4,-22.844499308675637,-43.369379217761626,True,False,134
geodesic_eval_only,main,Average,3,101,-1,5,-22.740348512916984,-43.702890192907162,True,False,20
geodesic_eval_only,main,Average,3,101,-1,6,-22.515382135921161,-43.192842169598201,True,False,138
geodesic_eval_only,main,Average,3,101,-1,7,-22.602759574173632,-43.300352699629869,True,False,20
geodesic_eval_only,main,Average,3,101,-1,8,-22.882666701535967,-43.423220247389423,True,False,113
geodesic_eval_only,main,Average,3,101,-1,9,-22.806662142475478,-43.193910955041872,True,False,147
geodesic_eval_only,main,Average,3,101,-1,10,-22.897780992185368,-43.282134834432327,True,False,365
geodesic_eval_only,main,Average,3,101,-1,11,-23.005012045118427,-43.333698505060909,True,False,228
geodesic_eval_only,main,Average,3,101,-1,12,-22.969249663260854,-43.199223964165078,True,False,927
geodesic_eval_only,main,Average,3,101,-1,13,-22.918012945849114,-43.677054351447829,True,False,121
geodesic_eval_only,main,Average,3,101,-1,14,-22.830746387120548,-43.067106202405562,True,False,110
geodesic_eval_only,main,Average,3,101,-1,15,-22.648290819567222,-43.189314242223304,True,False,6
geodesic_eval_only,main,Average,3,101,-1,16,-22.880343939757712,-43.35087161145993,True,False,288
geodesic_eval_only,main,Average,3,101,-1,17,-22.919538850956151,-43.234201862033323,True,False,859
geodesic_eval_only,main,Average,3,101,-1,18,-22.753335065862991,-43.45113390915737,True,False,175
geodesic_eval_only,main,Average,3,101,-1,19,-22.855505345283191,-43.261326078749306,True,False,236
geodesic_eval_only,main,Average,3,101,-1,20,-22.573490103559394,-43.055793314782285,True,False,8
geodesic_eval_only,main,Average,3,101,-1,21,-22.886855944516643,-43.005794645415222,True,False,34
geodesic_eval_only,main,Average,3,101,-1,22,-22.982014002085783,-43.640255287927204,True,False,30
geodesic_eval_only,main,Average,3,101,-1,23,-22.794057193146486,-43.421643197817986,True,False,142
geodesic_eval_only,main,Average,3,101,-1,24,-22.953190794210705,-42.964267757317188,True,False,24
geodesic_eval_only,main,Average,3,101,-1,25,-22.939143388801654,-42.895599847331738,True,False,30
geodesic_eval_only,main,Average,3,101,-1,26,-22.678354981842698,-43.606367294358101,True,False,21
geodesic_eval_only,main,Average,3,101,-1,27,-22.787222392364924,-43.366490627133629,True,False,120
geodesic_eval_only,main,Average,3,101,-1,28,-22.748505325894925,-42.857084502825032,True,False,36
geodesic_eval_only,main,Average,3,101,-1,29,-22.742113422587774,-43.397598034355489,True,False,78
geodesic_eval_only,main,Average,3,101,-1,30,-22.866455816256806,-43.773656206532017,True,False,35
geodesic_eval_only,main,Average,3,101,-1,31,-22.953415567921823,-43.59719047904192,True,False,48
geodesic_eval_only,main,Average,3,101,-1,32,-22.872201958397831,-43.472652051429463,True,False,147
geodesic_eval_only,main,Average,3,101,-1,33,-22.65032705215399,-43.062563831244553,True,False,33
geodesic_eval_only,main,Average,3,101,-1,34,-22.768238047172815,-43.30335778551661,True,False,98
geodesic_eval_only,main,Average,3,101,-1,35,-22.699640024057299,-43.159626162204205,True,False,10
geodesic_eval_only,main,Average,3,101,-1,36,-22.621548878665244,-43.0083717000592,True,False,5
geodesic_eval_only,main,Average,3,101,-1,37,-22.917310266824234,-42.832852038446227,True,False,54
geodesic_eval_only,main,Average,3,101,-1,38,-22.876764147264918,-43.543065318074198,True,False,134
geodesic_eval_only,main,Average,3,101,-1,39,-22.886876156007695,-43.829496204168073,True,False,11
geodesic_eval_only,main,Average,3,101,-1,40,-22.924647384504901,-43.37729918704423,True,False,301
geodesic_eval_only,main,Average,3,101,-1,41,-22.647299171382247,-43.652475254437554,True,False,14
geodesic_eval_only,main,Average,3,101,-1,42,-22.914461388938683,-43.552438681726713,True,False,135
geodesic_eval_only,main,Average,3,101,-1,43,-22.893455612432906,-43.584555987067461,True,False,209
geodesic_eval_only,main,Average,3,101,-1,44,-22.612625455388923,-43.177500709396675,True,False,34
geodesic_eval_only,main,Average,3,101,-1,45,-22.851281028255393,-43.007156569116788,True,False,45
geodesic_eval_only,main,Average,3,101,-1,46,-22.809970567122406,-42.952145281707914,True,False,31
geodesic_eval_only,main,Average,3,101,-1,47,-22.82288096978629,-43.408154842519224,True,False,78
geodesic_eval_only,main,Average,3,101,-1,48,-22.648354165856656,-43.278334650921408,True,False,37
geodesic_eval_only,main,Average,3,101,-1,49,-22.817723009399064,-43.002560455511578,True,False,96
geodesic_eval_only,main,Average,3,101,-1,50,-22.99599813649958,-43.261663703422506,True,False,124
geodesic_eval_only,main,Average,3,101,-1,51,-22.338529289758171,-43.128998839499978,True,False,10
geodesic_eval_only,main,Average,3,101,-1,52,-22.721819445826387,-43.519126429141586,True,False,43
geodesic_eval_only,main,Average,3,101,-1,53,-22.800852719692529,-43.648186194086961,True,False,13
geodesic_eval_only,main,Average,3,101,-1,54,-22.61483382699214,-43.705683375748585,True,False,35
geodesic_eval_only,main,Average,3,101,-1,55,-22.920530355077055,-43.626816463503133,True,False,79
geodesic_eval_only,main,Average,3,101,-1,56,-22.715385583988368,-42.806385841320242,True,False,2
geodesic_eval_only,main,Average,3,101,-1,57,-22.944334184322003,-43.028595531015718,True,False,79
geodesic_eval_only,main,Average,3,101,-1,58,-22.835874327404984,-43.308047770688411,True,False,264
geodesic_eval_only,main,Average,3,101,-1,59,-22.948565702905171,-42.703432366189951,True,False,2
geodesic_eval_only,main,Average,3,101,-1,60,-22.902095659081674,-43.108416801544237,True,False,497
geodesic_eval_only,main,Average,3,101,-1,61,-22.663299180487801,-43.421906498879927,True,False,8
geodesic_eval_only,main,Average,3,101,-1,62,-22.638468495840026,-43.229989542098018,True,False,21
geodesic_eval_only,main,Average,3,101,-1,63,-22.735218709428018,-42.727847609078914,True,False,6
geodesic_eval_only,main,Average,3,101,-1,64,-22.714040918851609,-43.56451440044021,True,False,49
geodesic_eval_only,main,Average,3,101,-1,65,-22.765111723156878,-43.559026201122336,True,False,10
geodesic_eval_only,main,Average,3,101,-1,66,-22.470849051492323,-42.657121037845286,True,False,19
geodesic_eval_only,main,Average,3,101,-1,67,-22.48074477987242,-43.153288031954148,True,False,35
geodesic_eval_only,main,Average,3,101,-1,68,-22.530351240509944,-42.978687552235982,True,False,17
geodesic_eval_only,main,Average,3,101,-1,69,-22.681384608681608,-43.264890100335776,True,False,40
geodesic_eval_only,main,Average,3,101,-1,70,-22.900742627193644,-43.05905218342383,True,False,69
geodesic_eval_only,main,Average,3,101,-1,71,-22.711927870432564,-42.63004113951235,True,False,27
geodesic_eval_only,main,Average,3,101,-1,72,-22.771488244315591,-42.917762514733433,True,False,12
geodesic_eval_only,main,Average,3,101,-1,73,-22.427894024726776,-43.201389799035411,True,False,3
geodesic_eval_only,main,Average,3,101,-1,74,-22.712227632870849,-42.889882111629021,True,False,4
geodesic_eval_only,main,Average,3,101,-1,75,-22.603679160438642,-42.740739684326293,True,False,1
geodesic_eval_only,main,Average,3,101,-1,76,-22.90641886834246,-42.932822109622698,True,False,17
geodesic_eval_only,main,Average,3,101,-1,77,-22.921233313815634,-43.1824532703789,True,False,782
geodesic_eval_only,main,Average,3,101,-1,78,-22.700773314209002,-43.305673267796543,True,False,8
geodesic_eval_only,main,Average,3,101,-1,79,-22.809507159817137,-43.034920535527839,True,False,65
geodesic_eval_only,main,Average,3,101,-1,80,-22.84103615023977,-43.615158045773711,True,False,1
geodesic_eval_only,main,Average,3,101,-1,81,-23.004990522576701,-43.547845204575459,True,False,17
geodesic_eval_only,main,Average,3,101,-1,82,-22.965542428723854,-43.388670665927215,True,False,166
geodesic_eval_only,main,Average,3,101,-1,83,-22.979900329721087,-43.49176475913368,True,False,15
geodesic_eval_only,main,Average,3,101,-1,84,-23.000618991095681,-43.404718284567252,True,False,116
geodesic_eval_only,main,Average,3,101,-1,85,-22.419344981865756,-43.13570516359448,True,False,33
geodesic_eval_only,main,Average,3,101,-1,86,-22.758529433576463,-43.506980692775358,True,False,76
geodesic_eval_only,main,Average,3,101,-1,87,-22.951619328064115,-42.814766892680694,True,False,6
geodesic_eval_only,main,Average,3,101,-1,88,-22.811564417819163,-43.586841989644981,True,False,12
geodesic_eval_only,main,Average,3,101,-1,89,-22.384769766969896,-43.11661363336934,True,False,10
geodesic_eval_only,main,Average,3,101,-1,90,-22.733731178875288,-42.932765307343267,True,False,2
geodesic_eval_only,main,Average,3,101,-1,91,-22.97393304015122,-43.692431028413075,True,False,42
geodesic_eval_only,main,Average,3,101,-1,92,-22.846988543411889,-42.949380940599774,True,False,8
geodesic_eval_only,main,Average,3,101,-1,93,-22.874126204046274,-43.094875193431058,True,False,119
geodesic_eval_only,main,Average,3,101,-1,94,-22.693682771791408,-43.109792735724447,True,False,2
geodesic_eval_only,main,Average,3,101,-1,95,-22.958246852875916,-43.270332932039771,True,False,10
geodesic_eval_only,main,Average,3,101,-1,96,-22.268892739670068,-43.076812591215528,True,False,5
geodesic_eval_only,main,Average,3,101,-1,97,-22.692331349282565,-43.531816681604255,True,False,1
geodesic_eval_only,main,Average,3,101,-1,98,-22.658862543046702,-43.129011315486821,True,False,10
geodesic_eval_only,main,Average,3,101,-1,99,-22.885930912117228,-43.624230399968106,True,False,26
geodesic_eval_only,main,Average,3,101,-1,100,-22.945434263478099,-43.066365234354869,True,False,56
geodesic_eval_only,main,P-Median,10,23,-1,0,-22.892631104117811,-43.286013573263183,True,False,486
geodesic_eval_only,main,P-Median,10,23,-1,1,-22.903244816618852,-43.107023598220486,True,False,822
geodesic_eval_only,main,P-Median,10,23,-1,2,-22.928999413639037,-43.18145032839962,True,False,814
geodesic_eval_only,main,P-Median,10,23,-1,3,-22.510230788197468,-43.175443874455112,True,False,255
geodesic_eval_only,main,P-Median,10,23,-1,4,-22.615933155012947,-43.179757198303761,True,False,183
geodesic_eval_only,main,P-Median,10,23,-1,5,-22.936910913712651,-43.360973350350811,True,False,649
geodesic_eval_only,main,P-Median,10,23,-1,6,-22.733077865046631,-43.449613878629101,True,False,521
geodesic_eval_only,main,P-Median,10,23,-1,7,-22.936255491866653,-43.661399065747545,True,False,332
geodesic_eval_only,main,P-Median,10,23,-1,8,-22.823169080056481,-43.020028236246667,True,False,424
geodesic_eval_only,main,P-Median,10,23,-1,9,-22.836828071243165,-43.30804460963914,True,False,416
geodesic_eval_only,main,P-Median,10,23,-1,10,-22.975419252327107,-43.192633652194793,True,False,1002
geodesic_eval_only,main,P-Median,10,23,-1,11,-22.87922054417216,-43.459310464937992,True,False,235
geodesic_eval_only,main,P-Median,10,23,-1,12,-22.916792143186889,-43.231550399129098,True,False,888
geodesic_eval_only,main,P-Median,10,23,-1,13,-22.919618105516072,-42.839789575585328,True,False,149
geodesic_eval_only,main,P-Median,10,23,-1,14,-23.012986504226461,-43.46551954103294,True,False,396
geodesic_eval_only,main,P-Median,10,23,-1,15,-23.003656668383979,-43.340758853213849,True,False,280
geodesic_eval_only,main,P-Median,10,23,-1,16,-22.809517664348768,-43.200203165434935,True,False,168
geodesic_eval_only,main,P-Median,10,23,-1,17,-22.755338688692213,-43.308531682770784,True,False,244
geodesic_eval_only,main,P-Median,10,23,-1,18,-22.711927870432564,-42.63004113951235,True,False,56
geodesic_eval_only,main,P-Median,10,23,-1,19,-22.882876782615799,-43.364174483570487,True,False,402
geodesic_eval_only,main,P-Median,10,23,-1,20,-22.805706631753832,-43.423079052406642,True,False,315
geodesic_eval_only,main,P-Median,10,23,-1,21,-22.61483382699214,-43.705683375748585,True,False,90
geodesic_eval_only,main,P-Median,10,23,-1,22,-22.898539335408451,-43.565421405163477,True,False,564
geodesic_eval_only,main,P-Median,5,55,-1,0,-22.954278207609654,-42.967118947552237,True,False,47
geodesic_eval_only,main,P-Median,5,55,-1,1,-22.870856012007138,-43.543848748962922,True,False,142
geodesic_eval_only,main,P-Median,5,55,-1,2,-22.936153909752679,-43.181832267833023,True,False,377
geodesic_eval_only,main,P-Median,5,55,-1,3,-22.520449848823919,-43.191012345952807,True,False,173
geodesic_eval_only,main,P-Median,5,55,-1,4,-22.879226893202649,-43.091571865721441,True,False,119
geodesic_eval_only,main,P-Median,5,55,-1,5,-22.934576022997884,-43.375788413326823,True,False,308
geodesic_eval_only,main,P-Median,5,55,-1,6,-22.755106324412701,-43.428583345303572,True,False,221
geodesic_eval_only,main,P-Median,5,55,-1,7,-22.922380751135307,-43.629510536912335,True,False,77
geodesic_eval_only,main,P-Median,5,55,-1,8,-22.822624306841355,-43.003093742121557,True,False,231
geodesic_eval_only,main,P-Median,5,55,-1,9,-22.837911776525178,-43.322271046058205,True,False,292
geodesic_eval_only,main,P-Median,5,55,-1,10,-22.893701145563103,-43.120417849276677,True,False,150
geodesic_eval_only,main,P-Median,5,55,-1,11,-23.012986504226461,-43.46551954103294,True,False,263
geodesic_eval_only,main,P-Median,5,55,-1,12,-22.916792143186889,-43.231550399129098,True,False,281
geodesic_eval_only,main,P-Median,5,55,-1,13,-22.919618105516072,-42.839789575585328,True,False,86
geodesic_eval_only,main,P-Median,5,55,-1,14,-23.003656668383979,-43.340758853213849,True,False,228
geodesic_eval_only,main,P-Median,5,55,-1,15,-22.716288877191023,-43.51530571258531,True,False,111
geodesic_eval_only,main,P-Median,5,55,-1,16,-22.809517664348768,-43.200203165434935,True,False,147
geodesic_eval_only,main,P-Median,5,55,-1,17,-22.755338688692213,-43.308531682770784,True,False,178
geodesic_eval_only,main,P-Median,5,55,-1,18,-22.711927870432564,-42.63004113951235,True,False,34
geodesic_eval_only,main,P-Median,5,55,-1,19,-22.882876782615799,-43.364174483570487,True,False,310
geodesic_eval_only,main,P-Median,5,55,-1,20,-22.941155596656401,-43.043134176624925,True,False,135
geodesic_eval_only,main,P-Median,5,55,-1,21,-22.61483382699214,-43.705683375748585,True,False,73
geodesic_eval_only,main,P-Median,5,55,-1,22,-22.897521961702388,-43.591752252623216,True,False,225
geodesic_eval_only,main,P-Median,5,55,-1,23,-22.90630099451813,-43.105973880660926,True,False,350
geodesic_eval_only,main,P-Median,5,55,-1,24,-22.615933155012947,-43.179757198303761,True,False,75
geodesic_eval_only,main,P-Median,5,55,-1,25,-22.881888435047649,-43.468997604007342,True,False,153
geodesic_eval_only,main,P-Median,5,55,-1,26,-22.805706631753832,-43.423079052406642,True,False,179
geodesic_eval_only,main,P-Median,5,55,-1,27,-22.969148201152677,-43.383065237968161,True,False,151
geodesic_eval_only,main,P-Median,5,55,-1,28,-22.408608081087024,-43.13140914649253,True,False,61
geodesic_eval_only,main,P-Median,5,55,-1,29,-22.850770856036998,-43.270521523602078,True,False,260
geodesic_eval_only,main,P-Median,5,55,-1,30,-22.742481293107708,-42.857210752586653,True,False,56
geodesic_eval_only,main,P-Median,5,55,-1,31,-22.905686000249091,-43.177156307060464,True,False,330
geodesic_eval_only,main,P-Median,5,55,-1,32,-22.870934109341071,-43.769012683026723,True,False,46
geodesic_eval_only,main,P-Median,5,55,-1,33,-22.98284371340203,-43.224740007201753,True,False,314
geodesic_eval_only,main,P-Median,5,55,-1,34,-22.943384670900659,-43.334379195440683,True,False,242
geodesic_eval_only,main,P-Median,5,55,-1,35,-22.651419516496585,-43.066557876304017,True,False,48
geodesic_eval_only,main,P-Median,5,55,-1,36,-22.954408685481411,-43.185650031057385,True,False,443
geodesic_eval_only,main,P-Median,5,55,-1,37,-22.470849051492323,-42.657121037845286,True,False,19
geodesic_eval_only,main,P-Median,5,55,-1,38,-22.827481947170185,-43.069815234475598,True,False,128
geodesic_eval_only,main,P-Median,5,55,-1,39,-23.000618991095681,-43.404718284567252,True,False,116
geodesic_eval_only,main,P-Median,5,55,-1,40,-22.607286064343828,-43.298574737764874,True,False,85
geodesic_eval_only,main,P-Median,5,55,-1,41,-22.790646777654263,-43.375643445446975,True,False,138
geodesic_eval_only,main,P-Median,5,55,-1,42,-22.922758980989411,-43.246104027508025,True,False,412
geodesic_eval_only,main,P-Median,5,55,-1,43,-22.930711174851965,-43.689463800258537,True,False,158
geodesic_eval_only,main,P-Median,5,55,-1,44,-22.733077865046631,-43.449613878629101,True,False,178
geodesic_eval_only,main,P-Median,5,55,-1,45,-22.883317935180688,-43.319511906680248,True,False,125
geodesic_eval_only,main,P-Median,5,55,-1,46,-22.980184787318848,-43.194590667739973,True,False,329
geodesic_eval_only,main,P-Median,5,55,-1,47,-22.527718078493137,-42.978266279510713,True,False,21
geodesic_eval_only,main,P-Median,5,55,-1,48,-22.916840745702157,-43.562340107121237,True,False,173
geodesic_eval_only,main,P-Median,5,55,-1,49,-22.902823180776025,-43.050858129377211,True,False,96
geodesic_eval_only,main,P-Median,5,55,-1,50,-22.919342584449812,-43.215423225025688,True,False,218
geodesic_eval_only,main,P-Median,5,55,-1,51,-22.966699556811079,-43.601768668742501,True,False,85
geodesic_eval_only,main,P-Median,5,55,-1,52,-22.7692389862532,-43.525308493816077,True,False,79
geodesic_eval_only,main,P-Median,5,55,-1,53,-22.876979699775763,-43.425279126762909,True,False,102
geodesic_eval_only,main,P-Median,5,55,-1,54,-22.900247004009792,-43.286209546514357,True,False,313
geodesic_eval_only,main,MCLP,10,15,-1,0,-22.918636000417841,-43.25724486396328,True,False,3279
geodesic_eval_only,main,MCLP,10,15,-1,1,-22.853879739168629,-43.396809432222291,True,False,992
geodesic_eval_only,main,MCLP,10,15,-1,2,-22.902823180776025,-43.050858129377211,True,False,879
geodesic_eval_only,main,MCLP,10,15,-1,3,-23.000618991095681,-43.404718284567252,True,False,989
geodesic_eval_only,main,MCLP,10,15,-1,4,-22.911119400069488,-43.622641625227558,True,False,259
geodesic_eval_only,main,MCLP,10,15,-1,5,-22.745675146224823,-43.443888027884469,True,False,472
geodesic_eval_only,main,MCLP,10,15,-1,6,-22.833834004293301,-43.248856689738808,False,True,487
geodesic_eval_only,main,MCLP,10,15,-1,7,-22.475562635890437,-43.148370152985294,True,False,314
geodesic_eval_only,main,MCLP,10,15,-1,8,-22.867825487785609,-43.002749069555286,True,False,388
geodesic_eval_only,main,MCLP,10,15,-1,9,-22.607286064343828,-43.298574737764874,True,False,167
geodesic_eval_only,main,MCLP,10,15,-1,10,-22.919618105516072,-42.839789575585328,True,False,167
geodesic_eval_only,main,MCLP,10,15,-1,11,-22.780162791974309,-43.304303646717109,True,False,370
geodesic_eval_only,main,MCLP,10,15,-1,12,-22.7692389862532,-43.525308493816077,True,False,243
geodesic_eval_only,main,MCLP,10,15,-1,13,-22.898979722466947,-43.699308339686013,True,False,205
geodesic_eval_only,main,MCLP,10,15,-1,14,-22.916840745702157,-43.562340107121237,True,False,480
geodesic_eval_only,main,MCLP,5,40,-1,0,-22.93845834691675,-43.196368076205502,True,False,1860
geodesic_eval_only,main,MCLP,5,40,-1,1,-22.886593254313329,-43.267834200698552,True,False,779
geodesic_eval_only,main,MCLP,5,40,-1,2,-22.936910913712651,-43.360973350350811,True,False,534
geodesic_eval_only,main,MCLP,5,40,-1,3,-22.879226893202649,-43.091571865721441,True,False,700
geodesic_eval_only,main,MCLP,5,40,-1,4,-22.85332826176321,-43.328228062631148,True,False,466
geodesic_eval_only,main,MCLP,5,40,-1,5,-22.906374170614946,-43.566410061329776,True,False,422
geodesic_eval_only,main,MCLP,5,40,-1,6,-22.97841522971715,-43.237729192717843,True,False,494
geodesic_eval_only,main,MCLP,5,40,-1,7,-22.984082408782115,-43.448890199194111,True,False,379
geodesic_eval_only,main,MCLP,5,40,-1,8,-22.749383783452853,-43.443731820645432,True,False,311
geodesic_eval_only,main,MCLP,5,40,-1,9,-22.819261693552441,-43.034765203493123,True,False,166
geodesic_eval_only,main,MCLP,5,40,-1,10,-22.803670156230325,-43.375461938236299,True,False,131
geodesic_eval_only,main,MCLP,5,40,-1,11,-22.87922054417216,-43.459310464937992,True,False,223
geodesic_eval_only,main,MCLP,5,40,-1,12,-23.003656668383979,-43.340758853213849,True,False,280
geodesic_eval_only,main,MCLP,5,40,-1,13,-22.936255491866653,-43.661399065747545,True,False,106
geodesic_eval_only,main,MCLP,5,40,-1,14,-22.510230788197468,-43.175443874455112,True,False,173
geodesic_eval_only,main,MCLP,5,40,-1,15,-22.755338688692213,-43.308531682770784,True,False,182
geodesic_eval_only,main,MCLP,5,40,-1,16,-22.809517664348768,-43.200203165434935,True,False,147
geodesic_eval_only,main,MCLP,5,40,-1,17,-22.947654432561997,-43.03365087049761,True,False,135
geodesic_eval_only,main,MCLP,5,40,-1,18,-22.716288877191023,-43.51530571258531,True,False,123
geodesic_eval_only,main,MCLP,5,40,-1,19,-22.835828487618876,-43.276143784165548,True,False,253
geodesic_eval_only,main,MCLP,5,40,-1,20,-22.839350559609453,-43.404860560122628,True,False,194
geodesic_eval_only,main,MCLP,5,40,-1,21,-22.919618105516072,-42.839789575585328,True,False,86
geodesic_eval_only,main,MCLP,5,40,-1,22,-22.930174584016687,-43.396083912145642,True,False,206
geodesic_eval_only,main,MCLP,5,40,-1,23,-22.972563998366837,-43.642950470314368,True,False,95
geodesic_eval_only,main,MCLP,5,40,-1,24,-22.867825487785609,-43.002749069555286,True,False,75
geodesic_eval_only,main,MCLP,5,40,-1,25,-22.897989740168889,-43.668559184847297,True,False,94
geodesic_eval_only,main,MCLP,5,40,-1,26,-22.408608081087024,-43.13140914649253,True,False,61
geodesic_eval_only,main,MCLP,5,40,-1,27,-22.615933155012947,-43.179757198303761,True,False,75
geodesic_eval_only,main,MCLP,5,40,-1,28,-22.764520432902131,-43.403242685589518,True,False,154
geodesic_eval_only,main,MCLP,5,40,-1,29,-22.607286064343828,-43.298574737764874,True,False,85
geodesic_eval_only,main,MCLP,5,40,-1,30,-22.7692389862532,-43.525308493816077,True,False,74
geodesic_eval_only,main,MCLP,5,40,-1,31,-22.870934109341071,-43.769012683026723,True,False,46
geodesic_eval_only,main,MCLP,5,40,-1,32,-22.742481293107708,-42.857210752586653,True,False,56
geodesic_eval_only,main,MCLP,5,40,-1,33,-22.61483382699214,-43.705683375748585,True,False,73
geodesic_eval_only,main,MCLP,5,40,-1,34,-22.651419516496585,-43.066557876304017,True,False,69
geodesic_eval_only,main,MCLP,5,40,-1,35,-22.885872200386764,-43.513728918040449,True,False,103
geodesic_eval_only,main,MCLP,5,40,-1,36,-22.711927870432564,-42.63004113951235,True,False,53
geodesic_eval_only,main,MCLP,5,40,-1,37,-22.954278207609654,-42.967118947552237,True,False,47
geodesic_eval_only,main,MCLP,5,40,-1,38,-22.822624306841355,-43.003093742121557,True,False,133
geodesic_eval_only,main,MCLP,5,40,-1,39,-22.930711174851965,-43.689463800258537,True,False,48
median,main,K-Means,10,16,42,0,-22.846502716441776,-43.394469226988917,True,False,766
median,main,K-Means,10,16,42,1,-22.949316139766342,-43.193302553410199,True,False,1871
median,main,K-Means,10,16,42,2,-22.905178525200611,-43.086495151443906,True,False,884
median,main,K-Means,10,16,42,3,-22.483503460796491,-43.154842183633114,True,False,259
median,main,K-Means,10,16,42,4,-22.951931388547155,-43.356441935116223,True,False,1034
median,main,K-Means,10,16,42,5,-22.899556979296051,-43.560312458559622,True,False,587
median,main,K-Means,10,16,42,6,-22.878063247768996,-42.863032753558521,True,False,150
median,main,K-Means,10,16,42,7,-22.82206494043842,-43.276643110460633,True,False,773
median,main,K-Means,10,16,42,8,-22.667463296611622,-43.665058518042756,True,False,99
median,main,K-Means,10,16,42,9,-22.807574896752769,-43.021732725234649,True,False,400
median,main,K-Means,10,16,42,10,-22.919860385380769,-43.677019022419096,True,False,363
median,main,K-Means,10,16,42,11,-22.655063492294843,-43.250239823128361,True,False,216
median,main,K-Means,10,16,42,12,-22.623852606581362,-42.650846767723124,True,False,55
median,main,K-Means,10,16,42,13,-22.911022826033971,-43.251376825102255,True,False,1238
median,main,K-Means,10,16,42,14,-23.007194037191695,-43.445849054502936,True,False,396
median,main,K-Means,10,16,42,15,-22.743656108302226,-43.460544570290203,True,False,600
median,main,K-Means,5,40,42,0,-22.851830530593546,-43.26577494483314,True,False,232
median,main,K-Means,5,40,42,1,-22.920803382555313,-43.612749672254374,True,False,204
median,main,K-Means,5,40,42,2,-22.711962777173056,-42.648671506816683,True,False,34
median,main,K-Means,5,40,42,3,-22.509168048925947,-43.185839483284681,True,False,173
median,main,K-Means,5,40,42,4,-22.830719613317399,-43.057254040464095,True,False,191
median,main,K-Means,5,40,42,5,-22.886220174054422,-43.415252532388962,True,False,174
median,main,K-Means,5,40,42,6,-22.952572539104398,-43.18375822248111,True,False,754
median,main,K-Means,5,40,42,7,-22.983075036123207,-43.397341998752239,True,False,267
median,main,K-Means,5,40,42,8,-22.739552467652192,-43.456788757499957,True,False,302
median,main,K-Means,5,40,42,9,-22.623353489893738,-43.690667184605701,True,False,49
median,main,K-Means,5,40,42,10,-22.897197703317335,-43.104374291205922,True,False,640
median,main,K-Means,5,40,42,11,-22.922271809409107,-42.828050482888628,True,False,75
median,main,K-Means,5,40,42,12,-22.836267309891277,-43.317897294553035,True,False,296
median,main,K-Means,5,40,42,13,-22.918705631042364,-43.236089766961292,True,False,890
median,main,K-Means,5,40,42,14,-22.999064834126365,-43.328563203651207,True,False,280
median,main,K-Means,5,40,42,15,-22.74980202787734,-42.875958499993821,True,False,56
median,main,K-Means,5,40,42,16,-22.635770416417134,-43.179756490322454,True,False,75
median,main,K-Means,5,40,42,17,-22.466181774996222,-42.65473933987149,True,False,19
median,main,K-Means,5,40,42,18,-22.933718672756306,-43.358884471546141,True,False,455
median,main,K-Means,5,40,42,19,-22.913315024977422,-43.182529333046752,True,False,520
median,main,K-Means,5,40,42,20,-22.648055928793649,-43.275577272166196,True,False,106
median,main,K-Means,5,40,42,21,-22.872190863470351,-43.477377162965674,True,False,168
median,main,K-Means,5,40,42,22,-22.387779811995497,-43.12954568174824,True,False,61
median,main,K-Means,5,40,42,23,-23.009087114707089,-43.469768155988753,True,False,280
median,main,K-Means,5,40,42,24,-22.940054187106647,-43.679779347311182,True,False,207
median,main,K-Means,5,40,42,25,-22.893659199517543,-43.562834148745921,True,False,401
median,main,K-Means,5,40,42,26,-22.979544702212845,-43.214255704304712,True,False,573
median,main,K-Means,5,40,42,27,-22.928792342555226,-42.967850604952446,True,False,81
median,main,K-Means,5,40,42,28,-22.725544325203508,-43.548326320407,True,False,154
median,main,K-Means,5,40,42,29,-22.824334453169833,-42.99663537501084,True,False,181
median,main,K-Means,5,40,42,30,-22.807405222190201,-43.196861389811168,True,False,168
median,main,K-Means,5,40,42,31,-22.878390914516707,-43.356206688178872,True,False,341
median,main,K-Means,5,40,42,32,-22.609065879815304,-43.023011633149565,True,False,63
median,main,K-Means,5,40,42,33,-22.757004713673201,-43.403757267164757,True,False,166
median,main,K-Means,5,40,42,34,-22.871905708678195,-43.786099015943201,True,False,46
median,main,K-Means,5,40,42,35,-22.89502194675547,-43.28847649440695,True,False,354
median,main,K-Means,5,40,42,36,-22.769394407879062,-43.672956019880509,True,False,36
median,main,K-Means,5,40,42,37,-22.935654418605932,-43.044315811868124,True,False,174
median,main,K-Means,5,40,42,38,-22.806301787825593,-43.405021711730228,True,False,254
median,main,K-Means,5,40,42,39,-22.760634375406521,-43.319365942833556,True,False,191
median,main,K-Means,3,84,42,0,-22.919341061914807,-43.390711279883689,True,False,126
median,main,K-Means,3,84,42,1,-22.904959557642883,-43.102915141047291,True,False,350
median,main,K-Means,3,84,42,2,-22.764415634339429,-43.422844635767262,True,False,101
median,main,K-Means,3,84,42,3,-22.560418893106931,-43.052236108147945,True,False,8
median,main,K-Means,3,84,42,4,-22.910162047234291,-43.629213794396598,True,False,104
median,main,K-Means,3,84,42,5,-22.936057000220533,-43.181106627159465,True,False,395
median,main,K-Means,3,84,42,6,-22.711962777173056,-42.648671506816683,True,False,34
median,main,K-Means,3,84,42,7,-22.835847739731079,-43.31610288228358,True,False,242
median,main,K-Means,3,84,42,8,-22.929700449267706,-42.875498409655947,True,False,20
median,main,K-Means,3,84,42,9,-22.817680090227341,-43.041477290597172,True,False,93
median,main,K-Means,3,84,42,10,-22.638804789596712,-43.221817229432538,True,False,25
median,main,K-Means,3,84,42,11,-23.006143274795591,-43.326931560693644,True,False,217
median,main,K-Means,3,84,42,12,-22.984771842517716,-43.46577963664064,True,False,59
median,main,K-Means,3,84,42,13,-22.718448340415506,-43.522710959663605,True,False,36
median,main,K-Means,3,84,42,14,-22.802283303332302,-43.184857567109255,True,False,74
median,main,K-Means,3,84,42,15,-22.92077412806664,-43.681497560790206,True,False,128
median,main,K-Means,3,84,42,16,-22.514496754252878,-43.19066929095532,True,False,151
median,main,K-Means,3,84,42,17,-22.441643505370209,-43.145784127721797,True,False,58
median,main,K-Means,3,84,42,18,-22.922039737157739,-43.24290074473106,True,False,624
median,main,K-Means,3,84,42,19,-22.726273726147479,-43.327104167807839,True,False,59
median,main,K-Means,3,84,42,20,-22.978816189924014,-43.227394265205703,True,False,316
median,main,K-Means,3,84,42,21,-22.614024770343718,-43.705664291359113,True,False,35
median,main,K-Means,3,84,42,22,-22.893623749679847,-43.586894652029564,True,False,186
median,main,K-Means,3,84,42,23,-22.743688772571542,-42.858304968251844,True,False,42
median,main,K-Means,3,84,42,24,-22.466181774996222,-42.65473933987149,True,False,19
median,main,K-Means,3,84,42,25,-22.943982678667492,-43.042773905109087,True,False,135
median,main,K-Means,3,84,42,26,-22.940581323749004,-43.341555595276191,True,False,203
median,main,K-Means,3,84,42,27,-22.897153519225593,-43.281243234148107,True,False,265
median,main,K-Means,3,84,42,28,-22.87630208629454,-43.492613579848907,True,False,84
median,main,K-Means,3,84,42,29,-22.876756474225218,-43.342433064238364,True,False,79
median,main,K-Means,3,84,42,30,-22.968632456158865,-43.392352961893138,True,False,152
median,main,K-Means,3,84,42,31,-22.654852502052297,-43.036792750587843,True,False,38
median,main,K-Means,3,84,42,32,-22.789949028386388,-43.367272427078085,True,False,130
median,main,K-Means,3,84,42,33,-22.871905708678195,-43.786099015943201,True,False,46
median,main,K-Means,3,84,42,34,-22.671568556025832,-43.268070113978474,True,False,60
median,main,K-Means,3,84,42,35,-22.741010788015565,-43.702624573282442,True,False,20
median,main,K-Means,3,84,42,36,-22.958995022679076,-43.184578569722504,True,False,432
median,main,K-Means,3,84,42,37,-22.984527845434016,-43.644179623238628,True,False,30
median,main,K-Means,3,84,42,38,-22.70606428373339,-43.446494822233994,True,False,78
median,main,K-Means,3,84,42,39,-22.979211865844817,-43.196629137578377,True,False,305
median,main,K-Means,3,84,42,40,-22.720781212546608,-43.562599785218644,True,False,57
median,main,K-Means,3,84,42,41,-22.833341067574004,-43.400835721929127,True,False,48
median,main,K-Means,3,84,42,42,-22.803602936924264,-42.954807288917841,True,False,51
median,main,K-Means,3,84,42,43,-22.357471440410244,-43.121330540963577,True,False,20
median,main,K-Means,3,84,42,44,-22.878474646716381,-43.548970989562363,True,False,113
median,main,K-Means,3,84,42,45,-22.86404002874913,-43.256789355850685,True,False,117
median,main,K-Means,3,84,42,46,-22.931300732022066,-42.931687281669802,True,False,28
median,main,K-Means,3,84,42,47,-22.908456047188263,-43.181416983666686,True,False,365
median,main,K-Means,3,84,42,48,-22.97413189118836,-43.697214797628639,True,False,44
median,main,K-Means,3,84,42,49,-22.812383444359082,-43.622614997136367,True,False,26
median,main,K-Means,3,84,42,50,-22.774625856543693,-43.306025032678491,True,False,100
median,main,K-Means,3,84,42,51,-22.910992164903497,-43.217325651117797,True,False,293
median,main,K-Means,3,84,42,52,-22.881756953719147,-43.424764818438113,True,False,105
median,main,K-Means,3,84,42,53,-22.891582220408885,-43.359587031166022,True,False,151
median,main,K-Means,3,84,42,54,-23.000643279177964,-43.553157554797963,True,False,17
median,main,K-Means,3,84,42,55,-22.756960484766935,-43.501946706953383,True,False,90
median,main,K-Means,3,84,42,56,-22.873524786822429,-43.094767075837524,True,False,119
median,main,K-Means,3,84,42,57,-22.912998940457676,-43.553232153236983,True,False,143
median,main,K-Means,3,84,42,58,-22.73837496764461,-43.391552671414125,True,False,61
median,main,K-Means,3,84,42,59,-23.01682312580105,-43.463972581781796,True,False,204
median,main,K-Means,3,84,42,60,-22.880485904482391,-43.005467661204882,True,False,52
median,main,K-Means,3,84,42,61,-22.931684830667439,-43.366274534260683,True,False,166
median,main,K-Means,3,84,42,62,-22.666249914283011,-43.624982932305073,True,False,35
median,main,K-Means,3,84,42,63,-23.001664514859417,-43.403839538028691,True,False,116
median,main,K-Means,3,84,42,64,-22.869882633359722,-43.4606604428092,True,False,84
median,main,K-Means,3,84,42,65,-22.749788219559363,-43.453139826640886,True,False,161
median,main,K-Means,3,84,42,66,-22.684856662450343,-43.149545410533527,True,False,21
median,main,K-Means,3,84,42,67,-22.919570485824163,-42.810796691336876,True,False,55
median,main,K-Means,3,84,42,68,-22.612176101793064,-43.295537252636763,True,False,38
median,main,K-Means,3,84,42,69,-22.901019310431177,-43.059164559074041,True,False,66
median,main,K-Means,3,84,42,70,-22.811437371078338,-43.206311207682894,True,False,94
median,main,K-Means,3,84,42,71,-22.607237697360823,-43.180876238591296,True,False,37
median,main,K-Means,3,84,42,72,-22.951133301344228,-43.595032166195871,True,False,55
median,main,K-Means,3,84,42,73,-22.824029894951646,-43.005535032745932,True,False,125
median,main,K-Means,3,84,42,74,-22.888550591144114,-43.311803486900196,True,False,113
median,main,K-Means,3,84,42,75,-22.839576008443061,-43.276121786182848,True,False,132
median,main,K-Means,3,84,42,76,-22.257375796810447,-43.075872806700858,True,False,5
median,main,K-Means,3,84,42,77,-22.958657563698434,-42.981534115535425,True,False,30
median,main,K-Means,3,84,42,78,-22.974683538487923,-43.334183307171685,True,False,63
median,main,K-Means,3,84,42,79,-22.529612012089501,-42.978454088288295,True,False,17
median,main,K-Means,3,84,42,80,-22.856595363012556,-43.365687656065262,True,False,148
median,main,K-Means,3,84,42,81,-22.803612730783609,-43.420482870804101,True,False,135
median,main,K-Means,3,84,42,82,-22.895522645784084,-43.121842348864952,True,False,150
median,main,K-Means,3,84,42,83,-22.833634751159995,-43.074081407433219,True,False,82
median,main,Ward,10,17,-1,0,-22.906456896009541,-43.074295606040174,True,False,874
median,main,Ward,10,17,-1,1,-22.776978250766838,-43.375018279906335,True,False,541
median,main,Ward,10,17,-1,2,-22.477524106820148,-43.171164603396974,True,False,234
median,main,Ward,10,17,-1,3,-22.688560566146265,-42.766500501733759,True,False,95
median,main,Ward,10,17,-1,4,-22.642965246869682,-43.235872528308299,True,False,185
median,main,Ward,10,17,-1,5,-22.90223570267834,-43.580024335095231,True,False,634
median,main,Ward,10,17,-1,6,-22.972535598315687,-43.382832403277476,True,False,1306
median,main,Ward,10,17,-1,7,-22.928606576772243,-43.701522979674543,True,False,253
median,main,Ward,10,17,-1,8,-22.864906747993377,-43.257867812214101,True,False,815
median,main,Ward,10,17,-1,9,-22.940592706157076,-43.205971465743986,True,False,2630
median,main,Ward,10,17,-1,10,-22.681042112145747,-43.63516555601921,True,False,143
median,main,Ward,10,17,-1,11,-22.740929899270853,-43.468731519774337,True,False,434
median,main,Ward,10,17,-1,12,-22.609065879815311,-43.023011633149558,True,False,63
median,main,Ward,10,17,-1,13,-22.919570485824163,-42.810796691336883,True,False,96
median,main,Ward,10,17,-1,14,-22.876121183257883,-43.450521770601696,True,False,287
median,main,Ward,10,17,-1,15,-22.823663260092424,-43.027187132636655,True,False,386
median,main,Ward,10,17,-1,16,-22.858412261104519,-43.340666150275439,True,False,715
median,main,Ward,5,41,-1,0,-22.757088307644626,-43.312753341131994,True,False,159
median,main,Ward,5,41,-1,1,-22.636372453136481,-43.18377099734964,True,False,76
median,main,Ward,5,41,-1,2,-22.876121183257883,-43.450521770601696,True,False,246
median,main,Ward,5,41,-1,3,-22.494279106237599,-43.178213121254139,True,False,191
median,main,Ward,5,41,-1,4,-22.740042315907875,-43.452417974077036,True,False,293
median,main,Ward,5,41,-1,5,-22.942334155363437,-43.681046676156861,True,False,203
median,main,Ward,5,41,-1,6,-22.704290240330771,-43.577040411076311,True,False,71
median,main,Ward,5,41,-1,7,-22.88106102280096,-43.275006740247036,True,False,510
median,main,Ward,5,41,-1,8,-22.472854529464918,-42.659051873702559,True,False,19
median,main,Ward,5,41,-1,9,-22.749802027877344,-42.875958499993821,True,False,56
median,main,Ward,5,41,-1,10,-22.871880528246912,-43.357128529411867,True,False,426
median,main,Ward,5,41,-1,11,-22.928884474388333,-43.610092601212486,True,False,208
median,main,Ward,5,41,-1,12,-22.657457054566734,-43.694133094367075,True,False,69
median,main,Ward,5,41,-1,13,-22.919570485824163,-42.810796691336883,True,False,62
median,main,Ward,5,41,-1,14,-22.539470214015083,-43.002064334643393,True,False,25
median,main,Ward,5,41,-1,15,-22.894134030714945,-43.562218067750898,True,False,413
median,main,Ward,5,41,-1,16,-22.920023822852812,-43.234619577821896,True,False,889
median,main,Ward,5,41,-1,17,-22.897061876328252,-43.101914299967703,True,False,649
median,main,Ward,5,41,-1,18,-22.820626680285216,-42.992593439108688,True,False,157
median,main,Ward,5,41,-1,19,-22.663326837005165,-43.271778357267223,True,False,85
median,main,Ward,5,41,-1,20,-22.871905708678195,-43.786099015943194,True,False,46
median,main,Ward,5,41,-1,21,-22.337452311690285,-43.112238994111024,True,False,43
median,main,Ward,5,41,-1,22,-22.950012950816443,-43.374639602113731,True,False,647
median,main,Ward,5,41,-1,23,-22.807405222190201,-43.196861389811176,True,False,168
median,main,Ward,5,41,-1,24,-22.969952052373458,-43.200402568463055,True,False,1053
median,main,Ward,5,41,-1,25,-22.812383444359082,-43.622614997136367,True,False,26
median,main,Ward,5,41,-1,26,-22.933488569435504,-42.91426510066681,True,False,47
median,main,Ward,5,41,-1,27,-22.743728503956188,-43.520169128146463,True,False,105
median,main,Ward,5,41,-1,28,-22.825795000462136,-43.051472604355773,True,False,181
median,main,Ward,5,41,-1,29,-22.790012116117168,-43.367012602976352,True,False,128
median,main,Ward,5,41,-1,30,-23.009632913961823,-43.464377966712107,True,False,396
median,main,Ward,5,41,-1,31,-22.797505823334149,-43.420080227891432,True,False,218
median,main,Ward,5,41,-1,32,-22.921150433405007,-43.181740899036122,True,False,794
median,main,Ward,5,41,-1,33,-22.6548525020523,-43.036792750587843,True,False,38
median,main,Ward,5,41,-1,34,-22.946285756374333,-43.034260360375185,True,False,180
median,main,Ward,5,41,-1,35,-22.715366592712538,-42.645873976220436,True,False,34
median,main,Ward,5,41,-1,36,-22.999064834126372,-43.328563203651207,True,False,280
median,main,Ward,5,41,-1,37,-22.834944825932148,-43.311981701780127,True,False,319
median,main,Ward,5,41,-1,38,-22.742930351981482,-43.395132571133892,True,False,95
median,main,Ward,5,41,-1,39,-22.881827320926728,-43.008094544288788,True,False,66
median,main,Ward,5,41,-1,40,-22.588219700947196,-43.30326041285511,True,False,20
median,main,Ward,3,86,-1,0,-22.715366592712538,-42.645873976220436,True,False,33
median,main,Ward,3,86,-1,1,-22.948422255385186,-43.585213753708381,True,False,72
median,main,Ward,3,86,-1,2,-22.514496754252885,-43.19066929095532,True,False,151
median,main,Ward,3,86,-1,3,-22.742930351981482,-43.395132571133892,True,False,64
median,main,Ward,3,86,-1,4,-22.870377240917726,-43.477779240687617,True,False,110
median,main,Ward,3,86,-1,5,-22.812383444359082,-43.622614997136367,True,False,26
median,main,Ward,3,86,-1,6,-22.966323726640329,-43.189354153734207,True,False,691
median,main,Ward,3,86,-1,7,-22.816014337019599,-42.963868156712174,True,False,39
median,main,Ward,3,86,-1,8,-22.746042364108984,-42.862696030221407,True,False,38
median,main,Ward,3,86,-1,9,-22.881827320926728,-43.008094544288788,True,False,52
median,main,Ward,3,86,-1,10,-22.935716875416563,-42.937069036555556,True,False,28
median,main,Ward,3,86,-1,11,-22.882870319321967,-43.350149747646725,True,False,271
median,main,Ward,3,86,-1,12,-22.889636755626061,-43.576173223304714,True,False,235
median,main,Ward,3,86,-1,13,-22.822490253321828,-43.004199613814357,True,False,108
median,main,Ward,3,86,-1,14,-22.830389920831543,-43.069507910982111,True,False,108
median,main,Ward,3,86,-1,15,-22.774770413774814,-43.305438425992008,True,False,98
median,main,Ward,3,86,-1,16,-22.902010184371431,-43.108618272713109,True,False,497
median,main,Ward,3,86,-1,17,-22.999064834126372,-43.328563203651207,True,False,280
median,main,Ward,3,86,-1,18,-22.623353489893738,-43.690667184605701,True,False,49
median,main,Ward,3,86,-1,19,-22.761284132814474,-43.519065222558325,True,False,43
median,main,Ward,3,86,-1,20,-22.726144621916799,-43.325554442626945,True,False,59
median,main,Ward,3,86,-1,21,-22.68409055782675,-43.454364951510186,True,False,21
median,main,Ward,3,86,-1,22,-22.768141793794744,-42.92891909521974,True,False,15
median,main,Ward,3,86,-1,23,-22.919988158181077,-43.684443109840615,True,False,116
median,main,Ward,3,86,-1,24,-22.851242789013043,-43.264351003749269,True,False,199
median,main,Ward,3,86,-1,25,-22.912161458450345,-43.631387207974463,True,False,142
median,main,Ward,3,86,-1,26,-22.715000487061459,-43.564548326383139,True,False,49
median,main,Ward,3,86,-1,27,-22.978816189924014,-43.22739426520571,True,False,362
median,main,Ward,3,86,-1,28,-22.825103684489104,-43.028372402125662,True,False,62
median,main,Ward,3,86,-1,29,-22.912921968531187,-43.221459710656589,True,False,351
median,main,Ward,3,86,-1,30,-22.81012611805026,-43.418817389121152,True,False,117
median,main,Ward,3,86,-1,31,-22.793296234944037,-43.374352246134208,True,False,92
median,main,Ward,3,86,-1,32,-22.89726595463214,-43.273608312905338,True,False,300
median,main,Ward,3,86,-1,33,-22.722182959448279,-43.521523921368271,True,False,44
median,main,Ward,3,86,-1,34,-22.747733240323765,-43.476708867494004,True,False,82
median,main,Ward,3,86,-1,35,-22.907067196719105,-43.18289707447704,True,False,389
median,main,Ward,3,86,-1,36,-22.943982678667496,-43.042773905109087,True,False,135
median,main,Ward,3,86,-1,37,-22.834944825932148,-43.311981701780127,True,False,266
median,main,Ward,3,86,-1,38,-22.91344595920593,-42.816262735843232,True,False,47
median,main,Ward,3,86,-1,39,-22.681115080457111,-43.265790621885344,True,False,41
median,main,Ward,3,86,-1,40,-22.588219700947196,-43.30326041285511,True,False,20
median,main,Ward,3,86,-1,41,-22.984527845434016,-43.644179623238628,True,False,30
median,main,Ward,3,86,-1,42,-22.778964896528986,-43.421935509541584,True,False,88
median,main,Ward,3,86,-1,43,-22.441643505370212,-43.145784127721797,True,False,58
median,main,Ward,3,86,-1,44,-22.938271436356565,-43.347352394882222,True,False,296
median,main,Ward,3,86,-1,45,-22.529612012089501,-42.978454088288295,True,False,17
median,main,Ward,3,86,-1,46,-22.884279212322749,-43.413613758614368,True,False,63
median,main,Ward,3,86,-1,47,-22.807405222190201,-43.196861389811176,True,False,168
median,main,Ward,3,86,-1,48,-22.915932364710983,-43.54962752905314,True,False,122
median,main,Ward,3,86,-1,49,-22.741010788015565,-43.702624573282442,True,False,20
median,main,Ward,3,86,-1,50,-22.357471440410244,-43.121330540963569,True,False,20
median,main,Ward,3,86,-1,51,-22.679299664625823,-43.606188608693678,True,False,21
median,main,Ward,3,86,-1,52,-22.843420298116179,-43.359370145455713,True,False,108
median,main,Ward,3,86,-1,53,-22.656222773440973,-43.14100944692769,True,False,10
median,main,Ward,3,86,-1,54,-22.466181774996222,-42.65473933987149,True,False,19
median,main,Ward,3,86,-1,55,-22.901448921782276,-43.061111315689843,True,False,69
median,main,Ward,3,86,-1,56,-22.954400999999997,-42.703096500000001,True,False,2
median,main,Ward,3,86,-1,57,-22.560418893106934,-43.052236108147945,True,False,8
median,main,Ward,3,86,-1,58,-22.638973216967262,-43.219677232010369,True,False,25
median,main,Ward,3,86,-1,59,-22.257375796810447,-43.075872806700858,True,False,5
median,main,Ward,3,86,-1,60,-22.599636864370179,-42.740990016492873,True,False,1
median,main,Ward,3,86,-1,61,-23.009632913961823,-43.464377966712107,True,False,263
median,main,Ward,3,86,-1,62,-22.874677272355697,-43.530568604751451,True,False,80
median,main,Ward,3,86,-1,63,-22.929700449267706,-42.875498409655947,True,False,20
median,main,Ward,3,86,-1,64,-22.982929914402384,-43.397324763504045,True,False,267
median,main,Ward,3,86,-1,65,-22.889327880622364,-43.301026828807579,True,False,122
median,main,Ward,3,86,-1,66,-22.606438004983701,-43.181407835957998,True,False,36
median,main,Ward,3,86,-1,67,-22.6548525020523,-43.036792750587843,True,False,38
median,main,Ward,3,86,-1,68,-22.887986248353659,-43.82989016195819,True,False,11
median,main,Ward,3,86,-1,69,-22.754918620709894,-43.443956669644095,True,False,152
median,main,Ward,3,86,-1,70,-22.866851824780191,-43.772336084338477,True,False,35
median,main,Ward,3,86,-1,71,-22.974977416444407,-43.697837924082251,True,False,44
median,main,Ward,3,86,-1,72,-22.93404505932201,-43.180682303619633,True,False,395
median,main,Ward,3,86,-1,73,-22.876580645734887,-43.446673203077964,True,False,79
median,main,Ward,3,86,-1,74,-22.924876285068585,-43.243611279889016,True,False,502
median,main,Ward,3,86,-1,75,-22.923147332922429,-43.384676738233907,True,False,200
median,main,Ward,3,86,-1,76,-22.644626375940305,-43.27807315600203,True,False,37
median,main,Ward,3,86,-1,77,-22.87354341128232,-43.094423596743404,True,False,119
median,main,Ward,3,86,-1,78,-22.847778768815317,-43.396628754994666,True,False,60
median,main,Ward,3,86,-1,79,-22.780458315893547,-43.345660913789814,True,False,37
median,main,Ward,3,86,-1,80,-22.718309791754077,-43.444950516168682,True,False,71
median,main,Ward,3,86,-1,81,-22.794101330037474,-43.03774419391619,True,False,19
median,main,Ward,3,86,-1,82,-22.72132965296581,-42.816589879540992,True,False,4
median,main,Ward,3,86,-1,83,-22.704649066665372,-43.157674823776425,True,False,12
median,main,Ward,3,86,-1,84,-22.955935772941743,-42.803879406482793,True,False,6
median,main,Ward,3,86,-1,85,-22.959240568475323,-42.986371671247021,True,False,30
median,main,Complete,10,22,-1,0,-22.3877798119955,-43.129545681748247,True,False,61
median,main,Complete,10,22,-1,1,-22.879396299520401,-43.12022451126392,False,True,800
median,main,Complete,10,22,-1,2,-22.751933399881874,-43.399421455012067,True,False,592
median,main,Complete,10,22,-1,3,-22.711962777173053,-42.648671506816683,True,False,34
median,main,Complete,10,22,-1,4,-22.930202320565201,-43.521104368883634,True,False,737
median,main,Complete,10,22,-1,5,-22.930853371676601,-43.014661481327337,True,False,247
median,main,Complete,10,22,-1,6,-22.609065879815311,-43.023011633149558,True,False,63
median,main,Complete,10,22,-1,7,-22.648305409793569,-43.278074768384805,True,False,118
median,main,Complete,10,22,-1,8,-22.870356788626516,-43.30640744147297,True,False,1247
median,main,Complete,10,22,-1,9,-22.738699380227818,-43.554419552882685,True,False,225
median,main,Complete,10,22,-1,10,-22.922271809409111,-42.828050482888628,True,False,83
median,main,Complete,10,22,-1,11,-22.927302971429945,-43.656607804091877,True,False,417
median,main,Complete,10,22,-1,12,-22.749802027877344,-42.875958499993821,True,False,56
median,main,Complete,10,22,-1,13,-22.466181774996222,-42.65473933987149,True,False,19
median,main,Complete,10,22,-1,14,-22.963181241637901,-43.362270099170772,True,False,1061
median,main,Complete,10,22,-1,15,-22.50916804892595,-43.185839483284681,True,False,173
median,main,Complete,10,22,-1,16,-22.657457054566734,-43.694133094367075,True,False,78
median,main,Complete,10,22,-1,17,-22.871905708678195,-43.786099015943194,True,False,48
median,main,Complete,10,22,-1,18,-22.940592706157076,-43.205971465743986,True,False,2696
median,main,Complete,10,22,-1,19,-22.823663260092424,-43.027187132636655,True,False,355
median,main,Complete,10,22,-1,20,-22.636372453136481,-43.18377099734964,True,False,76
median,main,Complete,10,22,-1,21,-22.834206145963442,-43.41055230188524,True,False,505
median,main,Complete,5,46,-1,0,-22.930069679130824,-43.027164529300059,True,False,193
median,main,Complete,5,46,-1,1,-22.908160740755243,-43.64488035544867,True,False,202
median,main,Complete,5,46,-1,2,-22.399423027637024,-43.134337902734622,True,False,56
median,main,Complete,5,46,-1,3,-22.539470214015083,-43.002064334643393,True,False,25
median,main,Complete,5,46,-1,4,-22.860447915505269,-43.335474963660445,True,False,611
median,main,Complete,5,46,-1,5,-22.921391557612104,-42.831473879680097,True,False,60
median,main,Complete,5,46,-1,6,-22.808316067120622,-43.405685825980228,True,False,238
median,main,Complete,5,46,-1,7,-22.961507940996228,-43.677563409044495,True,False,124
median,main,Complete,5,46,-1,8,-22.871905708678195,-43.786099015943194,True,False,48
median,main,Complete,5,46,-1,9,-22.763247403813761,-43.312470838109078,True,False,171
median,main,Complete,5,46,-1,10,-22.762010653927391,-43.371267468251659,True,False,149
median,main,Complete,5,46,-1,11,-22.823033295429308,-43.054244417881456,True,False,194
median,main,Complete,5,46,-1,12,-22.700509180474508,-43.44645857896856,True,False,64
median,main,Complete,5,46,-1,13,-22.6548525020523,-43.036792750587843,True,False,38
median,main,Complete,5,46,-1,14,-22.896252624016839,-43.563074592673793,True,False,416
median,main,Complete,5,46,-1,15,-22.50916804892595,-43.185839483284681,True,False,173
median,main,Complete,5,46,-1,16,-22.743728503956188,-43.520169128146463,True,False,110
median,main,Complete,5,46,-1,17,-22.951389542938088,-43.37179578810472,True,False,624
median,main,Complete,5,46,-1,18,-22.962823157221639,-43.585145105171371,True,False,76
median,main,Complete,5,46,-1,19,-22.954562672466437,-43.208690101410525,True,False,1308
median,main,Complete,5,46,-1,20,-22.682637115199739,-43.150099652481536,True,False,21
median,main,Complete,5,46,-1,21,-22.897052505347375,-43.101428897255246,True,False,653
median,main,Complete,5,46,-1,22,-22.878099259763189,-43.418802751101715,True,False,184
median,main,Complete,5,46,-1,23,-22.715366592712538,-42.645873976220436,True,False,33
median,main,Complete,5,46,-1,24,-22.807405222190201,-43.196861389811176,True,False,168
median,main,Complete,5,46,-1,25,-22.619121223214581,-43.196326414080104,True,False,55
median,main,Complete,5,46,-1,26,-22.812383444359082,-43.622614997136367,True,False,26
median,main,Complete,5,46,-1,27,-22.954400999999997,-42.703096500000001,True,False,2
median,main,Complete,5,46,-1,28,-22.466181774996222,-42.65473933987149,True,False,19
median,main,Complete,5,46,-1,29,-23.009632913961823,-43.464377966712107,True,False,379
median,main,Complete,5,46,-1,30,-22.599636864370179,-42.740990016492873,True,False,1
median,main,Complete,5,46,-1,31,-22.935716875416563,-42.937069036555556,True,False,63
median,main,Complete,5,46,-1,32,-22.871530632372416,-43.478505990458707,True,False,168
median,main,Complete,5,46,-1,33,-22.743688772571538,-42.858304968251851,True,False,42
median,main,Complete,5,46,-1,34,-22.588219700947196,-43.30326041285511,True,False,20
median,main,Complete,5,46,-1,35,-22.704290240330771,-43.577040411076311,True,False,71
median,main,Complete,5,46,-1,36,-22.824402960535565,-42.995416642865337,True,False,176
median,main,Complete,5,46,-1,37,-23.005331392692057,-43.328219939165628,True,False,280
median,main,Complete,5,46,-1,38,-22.88106102280096,-43.275006740247036,True,False,688
median,main,Complete,5,46,-1,39,-22.741010788015565,-43.702624573282442,True,False,20
median,main,Complete,5,46,-1,40,-22.752153956245333,-43.445908775610448,True,False,284
median,main,Complete,5,46,-1,41,-22.768141793794744,-42.92891909521974,True,False,15
median,main,Complete,5,46,-1,42,-22.663326837005165,-43.271778357267223,True,False,89
median,main,Complete,5,46,-1,43,-22.623353489893738,-43.690667184605701,True,False,49
median,main,Complete,5,46,-1,44,-22.913162175624795,-43.200633326982185,True,False,1300
median,main,Complete,5,46,-1,45,-22.257375796810447,-43.075872806700858,True,False,5
median,main,Complete,3,87,-1,0,-22.913162175624795,-43.200633326982185,True,False,668
median,main,Complete,3,87,-1,1,-22.877975400682516,-43.351341029858247,True,False,339
median,main,Complete,3,87,-1,2,-22.895379679619918,-43.280123603812804,True,False,385
median,main,Complete,3,87,-1,3,-22.871530632372416,-43.478505990458707,True,False,128
median,main,Complete,3,87,-1,4,-22.623353489893738,-43.690667184605701,True,False,49
median,main,Complete,3,87,-1,5,-22.835248021722141,-43.312663751504374,True,False,283
median,main,Complete,3,87,-1,6,-22.819269749264777,-43.391295003754706,True,False,101
median,main,Complete,3,87,-1,7,-22.751942640785131,-43.431538254653042,True,False,159
median,main,Complete,3,87,-1,8,-22.778482220349424,-43.308918295855214,True,False,109
median,main,Complete,3,87,-1,9,-22.731968579818993,-43.376012990742367,True,False,39
median,main,Complete,3,87,-1,10,-22.880485904482395,-43.005467661204889,True,False,52
median,main,Complete,3,87,-1,11,-22.357471440410244,-43.121330540963569,True,False,20
median,main,Complete,3,87,-1,12,-22.974943298075424,-43.205850981816297,True,False,658
median,main,Complete,3,87,-1,13,-22.801481816098288,-43.024670151134771,True,False,62
median,main,Complete,3,87,-1,14,-23.009632913961823,-43.464377966712107,True,False,263
median,main,Complete,3,87,-1,15,-22.812896200840626,-43.632070575953982,True,False,14
median,main,Complete,3,87,-1,16,-22.827320742628078,-43.006390029353398,True,False,106
median,main,Complete,3,87,-1,17,-22.422729464985224,-43.141564214829643,True,False,36
median,main,Complete,3,87,-1,18,-23.005331392692057,-43.328219939165628,True,False,228
median,main,Complete,3,87,-1,19,-22.746042364108984,-42.862696030221407,True,False,38
median,main,Complete,3,87,-1,20,-22.768141793794744,-42.92891909521974,True,False,14
median,main,Complete,3,87,-1,21,-22.891684540310106,-43.5747502806555,True,False,204
median,main,Complete,3,87,-1,22,-22.761284132814474,-43.519065222558325,True,False,54
median,main,Complete,3,87,-1,23,-22.907934128198715,-43.687296067152609,True,False,68
median,main,Complete,3,87,-1,24,-22.807405222190201,-43.196861389811176,True,False,168
median,main,Complete,3,87,-1,25,-22.951133301344228,-43.595032166195871,True,False,55
median,main,Complete,3,87,-1,26,-22.606438004983701,-43.181407835957998,True,False,36
median,main,Complete,3,87,-1,27,-22.6548525020523,-43.036792750587843,True,False,38
median,main,Complete,3,87,-1,28,-22.984527845434016,-43.644179623238628,True,False,30
median,main,Complete,3,87,-1,29,-22.94548869931797,-43.343077487554261,True,False,311
median,main,Complete,3,87,-1,30,-22.722182959448279,-43.521523921368271,True,False,44
median,main,Complete,3,87,-1,31,-22.779962625040952,-43.368431729202328,True,False,94
median,main,Complete,3,87,-1,32,-22.902010184371431,-43.108618272713109,True,False,497
median,main,Complete,3,87,-1,33,-22.943982678667496,-43.042773905109087,True,False,135
median,main,Complete,3,87,-1,34,-22.588219700947196,-43.30326041285511,True,False,20
median,main,Complete,3,87,-1,35,-22.828720491363885,-43.062048738272935,True,False,120
median,main,Complete,3,87,-1,36,-22.518061672938671,-43.193633224160592,True,False,126
median,main,Complete,3,87,-1,37,-22.80881429796403,-42.967344070432446,True,False,42
median,main,Complete,3,87,-1,38,-22.701359999211967,-43.446980525313364,True,False,71
median,main,Complete,3,87,-1,39,-22.715000487061459,-43.564548326383139,True,False,49
median,main,Complete,3,87,-1,40,-22.644626375940305,-43.27807315600203,True,False,37
median,main,Complete,3,87,-1,41,-22.913209288514807,-43.548569954847267,True,False,122
median,main,Complete,3,87,-1,42,-22.91344595920593,-42.816262735843232,True,False,47
median,main,Complete,3,87,-1,43,-22.679299664625823,-43.606188608693678,True,False,21
median,main,Complete,3,87,-1,44,-22.529612012089501,-42.978454088288295,True,False,17
median,main,Complete,3,87,-1,45,-22.257375796810447,-43.075872806700858,True,False,5
median,main,Complete,3,87,-1,46,-22.875294752578718,-43.404584591266506,True,False,63
median,main,Complete,3,87,-1,47,-22.920163104623523,-43.631943746833173,True,False,92
median,main,Complete,3,87,-1,48,-22.656222773440973,-43.14100944692769,True,False,10
median,main,Complete,3,87,-1,49,-22.681115080457111,-43.265790621885344,True,False,41
median,main,Complete,3,87,-1,50,-22.560418893106934,-43.052236108147945,True,False,8
median,main,Complete,3,87,-1,51,-22.72465253525673,-43.321470611818867,True,False,56
median,main,Complete,3,87,-1,52,-22.887986248353659,-43.82989016195819,True,False,11
median,main,Complete,3,87,-1,53,-22.929700449267706,-42.875498409655947,True,False,20
median,main,Complete,3,87,-1,54,-22.866851824780191,-43.772336084338477,True,False,35
median,main,Complete,3,87,-1,55,-22.954400999999997,-42.703096500000001,True,False,2
median,main,Complete,3,87,-1,56,-22.983075036123211,-43.397341998752239,True,False,267
median,main,Complete,3,87,-1,57,-22.734810943072141,-42.722577383327973,True,False,6
median,main,Complete,3,87,-1,58,-22.466181774996222,-42.65473933987149,True,False,19
median,main,Complete,3,87,-1,59,-23.000643279177964,-43.553157554797963,True,False,17
median,main,Complete,3,87,-1,60,-22.923436528952561,-43.380701075987858,True,False,255
median,main,Complete,3,87,-1,61,-22.648609237489225,-43.414619851935036,True,False,1
median,main,Complete,3,87,-1,62,-22.599636864370179,-42.740990016492873,True,False,1
median,main,Complete,3,87,-1,63,-22.72132965296581,-42.816589879540992,True,False,4
median,main,Complete,3,87,-1,64,-22.954001450418694,-43.688449426155103,True,False,92
median,main,Complete,3,87,-1,65,-22.958867895906085,-42.938032511228506,True,False,17
median,main,Complete,3,87,-1,66,-22.752465105781219,-43.467068519067396,True,False,141
median,main,Complete,3,87,-1,67,-22.711045625965959,-42.628828774640979,True,False,27
median,main,Complete,3,87,-1,68,-22.796284973618018,-43.421492138916449,True,False,157
median,main,Complete,3,87,-1,69,-22.638973216967262,-43.219677232010369,True,False,25
median,main,Complete,3,87,-1,70,-22.870468323977249,-43.539658102145985,True,False,95
median,main,Complete,3,87,-1,71,-22.482280348422364,-43.16227701086914,True,False,47
median,main,Complete,3,87,-1,72,-22.955935772941743,-42.803879406482793,True,False,6
median,main,Complete,3,87,-1,73,-22.851242789013043,-43.264351003749269,True,False,199
median,main,Complete,3,87,-1,74,-22.996245270000411,-43.25741706146075,True,False,31
median,main,Complete,3,87,-1,75,-22.959240568475323,-42.986371671247021,True,False,24
median,main,Complete,3,87,-1,76,-22.704649066665372,-43.157674823776425,True,False,12
median,main,Complete,3,87,-1,77,-22.947966289337948,-43.18150209953037,True,False,741
median,main,Complete,3,87,-1,78,-22.849957378281573,-42.947481706316651,True,False,7
median,main,Complete,3,87,-1,79,-22.741010788015565,-43.702624573282442,True,False,20
median,main,Complete,3,87,-1,80,-22.912565854927035,-42.936105561882599,True,False,17
median,main,Complete,3,87,-1,81,-22.926086800267079,-43.243377981975861,True,False,598
median,main,Complete,3,87,-1,82,-22.889388192099418,-43.615671727806557,True,False,66
median,main,Complete,3,87,-1,83,-22.810991676766321,-43.596949854631404,True,False,12
median,main,Complete,3,87,-1,84,-22.901019310431177,-43.059164559074041,True,False,69
median,main,Complete,3,87,-1,85,-22.87354341128232,-43.094423596743404,True,False,119
median,main,Complete,3,87,-1,86,-22.88212508459252,-43.43921269022001,True,False,99
median,main,Average,10,24,-1,0,-22.926465683209596,-42.862056270270969,True,False,114
median,main,Average,10,24,-1,1,-22.911957823940892,-43.604403830369016,True,False,791
median,main,Average,10,24,-1,2,-22.800554811821879,-43.194248952075519,True,False,183
median,main,Average,10,24,-1,3,-22.766025780569937,-43.40240122586718,True,False,724
median,main,Average,10,24,-1,4,-22.88264410957883,-43.068428689376084,True,False,1199
median,main,Average,10,24,-1,5,-22.749802027877344,-42.875958499993821,True,False,85
median,main,Average,10,24,-1,6,-22.638585330671166,-43.241425028038371,True,False,180
median,main,Average,10,24,-1,7,-22.657457054566734,-43.694133094367075,True,False,77
median,main,Average,10,24,-1,8,-22.727696252894425,-43.544069179715478,True,False,219
median,main,Average,10,24,-1,9,-22.399423027637024,-43.134337902734622,True,False,56
median,main,Average,10,24,-1,10,-22.539470214015083,-43.002064334643393,True,False,25
median,main,Average,10,24,-1,11,-22.869529309635489,-43.307387706424294,True,False,1271
median,main,Average,10,24,-1,12,-22.874719901620018,-43.449518244018478,True,False,351
median,main,Average,10,24,-1,13,-22.871905708678195,-43.786099015943194,True,False,67
median,main,Average,10,24,-1,14,-22.715366592712538,-42.645873976220436,True,False,33
median,main,Average,10,24,-1,15,-22.466181774996222,-42.65473933987149,True,False,19
median,main,Average,10,24,-1,16,-22.599636864370179,-42.740990016492873,True,False,1
median,main,Average,10,24,-1,17,-22.963181241637901,-43.362270099170772,True,False,1061
median,main,Average,10,24,-1,18,-23.009632913961823,-43.464377966712107,True,False,280
median,main,Average,10,24,-1,19,-22.940592706157076,-43.205971465743986,True,False,2696
median,main,Average,10,24,-1,20,-22.50916804892595,-43.185839483284681,True,False,173
median,main,Average,10,24,-1,21,-22.648609237489225,-43.414619851935036,True,False,35
median,main,Average,10,24,-1,22,-22.6548525020523,-43.036792750587843,True,False,46
median,main,Average,10,24,-1,23,-22.257375796810447,-43.075872806700858,True,False,5
median,main,Average,5,53,-1,0,-22.85770042082779,-43.330269615106026,True,False,629
median,main,Average,5,53,-1,1,-22.744245958747527,-43.520756187844206,True,False,105
median,main,Average,5,53,-1,2,-22.624846699348467,-43.189946581684204,True,False,57
median,main,Average,5,53,-1,3,-22.797013378107145,-43.399053202194402,True,False,290
median,main,Average,5,53,-1,4,-22.951389542938088,-43.37179578810472,True,False,624
median,main,Average,5,53,-1,5,-22.89706716478544,-43.566330901922072,True,False,418
median,main,Average,5,53,-1,6,-22.623353489893738,-43.690667184605701,True,False,49
median,main,Average,5,53,-1,7,-22.813080521001513,-43.624388075492973,True,False,26
median,main,Average,5,53,-1,8,-22.933809933157967,-43.68461227009611,True,False,172
median,main,Average,5,53,-1,9,-22.743688772571538,-42.858304968251851,True,False,42
median,main,Average,5,53,-1,10,-22.918256126798664,-42.814860849500526,True,False,53
median,main,Average,5,53,-1,11,-22.97003497233678,-43.618711560792597,True,False,68
median,main,Average,5,53,-1,12,-22.935716875416563,-42.937069036555556,True,False,50
median,main,Average,5,53,-1,13,-22.422729464985224,-43.141564214829643,True,False,36
median,main,Average,5,53,-1,14,-22.920182857532833,-43.210071267619995,True,False,1455
median,main,Average,5,53,-1,15,-22.588219700947196,-43.30326041285511,True,False,20
median,main,Average,5,53,-1,16,-22.946285756374333,-43.034260360375185,True,False,164
median,main,Average,5,53,-1,17,-22.664005271932599,-43.272428386946189,True,False,85
median,main,Average,5,53,-1,18,-22.704290240330771,-43.577040411076311,True,False,71
median,main,Average,5,53,-1,19,-22.740339176552091,-43.452540695252814,True,False,290
median,main,Average,5,53,-1,20,-22.50916804892595,-43.185839483284681,True,False,173
median,main,Average,5,53,-1,21,-22.886238177285904,-43.275065922868144,True,False,672
median,main,Average,5,53,-1,22,-22.96914458741675,-43.200236143620458,True,False,1153
median,main,Average,5,53,-1,23,-22.929700449267706,-42.875498409655947,True,False,20
median,main,Average,5,53,-1,24,-22.822483119576908,-42.998186648148334,True,False,161
median,main,Average,5,53,-1,25,-22.910550481645164,-43.626020301269286,True,False,145
median,main,Average,5,53,-1,26,-22.807405222190201,-43.196861389811176,True,False,168
median,main,Average,5,53,-1,27,-22.871905708678195,-43.786099015943194,True,False,46
median,main,Average,5,53,-1,28,-22.892413585215429,-43.099589127755387,True,False,655
median,main,Average,5,53,-1,29,-22.954400999999997,-42.703096500000001,True,False,2
median,main,Average,5,53,-1,30,-22.741010788015565,-43.702624573282442,True,False,20
median,main,Average,5,53,-1,31,-22.466181774996222,-42.65473933987149,True,False,19
median,main,Average,5,53,-1,32,-22.704649066665372,-43.157674823776425,True,False,19
median,main,Average,5,53,-1,33,-22.599636864370179,-42.740990016492873,True,False,1
median,main,Average,5,53,-1,34,-22.734810943072141,-42.722577383327973,True,False,6
median,main,Average,5,53,-1,35,-22.877085292930097,-43.414770238814832,True,False,192
median,main,Average,5,53,-1,36,-22.529612012089501,-42.978454088288295,True,False,17
median,main,Average,5,53,-1,37,-23.009632913961823,-43.464377966712107,True,False,379
median,main,Average,5,53,-1,38,-22.726387443397225,-43.328405436659253,True,False,60
median,main,Average,5,53,-1,39,-22.768141793794744,-42.92891909521974,True,False,15
median,main,Average,5,53,-1,40,-23.005331392692057,-43.328219939165628,True,False,280
median,main,Average,5,53,-1,41,-22.560418893106934,-43.052236108147945,True,False,8
median,main,Average,5,53,-1,42,-22.357471440410244,-43.121330540963569,True,False,20
median,main,Average,5,53,-1,43,-22.648609237489225,-43.414619851935036,True,False,10
median,main,Average,5,53,-1,44,-23.000643279177964,-43.553157554797963,True,False,17
median,main,Average,5,53,-1,45,-22.6548525020523,-43.036792750587843,True,False,38
median,main,Average,5,53,-1,46,-22.880485904482395,-43.005467661204889,True,False,61
median,main,Average,5,53,-1,47,-22.257375796810447,-43.075872806700858,True,False,5
median,main,Average,5,53,-1,48,-22.774770413774814,-43.305438425992008,True,False,144
median,main,Average,5,53,-1,49,-22.818534380179944,-43.048700725478824,True,False,175
median,main,Average,5,53,-1,50,-22.743193085254958,-43.399186203804206,True,False,102
median,main,Average,5,53,-1,51,-22.711045625965959,-42.628828774640979,True,False,27
median,main,Average,5,53,-1,52,-22.87292915339658,-43.475824643438216,True,False,177
median,main,Average,3,98,-1,0,-22.772433138882427,-43.551059388599313,True,False,11
median,main,Average,3,98,-1,1,-22.880485904482395,-43.005467661204889,True,False,52
median,main,Average,3,98,-1,2,-22.910550481645164,-43.626020301269286,True,False,132
median,main,Average,3,98,-1,3,-22.877085292930097,-43.414770238814832,True,False,124
median,main,Average,3,98,-1,4,-22.71117898561991,-43.447456382173137,True,False,82
median,main,Average,3,98,-1,5,-22.836409587922997,-43.304898861756492,True,False,273
median,main,Average,3,98,-1,6,-22.651816031949064,-43.147750319749939,True,False,10
median,main,Average,3,98,-1,7,-22.588219700947196,-43.30326041285511,True,False,20
median,main,Average,3,98,-1,8,-22.958867895906085,-42.938032511228506,True,False,17
median,main,Average,3,98,-1,9,-22.750269084775745,-42.859437930352712,True,False,34
median,main,Average,3,98,-1,10,-22.887986248353659,-43.82989016195819,True,False,11
median,main,Average,3,98,-1,11,-22.929700449267706,-42.875498409655947,True,False,20
median,main,Average,3,98,-1,12,-22.87292915339658,-43.475824643438216,True,False,156
median,main,Average,3,98,-1,13,-22.943982678667496,-43.042773905109087,True,False,135
median,main,Average,3,98,-1,14,-22.978816189924014,-43.22739426520571,True,False,386
median,main,Average,3,98,-1,15,-22.518061672938671,-43.193633224160592,True,False,126
median,main,Average,3,98,-1,16,-22.92028202949113,-43.180865238403157,True,False,749
median,main,Average,3,98,-1,17,-22.752567643717196,-43.454672826544289,True,False,211
median,main,Average,3,98,-1,18,-22.894192481213313,-43.279590170151764,True,False,378
median,main,Average,3,98,-1,19,-23.005331392692057,-43.328219939165628,True,False,228
median,main,Average,3,98,-1,20,-22.80881429796403,-42.967344070432446,True,False,42
median,main,Average,3,98,-1,21,-22.94548869931797,-43.343077487554261,True,False,311
median,main,Average,3,98,-1,22,-22.793043461718405,-43.032129136067354,True,False,24
median,main,Average,3,98,-1,23,-22.793296234944037,-43.374352246134208,True,False,91
median,main,Average,3,98,-1,24,-22.743193085254958,-43.399186203804206,True,False,86
median,main,Average,3,98,-1,25,-22.777765089459805,-43.347932770988386,True,False,45
median,main,Average,3,98,-1,26,-22.984527845434016,-43.644179623238628,True,False,30
median,main,Average,3,98,-1,27,-22.638804789596712,-43.221817229432546,True,False,25
median,main,Average,3,98,-1,28,-22.914226457490454,-42.81658703751927,True,False,46
median,main,Average,3,98,-1,29,-22.97130312101887,-43.69557357892176,True,False,44
median,main,Average,3,98,-1,30,-23.011374905473616,-43.462585653998737,True,False,248
median,main,Average,3,98,-1,31,-22.715000487061459,-43.564548326383139,True,False,49
median,main,Average,3,98,-1,32,-22.861462604522586,-43.088872982722016,True,False,145
median,main,Average,3,98,-1,33,-22.958593230417907,-43.59860519570362,True,False,38
median,main,Average,3,98,-1,34,-22.901019310431177,-43.059164559074041,True,False,69
median,main,Average,3,98,-1,35,-22.881792553144738,-43.350661867267398,True,False,302
median,main,Average,3,98,-1,36,-22.529612012089501,-42.978454088288295,True,False,17
median,main,Average,3,98,-1,37,-22.722182959448279,-43.521523921368271,True,False,44
median,main,Average,3,98,-1,38,-22.726387443397225,-43.328405436659253,True,False,59
median,main,Average,3,98,-1,39,-22.824385702681997,-43.00828032210012,True,False,120
median,main,Average,3,98,-1,40,-22.902010184371431,-43.108618272713109,True,False,497
median,main,Average,3,98,-1,41,-22.560418893106934,-43.052236108147945,True,False,8
median,main,Average,3,98,-1,42,-22.919813522312143,-43.233774154287509,True,False,808
median,main,Average,3,98,-1,43,-22.929243775465761,-43.560092694715621,True,False,84
median,main,Average,3,98,-1,44,-22.82351536424715,-43.051938852145447,True,False,118
median,main,Average,3,98,-1,45,-22.6548525020523,-43.036792750587843,True,False,38
median,main,Average,3,98,-1,46,-22.822879148238709,-43.603904500991355,True,False,12
median,main,Average,3,98,-1,47,-22.897584875259987,-43.57966704898368,True,False,191
median,main,Average,3,98,-1,48,-22.774770413774814,-43.305438425992008,True,False,98
median,main,Average,3,98,-1,49,-22.679299664625823,-43.606188608693678,True,False,21
median,main,Average,3,98,-1,50,-22.37996187668708,-43.11311433605696,True,False,10
median,main,Average,3,98,-1,51,-22.711045625965959,-42.628828774640979,True,False,27
median,main,Average,3,98,-1,52,-22.680352840785982,-43.266946638071531,True,False,41
median,main,Average,3,98,-1,53,-22.807405222190201,-43.196861389811176,True,False,168
median,main,Average,3,98,-1,54,-22.744800708085457,-43.701943354922321,True,False,18
median,main,Average,3,98,-1,55,-22.968632456158865,-43.392352961893138,True,False,151
median,main,Average,3,98,-1,56,-22.646675288768787,-43.653174417722155,True,False,14
median,main,Average,3,98,-1,57,-22.851867693477001,-43.535634110264098,True,False,19
median,main,Average,3,98,-1,58,-22.614024770343718,-43.705664291359113,True,False,35
median,main,Average,3,98,-1,59,-22.954400999999997,-42.703096500000001,True,False,2
median,main,Average,3,98,-1,60,-22.425398680634018,-43.197340829851463,True,False,3
median,main,Average,3,98,-1,61,-22.866851824780191,-43.772336084338477,True,False,35
median,main,Average,3,98,-1,62,-22.888422586121401,-43.545850334615558,True,False,153
median,main,Average,3,98,-1,63,-22.466181774996222,-42.65473933987149,True,False,19
median,main,Average,3,98,-1,64,-22.710115238441539,-42.890389879105363,True,False,4
median,main,Average,3,98,-1,65,-22.704649066665372,-43.157674823776425,True,False,12
median,main,Average,3,98,-1,66,-22.605064809718655,-43.181405080198992,True,False,36
median,main,Average,3,98,-1,67,-22.599636864370179,-42.740990016492873,True,False,1
median,main,Average,3,98,-1,68,-22.774518527336436,-42.927045479136979,True,False,12
median,main,Average,3,98,-1,69,-22.734810943072141,-42.722577383327973,True,False,6
median,main,Average,3,98,-1,70,-22.955935772941743,-42.803879406482793,True,False,6
median,main,Average,3,98,-1,71,-22.95073136280994,-43.262458023097189,True,False,40
median,main,Average,3,98,-1,72,-22.92298976919821,-43.675490218999521,True,False,106
median,main,Average,3,98,-1,73,-22.729881392544605,-42.940160791716366,True,False,2
median,main,Average,3,98,-1,74,-22.482280348422364,-43.16227701086914,True,False,47
median,main,Average,3,98,-1,75,-22.72132965296581,-42.816589879540992,True,False,4
median,main,Average,3,98,-1,76,-22.804035634321025,-43.643295990417542,True,False,13
median,main,Average,3,98,-1,77,-22.853571472807317,-43.256485761693696,True,False,208
median,main,Average,3,98,-1,78,-22.334981004133411,-43.129546745870186,True,False,10
median,main,Average,3,98,-1,79,-22.422486809017151,-43.136493613464012,True,False,33
median,main,Average,3,98,-1,80,-22.959240568475323,-42.986371671247021,True,False,24
median,main,Average,3,98,-1,81,-22.912565854927035,-42.936105561882599,True,False,17
median,main,Average,3,98,-1,82,-22.843647315224533,-43.360512376264964,True,False,115
median,main,Average,3,98,-1,83,-23.001664514859417,-43.403839538028691,True,False,116
median,main,Average,3,98,-1,84,-22.901457139753642,-43.705514905090254,True,False,27
median,main,Average,3,98,-1,85,-22.98083198763354,-43.494010870239819,True,False,15
median,main,Average,3,98,-1,86,-22.823188628162807,-43.408286241385071,True,False,76
median,main,Average,3,98,-1,87,-22.648609237489225,-43.414619851935036,True,False,1
median,main,Average,3,98,-1,88,-22.849957378281573,-42.947481706316651,True,False,7
median,main,Average,3,98,-1,89,-23.000643279177964,-43.553157554797963,True,False,17
median,main,Average,3,98,-1,90,-22.643921115912722,-43.279163106992215,True,False,37
median,main,Average,3,98,-1,91,-22.965333831316631,-43.189535437359929,True,False,702
median,main,Average,3,98,-1,92,-22.759262163013034,-43.512412654131325,True,False,52
median,main,Average,3,98,-1,93,-22.877543038117786,-42.801344858745189,True,False,1
median,main,Average,3,98,-1,94,-22.923348622655986,-43.380650135834259,True,False,237
median,main,Average,3,98,-1,95,-22.257375796810447,-43.075872806700858,True,False,5
median,main,Average,3,98,-1,96,-22.70690150738654,-43.70875553852354,True,False,2
median,main,Average,3,98,-1,97,-22.791265457044179,-43.422758518991039,True,False,140
median,main,P-Median,10,23,-1,0,-22.885651556480287,-43.280623699757037,True,False,500
median,main,P-Median,10,23,-1,1,-22.897497594494848,-43.577163838190302,True,False,562
median,main,P-Median,10,23,-1,2,-22.920179070777287,-43.1800400189857,True,False,759
median,main,P-Median,10,23,-1,3,-22.510371238735601,-43.177077063488028,True,False,343
median,main,P-Median,10,23,-1,4,-22.90316625284208,-43.107130685007633,True,False,663
median,main,P-Median,10,23,-1,5,-22.759656600259042,-43.43848994874962,True,False,580
median,main,P-Median,10,23,-1,6,-22.936854813491813,-43.359961025059079,True,False,647
median,main,P-Median,10,23,-1,7,-22.935940716233457,-43.674403403478713,True,False,312
median,main,P-Median,10,23,-1,8,-22.821187607273103,-43.01880953344557,True,False,444
median,main,P-Median,10,23,-1,9,-22.836444957527892,-43.308212856512192,True,False,371
median,main,P-Median,10,23,-1,10,-23.014294742166268,-43.464131672838931,True,False,396
median,main,P-Median,10,23,-1,11,-22.967573222733552,-43.190361228071453,True,False,1088
median,main,P-Median,10,23,-1,12,-22.922587334731741,-43.242445681242387,True,False,889
median,main,P-Median,10,23,-1,13,-23.004214031623405,-43.335593643632045,True,False,280
median,main,P-Median,10,23,-1,14,-22.807903515407663,-43.198936213572608,True,False,180
median,main,P-Median,10,23,-1,15,-22.918123077163223,-42.817606506045927,True,False,79
median,main,P-Median,10,23,-1,16,-22.715320295169995,-43.521764871112346,True,False,199
median,main,P-Median,10,23,-1,17,-22.872718341104505,-43.364321140717855,True,False,472
median,main,P-Median,10,23,-1,18,-22.711045625965959,-42.628828774640979,True,False,56
median,main,P-Median,10,23,-1,19,-22.936923942837232,-43.023931515513993,True,False,247
median,main,P-Median,10,23,-1,20,-22.757737500000001,-43.308902523376069,True,False,297
median,main,P-Median,10,23,-1,21,-22.614024770343718,-43.705664291359113,True,False,69
median,main,P-Median,10,23,-1,22,-22.8785995434244,-43.459981317935203,True,False,258
median,main,P-Median,5,53,-1,0,-22.895235340412018,-43.277630090284049,True,False,324
median,main,P-Median,5,53,-1,1,-22.884940320012682,-43.550385590339893,True,False,151
median,main,P-Median,5,53,-1,2,-22.935280735501159,-43.181659060851743,True,False,412
median,main,P-Median,5,53,-1,3,-22.519867377177885,-43.192768412910056,True,False,173
median,main,P-Median,5,53,-1,4,-22.879610274936699,-43.091603704065434,True,False,168
median,main,P-Median,5,53,-1,5,-22.756350707508076,-43.422528996649874,True,False,162
median,main,P-Median,5,53,-1,6,-22.933631577298154,-43.376470227883758,True,False,292
median,main,P-Median,5,53,-1,7,-22.920193361648064,-43.625023743262787,True,False,109
median,main,P-Median,5,53,-1,8,-22.823153080359351,-43.001986080193348,True,False,170
median,main,P-Median,5,53,-1,9,-22.837451405505156,-43.323232840960273,True,False,285
median,main,P-Median,5,53,-1,10,-23.014294742166268,-43.464131672838931,True,False,263
median,main,P-Median,5,53,-1,11,-22.978914130157619,-43.193800094783313,True,False,349
median,main,P-Median,5,53,-1,12,-22.969262870938902,-43.589817777037304,True,False,67
median,main,P-Median,5,53,-1,13,-23.004214031623405,-43.335593643632045,True,False,228
median,main,P-Median,5,53,-1,14,-22.807903515407663,-43.198936213572608,True,False,168
median,main,P-Median,5,53,-1,15,-22.918123077163223,-42.817606506045927,True,False,75
median,main,P-Median,5,53,-1,16,-22.715320295169995,-43.521764871112346,True,False,168
median,main,P-Median,5,53,-1,17,-22.882376409414437,-43.363361678169646,True,False,304
median,main,P-Median,5,53,-1,18,-22.711045625965959,-42.628828774640979,True,False,34
median,main,P-Median,5,53,-1,19,-22.940590374308972,-43.042159989648717,True,False,156
median,main,P-Median,5,53,-1,20,-22.757737500000001,-43.308902523376069,True,False,181
median,main,P-Median,5,53,-1,21,-22.614024770343718,-43.705664291359113,True,False,69
median,main,P-Median,5,53,-1,22,-22.883336999999997,-43.471597853800013,True,False,138
median,main,P-Median,5,53,-1,23,-22.90316625284208,-43.107130685007633,True,False,491
median,main,P-Median,5,53,-1,24,-22.970894018595992,-43.387842336257087,True,False,151
median,main,P-Median,5,53,-1,25,-22.888594503606669,-43.587552790928555,True,False,202
median,main,P-Median,5,53,-1,26,-22.656552657203321,-43.04169557066254,True,False,43
median,main,P-Median,5,53,-1,27,-22.80572828112987,-43.423175275533083,True,False,179
median,main,P-Median,5,53,-1,28,-22.982681807389302,-43.224309481274112,True,False,316
median,main,P-Median,5,53,-1,29,-22.911623897605519,-43.679006491325332,True,False,121
median,main,P-Median,5,53,-1,30,-22.410493489044505,-43.133782909281592,True,False,61
median,main,P-Median,5,53,-1,31,-22.905074237271261,-43.177172667782301,True,False,315
median,main,P-Median,5,53,-1,32,-22.850776824109129,-43.270083990146574,True,False,225
median,main,P-Median,5,53,-1,33,-22.744409276201345,-42.857659892166595,True,False,56
median,main,P-Median,5,53,-1,34,-22.614609568752904,-43.173931852788343,True,False,83
median,main,P-Median,5,53,-1,35,-22.945210543712847,-43.339842232558318,True,False,256
median,main,P-Median,5,53,-1,36,-22.466181774996222,-42.65473933987149,True,False,19
median,main,P-Median,5,53,-1,37,-22.954521478763947,-43.185702100207656,True,False,388
median,main,P-Median,5,53,-1,38,-22.826413437605595,-43.053180037616045,True,False,167
median,main,P-Median,5,53,-1,39,-22.870437366799383,-43.76812694520693,True,False,46
median,main,P-Median,5,53,-1,40,-23.001664514859417,-43.403839538028691,True,False,116
median,main,P-Median,5,53,-1,41,-22.922587334731741,-43.242445681242387,True,False,590
median,main,P-Median,5,53,-1,42,-22.790631827247477,-43.374445663584979,True,False,133
median,main,P-Median,5,53,-1,43,-22.591393983345917,-43.302849147064649,True,False,79
median,main,P-Median,5,53,-1,44,-22.884763705782337,-43.318704249495191,True,False,143
median,main,P-Median,5,53,-1,45,-22.735205914121199,-43.450468178245586,True,False,260
median,main,P-Median,5,53,-1,46,-22.526252776321712,-42.977909681547956,True,False,22
median,main,P-Median,5,53,-1,47,-22.915108068555597,-43.563234327913641,True,False,155
median,main,P-Median,5,53,-1,48,-22.959038807351881,-42.982808470971534,True,False,53
median,main,P-Median,5,53,-1,49,-22.916833051618703,-43.21798092630852,True,False,326
median,main,P-Median,5,53,-1,50,-22.891825634023764,-43.006206836798846,True,False,62
median,main,P-Median,5,53,-1,51,-22.87813544936224,-43.426016818853242,True,False,125
median,main,P-Median,5,53,-1,52,-22.979479425356224,-43.694505256592976,True,False,62
median,main,MCLP,10,14,-1,0,-22.923126168734587,-43.263343188874131,True,False,1887
median,main,MCLP,10,14,-1,1,-22.831790247648279,-43.400123938369298,True,False,1145
median,main,MCLP,10,14,-1,2,-22.906870719638384,-43.054083487252512,True,False,914
median,main,MCLP,10,14,-1,3,-23.001664514859417,-43.403839538028691,True,False,1025
median,main,MCLP,10,14,-1,4,-22.920193361648064,-43.625023743262787,True,False,450
median,main,MCLP,10,14,-1,5,-22.715320295169995,-43.521764871112346,True,False,501
median,main,MCLP,10,14,-1,6,-22.815872853453754,-43.224287401465787,True,False,413
median,main,MCLP,10,14,-1,7,-22.473345326406371,-43.149373760118806,True,False,259
median,main,MCLP,10,14,-1,8,-22.871238117888137,-42.993915538899529,True,False,370
median,main,MCLP,10,14,-1,9,-22.757737500000001,-43.308902523376069,True,False,376
median,main,MCLP,10,14,-1,10,-22.915108068555597,-43.563234327913641,True,False,502
median,main,MCLP,10,14,-1,11,-22.978469157654736,-43.233833368572981,True,False,1506
median,main,MCLP,10,14,-1,12,-22.602628063985435,-43.184738540959316,True,False,195
median,main,MCLP,10,14,-1,13,-22.918123077163223,-42.817606506045927,True,False,148
median,main,MCLP,5,40,-1,0,-22.938277399128509,-43.196787753274769,True,False,1809
median,main,MCLP,5,40,-1,1,-22.886614268105514,-43.26793577240467,True,False,776
median,main,MCLP,5,40,-1,2,-22.936854813491813,-43.359961025059079,True,False,587
median,main,MCLP,5,40,-1,3,-22.904265865398976,-43.092822227384744,True,False,511
median,main,MCLP,5,40,-1,4,-22.853066627243422,-43.328187042183643,True,False,450
median,main,MCLP,5,40,-1,5,-22.897497594494848,-43.577163838190302,True,False,288
median,main,MCLP,5,40,-1,6,-22.978469157654736,-43.233833368572981,True,False,547
median,main,MCLP,5,40,-1,7,-22.752582179703964,-43.444221463420185,True,False,236
median,main,MCLP,5,40,-1,8,-22.819145152582344,-43.036113091680086,True,False,131
median,main,MCLP,5,40,-1,9,-23.014294742166268,-43.464131672838931,True,False,263
median,main,MCLP,5,40,-1,10,-22.803857510457959,-43.37526659276007,True,False,130
median,main,MCLP,5,40,-1,11,-22.8785995434244,-43.459981317935203,True,False,237
median,main,MCLP,5,40,-1,12,-23.004214031623405,-43.335593643632045,True,False,280
median,main,MCLP,5,40,-1,13,-22.900808962023916,-43.672336831121193,True,False,200
median,main,MCLP,5,40,-1,14,-22.807903515407663,-43.198936213572608,True,False,168
median,main,MCLP,5,40,-1,15,-23.001664514859417,-43.403839538028691,True,False,267
median,main,MCLP,5,40,-1,16,-22.510371238735601,-43.177077063488028,True,False,151
median,main,MCLP,5,40,-1,17,-22.757737500000001,-43.308902523376069,True,False,209
median,main,MCLP,5,40,-1,18,-22.936923942837232,-43.023931515513993,True,False,183
median,main,MCLP,5,40,-1,19,-22.715320295169995,-43.521764871112346,True,False,114
median,main,MCLP,5,40,-1,20,-22.839524010675806,-43.403841994734208,True,False,211
median,main,MCLP,5,40,-1,21,-22.918123077163223,-42.817606506045927,True,False,75
median,main,MCLP,5,40,-1,22,-22.836436732168615,-43.275556609065802,True,False,223
median,main,MCLP,5,40,-1,23,-22.973956926613816,-43.645503619626048,True,False,30
median,main,MCLP,5,40,-1,24,-22.871238117888137,-42.993915538899529,True,False,79
median,main,MCLP,5,40,-1,25,-22.436878792984327,-43.139746458482932,True,False,83
median,main,MCLP,5,40,-1,26,-22.614609568752904,-43.173931852788343,True,False,140
median,main,MCLP,5,40,-1,27,-22.884940320012682,-43.550385590339893,True,False,191
median,main,MCLP,5,40,-1,28,-22.70974784549507,-43.431107235865014,True,False,85
median,main,MCLP,5,40,-1,29,-22.94626033543803,-43.597068296401353,True,False,105
median,main,MCLP,5,40,-1,30,-22.656552657203321,-43.04169557066254,True,False,65
median,main,MCLP,5,40,-1,31,-22.870437366799383,-43.76812694520693,True,False,46
median,main,MCLP,5,40,-1,32,-22.744409276201345,-42.857659892166595,True,False,56
median,main,MCLP,5,40,-1,33,-22.614024770343718,-43.705664291359113,True,False,69
median,main,MCLP,5,40,-1,34,-22.979479425356224,-43.694505256592976,True,False,49
median,main,MCLP,5,40,-1,35,-22.771943889865383,-43.525243215715406,True,False,66
median,main,MCLP,5,40,-1,36,-22.866579900473049,-43.098220645017022,True,False,213
median,main,MCLP,5,40,-1,37,-22.765987535694773,-43.404434940864256,True,False,165
median,main,MCLP,5,40,-1,38,-22.711045625965959,-42.628828774640979,True,False,53
median,main,MCLP,5,40,-1,39,-22.823153080359351,-43.001986080193348,True,False,150
dedup_full,main,K-Means,10,17,42,0,-22.948871808322235,-43.191074868781882,True,False,1782
dedup_full,main,K-Means,10,17,42,1,-22.754268003634717,-43.452834753982636,True,False,598
dedup_full,main,K-Means,10,17,42,2,-22.877040680153577,-43.387652817380484,True,False,793
dedup_full,main,K-Means,10,17,42,3,-22.48371023656529,-43.15601502387495,True,False,256
dedup_full,main,K-Means,10,17,42,4,-22.830349294834861,-43.02560269443525,True,False,386
dedup_full,main,K-Means,10,17,42,5,-23.0056596146343,-43.448530136481999,True,False,396
dedup_full,main,K-Means,10,17,42,6,-22.92292249694944,-43.674815107851146,True,False,320
dedup_full,main,K-Means,10,17,42,7,-22.876144481586991,-42.874811094068164,True,False,188
dedup_full,main,K-Means,10,17,42,8,-22.625269961764253,-42.652450877412441,True,False,55
dedup_full,main,K-Means,10,17,42,9,-22.688215090420869,-43.632872506600009,True,False,144
dedup_full,main,K-Means,10,17,42,10,-22.765675671291753,-43.342653482028389,True,False,335
dedup_full,main,K-Means,10,17,42,11,-22.919673876951666,-43.246018190607856,True,False,1182
dedup_full,main,K-Means,10,17,42,12,-22.96286474447901,-43.353558871758416,True,False,810
dedup_full,main,K-Means,10,17,42,13,-22.895163784998196,-43.558094006903701,True,False,636
dedup_full,main,K-Means,10,17,42,14,-22.6467846265041,-43.200299269820235,True,False,221
dedup_full,main,K-Means,10,17,42,15,-22.905148467725944,-43.091658350751153,True,False,822
dedup_full,main,K-Means,10,17,42,16,-22.843652748129486,-43.273472263335499,True,False,767
dedup_full,main,K-Means,5,42,42,0,-22.828737127581945,-43.061413514113532,True,False,164
dedup_full,main,K-Means,5,42,42,1,-22.931117684217167,-43.387917943388516,True,False,248
dedup_full,main,K-Means,5,42,42,2,-22.918636183472334,-43.236570911077514,True,False,891
dedup_full,main,K-Means,5,42,42,3,-22.51539683983756,-43.192682243007162,True,False,142
dedup_full,main,K-Means,5,42,42,4,-22.897512802179193,-43.547460352180458,True,False,289
dedup_full,main,K-Means,5,42,42,5,-22.729235453895111,-43.544250964195164,True,False,158
dedup_full,main,K-Means,5,42,42,6,-22.837387714094444,-43.319597844899867,True,False,292
dedup_full,main,K-Means,5,42,42,7,-22.712921006550928,-42.650747186818634,True,False,34
dedup_full,main,K-Means,5,42,42,8,-22.921493219988545,-42.830545979534207,True,False,68
dedup_full,main,K-Means,5,42,42,9,-22.921218373132533,-43.182909269243737,True,False,747
dedup_full,main,K-Means,5,42,42,10,-22.939227246495673,-43.658590058364354,True,False,273
dedup_full,main,K-Means,5,42,42,11,-22.897435679219356,-43.104112353561476,True,False,643
dedup_full,main,K-Means,5,42,42,12,-22.769771513406738,-43.380602522893653,True,False,182
dedup_full,main,K-Means,5,42,42,13,-22.653854598491083,-43.271518633073157,True,False,118
dedup_full,main,K-Means,5,42,42,14,-22.468420723724943,-42.655499586896099,True,False,19
dedup_full,main,K-Means,5,42,42,15,-23.004848542100561,-43.331838629518138,True,False,228
dedup_full,main,K-Means,5,42,42,16,-22.536202063723724,-42.991420398339258,True,False,22
dedup_full,main,K-Means,5,42,42,17,-22.749401515250053,-42.87359238355738,True,False,56
dedup_full,main,K-Means,5,42,42,18,-23.008116256551062,-43.468209356544385,True,False,280
dedup_full,main,K-Means,5,42,42,19,-22.740561843493293,-43.454436279737614,True,False,335
dedup_full,main,K-Means,5,42,42,20,-22.850793927138515,-43.267672004881867,True,False,252
dedup_full,main,K-Means,5,42,42,21,-22.963907449900812,-43.187807618665012,True,False,681
dedup_full,main,K-Means,5,42,42,22,-22.628695073782282,-43.685295622913763,True,False,53
dedup_full,main,K-Means,5,42,42,23,-22.935193999732878,-43.043416331957516,True,False,180
dedup_full,main,K-Means,5,42,42,24,-22.87616406508344,-43.454662300605982,True,False,246
dedup_full,main,K-Means,5,42,42,25,-22.374839706369603,-43.120541439745708,True,False,43
dedup_full,main,K-Means,5,42,42,26,-22.947148777842013,-43.354503189179283,True,False,453
dedup_full,main,K-Means,5,42,42,27,-22.831737169825658,-43.001852336536302,True,False,224
dedup_full,main,K-Means,5,42,42,28,-22.894787962955167,-43.28894450870937,True,False,355
dedup_full,main,K-Means,5,42,42,29,-22.871676511295782,-43.787634193332885,True,False,46
dedup_full,main,K-Means,5,42,42,30,-22.756532900618286,-43.314322501105984,True,False,168
dedup_full,main,K-Means,5,42,42,31,-22.999729789317982,-43.401028570814155,True,False,116
dedup_full,main,K-Means,5,42,42,32,-22.644897557841276,-43.06342417819792,True,False,46
dedup_full,main,K-Means,5,42,42,33,-22.877447792264903,-43.361486169970028,True,False,384
dedup_full,main,K-Means,5,42,42,34,-22.804769092459804,-43.416892822114441,True,False,216
dedup_full,main,K-Means,5,42,42,35,-22.80673893899602,-43.194012131407852,True,False,147
dedup_full,main,K-Means,5,42,42,36,-22.762601080411443,-43.679232578993499,True,False,34
dedup_full,main,K-Means,5,42,42,37,-22.463122497571238,-43.153386129672569,True,False,49
dedup_full,main,K-Means,5,42,42,38,-22.937349420912472,-42.920102932087687,True,False,63
dedup_full,main,K-Means,5,42,42,39,-22.896698796440901,-43.591670937181469,True,False,271
dedup_full,main,K-Means,5,42,42,40,-22.979147826751372,-43.225479575117269,True,False,413
dedup_full,main,K-Means,5,42,42,41,-22.637708836102529,-43.174171795149803,True,False,62
dedup_full,main,K-Means,3,84,42,0,-22.895591108165828,-43.120844213362737,True,False,150
dedup_full,main,K-Means,3,84,42,1,-22.861359729726633,-43.47423857786081,True,False,79
dedup_full,main,K-Means,3,84,42,2,-22.725104044398005,-43.326034405220959,True,False,59
dedup_full,main,K-Means,3,84,42,3,-22.924004192190871,-43.24010393514407,True,False,492
dedup_full,main,K-Means,3,84,42,4,-22.518136550080943,-43.194356815798194,True,False,126
dedup_full,main,K-Means,3,84,42,5,-22.926155227424385,-43.378046147202234,True,False,283
dedup_full,main,K-Means,3,84,42,6,-22.9217349654202,-42.823544331528467,True,False,55
dedup_full,main,K-Means,3,84,42,7,-22.966395530213408,-43.612363673961838,True,False,61
dedup_full,main,K-Means,3,84,42,8,-22.740258969541202,-43.70354008839989,True,False,20
dedup_full,main,K-Means,3,84,42,9,-22.756295640975623,-43.444115444712857,True,False,193
dedup_full,main,K-Means,3,84,42,10,-22.743859953918854,-42.86332418140384,True,False,45
dedup_full,main,K-Means,3,84,42,11,-22.886189274249038,-43.316648129926918,True,False,128
dedup_full,main,K-Means,3,84,42,12,-22.711972287554349,-42.630201171688654,True,False,27
dedup_full,main,K-Means,3,84,42,13,-22.935202683974264,-43.179524606894653,True,False,347
dedup_full,main,K-Means,3,84,42,14,-23.015992495438521,-43.463483260322427,True,False,204
dedup_full,main,K-Means,3,84,42,15,-22.903353129397235,-43.682209681984766,True,False,55
dedup_full,main,K-Means,3,84,42,16,-22.641404991629095,-43.05692044255202,True,False,42
dedup_full,main,K-Means,3,84,42,17,-22.824520588230314,-43.003317206136323,True,False,96
dedup_full,main,K-Means,3,84,42,18,-22.891731441130496,-43.592090562454928,True,False,179
dedup_full,main,K-Means,3,84,42,19,-22.80673893899602,-43.194012131407852,True,False,147
dedup_full,main,K-Means,3,84,42,20,-22.747355226404224,-43.503051249894526,True,False,128
dedup_full,main,K-Means,3,84,42,21,-23.003066919047757,-43.3420460794269,True,False,152
dedup_full,main,K-Means,3,84,42,22,-22.852641866431252,-43.368988606680951,True,False,145
dedup_full,main,K-Means,3,84,42,23,-22.944998894263612,-43.045400721044089,True,False,135
dedup_full,main,K-Means,3,84,42,24,-22.468420723724943,-42.655499586896099,True,False,19
dedup_full,main,K-Means,3,84,42,25,-22.415710480098152,-43.131850347818251,True,False,43
dedup_full,main,K-Means,3,84,42,26,-22.980256921806806,-43.198417408135342,True,False,257
dedup_full,main,K-Means,3,84,42,27,-22.641663097513863,-43.227902300542567,True,False,24
dedup_full,main,K-Means,3,84,42,28,-22.836198179649422,-43.314624282376528,True,False,248
dedup_full,main,K-Means,3,84,42,29,-22.871676511295782,-43.787634193332885,True,False,46
dedup_full,main,K-Means,3,84,42,30,-22.840592060153337,-43.269971401414281,True,False,150
dedup_full,main,K-Means,3,84,42,31,-22.616674007045216,-43.706674061865066,True,False,35
dedup_full,main,K-Means,3,84,42,32,-22.915600433866778,-42.920742087342681,True,False,21
dedup_full,main,K-Means,3,84,42,33,-22.908605124242072,-43.182149276002868,True,False,320
dedup_full,main,K-Means,3,84,42,34,-22.742261151937502,-43.395036228410063,True,False,78
dedup_full,main,K-Means,3,84,42,35,-22.807919609986723,-43.417222466805491,True,False,185
dedup_full,main,K-Means,3,84,42,36,-22.831270330050252,-43.069400480689374,True,False,110
dedup_full,main,K-Means,3,84,42,37,-22.878591341941299,-43.542517925339546,True,False,134
dedup_full,main,K-Means,3,84,42,38,-22.945129493538392,-43.341246041043355,True,False,252
dedup_full,main,K-Means,3,84,42,39,-22.999729789317982,-43.401028570814155,True,False,116
dedup_full,main,K-Means,3,84,42,40,-22.536202063723724,-42.991420398339258,True,False,21
dedup_full,main,K-Means,3,84,42,41,-22.719465641813017,-43.558804223688419,True,False,65
dedup_full,main,K-Means,3,84,42,42,-22.914602777492885,-43.259332434099967,True,False,117
dedup_full,main,K-Means,3,84,42,43,-22.88142664105904,-43.428819252725042,True,False,102
dedup_full,main,K-Means,3,84,42,44,-22.974714172462008,-43.686865891591872,True,False,49
dedup_full,main,K-Means,3,84,42,45,-22.915159447836022,-43.214379318315906,True,False,267
dedup_full,main,K-Means,3,84,42,46,-22.789582174999936,-43.368028687057944,True,False,132
dedup_full,main,K-Means,3,84,42,47,-22.980247609839655,-43.252396189828545,True,False,93
dedup_full,main,K-Means,3,84,42,48,-22.919618149866096,-43.540166262794024,True,False,72
dedup_full,main,K-Means,3,84,42,49,-22.894199975871711,-43.23483220897522,True,False,74
dedup_full,main,K-Means,3,84,42,50,-22.885592920657672,-43.360497868754301,True,False,241
dedup_full,main,K-Means,3,84,42,51,-22.898232205443037,-43.283764578618502,True,False,233
dedup_full,main,K-Means,3,84,42,52,-22.714401465810308,-43.452068764065622,True,False,104
dedup_full,main,K-Means,3,84,42,53,-22.266460063381274,-43.072047612004368,True,False,5
dedup_full,main,K-Means,3,84,42,54,-22.66667295050512,-43.270624604604649,True,False,78
dedup_full,main,K-Means,3,84,42,55,-22.962054339250088,-43.384412847333778,True,False,166
dedup_full,main,K-Means,3,84,42,56,-22.900256921028337,-43.0590921009711,True,False,66
dedup_full,main,K-Means,3,84,42,57,-22.967052490227321,-43.182929447248661,True,False,239
dedup_full,main,K-Means,3,84,42,58,-22.982415367683537,-43.462578707417144,True,False,59
dedup_full,main,K-Means,3,84,42,59,-22.808613303745215,-43.618375749391923,True,False,26
dedup_full,main,K-Means,3,84,42,60,-22.666035272913099,-43.624902568179422,True,False,35
dedup_full,main,K-Means,3,84,42,61,-22.874865670591525,-43.008803997420593,True,False,57
dedup_full,main,K-Means,3,84,42,62,-22.615752927364241,-43.176831608843017,True,False,37
dedup_full,main,K-Means,3,84,42,63,-22.80625143005496,-42.950983894553552,True,False,47
dedup_full,main,K-Means,3,84,42,64,-22.951235054618138,-43.188577084110655,True,False,306
dedup_full,main,K-Means,3,84,42,65,-22.481903315836615,-43.165091951221825,True,False,50
dedup_full,main,K-Means,3,84,42,66,-23.002798592441785,-43.544464175826008,True,False,17
dedup_full,main,K-Means,3,84,42,67,-22.934893471916279,-42.87151698815628,True,False,33
dedup_full,main,K-Means,3,84,42,68,-22.868819983435916,-43.266484422109237,True,False,130
dedup_full,main,K-Means,3,84,42,69,-22.87454254413062,-43.094528776426309,True,False,119
dedup_full,main,K-Means,3,84,42,70,-22.976913281188001,-43.222524187414813,True,False,229
dedup_full,main,K-Means,3,84,42,71,-22.88351308447481,-43.471697007849144,True,False,65
dedup_full,main,K-Means,3,84,42,72,-22.91128915792331,-43.566014583910857,True,False,136
dedup_full,main,K-Means,3,84,42,73,-23.008411788206164,-43.311423729700628,True,False,76
dedup_full,main,K-Means,3,84,42,74,-22.904922947342182,-43.102699390066149,True,False,350
dedup_full,main,K-Means,3,84,42,75,-22.340923894866101,-43.12867214021685,True,False,10
dedup_full,main,K-Means,3,84,42,76,-22.680822582568059,-43.142324428510015,True,False,22
dedup_full,main,K-Means,3,84,42,77,-22.932442306384416,-43.672067246303754,True,False,61
dedup_full,main,K-Means,3,84,42,78,-22.71658035125202,-42.729996102319987,True,False,7
dedup_full,main,K-Means,3,84,42,79,-22.815381335278683,-43.031346067061989,True,False,90
dedup_full,main,K-Means,3,84,42,80,-22.767573558177702,-43.303150765120698,True,False,98
dedup_full,main,K-Means,3,84,42,81,-22.921104863418964,-43.630193916367169,True,False,77
dedup_full,main,K-Means,3,84,42,82,-22.952000337718438,-42.960278085105884,True,False,24
dedup_full,main,K-Means,3,84,42,83,-22.604733989793129,-43.299100156713251,True,False,20
dedup_full,main,Ward,10,16,-1,0,-22.882301769461758,-43.068856090419132,True,False,1206
dedup_full,main,Ward,10,16,-1,1,-22.689043970894573,-42.766064862220858,True,False,102
dedup_full,main,Ward,10,16,-1,2,-22.927061400650317,-43.695624418703972,True,False,257
dedup_full,main,Ward,10,16,-1,3,-22.780057625606446,-43.253619465476618,False,True,292
dedup_full,main,Ward,10,16,-1,4,-22.649855829535994,-43.236031337346404,True,False,183
dedup_full,main,Ward,10,16,-1,5,-22.902057332934746,-43.576161066549872,True,False,650
dedup_full,main,Ward,10,16,-1,6,-22.871862144382042,-43.303926336705871,True,False,1196
dedup_full,main,Ward,10,16,-1,7,-22.970280332506391,-43.382663818039397,True,False,1285
dedup_full,main,Ward,10,16,-1,8,-22.478621628255631,-43.171196926367685,True,False,234
dedup_full,main,Ward,10,16,-1,9,-22.776353426575238,-43.411135211994612,True,False,486
dedup_full,main,Ward,10,16,-1,10,-22.925770119955938,-42.861150572338424,True,False,141
dedup_full,main,Ward,10,16,-1,11,-22.940935854828837,-43.205825262523661,True,False,2689
dedup_full,main,Ward,10,16,-1,12,-22.606337348993975,-43.035087094481113,True,False,70
dedup_full,main,Ward,10,16,-1,13,-22.870140903981284,-43.437410982906371,True,False,402
dedup_full,main,Ward,10,16,-1,14,-22.733594843204564,-43.483528795300032,True,False,379
dedup_full,main,Ward,10,16,-1,15,-22.681179104332873,-43.635439938509997,True,False,119
dedup_full,main,Ward,5,45,-1,0,-22.657257395080567,-43.278384088130366,True,False,108
dedup_full,main,Ward,5,45,-1,1,-22.940261944227039,-43.673694627859781,True,False,189
dedup_full,main,Ward,5,45,-1,2,-22.961478970850578,-43.196929624911,True,False,1152
dedup_full,main,Ward,5,45,-1,3,-22.753909938484661,-43.312034652864014,True,False,156
dedup_full,main,Ward,5,45,-1,4,-22.857127913536907,-43.338178893311564,True,False,556
dedup_full,main,Ward,5,45,-1,5,-22.391894259101729,-43.129934081378941,True,False,61
dedup_full,main,Ward,5,45,-1,6,-22.926669405356233,-42.841534077763903,True,False,88
dedup_full,main,Ward,5,45,-1,7,-22.898007589034627,-43.284660176497887,True,False,354
dedup_full,main,Ward,5,45,-1,8,-22.749401515250053,-42.87359238355738,True,False,56
dedup_full,main,Ward,5,45,-1,9,-22.746046403145325,-43.503764678925499,True,False,130
dedup_full,main,Ward,5,45,-1,10,-22.63439453842043,-43.055894693634961,True,False,42
dedup_full,main,Ward,5,45,-1,11,-22.808613303745215,-43.618375749391923,True,False,26
dedup_full,main,Ward,5,45,-1,12,-22.641354639979156,-43.66578831502224,True,False,53
dedup_full,main,Ward,5,45,-1,13,-22.625947092669012,-43.196924995741206,True,False,55
dedup_full,main,Ward,5,45,-1,14,-22.786140839257371,-43.373735858479442,True,False,134
dedup_full,main,Ward,5,45,-1,15,-22.865807238300309,-43.403974477339673,True,False,174
dedup_full,main,Ward,5,45,-1,16,-22.897660792080547,-43.101212498757704,True,False,651
dedup_full,main,Ward,5,45,-1,17,-22.871676511295782,-43.787634193332899,True,False,46
dedup_full,main,Ward,5,45,-1,18,-22.947859199402547,-43.373766224805806,True,False,783
dedup_full,main,Ward,5,45,-1,19,-22.909324799767038,-43.183784083651908,True,False,652
dedup_full,main,Ward,5,45,-1,20,-22.712921006550928,-42.650747186818634,True,False,34
dedup_full,main,Ward,5,45,-1,21,-22.509201798882152,-43.185746253213431,True,False,173
dedup_full,main,Ward,5,45,-1,22,-22.807250088137305,-43.419429318780018,True,False,167
dedup_full,main,Ward,5,45,-1,23,-22.865093849617168,-43.007207374927127,True,False,78
dedup_full,main,Ward,5,45,-1,24,-22.831609877195195,-43.06760177963865,True,False,128
dedup_full,main,Ward,5,45,-1,25,-22.918823421156851,-43.23241235417521,True,False,868
dedup_full,main,Ward,5,45,-1,26,-22.924161510251707,-43.606092338829164,True,False,218
dedup_full,main,Ward,5,45,-1,27,-22.873923882863011,-43.466598650749127,True,False,184
dedup_full,main,Ward,5,45,-1,28,-22.945972626264368,-43.036170184588215,True,False,158
dedup_full,main,Ward,5,45,-1,29,-23.008459983888923,-43.463280337807547,True,False,280
dedup_full,main,Ward,5,45,-1,30,-22.713956965569476,-43.564289135374182,True,False,82
dedup_full,main,Ward,5,45,-1,31,-22.896175716975318,-43.557873406615343,True,False,407
dedup_full,main,Ward,5,45,-1,32,-22.713672347299347,-43.45115138149928,True,False,104
dedup_full,main,Ward,5,45,-1,33,-22.92283911568833,-42.925085813914656,True,False,43
dedup_full,main,Ward,5,45,-1,34,-22.530417895251801,-42.978784179123586,True,False,21
dedup_full,main,Ward,5,45,-1,35,-22.468420723724943,-42.655499586896099,True,False,19
dedup_full,main,Ward,5,45,-1,36,-22.997117828601759,-43.331823356621136,True,False,309
dedup_full,main,Ward,5,45,-1,37,-22.680822582568062,-43.142324428510015,True,False,22
dedup_full,main,Ward,5,45,-1,38,-22.736884674636258,-43.393508250925954,True,False,81
dedup_full,main,Ward,5,45,-1,39,-22.740258969541202,-43.70354008839989,True,False,20
dedup_full,main,Ward,5,45,-1,40,-22.806738938996023,-43.19401213140786,True,False,147
dedup_full,main,Ward,5,45,-1,41,-22.758243340483261,-43.441264089838356,True,False,191
dedup_full,main,Ward,5,45,-1,42,-22.816914045648701,-43.019265275422676,True,False,140
dedup_full,main,Ward,5,45,-1,43,-22.816212512925244,-42.969842008384326,True,False,56
dedup_full,main,Ward,5,45,-1,44,-22.850713546107073,-43.267037096490952,True,False,295
dedup_full,main,Ward,3,88,-1,0,-22.743942160358447,-42.858878399948907,True,False,41
dedup_full,main,Ward,3,88,-1,1,-22.736884674636258,-43.393508250925954,True,False,62
dedup_full,main,Ward,3,88,-1,2,-22.757698546041567,-43.516500427770865,True,False,54
dedup_full,main,Ward,3,88,-1,3,-22.914230714173133,-43.556178999512831,True,False,151
dedup_full,main,Ward,3,88,-1,4,-22.816212512925244,-42.969842008384326,True,False,54
dedup_full,main,Ward,3,88,-1,5,-22.949006952228565,-43.184036511239981,True,False,673
dedup_full,main,Ward,3,88,-1,6,-22.767573558177702,-43.303150765120705,True,False,93
dedup_full,main,Ward,3,88,-1,7,-22.685182233523381,-43.271123401537679,True,False,45
dedup_full,main,Ward,3,88,-1,8,-22.897380359166384,-43.105762328960516,True,False,605
dedup_full,main,Ward,3,88,-1,9,-22.758243340483261,-43.441264089838356,True,False,181
dedup_full,main,Ward,3,88,-1,10,-22.807250088137305,-43.419429318780018,True,False,147
dedup_full,main,Ward,3,88,-1,11,-22.926600172022365,-42.857610941215825,True,False,60
dedup_full,main,Ward,3,88,-1,12,-22.907022434668594,-43.616361902624838,True,False,174
dedup_full,main,Ward,3,88,-1,13,-22.505126665464932,-43.173564360616787,True,False,96
dedup_full,main,Ward,3,88,-1,14,-22.625491831123941,-43.691149291618686,True,False,45
dedup_full,main,Ward,3,88,-1,15,-22.618754934142366,-43.178825162407477,True,False,37
dedup_full,main,Ward,3,88,-1,16,-22.883953524175762,-43.567076303390074,True,False,184
dedup_full,main,Ward,3,88,-1,17,-22.894344603726033,-43.28216519301052,True,False,249
dedup_full,main,Ward,3,88,-1,18,-22.646852299872275,-43.055801756739939,True,False,38
dedup_full,main,Ward,3,88,-1,19,-22.909324799767038,-43.183784083651908,True,False,475
dedup_full,main,Ward,3,88,-1,20,-22.944998894263612,-43.045400721044089,True,False,135
dedup_full,main,Ward,3,88,-1,21,-22.850713546107073,-43.267037096490952,True,False,236
dedup_full,main,Ward,3,88,-1,22,-22.604733989793132,-43.299100156713251,True,False,20
dedup_full,main,Ward,3,88,-1,23,-22.868659819477795,-43.477736494893243,True,False,100
dedup_full,main,Ward,3,88,-1,24,-22.834660936413666,-43.313342763290997,True,False,242
dedup_full,main,Ward,3,88,-1,25,-22.4250752753684,-43.141370164000335,True,False,36
dedup_full,main,Ward,3,88,-1,26,-22.720315652478583,-43.450323847045048,True,False,80
dedup_full,main,Ward,3,88,-1,27,-22.977876301574973,-43.231151815441144,True,False,322
dedup_full,main,Ward,3,88,-1,28,-22.96953881978154,-43.386508438390983,True,False,267
dedup_full,main,Ward,3,88,-1,29,-23.008459983888923,-43.463280337807547,True,False,263
dedup_full,main,Ward,3,88,-1,30,-22.713956965569476,-43.564289135374182,True,False,49
dedup_full,main,Ward,3,88,-1,31,-22.95272700077048,-43.594114999065297,True,False,48
dedup_full,main,Ward,3,88,-1,32,-22.925425387137096,-42.815040684813702,True,False,26
dedup_full,main,Ward,3,88,-1,33,-22.883284588673867,-43.415273426781347,True,False,81
dedup_full,main,Ward,3,88,-1,34,-22.718893154367684,-43.517582860724495,True,False,36
dedup_full,main,Ward,3,88,-1,35,-22.363526978751821,-43.12382075000405,True,False,20
dedup_full,main,Ward,3,88,-1,36,-22.997117828601759,-43.331823356621136,True,False,228
dedup_full,main,Ward,3,88,-1,37,-22.680822582568062,-43.142324428510015,True,False,22
dedup_full,main,Ward,3,88,-1,38,-22.815155537593043,-43.590869611598322,True,False,13
dedup_full,main,Ward,3,88,-1,39,-22.88042272654846,-43.452848225879841,True,False,81
dedup_full,main,Ward,3,88,-1,40,-22.806738938996023,-43.19401213140786,True,False,147
dedup_full,main,Ward,3,88,-1,41,-22.885616432010909,-43.007150369983265,True,False,34
dedup_full,main,Ward,3,88,-1,42,-22.897360981203121,-43.222949361689096,True,False,93
dedup_full,main,Ward,3,88,-1,43,-22.866510945384771,-43.77358685116058,True,False,35
dedup_full,main,Ward,3,88,-1,44,-22.922633321740356,-43.234092175326566,True,False,627
dedup_full,main,Ward,3,88,-1,45,-22.820249989090605,-43.016599054668959,True,False,105
dedup_full,main,Ward,3,88,-1,46,-22.918420745336412,-43.675906642167583,True,False,121
dedup_full,main,Ward,3,88,-1,47,-22.835072527499705,-43.076041765879154,True,False,81
dedup_full,main,Ward,3,88,-1,48,-22.728159270601619,-43.328777364380272,True,False,55
dedup_full,main,Ward,3,88,-1,49,-22.266460063381274,-43.072047612004368,True,False,5
dedup_full,main,Ward,3,88,-1,50,-22.780509927889366,-43.346560686340766,True,False,42
dedup_full,main,Ward,3,88,-1,51,-22.944918642220902,-42.703642282558668,True,False,2
dedup_full,main,Ward,3,88,-1,52,-22.67836786064133,-43.606612702963886,True,False,25
dedup_full,main,Ward,3,88,-1,53,-22.711972287554349,-42.630201171688654,True,False,27
dedup_full,main,Ward,3,88,-1,54,-22.765779579924853,-42.917734334382793,True,False,15
dedup_full,main,Ward,3,88,-1,55,-22.74708463807502,-43.478801516812176,True,False,70
dedup_full,main,Ward,3,88,-1,56,-22.604331087734803,-42.741054205051476,True,False,1
dedup_full,main,Ward,3,88,-1,57,-22.639646442243578,-43.231400868757831,True,False,24
dedup_full,main,Ward,3,88,-1,58,-22.88959005214609,-43.313038782315665,True,False,132
dedup_full,main,Ward,3,88,-1,59,-22.847421973621625,-43.392088569485445,True,False,79
dedup_full,main,Ward,3,88,-1,60,-22.575220171524158,-43.056336143886341,True,False,8
dedup_full,main,Ward,3,88,-1,61,-22.90025692102834,-43.059092100971114,True,False,69
dedup_full,main,Ward,3,88,-1,62,-22.875585279293457,-43.524717920815682,True,False,74
dedup_full,main,Ward,3,88,-1,63,-22.888112402830814,-43.832330282062941,True,False,11
dedup_full,main,Ward,3,88,-1,64,-22.980284123081148,-43.196292669122613,True,False,371
dedup_full,main,Ward,3,88,-1,65,-22.847388422915174,-43.346749165139791,True,False,99
dedup_full,main,Ward,3,88,-1,66,-22.779446532440932,-43.38593950435655,True,False,73
dedup_full,main,Ward,3,88,-1,67,-22.92283911568833,-42.925085813914656,True,False,21
dedup_full,main,Ward,3,88,-1,68,-22.91849466789748,-43.386102376020233,True,False,218
dedup_full,main,Ward,3,88,-1,69,-22.530417895251801,-42.978784179123586,True,False,17
dedup_full,main,Ward,3,88,-1,70,-22.973781560063102,-43.691274312675162,True,False,42
dedup_full,main,Ward,3,88,-1,71,-22.468420723724943,-42.655499586896099,True,False,19
dedup_full,main,Ward,3,88,-1,72,-22.802071069897387,-43.645881887185524,True,False,13
dedup_full,main,Ward,3,88,-1,73,-22.517495052854045,-43.210537473234695,True,False,77
dedup_full,main,Ward,3,88,-1,74,-22.880609666906267,-43.358001840742183,True,False,227
dedup_full,main,Ward,3,88,-1,75,-22.935463136748833,-43.346551418950355,True,False,350
dedup_full,main,Ward,3,88,-1,76,-22.953275616269995,-42.96694116116899,True,False,24
dedup_full,main,Ward,3,88,-1,77,-22.64942160752636,-43.276605482313975,True,False,37
dedup_full,main,Ward,3,88,-1,78,-22.912994097458476,-43.26000344765842,True,False,180
dedup_full,main,Ward,3,88,-1,79,-22.8050117431209,-43.370222628004953,True,False,53
dedup_full,main,Ward,3,88,-1,80,-22.740258969541202,-43.70354008839989,True,False,20
dedup_full,main,Ward,3,88,-1,81,-22.735288561838225,-42.728153085198073,True,False,6
dedup_full,main,Ward,3,88,-1,82,-22.850247726183394,-43.007248612546064,True,False,47
dedup_full,main,Ward,3,88,-1,83,-22.687099126582421,-43.454461519316204,True,False,20
dedup_full,main,Ward,3,88,-1,84,-22.824838472155257,-43.05109691765719,True,False,53
dedup_full,main,Ward,3,88,-1,85,-22.981427317582099,-43.640161278076739,True,False,30
dedup_full,main,Ward,3,88,-1,86,-22.799757765090327,-43.032977267870237,True,False,26
dedup_full,main,Ward,3,88,-1,87,-23.002798592441785,-43.544464175826008,True,False,17
dedup_full,main,Complete,10,17,-1,0,-22.535132051666242,-43.145527918467089,True,False,241
dedup_full,main,Complete,10,17,-1,1,-22.649855829535994,-43.236031337346404,True,False,180
dedup_full,main,Complete,10,17,-1,2,-22.883174583136491,-43.06576055814989,True,False,1188
dedup_full,main,Complete,10,17,-1,3,-22.91802929468923,-43.238379084790672,True,False,3232
dedup_full,main,Complete,10,17,-1,4,-22.92127253555029,-43.614242110586538,True,False,790
dedup_full,main,Complete,10,17,-1,5,-22.970280332506391,-43.382663818039397,True,False,1442
dedup_full,main,Complete,10,17,-1,6,-22.779635851436915,-43.2692296059383,False,True,754
dedup_full,main,Complete,10,17,-1,7,-22.850732409500676,-43.4513635821504,True,False,708
dedup_full,main,Complete,10,17,-1,8,-22.391894259101729,-43.129934081378941,True,False,61
dedup_full,main,Complete,10,17,-1,9,-22.468420723724943,-42.655499586896099,True,False,19
dedup_full,main,Complete,10,17,-1,10,-22.926669405356233,-42.841534077763903,True,False,131
dedup_full,main,Complete,10,17,-1,11,-22.713057927519678,-42.659393778735392,True,False,34
dedup_full,main,Complete,10,17,-1,12,-22.871676511295782,-43.787634193332899,True,False,46
dedup_full,main,Complete,10,17,-1,13,-22.750661364556038,-42.876081514751348,True,False,79
dedup_full,main,Complete,10,17,-1,14,-22.743330853621632,-43.558062277897029,True,False,165
dedup_full,main,Complete,10,17,-1,15,-22.741910442438673,-43.448729418441289,True,False,534
dedup_full,main,Complete,10,17,-1,16,-22.663333379881834,-43.674177597995055,True,False,87
dedup_full,main,Complete,5,45,-1,0,-22.403093740862481,-43.135102516144528,True,False,56
dedup_full,main,Complete,5,45,-1,1,-22.856316561730971,-43.321738229883316,True,False,548
dedup_full,main,Complete,5,45,-1,2,-22.979576053655805,-43.604398379176018,True,False,78
dedup_full,main,Complete,5,45,-1,3,-22.725574253998701,-43.427908242053526,True,False,187
dedup_full,main,Complete,5,45,-1,4,-22.881775918564827,-43.512049590795186,True,False,255
dedup_full,main,Complete,5,45,-1,5,-22.633741741655054,-43.28449835052426,True,False,59
dedup_full,main,Complete,5,45,-1,6,-22.76010568540168,-43.323430433173471,True,False,196
dedup_full,main,Complete,5,45,-1,7,-22.63439453842043,-43.055894693634961,True,False,42
dedup_full,main,Complete,5,45,-1,8,-22.825302883919093,-43.040361112724213,True,False,227
dedup_full,main,Complete,5,45,-1,9,-22.727614708221509,-43.543542368092695,True,False,121
dedup_full,main,Complete,5,45,-1,10,-22.897660792080547,-43.101212498757704,True,False,655
dedup_full,main,Complete,5,45,-1,11,-22.803705994409508,-43.404055385715601,True,False,319
dedup_full,main,Complete,5,45,-1,12,-22.871676511295782,-43.787634193332899,True,False,46
dedup_full,main,Complete,5,45,-1,13,-22.750661364556038,-42.876081514751348,True,False,54
dedup_full,main,Complete,5,45,-1,14,-22.926245004498913,-42.844740863698902,True,False,86
dedup_full,main,Complete,5,45,-1,15,-22.893858076144053,-43.271094532650295,True,False,728
dedup_full,main,Complete,5,45,-1,16,-22.906354317903066,-43.58990511444982,True,False,423
dedup_full,main,Complete,5,45,-1,17,-22.939723463061362,-43.192003541861219,True,False,1695
dedup_full,main,Complete,5,45,-1,18,-22.938838227243345,-43.36902494723914,True,False,724
dedup_full,main,Complete,5,45,-1,19,-22.87488895184784,-43.414024442489293,True,False,294
dedup_full,main,Complete,5,45,-1,20,-22.947606131392792,-43.238704238011842,True,False,803
dedup_full,main,Complete,5,45,-1,21,-22.625491831123941,-43.691149291618686,True,False,45
dedup_full,main,Complete,5,45,-1,22,-22.266460063381274,-43.072047612004368,True,False,5
dedup_full,main,Complete,5,45,-1,23,-22.935013715920995,-42.941827952816389,True,False,43
dedup_full,main,Complete,5,45,-1,24,-22.806738938996023,-43.19401213140786,True,False,147
dedup_full,main,Complete,5,45,-1,25,-23.00578794544505,-43.44422702653781,True,False,379
dedup_full,main,Complete,5,45,-1,26,-22.932685495143289,-43.679866410028438,True,False,192
dedup_full,main,Complete,5,45,-1,27,-22.808613303745215,-43.618375749391923,True,False,26
dedup_full,main,Complete,5,45,-1,28,-22.530417895251801,-42.978784179123586,True,False,21
dedup_full,main,Complete,5,45,-1,29,-22.944918642220902,-42.703642282558668,True,False,2
dedup_full,main,Complete,5,45,-1,30,-22.711972287554349,-42.630201171688654,True,False,27
dedup_full,main,Complete,5,45,-1,31,-22.62573697084721,-43.197540381576466,True,False,59
dedup_full,main,Complete,5,45,-1,32,-22.752843122394648,-43.462663590331552,True,False,224
dedup_full,main,Complete,5,45,-1,33,-22.740258969541202,-43.70354008839989,True,False,20
dedup_full,main,Complete,5,45,-1,34,-22.81516094018734,-42.968043890657022,True,False,85
dedup_full,main,Complete,5,45,-1,35,-22.509201798882152,-43.185746253213431,True,False,173
dedup_full,main,Complete,5,45,-1,36,-22.67898483558583,-43.143093011862852,True,False,22
dedup_full,main,Complete,5,45,-1,37,-22.997117828601759,-43.331823356621136,True,False,280
dedup_full,main,Complete,5,45,-1,38,-22.685182233523381,-43.271123401537679,True,False,48
dedup_full,main,Complete,5,45,-1,39,-22.468420723724943,-42.655499586896099,True,False,19
dedup_full,main,Complete,5,45,-1,40,-22.604331087734803,-42.741054205051476,True,False,1
dedup_full,main,Complete,5,45,-1,41,-22.67836786064133,-43.606612702963886,True,False,25
dedup_full,main,Complete,5,45,-1,42,-22.730312817375761,-42.747711274228614,True,False,8
dedup_full,main,Complete,5,45,-1,43,-22.944998894263612,-43.045400721044089,True,False,158
dedup_full,main,Complete,5,45,-1,44,-22.870542480882321,-43.009326342619595,True,False,86
dedup_full,main,Complete,3,91,-1,0,-22.972526354381493,-43.622592690907268,True,False,49
dedup_full,main,Complete,3,91,-1,1,-22.897380359166384,-43.105762328960516,True,False,608
dedup_full,main,Complete,3,91,-1,2,-22.940835894170885,-43.382326701453024,True,False,375
dedup_full,main,Complete,3,91,-1,3,-22.639968320993507,-43.22229390424603,True,False,24
dedup_full,main,Complete,3,91,-1,4,-22.870542480882321,-43.009326342619595,True,False,57
dedup_full,main,Complete,3,91,-1,5,-22.926600172022365,-42.857610941215825,True,False,60
dedup_full,main,Complete,3,91,-1,6,-22.895206110827445,-43.286944400395328,True,False,317
dedup_full,main,Complete,3,91,-1,7,-22.883239025427432,-43.543528874112525,True,False,145
dedup_full,main,Complete,3,91,-1,8,-22.977876301574973,-43.231151815441144,True,False,322
dedup_full,main,Complete,3,91,-1,9,-22.750187399289445,-43.490593470370335,True,False,88
dedup_full,main,Complete,3,91,-1,10,-22.80482889081328,-43.643666644349111,True,False,13
dedup_full,main,Complete,3,91,-1,11,-22.832271865807485,-43.068541863637265,True,False,118
dedup_full,main,Complete,3,91,-1,12,-22.745369989176957,-42.861503027880339,True,False,40
dedup_full,main,Complete,3,91,-1,13,-23.008459983888923,-43.463280337807547,True,False,263
dedup_full,main,Complete,3,91,-1,14,-22.765779579924853,-42.917734334382793,True,False,14
dedup_full,main,Complete,3,91,-1,15,-22.912085266813044,-43.200003809642141,True,False,577
dedup_full,main,Complete,3,91,-1,16,-22.777316093504471,-43.355085378477483,True,False,77
dedup_full,main,Complete,3,91,-1,17,-22.907022434668594,-43.616361902624838,True,False,137
dedup_full,main,Complete,3,91,-1,18,-22.997117828601759,-43.331823356621136,True,False,228
dedup_full,main,Complete,3,91,-1,19,-22.958061813729532,-43.678830899525295,True,False,81
dedup_full,main,Complete,3,91,-1,20,-22.748825103929651,-43.304203753255173,True,False,68
dedup_full,main,Complete,3,91,-1,21,-22.944998894263612,-43.045400721044089,True,False,135
dedup_full,main,Complete,3,91,-1,22,-22.363526978751821,-43.12382075000405,True,False,20
dedup_full,main,Complete,3,91,-1,23,-22.638472200064719,-43.282073351405849,True,False,39
dedup_full,main,Complete,3,91,-1,24,-22.806738938996023,-43.19401213140786,True,False,147
dedup_full,main,Complete,3,91,-1,25,-22.518136550080946,-43.194356815798201,True,False,126
dedup_full,main,Complete,3,91,-1,26,-22.792288063541573,-43.413347701597253,True,False,121
dedup_full,main,Complete,3,91,-1,27,-22.970307090590907,-43.190179579468783,True,False,558
dedup_full,main,Complete,3,91,-1,28,-22.808193716614717,-43.032594392356287,True,False,66
dedup_full,main,Complete,3,91,-1,29,-22.863774880188792,-43.388873265088492,True,False,87
dedup_full,main,Complete,3,91,-1,30,-22.769094861207165,-43.536460869878297,True,False,29
dedup_full,main,Complete,3,91,-1,31,-22.881094480729615,-43.3511601967367,True,False,275
dedup_full,main,Complete,3,91,-1,32,-22.925425387137096,-42.815040684813702,True,False,26
dedup_full,main,Complete,3,91,-1,33,-22.911586084183941,-43.68072739628947,True,False,89
dedup_full,main,Complete,3,91,-1,34,-22.65700024104688,-43.132631967346256,True,False,10
dedup_full,main,Complete,3,91,-1,35,-22.824635057021872,-43.009848532165591,True,False,105
dedup_full,main,Complete,3,91,-1,36,-22.687099126582421,-43.454461519316204,True,False,20
dedup_full,main,Complete,3,91,-1,37,-22.721038114282724,-43.520277540090632,True,False,42
dedup_full,main,Complete,3,91,-1,38,-22.650686151570309,-43.062988128964285,True,False,33
dedup_full,main,Complete,3,91,-1,39,-22.699137380579863,-43.152682302669724,True,False,12
dedup_full,main,Complete,3,91,-1,40,-22.720315652478583,-43.450323847045048,True,False,80
dedup_full,main,Complete,3,91,-1,41,-22.67836786064133,-43.606612702963886,True,False,21
dedup_full,main,Complete,3,91,-1,42,-22.700048366635563,-43.30480930015149,True,False,14
dedup_full,main,Complete,3,91,-1,43,-22.822997898102994,-43.408373243802274,True,False,91
dedup_full,main,Complete,3,91,-1,44,-22.92283911568833,-42.925085813914656,True,False,21
dedup_full,main,Complete,3,91,-1,45,-22.266460063381274,-43.072047612004368,True,False,5
dedup_full,main,Complete,3,91,-1,46,-22.80948098190995,-42.971503098573493,True,False,44
dedup_full,main,Complete,3,91,-1,47,-23.002798592441785,-43.544464175826008,True,False,17
dedup_full,main,Complete,3,91,-1,48,-22.741657911700536,-43.396498594153883,True,False,74
dedup_full,main,Complete,3,91,-1,49,-22.575220171524158,-43.056336143886341,True,False,8
dedup_full,main,Complete,3,91,-1,50,-22.813205159073501,-43.369156948324971,True,False,54
dedup_full,main,Complete,3,91,-1,51,-22.872436407100722,-43.472967792854973,True,False,144
dedup_full,main,Complete,3,91,-1,52,-22.841868559430356,-43.274271798108394,True,False,212
dedup_full,main,Complete,3,91,-1,53,-22.584544974194507,-43.309718341355577,True,False,18
dedup_full,main,Complete,3,91,-1,54,-22.891996773024719,-43.249209778023257,True,False,167
dedup_full,main,Complete,3,91,-1,55,-22.866510945384771,-43.77358685116058,True,False,35
dedup_full,main,Complete,3,91,-1,56,-22.647536391320749,-43.652337366002726,True,False,14
dedup_full,main,Complete,3,91,-1,57,-22.953275616269995,-42.96694116116899,True,False,24
dedup_full,main,Complete,3,91,-1,58,-22.530417895251801,-42.978784179123586,True,False,17
dedup_full,main,Complete,3,91,-1,59,-22.944918642220902,-42.703642282558668,True,False,2
dedup_full,main,Complete,3,91,-1,60,-22.999729789317982,-43.401028570814155,True,False,116
dedup_full,main,Complete,3,91,-1,61,-22.711972287554349,-42.630201171688654,True,False,27
dedup_full,main,Complete,3,91,-1,62,-22.780253815410315,-43.308711229336872,True,False,44
dedup_full,main,Complete,3,91,-1,63,-22.613284539469205,-43.175881049240608,True,False,37
dedup_full,main,Complete,3,91,-1,64,-22.754530091159587,-43.444921968420125,True,False,164
dedup_full,main,Complete,3,91,-1,65,-22.485249061625815,-43.162662617347898,True,False,47
dedup_full,main,Complete,3,91,-1,66,-22.888112402830814,-43.832330282062941,True,False,11
dedup_full,main,Complete,3,91,-1,67,-22.740258969541202,-43.70354008839989,True,False,20
dedup_full,main,Complete,3,91,-1,68,-22.90025692102834,-43.059092100971114,True,False,69
dedup_full,main,Complete,3,91,-1,69,-22.925603885797617,-43.244193809270904,True,False,607
dedup_full,main,Complete,3,91,-1,70,-22.92933149691801,-43.565124114708937,True,False,90
dedup_full,main,Complete,3,91,-1,71,-22.424674242965004,-43.135753677523397,True,False,33
dedup_full,main,Complete,3,91,-1,72,-22.72497363770281,-43.341753983783256,True,False,33
dedup_full,main,Complete,3,91,-1,73,-22.715385583988368,-42.806385841320235,True,False,2
dedup_full,main,Complete,3,91,-1,74,-22.881426641059047,-43.428819252725056,True,False,102
dedup_full,main,Complete,3,91,-1,75,-22.834078692135243,-43.31608594058838,True,False,226
dedup_full,main,Complete,3,91,-1,76,-22.813028452165806,-43.588869705275208,True,False,13
dedup_full,main,Complete,3,91,-1,77,-22.895053522727789,-43.577127832168522,True,False,183
dedup_full,main,Complete,3,91,-1,78,-22.621548878665244,-43.0083717000592,True,False,5
dedup_full,main,Complete,3,91,-1,79,-22.468420723724943,-42.655499586896099,True,False,19
dedup_full,main,Complete,3,91,-1,80,-22.713956965569476,-43.564289135374182,True,False,49
dedup_full,main,Complete,3,91,-1,81,-22.604331087734803,-42.741054205051476,True,False,1
dedup_full,main,Complete,3,91,-1,82,-22.935463136748833,-43.346551418950355,True,False,326
dedup_full,main,Complete,3,91,-1,83,-22.916351019571927,-43.527570082128378,True,False,50
dedup_full,main,Complete,3,91,-1,84,-22.429486631805762,-43.203151515246631,True,False,3
dedup_full,main,Complete,3,91,-1,85,-22.735288561838225,-42.728153085198073,True,False,6
dedup_full,main,Complete,3,91,-1,86,-22.849240689851715,-42.947288643158217,True,False,7
dedup_full,main,Complete,3,91,-1,87,-22.616674007045216,-43.706674061865066,True,False,35
dedup_full,main,Complete,3,91,-1,88,-22.682209006900948,-43.264386221814917,True,False,40
dedup_full,main,Complete,3,91,-1,89,-22.940248006537463,-43.183288717273712,True,False,560
dedup_full,main,Complete,3,91,-1,90,-22.849524854098984,-43.345786687764502,True,False,103
dedup_full,main,Average,10,21,-1,0,-22.483253976833673,-43.173361758559032,True,False,219
dedup_full,main,Average,10,21,-1,1,-22.606337348993975,-43.035087094481113,True,False,66
dedup_full,main,Average,10,21,-1,2,-22.908663153346097,-43.599690089490096,True,False,826
dedup_full,main,Average,10,21,-1,3,-22.716211610151419,-42.64801061050855,True,False,33
dedup_full,main,Average,10,21,-1,4,-22.881365220848725,-43.070251963198466,True,False,1181
dedup_full,main,Average,10,21,-1,5,-22.749401515250053,-42.87359238355738,True,False,80
dedup_full,main,Average,10,21,-1,6,-22.681179104332873,-43.635439938509997,True,False,144
dedup_full,main,Average,10,21,-1,7,-22.604331087734803,-42.741054205051476,True,False,1
dedup_full,main,Average,10,21,-1,8,-22.928873761180348,-42.876250595075447,True,False,135
dedup_full,main,Average,10,21,-1,9,-22.961745629913096,-43.359456663345178,True,False,1077
dedup_full,main,Average,10,21,-1,10,-22.850035307590563,-43.398811318912131,True,False,1085
dedup_full,main,Average,10,21,-1,11,-22.266460063381274,-43.072047612004368,True,False,15
dedup_full,main,Average,10,21,-1,12,-22.871676511295782,-43.787634193332899,True,False,65
dedup_full,main,Average,10,21,-1,13,-22.647625050109344,-43.232974538999514,True,False,177
dedup_full,main,Average,10,21,-1,14,-22.920880651691704,-43.228178350584358,True,False,3180
dedup_full,main,Average,10,21,-1,15,-22.944918642220902,-42.703642282558668,True,False,2
dedup_full,main,Average,10,21,-1,16,-22.468420723724943,-42.655499586896099,True,False,19
dedup_full,main,Average,10,21,-1,17,-23.008116256551062,-43.468209356544392,True,False,280
dedup_full,main,Average,10,21,-1,18,-22.75118277028977,-43.31166881222034,True,False,305
dedup_full,main,Average,10,21,-1,19,-22.806738938996023,-43.19401213140786,True,False,252
dedup_full,main,Average,10,21,-1,20,-22.743826730315597,-43.455168139233137,True,False,549
dedup_full,main,Average,5,48,-1,0,-22.996045551331886,-43.324111595131718,True,False,317
dedup_full,main,Average,5,48,-1,1,-22.742869459014369,-43.43421006281595,True,False,353
dedup_full,main,Average,5,48,-1,2,-22.845541314940402,-42.992261228309985,True,False,177
dedup_full,main,Average,5,48,-1,3,-22.75118277028977,-43.31166881222034,True,False,190
dedup_full,main,Average,5,48,-1,4,-22.625491831123941,-43.691149291618686,True,False,49
dedup_full,main,Average,5,48,-1,5,-22.865495655173774,-43.291653484651988,True,False,842
dedup_full,main,Average,5,48,-1,6,-22.743942160358447,-42.858878399948907,True,False,41
dedup_full,main,Average,5,48,-1,7,-22.947859199402547,-43.373766224805806,True,False,765
dedup_full,main,Average,5,48,-1,8,-22.920308853783393,-43.21162480315985,True,False,1570
dedup_full,main,Average,5,48,-1,9,-22.924818796885379,-43.61538204214996,True,False,201
dedup_full,main,Average,5,48,-1,10,-22.808613303745215,-43.618375749391923,True,False,26
dedup_full,main,Average,5,48,-1,11,-22.740258969541202,-43.70354008839989,True,False,20
dedup_full,main,Average,5,48,-1,12,-22.871676511295782,-43.787634193332899,True,False,46
dedup_full,main,Average,5,48,-1,13,-22.8012684871189,-43.395643073804145,True,False,302
dedup_full,main,Average,5,48,-1,14,-22.877817315138863,-43.452239735900513,True,False,246
dedup_full,main,Average,5,48,-1,15,-22.934131274543223,-42.939270057828544,True,False,43
dedup_full,main,Average,5,48,-1,16,-22.703280234091039,-43.576986205651103,True,False,71
dedup_full,main,Average,5,48,-1,17,-22.746046403145325,-43.503764678925499,True,False,159
dedup_full,main,Average,5,48,-1,18,-22.646852299872275,-43.055801756739939,True,False,38
dedup_full,main,Average,5,48,-1,19,-22.806738938996023,-43.19401213140786,True,False,147
dedup_full,main,Average,5,48,-1,20,-22.415710480098152,-43.131850347818244,True,False,43
dedup_full,main,Average,5,48,-1,21,-22.824374143342151,-43.043802508478869,True,False,211
dedup_full,main,Average,5,48,-1,22,-22.895989938883439,-43.563236646136055,True,False,430
dedup_full,main,Average,5,48,-1,23,-22.969833137219315,-43.200296527394094,True,False,1122
dedup_full,main,Average,5,48,-1,24,-22.530417895251801,-42.978784179123586,True,False,17
dedup_full,main,Average,5,48,-1,25,-22.976967292362687,-43.669977214925829,True,False,72
dedup_full,main,Average,5,48,-1,26,-22.680822582568062,-43.142324428510015,True,False,22
dedup_full,main,Average,5,48,-1,27,-22.926245004498913,-42.844740863698902,True,False,86
dedup_full,main,Average,5,48,-1,28,-22.711972287554349,-42.630201171688654,True,False,27
dedup_full,main,Average,5,48,-1,29,-22.660709541241104,-43.261931326144165,True,False,98
dedup_full,main,Average,5,48,-1,30,-22.735288561838225,-42.728153085198073,True,False,6
dedup_full,main,Average,5,48,-1,31,-22.944918642220902,-42.703642282558668,True,False,2
dedup_full,main,Average,5,48,-1,32,-22.604331087734803,-42.741054205051476,True,False,1
dedup_full,main,Average,5,48,-1,33,-22.429486631805762,-43.203151515246631,True,False,3
dedup_full,main,Average,5,48,-1,34,-22.468420723724943,-42.655499586896099,True,False,19
dedup_full,main,Average,5,48,-1,35,-22.945130095888132,-43.044691552781472,True,False,163
dedup_full,main,Average,5,48,-1,36,-22.897660792080547,-43.101212498757704,True,False,659
dedup_full,main,Average,5,48,-1,37,-22.604733989793132,-43.299100156713251,True,False,20
dedup_full,main,Average,5,48,-1,38,-22.575220171524158,-43.056336143886341,True,False,8
dedup_full,main,Average,5,48,-1,39,-23.002798592441785,-43.544464175826008,True,False,17
dedup_full,main,Average,5,48,-1,40,-22.870921251474417,-43.361486547542398,True,False,433
dedup_full,main,Average,5,48,-1,41,-22.618754934142366,-43.178825162407477,True,False,41
dedup_full,main,Average,5,48,-1,42,-22.918420745336412,-43.675906642167583,True,False,121
dedup_full,main,Average,5,48,-1,43,-22.509201798882152,-43.185746253213431,True,False,173
dedup_full,main,Average,5,48,-1,44,-22.765779579924853,-42.917734334382793,True,False,16
dedup_full,main,Average,5,48,-1,45,-23.008459983888923,-43.463280337807547,True,False,263
dedup_full,main,Average,5,48,-1,46,-22.340923894866101,-43.12867214021685,True,False,10
dedup_full,main,Average,5,48,-1,47,-22.266460063381274,-43.072047612004368,True,False,5
dedup_full,main,Average,3,101,-1,0,-22.740258969541202,-43.70354008839989,True,False,20
dedup_full,main,Average,3,101,-1,1,-22.912060760823621,-43.625104118988666,True,False,105
dedup_full,main,Average,3,101,-1,2,-22.514214759121536,-43.190577532729591,True,False,142
dedup_full,main,Average,3,101,-1,3,-22.894967839560717,-43.292941847100806,True,False,340
dedup_full,main,Average,3,101,-1,4,-22.794532563081262,-43.379546841110582,True,False,89
dedup_full,main,Average,3,101,-1,5,-22.666454022785885,-43.270257814522253,True,False,76
dedup_full,main,Average,3,101,-1,6,-22.714130941670444,-43.451423934869375,True,False,92
dedup_full,main,Average,3,101,-1,7,-22.649756782909876,-43.18954227751945,True,False,6
dedup_full,main,Average,3,101,-1,8,-22.848193858548388,-43.370185487172883,True,False,112
dedup_full,main,Average,3,101,-1,9,-22.918420745336412,-43.675906642167583,True,False,121
dedup_full,main,Average,3,101,-1,10,-23.010323593352329,-43.461555687308575,True,False,248
dedup_full,main,Average,3,101,-1,11,-22.987931020640978,-43.265752318995609,True,False,132
dedup_full,main,Average,3,101,-1,12,-22.944865953946266,-43.028002189233945,True,False,81
dedup_full,main,Average,3,101,-1,13,-23.005440442057047,-43.332274411107861,True,False,222
dedup_full,main,Average,3,101,-1,14,-22.885616432010909,-43.007150369983265,True,False,34
dedup_full,main,Average,3,101,-1,15,-22.832271865807485,-43.068541863637265,True,False,120
dedup_full,main,Average,3,101,-1,16,-22.769094861207165,-43.536460869878297,True,False,29
dedup_full,main,Average,3,101,-1,17,-22.877344570677611,-43.542204761170673,True,False,124
dedup_full,main,Average,3,101,-1,18,-22.575220171524158,-43.056336143886341,True,False,8
dedup_full,main,Average,3,101,-1,19,-22.917573505669882,-42.836146771730199,True,False,60
dedup_full,main,Average,3,101,-1,20,-22.888112402830814,-43.832330282062941,True,False,11
dedup_full,main,Average,3,101,-1,21,-22.811293422744708,-42.973201020226512,True,False,47
dedup_full,main,Average,3,101,-1,22,-22.722217487594772,-43.518724477021955,True,False,41
dedup_full,main,Average,3,101,-1,23,-22.969833137219315,-43.200296527394094,True,False,927
dedup_full,main,Average,3,101,-1,24,-22.981427317582099,-43.640161278076739,True,False,30
dedup_full,main,Average,3,101,-1,25,-22.749023396756535,-42.858356848678774,True,False,36
dedup_full,main,Average,3,101,-1,26,-22.835787634021504,-43.30806958254778,True,False,267
dedup_full,main,Average,3,101,-1,27,-22.767573558177702,-43.303150765120705,True,False,98
dedup_full,main,Average,3,101,-1,28,-22.915804620899525,-43.549474054844381,True,False,112
dedup_full,main,Average,3,101,-1,29,-22.811599865308136,-43.416993858600151,True,False,166
dedup_full,main,Average,3,101,-1,30,-22.816830050240934,-43.020170885640994,True,False,142
dedup_full,main,Average,3,101,-1,31,-22.922296977696821,-43.183014565421701,True,False,760
dedup_full,main,Average,3,101,-1,32,-22.944268435606368,-42.87889361174485,True,False,20
dedup_full,main,Average,3,101,-1,33,-22.973781560063102,-43.691274312675162,True,False,42
dedup_full,main,Average,3,101,-1,34,-22.758243340483261,-43.441264089838356,True,False,193
dedup_full,main,Average,3,101,-1,35,-22.650686151570309,-43.062988128964285,True,False,33
dedup_full,main,Average,3,101,-1,36,-22.742261151937512,-43.395036228410071,True,False,78
dedup_full,main,Average,3,101,-1,37,-22.712489320960728,-42.889818640694479,True,False,4
dedup_full,main,Average,3,101,-1,38,-22.85764194753585,-43.26629625246666,True,False,248
dedup_full,main,Average,3,101,-1,39,-22.750601575647387,-43.490485642619333,True,False,89
dedup_full,main,Average,3,101,-1,40,-22.937931720328347,-43.353608349428661,True,False,298
dedup_full,main,Average,3,101,-1,41,-22.806767718528928,-43.19305043646834,True,False,143
dedup_full,main,Average,3,101,-1,42,-22.871912055771418,-43.463987013787978,True,False,148
dedup_full,main,Average,3,101,-1,43,-22.850247726183394,-43.007248612546064,True,False,47
dedup_full,main,Average,3,101,-1,44,-22.813028452165806,-43.588869705275208,True,False,12
dedup_full,main,Average,3,101,-1,45,-22.897380359166384,-43.105762328960516,True,False,608
dedup_full,main,Average,3,101,-1,46,-22.779227693279132,-43.354053611783726,True,False,50
dedup_full,main,Average,3,101,-1,47,-22.91849466789748,-43.386102376020233,True,False,218
dedup_full,main,Average,3,101,-1,48,-22.897578963646183,-43.494209429011327,True,False,36
dedup_full,main,Average,3,101,-1,49,-22.530417895251801,-42.978784179123586,True,False,17
dedup_full,main,Average,3,101,-1,50,-22.728159270601619,-43.328777364380272,True,False,52
dedup_full,main,Average,3,101,-1,51,-22.715385583988368,-42.806385841320235,True,False,2
dedup_full,main,Average,3,101,-1,52,-22.616674007045216,-43.706674061865066,True,False,35
dedup_full,main,Average,3,101,-1,53,-22.802071069897387,-43.645881887185524,True,False,13
dedup_full,main,Average,3,101,-1,54,-22.770905505518417,-42.915184869008577,True,False,12
dedup_full,main,Average,3,101,-1,55,-22.96343256713801,-43.385769728890907,True,False,151
dedup_full,main,Average,3,101,-1,56,-22.866510945384771,-43.77358685116058,True,False,35
dedup_full,main,Average,3,101,-1,57,-22.711972287554349,-42.630201171688654,True,False,27
dedup_full,main,Average,3,101,-1,58,-22.668271504560433,-43.424168597860415,True,False,8
dedup_full,main,Average,3,101,-1,59,-22.386130062637537,-43.118969359791251,True,False,10
dedup_full,main,Average,3,101,-1,60,-22.883284588673867,-43.415273426781347,True,False,95
dedup_full,main,Average,3,101,-1,61,-22.735288561838225,-42.728153085198073,True,False,6
dedup_full,main,Average,3,101,-1,62,-22.95272700077048,-43.594114999065297,True,False,48
dedup_full,main,Average,3,101,-1,63,-22.944918642220902,-42.703642282558668,True,False,2
dedup_full,main,Average,3,101,-1,64,-22.713956965569476,-43.564289135374182,True,False,49
dedup_full,main,Average,3,101,-1,65,-22.604331087734803,-42.741054205051476,True,False,1
dedup_full,main,Average,3,101,-1,66,-22.474794662693661,-43.152586107443483,True,False,31
dedup_full,main,Average,3,101,-1,67,-22.429486631805762,-43.203151515246631,True,False,3
dedup_full,main,Average,3,101,-1,68,-22.647536391320749,-43.652337366002726,True,False,14
dedup_full,main,Average,3,101,-1,69,-22.468420723724943,-42.655499586896099,True,False,19
dedup_full,main,Average,3,101,-1,70,-22.639646442243578,-43.231400868757831,True,False,21
dedup_full,main,Average,3,101,-1,71,-22.621548878665244,-43.0083717000592,True,False,5
dedup_full,main,Average,3,101,-1,72,-22.90025692102834,-43.059092100971114,True,False,69
dedup_full,main,Average,3,101,-1,73,-22.951819804279822,-42.956955847837776,True,False,22
dedup_full,main,Average,3,101,-1,74,-22.67836786064133,-43.606612702963886,True,False,21
dedup_full,main,Average,3,101,-1,75,-22.584544974194507,-43.309718341355577,True,False,5
dedup_full,main,Average,3,101,-1,76,-22.658844824953896,-43.129894979518369,True,False,10
dedup_full,main,Average,3,101,-1,77,-22.919041923208781,-43.236874894355644,True,False,835
dedup_full,main,Average,3,101,-1,78,-22.424674242965004,-43.135753677523397,True,False,33
dedup_full,main,Average,3,101,-1,79,-23.002798592441785,-43.544464175826008,True,False,17
dedup_full,main,Average,3,101,-1,80,-22.952881889097714,-42.816839289899477,True,False,6
dedup_full,main,Average,3,101,-1,81,-22.977648307427252,-43.491794559390641,True,False,15
dedup_full,main,Average,3,101,-1,82,-22.945512158339767,-43.068831525055593,True,False,56
dedup_full,main,Average,3,101,-1,83,-22.700048366635563,-43.30480930015149,True,False,9
dedup_full,main,Average,3,101,-1,84,-22.840680562719868,-43.614868487475746,True,False,1
dedup_full,main,Average,3,101,-1,85,-22.613284019653975,-43.176933906799484,True,False,34
dedup_full,main,Average,3,101,-1,86,-22.915600433866775,-42.920742087342681,True,False,21
dedup_full,main,Average,3,101,-1,87,-22.69943308734242,-43.15967907076741,True,False,10
dedup_full,main,Average,3,101,-1,88,-22.849240689851715,-42.947288643158217,True,False,7
dedup_full,main,Average,3,101,-1,89,-22.611463661659336,-43.295560761832483,True,False,15
dedup_full,main,Average,3,101,-1,90,-22.69765884676708,-43.117698462181295,True,False,2
dedup_full,main,Average,3,101,-1,91,-22.895521647557054,-43.582289934461784,True,False,225
dedup_full,main,Average,3,101,-1,92,-22.999729789317982,-43.401028570814155,True,False,116
dedup_full,main,Average,3,101,-1,93,-22.340923894866101,-43.12867214021685,True,False,10
dedup_full,main,Average,3,101,-1,94,-22.880671289882176,-43.21865892910003,True,False,81
dedup_full,main,Average,3,101,-1,95,-22.735024026363472,-42.933031126628087,True,False,2
dedup_full,main,Average,3,101,-1,96,-22.266460063381274,-43.072047612004368,True,False,5
dedup_full,main,Average,3,101,-1,97,-22.693517039002565,-43.530600744611242,True,False,1
dedup_full,main,Average,3,101,-1,98,-22.805710070694627,-43.228392725495382,True,False,4
dedup_full,main,Average,3,101,-1,99,-22.879335591603525,-43.358265947755555,True,False,280
dedup_full,main,Average,3,101,-1,100,-22.965262308134964,-43.330096906689164,True,False,58
dedup_full,main,P-Median,10,24,-1,0,-22.892963301154523,-43.286024870291222,True,False,421
dedup_full,main,P-Median,10,24,-1,1,-22.879636648398584,-43.459164854182305,True,False,247
dedup_full,main,P-Median,10,24,-1,2,-22.903659896544916,-43.107255801403191,True,False,822
dedup_full,main,P-Median,10,24,-1,3,-22.510262543782257,-43.175410858736072,True,False,255
dedup_full,main,P-Median,10,24,-1,4,-22.954551989804798,-43.185408775061326,True,False,839
dedup_full,main,P-Median,10,24,-1,5,-22.936436718313626,-43.36018004980685,True,False,719
dedup_full,main,P-Median,10,24,-1,6,-22.73240939945855,-43.449800995479542,True,False,518
dedup_full,main,P-Median,10,24,-1,7,-22.823567340895629,-43.020291032276127,True,False,425
dedup_full,main,P-Median,10,24,-1,8,-22.936100646430727,-43.659864298964045,True,False,332
dedup_full,main,P-Median,10,24,-1,9,-22.842418490581942,-43.300843557957364,True,False,432
dedup_full,main,P-Median,10,24,-1,10,-23.013945234739644,-43.463020174938741,True,False,280
dedup_full,main,P-Median,10,24,-1,11,-22.9226494320251,-43.243664436784307,True,False,894
dedup_full,main,P-Median,10,24,-1,12,-22.919355440609593,-42.840713825874943,True,False,149
dedup_full,main,P-Median,10,24,-1,13,-22.805674120989373,-43.42305940993564,True,False,319
dedup_full,main,P-Median,10,24,-1,14,-22.810296526690003,-43.199729206296965,True,False,147
dedup_full,main,P-Median,10,24,-1,15,-22.873441836620916,-43.366165044121502,True,False,414
dedup_full,main,P-Median,10,24,-1,16,-23.003300817630926,-43.343194580628946,True,False,344
dedup_full,main,P-Median,10,24,-1,17,-22.756202067763031,-43.309152161661409,True,False,238
dedup_full,main,P-Median,10,24,-1,18,-22.711972287554349,-42.630201171688654,True,False,55
dedup_full,main,P-Median,10,24,-1,19,-22.982578199267092,-43.220262512548842,True,False,486
dedup_full,main,P-Median,10,24,-1,20,-22.913022310951519,-43.186234550555163,True,False,519
dedup_full,main,P-Median,10,24,-1,21,-22.618317049430587,-43.178848640218298,True,False,192
dedup_full,main,P-Median,10,24,-1,22,-22.616674007045216,-43.706674061865066,True,False,90
dedup_full,main,P-Median,10,24,-1,23,-22.898533142275067,-43.565526976598939,True,False,554
dedup_full,main,P-Median,5,54,-1,0,-22.90043176481759,-43.286456397020267,True,False,276
dedup_full,main,P-Median,5,54,-1,1,-22.873711609514569,-43.540174697562968,True,False,109
dedup_full,main,P-Median,5,54,-1,2,-23.01112393338391,-43.315097097800596,True,False,76
dedup_full,main,P-Median,5,54,-1,3,-22.520692152615947,-43.191230259319973,True,False,173
dedup_full,main,P-Median,5,54,-1,4,-22.953308127052409,-43.189813868496167,True,False,276
dedup_full,main,P-Median,5,54,-1,5,-22.93671267180968,-43.377958087792237,True,False,308
dedup_full,main,P-Median,5,54,-1,6,-22.754531774091543,-43.430058887160165,True,False,221
dedup_full,main,P-Median,5,54,-1,7,-22.823393639742051,-43.003578441749688,True,False,231
dedup_full,main,P-Median,5,54,-1,8,-22.922449180782223,-43.629351544096174,True,False,120
dedup_full,main,P-Median,5,54,-1,9,-22.838041811091774,-43.322501079999697,True,False,290
dedup_full,main,P-Median,5,54,-1,10,-23.013945234739644,-43.463020174938741,True,False,280
dedup_full,main,P-Median,5,54,-1,11,-22.915274236734628,-43.224514723913011,True,False,351
dedup_full,main,P-Median,5,54,-1,12,-22.919355440609593,-42.840713825874943,True,False,88
dedup_full,main,P-Median,5,54,-1,13,-22.716451266269758,-43.515280557268277,True,False,166
dedup_full,main,P-Median,5,54,-1,14,-22.810296526690003,-43.199729206296965,True,False,147
dedup_full,main,P-Median,5,54,-1,15,-22.882563508870579,-43.365952945844697,True,False,287
dedup_full,main,P-Median,5,54,-1,16,-23.003300817630926,-43.343194580628946,True,False,152
dedup_full,main,P-Median,5,54,-1,17,-22.756202067763031,-43.309152161661409,True,False,178
dedup_full,main,P-Median,5,54,-1,18,-22.711972287554349,-42.630201171688654,True,False,34
dedup_full,main,P-Median,5,54,-1,19,-22.983040958833151,-43.22503798447633,True,False,314
dedup_full,main,P-Median,5,54,-1,20,-22.90944638719964,-43.180239527431631,True,False,370
dedup_full,main,P-Median,5,54,-1,21,-22.94127012558231,-43.043528913986123,True,False,135
dedup_full,main,P-Median,5,54,-1,22,-22.616674007045216,-43.706674061865066,True,False,73
dedup_full,main,P-Median,5,54,-1,23,-22.887762234560309,-43.580573314739276,True,False,232
dedup_full,main,P-Median,5,54,-1,24,-22.618317049430587,-43.178848640218298,True,False,76
dedup_full,main,P-Median,5,54,-1,25,-22.881824746585092,-43.468465284305736,True,False,170
dedup_full,main,P-Median,5,54,-1,26,-22.805674120989373,-43.42305940993564,True,False,179
dedup_full,main,P-Median,5,54,-1,27,-22.851033959513185,-43.269866666791366,True,False,264
dedup_full,main,P-Median,5,54,-1,28,-22.417514860108344,-43.130368269386814,True,False,61
dedup_full,main,P-Median,5,54,-1,29,-22.742205671164115,-42.857166681885516,True,False,56
dedup_full,main,P-Median,5,54,-1,30,-22.878875291467107,-43.089664279446417,True,False,119
dedup_full,main,P-Median,5,54,-1,31,-22.999729789317982,-43.401028570814155,True,False,116
dedup_full,main,P-Median,5,54,-1,32,-22.87122343931749,-43.769201872778794,True,False,46
dedup_full,main,P-Median,5,54,-1,33,-22.980583033726589,-43.195524940623805,True,False,257
dedup_full,main,P-Median,5,54,-1,34,-22.827462061083782,-43.070130738478781,True,False,128
dedup_full,main,P-Median,5,54,-1,35,-22.651862411735703,-43.065516196649043,True,False,47
dedup_full,main,P-Median,5,54,-1,36,-22.468420723724943,-42.655499586896099,True,False,19
dedup_full,main,P-Median,5,54,-1,37,-22.944042724835729,-43.334699780665829,True,False,217
dedup_full,main,P-Median,5,54,-1,38,-22.610064174818444,-43.297346135020476,True,False,85
dedup_full,main,P-Median,5,54,-1,39,-22.9226494320251,-43.243664436784307,True,False,548
dedup_full,main,P-Median,5,54,-1,40,-22.7906723445127,-43.37558533319892,True,False,140
dedup_full,main,P-Median,5,54,-1,41,-22.936443960524919,-43.181996197251721,True,False,377
dedup_full,main,P-Median,5,54,-1,42,-22.965858496778363,-43.184283390063825,True,False,239
dedup_full,main,P-Median,5,54,-1,43,-22.909923107155148,-43.67384594621582,True,False,121
dedup_full,main,P-Median,5,54,-1,44,-22.73240939945855,-43.449800995479542,True,False,195
dedup_full,main,P-Median,5,54,-1,45,-22.882977029911459,-43.320205938247923,True,False,128
dedup_full,main,P-Median,5,54,-1,46,-22.965097551656015,-43.380632630109098,True,False,176
dedup_full,main,P-Median,5,54,-1,47,-22.527747210490141,-42.978318517995227,True,False,21
dedup_full,main,P-Median,5,54,-1,48,-22.918086509162087,-43.562907475630823,True,False,189
dedup_full,main,P-Median,5,54,-1,49,-22.903659896544916,-43.107255801403191,True,False,500
dedup_full,main,P-Median,5,54,-1,50,-22.903458711641832,-43.04903863941523,True,False,96
dedup_full,main,P-Median,5,54,-1,51,-22.953186792610843,-42.963205969433226,True,False,45
dedup_full,main,P-Median,5,54,-1,52,-22.878452178117509,-43.41600608204525,True,False,117
dedup_full,main,P-Median,5,54,-1,53,-22.97859264448816,-43.688727821765063,True,False,72
dedup_full,main,MCLP,10,14,-1,0,-22.918326522165241,-43.256279517223547,True,False,3170
dedup_full,main,MCLP,10,14,-1,1,-22.8539630642247,-43.396667413498186,True,False,946
dedup_full,main,MCLP,10,14,-1,2,-22.903458711641832,-43.04903863941523,True,False,858
dedup_full,main,MCLP,10,14,-1,3,-22.999729789317982,-43.401028570814155,True,False,1070
dedup_full,main,MCLP,10,14,-1,4,-22.89827053178648,-43.602700072611874,True,False,694
dedup_full,main,MCLP,10,14,-1,5,-22.754531774091543,-43.430058887160165,True,False,499
dedup_full,main,MCLP,10,14,-1,6,-22.835608336318653,-43.257402992025519,True,False,596
dedup_full,main,MCLP,10,14,-1,7,-22.476082315458811,-43.148963321884011,True,False,314
dedup_full,main,MCLP,10,14,-1,8,-22.864248638316798,-43.006208536873807,True,False,401
dedup_full,main,MCLP,10,14,-1,9,-22.610064174818444,-43.297346135020476,True,False,169
dedup_full,main,MCLP,10,14,-1,10,-22.919355440609593,-42.840713825874943,True,False,175
dedup_full,main,MCLP,10,14,-1,11,-22.716451266269758,-43.515280557268277,True,False,282
dedup_full,main,MCLP,10,14,-1,12,-22.898183269228269,-43.698338380840767,True,False,236
dedup_full,main,MCLP,10,14,-1,13,-22.777012571951467,-43.302797399530618,True,False,281
dedup_full,main,MCLP,5,40,-1,0,-22.939127856674123,-43.197563513971957,True,False,1212
dedup_full,main,MCLP,5,40,-1,1,-22.886244788124753,-43.267542948997857,True,False,785
dedup_full,main,MCLP,5,40,-1,2,-22.925951270738445,-43.358392010693912,True,False,536
dedup_full,main,MCLP,5,40,-1,3,-22.878875291467107,-43.089664279446417,True,False,543
dedup_full,main,MCLP,5,40,-1,4,-22.895572237363908,-43.577808696466995,True,False,442
dedup_full,main,MCLP,5,40,-1,5,-22.853571395433296,-43.328319404747063,True,False,407
dedup_full,main,MCLP,5,40,-1,6,-22.748704078433626,-43.443552249160497,True,False,311
dedup_full,main,MCLP,5,40,-1,7,-22.975171070560211,-43.243571604486029,True,False,392
dedup_full,main,MCLP,5,40,-1,8,-22.990645563225257,-43.353315675500504,True,False,282
dedup_full,main,MCLP,5,40,-1,9,-23.013945234739644,-43.463020174938741,True,False,280
dedup_full,main,MCLP,5,40,-1,10,-22.82773081859154,-43.028959632192041,True,False,263
dedup_full,main,MCLP,5,40,-1,11,-22.803534141839179,-43.375741505097551,True,False,132
dedup_full,main,MCLP,5,40,-1,12,-22.879636648398584,-43.459164854182305,True,False,207
dedup_full,main,MCLP,5,40,-1,13,-22.936100646430727,-43.659864298964045,True,False,129
dedup_full,main,MCLP,5,40,-1,14,-22.510262543782257,-43.175410858736072,True,False,173
dedup_full,main,MCLP,5,40,-1,15,-22.810296526690003,-43.199729206296965,True,False,147
dedup_full,main,MCLP,5,40,-1,16,-22.756202067763031,-43.309152161661409,True,False,182
dedup_full,main,MCLP,5,40,-1,17,-22.947151023640679,-43.034353640259305,True,False,159
dedup_full,main,MCLP,5,40,-1,18,-22.716451266269758,-43.515280557268277,True,False,121
dedup_full,main,MCLP,5,40,-1,19,-22.839556080182923,-43.405236409408211,True,False,188
dedup_full,main,MCLP,5,40,-1,20,-22.919355440609593,-42.840713825874943,True,False,104
dedup_full,main,MCLP,5,40,-1,21,-22.834410685901656,-43.276859417153403,True,False,237
dedup_full,main,MCLP,5,40,-1,22,-22.884900848265971,-43.51160058488766,True,False,123
dedup_full,main,MCLP,5,40,-1,23,-22.917159804510817,-43.404067681507648,True,False,194
dedup_full,main,MCLP,5,40,-1,24,-22.972485875500748,-43.642735540899182,True,False,78
dedup_full,main,MCLP,5,40,-1,25,-22.618317049430587,-43.178848640218298,True,False,76
dedup_full,main,MCLP,5,40,-1,26,-22.417514860108344,-43.130368269386814,True,False,61
dedup_full,main,MCLP,5,40,-1,27,-22.931006872545307,-43.689099106167085,True,False,79
dedup_full,main,MCLP,5,40,-1,28,-22.610064174818444,-43.297346135020476,True,False,85
dedup_full,main,MCLP,5,40,-1,29,-22.769125209412799,-43.525356178124703,True,False,76
dedup_full,main,MCLP,5,40,-1,30,-22.87122343931749,-43.769201872778794,True,False,46
dedup_full,main,MCLP,5,40,-1,31,-22.763675954751395,-43.402635674573254,True,False,153
dedup_full,main,MCLP,5,40,-1,32,-22.742205671164115,-42.857166681885516,True,False,56
dedup_full,main,MCLP,5,40,-1,33,-23.003300817630926,-43.343194580628946,True,False,217
dedup_full,main,MCLP,5,40,-1,34,-22.616674007045216,-43.706674061865066,True,False,73
dedup_full,main,MCLP,5,40,-1,35,-22.651862411735703,-43.065516196649043,True,False,68
dedup_full,main,MCLP,5,40,-1,36,-22.864248638316798,-43.006208536873807,True,False,92
dedup_full,main,MCLP,5,40,-1,37,-22.953759651410511,-43.177053272858508,True,False,748
dedup_full,main,MCLP,5,40,-1,38,-22.711972287554349,-42.630201171688654,True,False,53
dedup_full,main,MCLP,5,40,-1,39,-22.869184665256235,-43.100048771811551,True,False,181
projected_inverse,main,K-Means,10,16,42,0,-22.69487784987448,-43.630466294782032,True,False,163
projected_inverse,main,K-Means,10,16,42,1,-22.913628031070925,-43.228575639963253,True,False,1550
projected_inverse,main,K-Means,10,16,42,2,-22.477724452566022,-43.171177420650764,True,False,234
projected_inverse,main,K-Means,10,16,42,3,-22.99791081300484,-43.400580438267184,True,False,758
projected_inverse,main,K-Means,10,16,42,4,-22.677211760884084,-42.741903529795962,True,False,94
projected_inverse,main,K-Means,10,16,42,5,-22.893827681790047,-43.545495361273687,True,False,681
projected_inverse,main,K-Means,10,16,42,6,-22.762848554403174,-43.432688853945791,True,False,807
projected_inverse,main,K-Means,10,16,42,7,-22.930261193458122,-42.87758615207877,True,False,131
projected_inverse,main,K-Means,10,16,42,8,-22.925513399858872,-43.671225689803762,True,False,363
projected_inverse,main,K-Means,10,16,42,9,-22.905066951733058,-43.091500113962439,True,False,822
projected_inverse,main,K-Means,10,16,42,10,-22.90512900716989,-43.362328615784946,True,False,1175
projected_inverse,main,K-Means,10,16,42,11,-22.829662054370015,-43.276562770828519,True,False,788
projected_inverse,main,K-Means,10,16,42,12,-22.661930019088711,-43.25798885993062,True,False,214
projected_inverse,main,K-Means,10,16,42,13,-22.9616675692453,-43.196022099613103,True,False,1432
projected_inverse,main,K-Means,10,16,42,14,-22.615318607918422,-43.049320818531854,True,False,75
projected_inverse,main,K-Means,10,16,42,15,-22.82867821542893,-43.020672501671712,True,False,404
projected_inverse,main,K-Means,5,40,42,0,-22.653836235403059,-43.275572608867492,True,False,110
projected_inverse,main,K-Means,5,40,42,1,-22.944555949500408,-43.343103026891903,True,False,298
projected_inverse,main,K-Means,5,40,42,2,-22.952689289439654,-43.18420259811397,True,False,754
projected_inverse,main,K-Means,5,40,42,3,-22.888082120113072,-43.561473950882927,True,False,382
projected_inverse,main,K-Means,5,40,42,4,-22.749131434526454,-42.873319880334385,True,False,56
projected_inverse,main,K-Means,5,40,42,5,-22.740664356313616,-43.446492849086241,True,False,369
projected_inverse,main,K-Means,5,40,42,6,-22.828454163927255,-43.000388423084665,True,False,211
projected_inverse,main,K-Means,5,40,42,7,-22.75677697795247,-43.32303117730703,True,False,202
projected_inverse,main,K-Means,5,40,42,8,-22.730356404982086,-43.54193261933942,True,False,167
projected_inverse,main,K-Means,5,40,42,9,-22.897526037643601,-43.103864405288284,True,False,645
projected_inverse,main,K-Means,5,40,42,10,-22.918805469633497,-43.235635701135578,True,False,871
projected_inverse,main,K-Means,5,40,42,11,-22.876124585916916,-43.455156064489508,True,False,244
projected_inverse,main,K-Means,5,40,42,12,-22.509176775674785,-43.185752808710909,True,False,173
projected_inverse,main,K-Means,5,40,42,13,-23.008005628570402,-43.468615319894468,True,False,280
projected_inverse,main,K-Means,5,40,42,14,-22.712859334456624,-42.650556377460582,True,False,34
projected_inverse,main,K-Means,5,40,42,15,-22.975207343460863,-43.671096835126605,True,False,77
projected_inverse,main,K-Means,5,40,42,16,-22.925590594075036,-42.860635861463237,True,False,109
projected_inverse,main,K-Means,5,40,42,17,-22.897357336102132,-43.288390136315414,True,False,380
projected_inverse,main,K-Means,5,40,42,18,-22.806662519706695,-43.193910733196006,True,False,147
projected_inverse,main,K-Means,5,40,42,19,-22.470849051492323,-42.657121037845286,True,False,19
projected_inverse,main,K-Means,5,40,42,20,-22.645941123382951,-43.062798949846524,True,False,46
projected_inverse,main,K-Means,5,40,42,21,-22.388518206151765,-43.129874016288589,True,False,61
projected_inverse,main,K-Means,5,40,42,22,-22.87630117592526,-43.360497094160579,True,False,362
projected_inverse,main,K-Means,5,40,42,23,-22.981687817899637,-43.395725771248607,True,False,267
projected_inverse,main,K-Means,5,40,42,24,-22.979536253191156,-43.214903945126395,True,False,571
projected_inverse,main,K-Means,5,40,42,25,-22.871340988220584,-43.787007555825348,True,False,46
projected_inverse,main,K-Means,5,40,42,26,-22.933417167659677,-43.031838193484781,True,False,213
projected_inverse,main,K-Means,5,40,42,27,-22.827543912278692,-43.061551227895457,True,False,164
projected_inverse,main,K-Means,5,40,42,28,-22.627420397561153,-43.68468175949323,True,False,53
projected_inverse,main,K-Means,5,40,42,29,-22.798978983135207,-43.404238014488243,True,False,322
projected_inverse,main,K-Means,5,40,42,30,-22.923934851325992,-43.380629305852509,True,False,270
projected_inverse,main,K-Means,5,40,42,31,-22.851297306417909,-43.267053886848366,True,False,260
projected_inverse,main,K-Means,5,40,42,32,-22.762190749491008,-43.679736138341006,True,False,34
projected_inverse,main,K-Means,5,40,42,33,-23.005012583753008,-43.333698658143888,True,False,228
projected_inverse,main,K-Means,5,40,42,34,-22.837177293237453,-43.319234715022219,True,False,292
projected_inverse,main,K-Means,5,40,42,35,-22.637308692996921,-43.180256883443441,True,False,70
projected_inverse,main,K-Means,5,40,42,36,-22.91318903544671,-43.182798130185901,True,False,508
projected_inverse,main,K-Means,5,40,42,37,-22.914645450137908,-43.655353679213242,True,False,209
projected_inverse,main,K-Means,5,40,42,38,-22.928335849495973,-43.581819411554434,True,False,165
projected_inverse,main,K-Means,5,40,42,39,-22.537386719550039,-42.994366273452762,True,False,22
projected_inverse,main,K-Means,3,84,42,0,-22.51825389666282,-43.194481766733553,True,False,126
projected_inverse,main,K-Means,3,84,42,1,-22.887476824457778,-43.361530503481809,True,False,213
projected_inverse,main,K-Means,3,84,42,2,-22.913591763379038,-43.191661434587154,True,False,175
projected_inverse,main,K-Means,3,84,42,3,-22.974880718627045,-43.687796855479661,True,False,49
projected_inverse,main,K-Means,3,84,42,4,-22.833149802784234,-43.074794025632755,True,False,80
projected_inverse,main,K-Means,3,84,42,5,-22.881556427845677,-43.429191941308012,True,False,100
projected_inverse,main,K-Means,3,84,42,6,-22.747542684119423,-43.504812235416132,True,False,119
projected_inverse,main,K-Means,3,84,42,7,-23.000618991095674,-43.404718284567252,True,False,116
projected_inverse,main,K-Means,3,84,42,8,-22.877907201391494,-43.535552094699874,True,False,90
projected_inverse,main,K-Means,3,84,42,9,-22.716427653661203,-42.729691564581898,True,False,7
projected_inverse,main,K-Means,3,84,42,10,-22.921641130365192,-42.826927941542934,True,False,62
projected_inverse,main,K-Means,3,84,42,11,-22.827079648692465,-43.299048550432992,True,False,67
projected_inverse,main,K-Means,3,84,42,12,-22.902095971467386,-43.108417056565557,True,False,497
projected_inverse,main,K-Means,3,84,42,13,-22.640481804266038,-43.22665760542953,True,False,24
projected_inverse,main,K-Means,3,84,42,14,-22.980287286733443,-43.19607460446246,True,False,277
projected_inverse,main,K-Means,3,84,42,15,-22.665934626373723,-43.624812785461117,True,False,35
projected_inverse,main,K-Means,3,84,42,16,-22.873119445453138,-43.266983523501963,True,False,106
projected_inverse,main,K-Means,3,84,42,17,-22.470849051492323,-42.657121037845286,True,False,19
projected_inverse,main,K-Means,3,84,42,18,-22.904310343646777,-43.584266134211781,True,False,158
projected_inverse,main,K-Means,3,84,42,19,-22.962128090121293,-43.337789878538864,True,False,79
projected_inverse,main,K-Means,3,84,42,20,-22.779945145439076,-43.426342314964955,True,False,75
projected_inverse,main,K-Means,3,84,42,21,-22.64095757844655,-43.056502135719576,True,False,42
projected_inverse,main,K-Means,3,84,42,22,-22.931002262285116,-42.903554040545011,True,False,45
projected_inverse,main,K-Means,3,84,42,23,-22.484840355426435,-43.162357352701918,True,False,47
projected_inverse,main,K-Means,3,84,42,24,-22.922879209070022,-43.24388025937656,True,False,506
projected_inverse,main,K-Means,3,84,42,25,-22.886876767627339,-43.829495395638666,True,False,11
projected_inverse,main,K-Means,3,84,42,26,-22.806662519706695,-43.193910733196006,True,False,147
projected_inverse,main,K-Means,3,84,42,27,-22.77472777032045,-43.395234931599362,True,False,37
projected_inverse,main,K-Means,3,84,42,28,-22.944334399542761,-43.02859532722109,True,False,79
projected_inverse,main,K-Means,3,84,42,29,-22.802471582903358,-43.021991471389001,True,False,42
projected_inverse,main,K-Means,3,84,42,30,-22.768238397554043,-43.303357380269233,True,False,98
projected_inverse,main,K-Means,3,84,42,31,-23.015481257008464,-43.464565205242359,True,False,204
projected_inverse,main,K-Means,3,84,42,32,-22.315318635228685,-43.111597826796626,True,False,15
projected_inverse,main,K-Means,3,84,42,33,-22.535823874584512,-42.991301396532556,True,False,21
projected_inverse,main,K-Means,3,84,42,34,-22.744645037919298,-42.864323023580262,True,False,47
projected_inverse,main,K-Means,3,84,42,35,-22.926530895874198,-43.377664196970336,True,False,292
projected_inverse,main,K-Means,3,84,42,36,-23.005012583753008,-43.333698658143888,True,False,228
projected_inverse,main,K-Means,3,84,42,37,-22.632356791102659,-43.286062157420979,True,False,57
projected_inverse,main,K-Means,3,84,42,38,-22.918013656692054,-43.677054962238699,True,False,121
projected_inverse,main,K-Means,3,84,42,39,-22.891485103592725,-43.296621681125103,True,False,133
projected_inverse,main,K-Means,3,84,42,40,-22.80734511344972,-43.618604400005914,True,False,26
projected_inverse,main,K-Means,3,84,42,41,-22.959097629403999,-43.184163848397745,True,False,410
projected_inverse,main,K-Means,3,84,42,42,-22.70380402873085,-43.45034873626421,True,False,63
projected_inverse,main,K-Means,3,84,42,43,-22.719510438945584,-43.558721397495624,True,False,65
projected_inverse,main,K-Means,3,84,42,44,-22.963489172960767,-43.210957861531249,True,False,132
projected_inverse,main,K-Means,3,84,42,45,-22.74884839795341,-43.450208626991923,True,False,209
projected_inverse,main,K-Means,3,84,42,46,-22.911963046658425,-43.626175799823166,True,False,105
projected_inverse,main,K-Means,3,84,42,47,-22.876089858409671,-43.007380212077429,True,False,57
projected_inverse,main,K-Means,3,84,42,48,-22.938020431868473,-43.339475905346731,True,False,164
projected_inverse,main,K-Means,3,84,42,49,-22.838335959060185,-43.319035574312373,True,False,207
projected_inverse,main,K-Means,3,84,42,50,-22.711927870432561,-42.63004113951235,True,False,27
projected_inverse,main,K-Means,3,84,42,51,-22.854502663459932,-43.369952063208295,True,False,131
projected_inverse,main,K-Means,3,84,42,52,-22.614833826992147,-43.705683375748585,True,False,35
projected_inverse,main,K-Means,3,84,42,53,-22.965542643761545,-43.388670808626195,True,False,166
projected_inverse,main,K-Means,3,84,42,54,-22.900742995921618,-43.059051873772319,True,False,69
projected_inverse,main,K-Means,3,84,42,55,-22.412387333448702,-43.13583715784339,True,False,46
projected_inverse,main,K-Means,3,84,42,56,-22.872349909509115,-43.473185640797645,True,False,144
projected_inverse,main,K-Means,3,84,42,57,-22.966909550134254,-43.6142021007472,True,False,61
projected_inverse,main,K-Means,3,84,42,58,-22.912308745249511,-43.222827112270686,True,False,353
projected_inverse,main,K-Means,3,84,42,59,-22.866456049448754,-43.773656330526663,True,False,35
projected_inverse,main,K-Means,3,84,42,60,-22.808690749950369,-42.955701663145369,True,False,49
projected_inverse,main,K-Means,3,84,42,61,-22.945434266702822,-43.066365188101422,True,False,56
projected_inverse,main,K-Means,3,84,42,62,-22.983374440927516,-43.234120666343919,True,False,240
projected_inverse,main,K-Means,3,84,42,63,-22.951100135909925,-42.962401660592128,True,False,26
projected_inverse,main,K-Means,3,84,42,64,-22.815302441175771,-43.414565102039788,True,False,143
projected_inverse,main,K-Means,3,84,42,65,-22.740348601832533,-43.702889858103106,True,False,20
projected_inverse,main,K-Means,3,84,42,66,-22.726872824320946,-43.328444963008415,True,False,55
projected_inverse,main,K-Means,3,84,42,67,-22.790998919168871,-43.364250537667253,True,False,113
projected_inverse,main,K-Means,3,84,42,68,-22.874126279967957,-43.09487530259333,True,False,119
projected_inverse,main,K-Means,3,84,42,69,-22.880934427846086,-43.571951447533202,True,False,121
projected_inverse,main,K-Means,3,84,42,70,-22.905120850705796,-43.177936023242452,True,False,226
projected_inverse,main,K-Means,3,84,42,71,-22.917768229362739,-43.548445272462693,True,False,119
projected_inverse,main,K-Means,3,84,42,72,-23.004990522576708,-43.547845204575459,True,False,17
projected_inverse,main,K-Means,3,84,42,73,-22.683400125839572,-43.268732620112232,True,False,45
projected_inverse,main,K-Means,3,84,42,74,-22.879171958529266,-43.329355539991312,True,False,95
projected_inverse,main,K-Means,3,84,42,75,-22.738022388358708,-43.393798902736101,True,False,65
projected_inverse,main,K-Means,3,84,42,76,-22.826918553201377,-43.004950512487305,True,False,96
projected_inverse,main,K-Means,3,84,42,77,-22.615008165628016,-43.177322118041012,True,False,37
projected_inverse,main,K-Means,3,84,42,78,-22.98302028229028,-43.459790692742921,True,False,59
projected_inverse,main,K-Means,3,84,42,79,-22.823713422349755,-43.043719544000716,True,False,74
projected_inverse,main,K-Means,3,84,42,80,-22.93651582862109,-43.181138325765502,True,False,381
projected_inverse,main,K-Means,3,84,42,81,-22.90498285828404,-43.280773664402489,True,False,198
projected_inverse,main,K-Means,3,84,42,82,-22.680564195421965,-43.141178269248442,True,False,22
projected_inverse,main,K-Means,3,84,42,83,-22.844879525721456,-43.265378829147338,True,False,164
projected_inverse,main,Ward,10,16,-1,0,-22.785636354624206,-43.375712669487406,True,False,596
projected_inverse,main,Ward,10,16,-1,1,-22.913561451091851,-43.598277193774273,True,False,811
projected_inverse,main,Ward,10,16,-1,2,-22.739201831954908,-43.478458004091557,True,False,467
projected_inverse,main,Ward,10,16,-1,3,-22.689343980416922,-42.76610012501606,True,False,95
projected_inverse,main,Ward,10,16,-1,4,-22.862388759521796,-43.294975536235413,True,False,1393
projected_inverse,main,Ward,10,16,-1,5,-22.693778351743628,-43.661695865773986,True,False,104
projected_inverse,main,Ward,10,16,-1,6,-22.477724452566022,-43.171177420650764,True,False,234
projected_inverse,main,Ward,10,16,-1,7,-22.823146876387174,-43.030179839891595,True,False,403
projected_inverse,main,Ward,10,16,-1,8,-22.648972810973895,-43.236451385371517,True,False,182
projected_inverse,main,Ward,10,16,-1,9,-22.939316032340486,-43.206266775338797,True,False,2660
projected_inverse,main,Ward,10,16,-1,10,-22.930575952300735,-42.879332829901813,True,False,131
projected_inverse,main,Ward,10,16,-1,11,-22.97132068828515,-43.380338189531123,True,False,1326
projected_inverse,main,Ward,10,16,-1,12,-22.871340988220567,-43.78700755582534,True,False,67
projected_inverse,main,Ward,10,16,-1,13,-22.605915313914235,-43.034758033848242,True,False,69
projected_inverse,main,Ward,10,16,-1,14,-22.876752691810218,-43.451168977618195,True,False,331
projected_inverse,main,Ward,10,16,-1,15,-22.902452579445786,-43.084779644418369,True,False,822
projected_inverse,main,Ward,5,45,-1,0,-22.656247469161066,-43.279491911956846,True,False,104
projected_inverse,main,Ward,5,45,-1,1,-22.877116154650039,-43.278631514830501,True,False,597
projected_inverse,main,Ward,5,45,-1,2,-22.876752691810218,-43.451168977618195,True,False,250
projected_inverse,main,Ward,5,45,-1,3,-22.826483106216422,-43.052124348713413,True,False,192
projected_inverse,main,Ward,5,45,-1,4,-22.388518206151758,-43.129874016288589,True,False,61
projected_inverse,main,Ward,5,45,-1,5,-22.860592149677956,-43.337345934878499,True,False,582
projected_inverse,main,Ward,5,45,-1,6,-22.926327772418361,-43.183412508351715,True,False,831
projected_inverse,main,Ward,5,45,-1,7,-22.921641130365202,-42.826927941542934,True,False,62
projected_inverse,main,Ward,5,45,-1,8,-22.749131434526454,-42.873319880334385,True,False,56
projected_inverse,main,Ward,5,45,-1,9,-22.712859334456624,-42.650556377460582,True,False,34
projected_inverse,main,Ward,5,45,-1,10,-22.752167457540722,-43.45345829980549,True,False,232
projected_inverse,main,Ward,5,45,-1,11,-22.640389726888834,-43.665255409149736,True,False,53
projected_inverse,main,Ward,5,45,-1,12,-22.972375867360004,-43.629695386467958,True,False,90
projected_inverse,main,Ward,5,45,-1,13,-22.938364439709929,-42.925101667920991,True,False,69
projected_inverse,main,Ward,5,45,-1,14,-22.625032260981133,-43.19673053613058,True,False,55
projected_inverse,main,Ward,5,45,-1,15,-22.900441925957828,-43.596653342224165,True,False,278
projected_inverse,main,Ward,5,45,-1,16,-22.835240651453848,-43.399066507688183,True,False,107
projected_inverse,main,Ward,5,45,-1,17,-22.896729168470479,-43.545728250314411,True,False,293
projected_inverse,main,Ward,5,45,-1,18,-22.730128427571152,-43.333249793999641,True,False,59
projected_inverse,main,Ward,5,45,-1,19,-22.805997465815022,-43.618742209095593,True,False,26
projected_inverse,main,Ward,5,45,-1,20,-22.742113824225584,-43.397597543175429,True,False,78
projected_inverse,main,Ward,5,45,-1,21,-22.509176775674785,-43.185752808710909,True,False,173
projected_inverse,main,Ward,5,45,-1,22,-22.74451978465131,-43.518560838005612,True,False,105
projected_inverse,main,Ward,5,45,-1,23,-22.633837127157062,-43.055494876053181,True,False,42
projected_inverse,main,Ward,5,45,-1,24,-22.972561377226722,-43.201204932449528,True,False,973
projected_inverse,main,Ward,5,45,-1,25,-22.871340988220567,-43.78700755582534,True,False,46
projected_inverse,main,Ward,5,45,-1,26,-22.76823839755405,-43.303357380269233,True,False,102
projected_inverse,main,Ward,5,45,-1,27,-22.948661150841776,-43.37499135217633,True,False,665
projected_inverse,main,Ward,5,45,-1,28,-22.81673665809296,-42.988073781691511,True,False,148
projected_inverse,main,Ward,5,45,-1,29,-22.89764678621157,-43.104165373373711,True,False,641
projected_inverse,main,Ward,5,45,-1,30,-22.996365462164942,-43.324882520005424,True,False,311
projected_inverse,main,Ward,5,45,-1,31,-23.008199150122849,-43.463493959976049,True,False,396
projected_inverse,main,Ward,5,45,-1,32,-22.918372208831489,-43.235401370026601,True,False,905
projected_inverse,main,Ward,5,45,-1,33,-22.530351287127925,-42.978687299301797,True,False,21
projected_inverse,main,Ward,5,45,-1,34,-22.470849051492323,-42.657121037845286,True,False,19
projected_inverse,main,Ward,5,45,-1,35,-22.790111127040024,-43.366696201888658,True,False,136
projected_inverse,main,Ward,5,45,-1,36,-22.878248849028466,-43.020951846596816,True,False,93
projected_inverse,main,Ward,5,45,-1,37,-22.918013656692043,-43.677054962238699,True,False,163
projected_inverse,main,Ward,5,45,-1,38,-22.680564195421955,-43.141178269248442,True,False,22
projected_inverse,main,Ward,5,45,-1,39,-22.944791727803327,-43.044262663083124,True,False,137
projected_inverse,main,Ward,5,45,-1,40,-22.794057451019388,-43.421642942495502,True,False,173
projected_inverse,main,Ward,5,45,-1,41,-22.806662519706695,-43.193910733196006,True,False,147
projected_inverse,main,Ward,5,45,-1,42,-22.713607001301771,-43.563860144259323,True,False,67
projected_inverse,main,Ward,5,45,-1,43,-22.740348601832533,-43.702889858103106,True,False,20
projected_inverse,main,Ward,5,45,-1,44,-22.710066847574861,-43.45302116967423,True,False,77
projected_inverse,main,Ward,3,88,-1,0,-22.743474214965012,-42.857793863292208,True,False,42
projected_inverse,main,Ward,3,88,-1,1,-22.864798280055798,-43.002848012479227,True,False,64
projected_inverse,main,Ward,3,88,-1,2,-22.897269279047368,-43.286535567764417,True,False,366
projected_inverse,main,Ward,3,88,-1,3,-22.9207419209595,-42.831043760988088,True,False,60
projected_inverse,main,Ward,3,88,-1,4,-22.872349909509115,-43.473185640797638,True,False,147
projected_inverse,main,Ward,3,88,-1,5,-22.849509691498085,-43.267807943358676,True,False,215
projected_inverse,main,Ward,3,88,-1,6,-22.683613428738163,-43.272672436210208,True,False,45
projected_inverse,main,Ward,3,88,-1,7,-22.624111609668205,-43.690483526234445,True,False,49
projected_inverse,main,Ward,3,88,-1,8,-22.79339661617022,-43.373555909744596,True,False,95
projected_inverse,main,Ward,3,88,-1,9,-22.794057451019388,-43.421642942495502,True,False,133
projected_inverse,main,Ward,3,88,-1,10,-22.984624402330795,-43.304390992562396,True,False,51
projected_inverse,main,Ward,3,88,-1,11,-22.880344746174138,-43.350871761534549,True,False,280
projected_inverse,main,Ward,3,88,-1,12,-22.76823839755405,-43.303357380269233,True,False,93
projected_inverse,main,Ward,3,88,-1,13,-22.646541638581063,-43.055432004952607,True,False,38
projected_inverse,main,Ward,3,88,-1,14,-22.75292395396249,-43.444934491553525,True,False,159
projected_inverse,main,Ward,3,88,-1,15,-22.420058448111966,-43.141178165047783,True,False,36
projected_inverse,main,Ward,3,88,-1,16,-22.361649931899994,-43.122807700245069,True,False,20
projected_inverse,main,Ward,3,88,-1,17,-22.887100502326319,-43.110090784243731,True,False,261
projected_inverse,main,Ward,3,88,-1,18,-22.680564195421955,-43.141178269248442,True,False,22
projected_inverse,main,Ward,3,88,-1,19,-22.61812888055044,-43.180180808955434,True,False,37
projected_inverse,main,Ward,3,88,-1,20,-22.742113824225584,-43.397597543175429,True,False,68
projected_inverse,main,Ward,3,88,-1,21,-22.758518142093674,-43.518212004949007,True,False,54
projected_inverse,main,Ward,3,88,-1,22,-22.921415177507178,-43.234606390031857,True,False,738
projected_inverse,main,Ward,3,88,-1,23,-22.726594171320603,-43.324683887880632,True,False,45
projected_inverse,main,Ward,3,88,-1,24,-22.866456049448772,-43.773656330526663,True,False,35
projected_inverse,main,Ward,3,88,-1,25,-22.817854718581952,-43.027608059733467,True,False,93
projected_inverse,main,Ward,3,88,-1,26,-22.515765512557024,-43.193549510001404,True,False,126
projected_inverse,main,Ward,3,88,-1,27,-22.982014653016066,-43.6402557392001,True,False,30
projected_inverse,main,Ward,3,88,-1,28,-22.876764911539933,-43.543065290670008,True,False,134
projected_inverse,main,Ward,3,88,-1,29,-22.915919567096221,-43.548288566570761,True,False,119
projected_inverse,main,Ward,3,88,-1,30,-22.924648120989609,-43.377299432362577,True,False,270
projected_inverse,main,Ward,3,88,-1,31,-22.823427113567334,-42.959221926336369,True,False,30
projected_inverse,main,Ward,3,88,-1,32,-22.977151119515288,-43.225223637024719,True,False,360
projected_inverse,main,Ward,3,88,-1,33,-22.686318975354087,-43.454556438570137,True,False,20
projected_inverse,main,Ward,3,88,-1,34,-22.940567599232853,-43.342607269018046,True,False,296
projected_inverse,main,Ward,3,88,-1,35,-22.908817766541802,-43.183925699985956,True,False,405
projected_inverse,main,Ward,3,88,-1,36,-22.834676929131234,-43.314913207535774,True,False,242
projected_inverse,main,Ward,3,88,-1,37,-22.918013656692043,-43.677054962238699,True,False,121
projected_inverse,main,Ward,3,88,-1,38,-22.814257331963141,-42.998759041823007,True,False,73
projected_inverse,main,Ward,3,88,-1,39,-22.944791727803327,-43.044262663083124,True,False,135
projected_inverse,main,Ward,3,88,-1,40,-22.953415917147748,-43.597189716158788,True,False,48
projected_inverse,main,Ward,3,88,-1,41,-22.896786828752234,-43.241039374131631,True,False,149
projected_inverse,main,Ward,3,88,-1,42,-22.713607001301771,-43.563860144259323,True,False,49
projected_inverse,main,Ward,3,88,-1,43,-22.740348601832533,-43.702889858103106,True,False,20
projected_inverse,main,Ward,3,88,-1,44,-22.825513522888436,-43.057878001232453,True,False,63
projected_inverse,main,Ward,3,88,-1,45,-22.602759836451359,-43.300353209748266,True,False,20
projected_inverse,main,Ward,3,88,-1,46,-22.882213859916817,-43.423836231354166,True,False,103
projected_inverse,main,Ward,3,88,-1,47,-22.884268166186516,-43.62389428258453,True,False,26
projected_inverse,main,Ward,3,88,-1,48,-22.919103260880959,-42.925130800296344,True,False,23
projected_inverse,main,Ward,3,88,-1,49,-22.811564513566104,-43.586842093705421,True,False,13
projected_inverse,main,Ward,3,88,-1,50,-22.268892739670072,-43.076812591215528,True,False,5
projected_inverse,main,Ward,3,88,-1,51,-22.678355299796486,-43.606367115231912,True,False,21
projected_inverse,main,Ward,3,88,-1,52,-22.970429755951422,-43.190056824462843,True,False,512
projected_inverse,main,Ward,3,88,-1,53,-22.766094584502298,-42.919906285070098,True,False,14
projected_inverse,main,Ward,3,88,-1,54,-22.948565702905171,-42.703432366189951,True,False,2
projected_inverse,main,Ward,3,88,-1,55,-22.603679160438638,-42.7407396843263,True,False,1
projected_inverse,main,Ward,3,88,-1,56,-22.573490427882302,-43.055792058007789,True,False,8
projected_inverse,main,Ward,3,88,-1,57,-22.940259311130269,-43.183003980397842,True,False,556
projected_inverse,main,Ward,3,88,-1,58,-22.895327614390837,-43.582795687776347,True,False,225
projected_inverse,main,Ward,3,88,-1,59,-22.639179165260877,-43.230662968589527,True,False,24
projected_inverse,main,Ward,3,88,-1,60,-22.822881158644101,-43.408155001353443,True,False,76
projected_inverse,main,Ward,3,88,-1,61,-22.953191276315899,-42.964267667836452,True,False,24
projected_inverse,main,Ward,3,88,-1,62,-22.749907633972043,-43.478889603272066,True,False,61
projected_inverse,main,Ward,3,88,-1,63,-23.008199150122849,-43.463493959976049,True,False,263
projected_inverse,main,Ward,3,88,-1,64,-22.979971370294027,-43.395270953589858,True,False,267
projected_inverse,main,Ward,3,88,-1,65,-22.80085286827201,-43.648186480163154,True,False,13
projected_inverse,main,Ward,3,88,-1,66,-22.711927870432561,-42.63004113951235,True,False,27
projected_inverse,main,Ward,3,88,-1,67,-22.886876767627339,-43.829495395638666,True,False,11
projected_inverse,main,Ward,3,88,-1,68,-22.530351287127925,-42.978687299301797,True,False,17
projected_inverse,main,Ward,3,88,-1,69,-22.470849051492323,-42.657121037845286,True,False,19
projected_inverse,main,Ward,3,88,-1,70,-22.973933192524573,-43.692431151841141,True,False,42
projected_inverse,main,Ward,3,88,-1,71,-23.004651788010637,-43.339349330732333,True,False,187
projected_inverse,main,Ward,3,88,-1,72,-22.891453078063208,-43.038730052090173,True,False,45
projected_inverse,main,Ward,3,88,-1,73,-22.4831950758212,-43.155018781176125,True,False,47
projected_inverse,main,Ward,3,88,-1,74,-22.920530564208285,-43.626816163355251,True,False,79
projected_inverse,main,Ward,3,88,-1,75,-22.845737995831918,-43.342434373807812,True,False,66
projected_inverse,main,Ward,3,88,-1,76,-22.721819685573625,-43.5191261753777,True,False,44
projected_inverse,main,Ward,3,88,-1,77,-22.853303390145555,-43.385780297619355,True,False,95
projected_inverse,main,Ward,3,88,-1,78,-22.647716042138363,-43.277306210765502,True,False,37
projected_inverse,main,Ward,3,88,-1,79,-22.904890246600232,-43.100094993538271,True,False,380
projected_inverse,main,Ward,3,88,-1,80,-22.717727427618669,-43.452525752452445,True,False,81
projected_inverse,main,Ward,3,88,-1,81,-22.739403782043667,-43.355737514796061,True,False,20
projected_inverse,main,Ward,3,88,-1,82,-22.735218709428015,-42.727847609078921,True,False,6
projected_inverse,main,Ward,3,88,-1,83,-22.780551764362325,-43.346742641714968,True,False,42
projected_inverse,main,Ward,3,88,-1,84,-22.806662519706695,-43.193910733196006,True,False,147
projected_inverse,main,Ward,3,88,-1,85,-22.838701645394078,-43.078612156059506,True,False,65
projected_inverse,main,Ward,3,88,-1,86,-22.941986750231223,-42.885911615233276,True,False,24
projected_inverse,main,Ward,3,88,-1,87,-23.004990522576708,-43.547845204575459,True,False,17
projected_partition_angular,main,K-Means,10,16,42,0,-22.694865293624122,-43.630456050617084,True,False,163
projected_partition_angular,main,K-Means,10,16,42,1,-22.912670146136207,-43.229981319562874,True,False,1519
projected_partition_angular,main,K-Means,10,16,42,2,-22.477721676146288,-43.171188651940241,True,False,234
projected_partition_angular,main,K-Means,10,16,42,3,-22.997901875408598,-43.400582046965852,True,False,758
projected_partition_angular,main,K-Means,10,16,42,4,-22.677180124951381,-42.741944069418146,True,False,94
projected_partition_angular,main,K-Means,10,16,42,5,-22.893821987018068,-43.545498401046125,True,False,681
projected_partition_angular,main,K-Means,10,16,42,6,-22.762663268595873,-43.432947924417029,True,False,807
projected_partition_angular,main,K-Means,10,16,42,7,-22.930251311870428,-42.877589616497644,True,False,131
projected_partition_angular,main,K-Means,10,16,42,8,-22.925504045768541,-43.671219698804052,True,False,363
projected_partition_angular,main,K-Means,10,16,42,9,-22.90506426454327,-43.091497471614602,True,False,822
projected_partition_angular,main,K-Means,10,16,42,10,-22.905125654415169,-43.362326872921145,True,False,1183
projected_partition_angular,main,K-Means,10,16,42,11,-22.826347230330679,-43.277047619908082,True,False,789
projected_partition_angular,main,K-Means,10,16,42,12,-22.66192151549318,-43.257996969991225,True,False,205
projected_partition_angular,main,K-Means,10,16,42,13,-22.961666399953724,-43.196023967623738,True,False,1463
projected_partition_angular,main,K-Means,10,16,42,14,-22.615312266741359,-43.049335979519377,True,False,75
projected_partition_angular,main,K-Means,10,16,42,15,-22.828673297317621,-43.020674322909343,True,False,404
projected_partition_angular,main,K-Means,5,40,42,0,-22.653834950293092,-43.275570507186686,True,False,110
projected_partition_angular,main,K-Means,5,40,42,1,-22.944555475592505,-43.343102612681967,True,False,298
projected_partition_angular,main,K-Means,5,40,42,2,-22.95268913146084,-43.184202640892856,True,False,754
projected_partition_angular,main,K-Means,5,40,42,3,-22.888080354267643,-43.56147363740952,True,False,382
projected_partition_angular,main,K-Means,5,40,42,4,-22.749128477164554,-42.873321839684735,True,False,56
projected_partition_angular,main,K-Means,5,40,42,5,-22.74066253961627,-43.446493130986795,True,False,369
projected_partition_angular,main,K-Means,5,40,42,6,-22.828452696471903,-43.00038878162642,True,False,211
projected_partition_angular,main,K-Means,5,40,42,7,-22.756775038152753,-43.32303045218886,True,False,202
projected_partition_angular,main,K-Means,5,40,42,8,-22.730352950469303,-43.541929250752872,True,False,167
projected_partition_angular,main,K-Means,5,40,42,9,-22.897525474032125,-43.103864475610969,True,False,645
projected_partition_angular,main,K-Means,5,40,42,10,-22.918804917860317,-43.235635950854181,True,False,871
projected_partition_angular,main,K-Means,5,40,42,11,-22.876122652963016,-43.455155508877844,True,False,244
projected_partition_angular,main,K-Means,5,40,42,12,-22.509175442062713,-43.185754433950997,True,False,173
projected_partition_angular,main,K-Means,5,40,42,13,-23.00800408760573,-43.468615367200911,True,False,280
projected_partition_angular,main,K-Means,5,40,42,14,-22.712854232902529,-42.650556944283331,True,False,34
projected_partition_angular,main,K-Means,5,40,42,15,-22.975205004702048,-43.671095888333447,True,False,77
projected_partition_angular,main,K-Means,5,40,42,16,-22.92558391569607,-42.86063611134535,True,False,109
projected_partition_angular,main,K-Means,5,40,42,17,-22.89735667473191,-43.288389796573185,True,False,380
projected_partition_angular,main,K-Means,5,40,42,18,-22.806662142475478,-43.193910955041872,True,False,147
projected_partition_angular,main,K-Means,5,40,42,19,-22.470849051492323,-42.657121037845286,True,False,19
projected_partition_angular,main,K-Means,5,40,42,20,-22.645939108087177,-43.062800865110098,True,False,46
projected_partition_angular,main,K-Means,5,40,42,21,-22.38851673346527,-43.12987913902451,True,False,61
projected_partition_angular,main,K-Means,5,40,42,22,-22.876300194379638,-43.360496349050784,True,False,362
projected_partition_angular,main,K-Means,5,40,42,23,-22.981687526692561,-43.395726584673227,True,False,267
projected_partition_angular,main,K-Means,5,40,42,24,-22.979535184512585,-43.214904318430449,True,False,571
projected_partition_angular,main,K-Means,5,40,42,25,-22.871338940979847,-43.787009249444992,True,False,46
projected_partition_angular,main,K-Means,5,40,42,26,-22.933413940943847,-43.031838148291264,True,False,213
projected_partition_angular,main,K-Means,5,40,42,27,-22.827543015944457,-43.061552378945748,True,False,164
projected_partition_angular,main,K-Means,5,40,42,28,-22.627417198669136,-43.684677819593212,True,False,53
projected_partition_angular,main,K-Means,5,40,42,29,-22.798977540613492,-43.404238246265898,True,False,322
projected_partition_angular,main,K-Means,5,40,42,30,-22.923934211901994,-43.380629387519036,True,False,270
projected_partition_angular,main,K-Means,5,40,42,31,-22.851296852666334,-43.267053629582811,True,False,260
projected_partition_angular,main,K-Means,5,40,42,32,-22.76218791320122,-43.679731346048328,True,False,34
projected_partition_angular,main,K-Means,5,40,42,33,-23.005012045118427,-43.333698505060909,True,False,228
projected_partition_angular,main,K-Means,5,40,42,34,-22.837176621559909,-43.319234915745476,True,False,292
projected_partition_angular,main,K-Means,5,40,42,35,-22.637306363428173,-43.180255053991331,True,False,70
projected_partition_angular,main,K-Means,5,40,42,36,-22.913188838518362,-43.182798057948396,True,False,508
projected_partition_angular,main,K-Means,5,40,42,37,-22.914643177974835,-43.655354020085163,True,False,209
projected_partition_angular,main,K-Means,5,40,42,38,-22.928334628138497,-43.581820113742481,True,False,165
projected_partition_angular,main,K-Means,5,40,42,39,-22.537384249077661,-42.994369380807974,True,False,22
projected_partition_angular,main,K-Means,3,84,42,0,-22.518253030691497,-43.194481731769194,True,False,126
projected_partition_angular,main,K-Means,3,84,42,1,-22.887476490788131,-43.361530426710175,True,False,213
projected_partition_angular,main,K-Means,3,84,42,2,-22.913591635200437,-43.191661281306288,True,False,175
projected_partition_angular,main,K-Means,3,84,42,3,-22.974880172011666,-43.68779657680377,True,False,49
projected_partition_angular,main,K-Means,3,84,42,4,-22.833149665279137,-43.074794060886319,True,False,80
projected_partition_angular,main,K-Means,3,84,42,5,-22.881556018557003,-43.429191952472145,True,False,100
projected_partition_angular,main,K-Means,3,84,42,6,-22.747541839377195,-43.504812177109692,True,False,119
projected_partition_angular,main,K-Means,3,84,42,7,-23.000618991095681,-43.404718284567252,True,False,116
projected_partition_angular,main,K-Means,3,84,42,8,-22.877906731103668,-43.535552092129549,True,False,90
projected_partition_angular,main,K-Means,3,84,42,9,-22.716427345286679,-42.729689334114255,True,False,7
projected_partition_angular,main,K-Means,3,84,42,10,-22.921638738430705,-42.826927034912273,True,False,62
projected_partition_angular,main,K-Means,3,84,42,11,-22.827079416090513,-43.29904838867516,True,False,67
projected_partition_angular,main,K-Means,3,84,42,12,-22.902095659081674,-43.108416801544237,True,False,497
projected_partition_angular,main,K-Means,3,84,42,13,-22.640481348378295,-43.226657324199927,True,False,24
projected_partition_angular,main,K-Means,3,84,42,14,-22.980287150729197,-43.196074755058248,True,False,277
projected_partition_angular,main,K-Means,3,84,42,15,-22.665932657658519,-43.62481047838989,True,False,35
projected_partition_angular,main,K-Means,3,84,42,16,-22.873119022326325,-43.266983439641628,True,False,106
projected_partition_angular,main,K-Means,3,84,42,17,-22.470849051492323,-42.657121037845286,True,False,19
projected_partition_angular,main,K-Means,3,84,42,18,-22.904309878195964,-43.584265918465881,True,False,158
projected_partition_angular,main,K-Means,3,84,42,19,-22.962127558333844,-43.337789515035517,True,False,79
projected_partition_angular,main,K-Means,3,84,42,20,-22.779944936713967,-43.426342228850167,True,False,75
projected_partition_angular,main,K-Means,3,84,42,21,-22.640956418816014,-43.056502830846561,True,False,42
projected_partition_angular,main,K-Means,3,84,42,22,-22.931000777454166,-42.903551822359574,True,False,45
projected_partition_angular,main,K-Means,3,84,42,23,-22.484839778930247,-43.16235784831072,True,False,47
projected_partition_angular,main,K-Means,3,84,42,24,-22.922879003461318,-43.243880029009162,True,False,506
projected_partition_angular,main,K-Means,3,84,42,25,-22.886876156007695,-43.829496204168073,True,False,11
projected_partition_angular,main,K-Means,3,84,42,26,-22.806662142475478,-43.193910955041872,True,False,147
projected_partition_angular,main,K-Means,3,84,42,27,-22.774727500000949,-43.395234685742608,True,False,37
projected_partition_angular,main,K-Means,3,84,42,28,-22.944334184322003,-43.028595531015718,True,False,79
projected_partition_angular,main,K-Means,3,84,42,29,-22.802471047525902,-43.021991184556057,True,False,42
projected_partition_angular,main,K-Means,3,84,42,30,-22.768238047172815,-43.30335778551661,True,False,98
projected_partition_angular,main,K-Means,3,84,42,31,-23.015481248595936,-43.464565167582968,True,False,204
projected_partition_angular,main,K-Means,3,84,42,32,-22.315317106395469,-43.111603423405157,True,False,15
projected_partition_angular,main,K-Means,3,84,42,33,-22.535821878156181,-42.991303854384803,True,False,21
projected_partition_angular,main,K-Means,3,84,42,34,-22.744642968918434,-42.864323431702623,True,False,47
projected_partition_angular,main,K-Means,3,84,42,35,-22.926530140844662,-43.377663766952132,True,False,292
projected_partition_angular,main,K-Means,3,84,42,36,-23.005012045118427,-43.333698505060909,True,False,228
projected_partition_angular,main,K-Means,3,84,42,37,-22.632356063511736,-43.286060282047195,True,False,57
projected_partition_angular,main,K-Means,3,84,42,38,-22.918012945849114,-43.677054351447829,True,False,121
projected_partition_angular,main,K-Means,3,84,42,39,-22.89148474806931,-43.296621950494036,True,False,133
projected_partition_angular,main,K-Means,3,84,42,40,-22.807342096925872,-43.61860317094785,True,False,26
projected_partition_angular,main,K-Means,3,84,42,41,-22.959097481442793,-43.184163747284352,True,False,410
projected_partition_angular,main,K-Means,3,84,42,42,-22.703803422832252,-43.450348646258554,True,False,63
projected_partition_angular,main,K-Means,3,84,42,43,-22.719509741634184,-43.558721511730631,True,False,65
projected_partition_angular,main,K-Means,3,84,42,44,-22.96348898327469,-43.210957927630147,True,False,132
projected_partition_angular,main,K-Means,3,84,42,45,-22.748847926440718,-43.450208480132062,True,False,209
projected_partition_angular,main,K-Means,3,84,42,46,-22.911962873963198,-43.626176104913498,True,False,105
projected_partition_angular,main,K-Means,3,84,42,47,-22.876089218875727,-43.007379420382229,True,False,57
projected_partition_angular,main,K-Means,3,84,42,48,-22.938020309052803,-43.339475754215961,True,False,164
projected_partition_angular,main,K-Means,3,84,42,49,-22.83833565455587,-43.319035358791915,True,False,207
projected_partition_angular,main,K-Means,3,84,42,50,-22.711927870432564,-42.63004113951235,True,False,27
projected_partition_angular,main,K-Means,3,84,42,51,-22.854501896332419,-43.36995236271239,True,False,131
projected_partition_angular,main,K-Means,3,84,42,52,-22.61483382699214,-43.705683375748585,True,False,35
projected_partition_angular,main,K-Means,3,84,42,53,-22.965542428723854,-43.388670665927215,True,False,166
projected_partition_angular,main,K-Means,3,84,42,54,-22.900742627193644,-43.05905218342383,True,False,69
projected_partition_angular,main,K-Means,3,84,42,55,-22.412386177074982,-43.135838611509072,True,False,46
projected_partition_angular,main,K-Means,3,84,42,56,-22.872349482411632,-43.473185756381817,True,False,144
projected_partition_angular,main,K-Means,3,84,42,57,-22.966908637988595,-43.614203461237025,True,False,61
projected_partition_angular,main,K-Means,3,84,42,58,-22.912308534388472,-43.22282685729332,True,False,353
projected_partition_angular,main,K-Means,3,84,42,59,-22.866455816256806,-43.773656206532017,True,False,35
projected_partition_angular,main,K-Means,3,84,42,60,-22.808689507190255,-42.955702818980299,True,False,49
projected_partition_angular,main,K-Means,3,84,42,61,-22.945434263478099,-43.066365234354869,True,False,56
projected_partition_angular,main,K-Means,3,84,42,62,-22.983373807447201,-43.234120757417031,True,False,240
projected_partition_angular,main,K-Means,3,84,42,63,-22.951099580914875,-42.962402082365948,True,False,26
projected_partition_angular,main,K-Means,3,84,42,64,-22.815302024060138,-43.414564662051809,True,False,143
projected_partition_angular,main,K-Means,3,84,42,65,-22.740348512916984,-43.702890192907162,True,False,20
projected_partition_angular,main,K-Means,3,84,42,66,-22.726872245993679,-43.328444890876341,True,False,55
projected_partition_angular,main,K-Means,3,84,42,67,-22.790998383785503,-43.364250997836805,True,False,113
projected_partition_angular,main,K-Means,3,84,42,68,-22.874126204046274,-43.094875193431058,True,False,119
projected_partition_angular,main,K-Means,3,84,42,69,-22.880934066885882,-43.571951494337029,True,False,121
projected_partition_angular,main,K-Means,3,84,42,70,-22.905120816600384,-43.177935949685818,True,False,226
projected_partition_angular,main,K-Means,3,84,42,71,-22.917767771141371,-43.548445477491853,True,False,119
projected_partition_angular,main,K-Means,3,84,42,72,-23.004990522576701,-43.547845204575459,True,False,17
projected_partition_angular,main,K-Means,3,84,42,73,-22.683399505429353,-43.268733102737755,True,False,45
projected_partition_angular,main,K-Means,3,84,42,74,-22.879171684526575,-43.329355358124545,True,False,95
projected_partition_angular,main,K-Means,3,84,42,75,-22.738021750477934,-43.393799103036017,True,False,65
projected_partition_angular,main,K-Means,3,84,42,76,-22.826918237360669,-43.004950694232278,True,False,96
projected_partition_angular,main,K-Means,3,84,42,77,-22.615008012221299,-43.177322004759098,True,False,37
projected_partition_angular,main,K-Means,3,84,42,78,-22.983019168342871,-43.459790511043153,True,False,59
projected_partition_angular,main,K-Means,3,84,42,79,-22.823713095841388,-43.043719533859225,True,False,74
projected_partition_angular,main,K-Means,3,84,42,80,-22.936515726597413,-43.181138355192978,True,False,381
projected_partition_angular,main,K-Means,3,84,42,81,-22.90498271092558,-43.280773719041008,True,False,198
projected_partition_angular,main,K-Means,3,84,42,82,-22.680563237028309,-43.141180011289059,True,False,22
projected_partition_angular,main,K-Means,3,84,42,83,-22.844879206709649,-43.265378783980445,True,False,164
projected_partition_angular,main,Ward,10,16,-1,0,-22.785630900033574,-43.375717325875421,True,False,596
projected_partition_angular,main,Ward,10,16,-1,1,-22.91355350594668,-43.598282521982284,True,False,811
projected_partition_angular,main,Ward,10,16,-1,2,-22.739196184621655,-43.478456747335784,True,False,467
projected_partition_angular,main,Ward,10,16,-1,3,-22.689306152461057,-42.766149163734312,True,False,95
projected_partition_angular,main,Ward,10,16,-1,4,-22.862381734242543,-43.294980762010127,True,False,1393
projected_partition_angular,main,Ward,10,16,-1,5,-22.693770918182139,-43.661683592624875,True,False,104
projected_partition_angular,main,Ward,10,16,-1,6,-22.477721676146288,-43.171188651940241,True,False,234
projected_partition_angular,main,Ward,10,16,-1,7,-22.823142474492844,-43.030181699903778,True,False,403
projected_partition_angular,main,Ward,10,16,-1,8,-22.648963332494652,-43.236452534243284,True,False,182
projected_partition_angular,main,Ward,10,16,-1,9,-22.939313876923578,-43.206265931207852,True,False,2660
projected_partition_angular,main,Ward,10,16,-1,10,-22.930565608059606,-42.879336558738764,True,False,131
projected_partition_angular,main,Ward,10,16,-1,11,-22.971312774234274,-43.380342344581841,True,False,1326
projected_partition_angular,main,Ward,10,16,-1,12,-22.871338940979847,-43.787009249444992,True,False,67
projected_partition_angular,main,Ward,10,16,-1,13,-22.605911571929401,-43.03476983869264,True,False,69
projected_partition_angular,main,Ward,10,16,-1,14,-22.876750096761718,-43.451168228904386,True,False,331
projected_partition_angular,main,Ward,10,16,-1,15,-22.90244851180281,-43.084779026532154,True,False,822
projected_partition_angular,main,Ward,5,45,-1,0,-22.656246347439087,-43.27948977364278,True,False,104
projected_partition_angular,main,Ward,5,45,-1,1,-22.877115461373247,-43.278632640408112,True,False,597
projected_partition_angular,main,Ward,5,45,-1,2,-22.876750096761718,-43.451168228904386,True,False,250
projected_partition_angular,main,Ward,5,45,-1,3,-22.82648146772879,-43.052125502793658,True,False,192
projected_partition_angular,main,Ward,5,45,-1,4,-22.38851673346527,-43.12987913902451,True,False,61
projected_partition_angular,main,Ward,5,45,-1,5,-22.860590839388717,-43.33734818526549,True,False,582
projected_partition_angular,main,Ward,5,45,-1,6,-22.926327602083141,-43.183412528920925,True,False,831
projected_partition_angular,main,Ward,5,45,-1,7,-22.921638738430705,-42.826927034912273,True,False,62
projected_partition_angular,main,Ward,5,45,-1,8,-22.749128477164554,-42.873321839684735,True,False,56
projected_partition_angular,main,Ward,5,45,-1,9,-22.712854232902529,-42.650556944283331,True,False,34
projected_partition_angular,main,Ward,5,45,-1,10,-22.752166533684424,-43.453458251151503,True,False,232
projected_partition_angular,main,Ward,5,45,-1,11,-22.640383242325328,-43.665246927069234,True,False,53
projected_partition_angular,main,Ward,5,45,-1,12,-22.972367838634863,-43.629695425569054,True,False,90
projected_partition_angular,main,Ward,5,45,-1,13,-22.938360902665131,-42.925102621798537,True,False,69
projected_partition_angular,main,Ward,5,45,-1,14,-22.625030308414221,-43.196732622244028,True,False,55
projected_partition_angular,main,Ward,5,45,-1,15,-22.900440386853802,-43.596654630324615,True,False,278
projected_partition_angular,main,Ward,5,45,-1,16,-22.835239986174429,-43.399065312356477,True,False,107
projected_partition_angular,main,Ward,5,45,-1,17,-22.896728551848923,-43.545728660250944,True,False,293
projected_partition_angular,main,Ward,5,45,-1,18,-22.730127472336385,-43.33325011382766,True,False,59
projected_partition_angular,main,Ward,5,45,-1,19,-22.805994334793315,-43.618740975954807,True,False,26
projected_partition_angular,main,Ward,5,45,-1,20,-22.742113422587774,-43.397598034355489,True,False,78
projected_partition_angular,main,Ward,5,45,-1,21,-22.509175442062713,-43.185754433950997,True,False,173
projected_partition_angular,main,Ward,5,45,-1,22,-22.744519141766077,-43.518561303617496,True,False,105
projected_partition_angular,main,Ward,5,45,-1,23,-22.633836042236588,-43.055495901078793,True,False,42
projected_partition_angular,main,Ward,5,45,-1,24,-22.972560288767255,-43.20120576687664,True,False,973
projected_partition_angular,main,Ward,5,45,-1,25,-22.871338940979847,-43.787009249444992,True,False,46
projected_partition_angular,main,Ward,5,45,-1,26,-22.768238047172815,-43.30335778551661,True,False,102
projected_partition_angular,main,Ward,5,45,-1,27,-22.948659468379031,-43.374993566177665,True,False,665
projected_partition_angular,main,Ward,5,45,-1,28,-22.816735217202265,-42.9880733213854,True,False,148
projected_partition_angular,main,Ward,5,45,-1,29,-22.897646262280745,-43.104165398199129,True,False,641
projected_partition_angular,main,Ward,5,45,-1,30,-22.996363513578345,-43.324883091353684,True,False,311
projected_partition_angular,main,Ward,5,45,-1,31,-23.008198880782512,-43.463494046914349,True,False,396
projected_partition_angular,main,Ward,5,45,-1,32,-22.918371676557683,-43.235401516431189,True,False,905
projected_partition_angular,main,Ward,5,45,-1,33,-22.530351240509944,-42.978687552235982,True,False,21
projected_partition_angular,main,Ward,5,45,-1,34,-22.470849051492323,-42.657121037845286,True,False,19
projected_partition_angular,main,Ward,5,45,-1,35,-22.790110516000439,-43.36669649745285,True,False,136
projected_partition_angular,main,Ward,5,45,-1,36,-22.878247334929455,-43.020953377625645,True,False,93
projected_partition_angular,main,Ward,5,45,-1,37,-22.918012945849114,-43.677054351447829,True,False,163
projected_partition_angular,main,Ward,5,45,-1,38,-22.680563237028309,-43.141180011289059,True,False,22
projected_partition_angular,main,Ward,5,45,-1,39,-22.94479051345342,-43.044262963511954,True,False,137
projected_partition_angular,main,Ward,5,45,-1,40,-22.794057193146486,-43.421643197817986,True,False,173
projected_partition_angular,main,Ward,5,45,-1,41,-22.806662142475478,-43.193910955041872,True,False,147
projected_partition_angular,main,Ward,5,45,-1,42,-22.713606727460224,-43.563860446063487,True,False,67
projected_partition_angular,main,Ward,5,45,-1,43,-22.740348512916984,-43.702890192907162,True,False,20
projected_partition_angular,main,Ward,5,45,-1,44,-22.710066321119335,-43.453021475104904,True,False,77
projected_partition_angular,main,Ward,3,88,-1,0,-22.743473176944697,-42.857793862639475,True,False,42
projected_partition_angular,main,Ward,3,88,-1,1,-22.864797782192799,-43.002846792323346,True,False,64
projected_partition_angular,main,Ward,3,88,-1,2,-22.897268845619756,-43.286535420584947,True,False,366
projected_partition_angular,main,Ward,3,88,-1,3,-22.920741172948219,-42.831043523869667,True,False,60
projected_partition_angular,main,Ward,3,88,-1,4,-22.872349482411632,-43.473185756381817,True,False,147
projected_partition_angular,main,Ward,3,88,-1,5,-22.849509127480861,-43.267807322656424,True,False,215
projected_partition_angular,main,Ward,3,88,-1,6,-22.683612414435167,-43.272673095558098,True,False,45
projected_partition_angular,main,Ward,3,88,-1,7,-22.624109639675027,-43.690481055374008,True,False,49
projected_partition_angular,main,Ward,3,88,-1,8,-22.793396405716983,-43.37355572401853,True,False,95
projected_partition_angular,main,Ward,3,88,-1,9,-22.794057193146486,-43.421643197817986,True,False,133
projected_partition_angular,main,Ward,3,88,-1,10,-22.984621896598497,-43.304389429935426,True,False,51
projected_partition_angular,main,Ward,3,88,-1,11,-22.880343939757712,-43.35087161145993,True,False,280
projected_partition_angular,main,Ward,3,88,-1,12,-22.768238047172815,-43.30335778551661,True,False,93
projected_partition_angular,main,Ward,3,88,-1,13,-22.64654045037916,-43.055433287667533,True,False,38
projected_partition_angular,main,Ward,3,88,-1,14,-22.752923689108346,-43.444934496098981,True,False,159
projected_partition_angular,main,Ward,3,88,-1,15,-22.42005740210417,-43.141178883214565,True,False,36
projected_partition_angular,main,Ward,3,88,-1,16,-22.361649528364033,-43.122806236434656,True,False,20
projected_partition_angular,main,Ward,3,88,-1,17,-22.887100005031357,-43.110091710265905,True,False,261
projected_partition_angular,main,Ward,3,88,-1,18,-22.680563237028309,-43.141180011289059,True,False,22
projected_partition_angular,main,Ward,3,88,-1,19,-22.618128525599097,-43.180181240546233,True,False,37
projected_partition_angular,main,Ward,3,88,-1,20,-22.742113422587774,-43.397598034355489,True,False,68
projected_partition_angular,main,Ward,3,88,-1,21,-22.758517287595552,-43.518212809544309,True,False,54
projected_partition_angular,main,Ward,3,88,-1,22,-22.921414675780703,-43.234606631573726,True,False,738
projected_partition_angular,main,Ward,3,88,-1,23,-22.726593790538686,-43.324683396581491,True,False,45
projected_partition_angular,main,Ward,3,88,-1,24,-22.866455816256806,-43.773656206532017,True,False,35
projected_partition_angular,main,Ward,3,88,-1,25,-22.817854374588961,-43.02760750629718,True,False,93
projected_partition_angular,main,Ward,3,88,-1,26,-22.515764701238233,-43.193549637703789,True,False,126
projected_partition_angular,main,Ward,3,88,-1,27,-22.982014002085783,-43.640255287927204,True,False,30
projected_partition_angular,main,Ward,3,88,-1,28,-22.876764147264918,-43.543065318074198,True,False,134
projected_partition_angular,main,Ward,3,88,-1,29,-22.915919142301757,-43.548288772110745,True,False,119
projected_partition_angular,main,Ward,3,88,-1,30,-22.924647384504901,-43.37729918704423,True,False,270
projected_partition_angular,main,Ward,3,88,-1,31,-22.823426641457594,-42.959221294111622,True,False,30
projected_partition_angular,main,Ward,3,88,-1,32,-22.977150912002386,-43.22522394128211,True,False,360
projected_partition_angular,main,Ward,3,88,-1,33,-22.686318628123189,-43.454556842241537,True,False,20
projected_partition_angular,main,Ward,3,88,-1,34,-22.940567353195906,-43.342607415811742,True,False,296
projected_partition_angular,main,Ward,3,88,-1,35,-22.908817557884696,-43.183925807624917,True,False,405
projected_partition_angular,main,Ward,3,88,-1,36,-22.834676738556421,-43.31491303874175,True,False,242
projected_partition_angular,main,Ward,3,88,-1,37,-22.918012945849114,-43.677054351447829,True,False,121
projected_partition_angular,main,Ward,3,88,-1,38,-22.814256911922516,-42.998759257412729,True,False,73
projected_partition_angular,main,Ward,3,88,-1,39,-22.94479051345342,-43.044262963511954,True,False,135
projected_partition_angular,main,Ward,3,88,-1,40,-22.953415567921823,-43.59719047904192,True,False,48
projected_partition_angular,main,Ward,3,88,-1,41,-22.896786289545755,-43.241039998737726,True,False,149
projected_partition_angular,main,Ward,3,88,-1,42,-22.713606727460224,-43.563860446063487,True,False,49
projected_partition_angular,main,Ward,3,88,-1,43,-22.740348512916984,-43.702890192907162,True,False,20
projected_partition_angular,main,Ward,3,88,-1,44,-22.825513236238471,-43.057877859444183,True,False,63
projected_partition_angular,main,Ward,3,88,-1,45,-22.602759574173632,-43.300352699629869,True,False,20
projected_partition_angular,main,Ward,3,88,-1,46,-22.88221292836872,-43.42383612582892,True,False,103
projected_partition_angular,main,Ward,3,88,-1,47,-22.884268143158806,-43.623894386849798,True,False,26
projected_partition_angular,main,Ward,3,88,-1,48,-22.919102878107278,-42.925129920523744,True,False,23
projected_partition_angular,main,Ward,3,88,-1,49,-22.811564417819163,-43.586841989644981,True,False,13
projected_partition_angular,main,Ward,3,88,-1,50,-22.268892739670068,-43.076812591215528,True,False,5
projected_partition_angular,main,Ward,3,88,-1,51,-22.678354981842698,-43.606367294358101,True,False,21
projected_partition_angular,main,Ward,3,88,-1,52,-22.970429462021304,-43.190057265727511,True,False,512
projected_partition_angular,main,Ward,3,88,-1,53,-22.766094377824121,-42.919905770820542,True,False,14
projected_partition_angular,main,Ward,3,88,-1,54,-22.948565702905171,-42.703432366189951,True,False,2
projected_partition_angular,main,Ward,3,88,-1,55,-22.603679160438642,-42.740739684326293,True,False,1
projected_partition_angular,main,Ward,3,88,-1,56,-22.573490103559394,-43.055793314782285,True,False,8
projected_partition_angular,main,Ward,3,88,-1,57,-22.940259204709282,-43.183004146460007,True,False,556
projected_partition_angular,main,Ward,3,88,-1,58,-22.895327245032156,-43.582795704781148,True,False,225
projected_partition_angular,main,Ward,3,88,-1,59,-22.639178963185213,-43.230662954724487,True,False,24
projected_partition_angular,main,Ward,3,88,-1,60,-22.82288096978629,-43.408154842519224,True,False,76
projected_partition_angular,main,Ward,3,88,-1,61,-22.953190794210705,-42.964267757317188,True,False,24
projected_partition_angular,main,Ward,3,88,-1,62,-22.749907479796651,-43.478889782619682,True,False,61
projected_partition_angular,main,Ward,3,88,-1,63,-23.008198880782512,-43.463494046914349,True,False,263
projected_partition_angular,main,Ward,3,88,-1,64,-22.979971085586023,-43.395271814020276,True,False,267
projected_partition_angular,main,Ward,3,88,-1,65,-22.800852719692529,-43.648186194086961,True,False,13
projected_partition_angular,main,Ward,3,88,-1,66,-22.711927870432564,-42.63004113951235,True,False,27
projected_partition_angular,main,Ward,3,88,-1,67,-22.886876156007695,-43.829496204168073,True,False,11
projected_partition_angular,main,Ward,3,88,-1,68,-22.530351240509944,-42.978687552235982,True,False,17
projected_partition_angular,main,Ward,3,88,-1,69,-22.470849051492323,-42.657121037845286,True,False,19
projected_partition_angular,main,Ward,3,88,-1,70,-22.97393304015122,-43.692431028413075,True,False,42
projected_partition_angular,main,Ward,3,88,-1,71,-23.004651713799412,-43.339349205295981,True,False,187
projected_partition_angular,main,Ward,3,88,-1,72,-22.89145235034362,-43.038730752286071,True,False,45
projected_partition_angular,main,Ward,3,88,-1,73,-22.483194934456399,-43.15501905915427,True,False,47
projected_partition_angular,main,Ward,3,88,-1,74,-22.920530355077055,-43.626816463503133,True,False,79
projected_partition_angular,main,Ward,3,88,-1,75,-22.845737523055476,-43.342433976961182,True,False,66
projected_partition_angular,main,Ward,3,88,-1,76,-22.721819445826387,-43.519126429141586,True,False,44
projected_partition_angular,main,Ward,3,88,-1,77,-22.853303163972491,-43.385780614426317,True,False,95
projected_partition_angular,main,Ward,3,88,-1,78,-22.647715836453543,-43.277306213199722,True,False,37
projected_partition_angular,main,Ward,3,88,-1,79,-22.904889875812568,-43.100094957542744,True,False,380
projected_partition_angular,main,Ward,3,88,-1,80,-22.717726867247123,-43.452526195383406,True,False,81
projected_partition_angular,main,Ward,3,88,-1,81,-22.739403387055354,-43.355737746598876,True,False,20
projected_partition_angular,main,Ward,3,88,-1,82,-22.735218709428018,-42.727847609078914,True,False,6
projected_partition_angular,main,Ward,3,88,-1,83,-22.780551564097809,-43.346742383807211,True,False,42
projected_partition_angular,main,Ward,3,88,-1,84,-22.806662142475478,-43.193910955041872,True,False,147
projected_partition_angular,main,Ward,3,88,-1,85,-22.838701490817648,-43.078612137150841,True,False,65
projected_partition_angular,main,Ward,3,88,-1,86,-22.941986617987499,-42.885911325001551,True,False,24
projected_partition_angular,main,Ward,3,88,-1,87,-23.004990522576701,-43.547845204575459,True,False,17
J_all828,main,P-Median,10,19,-1,0,-22.886545226178828,-43.281578990708248,True,False,596
J_all828,main,P-Median,10,19,-1,1,-22.898539335408451,-43.565421405163477,True,False,646
J_all828,main,P-Median,10,19,-1,2,-22.928999413639037,-43.18145032839962,True,False,814
J_all828,main,P-Median,10,19,-1,3,-22.508131637080279,-43.181414687516991,True,False,259
J_all828,main,P-Median,10,19,-1,4,-22.903244816618852,-43.107023598220486,True,False,820
J_all828,main,P-Median,10,19,-1,5,-22.920002522357752,-43.369575407350602,True,False,1060
J_all828,main,P-Median,10,19,-1,6,-22.758405694137402,-43.442957719272016,True,False,686
J_all828,main,P-Median,10,19,-1,7,-22.936255491866653,-43.661399065747545,True,False,332
J_all828,main,P-Median,10,19,-1,8,-22.827726551017101,-43.028899045397068,True,False,391
J_all828,main,P-Median,10,19,-1,9,-22.82666297562433,-43.322531463488403,True,False,685
J_all828,main,P-Median,10,19,-1,10,-22.975419252327107,-43.192633652194793,True,False,1002
J_all828,main,P-Median,10,19,-1,11,-23.012986504226461,-43.46551954103294,True,False,396
J_all828,main,P-Median,10,19,-1,12,-22.916792143186889,-43.231550399129098,True,False,885
J_all828,main,P-Median,10,19,-1,13,-22.709506815061729,-43.580279131181264,True,False,203
J_all828,main,P-Median,10,19,-1,14,-23.003656668383979,-43.340758853213849,True,False,282
J_all828,main,P-Median,10,19,-1,15,-22.809517664348768,-43.200203165434935,True,False,168
J_all828,main,P-Median,10,19,-1,16,-22.735331489397929,-42.838837742593363,True,False,113
J_all828,main,P-Median,10,19,-1,17,-22.649550626444302,-43.230341289921753,True,False,220
J_all828,main,P-Median,10,19,-1,18,-22.934648949993939,-42.882280441873341,True,False,133
J_all828,main,P-Median,5,47,-1,0,-22.900247004009792,-43.286209546514357,True,False,379
J_all828,main,P-Median,5,47,-1,1,-22.916244564738715,-43.217950335265293,True,False,382
J_all828,main,P-Median,5,47,-1,2,-22.936153909752679,-43.181832267833023,True,False,377
J_all828,main,P-Median,5,47,-1,3,-22.508131637080279,-43.181414687516991,True,False,173
J_all828,main,P-Median,5,47,-1,4,-22.879226893202649,-43.091571865721441,True,False,172
J_all828,main,P-Median,5,47,-1,5,-22.934576022997884,-43.375788413326823,True,False,308
J_all828,main,P-Median,5,47,-1,6,-22.745675146224823,-43.443888027884469,True,False,317
J_all828,main,P-Median,5,47,-1,7,-22.926684023236461,-43.629330310698393,True,False,160
J_all828,main,P-Median,5,47,-1,8,-22.829351276710405,-43.01399541493803,True,False,252
J_all828,main,P-Median,5,47,-1,9,-22.837911776525178,-43.322271046058205,True,False,304
J_all828,main,P-Median,5,47,-1,10,-22.888368672611158,-43.580909494482988,True,False,266
J_all828,main,P-Median,5,47,-1,11,-23.012986504226461,-43.46551954103294,True,False,280
J_all828,main,P-Median,5,47,-1,12,-22.980184787318848,-43.194590667739973,True,False,329
J_all828,main,P-Median,5,47,-1,13,-22.717690365076312,-43.56406590011273,True,False,90
J_all828,main,P-Median,5,47,-1,14,-23.003656668383979,-43.340758853213849,True,False,228
J_all828,main,P-Median,5,47,-1,15,-22.809517664348768,-43.200203165434935,True,False,147
J_all828,main,P-Median,5,47,-1,16,-22.711927870432564,-42.63004113951235,True,False,34
J_all828,main,P-Median,5,47,-1,17,-22.652696249418973,-43.276125649861299,True,False,109
J_all828,main,P-Median,5,47,-1,18,-22.923453985690251,-42.857602477494893,True,False,109
J_all828,main,P-Median,5,47,-1,19,-22.882876782615799,-43.364174483570487,True,False,377
J_all828,main,P-Median,5,47,-1,20,-22.906619343447986,-43.552249859606512,True,False,242
J_all828,main,P-Median,5,47,-1,21,-22.903244816618852,-43.107023598220486,True,False,508
J_all828,main,P-Median,5,47,-1,22,-22.805706631753832,-43.423079052406642,True,False,193
J_all828,main,P-Median,5,47,-1,23,-22.651419516496585,-43.066557876304017,True,False,48
J_all828,main,P-Median,5,47,-1,24,-22.947654432561997,-43.03365087049761,True,False,173
J_all828,main,P-Median,5,47,-1,25,-22.87922054417216,-43.459310464937992,True,False,235
J_all828,main,P-Median,5,47,-1,26,-22.755338688692213,-43.308531682770784,True,False,157
J_all828,main,P-Median,5,47,-1,27,-22.969148201152677,-43.383065237968161,True,False,151
J_all828,main,P-Median,5,47,-1,28,-22.408608081087024,-43.13140914649253,True,False,61
J_all828,main,P-Median,5,47,-1,29,-22.61483382699214,-43.705683375748585,True,False,49
J_all828,main,P-Median,5,47,-1,30,-22.850770856036998,-43.270521523602078,True,False,261
J_all828,main,P-Median,5,47,-1,31,-22.905696239420447,-43.179258208124025,True,False,330
J_all828,main,P-Median,5,47,-1,32,-22.868670153263292,-43.780139527800472,True,False,46
J_all828,main,P-Median,5,47,-1,33,-22.750196280856521,-42.871877166032107,True,False,56
J_all828,main,P-Median,5,47,-1,34,-22.827481947170185,-43.069815234475598,True,False,128
J_all828,main,P-Median,5,47,-1,35,-22.98284371340203,-43.224740007201753,True,False,314
J_all828,main,P-Median,5,47,-1,36,-22.943384670900659,-43.334379195440683,True,False,242
J_all828,main,P-Median,5,47,-1,37,-22.954408685481411,-43.185650031057385,True,False,443
J_all828,main,P-Median,5,47,-1,38,-22.747655366540023,-43.500451999215727,True,False,130
J_all828,main,P-Median,5,47,-1,39,-22.470849051492323,-42.657121037845286,True,False,19
J_all828,main,P-Median,5,47,-1,40,-23.000618991095681,-43.404718284567252,True,False,116
J_all828,main,P-Median,5,47,-1,41,-22.922555910410811,-43.243901231317686,True,False,529
J_all828,main,P-Median,5,47,-1,42,-22.92368923724333,-43.682925923943522,True,False,165
J_all828,main,P-Median,5,47,-1,43,-22.615933155012947,-43.179757198303761,True,False,66
J_all828,main,P-Median,5,47,-1,44,-22.527718078493137,-42.978266279510713,True,False,21
J_all828,main,P-Median,5,47,-1,45,-22.74100679492528,-43.699829819938401,True,False,33
J_all828,main,P-Median,5,47,-1,46,-22.781300436581091,-43.370408438859343,True,False,182
J_all828,main,P-Median,3,89,-1,0,-22.896463187772799,-43.27217170225893,True,False,159
J_all828,main,P-Median,3,89,-1,1,-22.870856012007138,-43.543848748962922,True,False,95
J_all828,main,P-Median,3,89,-1,2,-22.893701145563103,-43.120417849276677,True,False,150
J_all828,main,P-Median,3,89,-1,3,-22.90630099451813,-43.105973880660926,True,False,350
J_all828,main,P-Median,3,89,-1,4,-22.879226893202649,-43.091571865721441,True,False,119
J_all828,main,P-Median,3,89,-1,5,-22.954278207609654,-42.967118947552237,True,False,24
J_all828,main,P-Median,3,89,-1,6,-22.475562635890437,-43.148370152985294,True,False,31
J_all828,main,P-Median,3,89,-1,7,-22.922380751135307,-43.629510536912335,True,False,72
J_all828,main,P-Median,3,89,-1,8,-22.818906926534805,-42.997511962391108,True,False,125
J_all828,main,P-Median,3,89,-1,9,-22.82666297562433,-43.322531463488403,True,False,134
J_all828,main,P-Median,3,89,-1,10,-22.965504326975658,-43.215448413220379,True,False,110
J_all828,main,P-Median,3,89,-1,11,-23.012986504226461,-43.46551954103294,True,False,204
J_all828,main,P-Median,3,89,-1,12,-22.701423952234322,-43.15952521180791,True,False,18
J_all828,main,P-Median,3,89,-1,13,-22.717690365076312,-43.56406590011273,True,False,59
J_all828,main,P-Median,3,89,-1,14,-23.003656668383979,-43.340758853213849,True,False,187
J_all828,main,P-Median,3,89,-1,15,-22.809517664348768,-43.200203165434935,True,False,147
J_all828,main,P-Median,3,89,-1,16,-22.711927870432564,-42.63004113951235,True,False,34
J_all828,main,P-Median,3,89,-1,17,-22.524744277401208,-43.211603579902558,True,False,50
J_all828,main,P-Median,3,89,-1,18,-22.934535219557365,-42.911752855372335,True,False,47
J_all828,main,P-Median,3,89,-1,19,-22.781707096310384,-43.42552236371597,True,False,74
J_all828,main,P-Median,3,89,-1,20,-22.898539335408451,-43.565421405163477,True,False,126
J_all828,main,P-Median,3,89,-1,21,-22.926258825257275,-43.231846424609145,True,False,177
J_all828,main,P-Median,3,89,-1,22,-22.816628254842051,-43.416324968037642,True,False,139
J_all828,main,P-Median,3,89,-1,23,-22.651419516496585,-43.066557876304017,True,False,46
J_all828,main,P-Median,3,89,-1,24,-22.947654432561997,-43.03365087049761,True,False,79
J_all828,main,P-Median,3,89,-1,25,-22.676473601000435,-43.257020025423323,True,False,49
J_all828,main,P-Median,3,89,-1,26,-22.764057590112579,-43.300413100636852,True,False,98
J_all828,main,P-Median,3,89,-1,27,-22.969148201152677,-43.383065237968161,True,False,166
J_all828,main,P-Median,3,89,-1,28,-22.408608081087024,-43.13140914649253,True,False,46
J_all828,main,P-Median,3,89,-1,29,-22.61483382699214,-43.705683375748585,True,False,35
J_all828,main,P-Median,3,89,-1,30,-22.842072893003269,-43.265065434319375,True,False,150
J_all828,main,P-Median,3,89,-1,31,-22.905686000249091,-43.177156307060464,True,False,225
J_all828,main,P-Median,3,89,-1,32,-22.868670153263292,-43.780139527800472,True,False,46
J_all828,main,P-Median,3,89,-1,33,-22.750196280856521,-42.871877166032107,True,False,56
J_all828,main,P-Median,3,89,-1,34,-22.827481947170185,-43.069815234475598,True,False,108
J_all828,main,P-Median,3,89,-1,35,-22.98284371340203,-43.224740007201753,True,False,203
J_all828,main,P-Median,3,89,-1,36,-22.943384670900659,-43.334379195440683,True,False,115
J_all828,main,P-Median,3,89,-1,37,-22.953082188232276,-43.189245364906768,True,False,276
J_all828,main,P-Median,3,89,-1,38,-23.010803499326403,-43.309886652481097,True,False,41
J_all828,main,P-Median,3,89,-1,39,-22.470849051492323,-42.657121037845286,True,False,19
J_all828,main,P-Median,3,89,-1,40,-23.000618991095681,-43.404718284567252,True,False,116
J_all828,main,P-Median,3,89,-1,41,-22.922758980989411,-43.246104027508025,True,False,360
J_all828,main,P-Median,3,89,-1,42,-22.919734370551129,-43.67148457968753,True,False,121
J_all828,main,P-Median,3,89,-1,43,-22.615933155012947,-43.179757198303761,True,False,50
J_all828,main,P-Median,3,89,-1,44,-22.883317935180688,-43.319511906680248,True,False,127
J_all828,main,P-Median,3,89,-1,45,-22.74100679492528,-43.699829819938401,True,False,20
J_all828,main,P-Median,3,89,-1,46,-22.790646777654263,-43.375643445446975,True,False,134
J_all828,main,P-Median,3,89,-1,47,-22.980184787318848,-43.194590667739973,True,False,250
J_all828,main,P-Median,3,89,-1,48,-22.527718078493137,-42.978266279510713,True,False,21
J_all828,main,P-Median,3,89,-1,49,-22.979021180890101,-43.690122451652577,True,False,49
J_all828,main,P-Median,3,89,-1,50,-22.914282966536831,-42.834563323886449,True,False,62
J_all828,main,P-Median,3,89,-1,51,-22.896089584185965,-43.598896711909283,True,False,120
J_all828,main,P-Median,3,89,-1,52,-22.902823180776025,-43.050858129377211,True,False,66
J_all828,main,P-Median,3,89,-1,53,-22.718454478738639,-43.453330066166757,True,False,110
J_all828,main,P-Median,3,89,-1,54,-22.919342584449812,-43.215423225025688,True,False,201
J_all828,main,P-Median,3,89,-1,55,-22.876979699775763,-43.425279126762909,True,False,97
J_all828,main,P-Median,3,89,-1,56,-22.964378631240205,-43.611867369266768,True,False,61
J_all828,main,P-Median,3,89,-1,57,-22.906575946931888,-43.288191675905772,True,False,176
J_all828,main,P-Median,3,89,-1,58,-22.99599813649958,-43.261663703422506,True,False,37
J_all828,main,P-Median,3,89,-1,59,-22.927779325237221,-43.554503392883646,True,False,100
J_all828,main,P-Median,3,89,-1,60,-22.855135850026095,-43.363507308428119,True,False,135
J_all828,main,P-Median,3,89,-1,61,-22.918167419985291,-43.386515528441173,True,False,149
J_all828,main,P-Median,3,89,-1,62,-22.965586191842657,-43.184053068618113,True,False,218
J_all828,main,P-Median,3,89,-1,63,-22.508131637080279,-43.181414687516991,True,False,92
J_all828,main,P-Median,3,89,-1,64,-22.741026017626659,-43.390589102875857,True,False,78
J_all828,main,P-Median,3,89,-1,65,-22.819261693552441,-43.034765203493123,True,False,78
J_all828,main,P-Median,3,89,-1,66,-22.984082408782115,-43.448890199194111,True,False,59
J_all828,main,P-Median,3,89,-1,67,-22.940616864219159,-43.065454011123407,True,False,56
J_all828,main,P-Median,3,89,-1,68,-22.877775179542617,-43.577710512897831,True,False,85
J_all828,main,P-Median,3,89,-1,69,-22.644539050348147,-43.278601939181407,True,False,60
J_all828,main,P-Median,3,89,-1,70,-22.755876522336781,-43.450113091196819,True,False,173
J_all828,main,P-Median,3,89,-1,71,-22.753658680279631,-43.505682099994011,True,False,86
J_all828,main,P-Median,3,89,-1,72,-22.866391297064204,-43.271588010936242,True,False,121
J_all828,main,P-Median,3,89,-1,73,-22.846064764028309,-43.310535362275189,True,False,122
J_all828,main,P-Median,3,89,-1,74,-22.867825487785609,-43.002749069555286,True,False,78
J_all828,main,P-Median,3,89,-1,75,-22.893703236582244,-43.231517621190036,True,False,90
J_all828,main,P-Median,3,89,-1,76,-22.966192360899608,-43.330734513875441,True,False,54
J_all828,main,P-Median,3,89,-1,77,-22.912857010734331,-43.188349118437991,True,False,176
J_all828,main,P-Median,3,89,-1,78,-22.669510518389892,-43.614525479906831,True,False,35
J_all828,main,P-Median,3,89,-1,79,-22.936910913712651,-43.360973350350811,True,False,217
J_all828,main,P-Median,3,89,-1,80,-22.895126173289949,-43.357502145957,True,False,91
J_all828,main,P-Median,3,89,-1,81,-22.716288877191023,-43.51530571258531,True,False,34
J_all828,main,P-Median,3,89,-1,82,-22.868363814263653,-43.469232167950608,True,False,147
J_all828,main,P-Median,3,89,-1,83,-22.72351123290818,-43.321486428837893,True,False,59
J_all828,main,P-Median,3,89,-1,84,-23.004990522576701,-43.547845204575459,True,False,17
J_all828,main,P-Median,3,89,-1,85,-22.936153909752679,-43.181832267833023,True,False,346
J_all828,main,P-Median,3,89,-1,86,-22.882876782615799,-43.364174483570487,True,False,132
J_all828,main,P-Median,3,89,-1,87,-22.807910816253671,-43.644304412473865,True,False,21
J_all828,main,P-Median,3,89,-1,88,-22.338529289758171,-43.128998839499978,True,False,15
J_all828,main,MCLP,10,12,-1,0,-22.918636000417841,-43.25724486396328,True,False,3279
J_all828,main,MCLP,10,12,-1,1,-22.853879739168629,-43.396809432222291,True,False,1001
J_all828,main,MCLP,10,12,-1,2,-22.896323056633179,-43.038457727277269,True,False,1137
J_all828,main,MCLP,10,12,-1,3,-23.000618991095681,-43.404718284567252,True,False,989
J_all828,main,MCLP,10,12,-1,4,-22.908445285088447,-43.60810021286953,True,False,904
J_all828,main,MCLP,10,12,-1,5,-22.744030405639823,-43.386861622763917,True,False,620
J_all828,main,MCLP,10,12,-1,6,-22.475562635890437,-43.148370152985294,True,False,259
J_all828,main,MCLP,10,12,-1,7,-22.833834004293301,-43.248856689738808,False,True,666
J_all828,main,MCLP,10,12,-1,8,-22.720466020617074,-43.556797259760771,True,False,299
J_all828,main,MCLP,10,12,-1,9,-22.649550626444302,-43.230341289921753,True,False,216
J_all828,main,MCLP,10,12,-1,10,-22.926107752919268,-42.898503563712787,True,False,131
J_all828,main,MCLP,10,12,-1,11,-22.77209935726771,-42.922643079861238,True,False,190
J_all828,main,MCLP,5,32,-1,0,-22.93845834691675,-43.196368076205502,True,False,1860
J_all828,main,MCLP,5,32,-1,1,-22.886593254313329,-43.267834200698552,True,False,727
J_all828,main,MCLP,5,32,-1,2,-22.936910913712651,-43.360973350350811,True,False,384
J_all828,main,MCLP,5,32,-1,3,-22.879226893202649,-43.091571865721441,True,False,700
J_all828,main,MCLP,5,32,-1,4,-22.85332826176321,-43.328228062631148,True,False,488
J_all828,main,MCLP,5,32,-1,5,-22.906374170614946,-43.566410061329776,True,False,423
J_all828,main,MCLP,5,32,-1,6,-22.773281327423419,-43.417817145369007,True,False,289
J_all828,main,MCLP,5,32,-1,7,-22.97841522971715,-43.237729192717843,True,False,494
J_all828,main,MCLP,5,32,-1,8,-22.984082408782115,-43.448890199194111,True,False,379
J_all828,main,MCLP,5,32,-1,9,-22.819261693552441,-43.034765203493123,True,False,206
J_all828,main,MCLP,5,32,-1,10,-22.86435505255422,-43.434757144170185,True,False,212
J_all828,main,MCLP,5,32,-1,11,-22.986105098852665,-43.311520670632312,True,False,282
J_all828,main,MCLP,5,32,-1,12,-22.733144913944965,-43.47564299726109,True,False,274
J_all828,main,MCLP,5,32,-1,13,-22.913149027532867,-43.653569673637492,True,False,229
J_all828,main,MCLP,5,32,-1,14,-22.510230788197468,-43.175443874455112,True,False,192
J_all828,main,MCLP,5,32,-1,15,-22.749595823587462,-43.316204756652816,True,False,178
J_all828,main,MCLP,5,32,-1,16,-22.809517664348768,-43.200203165434935,True,False,147
J_all828,main,MCLP,5,32,-1,17,-22.947654432561997,-43.03365087049761,True,False,142
J_all828,main,MCLP,5,32,-1,18,-22.645303761933238,-43.262033726166649,True,False,119
J_all828,main,MCLP,5,32,-1,19,-22.735694400435161,-43.542197211853576,True,False,228
J_all828,main,MCLP,5,32,-1,20,-22.860376601769168,-43.255669827757202,True,False,236
J_all828,main,MCLP,5,32,-1,21,-22.816850689474528,-43.374314532417216,True,False,215
J_all828,main,MCLP,5,32,-1,22,-22.972563998366837,-43.642950470314368,True,False,115
J_all828,main,MCLP,5,32,-1,23,-22.885872200386764,-43.513728918040449,True,False,152
J_all828,main,MCLP,5,32,-1,24,-22.923453985690251,-42.857602477494893,True,False,86
J_all828,main,MCLP,5,32,-1,25,-22.923355641776094,-43.383046917508274,True,False,404
J_all828,main,MCLP,5,32,-1,26,-22.839067007882178,-42.98789279135017,True,False,154
J_all828,main,MCLP,5,32,-1,27,-22.754117583287929,-42.888835530246112,True,False,109
J_all828,main,MCLP,5,32,-1,28,-22.92600502136488,-42.940013982950965,True,False,54
J_all828,main,MCLP,5,32,-1,29,-22.638554401976752,-43.160001845625231,True,False,104
J_all828,main,MCLP,5,32,-1,30,-22.408608081087024,-43.13140914649253,True,False,63
J_all828,main,MCLP,5,32,-1,31,-22.876635031970025,-43.809851266981823,True,False,46
J_all828,main,MCLP,3,64,-1,0,-22.954408685481411,-43.185650031057385,True,False,942
J_all828,main,MCLP,3,64,-1,1,-22.916792143186889,-43.231550399129098,True,False,848
J_all828,main,MCLP,3,64,-1,2,-22.885934196316509,-43.110654370820299,True,False,552
J_all828,main,MCLP,3,64,-1,3,-22.98210232841188,-43.220133149701809,True,False,457
J_all828,main,MCLP,3,64,-1,4,-22.89945802156581,-43.197084522165021,True,False,416
J_all828,main,MCLP,3,64,-1,5,-22.920928532759326,-43.358465481509597,True,False,296
J_all828,main,MCLP,3,64,-1,6,-22.886580416060379,-43.2773189390998,True,False,217
J_all828,main,MCLP,3,64,-1,7,-22.84373140637614,-43.302426725826379,True,False,204
J_all828,main,MCLP,3,64,-1,8,-22.896407842881192,-43.577510013811043,True,False,254
J_all828,main,MCLP,3,64,-1,9,-22.870448202643569,-43.342965268163042,True,False,277
J_all828,main,MCLP,3,64,-1,10,-22.751111606071024,-43.460118964769471,True,False,225
J_all828,main,MCLP,3,64,-1,11,-23.001267617010637,-43.335598837067202,True,False,222
J_all828,main,MCLP,3,64,-1,12,-22.949418433889697,-43.38717689639774,True,False,227
J_all828,main,MCLP,3,64,-1,13,-23.012986504226461,-43.46551954103294,True,False,204
J_all828,main,MCLP,3,64,-1,14,-22.791786349943763,-43.415893666473487,True,False,191
J_all828,main,MCLP,3,64,-1,15,-22.829351276710405,-43.01399541493803,True,False,139
J_all828,main,MCLP,3,64,-1,16,-22.871019283986563,-43.458514428725749,True,False,93
J_all828,main,MCLP,3,64,-1,17,-22.966192360899608,-43.330734513875441,True,False,153
J_all828,main,MCLP,3,64,-1,18,-22.798115581439351,-43.195697722709411,True,False,147
J_all828,main,MCLP,3,64,-1,19,-22.848256572311051,-43.256133443686423,True,False,172
J_all828,main,MCLP,3,64,-1,20,-22.941155596656401,-43.043134176624925,True,False,135
J_all828,main,MCLP,3,64,-1,21,-22.913149027532867,-43.653569673637492,True,False,121
J_all828,main,MCLP,3,64,-1,22,-23.000618991095681,-43.404718284567252,True,False,116
J_all828,main,MCLP,3,64,-1,23,-22.877515295743311,-43.530293480753762,True,False,121
J_all828,main,MCLP,3,64,-1,24,-22.840098124434224,-43.067783333874118,True,False,123
J_all828,main,MCLP,3,64,-1,25,-22.78315358395092,-43.359790035626119,True,False,114
J_all828,main,MCLP,3,64,-1,26,-22.508131637080279,-43.181414687516991,True,False,92
J_all828,main,MCLP,3,64,-1,27,-22.839960552960555,-43.377039105722908,True,False,123
J_all828,main,MCLP,3,64,-1,28,-22.755338688692213,-43.308531682770784,True,False,103
J_all828,main,MCLP,3,64,-1,29,-22.901684792085454,-43.068914960888158,True,False,120
J_all828,main,MCLP,3,64,-1,30,-22.748890763540413,-43.402188592951823,True,False,84
J_all828,main,MCLP,3,64,-1,31,-22.927779325237221,-43.554503392883646,True,False,118
J_all828,main,MCLP,3,64,-1,32,-22.878735432655478,-43.415788362287785,True,False,86
J_all828,main,MCLP,3,64,-1,33,-22.750950306589704,-43.510493636195598,True,False,90
J_all828,main,MCLP,3,64,-1,34,-22.70596026208645,-43.444260934796837,True,False,68
J_all828,main,MCLP,3,64,-1,35,-22.906575946931888,-43.288191675905772,True,False,199
J_all828,main,MCLP,3,64,-1,36,-22.670668086334341,-43.262555633319188,True,False,43
J_all828,main,MCLP,3,64,-1,37,-22.927005350316222,-42.8293157127626,True,False,62
J_all828,main,MCLP,3,64,-1,38,-22.721880392950524,-43.56120106689918,True,False,90
J_all828,main,MCLP,3,64,-1,39,-22.885933394996819,-43.011983104667294,True,False,50
J_all828,main,MCLP,3,64,-1,40,-22.973834321262331,-43.681076192478599,True,False,66
J_all828,main,MCLP,3,64,-1,41,-22.91750488776345,-43.69308722014739,True,False,49
J_all828,main,MCLP,3,64,-1,42,-22.888192458215805,-43.624736504286922,True,False,68
J_all828,main,MCLP,3,64,-1,43,-22.984082408782115,-43.448890199194111,True,False,59
J_all828,main,MCLP,3,64,-1,44,-22.916897084840269,-43.402788833135361,True,False,106
J_all828,main,MCLP,3,64,-1,45,-22.966699556811079,-43.601768668742501,True,False,66
J_all828,main,MCLP,3,64,-1,46,-22.531038247576937,-43.212309414991445,True,False,50
J_all828,main,MCLP,3,64,-1,47,-22.820033389763783,-42.969922193443765,True,False,62
J_all828,main,MCLP,3,64,-1,48,-22.71884157108849,-43.335950363135801,True,False,50
J_all828,main,MCLP,3,64,-1,49,-22.862780471644363,-43.785267628191967,True,False,46
J_all828,main,MCLP,3,64,-1,50,-22.61483382699214,-43.705683375748585,True,False,69
J_all828,main,MCLP,3,64,-1,51,-22.742481293107708,-42.857210752586653,True,False,50
J_all828,main,MCLP,3,64,-1,52,-22.615933155012947,-43.179757198303761,True,False,58
J_all828,main,MCLP,3,64,-1,53,-22.408608081087024,-43.13140914649253,True,False,61
J_all828,main,MCLP,3,64,-1,54,-22.648338600540264,-43.058343791785497,True,False,68
J_all828,main,MCLP,3,64,-1,55,-22.880118655848957,-43.483604754804006,True,False,81
J_all828,main,MCLP,3,64,-1,56,-22.946221164792775,-42.886459517240688,True,False,40
J_all828,main,MCLP,3,64,-1,57,-22.99599813649958,-43.261663703422506,True,False,37
J_all828,main,MCLP,3,64,-1,58,-22.711927870432564,-42.63004113951235,True,False,53
J_all828,main,MCLP,3,64,-1,59,-22.811121030063202,-43.326212799077673,True,False,87
J_all828,main,MCLP,3,64,-1,60,-22.954278207609654,-42.967118947552237,True,False,31
J_all828,main,MCLP,3,64,-1,61,-22.645303761933238,-43.262033726166649,True,False,75
J_all828,main,MCLP,3,64,-1,62,-22.796290333508669,-43.045313938554123,True,False,34
J_all828,main,MCLP,3,64,-1,63,-22.475562635890437,-43.148370152985294,True,False,31
J_union825,main,P-Median,10,19,-1,0,-22.886545226178828,-43.281578990708248,True,False,596
J_union825,main,P-Median,10,19,-1,1,-22.898539335408451,-43.565421405163477,True,False,646
J_union825,main,P-Median,10,19,-1,2,-22.928999413639037,-43.18145032839962,True,False,814
J_union825,main,P-Median,10,19,-1,3,-22.508131637080279,-43.181414687516991,True,False,259
J_union825,main,P-Median,10,19,-1,4,-22.903244816618852,-43.107023598220486,True,False,820
J_union825,main,P-Median,10,19,-1,5,-22.920002522357752,-43.369575407350602,True,False,1060
J_union825,main,P-Median,10,19,-1,6,-22.758405694137402,-43.442957719272016,True,False,686
J_union825,main,P-Median,10,19,-1,7,-22.936255491866653,-43.661399065747545,True,False,332
J_union825,main,P-Median,10,19,-1,8,-22.827726551017101,-43.028899045397068,True,False,391
J_union825,main,P-Median,10,19,-1,9,-22.82666297562433,-43.322531463488403,True,False,685
J_union825,main,P-Median,10,19,-1,10,-22.975419252327107,-43.192633652194793,True,False,1002
J_union825,main,P-Median,10,19,-1,11,-23.012986504226461,-43.46551954103294,True,False,396
J_union825,main,P-Median,10,19,-1,12,-22.916792143186889,-43.231550399129098,True,False,885
J_union825,main,P-Median,10,19,-1,13,-22.709506815061729,-43.580279131181264,True,False,203
J_union825,main,P-Median,10,19,-1,14,-23.003656668383979,-43.340758853213849,True,False,282
J_union825,main,P-Median,10,19,-1,15,-22.809517664348768,-43.200203165434935,True,False,168
J_union825,main,P-Median,10,19,-1,16,-22.735331489397929,-42.838837742593363,True,False,113
J_union825,main,P-Median,10,19,-1,17,-22.649550626444302,-43.230341289921753,True,False,220
J_union825,main,P-Median,10,19,-1,18,-22.934648949993939,-42.882280441873341,True,False,133
J_union825,main,P-Median,5,47,-1,0,-22.900247004009792,-43.286209546514357,True,False,379
J_union825,main,P-Median,5,47,-1,1,-22.916244564738715,-43.217950335265293,True,False,382
J_union825,main,P-Median,5,47,-1,2,-22.936153909752679,-43.181832267833023,True,False,377
J_union825,main,P-Median,5,47,-1,3,-22.508131637080279,-43.181414687516991,True,False,173
J_union825,main,P-Median,5,47,-1,4,-22.879226893202649,-43.091571865721441,True,False,172
J_union825,main,P-Median,5,47,-1,5,-22.934576022997884,-43.375788413326823,True,False,308
J_union825,main,P-Median,5,47,-1,6,-22.745675146224823,-43.443888027884469,True,False,317
J_union825,main,P-Median,5,47,-1,7,-22.926684023236461,-43.629330310698393,True,False,160
J_union825,main,P-Median,5,47,-1,8,-22.829351276710405,-43.01399541493803,True,False,252
J_union825,main,P-Median,5,47,-1,9,-22.837911776525178,-43.322271046058205,True,False,304
J_union825,main,P-Median,5,47,-1,10,-22.888368672611158,-43.580909494482988,True,False,266
J_union825,main,P-Median,5,47,-1,11,-23.012986504226461,-43.46551954103294,True,False,280
J_union825,main,P-Median,5,47,-1,12,-22.980184787318848,-43.194590667739973,True,False,329
J_union825,main,P-Median,5,47,-1,13,-22.717690365076312,-43.56406590011273,True,False,90
J_union825,main,P-Median,5,47,-1,14,-23.003656668383979,-43.340758853213849,True,False,228
J_union825,main,P-Median,5,47,-1,15,-22.809517664348768,-43.200203165434935,True,False,147
J_union825,main,P-Median,5,47,-1,16,-22.711927870432564,-42.63004113951235,True,False,34
J_union825,main,P-Median,5,47,-1,17,-22.652696249418973,-43.276125649861299,True,False,109
J_union825,main,P-Median,5,47,-1,18,-22.923453985690251,-42.857602477494893,True,False,109
J_union825,main,P-Median,5,47,-1,19,-22.882876782615799,-43.364174483570487,True,False,377
J_union825,main,P-Median,5,47,-1,20,-22.906619343447986,-43.552249859606512,True,False,242
J_union825,main,P-Median,5,47,-1,21,-22.903244816618852,-43.107023598220486,True,False,508
J_union825,main,P-Median,5,47,-1,22,-22.805706631753832,-43.423079052406642,True,False,193
J_union825,main,P-Median,5,47,-1,23,-22.651419516496585,-43.066557876304017,True,False,48
J_union825,main,P-Median,5,47,-1,24,-22.947654432561997,-43.03365087049761,True,False,173
J_union825,main,P-Median,5,47,-1,25,-22.87922054417216,-43.459310464937992,True,False,235
J_union825,main,P-Median,5,47,-1,26,-22.755338688692213,-43.308531682770784,True,False,157
J_union825,main,P-Median,5,47,-1,27,-22.969148201152677,-43.383065237968161,True,False,151
J_union825,main,P-Median,5,47,-1,28,-22.408608081087024,-43.13140914649253,True,False,61
J_union825,main,P-Median,5,47,-1,29,-22.61483382699214,-43.705683375748585,True,False,49
J_union825,main,P-Median,5,47,-1,30,-22.850770856036998,-43.270521523602078,True,False,261
J_union825,main,P-Median,5,47,-1,31,-22.905696239420447,-43.179258208124025,True,False,330
J_union825,main,P-Median,5,47,-1,32,-22.868670153263292,-43.780139527800472,True,False,46
J_union825,main,P-Median,5,47,-1,33,-22.750196280856521,-42.871877166032107,True,False,56
J_union825,main,P-Median,5,47,-1,34,-22.827481947170185,-43.069815234475598,True,False,128
J_union825,main,P-Median,5,47,-1,35,-22.98284371340203,-43.224740007201753,True,False,314
J_union825,main,P-Median,5,47,-1,36,-22.943384670900659,-43.334379195440683,True,False,242
J_union825,main,P-Median,5,47,-1,37,-22.954408685481411,-43.185650031057385,True,False,443
J_union825,main,P-Median,5,47,-1,38,-22.747655366540023,-43.500451999215727,True,False,130
J_union825,main,P-Median,5,47,-1,39,-22.470849051492323,-42.657121037845286,True,False,19
J_union825,main,P-Median,5,47,-1,40,-23.000618991095681,-43.404718284567252,True,False,116
J_union825,main,P-Median,5,47,-1,41,-22.922555910410811,-43.243901231317686,True,False,529
J_union825,main,P-Median,5,47,-1,42,-22.92368923724333,-43.682925923943522,True,False,165
J_union825,main,P-Median,5,47,-1,43,-22.615933155012947,-43.179757198303761,True,False,66
J_union825,main,P-Median,5,47,-1,44,-22.527718078493137,-42.978266279510713,True,False,21
J_union825,main,P-Median,5,47,-1,45,-22.74100679492528,-43.699829819938401,True,False,33
J_union825,main,P-Median,5,47,-1,46,-22.781300436581091,-43.370408438859343,True,False,182
J_union825,main,P-Median,3,89,-1,0,-22.896463187772799,-43.27217170225893,True,False,159
J_union825,main,P-Median,3,89,-1,1,-22.870856012007138,-43.543848748962922,True,False,95
J_union825,main,P-Median,3,89,-1,2,-22.893701145563103,-43.120417849276677,True,False,150
J_union825,main,P-Median,3,89,-1,3,-22.90630099451813,-43.105973880660926,True,False,350
J_union825,main,P-Median,3,89,-1,4,-22.879226893202649,-43.091571865721441,True,False,119
J_union825,main,P-Median,3,89,-1,5,-22.954278207609654,-42.967118947552237,True,False,24
J_union825,main,P-Median,3,89,-1,6,-22.475562635890437,-43.148370152985294,True,False,31
J_union825,main,P-Median,3,89,-1,7,-22.922380751135307,-43.629510536912335,True,False,72
J_union825,main,P-Median,3,89,-1,8,-22.818906926534805,-42.997511962391108,True,False,125
J_union825,main,P-Median,3,89,-1,9,-22.82666297562433,-43.322531463488403,True,False,134
J_union825,main,P-Median,3,89,-1,10,-22.965504326975658,-43.215448413220379,True,False,110
J_union825,main,P-Median,3,89,-1,11,-23.012986504226461,-43.46551954103294,True,False,204
J_union825,main,P-Median,3,89,-1,12,-22.701423952234322,-43.15952521180791,True,False,18
J_union825,main,P-Median,3,89,-1,13,-22.717690365076312,-43.56406590011273,True,False,59
J_union825,main,P-Median,3,89,-1,14,-23.003656668383979,-43.340758853213849,True,False,187
J_union825,main,P-Median,3,89,-1,15,-22.809517664348768,-43.200203165434935,True,False,147
J_union825,main,P-Median,3,89,-1,16,-22.711927870432564,-42.63004113951235,True,False,34
J_union825,main,P-Median,3,89,-1,17,-22.524744277401208,-43.211603579902558,True,False,50
J_union825,main,P-Median,3,89,-1,18,-22.934535219557365,-42.911752855372335,True,False,47
J_union825,main,P-Median,3,89,-1,19,-22.781707096310384,-43.42552236371597,True,False,74
J_union825,main,P-Median,3,89,-1,20,-22.898539335408451,-43.565421405163477,True,False,126
J_union825,main,P-Median,3,89,-1,21,-22.926258825257275,-43.231846424609145,True,False,177
J_union825,main,P-Median,3,89,-1,22,-22.816628254842051,-43.416324968037642,True,False,139
J_union825,main,P-Median,3,89,-1,23,-22.651419516496585,-43.066557876304017,True,False,46
J_union825,main,P-Median,3,89,-1,24,-22.947654432561997,-43.03365087049761,True,False,79
J_union825,main,P-Median,3,89,-1,25,-22.676473601000435,-43.257020025423323,True,False,49
J_union825,main,P-Median,3,89,-1,26,-22.764057590112579,-43.300413100636852,True,False,98
J_union825,main,P-Median,3,89,-1,27,-22.969148201152677,-43.383065237968161,True,False,166
J_union825,main,P-Median,3,89,-1,28,-22.408608081087024,-43.13140914649253,True,False,46
J_union825,main,P-Median,3,89,-1,29,-22.61483382699214,-43.705683375748585,True,False,35
J_union825,main,P-Median,3,89,-1,30,-22.842072893003269,-43.265065434319375,True,False,150
J_union825,main,P-Median,3,89,-1,31,-22.905686000249091,-43.177156307060464,True,False,225
J_union825,main,P-Median,3,89,-1,32,-22.868670153263292,-43.780139527800472,True,False,46
J_union825,main,P-Median,3,89,-1,33,-22.750196280856521,-42.871877166032107,True,False,56
J_union825,main,P-Median,3,89,-1,34,-22.827481947170185,-43.069815234475598,True,False,108
J_union825,main,P-Median,3,89,-1,35,-22.98284371340203,-43.224740007201753,True,False,203
J_union825,main,P-Median,3,89,-1,36,-22.943384670900659,-43.334379195440683,True,False,115
J_union825,main,P-Median,3,89,-1,37,-22.953082188232276,-43.189245364906768,True,False,276
J_union825,main,P-Median,3,89,-1,38,-23.010803499326403,-43.309886652481097,True,False,41
J_union825,main,P-Median,3,89,-1,39,-22.470849051492323,-42.657121037845286,True,False,19
J_union825,main,P-Median,3,89,-1,40,-23.000618991095681,-43.404718284567252,True,False,116
J_union825,main,P-Median,3,89,-1,41,-22.922758980989411,-43.246104027508025,True,False,360
J_union825,main,P-Median,3,89,-1,42,-22.919734370551129,-43.67148457968753,True,False,121
J_union825,main,P-Median,3,89,-1,43,-22.615933155012947,-43.179757198303761,True,False,50
J_union825,main,P-Median,3,89,-1,44,-22.883317935180688,-43.319511906680248,True,False,127
J_union825,main,P-Median,3,89,-1,45,-22.74100679492528,-43.699829819938401,True,False,20
J_union825,main,P-Median,3,89,-1,46,-22.790646777654263,-43.375643445446975,True,False,134
J_union825,main,P-Median,3,89,-1,47,-22.980184787318848,-43.194590667739973,True,False,250
J_union825,main,P-Median,3,89,-1,48,-22.527718078493137,-42.978266279510713,True,False,21
J_union825,main,P-Median,3,89,-1,49,-22.979021180890101,-43.690122451652577,True,False,49
J_union825,main,P-Median,3,89,-1,50,-22.914282966536831,-42.834563323886449,True,False,62
J_union825,main,P-Median,3,89,-1,51,-22.896089584185965,-43.598896711909283,True,False,120
J_union825,main,P-Median,3,89,-1,52,-22.902823180776025,-43.050858129377211,True,False,66
J_union825,main,P-Median,3,89,-1,53,-22.718454478738639,-43.453330066166757,True,False,110
J_union825,main,P-Median,3,89,-1,54,-22.919342584449812,-43.215423225025688,True,False,201
J_union825,main,P-Median,3,89,-1,55,-22.876979699775763,-43.425279126762909,True,False,97
J_union825,main,P-Median,3,89,-1,56,-22.964378631240205,-43.611867369266768,True,False,61
J_union825,main,P-Median,3,89,-1,57,-22.906575946931888,-43.288191675905772,True,False,176
J_union825,main,P-Median,3,89,-1,58,-22.99599813649958,-43.261663703422506,True,False,37
J_union825,main,P-Median,3,89,-1,59,-22.927779325237221,-43.554503392883646,True,False,100
J_union825,main,P-Median,3,89,-1,60,-22.855135850026095,-43.363507308428119,True,False,135
J_union825,main,P-Median,3,89,-1,61,-22.918167419985291,-43.386515528441173,True,False,149
J_union825,main,P-Median,3,89,-1,62,-22.965586191842657,-43.184053068618113,True,False,218
J_union825,main,P-Median,3,89,-1,63,-22.508131637080279,-43.181414687516991,True,False,92
J_union825,main,P-Median,3,89,-1,64,-22.741026017626659,-43.390589102875857,True,False,78
J_union825,main,P-Median,3,89,-1,65,-22.819261693552441,-43.034765203493123,True,False,78
J_union825,main,P-Median,3,89,-1,66,-22.984082408782115,-43.448890199194111,True,False,59
J_union825,main,P-Median,3,89,-1,67,-22.940616864219159,-43.065454011123407,True,False,56
J_union825,main,P-Median,3,89,-1,68,-22.877775179542617,-43.577710512897831,True,False,85
J_union825,main,P-Median,3,89,-1,69,-22.644539050348147,-43.278601939181407,True,False,60
J_union825,main,P-Median,3,89,-1,70,-22.755876522336781,-43.450113091196819,True,False,173
J_union825,main,P-Median,3,89,-1,71,-22.753658680279631,-43.505682099994011,True,False,86
J_union825,main,P-Median,3,89,-1,72,-22.866391297064204,-43.271588010936242,True,False,121
J_union825,main,P-Median,3,89,-1,73,-22.846064764028309,-43.310535362275189,True,False,122
J_union825,main,P-Median,3,89,-1,74,-22.867825487785609,-43.002749069555286,True,False,78
J_union825,main,P-Median,3,89,-1,75,-22.893703236582244,-43.231517621190036,True,False,90
J_union825,main,P-Median,3,89,-1,76,-22.966192360899608,-43.330734513875441,True,False,54
J_union825,main,P-Median,3,89,-1,77,-22.912857010734331,-43.188349118437991,True,False,176
J_union825,main,P-Median,3,89,-1,78,-22.669510518389892,-43.614525479906831,True,False,35
J_union825,main,P-Median,3,89,-1,79,-22.936910913712651,-43.360973350350811,True,False,217
J_union825,main,P-Median,3,89,-1,80,-22.895126173289949,-43.357502145957,True,False,91
J_union825,main,P-Median,3,89,-1,81,-22.716288877191023,-43.51530571258531,True,False,34
J_union825,main,P-Median,3,89,-1,82,-22.868363814263653,-43.469232167950608,True,False,147
J_union825,main,P-Median,3,89,-1,83,-22.72351123290818,-43.321486428837893,True,False,59
J_union825,main,P-Median,3,89,-1,84,-23.004990522576701,-43.547845204575459,True,False,17
J_union825,main,P-Median,3,89,-1,85,-22.936153909752679,-43.181832267833023,True,False,346
J_union825,main,P-Median,3,89,-1,86,-22.882876782615799,-43.364174483570487,True,False,132
J_union825,main,P-Median,3,89,-1,87,-22.807910816253671,-43.644304412473865,True,False,21
J_union825,main,P-Median,3,89,-1,88,-22.338529289758171,-43.128998839499978,True,False,15
J_union825,main,MCLP,10,12,-1,0,-22.918636000417841,-43.25724486396328,True,False,3364
J_union825,main,MCLP,10,12,-1,1,-22.853879739168629,-43.396809432222291,True,False,1146
J_union825,main,MCLP,10,12,-1,2,-22.896323056633179,-43.038457727277269,True,False,1137
J_union825,main,MCLP,10,12,-1,3,-23.000618991095681,-43.404718284567252,True,False,989
J_union825,main,MCLP,10,12,-1,4,-22.908445285088447,-43.60810021286953,True,False,904
J_union825,main,MCLP,10,12,-1,5,-22.744030405639823,-43.386861622763917,True,False,616
J_union825,main,MCLP,10,12,-1,6,-22.475562635890437,-43.148370152985294,True,False,259
J_union825,main,MCLP,10,12,-1,7,-22.804862862717741,-43.225728226319561,True,False,440
J_union825,main,MCLP,10,12,-1,8,-22.720466020617074,-43.556797259760771,True,False,299
J_union825,main,MCLP,10,12,-1,9,-22.649550626444302,-43.230341289921753,True,False,216
J_union825,main,MCLP,10,12,-1,10,-22.926107752919268,-42.898503563712787,True,False,131
J_union825,main,MCLP,10,12,-1,11,-22.77209935726771,-42.922643079861238,True,False,190
J_union825,main,MCLP,5,32,-1,0,-22.93845834691675,-43.196368076205502,True,False,1860
J_union825,main,MCLP,5,32,-1,1,-22.886593254313329,-43.267834200698552,True,False,727
J_union825,main,MCLP,5,32,-1,2,-22.936910913712651,-43.360973350350811,True,False,384
J_union825,main,MCLP,5,32,-1,3,-22.879226893202649,-43.091571865721441,True,False,700
J_union825,main,MCLP,5,32,-1,4,-22.85332826176321,-43.328228062631148,True,False,488
J_union825,main,MCLP,5,32,-1,5,-22.906374170614946,-43.566410061329776,True,False,423
J_union825,main,MCLP,5,32,-1,6,-22.773281327423419,-43.417817145369007,True,False,289
J_union825,main,MCLP,5,32,-1,7,-22.97841522971715,-43.237729192717843,True,False,494
J_union825,main,MCLP,5,32,-1,8,-22.984082408782115,-43.448890199194111,True,False,379
J_union825,main,MCLP,5,32,-1,9,-22.819261693552441,-43.034765203493123,True,False,206
J_union825,main,MCLP,5,32,-1,10,-22.86435505255422,-43.434757144170185,True,False,212
J_union825,main,MCLP,5,32,-1,11,-22.986105098852665,-43.311520670632312,True,False,282
J_union825,main,MCLP,5,32,-1,12,-22.733144913944965,-43.47564299726109,True,False,274
J_union825,main,MCLP,5,32,-1,13,-22.913149027532867,-43.653569673637492,True,False,229
J_union825,main,MCLP,5,32,-1,14,-22.510230788197468,-43.175443874455112,True,False,192
J_union825,main,MCLP,5,32,-1,15,-22.749595823587462,-43.316204756652816,True,False,178
J_union825,main,MCLP,5,32,-1,16,-22.809517664348768,-43.200203165434935,True,False,147
J_union825,main,MCLP,5,32,-1,17,-22.947654432561997,-43.03365087049761,True,False,142
J_union825,main,MCLP,5,32,-1,18,-22.645303761933238,-43.262033726166649,True,False,119
J_union825,main,MCLP,5,32,-1,19,-22.735694400435161,-43.542197211853576,True,False,228
J_union825,main,MCLP,5,32,-1,20,-22.860376601769168,-43.255669827757202,True,False,236
J_union825,main,MCLP,5,32,-1,21,-22.816850689474528,-43.374314532417216,True,False,215
J_union825,main,MCLP,5,32,-1,22,-22.972563998366837,-43.642950470314368,True,False,115
J_union825,main,MCLP,5,32,-1,23,-22.885872200386764,-43.513728918040449,True,False,152
J_union825,main,MCLP,5,32,-1,24,-22.923453985690251,-42.857602477494893,True,False,86
J_union825,main,MCLP,5,32,-1,25,-22.923355641776094,-43.383046917508274,True,False,404
J_union825,main,MCLP,5,32,-1,26,-22.839067007882178,-42.98789279135017,True,False,154
J_union825,main,MCLP,5,32,-1,27,-22.754117583287929,-42.888835530246112,True,False,109
J_union825,main,MCLP,5,32,-1,28,-22.92600502136488,-42.940013982950965,True,False,54
J_union825,main,MCLP,5,32,-1,29,-22.638554401976752,-43.160001845625231,True,False,104
J_union825,main,MCLP,5,32,-1,30,-22.408608081087024,-43.13140914649253,True,False,63
J_union825,main,MCLP,5,32,-1,31,-22.876635031970025,-43.809851266981823,True,False,46
J_union825,main,MCLP,3,64,-1,0,-22.954408685481411,-43.185650031057385,True,False,942
J_union825,main,MCLP,3,64,-1,1,-22.916792143186889,-43.231550399129098,True,False,848
J_union825,main,MCLP,3,64,-1,2,-22.885934196316509,-43.110654370820299,True,False,552
J_union825,main,MCLP,3,64,-1,3,-22.98210232841188,-43.220133149701809,True,False,457
J_union825,main,MCLP,3,64,-1,4,-22.89945802156581,-43.197084522165021,True,False,416
J_union825,main,MCLP,3,64,-1,5,-22.920928532759326,-43.358465481509597,True,False,296
J_union825,main,MCLP,3,64,-1,6,-22.886580416060379,-43.2773189390998,True,False,217
J_union825,main,MCLP,3,64,-1,7,-22.84373140637614,-43.302426725826379,True,False,204
J_union825,main,MCLP,3,64,-1,8,-22.896407842881192,-43.577510013811043,True,False,254
J_union825,main,MCLP,3,64,-1,9,-22.870448202643569,-43.342965268163042,True,False,277
J_union825,main,MCLP,3,64,-1,10,-22.751111606071024,-43.460118964769471,True,False,225
J_union825,main,MCLP,3,64,-1,11,-23.001267617010637,-43.335598837067202,True,False,222
J_union825,main,MCLP,3,64,-1,12,-22.949418433889697,-43.38717689639774,True,False,227
J_union825,main,MCLP,3,64,-1,13,-23.012986504226461,-43.46551954103294,True,False,204
J_union825,main,MCLP,3,64,-1,14,-22.791786349943763,-43.415893666473487,True,False,191
J_union825,main,MCLP,3,64,-1,15,-22.829351276710405,-43.01399541493803,True,False,139
J_union825,main,MCLP,3,64,-1,16,-22.871019283986563,-43.458514428725749,True,False,93
J_union825,main,MCLP,3,64,-1,17,-22.966192360899608,-43.330734513875441,True,False,153
J_union825,main,MCLP,3,64,-1,18,-22.798115581439351,-43.195697722709411,True,False,147
J_union825,main,MCLP,3,64,-1,19,-22.848256572311051,-43.256133443686423,True,False,172
J_union825,main,MCLP,3,64,-1,20,-22.941155596656401,-43.043134176624925,True,False,135
J_union825,main,MCLP,3,64,-1,21,-22.913149027532867,-43.653569673637492,True,False,121
J_union825,main,MCLP,3,64,-1,22,-23.000618991095681,-43.404718284567252,True,False,116
J_union825,main,MCLP,3,64,-1,23,-22.877515295743311,-43.530293480753762,True,False,121
J_union825,main,MCLP,3,64,-1,24,-22.840098124434224,-43.067783333874118,True,False,123
J_union825,main,MCLP,3,64,-1,25,-22.78315358395092,-43.359790035626119,True,False,114
J_union825,main,MCLP,3,64,-1,26,-22.508131637080279,-43.181414687516991,True,False,92
J_union825,main,MCLP,3,64,-1,27,-22.839960552960555,-43.377039105722908,True,False,123
J_union825,main,MCLP,3,64,-1,28,-22.755338688692213,-43.308531682770784,True,False,103
J_union825,main,MCLP,3,64,-1,29,-22.901684792085454,-43.068914960888158,True,False,120
J_union825,main,MCLP,3,64,-1,30,-22.748890763540413,-43.402188592951823,True,False,84
J_union825,main,MCLP,3,64,-1,31,-22.927779325237221,-43.554503392883646,True,False,118
J_union825,main,MCLP,3,64,-1,32,-22.878735432655478,-43.415788362287785,True,False,86
J_union825,main,MCLP,3,64,-1,33,-22.750950306589704,-43.510493636195598,True,False,90
J_union825,main,MCLP,3,64,-1,34,-22.70596026208645,-43.444260934796837,True,False,68
J_union825,main,MCLP,3,64,-1,35,-22.906575946931888,-43.288191675905772,True,False,199
J_union825,main,MCLP,3,64,-1,36,-22.670668086334341,-43.262555633319188,True,False,43
J_union825,main,MCLP,3,64,-1,37,-22.927005350316222,-42.8293157127626,True,False,62
J_union825,main,MCLP,3,64,-1,38,-22.721880392950524,-43.56120106689918,True,False,90
J_union825,main,MCLP,3,64,-1,39,-22.885933394996819,-43.011983104667294,True,False,50
J_union825,main,MCLP,3,64,-1,40,-22.973834321262331,-43.681076192478599,True,False,66
J_union825,main,MCLP,3,64,-1,41,-22.91750488776345,-43.69308722014739,True,False,49
J_union825,main,MCLP,3,64,-1,42,-22.888192458215805,-43.624736504286922,True,False,68
J_union825,main,MCLP,3,64,-1,43,-22.984082408782115,-43.448890199194111,True,False,59
J_union825,main,MCLP,3,64,-1,44,-22.916897084840269,-43.402788833135361,True,False,106
J_union825,main,MCLP,3,64,-1,45,-22.966699556811079,-43.601768668742501,True,False,66
J_union825,main,MCLP,3,64,-1,46,-22.531038247576937,-43.212309414991445,True,False,50
J_union825,main,MCLP,3,64,-1,47,-22.820033389763783,-42.969922193443765,True,False,62
J_union825,main,MCLP,3,64,-1,48,-22.71884157108849,-43.335950363135801,True,False,50
J_union825,main,MCLP,3,64,-1,49,-22.862780471644363,-43.785267628191967,True,False,46
J_union825,main,MCLP,3,64,-1,50,-22.61483382699214,-43.705683375748585,True,False,69
J_union825,main,MCLP,3,64,-1,51,-22.742481293107708,-42.857210752586653,True,False,50
J_union825,main,MCLP,3,64,-1,52,-22.615933155012947,-43.179757198303761,True,False,58
J_union825,main,MCLP,3,64,-1,53,-22.408608081087024,-43.13140914649253,True,False,61
J_union825,main,MCLP,3,64,-1,54,-22.648338600540264,-43.058343791785497,True,False,68
J_union825,main,MCLP,3,64,-1,55,-22.880118655848957,-43.483604754804006,True,False,81
J_union825,main,MCLP,3,64,-1,56,-22.946221164792775,-42.886459517240688,True,False,40
J_union825,main,MCLP,3,64,-1,57,-22.99599813649958,-43.261663703422506,True,False,37
J_union825,main,MCLP,3,64,-1,58,-22.711927870432564,-42.63004113951235,True,False,53
J_union825,main,MCLP,3,64,-1,59,-22.811121030063202,-43.326212799077673,True,False,87
J_union825,main,MCLP,3,64,-1,60,-22.954278207609654,-42.967118947552237,True,False,31
J_union825,main,MCLP,3,64,-1,61,-22.645303761933238,-43.262033726166649,True,False,75
J_union825,main,MCLP,3,64,-1,62,-22.796290333508669,-43.045313938554123,True,False,34
J_union825,main,MCLP,3,64,-1,63,-22.475562635890437,-43.148370152985294,True,False,31
J300_tie_reverse,main,P-Median,10,23,-1,0,-22.892631104117811,-43.286013573263183,True,False,469
J300_tie_reverse,main,P-Median,10,23,-1,1,-22.903244816618852,-43.107023598220486,True,False,653
J300_tie_reverse,main,P-Median,10,23,-1,2,-22.936153909752679,-43.181832267833023,True,False,1026
J300_tie_reverse,main,P-Median,10,23,-1,3,-22.510230788197468,-43.175443874455112,True,False,255
J300_tie_reverse,main,P-Median,10,23,-1,4,-22.941155596656401,-43.043134176624925,True,False,210
J300_tie_reverse,main,P-Median,10,23,-1,5,-22.936910913712651,-43.360973350350811,True,False,667
J300_tie_reverse,main,P-Median,10,23,-1,6,-22.749261034645645,-43.457434797409576,True,False,493
J300_tie_reverse,main,P-Median,10,23,-1,7,-22.936255491866653,-43.661399065747545,True,False,332
J300_tie_reverse,main,P-Median,10,23,-1,8,-22.823169080056481,-43.020028236246667,True,False,407
J300_tie_reverse,main,P-Median,10,23,-1,9,-22.833788776762518,-43.296044333899992,True,False,508
J300_tie_reverse,main,P-Median,10,23,-1,10,-22.981944699776768,-43.202413135708241,True,False,778
J300_tie_reverse,main,P-Median,10,23,-1,11,-22.87922054417216,-43.459310464937992,True,False,235
J300_tie_reverse,main,P-Median,10,23,-1,12,-22.916792143186889,-43.231550399129098,True,False,900
J300_tie_reverse,main,P-Median,10,23,-1,13,-22.919618105516072,-42.839789575585328,True,False,125
J300_tie_reverse,main,P-Median,10,23,-1,14,-23.012986504226461,-43.46551954103294,True,False,396
J300_tie_reverse,main,P-Median,10,23,-1,15,-23.003656668383979,-43.340758853213849,True,False,280
J300_tie_reverse,main,P-Median,10,23,-1,16,-22.809517664348768,-43.200203165434935,True,False,147
J300_tie_reverse,main,P-Median,10,23,-1,17,-22.775193331957858,-43.382929842060825,True,False,448
J300_tie_reverse,main,P-Median,10,23,-1,18,-22.711927870432564,-42.63004113951235,True,False,56
J300_tie_reverse,main,P-Median,10,23,-1,19,-22.87350715228709,-43.365677543874483,True,False,430
J300_tie_reverse,main,P-Median,10,23,-1,20,-22.615933155012947,-43.179757198303761,True,False,222
J300_tie_reverse,main,P-Median,10,23,-1,21,-22.61483382699214,-43.705683375748585,True,False,90
J300_tie_reverse,main,P-Median,10,23,-1,22,-22.898539335408451,-43.565421405163477,True,False,564
J300_tie_reverse,main,P-Median,5,55,-1,0,-22.954278207609654,-42.967118947552237,True,False,47
J300_tie_reverse,main,P-Median,5,55,-1,1,-22.870856012007138,-43.543848748962922,True,False,142
J300_tie_reverse,main,P-Median,5,55,-1,2,-22.936153909752679,-43.181832267833023,True,False,377
J300_tie_reverse,main,P-Median,5,55,-1,3,-22.520449848823919,-43.191012345952807,True,False,173
J300_tie_reverse,main,P-Median,5,55,-1,4,-22.879226893202649,-43.091571865721441,True,False,119
J300_tie_reverse,main,P-Median,5,55,-1,5,-22.934576022997884,-43.375788413326823,True,False,308
J300_tie_reverse,main,P-Median,5,55,-1,6,-22.755106324412701,-43.428583345303572,True,False,243
J300_tie_reverse,main,P-Median,5,55,-1,7,-22.922380751135307,-43.629510536912335,True,False,77
J300_tie_reverse,main,P-Median,5,55,-1,8,-22.822624306841355,-43.003093742121557,True,False,231
J300_tie_reverse,main,P-Median,5,55,-1,9,-22.837911776525178,-43.322271046058205,True,False,292
J300_tie_reverse,main,P-Median,5,55,-1,10,-22.893701145563103,-43.120417849276677,True,False,150
J300_tie_reverse,main,P-Median,5,55,-1,11,-23.012986504226461,-43.46551954103294,True,False,263
J300_tie_reverse,main,P-Median,5,55,-1,12,-22.916792143186889,-43.231550399129098,True,False,281
J300_tie_reverse,main,P-Median,5,55,-1,13,-22.919618105516072,-42.839789575585328,True,False,86
J300_tie_reverse,main,P-Median,5,55,-1,14,-23.003656668383979,-43.340758853213849,True,False,228
J300_tie_reverse,main,P-Median,5,55,-1,15,-22.716288877191023,-43.51530571258531,True,False,110
J300_tie_reverse,main,P-Median,5,55,-1,16,-22.809517664348768,-43.200203165434935,True,False,147
J300_tie_reverse,main,P-Median,5,55,-1,17,-22.755338688692213,-43.308531682770784,True,False,178
J300_tie_reverse,main,P-Median,5,55,-1,18,-22.711927870432564,-42.63004113951235,True,False,34
J300_tie_reverse,main,P-Median,5,55,-1,19,-22.882876782615799,-43.364174483570487,True,False,310
J300_tie_reverse,main,P-Median,5,55,-1,20,-22.941155596656401,-43.043134176624925,True,False,135
J300_tie_reverse,main,P-Median,5,55,-1,21,-22.61483382699214,-43.705683375748585,True,False,73
J300_tie_reverse,main,P-Median,5,55,-1,22,-22.897521961702388,-43.591752252623216,True,False,225
J300_tie_reverse,main,P-Median,5,55,-1,23,-22.90630099451813,-43.105973880660926,True,False,350
J300_tie_reverse,main,P-Median,5,55,-1,24,-22.615933155012947,-43.179757198303761,True,False,75
J300_tie_reverse,main,P-Median,5,55,-1,25,-22.881888435047649,-43.468997604007342,True,False,153
J300_tie_reverse,main,P-Median,5,55,-1,26,-22.805706631753832,-43.423079052406642,True,False,179
J300_tie_reverse,main,P-Median,5,55,-1,27,-22.969148201152677,-43.383065237968161,True,False,151
J300_tie_reverse,main,P-Median,5,55,-1,28,-22.408608081087024,-43.13140914649253,True,False,61
J300_tie_reverse,main,P-Median,5,55,-1,29,-22.850770856036998,-43.270521523602078,True,False,260
J300_tie_reverse,main,P-Median,5,55,-1,30,-22.742481293107708,-42.857210752586653,True,False,56
J300_tie_reverse,main,P-Median,5,55,-1,31,-22.905686000249091,-43.177156307060464,True,False,330
J300_tie_reverse,main,P-Median,5,55,-1,32,-22.870934109341071,-43.769012683026723,True,False,46
J300_tie_reverse,main,P-Median,5,55,-1,33,-22.98284371340203,-43.224740007201753,True,False,314
J300_tie_reverse,main,P-Median,5,55,-1,34,-22.943384670900659,-43.334379195440683,True,False,242
J300_tie_reverse,main,P-Median,5,55,-1,35,-22.651419516496585,-43.066557876304017,True,False,48
J300_tie_reverse,main,P-Median,5,55,-1,36,-22.954408685481411,-43.185650031057385,True,False,443
J300_tie_reverse,main,P-Median,5,55,-1,37,-22.470849051492323,-42.657121037845286,True,False,19
J300_tie_reverse,main,P-Median,5,55,-1,38,-22.827481947170185,-43.069815234475598,True,False,128
J300_tie_reverse,main,P-Median,5,55,-1,39,-23.000618991095681,-43.404718284567252,True,False,116
J300_tie_reverse,main,P-Median,5,55,-1,40,-22.607286064343828,-43.298574737764874,True,False,85
J300_tie_reverse,main,P-Median,5,55,-1,41,-22.922758980989411,-43.246104027508025,True,False,412
J300_tie_reverse,main,P-Median,5,55,-1,42,-22.930711174851965,-43.689463800258537,True,False,158
J300_tie_reverse,main,P-Median,5,55,-1,43,-22.732232372714961,-43.460676715526674,True,False,167
J300_tie_reverse,main,P-Median,5,55,-1,44,-22.883317935180688,-43.319511906680248,True,False,125
J300_tie_reverse,main,P-Median,5,55,-1,45,-22.790646777654263,-43.375643445446975,True,False,138
J300_tie_reverse,main,P-Median,5,55,-1,46,-22.980184787318848,-43.194590667739973,True,False,329
J300_tie_reverse,main,P-Median,5,55,-1,47,-22.527718078493137,-42.978266279510713,True,False,21
J300_tie_reverse,main,P-Median,5,55,-1,48,-22.916840745702157,-43.562340107121237,True,False,173
J300_tie_reverse,main,P-Median,5,55,-1,49,-22.902823180776025,-43.050858129377211,True,False,96
J300_tie_reverse,main,P-Median,5,55,-1,50,-22.919342584449812,-43.215423225025688,True,False,218
J300_tie_reverse,main,P-Median,5,55,-1,51,-22.966699556811079,-43.601768668742501,True,False,85
J300_tie_reverse,main,P-Median,5,55,-1,52,-22.876979699775763,-43.425279126762909,True,False,102
J300_tie_reverse,main,P-Median,5,55,-1,53,-22.7692389862532,-43.525308493816077,True,False,69
J300_tie_reverse,main,P-Median,5,55,-1,54,-22.900247004009792,-43.286209546514357,True,False,313
J300_tie_reverse,main,MCLP,10,14,-1,0,-22.918636000417841,-43.25724486396328,True,False,3146
J300_tie_reverse,main,MCLP,10,14,-1,1,-22.88433305340309,-43.387504877344114,True,False,1037
J300_tie_reverse,main,MCLP,10,14,-1,2,-22.902823180776025,-43.050858129377211,True,False,879
J300_tie_reverse,main,MCLP,10,14,-1,3,-22.911119400069488,-43.622641625227558,True,False,409
J300_tie_reverse,main,MCLP,10,14,-1,4,-22.775193331957858,-43.382929842060825,True,False,683
J300_tie_reverse,main,MCLP,10,14,-1,5,-23.000618991095681,-43.404718284567252,True,False,831
J300_tie_reverse,main,MCLP,10,14,-1,6,-22.716288877191023,-43.51530571258531,True,False,398
J300_tie_reverse,main,MCLP,10,14,-1,7,-22.475562635890437,-43.148370152985294,True,False,314
J300_tie_reverse,main,MCLP,10,14,-1,8,-22.833834004293301,-43.248856689738808,False,True,644
J300_tie_reverse,main,MCLP,10,14,-1,9,-22.867825487785609,-43.002749069555286,True,False,388
J300_tie_reverse,main,MCLP,10,14,-1,10,-22.607286064343828,-43.298574737764874,True,False,174
J300_tie_reverse,main,MCLP,10,14,-1,11,-22.919618105516072,-42.839789575585328,True,False,167
J300_tie_reverse,main,MCLP,10,14,-1,12,-22.919574762615909,-43.528555702253051,True,False,413
J300_tie_reverse,main,MCLP,10,14,-1,13,-22.898979722466947,-43.699308339686013,True,False,208
J300_tie_reverse,main,MCLP,5,40,-1,0,-22.93845834691675,-43.196368076205502,True,False,1860
J300_tie_reverse,main,MCLP,5,40,-1,1,-22.886593254313329,-43.267834200698552,True,False,779
J300_tie_reverse,main,MCLP,5,40,-1,2,-22.936910913712651,-43.360973350350811,True,False,498
J300_tie_reverse,main,MCLP,5,40,-1,3,-22.879226893202649,-43.091571865721441,True,False,700
J300_tie_reverse,main,MCLP,5,40,-1,4,-22.85332826176321,-43.328228062631148,True,False,283
J300_tie_reverse,main,MCLP,5,40,-1,5,-22.906374170614946,-43.566410061329776,True,False,422
J300_tie_reverse,main,MCLP,5,40,-1,6,-22.781707096310384,-43.42552236371597,True,False,189
J300_tie_reverse,main,MCLP,5,40,-1,7,-22.97841522971715,-43.237729192717843,True,False,494
J300_tie_reverse,main,MCLP,5,40,-1,8,-22.984082408782115,-43.448890199194111,True,False,263
J300_tie_reverse,main,MCLP,5,40,-1,9,-22.819261693552441,-43.034765203493123,True,False,166
J300_tie_reverse,main,MCLP,5,40,-1,10,-22.87922054417216,-43.459310464937992,True,False,222
J300_tie_reverse,main,MCLP,5,40,-1,11,-23.003656668383979,-43.340758853213849,True,False,280
J300_tie_reverse,main,MCLP,5,40,-1,12,-22.936255491866653,-43.661399065747545,True,False,139
J300_tie_reverse,main,MCLP,5,40,-1,13,-22.510230788197468,-43.175443874455112,True,False,173
J300_tie_reverse,main,MCLP,5,40,-1,14,-22.732232372714961,-43.460676715526674,True,False,255
J300_tie_reverse,main,MCLP,5,40,-1,15,-22.755338688692213,-43.308531682770784,True,False,182
J300_tie_reverse,main,MCLP,5,40,-1,16,-22.809517664348768,-43.200203165434935,True,False,147
J300_tie_reverse,main,MCLP,5,40,-1,17,-22.947654432561997,-43.03365087049761,True,False,135
J300_tie_reverse,main,MCLP,5,40,-1,18,-22.803670156230325,-43.375461938236299,True,False,164
J300_tie_reverse,main,MCLP,5,40,-1,19,-22.716288877191023,-43.51530571258531,True,False,110
J300_tie_reverse,main,MCLP,5,40,-1,20,-22.835828487618876,-43.276143784165548,True,False,253
J300_tie_reverse,main,MCLP,5,40,-1,21,-22.919618105516072,-42.839789575585328,True,False,86
J300_tie_reverse,main,MCLP,5,40,-1,22,-22.882876782615799,-43.364174483570487,True,False,347
J300_tie_reverse,main,MCLP,5,40,-1,23,-22.972563998366837,-43.642950470314368,True,False,104
J300_tie_reverse,main,MCLP,5,40,-1,24,-22.867825487785609,-43.002749069555286,True,False,75
J300_tie_reverse,main,MCLP,5,40,-1,25,-23.000618991095681,-43.404718284567252,True,False,267
J300_tie_reverse,main,MCLP,5,40,-1,26,-22.897989740168889,-43.668559184847297,True,False,100
J300_tie_reverse,main,MCLP,5,40,-1,27,-22.408608081087024,-43.13140914649253,True,False,61
J300_tie_reverse,main,MCLP,5,40,-1,28,-22.615933155012947,-43.179757198303761,True,False,75
J300_tie_reverse,main,MCLP,5,40,-1,29,-22.607286064343828,-43.298574737764874,True,False,85
J300_tie_reverse,main,MCLP,5,40,-1,30,-22.870934109341071,-43.769012683026723,True,False,46
J300_tie_reverse,main,MCLP,5,40,-1,31,-22.742481293107708,-42.857210752586653,True,False,56
J300_tie_reverse,main,MCLP,5,40,-1,32,-22.764520432902131,-43.403242685589518,True,False,123
J300_tie_reverse,main,MCLP,5,40,-1,33,-22.61483382699214,-43.705683375748585,True,False,73
J300_tie_reverse,main,MCLP,5,40,-1,34,-22.651419516496585,-43.066557876304017,True,False,69
J300_tie_reverse,main,MCLP,5,40,-1,35,-22.7692389862532,-43.525308493816077,True,False,74
J300_tie_reverse,main,MCLP,5,40,-1,36,-22.885872200386764,-43.513728918040449,True,False,103
J300_tie_reverse,main,MCLP,5,40,-1,37,-22.711927870432564,-42.63004113951235,True,False,53
J300_tie_reverse,main,MCLP,5,40,-1,38,-22.954278207609654,-42.967118947552237,True,False,47
J300_tie_reverse,main,MCLP,5,40,-1,39,-22.822624306841355,-43.003093742121557,True,False,133
J_all828_legacy_order,main,P-Median,10,19,-1,0,-22.886545226178828,-43.281578990708248,True,False,596
J_all828_legacy_order,main,P-Median,10,19,-1,1,-22.898539335408451,-43.565421405163477,True,False,646
J_all828_legacy_order,main,P-Median,10,19,-1,2,-22.928999413639037,-43.18145032839962,True,False,765
J_all828_legacy_order,main,P-Median,10,19,-1,3,-22.508131637080279,-43.181414687516991,True,False,259
J_all828_legacy_order,main,P-Median,10,19,-1,4,-22.903244816618852,-43.107023598220486,True,False,820
J_all828_legacy_order,main,P-Median,10,19,-1,5,-22.920002522357752,-43.369575407350602,True,False,1060
J_all828_legacy_order,main,P-Median,10,19,-1,6,-22.758405694137402,-43.442957719272016,True,False,686
J_all828_legacy_order,main,P-Median,10,19,-1,7,-22.936255491866653,-43.661399065747545,True,False,332
J_all828_legacy_order,main,P-Median,10,19,-1,8,-22.827726551017101,-43.028899045397068,True,False,391
J_all828_legacy_order,main,P-Median,10,19,-1,9,-22.82666297562433,-43.322531463488403,True,False,685
J_all828_legacy_order,main,P-Median,10,19,-1,10,-22.967673604620369,-43.190028283432838,True,False,1022
J_all828_legacy_order,main,P-Median,10,19,-1,11,-23.012986504226461,-43.46551954103294,True,False,396
J_all828_legacy_order,main,P-Median,10,19,-1,12,-22.916792143186889,-43.231550399129098,True,False,885
J_all828_legacy_order,main,P-Median,10,19,-1,13,-22.709506815061729,-43.580279131181264,True,False,203
J_all828_legacy_order,main,P-Median,10,19,-1,14,-23.001267617010637,-43.335598837067202,True,False,311
J_all828_legacy_order,main,P-Median,10,19,-1,15,-22.809517664348768,-43.200203165434935,True,False,168
J_all828_legacy_order,main,P-Median,10,19,-1,16,-22.735331489397929,-42.838837742593363,True,False,113
J_all828_legacy_order,main,P-Median,10,19,-1,17,-22.649550626444302,-43.230341289921753,True,False,220
J_all828_legacy_order,main,P-Median,10,19,-1,18,-22.934648949993939,-42.882280441873341,True,False,133
J_all828_legacy_order,main,P-Median,5,48,-1,0,-22.900247004009792,-43.286209546514357,True,False,353
J_all828_legacy_order,main,P-Median,5,48,-1,1,-22.916244564738715,-43.217950335265293,True,False,382
J_all828_legacy_order,main,P-Median,5,48,-1,2,-22.936153909752679,-43.181832267833023,True,False,377
J_all828_legacy_order,main,P-Median,5,48,-1,3,-22.508131637080279,-43.181414687516991,True,False,173
J_all828_legacy_order,main,P-Median,5,48,-1,4,-22.879226893202649,-43.091571865721441,True,False,172
J_all828_legacy_order,main,P-Median,5,48,-1,5,-22.923355641776094,-43.383046917508274,True,False,224
J_all828_legacy_order,main,P-Median,5,48,-1,6,-22.745675146224823,-43.443888027884469,True,False,313
J_all828_legacy_order,main,P-Median,5,48,-1,7,-22.918189881677439,-43.612350856541859,True,False,211
J_all828_legacy_order,main,P-Median,5,48,-1,8,-22.829351276710405,-43.01399541493803,True,False,252
J_all828_legacy_order,main,P-Median,5,48,-1,9,-22.835042850775064,-43.312636472404378,True,False,274
J_all828_legacy_order,main,P-Median,5,48,-1,10,-22.856203714532519,-43.374955789677323,True,False,166
J_all828_legacy_order,main,P-Median,5,48,-1,11,-23.012986504226461,-43.46551954103294,True,False,280
J_all828_legacy_order,main,P-Median,5,48,-1,12,-22.973834321262331,-43.681076192478599,True,False,72
J_all828_legacy_order,main,P-Median,5,48,-1,13,-22.717690365076312,-43.56406590011273,True,False,90
J_all828_legacy_order,main,P-Median,5,48,-1,14,-23.003656668383979,-43.340758853213849,True,False,228
J_all828_legacy_order,main,P-Median,5,48,-1,15,-22.809517664348768,-43.200203165434935,True,False,147
J_all828_legacy_order,main,P-Median,5,48,-1,16,-22.711927870432564,-42.63004113951235,True,False,34
J_all828_legacy_order,main,P-Median,5,48,-1,17,-22.652696249418973,-43.276125649861299,True,False,109
J_all828_legacy_order,main,P-Median,5,48,-1,18,-22.923453985690251,-42.857602477494893,True,False,109
J_all828_legacy_order,main,P-Median,5,48,-1,19,-22.882442915756783,-43.349470070284447,True,False,274
J_all828_legacy_order,main,P-Median,5,48,-1,20,-22.894339599203761,-43.567222904546611,True,False,429
J_all828_legacy_order,main,P-Median,5,48,-1,21,-22.903244816618852,-43.107023598220486,True,False,508
J_all828_legacy_order,main,P-Median,5,48,-1,22,-22.804257068335087,-43.421090607170761,True,False,187
J_all828_legacy_order,main,P-Median,5,48,-1,23,-22.651419516496585,-43.066557876304017,True,False,48
J_all828_legacy_order,main,P-Median,5,48,-1,24,-22.947654432561997,-43.03365087049761,True,False,173
J_all828_legacy_order,main,P-Median,5,48,-1,25,-22.87922054417216,-43.459310464937992,True,False,235
J_all828_legacy_order,main,P-Median,5,48,-1,26,-22.755338688692213,-43.308531682770784,True,False,157
J_all828_legacy_order,main,P-Median,5,48,-1,27,-22.969148201152677,-43.383065237968161,True,False,166
J_all828_legacy_order,main,P-Median,5,48,-1,28,-22.408608081087024,-43.13140914649253,True,False,61
J_all828_legacy_order,main,P-Median,5,48,-1,29,-22.61483382699214,-43.705683375748585,True,False,49
J_all828_legacy_order,main,P-Median,5,48,-1,30,-22.850002554499312,-43.263354020176415,True,False,244
J_all828_legacy_order,main,P-Median,5,48,-1,31,-22.905696239420447,-43.179258208124025,True,False,330
J_all828_legacy_order,main,P-Median,5,48,-1,32,-22.868670153263292,-43.780139527800472,True,False,46
J_all828_legacy_order,main,P-Median,5,48,-1,33,-22.750196280856521,-42.871877166032107,True,False,56
J_all828_legacy_order,main,P-Median,5,48,-1,34,-22.827481947170185,-43.069815234475598,True,False,128
J_all828_legacy_order,main,P-Median,5,48,-1,35,-22.98284371340203,-43.224740007201753,True,False,314
J_all828_legacy_order,main,P-Median,5,48,-1,36,-22.938856559491374,-43.345833803466263,True,False,335
J_all828_legacy_order,main,P-Median,5,48,-1,37,-22.954408685481411,-43.185650031057385,True,False,443
J_all828_legacy_order,main,P-Median,5,48,-1,38,-22.747655366540023,-43.500451999215727,True,False,130
J_all828_legacy_order,main,P-Median,5,48,-1,39,-22.470849051492323,-42.657121037845286,True,False,19
J_all828_legacy_order,main,P-Median,5,48,-1,40,-23.000618991095681,-43.404718284567252,True,False,116
J_all828_legacy_order,main,P-Median,5,48,-1,41,-22.922555910410811,-43.243901231317686,True,False,529
J_all828_legacy_order,main,P-Median,5,48,-1,42,-22.919734370551129,-43.67148457968753,True,False,121
J_all828_legacy_order,main,P-Median,5,48,-1,43,-22.615933155012947,-43.179757198303761,True,False,66
J_all828_legacy_order,main,P-Median,5,48,-1,44,-22.527718078493137,-42.978266279510713,True,False,21
J_all828_legacy_order,main,P-Median,5,48,-1,45,-22.74100679492528,-43.699829819938401,True,False,33
J_all828_legacy_order,main,P-Median,5,48,-1,46,-22.781300436581091,-43.370408438859343,True,False,178
J_all828_legacy_order,main,P-Median,5,48,-1,47,-22.980184787318848,-43.194590667739973,True,False,329
J_all828_legacy_order,main,P-Median,3,90,-1,0,-22.896463187772799,-43.27217170225893,True,False,159
J_all828_legacy_order,main,P-Median,3,90,-1,1,-22.870856012007138,-43.543848748962922,True,False,90
J_all828_legacy_order,main,P-Median,3,90,-1,2,-22.716288877191023,-43.51530571258531,True,False,34
J_all828_legacy_order,main,P-Median,3,90,-1,3,-22.866391297064204,-43.271588010936242,True,False,121
J_all828_legacy_order,main,P-Median,3,90,-1,4,-22.879226893202649,-43.091571865721441,True,False,119
J_all828_legacy_order,main,P-Median,3,90,-1,5,-22.962843790439337,-43.401165783067313,True,False,63
J_all828_legacy_order,main,P-Median,3,90,-1,6,-22.853879739168629,-43.396809432222291,True,False,60
J_all828_legacy_order,main,P-Median,3,90,-1,7,-22.922380751135307,-43.629510536912335,True,False,72
J_all828_legacy_order,main,P-Median,3,90,-1,8,-22.818906926534805,-42.997511962391108,True,False,125
J_all828_legacy_order,main,P-Median,3,90,-1,9,-22.82666297562433,-43.322531463488403,True,False,125
J_all828_legacy_order,main,P-Median,3,90,-1,10,-22.965504326975658,-43.215448413220379,True,False,110
J_all828_legacy_order,main,P-Median,3,90,-1,11,-23.012986504226461,-43.46551954103294,True,False,204
J_all828_legacy_order,main,P-Median,3,90,-1,12,-22.954278207609654,-42.967118947552237,True,False,24
J_all828_legacy_order,main,P-Median,3,90,-1,13,-22.717690365076312,-43.56406590011273,True,False,59
J_all828_legacy_order,main,P-Median,3,90,-1,14,-23.003656668383979,-43.340758853213849,True,False,187
J_all828_legacy_order,main,P-Median,3,90,-1,15,-22.809517664348768,-43.200203165434935,True,False,147
J_all828_legacy_order,main,P-Median,3,90,-1,16,-22.711927870432564,-42.63004113951235,True,False,34
J_all828_legacy_order,main,P-Median,3,90,-1,17,-22.653627376975511,-43.275889670989692,True,False,89
J_all828_legacy_order,main,P-Median,3,90,-1,18,-22.934535219557365,-42.911752855372335,True,False,47
J_all828_legacy_order,main,P-Median,3,90,-1,19,-22.524744277401208,-43.211603579902558,True,False,51
J_all828_legacy_order,main,P-Median,3,90,-1,20,-22.916840745702157,-43.562340107121237,True,False,97
J_all828_legacy_order,main,P-Median,3,90,-1,21,-22.90630099451813,-43.105973880660926,True,False,350
J_all828_legacy_order,main,P-Median,3,90,-1,22,-22.805706631753832,-43.423079052406642,True,False,127
J_all828_legacy_order,main,P-Median,3,90,-1,23,-22.651419516496585,-43.066557876304017,True,False,46
J_all828_legacy_order,main,P-Median,3,90,-1,24,-22.947654432561997,-43.03365087049761,True,False,79
J_all828_legacy_order,main,P-Median,3,90,-1,25,-22.607286064343828,-43.298574737764874,True,False,20
J_all828_legacy_order,main,P-Median,3,90,-1,26,-22.764057590112579,-43.300413100636852,True,False,98
J_all828_legacy_order,main,P-Median,3,90,-1,27,-22.969148201152677,-43.383065237968161,True,False,103
J_all828_legacy_order,main,P-Median,3,90,-1,28,-22.408608081087024,-43.13140914649253,True,False,46
J_all828_legacy_order,main,P-Median,3,90,-1,29,-22.61483382699214,-43.705683375748585,True,False,35
J_all828_legacy_order,main,P-Median,3,90,-1,30,-22.842072893003269,-43.265065434319375,True,False,150
J_all828_legacy_order,main,P-Median,3,90,-1,31,-22.905686000249091,-43.177156307060464,True,False,225
J_all828_legacy_order,main,P-Median,3,90,-1,32,-22.868670153263292,-43.780139527800472,True,False,46
J_all828_legacy_order,main,P-Median,3,90,-1,33,-22.750196280856521,-42.871877166032107,True,False,56
J_all828_legacy_order,main,P-Median,3,90,-1,34,-22.827481947170185,-43.069815234475598,True,False,108
J_all828_legacy_order,main,P-Median,3,90,-1,35,-22.98284371340203,-43.224740007201753,True,False,203
J_all828_legacy_order,main,P-Median,3,90,-1,36,-22.943384670900659,-43.334379195440683,True,False,115
J_all828_legacy_order,main,P-Median,3,90,-1,37,-22.953082188232276,-43.189245364906768,True,False,276
J_all828_legacy_order,main,P-Median,3,90,-1,38,-22.87350715228709,-43.365677543874483,True,False,141
J_all828_legacy_order,main,P-Median,3,90,-1,39,-22.470849051492323,-42.657121037845286,True,False,19
J_all828_legacy_order,main,P-Median,3,90,-1,40,-23.000618991095681,-43.404718284567252,True,False,116
J_all828_legacy_order,main,P-Median,3,90,-1,41,-22.922758980989411,-43.246104027508025,True,False,360
J_all828_legacy_order,main,P-Median,3,90,-1,42,-22.919734370551129,-43.67148457968753,True,False,121
J_all828_legacy_order,main,P-Median,3,90,-1,43,-22.615933155012947,-43.179757198303761,True,False,50
J_all828_legacy_order,main,P-Median,3,90,-1,44,-22.883317935180688,-43.319511906680248,True,False,127
J_all828_legacy_order,main,P-Median,3,90,-1,45,-22.74100679492528,-43.699829819938401,True,False,20
J_all828_legacy_order,main,P-Median,3,90,-1,46,-22.790646777654263,-43.375643445446975,True,False,134
J_all828_legacy_order,main,P-Median,3,90,-1,47,-22.980184787318848,-43.194590667739973,True,False,250
J_all828_legacy_order,main,P-Median,3,90,-1,48,-22.527718078493137,-42.978266279510713,True,False,21
J_all828_legacy_order,main,P-Median,3,90,-1,49,-22.979021180890101,-43.690122451652577,True,False,49
J_all828_legacy_order,main,P-Median,3,90,-1,50,-22.914282966536831,-42.834563323886449,True,False,62
J_all828_legacy_order,main,P-Median,3,90,-1,51,-22.896089584185965,-43.598896711909283,True,False,120
J_all828_legacy_order,main,P-Median,3,90,-1,52,-22.902823180776025,-43.050858129377211,True,False,66
J_all828_legacy_order,main,P-Median,3,90,-1,53,-22.718454478738639,-43.453330066166757,True,False,110
J_all828_legacy_order,main,P-Median,3,90,-1,54,-22.919342584449812,-43.215423225025688,True,False,201
J_all828_legacy_order,main,P-Median,3,90,-1,55,-22.876979699775763,-43.425279126762909,True,False,97
J_all828_legacy_order,main,P-Median,3,90,-1,56,-22.964378631240205,-43.611867369266768,True,False,61
J_all828_legacy_order,main,P-Median,3,90,-1,57,-22.906575946931888,-43.288191675905772,True,False,176
J_all828_legacy_order,main,P-Median,3,90,-1,58,-22.893701145563103,-43.120417849276677,True,False,150
J_all828_legacy_order,main,P-Median,3,90,-1,59,-22.701423952234322,-43.15952521180791,True,False,18
J_all828_legacy_order,main,P-Median,3,90,-1,60,-22.770064916804248,-43.422339662467735,True,False,86
J_all828_legacy_order,main,P-Median,3,90,-1,61,-22.918167419985291,-43.386515528441173,True,False,155
J_all828_legacy_order,main,P-Median,3,90,-1,62,-22.965586191842657,-43.184053068618113,True,False,218
J_all828_legacy_order,main,P-Median,3,90,-1,63,-22.510230788197468,-43.175443874455112,True,False,122
J_all828_legacy_order,main,P-Median,3,90,-1,64,-22.741026017626659,-43.390589102875857,True,False,65
J_all828_legacy_order,main,P-Median,3,90,-1,65,-22.819261693552441,-43.034765203493123,True,False,78
J_all828_legacy_order,main,P-Median,3,90,-1,66,-22.984082408782115,-43.448890199194111,True,False,59
J_all828_legacy_order,main,P-Median,3,90,-1,67,-22.940616864219159,-43.065454011123407,True,False,56
J_all828_legacy_order,main,P-Median,3,90,-1,68,-22.882455390113918,-43.574942249018072,True,False,138
J_all828_legacy_order,main,P-Median,3,90,-1,69,-22.84251003329592,-43.353490690661332,True,False,74
J_all828_legacy_order,main,P-Median,3,90,-1,70,-22.755876522336781,-43.450113091196819,True,False,159
J_all828_legacy_order,main,P-Median,3,90,-1,71,-22.753658680279631,-43.505682099994011,True,False,86
J_all828_legacy_order,main,P-Median,3,90,-1,72,-22.908174032805224,-43.539677878259518,True,False,76
J_all828_legacy_order,main,P-Median,3,90,-1,73,-22.846064764028309,-43.310535362275189,True,False,122
J_all828_legacy_order,main,P-Median,3,90,-1,74,-22.867825487785609,-43.002749069555286,True,False,78
J_all828_legacy_order,main,P-Median,3,90,-1,75,-22.893703236582244,-43.231517621190036,True,False,90
J_all828_legacy_order,main,P-Median,3,90,-1,76,-22.966192360899608,-43.330734513875441,True,False,54
J_all828_legacy_order,main,P-Median,3,90,-1,77,-22.912857010734331,-43.188349118437991,True,False,176
J_all828_legacy_order,main,P-Median,3,90,-1,78,-22.669510518389892,-43.614525479906831,True,False,35
J_all828_legacy_order,main,P-Median,3,90,-1,79,-22.936910913712651,-43.360973350350811,True,False,217
J_all828_legacy_order,main,P-Median,3,90,-1,80,-22.895126173289949,-43.357502145957,True,False,113
J_all828_legacy_order,main,P-Median,3,90,-1,81,-22.99599813649958,-43.261663703422506,True,False,37
J_all828_legacy_order,main,P-Median,3,90,-1,82,-22.868363814263653,-43.469232167950608,True,False,147
J_all828_legacy_order,main,P-Median,3,90,-1,83,-22.72351123290818,-43.321486428837893,True,False,59
J_all828_legacy_order,main,P-Median,3,90,-1,84,-23.004990522576701,-43.547845204575459,True,False,17
J_all828_legacy_order,main,P-Median,3,90,-1,85,-22.936153909752679,-43.181832267833023,True,False,346
J_all828_legacy_order,main,P-Median,3,90,-1,86,-22.807910816253671,-43.644304412473865,True,False,26
J_all828_legacy_order,main,P-Median,3,90,-1,87,-22.338529289758171,-43.128998839499978,True,False,15
J_all828_legacy_order,main,P-Median,3,90,-1,88,-23.010803499326403,-43.309886652481097,True,False,41
J_all828_legacy_order,main,P-Median,3,90,-1,89,-22.926258825257275,-43.231846424609145,True,False,177
J_all828_legacy_order,main,MCLP,10,12,-1,0,-22.918636000417841,-43.25724486396328,True,False,3364
J_all828_legacy_order,main,MCLP,10,12,-1,1,-22.853879739168629,-43.396809432222291,True,False,1146
J_all828_legacy_order,main,MCLP,10,12,-1,2,-22.896323056633179,-43.038457727277269,True,False,1137
J_all828_legacy_order,main,MCLP,10,12,-1,3,-23.000618991095681,-43.404718284567252,True,False,989
J_all828_legacy_order,main,MCLP,10,12,-1,4,-22.908445285088447,-43.60810021286953,True,False,904
J_all828_legacy_order,main,MCLP,10,12,-1,5,-22.744030405639823,-43.386861622763917,True,False,616
J_all828_legacy_order,main,MCLP,10,12,-1,6,-22.475562635890437,-43.148370152985294,True,False,259
J_all828_legacy_order,main,MCLP,10,12,-1,7,-22.804862862717741,-43.225728226319561,True,False,440
J_all828_legacy_order,main,MCLP,10,12,-1,8,-22.720466020617074,-43.556797259760771,True,False,299
J_all828_legacy_order,main,MCLP,10,12,-1,9,-22.649550626444302,-43.230341289921753,True,False,216
J_all828_legacy_order,main,MCLP,10,12,-1,10,-22.926107752919268,-42.898503563712787,True,False,131
J_all828_legacy_order,main,MCLP,10,12,-1,11,-22.77209935726771,-42.922643079861238,True,False,190
J_all828_legacy_order,main,MCLP,5,32,-1,0,-22.93845834691675,-43.196368076205502,True,False,1860
J_all828_legacy_order,main,MCLP,5,32,-1,1,-22.886593254313329,-43.267834200698552,True,False,727
J_all828_legacy_order,main,MCLP,5,32,-1,2,-22.936910913712651,-43.360973350350811,True,False,384
J_all828_legacy_order,main,MCLP,5,32,-1,3,-22.879226893202649,-43.091571865721441,True,False,700
J_all828_legacy_order,main,MCLP,5,32,-1,4,-22.85332826176321,-43.328228062631148,True,False,488
J_all828_legacy_order,main,MCLP,5,32,-1,5,-22.906374170614946,-43.566410061329776,True,False,423
J_all828_legacy_order,main,MCLP,5,32,-1,6,-22.773281327423419,-43.417817145369007,True,False,289
J_all828_legacy_order,main,MCLP,5,32,-1,7,-22.97841522971715,-43.237729192717843,True,False,494
J_all828_legacy_order,main,MCLP,5,32,-1,8,-22.984082408782115,-43.448890199194111,True,False,379
J_all828_legacy_order,main,MCLP,5,32,-1,9,-22.819261693552441,-43.034765203493123,True,False,206
J_all828_legacy_order,main,MCLP,5,32,-1,10,-22.86435505255422,-43.434757144170185,True,False,212
J_all828_legacy_order,main,MCLP,5,32,-1,11,-22.986105098852665,-43.311520670632312,True,False,282
J_all828_legacy_order,main,MCLP,5,32,-1,12,-22.733144913944965,-43.47564299726109,True,False,274
J_all828_legacy_order,main,MCLP,5,32,-1,13,-22.913149027532867,-43.653569673637492,True,False,229
J_all828_legacy_order,main,MCLP,5,32,-1,14,-22.510230788197468,-43.175443874455112,True,False,192
J_all828_legacy_order,main,MCLP,5,32,-1,15,-22.749595823587462,-43.316204756652816,True,False,178
J_all828_legacy_order,main,MCLP,5,32,-1,16,-22.797778392204659,-43.181360862515433,True,False,147
J_all828_legacy_order,main,MCLP,5,32,-1,17,-22.947654432561997,-43.03365087049761,True,False,142
J_all828_legacy_order,main,MCLP,5,32,-1,18,-22.645303761933238,-43.262033726166649,True,False,119
J_all828_legacy_order,main,MCLP,5,32,-1,19,-22.735694400435161,-43.542197211853576,True,False,228
J_all828_legacy_order,main,MCLP,5,32,-1,20,-22.860376601769168,-43.255669827757202,True,False,236
J_all828_legacy_order,main,MCLP,5,32,-1,21,-22.816850689474528,-43.374314532417216,True,False,215
J_all828_legacy_order,main,MCLP,5,32,-1,22,-22.972563998366837,-43.642950470314368,True,False,115
J_all828_legacy_order,main,MCLP,5,32,-1,23,-22.885872200386764,-43.513728918040449,True,False,152
J_all828_legacy_order,main,MCLP,5,32,-1,24,-22.923453985690251,-42.857602477494893,True,False,86
J_all828_legacy_order,main,MCLP,5,32,-1,25,-22.923355641776094,-43.383046917508274,True,False,404
J_all828_legacy_order,main,MCLP,5,32,-1,26,-22.839067007882178,-42.98789279135017,True,False,154
J_all828_legacy_order,main,MCLP,5,32,-1,27,-22.754117583287929,-42.888835530246112,True,False,109
J_all828_legacy_order,main,MCLP,5,32,-1,28,-22.92600502136488,-42.940013982950965,True,False,54
J_all828_legacy_order,main,MCLP,5,32,-1,29,-22.638554401976752,-43.160001845625231,True,False,104
J_all828_legacy_order,main,MCLP,5,32,-1,30,-22.876635031970025,-43.809851266981823,True,False,46
J_all828_legacy_order,main,MCLP,5,32,-1,31,-22.408608081087024,-43.13140914649253,True,False,63
J_all828_legacy_order,main,MCLP,3,64,-1,0,-22.954408685481411,-43.185650031057385,True,False,942
J_all828_legacy_order,main,MCLP,3,64,-1,1,-22.916792143186889,-43.231550399129098,True,False,848
J_all828_legacy_order,main,MCLP,3,64,-1,2,-22.885934196316509,-43.110654370820299,True,False,552
J_all828_legacy_order,main,MCLP,3,64,-1,3,-22.98210232841188,-43.220133149701809,True,False,457
J_all828_legacy_order,main,MCLP,3,64,-1,4,-22.89945802156581,-43.197084522165021,True,False,416
J_all828_legacy_order,main,MCLP,3,64,-1,5,-22.920928532759326,-43.358465481509597,True,False,228
J_all828_legacy_order,main,MCLP,3,64,-1,6,-22.886580416060379,-43.2773189390998,True,False,193
J_all828_legacy_order,main,MCLP,3,64,-1,7,-22.84373140637614,-43.302426725826379,True,False,204
J_all828_legacy_order,main,MCLP,3,64,-1,8,-22.896407842881192,-43.577510013811043,True,False,254
J_all828_legacy_order,main,MCLP,3,64,-1,9,-22.870448202643569,-43.342965268163042,True,False,277
J_all828_legacy_order,main,MCLP,3,64,-1,10,-22.751111606071024,-43.460118964769471,True,False,225
J_all828_legacy_order,main,MCLP,3,64,-1,11,-23.001267617010637,-43.335598837067202,True,False,228
J_all828_legacy_order,main,MCLP,3,64,-1,12,-22.949418433889697,-43.38717689639774,True,False,227
J_all828_legacy_order,main,MCLP,3,64,-1,13,-23.012986504226461,-43.46551954103294,True,False,204
J_all828_legacy_order,main,MCLP,3,64,-1,14,-22.791786349943763,-43.415893666473487,True,False,191
J_all828_legacy_order,main,MCLP,3,64,-1,15,-22.829351276710405,-43.01399541493803,True,False,141
J_all828_legacy_order,main,MCLP,3,64,-1,16,-22.871019283986563,-43.458514428725749,True,False,100
J_all828_legacy_order,main,MCLP,3,64,-1,17,-22.943384670900659,-43.334379195440683,True,False,194
J_all828_legacy_order,main,MCLP,3,64,-1,18,-22.797778392204659,-43.181360862515433,True,False,147
J_all828_legacy_order,main,MCLP,3,64,-1,19,-22.850002554499312,-43.263354020176415,True,False,196
J_all828_legacy_order,main,MCLP,3,64,-1,20,-22.941155596656401,-43.043134176624925,True,False,135
J_all828_legacy_order,main,MCLP,3,64,-1,21,-22.913149027532867,-43.653569673637492,True,False,121
J_all828_legacy_order,main,MCLP,3,64,-1,22,-23.000618991095681,-43.404718284567252,True,False,116
J_all828_legacy_order,main,MCLP,3,64,-1,23,-22.877515295743311,-43.530293480753762,True,False,121
J_all828_legacy_order,main,MCLP,3,64,-1,24,-22.840098124434224,-43.067783333874118,True,False,123
J_all828_legacy_order,main,MCLP,3,64,-1,25,-22.78315358395092,-43.359790035626119,True,False,114
J_all828_legacy_order,main,MCLP,3,64,-1,26,-22.839960552960555,-43.377039105722908,True,False,106
J_all828_legacy_order,main,MCLP,3,64,-1,27,-22.508131637080279,-43.181414687516991,True,False,88
J_all828_legacy_order,main,MCLP,3,64,-1,28,-22.755338688692213,-43.308531682770784,True,False,103
J_all828_legacy_order,main,MCLP,3,64,-1,29,-22.901684792085454,-43.068914960888158,True,False,120
J_all828_legacy_order,main,MCLP,3,64,-1,30,-22.748890763540413,-43.402188592951823,True,False,84
J_all828_legacy_order,main,MCLP,3,64,-1,31,-22.927779325237221,-43.554503392883646,True,False,118
J_all828_legacy_order,main,MCLP,3,64,-1,32,-22.879549301241177,-43.410118624961818,True,False,96
J_all828_legacy_order,main,MCLP,3,64,-1,33,-22.750950306589704,-43.510493636195598,True,False,90
J_all828_legacy_order,main,MCLP,3,64,-1,34,-22.70596026208645,-43.444260934796837,True,False,68
J_all828_legacy_order,main,MCLP,3,64,-1,35,-22.906575946931888,-43.288191675905772,True,False,199
J_all828_legacy_order,main,MCLP,3,64,-1,36,-22.670668086334341,-43.262555633319188,True,False,43
J_all828_legacy_order,main,MCLP,3,64,-1,37,-22.927005350316222,-42.8293157127626,True,False,62
J_all828_legacy_order,main,MCLP,3,64,-1,38,-22.721880392950524,-43.56120106689918,True,False,90
J_all828_legacy_order,main,MCLP,3,64,-1,39,-22.885933394996819,-43.011983104667294,True,False,50
J_all828_legacy_order,main,MCLP,3,64,-1,40,-22.973834321262331,-43.681076192478599,True,False,66
J_all828_legacy_order,main,MCLP,3,64,-1,41,-22.91750488776345,-43.69308722014739,True,False,49
J_all828_legacy_order,main,MCLP,3,64,-1,42,-22.888192458215805,-43.624736504286922,True,False,68
J_all828_legacy_order,main,MCLP,3,64,-1,43,-22.984082408782115,-43.448890199194111,True,False,59
J_all828_legacy_order,main,MCLP,3,64,-1,44,-22.91373119718309,-43.390897120577669,True,False,127
J_all828_legacy_order,main,MCLP,3,64,-1,45,-22.966699556811079,-43.601768668742501,True,False,66
J_all828_legacy_order,main,MCLP,3,64,-1,46,-22.811456217228336,-42.972208631733523,True,False,63
J_all828_legacy_order,main,MCLP,3,64,-1,47,-22.531038247576937,-43.212309414991445,True,False,50
J_all828_legacy_order,main,MCLP,3,64,-1,48,-22.71884157108849,-43.335950363135801,True,False,50
J_all828_legacy_order,main,MCLP,3,64,-1,49,-22.862780471644363,-43.785267628191967,True,False,46
J_all828_legacy_order,main,MCLP,3,64,-1,50,-22.742481293107708,-42.857210752586653,True,False,50
J_all828_legacy_order,main,MCLP,3,64,-1,51,-22.61483382699214,-43.705683375748585,True,False,69
J_all828_legacy_order,main,MCLP,3,64,-1,52,-22.615933155012947,-43.179757198303761,True,False,58
J_all828_legacy_order,main,MCLP,3,64,-1,53,-22.432229262800231,-43.14086038411682,True,False,61
J_all828_legacy_order,main,MCLP,3,64,-1,54,-22.648338600540264,-43.058343791785497,True,False,68
J_all828_legacy_order,main,MCLP,3,64,-1,55,-22.880118655848957,-43.483604754804006,True,False,81
J_all828_legacy_order,main,MCLP,3,64,-1,56,-22.946221164792775,-42.886459517240688,True,False,30
J_all828_legacy_order,main,MCLP,3,64,-1,57,-22.99599813649958,-43.261663703422506,True,False,37
J_all828_legacy_order,main,MCLP,3,64,-1,58,-22.711927870432564,-42.63004113951235,True,False,53
J_all828_legacy_order,main,MCLP,3,64,-1,59,-22.811121030063202,-43.326212799077673,True,False,87
J_all828_legacy_order,main,MCLP,3,64,-1,60,-22.796290333508669,-43.045313938554123,True,False,31
J_all828_legacy_order,main,MCLP,3,64,-1,61,-22.950970620400131,-42.946833410618709,True,False,41
J_all828_legacy_order,main,MCLP,3,64,-1,62,-22.645303761933238,-43.262033726166649,True,False,75
J_all828_legacy_order,main,MCLP,3,64,-1,63,-22.496114223843747,-43.156204439943217,True,False,35
J_union825_legacy_order,main,P-Median,10,19,-1,0,-22.886545226178828,-43.281578990708248,True,False,596
J_union825_legacy_order,main,P-Median,10,19,-1,1,-22.898539335408451,-43.565421405163477,True,False,646
J_union825_legacy_order,main,P-Median,10,19,-1,2,-22.928999413639037,-43.18145032839962,True,False,765
J_union825_legacy_order,main,P-Median,10,19,-1,3,-22.508131637080279,-43.181414687516991,True,False,259
J_union825_legacy_order,main,P-Median,10,19,-1,4,-22.903244816618852,-43.107023598220486,True,False,820
J_union825_legacy_order,main,P-Median,10,19,-1,5,-22.920002522357752,-43.369575407350602,True,False,1060
J_union825_legacy_order,main,P-Median,10,19,-1,6,-22.758405694137402,-43.442957719272016,True,False,686
J_union825_legacy_order,main,P-Median,10,19,-1,7,-22.936255491866653,-43.661399065747545,True,False,332
J_union825_legacy_order,main,P-Median,10,19,-1,8,-22.827726551017101,-43.028899045397068,True,False,391
J_union825_legacy_order,main,P-Median,10,19,-1,9,-22.82666297562433,-43.322531463488403,True,False,685
J_union825_legacy_order,main,P-Median,10,19,-1,10,-22.967673604620369,-43.190028283432838,True,False,1022
J_union825_legacy_order,main,P-Median,10,19,-1,11,-23.012986504226461,-43.46551954103294,True,False,396
J_union825_legacy_order,main,P-Median,10,19,-1,12,-22.916792143186889,-43.231550399129098,True,False,885
J_union825_legacy_order,main,P-Median,10,19,-1,13,-22.709506815061729,-43.580279131181264,True,False,203
J_union825_legacy_order,main,P-Median,10,19,-1,14,-23.001267617010637,-43.335598837067202,True,False,311
J_union825_legacy_order,main,P-Median,10,19,-1,15,-22.809517664348768,-43.200203165434935,True,False,168
J_union825_legacy_order,main,P-Median,10,19,-1,16,-22.735331489397929,-42.838837742593363,True,False,113
J_union825_legacy_order,main,P-Median,10,19,-1,17,-22.649550626444302,-43.230341289921753,True,False,220
J_union825_legacy_order,main,P-Median,10,19,-1,18,-22.934648949993939,-42.882280441873341,True,False,133
J_union825_legacy_order,main,P-Median,5,48,-1,0,-22.900247004009792,-43.286209546514357,True,False,353
J_union825_legacy_order,main,P-Median,5,48,-1,1,-22.916244564738715,-43.217950335265293,True,False,382
J_union825_legacy_order,main,P-Median,5,48,-1,2,-22.936153909752679,-43.181832267833023,True,False,377
J_union825_legacy_order,main,P-Median,5,48,-1,3,-22.508131637080279,-43.181414687516991,True,False,173
J_union825_legacy_order,main,P-Median,5,48,-1,4,-22.879226893202649,-43.091571865721441,True,False,172
J_union825_legacy_order,main,P-Median,5,48,-1,5,-22.923355641776094,-43.383046917508274,True,False,224
J_union825_legacy_order,main,P-Median,5,48,-1,6,-22.745675146224823,-43.443888027884469,True,False,313
J_union825_legacy_order,main,P-Median,5,48,-1,7,-22.918189881677439,-43.612350856541859,True,False,211
J_union825_legacy_order,main,P-Median,5,48,-1,8,-22.829351276710405,-43.01399541493803,True,False,252
J_union825_legacy_order,main,P-Median,5,48,-1,9,-22.835042850775064,-43.312636472404378,True,False,274
J_union825_legacy_order,main,P-Median,5,48,-1,10,-22.856203714532519,-43.374955789677323,True,False,166
J_union825_legacy_order,main,P-Median,5,48,-1,11,-23.012986504226461,-43.46551954103294,True,False,280
J_union825_legacy_order,main,P-Median,5,48,-1,12,-22.973834321262331,-43.681076192478599,True,False,72
J_union825_legacy_order,main,P-Median,5,48,-1,13,-22.717690365076312,-43.56406590011273,True,False,90
J_union825_legacy_order,main,P-Median,5,48,-1,14,-23.003656668383979,-43.340758853213849,True,False,228
J_union825_legacy_order,main,P-Median,5,48,-1,15,-22.809517664348768,-43.200203165434935,True,False,147
J_union825_legacy_order,main,P-Median,5,48,-1,16,-22.711927870432564,-42.63004113951235,True,False,34
J_union825_legacy_order,main,P-Median,5,48,-1,17,-22.652696249418973,-43.276125649861299,True,False,109
J_union825_legacy_order,main,P-Median,5,48,-1,18,-22.923453985690251,-42.857602477494893,True,False,109
J_union825_legacy_order,main,P-Median,5,48,-1,19,-22.882442915756783,-43.349470070284447,True,False,274
J_union825_legacy_order,main,P-Median,5,48,-1,20,-22.894339599203761,-43.567222904546611,True,False,429
J_union825_legacy_order,main,P-Median,5,48,-1,21,-22.903244816618852,-43.107023598220486,True,False,508
J_union825_legacy_order,main,P-Median,5,48,-1,22,-22.804257068335087,-43.421090607170761,True,False,187
J_union825_legacy_order,main,P-Median,5,48,-1,23,-22.651419516496585,-43.066557876304017,True,False,48
J_union825_legacy_order,main,P-Median,5,48,-1,24,-22.947654432561997,-43.03365087049761,True,False,173
J_union825_legacy_order,main,P-Median,5,48,-1,25,-22.87922054417216,-43.459310464937992,True,False,235
J_union825_legacy_order,main,P-Median,5,48,-1,26,-22.755338688692213,-43.308531682770784,True,False,157
J_union825_legacy_order,main,P-Median,5,48,-1,27,-22.969148201152677,-43.383065237968161,True,False,166
J_union825_legacy_order,main,P-Median,5,48,-1,28,-22.408608081087024,-43.13140914649253,True,False,61
J_union825_legacy_order,main,P-Median,5,48,-1,29,-22.61483382699214,-43.705683375748585,True,False,49
J_union825_legacy_order,main,P-Median,5,48,-1,30,-22.850002554499312,-43.263354020176415,True,False,244
J_union825_legacy_order,main,P-Median,5,48,-1,31,-22.905696239420447,-43.179258208124025,True,False,330
J_union825_legacy_order,main,P-Median,5,48,-1,32,-22.868670153263292,-43.780139527800472,True,False,46
J_union825_legacy_order,main,P-Median,5,48,-1,33,-22.750196280856521,-42.871877166032107,True,False,56
J_union825_legacy_order,main,P-Median,5,48,-1,34,-22.827481947170185,-43.069815234475598,True,False,128
J_union825_legacy_order,main,P-Median,5,48,-1,35,-22.98284371340203,-43.224740007201753,True,False,314
J_union825_legacy_order,main,P-Median,5,48,-1,36,-22.938856559491374,-43.345833803466263,True,False,335
J_union825_legacy_order,main,P-Median,5,48,-1,37,-22.954408685481411,-43.185650031057385,True,False,443
J_union825_legacy_order,main,P-Median,5,48,-1,38,-22.747655366540023,-43.500451999215727,True,False,130
J_union825_legacy_order,main,P-Median,5,48,-1,39,-22.470849051492323,-42.657121037845286,True,False,19
J_union825_legacy_order,main,P-Median,5,48,-1,40,-23.000618991095681,-43.404718284567252,True,False,116
J_union825_legacy_order,main,P-Median,5,48,-1,41,-22.922555910410811,-43.243901231317686,True,False,529
J_union825_legacy_order,main,P-Median,5,48,-1,42,-22.919734370551129,-43.67148457968753,True,False,121
J_union825_legacy_order,main,P-Median,5,48,-1,43,-22.615933155012947,-43.179757198303761,True,False,66
J_union825_legacy_order,main,P-Median,5,48,-1,44,-22.527718078493137,-42.978266279510713,True,False,21
J_union825_legacy_order,main,P-Median,5,48,-1,45,-22.74100679492528,-43.699829819938401,True,False,33
J_union825_legacy_order,main,P-Median,5,48,-1,46,-22.781300436581091,-43.370408438859343,True,False,178
J_union825_legacy_order,main,P-Median,5,48,-1,47,-22.980184787318848,-43.194590667739973,True,False,329
J_union825_legacy_order,main,P-Median,3,90,-1,0,-22.896463187772799,-43.27217170225893,True,False,159
J_union825_legacy_order,main,P-Median,3,90,-1,1,-22.870856012007138,-43.543848748962922,True,False,90
J_union825_legacy_order,main,P-Median,3,90,-1,2,-22.716288877191023,-43.51530571258531,True,False,34
J_union825_legacy_order,main,P-Median,3,90,-1,3,-22.866391297064204,-43.271588010936242,True,False,121
J_union825_legacy_order,main,P-Median,3,90,-1,4,-22.879226893202649,-43.091571865721441,True,False,119
J_union825_legacy_order,main,P-Median,3,90,-1,5,-22.962843790439337,-43.401165783067313,True,False,63
J_union825_legacy_order,main,P-Median,3,90,-1,6,-22.853879739168629,-43.396809432222291,True,False,60
J_union825_legacy_order,main,P-Median,3,90,-1,7,-22.922380751135307,-43.629510536912335,True,False,72
J_union825_legacy_order,main,P-Median,3,90,-1,8,-22.818906926534805,-42.997511962391108,True,False,125
J_union825_legacy_order,main,P-Median,3,90,-1,9,-22.82666297562433,-43.322531463488403,True,False,125
J_union825_legacy_order,main,P-Median,3,90,-1,10,-22.965504326975658,-43.215448413220379,True,False,110
J_union825_legacy_order,main,P-Median,3,90,-1,11,-23.012986504226461,-43.46551954103294,True,False,204
J_union825_legacy_order,main,P-Median,3,90,-1,12,-22.954278207609654,-42.967118947552237,True,False,24
J_union825_legacy_order,main,P-Median,3,90,-1,13,-22.717690365076312,-43.56406590011273,True,False,59
J_union825_legacy_order,main,P-Median,3,90,-1,14,-23.003656668383979,-43.340758853213849,True,False,187
J_union825_legacy_order,main,P-Median,3,90,-1,15,-22.809517664348768,-43.200203165434935,True,False,147
J_union825_legacy_order,main,P-Median,3,90,-1,16,-22.711927870432564,-42.63004113951235,True,False,34
J_union825_legacy_order,main,P-Median,3,90,-1,17,-22.653627376975511,-43.275889670989692,True,False,89
J_union825_legacy_order,main,P-Median,3,90,-1,18,-22.934535219557365,-42.911752855372335,True,False,47
J_union825_legacy_order,main,P-Median,3,90,-1,19,-22.524744277401208,-43.211603579902558,True,False,51
J_union825_legacy_order,main,P-Median,3,90,-1,20,-22.916840745702157,-43.562340107121237,True,False,97
J_union825_legacy_order,main,P-Median,3,90,-1,21,-22.90630099451813,-43.105973880660926,True,False,350
J_union825_legacy_order,main,P-Median,3,90,-1,22,-22.805706631753832,-43.423079052406642,True,False,127
J_union825_legacy_order,main,P-Median,3,90,-1,23,-22.651419516496585,-43.066557876304017,True,False,46
J_union825_legacy_order,main,P-Median,3,90,-1,24,-22.947654432561997,-43.03365087049761,True,False,79
J_union825_legacy_order,main,P-Median,3,90,-1,25,-22.607286064343828,-43.298574737764874,True,False,20
J_union825_legacy_order,main,P-Median,3,90,-1,26,-22.764057590112579,-43.300413100636852,True,False,98
J_union825_legacy_order,main,P-Median,3,90,-1,27,-22.969148201152677,-43.383065237968161,True,False,103
J_union825_legacy_order,main,P-Median,3,90,-1,28,-22.408608081087024,-43.13140914649253,True,False,46
J_union825_legacy_order,main,P-Median,3,90,-1,29,-22.61483382699214,-43.705683375748585,True,False,35
J_union825_legacy_order,main,P-Median,3,90,-1,30,-22.842072893003269,-43.265065434319375,True,False,150
J_union825_legacy_order,main,P-Median,3,90,-1,31,-22.905686000249091,-43.177156307060464,True,False,225
J_union825_legacy_order,main,P-Median,3,90,-1,32,-22.868670153263292,-43.780139527800472,True,False,46
J_union825_legacy_order,main,P-Median,3,90,-1,33,-22.750196280856521,-42.871877166032107,True,False,56
J_union825_legacy_order,main,P-Median,3,90,-1,34,-22.827481947170185,-43.069815234475598,True,False,108
J_union825_legacy_order,main,P-Median,3,90,-1,35,-22.98284371340203,-43.224740007201753,True,False,203
J_union825_legacy_order,main,P-Median,3,90,-1,36,-22.943384670900659,-43.334379195440683,True,False,115
J_union825_legacy_order,main,P-Median,3,90,-1,37,-22.953082188232276,-43.189245364906768,True,False,276
J_union825_legacy_order,main,P-Median,3,90,-1,38,-22.87350715228709,-43.365677543874483,True,False,141
J_union825_legacy_order,main,P-Median,3,90,-1,39,-22.470849051492323,-42.657121037845286,True,False,19
J_union825_legacy_order,main,P-Median,3,90,-1,40,-23.000618991095681,-43.404718284567252,True,False,116
J_union825_legacy_order,main,P-Median,3,90,-1,41,-22.922758980989411,-43.246104027508025,True,False,360
J_union825_legacy_order,main,P-Median,3,90,-1,42,-22.919734370551129,-43.67148457968753,True,False,121
J_union825_legacy_order,main,P-Median,3,90,-1,43,-22.615933155012947,-43.179757198303761,True,False,50
J_union825_legacy_order,main,P-Median,3,90,-1,44,-22.883317935180688,-43.319511906680248,True,False,127
J_union825_legacy_order,main,P-Median,3,90,-1,45,-22.74100679492528,-43.699829819938401,True,False,20
J_union825_legacy_order,main,P-Median,3,90,-1,46,-22.790646777654263,-43.375643445446975,True,False,134
J_union825_legacy_order,main,P-Median,3,90,-1,47,-22.980184787318848,-43.194590667739973,True,False,250
J_union825_legacy_order,main,P-Median,3,90,-1,48,-22.527718078493137,-42.978266279510713,True,False,21
J_union825_legacy_order,main,P-Median,3,90,-1,49,-22.979021180890101,-43.690122451652577,True,False,49
J_union825_legacy_order,main,P-Median,3,90,-1,50,-22.914282966536831,-42.834563323886449,True,False,62
J_union825_legacy_order,main,P-Median,3,90,-1,51,-22.896089584185965,-43.598896711909283,True,False,120
J_union825_legacy_order,main,P-Median,3,90,-1,52,-22.902823180776025,-43.050858129377211,True,False,66
J_union825_legacy_order,main,P-Median,3,90,-1,53,-22.718454478738639,-43.453330066166757,True,False,110
J_union825_legacy_order,main,P-Median,3,90,-1,54,-22.919342584449812,-43.215423225025688,True,False,201
J_union825_legacy_order,main,P-Median,3,90,-1,55,-22.876979699775763,-43.425279126762909,True,False,97
J_union825_legacy_order,main,P-Median,3,90,-1,56,-22.964378631240205,-43.611867369266768,True,False,61
J_union825_legacy_order,main,P-Median,3,90,-1,57,-22.906575946931888,-43.288191675905772,True,False,176
J_union825_legacy_order,main,P-Median,3,90,-1,58,-22.893701145563103,-43.120417849276677,True,False,150
J_union825_legacy_order,main,P-Median,3,90,-1,59,-22.701423952234322,-43.15952521180791,True,False,18
J_union825_legacy_order,main,P-Median,3,90,-1,60,-22.770064916804248,-43.422339662467735,True,False,86
J_union825_legacy_order,main,P-Median,3,90,-1,61,-22.918167419985291,-43.386515528441173,True,False,155
J_union825_legacy_order,main,P-Median,3,90,-1,62,-22.965586191842657,-43.184053068618113,True,False,218
J_union825_legacy_order,main,P-Median,3,90,-1,63,-22.510230788197468,-43.175443874455112,True,False,122
J_union825_legacy_order,main,P-Median,3,90,-1,64,-22.741026017626659,-43.390589102875857,True,False,65
J_union825_legacy_order,main,P-Median,3,90,-1,65,-22.819261693552441,-43.034765203493123,True,False,78
J_union825_legacy_order,main,P-Median,3,90,-1,66,-22.984082408782115,-43.448890199194111,True,False,59
J_union825_legacy_order,main,P-Median,3,90,-1,67,-22.940616864219159,-43.065454011123407,True,False,56
J_union825_legacy_order,main,P-Median,3,90,-1,68,-22.882455390113918,-43.574942249018072,True,False,138
J_union825_legacy_order,main,P-Median,3,90,-1,69,-22.84251003329592,-43.353490690661332,True,False,74
J_union825_legacy_order,main,P-Median,3,90,-1,70,-22.755876522336781,-43.450113091196819,True,False,159
J_union825_legacy_order,main,P-Median,3,90,-1,71,-22.753658680279631,-43.505682099994011,True,False,86
J_union825_legacy_order,main,P-Median,3,90,-1,72,-22.908174032805224,-43.539677878259518,True,False,76
J_union825_legacy_order,main,P-Median,3,90,-1,73,-22.846064764028309,-43.310535362275189,True,False,122
J_union825_legacy_order,main,P-Median,3,90,-1,74,-22.867825487785609,-43.002749069555286,True,False,78
J_union825_legacy_order,main,P-Median,3,90,-1,75,-22.893703236582244,-43.231517621190036,True,False,90
J_union825_legacy_order,main,P-Median,3,90,-1,76,-22.966192360899608,-43.330734513875441,True,False,54
J_union825_legacy_order,main,P-Median,3,90,-1,77,-22.912857010734331,-43.188349118437991,True,False,176
J_union825_legacy_order,main,P-Median,3,90,-1,78,-22.669510518389892,-43.614525479906831,True,False,35
J_union825_legacy_order,main,P-Median,3,90,-1,79,-22.936910913712651,-43.360973350350811,True,False,217
J_union825_legacy_order,main,P-Median,3,90,-1,80,-22.895126173289949,-43.357502145957,True,False,113
J_union825_legacy_order,main,P-Median,3,90,-1,81,-22.99599813649958,-43.261663703422506,True,False,37
J_union825_legacy_order,main,P-Median,3,90,-1,82,-22.868363814263653,-43.469232167950608,True,False,147
J_union825_legacy_order,main,P-Median,3,90,-1,83,-22.72351123290818,-43.321486428837893,True,False,59
J_union825_legacy_order,main,P-Median,3,90,-1,84,-23.004990522576701,-43.547845204575459,True,False,17
J_union825_legacy_order,main,P-Median,3,90,-1,85,-22.936153909752679,-43.181832267833023,True,False,346
J_union825_legacy_order,main,P-Median,3,90,-1,86,-22.807910816253671,-43.644304412473865,True,False,26
J_union825_legacy_order,main,P-Median,3,90,-1,87,-22.338529289758171,-43.128998839499978,True,False,15
J_union825_legacy_order,main,P-Median,3,90,-1,88,-23.010803499326403,-43.309886652481097,True,False,41
J_union825_legacy_order,main,P-Median,3,90,-1,89,-22.926258825257275,-43.231846424609145,True,False,177
J_union825_legacy_order,main,MCLP,10,12,-1,0,-22.918636000417841,-43.25724486396328,True,False,3364
J_union825_legacy_order,main,MCLP,10,12,-1,1,-22.853879739168629,-43.396809432222291,True,False,1146
J_union825_legacy_order,main,MCLP,10,12,-1,2,-22.896323056633179,-43.038457727277269,True,False,1137
J_union825_legacy_order,main,MCLP,10,12,-1,3,-23.000618991095681,-43.404718284567252,True,False,989
J_union825_legacy_order,main,MCLP,10,12,-1,4,-22.908445285088447,-43.60810021286953,True,False,904
J_union825_legacy_order,main,MCLP,10,12,-1,5,-22.744030405639823,-43.386861622763917,True,False,616
J_union825_legacy_order,main,MCLP,10,12,-1,6,-22.475562635890437,-43.148370152985294,True,False,259
J_union825_legacy_order,main,MCLP,10,12,-1,7,-22.804862862717741,-43.225728226319561,True,False,440
J_union825_legacy_order,main,MCLP,10,12,-1,8,-22.720466020617074,-43.556797259760771,True,False,299
J_union825_legacy_order,main,MCLP,10,12,-1,9,-22.649550626444302,-43.230341289921753,True,False,216
J_union825_legacy_order,main,MCLP,10,12,-1,10,-22.926107752919268,-42.898503563712787,True,False,131
J_union825_legacy_order,main,MCLP,10,12,-1,11,-22.77209935726771,-42.922643079861238,True,False,190
J_union825_legacy_order,main,MCLP,5,32,-1,0,-22.93845834691675,-43.196368076205502,True,False,1860
J_union825_legacy_order,main,MCLP,5,32,-1,1,-22.886593254313329,-43.267834200698552,True,False,727
J_union825_legacy_order,main,MCLP,5,32,-1,2,-22.936910913712651,-43.360973350350811,True,False,384
J_union825_legacy_order,main,MCLP,5,32,-1,3,-22.879226893202649,-43.091571865721441,True,False,700
J_union825_legacy_order,main,MCLP,5,32,-1,4,-22.85332826176321,-43.328228062631148,True,False,488
J_union825_legacy_order,main,MCLP,5,32,-1,5,-22.906374170614946,-43.566410061329776,True,False,423
J_union825_legacy_order,main,MCLP,5,32,-1,6,-22.773281327423419,-43.417817145369007,True,False,289
J_union825_legacy_order,main,MCLP,5,32,-1,7,-22.97841522971715,-43.237729192717843,True,False,494
J_union825_legacy_order,main,MCLP,5,32,-1,8,-22.984082408782115,-43.448890199194111,True,False,379
J_union825_legacy_order,main,MCLP,5,32,-1,9,-22.819261693552441,-43.034765203493123,True,False,206
J_union825_legacy_order,main,MCLP,5,32,-1,10,-22.86435505255422,-43.434757144170185,True,False,212
J_union825_legacy_order,main,MCLP,5,32,-1,11,-22.986105098852665,-43.311520670632312,True,False,282
J_union825_legacy_order,main,MCLP,5,32,-1,12,-22.733144913944965,-43.47564299726109,True,False,274
J_union825_legacy_order,main,MCLP,5,32,-1,13,-22.913149027532867,-43.653569673637492,True,False,229
J_union825_legacy_order,main,MCLP,5,32,-1,14,-22.510230788197468,-43.175443874455112,True,False,192
J_union825_legacy_order,main,MCLP,5,32,-1,15,-22.749595823587462,-43.316204756652816,True,False,178
J_union825_legacy_order,main,MCLP,5,32,-1,16,-22.797778392204659,-43.181360862515433,True,False,147
J_union825_legacy_order,main,MCLP,5,32,-1,17,-22.947654432561997,-43.03365087049761,True,False,142
J_union825_legacy_order,main,MCLP,5,32,-1,18,-22.645303761933238,-43.262033726166649,True,False,119
J_union825_legacy_order,main,MCLP,5,32,-1,19,-22.735694400435161,-43.542197211853576,True,False,228
J_union825_legacy_order,main,MCLP,5,32,-1,20,-22.860376601769168,-43.255669827757202,True,False,236
J_union825_legacy_order,main,MCLP,5,32,-1,21,-22.816850689474528,-43.374314532417216,True,False,215
J_union825_legacy_order,main,MCLP,5,32,-1,22,-22.972563998366837,-43.642950470314368,True,False,115
J_union825_legacy_order,main,MCLP,5,32,-1,23,-22.885872200386764,-43.513728918040449,True,False,152
J_union825_legacy_order,main,MCLP,5,32,-1,24,-22.923453985690251,-42.857602477494893,True,False,86
J_union825_legacy_order,main,MCLP,5,32,-1,25,-22.923355641776094,-43.383046917508274,True,False,404
J_union825_legacy_order,main,MCLP,5,32,-1,26,-22.839067007882178,-42.98789279135017,True,False,154
J_union825_legacy_order,main,MCLP,5,32,-1,27,-22.754117583287929,-42.888835530246112,True,False,109
J_union825_legacy_order,main,MCLP,5,32,-1,28,-22.92600502136488,-42.940013982950965,True,False,54
J_union825_legacy_order,main,MCLP,5,32,-1,29,-22.638554401976752,-43.160001845625231,True,False,104
J_union825_legacy_order,main,MCLP,5,32,-1,30,-22.876635031970025,-43.809851266981823,True,False,46
J_union825_legacy_order,main,MCLP,5,32,-1,31,-22.408608081087024,-43.13140914649253,True,False,63
J_union825_legacy_order,main,MCLP,3,64,-1,0,-22.954408685481411,-43.185650031057385,True,False,942
J_union825_legacy_order,main,MCLP,3,64,-1,1,-22.916792143186889,-43.231550399129098,True,False,848
J_union825_legacy_order,main,MCLP,3,64,-1,2,-22.885934196316509,-43.110654370820299,True,False,552
J_union825_legacy_order,main,MCLP,3,64,-1,3,-22.98210232841188,-43.220133149701809,True,False,457
J_union825_legacy_order,main,MCLP,3,64,-1,4,-22.89945802156581,-43.197084522165021,True,False,416
J_union825_legacy_order,main,MCLP,3,64,-1,5,-22.920928532759326,-43.358465481509597,True,False,228
J_union825_legacy_order,main,MCLP,3,64,-1,6,-22.886580416060379,-43.2773189390998,True,False,193
J_union825_legacy_order,main,MCLP,3,64,-1,7,-22.84373140637614,-43.302426725826379,True,False,204
J_union825_legacy_order,main,MCLP,3,64,-1,8,-22.896407842881192,-43.577510013811043,True,False,254
J_union825_legacy_order,main,MCLP,3,64,-1,9,-22.870448202643569,-43.342965268163042,True,False,277
J_union825_legacy_order,main,MCLP,3,64,-1,10,-22.751111606071024,-43.460118964769471,True,False,225
J_union825_legacy_order,main,MCLP,3,64,-1,11,-23.001267617010637,-43.335598837067202,True,False,228
J_union825_legacy_order,main,MCLP,3,64,-1,12,-22.949418433889697,-43.38717689639774,True,False,227
J_union825_legacy_order,main,MCLP,3,64,-1,13,-23.012986504226461,-43.46551954103294,True,False,204
J_union825_legacy_order,main,MCLP,3,64,-1,14,-22.791786349943763,-43.415893666473487,True,False,191
J_union825_legacy_order,main,MCLP,3,64,-1,15,-22.829351276710405,-43.01399541493803,True,False,141
J_union825_legacy_order,main,MCLP,3,64,-1,16,-22.871019283986563,-43.458514428725749,True,False,100
J_union825_legacy_order,main,MCLP,3,64,-1,17,-22.943384670900659,-43.334379195440683,True,False,194
J_union825_legacy_order,main,MCLP,3,64,-1,18,-22.797778392204659,-43.181360862515433,True,False,147
J_union825_legacy_order,main,MCLP,3,64,-1,19,-22.850002554499312,-43.263354020176415,True,False,196
J_union825_legacy_order,main,MCLP,3,64,-1,20,-22.941155596656401,-43.043134176624925,True,False,135
J_union825_legacy_order,main,MCLP,3,64,-1,21,-22.913149027532867,-43.653569673637492,True,False,121
J_union825_legacy_order,main,MCLP,3,64,-1,22,-23.000618991095681,-43.404718284567252,True,False,116
J_union825_legacy_order,main,MCLP,3,64,-1,23,-22.877515295743311,-43.530293480753762,True,False,121
J_union825_legacy_order,main,MCLP,3,64,-1,24,-22.840098124434224,-43.067783333874118,True,False,123
J_union825_legacy_order,main,MCLP,3,64,-1,25,-22.78315358395092,-43.359790035626119,True,False,114
J_union825_legacy_order,main,MCLP,3,64,-1,26,-22.839960552960555,-43.377039105722908,True,False,106
J_union825_legacy_order,main,MCLP,3,64,-1,27,-22.508131637080279,-43.181414687516991,True,False,88
J_union825_legacy_order,main,MCLP,3,64,-1,28,-22.755338688692213,-43.308531682770784,True,False,103
J_union825_legacy_order,main,MCLP,3,64,-1,29,-22.901684792085454,-43.068914960888158,True,False,120
J_union825_legacy_order,main,MCLP,3,64,-1,30,-22.748890763540413,-43.402188592951823,True,False,84
J_union825_legacy_order,main,MCLP,3,64,-1,31,-22.927779325237221,-43.554503392883646,True,False,118
J_union825_legacy_order,main,MCLP,3,64,-1,32,-22.879549301241177,-43.410118624961818,True,False,96
J_union825_legacy_order,main,MCLP,3,64,-1,33,-22.750950306589704,-43.510493636195598,True,False,90
J_union825_legacy_order,main,MCLP,3,64,-1,34,-22.70596026208645,-43.444260934796837,True,False,68
J_union825_legacy_order,main,MCLP,3,64,-1,35,-22.906575946931888,-43.288191675905772,True,False,199
J_union825_legacy_order,main,MCLP,3,64,-1,36,-22.670668086334341,-43.262555633319188,True,False,43
J_union825_legacy_order,main,MCLP,3,64,-1,37,-22.927005350316222,-42.8293157127626,True,False,62
J_union825_legacy_order,main,MCLP,3,64,-1,38,-22.721880392950524,-43.56120106689918,True,False,90
J_union825_legacy_order,main,MCLP,3,64,-1,39,-22.885933394996819,-43.011983104667294,True,False,50
J_union825_legacy_order,main,MCLP,3,64,-1,40,-22.973834321262331,-43.681076192478599,True,False,66
J_union825_legacy_order,main,MCLP,3,64,-1,41,-22.91750488776345,-43.69308722014739,True,False,49
J_union825_legacy_order,main,MCLP,3,64,-1,42,-22.888192458215805,-43.624736504286922,True,False,68
J_union825_legacy_order,main,MCLP,3,64,-1,43,-22.984082408782115,-43.448890199194111,True,False,59
J_union825_legacy_order,main,MCLP,3,64,-1,44,-22.91373119718309,-43.390897120577669,True,False,127
J_union825_legacy_order,main,MCLP,3,64,-1,45,-22.966699556811079,-43.601768668742501,True,False,66
J_union825_legacy_order,main,MCLP,3,64,-1,46,-22.811456217228336,-42.972208631733523,True,False,63
J_union825_legacy_order,main,MCLP,3,64,-1,47,-22.531038247576937,-43.212309414991445,True,False,50
J_union825_legacy_order,main,MCLP,3,64,-1,48,-22.71884157108849,-43.335950363135801,True,False,50
J_union825_legacy_order,main,MCLP,3,64,-1,49,-22.862780471644363,-43.785267628191967,True,False,46
J_union825_legacy_order,main,MCLP,3,64,-1,50,-22.742481293107708,-42.857210752586653,True,False,50
J_union825_legacy_order,main,MCLP,3,64,-1,51,-22.61483382699214,-43.705683375748585,True,False,69
J_union825_legacy_order,main,MCLP,3,64,-1,52,-22.615933155012947,-43.179757198303761,True,False,58
J_union825_legacy_order,main,MCLP,3,64,-1,53,-22.432229262800231,-43.14086038411682,True,False,61
J_union825_legacy_order,main,MCLP,3,64,-1,54,-22.648338600540264,-43.058343791785497,True,False,68
J_union825_legacy_order,main,MCLP,3,64,-1,55,-22.880118655848957,-43.483604754804006,True,False,81
J_union825_legacy_order,main,MCLP,3,64,-1,56,-22.946221164792775,-42.886459517240688,True,False,30
J_union825_legacy_order,main,MCLP,3,64,-1,57,-22.99599813649958,-43.261663703422506,True,False,37
J_union825_legacy_order,main,MCLP,3,64,-1,58,-22.711927870432564,-42.63004113951235,True,False,53
J_union825_legacy_order,main,MCLP,3,64,-1,59,-22.811121030063202,-43.326212799077673,True,False,87
J_union825_legacy_order,main,MCLP,3,64,-1,60,-22.796290333508669,-43.045313938554123,True,False,31
J_union825_legacy_order,main,MCLP,3,64,-1,61,-22.950970620400131,-42.946833410618709,True,False,41
J_union825_legacy_order,main,MCLP,3,64,-1,62,-22.645303761933238,-43.262033726166649,True,False,75
J_union825_legacy_order,main,MCLP,3,64,-1,63,-22.496114223843747,-43.156204439943217,True,False,35
D16,D16,K-Means,10,17,42,0,-22.854645618193334,-43.361362233369348,True,False,856
D16,D16,K-Means,10,17,42,1,-22.948597344249915,-43.194473595335914,True,False,1934
D16,D16,K-Means,10,17,42,2,-22.890789676225083,-43.544770686673573,True,False,657
D16,D16,K-Means,10,17,42,3,-22.477721676146285,-43.171188651940248,True,False,234
D16,D16,K-Means,10,17,42,4,-22.899496712250588,-43.090051612609898,True,False,882
D16,D16,K-Means,10,17,42,5,-22.930251311870428,-42.877589616497644,True,False,131
D16,D16,K-Means,10,17,42,6,-22.756253100801427,-43.443706346884809,True,False,689
D16,D16,K-Means,10,17,42,7,-22.659703105304811,-43.257133378110723,True,False,205
D16,D16,K-Means,10,17,42,8,-22.956833455002027,-43.358827296157557,True,False,947
D16,D16,K-Means,10,17,42,9,-22.687765581185687,-43.632081148915482,True,False,151
D16,D16,K-Means,10,17,42,10,-23.005840776506826,-43.449898039964786,True,False,396
D16,D16,K-Means,10,17,42,11,-22.615312266741359,-43.049335979519377,True,False,75
D16,D16,K-Means,10,17,42,12,-22.622771667807957,-42.670856781461467,True,False,71
D16,D16,K-Means,10,17,42,13,-22.909883105056824,-43.254172287217955,True,False,1190
D16,D16,K-Means,10,17,42,14,-22.922699397194783,-43.669481183745361,True,False,378
D16,D16,K-Means,10,17,42,15,-22.816132146579303,-43.2599033885719,True,False,528
D16,D16,K-Means,10,17,42,16,-22.818211526451428,-42.993224026634294,True,False,383
D16,D16,K-Means,5,42,42,0,-22.739522352998545,-43.447056126680344,True,False,304
D16,D16,K-Means,5,42,42,1,-22.942672766487064,-43.181951004381411,True,False,580
D16,D16,K-Means,5,42,42,2,-22.507789963358125,-43.186020945855844,True,False,173
D16,D16,K-Means,5,42,42,3,-22.91801952820316,-43.609646454544929,True,False,236
D16,D16,K-Means,5,42,42,4,-22.875485006013637,-43.360025042259629,True,False,408
D16,D16,K-Means,5,42,42,5,-22.806662142475478,-43.193910955041872,True,False,147
D16,D16,K-Means,5,42,42,6,-22.930307321343793,-43.041035359098117,True,False,199
D16,D16,K-Means,5,42,42,7,-22.717214360366977,-42.64446332982078,True,False,34
D16,D16,K-Means,5,42,42,8,-23.00800408760573,-43.468615367200911,True,False,280
D16,D16,K-Means,5,42,42,9,-22.852237881269541,-43.265094021481666,True,False,236
D16,D16,K-Means,5,42,42,10,-22.650566297014748,-43.269604814840108,True,False,118
D16,D16,K-Means,5,42,42,11,-22.826595032251085,-43.004463788702431,True,False,239
D16,D16,K-Means,5,42,42,12,-22.997802675192077,-43.333148049555035,True,False,280
D16,D16,K-Means,5,42,42,13,-22.831978839222952,-43.066659600670185,True,False,140
D16,D16,K-Means,5,42,42,14,-22.752256896359984,-43.311313167187841,True,False,156
D16,D16,K-Means,5,42,42,15,-22.624109639675027,-43.690481055374008,True,False,49
D16,D16,K-Means,5,42,42,16,-22.871338940979843,-43.787009249444985,True,False,46
D16,D16,K-Means,5,42,42,17,-22.876122652963012,-43.455155508877858,True,False,244
D16,D16,K-Means,5,42,42,18,-22.52573511411174,-42.688751616777637,True,False,35
D16,D16,K-Means,5,42,42,19,-22.937990145975689,-42.923112515893202,True,False,69
D16,D16,K-Means,5,42,42,20,-22.77449442796382,-43.37502613297702,True,False,187
D16,D16,K-Means,5,42,42,21,-22.918439291579755,-43.235314310240639,True,False,863
D16,D16,K-Means,5,42,42,22,-22.971826198222633,-43.193491291700965,True,False,566
D16,D16,K-Means,5,42,42,23,-22.939065064575271,-43.675932886503055,True,False,189
D16,D16,K-Means,5,42,42,24,-22.605911571929401,-43.03476983869264,True,False,63
D16,D16,K-Means,5,42,42,25,-22.934995992356594,-43.350845841766727,True,False,326
D16,D16,K-Means,5,42,42,26,-22.897477079860078,-43.104629708920399,True,False,633
D16,D16,K-Means,5,42,42,27,-22.835816929647919,-43.314435717862942,True,False,281
D16,D16,K-Means,5,42,42,28,-22.749128477164554,-42.873321839684742,True,False,56
D16,D16,K-Means,5,42,42,29,-22.712460851060406,-43.575764070877163,True,False,71
D16,D16,K-Means,5,42,42,30,-22.386479977020706,-43.126180311782562,True,False,61
D16,D16,K-Means,5,42,42,31,-23.000618991095681,-43.404718284567252,True,False,116
D16,D16,K-Means,5,42,42,32,-22.893413250965633,-43.557467067767064,True,False,408
D16,D16,K-Means,5,42,42,33,-22.805121391506674,-43.417541151546217,True,False,212
D16,D16,K-Means,5,42,42,34,-22.764183503464924,-43.681340132765868,True,False,36
D16,D16,K-Means,5,42,42,35,-22.896806539603471,-43.28834309326799,True,False,388
D16,D16,K-Means,5,42,42,36,-22.921638738430705,-42.826927034912266,True,False,62
D16,D16,K-Means,5,42,42,37,-22.946190575271835,-43.388800640048565,True,False,323
D16,D16,K-Means,5,42,42,38,-22.90896142691577,-43.183882396552576,True,False,405
D16,D16,K-Means,5,42,42,39,-22.980258240038282,-43.231390378287394,True,False,290
D16,D16,K-Means,5,42,42,40,-22.639931123241041,-43.16656176366277,True,False,63
D16,D16,K-Means,5,42,42,41,-22.745739104532465,-43.506580998661221,True,False,135
D16,D16,K-Means,3,83,42,0,-22.882064324108189,-43.428640129959447,True,False,97
D16,D16,K-Means,3,83,42,1,-22.90209565908167,-43.108416801544237,True,False,497
D16,D16,K-Means,3,83,42,2,-22.618128525599094,-43.180181240546233,True,False,41
D16,D16,K-Means,3,83,42,3,-22.909474313441883,-43.615153798409366,True,False,163
D16,D16,K-Means,3,83,42,4,-22.89698021049939,-43.240722815779172,True,False,109
D16,D16,K-Means,3,83,42,5,-22.590912313472298,-42.726312929259805,True,False,16
D16,D16,K-Means,3,83,42,6,-22.753112402318173,-43.445279811623934,True,False,173
D16,D16,K-Means,3,83,42,7,-22.966260410372332,-43.186696191352688,True,False,569
D16,D16,K-Means,3,83,42,8,-23.000618991095681,-43.404718284567252,True,False,116
D16,D16,K-Means,3,83,42,9,-22.824510756633767,-43.00780079048188,True,False,106
D16,D16,K-Means,3,83,42,10,-22.921638738430705,-42.826927034912266,True,False,62
D16,D16,K-Means,3,83,42,11,-22.835620398969454,-43.312973251445996,True,False,264
D16,D16,K-Means,3,83,42,12,-22.665174706660398,-43.625697069287881,True,False,34
D16,D16,K-Means,3,83,42,13,-22.484839778930247,-43.16235784831072,True,False,47
D16,D16,K-Means,3,83,42,14,-22.91801294584911,-43.677054351447829,True,False,121
D16,D16,K-Means,3,83,42,15,-22.96554242872385,-43.388670665927215,True,False,166
D16,D16,K-Means,3,83,42,16,-22.806662142475478,-43.193910955041872,True,False,147
D16,D16,K-Means,3,83,42,17,-22.937962997265267,-43.182172552312501,True,False,430
D16,D16,K-Means,3,83,42,18,-23.005012045118431,-43.333698505060902,True,False,228
D16,D16,K-Means,3,83,42,19,-22.743213557277791,-42.857036748795409,True,False,41
D16,D16,K-Means,3,83,42,20,-22.64095641881601,-43.056502830846554,True,False,42
D16,D16,K-Means,3,83,42,21,-22.768238047172819,-43.303357785516603,True,False,98
D16,D16,K-Means,3,83,42,22,-22.853028035242673,-43.365768677109614,True,False,130
D16,D16,K-Means,3,83,42,23,-23.008198880782512,-43.463494046914342,True,False,263
D16,D16,K-Means,3,83,42,24,-22.884829070610792,-43.477852351588844,True,False,52
D16,D16,K-Means,3,83,42,25,-22.624644788789617,-43.292273956638205,True,False,40
D16,D16,K-Means,3,83,42,26,-22.713356285568182,-42.626595269979745,True,False,28
D16,D16,K-Means,3,83,42,27,-22.944334184322003,-43.028595531015718,True,False,79
D16,D16,K-Means,3,83,42,28,-22.315317106395469,-43.111603423405164,True,False,15
D16,D16,K-Means,3,83,42,29,-22.937946506181294,-43.339344639143377,True,False,163
D16,D16,K-Means,3,83,42,30,-22.871338940979843,-43.787009249444985,True,False,46
D16,D16,K-Means,3,83,42,31,-22.976801195552056,-43.214081730211028,True,False,309
D16,D16,K-Means,3,83,42,32,-22.789661604530217,-43.36644606905481,True,False,127
D16,D16,K-Means,3,83,42,33,-22.889150579507273,-43.53495517900614,True,False,112
D16,D16,K-Means,3,83,42,34,-22.749815571744993,-43.48165328672566,True,False,70
D16,D16,K-Means,3,83,42,35,-22.908326729899866,-43.183013017043749,True,False,380
D16,D16,K-Means,3,83,42,36,-22.61483382699214,-43.705683375748585,True,False,35
D16,D16,K-Means,3,83,42,37,-22.877312845021727,-43.272977618903745,True,False,125
D16,D16,K-Means,3,83,42,38,-22.833448720741224,-43.074192734420357,True,False,82
D16,D16,K-Means,3,83,42,39,-22.922855359364938,-43.231757506371181,True,False,177
D16,D16,K-Means,3,83,42,40,-22.535821878156177,-42.991303854384803,True,False,21
D16,D16,K-Means,3,83,42,41,-22.518253030691493,-43.194481731769194,True,False,126
D16,D16,K-Means,3,83,42,42,-22.846118875483242,-43.264508197947563,True,False,177
D16,D16,K-Means,3,83,42,43,-22.740348512916984,-43.702890192907162,True,False,20
D16,D16,K-Means,3,83,42,44,-22.713594160306471,-43.565117440188558,True,False,50
D16,D16,K-Means,3,83,42,45,-22.931802288336605,-43.366467181308792,True,False,166
D16,D16,K-Means,3,83,42,46,-22.886570237278889,-43.31441048819984,True,False,140
D16,D16,K-Means,3,83,42,47,-22.930788192088666,-42.905103403661343,True,False,47
D16,D16,K-Means,3,83,42,48,-22.97393304015122,-43.692431028413075,True,False,42
D16,D16,K-Means,3,83,42,49,-22.765295924855039,-42.917834421448916,True,False,15
D16,D16,K-Means,3,83,42,50,-22.90074262719364,-43.059052183423816,True,False,69
D16,D16,K-Means,3,83,42,51,-22.793584985450224,-43.4220774091159,True,False,138
D16,D16,K-Means,3,83,42,52,-22.953415567921823,-43.59719047904192,True,False,48
D16,D16,K-Means,3,83,42,53,-22.470849051492323,-42.657121037845286,True,False,19
D16,D16,K-Means,3,83,42,54,-22.874126204046274,-43.094875193431058,True,False,119
D16,D16,K-Means,3,83,42,55,-22.680563237028309,-43.141180011289052,True,False,22
D16,D16,K-Means,3,83,42,56,-22.917145462724491,-43.56068306110388,True,False,126
D16,D16,K-Means,3,83,42,57,-22.807342096925868,-43.618603170947843,True,False,26
D16,D16,K-Means,3,83,42,58,-22.72528818830688,-43.326487892227874,True,False,59
D16,D16,K-Means,3,83,42,59,-22.663859378155841,-43.25797961391801,True,False,78
D16,D16,K-Means,3,83,42,60,-22.90421469888258,-43.282478660732096,True,False,219
D16,D16,K-Means,3,83,42,61,-22.886128800904288,-43.575033221267653,True,False,182
D16,D16,K-Means,3,83,42,62,-22.962127558333844,-43.337789515035517,True,False,79
D16,D16,K-Means,3,83,42,63,-22.815190066823373,-42.969102755674193,True,False,51
D16,D16,K-Means,3,83,42,64,-22.886054074124846,-43.358184203923443,True,False,235
D16,D16,K-Means,3,83,42,65,-22.945434263478099,-43.066365234354869,True,False,56
D16,D16,K-Means,3,83,42,66,-22.876089218875727,-43.007379420382222,True,False,57
D16,D16,K-Means,3,83,42,67,-22.953190794210705,-42.964267757317188,True,False,24
D16,D16,K-Means,3,83,42,68,-22.711011954459288,-43.452252159624031,True,False,87
D16,D16,K-Means,3,83,42,69,-22.762901160305685,-43.522699874238278,True,False,45
D16,D16,K-Means,3,83,42,70,-22.826610183973841,-43.406184492734937,True,False,89
D16,D16,K-Means,3,83,42,71,-22.74243819754863,-43.395373033461595,True,False,78
D16,D16,K-Means,3,83,42,72,-23.004990522576701,-43.547845204575459,True,False,17
D16,D16,K-Means,3,83,42,73,-22.863973053809609,-43.469263091775034,True,False,95
D16,D16,K-Means,3,83,42,74,-22.916516809395766,-43.21629377683724,True,False,240
D16,D16,K-Means,3,83,42,75,-22.923826258841423,-43.246251090365114,True,False,361
D16,D16,K-Means,3,83,42,76,-22.918461945420386,-43.392299713829367,True,False,133
D16,D16,K-Means,3,83,42,77,-22.723577321188241,-43.518348078654171,True,False,44
D16,D16,K-Means,3,83,42,78,-22.817761925329322,-43.041175856117434,True,False,93
D16,D16,K-Means,3,83,42,79,-22.412386177074982,-43.135838611509072,True,False,46
D16,D16,K-Means,3,83,42,80,-22.983442634888078,-43.243586364274577,True,False,132
D16,D16,K-Means,3,83,42,81,-22.735218709428018,-42.727847609078914,True,False,6
D16,D16,K-Means,3,83,42,82,-22.982014002085783,-43.640255287927204,True,False,30
D16,D16,Ward,10,17,-1,0,-22.910452030423222,-43.598872442800413,True,False,819
D16,D16,Ward,10,17,-1,1,-22.772698185112937,-43.369630681741853,True,False,449
D16,D16,Ward,10,17,-1,2,-22.477721676146288,-43.171188651940241,True,False,234
D16,D16,Ward,10,17,-1,3,-22.863880587643933,-43.293361690478037,True,False,1322
D16,D16,Ward,10,17,-1,4,-22.648963332494652,-43.236452534243284,True,False,179
D16,D16,Ward,10,17,-1,5,-22.620087206469396,-42.666928402914841,True,False,69
D16,D16,Ward,10,17,-1,6,-22.826404505403953,-43.027799564629881,True,False,389
D16,D16,Ward,10,17,-1,7,-22.863056039660759,-43.433979637878259,True,False,531
D16,D16,Ward,10,17,-1,8,-22.940116324134777,-43.205281083443417,True,False,2652
D16,D16,Ward,10,17,-1,9,-22.742110151578466,-43.468487893902875,True,False,448
D16,D16,Ward,10,17,-1,10,-22.930565608059606,-42.879336558738764,True,False,131
D16,D16,Ward,10,17,-1,11,-22.680732390250657,-43.635153196939278,True,False,144
D16,D16,Ward,10,17,-1,12,-22.871338940979847,-43.787009249444992,True,False,67
D16,D16,Ward,10,17,-1,13,-22.971312774234274,-43.380342344581841,True,False,1326
D16,D16,Ward,10,17,-1,14,-22.605911571929401,-43.03476983869264,True,False,69
D16,D16,Ward,10,17,-1,15,-22.749128477164554,-42.873321839684735,True,False,56
D16,D16,Ward,10,17,-1,16,-22.904704798131839,-43.08831804644106,True,False,822
D16,D16,Ward,5,42,-1,0,-22.824600105899599,-43.048427236673078,True,False,200
D16,D16,Ward,5,42,-1,1,-22.656246347439087,-43.27948977364278,True,False,108
D16,D16,Ward,5,42,-1,2,-22.741544326206462,-43.453348049195128,True,False,306
D16,D16,Ward,5,42,-1,3,-22.754378060239823,-43.312303542974817,True,False,149
D16,D16,Ward,5,42,-1,4,-22.972367838634863,-43.629695425569054,True,False,90
D16,D16,Ward,5,42,-1,5,-22.717214360366977,-42.64446332982078,True,False,34
D16,D16,Ward,5,42,-1,6,-22.926775634622295,-43.038766083138974,True,False,199
D16,D16,Ward,5,42,-1,7,-22.70333513774894,-43.577070268615579,True,False,71
D16,D16,Ward,5,42,-1,8,-22.633836042236588,-43.055495901078793,True,False,42
D16,D16,Ward,5,42,-1,9,-22.657802066701684,-43.694077906832895,True,False,69
D16,D16,Ward,5,42,-1,10,-22.853618101891577,-43.405331585656384,True,False,160
D16,D16,Ward,5,42,-1,11,-22.968435773367133,-43.19907425863218,True,False,1022
D16,D16,Ward,5,42,-1,12,-22.805994334793315,-43.618740975954807,True,False,26
D16,D16,Ward,5,42,-1,13,-22.829677602179295,-42.990381926970123,True,False,168
D16,D16,Ward,5,42,-1,14,-22.900440386853802,-43.596654630324615,True,False,278
D16,D16,Ward,5,42,-1,15,-22.38851673346527,-43.12987913902451,True,False,61
D16,D16,Ward,5,42,-1,16,-22.921638738430705,-42.826927034912273,True,False,62
D16,D16,Ward,5,42,-1,17,-22.896728551848923,-43.545728660250944,True,False,293
D16,D16,Ward,5,42,-1,18,-22.625030308414221,-43.196732622244028,True,False,55
D16,D16,Ward,5,42,-1,19,-22.884617734747955,-43.275655666682589,True,False,512
D16,D16,Ward,5,42,-1,20,-22.87459118477344,-43.349468991699098,True,False,375
D16,D16,Ward,5,42,-1,21,-22.509175442062713,-43.185754433950997,True,False,173
D16,D16,Ward,5,42,-1,22,-22.806662142475478,-43.193910955041872,True,False,147
D16,D16,Ward,5,42,-1,23,-22.948659468379031,-43.374993566177665,True,False,647
D16,D16,Ward,5,42,-1,24,-22.938360902665131,-42.925102621798537,True,False,69
D16,D16,Ward,5,42,-1,25,-22.873849703297324,-43.46674287992208,True,False,186
D16,D16,Ward,5,42,-1,26,-22.871338940979847,-43.787009249444992,True,False,46
D16,D16,Ward,5,42,-1,27,-22.741828005739873,-43.396837059723204,True,False,82
D16,D16,Ward,5,42,-1,28,-22.743986613271346,-43.518696562576551,True,False,105
D16,D16,Ward,5,42,-1,29,-22.52573511411174,-42.688751616777637,True,False,35
D16,D16,Ward,5,42,-1,30,-22.996363513578345,-43.324883091353684,True,False,311
D16,D16,Ward,5,42,-1,31,-22.897646262280745,-43.104165398199129,True,False,644
D16,D16,Ward,5,42,-1,32,-22.749128477164554,-42.873321839684735,True,False,56
D16,D16,Ward,5,42,-1,33,-23.008198880782512,-43.463494046914349,True,False,396
D16,D16,Ward,5,42,-1,34,-22.530351240509944,-42.978687552235982,True,False,21
D16,D16,Ward,5,42,-1,35,-22.789016267278946,-43.366744378660933,True,False,131
D16,D16,Ward,5,42,-1,36,-22.920458150400179,-43.181978527144153,True,False,782
D16,D16,Ward,5,42,-1,37,-22.794057193146486,-43.421643197817986,True,False,184
D16,D16,Ward,5,42,-1,38,-22.680563237028309,-43.141180011289059,True,False,22
D16,D16,Ward,5,42,-1,39,-22.918012945849114,-43.677054351447829,True,False,163
D16,D16,Ward,5,42,-1,40,-22.919538850956151,-43.234201862033323,True,False,868
D16,D16,Ward,5,42,-1,41,-22.834655528674787,-43.306620505910615,True,False,359
D16,D16,Ward,3,81,-1,0,-22.920458150400179,-43.181978527144153,True,False,667
D16,D16,Ward,3,81,-1,1,-22.668831470560381,-43.274580849881126,True,False,78
D16,D16,Ward,3,81,-1,2,-22.716162568431741,-42.647824133979,True,False,33
D16,D16,Ward,3,81,-1,3,-22.892032654019413,-43.028164956705382,True,False,70
D16,D16,Ward,3,81,-1,4,-22.710066321119335,-43.453021475104904,True,False,87
D16,D16,Ward,3,81,-1,5,-22.880343939757712,-43.35087161145993,True,False,257
D16,D16,Ward,3,81,-1,6,-22.832210396766957,-43.068406984842085,True,False,118
D16,D16,Ward,3,81,-1,7,-22.729567827416059,-43.522820207009971,True,False,43
D16,D16,Ward,3,81,-1,8,-22.743473176944697,-42.857793862639475,True,False,42
D16,D16,Ward,3,81,-1,9,-22.919538850956151,-43.234201862033323,True,False,819
D16,D16,Ward,3,81,-1,10,-22.966904402216176,-43.584284791873763,True,False,65
D16,D16,Ward,3,81,-1,11,-22.515764701238233,-43.193549637703789,True,False,126
D16,D16,Ward,3,81,-1,12,-22.42005740210417,-43.141178883214565,True,False,36
D16,D16,Ward,3,81,-1,13,-22.741828005739873,-43.396837059723204,True,False,74
D16,D16,Ward,3,81,-1,14,-22.814878991099711,-42.968378331558576,True,False,51
D16,D16,Ward,3,81,-1,15,-22.624109639675027,-43.690481055374008,True,False,49
D16,D16,Ward,3,81,-1,16,-22.86857060471797,-43.47794403375201,True,False,94
D16,D16,Ward,3,81,-1,17,-22.930788192088666,-42.905103403661343,True,False,47
D16,D16,Ward,3,81,-1,18,-22.680563237028309,-43.141180011289059,True,False,22
D16,D16,Ward,3,81,-1,19,-22.73515605918935,-43.324036959471201,True,False,63
D16,D16,Ward,3,81,-1,20,-22.815410320701268,-43.024300748318019,True,False,105
D16,D16,Ward,3,81,-1,21,-22.64654045037916,-43.055433287667533,True,False,38
D16,D16,Ward,3,81,-1,22,-22.771653529538348,-43.301758320554008,True,False,94
D16,D16,Ward,3,81,-1,23,-22.997452121501432,-43.285298459542688,True,False,72
D16,D16,Ward,3,81,-1,24,-22.618128525599097,-43.180181240546233,True,False,37
D16,D16,Ward,3,81,-1,25,-22.888627332918837,-43.300339939103395,True,False,136
D16,D16,Ward,3,81,-1,26,-22.752923689108346,-43.444934496098981,True,False,173
D16,D16,Ward,3,81,-1,27,-22.838741751465548,-43.003859129159679,True,False,89
D16,D16,Ward,3,81,-1,28,-22.895327245032156,-43.582795704781148,True,False,225
D16,D16,Ward,3,81,-1,29,-22.920741172948219,-42.831043523869667,True,False,60
D16,D16,Ward,3,81,-1,30,-22.924647384504901,-43.37729918704423,True,False,270
D16,D16,Ward,3,81,-1,31,-22.887100005031357,-43.110091710265905,True,False,261
D16,D16,Ward,3,81,-1,32,-22.90100995289751,-43.275712969030565,True,False,305
D16,D16,Ward,3,81,-1,33,-23.008198880782512,-43.463494046914349,True,False,263
D16,D16,Ward,3,81,-1,34,-22.800132931868745,-43.373395527587768,True,False,71
D16,D16,Ward,3,81,-1,35,-22.9960347095526,-43.336839265859858,True,False,193
D16,D16,Ward,3,81,-1,36,-22.979503836728174,-43.214603058323796,True,False,485
D16,D16,Ward,3,81,-1,37,-22.794057193146486,-43.421643197817986,True,False,138
D16,D16,Ward,3,81,-1,38,-22.590912313472302,-42.726312929259805,True,False,16
D16,D16,Ward,3,81,-1,39,-22.918012945849114,-43.677054351447829,True,False,121
D16,D16,Ward,3,81,-1,40,-22.866455816256806,-43.773656206532017,True,False,35
D16,D16,Ward,3,81,-1,41,-22.834655528674787,-43.306620505910615,True,False,251
D16,D16,Ward,3,81,-1,42,-22.714040918851609,-43.56451440044021,True,False,50
D16,D16,Ward,3,81,-1,43,-22.777031113268073,-43.359573608724197,True,False,64
D16,D16,Ward,3,81,-1,44,-22.602759574173632,-43.300352699629869,True,False,20
D16,D16,Ward,3,81,-1,45,-22.806662142475478,-43.193910955041872,True,False,147
D16,D16,Ward,3,81,-1,46,-22.982014002085783,-43.640255287927204,True,False,30
D16,D16,Ward,3,81,-1,47,-22.740348512916984,-43.702890192907162,True,False,20
D16,D16,Ward,3,81,-1,48,-22.883395302040888,-43.415484534800527,True,False,79
D16,D16,Ward,3,81,-1,49,-22.678354981842698,-43.606367294358101,True,False,21
D16,D16,Ward,3,81,-1,50,-22.268892739670068,-43.076812591215528,True,False,5
D16,D16,Ward,3,81,-1,51,-22.94479051345342,-43.044262963511954,True,False,135
D16,D16,Ward,3,81,-1,52,-22.855505345283191,-43.261326078749306,True,False,222
D16,D16,Ward,3,81,-1,53,-22.766094377824121,-42.919905770820542,True,False,14
D16,D16,Ward,3,81,-1,54,-22.948565702905171,-42.703432366189951,True,False,2
D16,D16,Ward,3,81,-1,55,-22.751923494229857,-42.533556792599491,True,False,1
D16,D16,Ward,3,81,-1,56,-22.82288096978629,-43.408154842519224,True,False,74
D16,D16,Ward,3,81,-1,57,-22.811564417819163,-43.586841989644981,True,False,13
D16,D16,Ward,3,81,-1,58,-22.470849051492323,-42.657121037845286,True,False,19
D16,D16,Ward,3,81,-1,59,-22.573490103559394,-43.055793314782285,True,False,8
D16,D16,Ward,3,81,-1,60,-22.639178963185213,-43.230662954724487,True,False,24
D16,D16,Ward,3,81,-1,61,-22.959813190454121,-43.186976535795516,True,False,652
D16,D16,Ward,3,81,-1,62,-22.749907479796651,-43.478889782619682,True,False,61
D16,D16,Ward,3,81,-1,63,-22.953190794210705,-42.964267757317188,True,False,24
D16,D16,Ward,3,81,-1,64,-22.915919142301757,-43.548288772110745,True,False,119
D16,D16,Ward,3,81,-1,65,-22.876764147264918,-43.543065318074198,True,False,134
D16,D16,Ward,3,81,-1,66,-22.979971085586023,-43.395271814020276,True,False,267
D16,D16,Ward,3,81,-1,67,-22.800852719692529,-43.648186194086961,True,False,13
D16,D16,Ward,3,81,-1,68,-22.886876156007695,-43.829496204168073,True,False,11
D16,D16,Ward,3,81,-1,69,-22.530351240509944,-42.978687552235982,True,False,17
D16,D16,Ward,3,81,-1,70,-22.97393304015122,-43.692431028413075,True,False,42
D16,D16,Ward,3,81,-1,71,-22.845737523055476,-43.342433976961182,True,False,64
D16,D16,Ward,3,81,-1,72,-22.884268143158806,-43.623894386849798,True,False,26
D16,D16,Ward,3,81,-1,73,-22.940567353195906,-43.342607415811742,True,False,298
D16,D16,Ward,3,81,-1,74,-22.361649528364033,-43.122806236434656,True,False,20
D16,D16,Ward,3,81,-1,75,-22.760968738834247,-43.513839825799423,True,False,54
D16,D16,Ward,3,81,-1,76,-22.483194934456399,-43.15501905915427,True,False,47
D16,D16,Ward,3,81,-1,77,-22.920530355077055,-43.626816463503133,True,False,79
D16,D16,Ward,3,81,-1,78,-22.853303163972491,-43.385780614426317,True,False,85
D16,D16,Ward,3,81,-1,79,-22.880367108950853,-43.452914294946844,True,False,87
D16,D16,Ward,3,81,-1,80,-22.904889875812568,-43.100094957542744,True,False,380
D16,D16,Complete,10,19,-1,0,-22.664492499235369,-43.25407294441154,True,False,214
D16,D16,Complete,10,19,-1,1,-22.739215316531688,-43.465560285917768,True,False,590
D16,D16,Complete,10,19,-1,2,-22.908561260580157,-43.599892987564907,True,False,825
D16,D16,Complete,10,19,-1,3,-22.881195280960426,-43.070147484904702,True,False,1186
D16,D16,Complete,10,19,-1,4,-22.38851673346527,-43.12987913902451,True,False,61
D16,D16,Complete,10,19,-1,5,-22.843578853226688,-43.287982451133523,True,False,1263
D16,D16,Complete,10,19,-1,6,-22.930290797451278,-42.882022118930351,True,False,135
D16,D16,Complete,10,19,-1,7,-22.605911571929401,-43.03476983869264,True,False,75
D16,D16,Complete,10,19,-1,8,-22.942762636933708,-43.360828437680375,True,False,1092
D16,D16,Complete,10,19,-1,9,-22.713356285568182,-42.626595269979745,True,False,34
D16,D16,Complete,10,19,-1,10,-22.747782370609404,-42.859243688335788,True,False,75
D16,D16,Complete,10,19,-1,11,-22.871338940979847,-43.787009249444992,True,False,67
D16,D16,Complete,10,19,-1,12,-22.662597746901252,-43.673612097255443,True,False,100
D16,D16,Complete,10,19,-1,13,-22.52573511411174,-42.688751616777637,True,False,35
D16,D16,Complete,10,19,-1,14,-23.00800408760573,-43.468615367200911,True,False,396
D16,D16,Complete,10,19,-1,15,-22.948565702905171,-42.703432366189951,True,False,2
D16,D16,Complete,10,19,-1,16,-22.843810467427851,-43.429582668090632,True,False,644
D16,D16,Complete,10,19,-1,17,-22.509175442062713,-43.185754433950997,True,False,178
D16,D16,Complete,10,19,-1,18,-22.939977086135006,-43.207048742955493,True,False,2735
D16,D16,Complete,5,46,-1,0,-22.876750096761718,-43.451168228904386,True,False,244
D16,D16,Complete,5,46,-1,1,-22.733259896366917,-43.45795304888528,True,False,247
D16,D16,Complete,5,46,-1,2,-22.846636504521548,-43.621416785457981,True,False,35
D16,D16,Complete,5,46,-1,3,-22.976212889918695,-43.358516686575712,True,False,683
D16,D16,Complete,5,46,-1,4,-22.961647402469954,-43.196436795203816,True,False,1428
D16,D16,Complete,5,46,-1,5,-22.633836042236588,-43.055495901078793,True,False,42
D16,D16,Complete,5,46,-1,6,-23.00800408760573,-43.468615367200911,True,False,280
D16,D16,Complete,5,46,-1,7,-22.926775634622295,-43.038766083138974,True,False,199
D16,D16,Complete,5,46,-1,8,-22.823586966739782,-43.058378721043198,True,False,165
D16,D16,Complete,5,46,-1,9,-22.736923911666874,-43.528833134957409,True,False,148
D16,D16,Complete,5,46,-1,10,-22.820676503971981,-43.334173264508166,True,False,374
D16,D16,Complete,5,46,-1,11,-22.827497006625745,-43.001411114104442,True,False,208
D16,D16,Complete,5,46,-1,12,-22.89483986291695,-43.558754301177224,True,False,420
D16,D16,Complete,5,46,-1,13,-22.750378213948856,-42.875800950735282,True,False,54
D16,D16,Complete,5,46,-1,14,-22.901783388099993,-43.363660518615667,True,False,693
D16,D16,Complete,5,46,-1,15,-22.530351240509944,-42.978687552235982,True,False,21
D16,D16,Complete,5,46,-1,16,-22.813332518578026,-43.409610263067293,True,False,257
D16,D16,Complete,5,46,-1,17,-22.509175442062713,-43.185754433950997,True,False,173
D16,D16,Complete,5,46,-1,18,-22.926811300102301,-42.846720038478779,True,False,80
D16,D16,Complete,5,46,-1,19,-22.713356285568182,-42.626595269979745,True,False,28
D16,D16,Complete,5,46,-1,20,-22.9650931119467,-43.668578444008268,True,False,104
D16,D16,Complete,5,46,-1,21,-22.924184089925554,-43.609217414786855,True,False,200
D16,D16,Complete,5,46,-1,22,-22.723931941217639,-43.323062568461758,True,False,62
D16,D16,Complete,5,46,-1,23,-22.268892739670068,-43.076812591215528,True,False,5
D16,D16,Complete,5,46,-1,24,-22.871338940979847,-43.787009249444992,True,False,46
D16,D16,Complete,5,46,-1,25,-22.730260428068107,-42.747482167139246,True,False,8
D16,D16,Complete,5,46,-1,26,-22.625030308414221,-43.196732622244028,True,False,55
D16,D16,Complete,5,46,-1,27,-22.936509473564342,-42.945115198886349,True,False,51
D16,D16,Complete,5,46,-1,28,-22.602759574173632,-43.300352699629869,True,False,20
D16,D16,Complete,5,46,-1,29,-22.806662142475478,-43.193910955041872,True,False,147
D16,D16,Complete,5,46,-1,30,-22.624109639675027,-43.690481055374008,True,False,49
D16,D16,Complete,5,46,-1,31,-22.948565702905171,-42.703432366189951,True,False,2
D16,D16,Complete,5,46,-1,32,-22.470849051492323,-42.657121037845286,True,False,19
D16,D16,Complete,5,46,-1,33,-22.877115461373247,-43.278632640408112,True,False,666
D16,D16,Complete,5,46,-1,34,-22.680563237028309,-43.141180011289059,True,False,22
D16,D16,Complete,5,46,-1,35,-22.740348512916984,-43.702890192907162,True,False,22
D16,D16,Complete,5,46,-1,36,-22.42005740210417,-43.141178883214565,True,False,36
D16,D16,Complete,5,46,-1,37,-22.897110352008731,-43.103965130996556,True,False,637
D16,D16,Complete,5,46,-1,38,-22.678354981842698,-43.606367294358101,True,False,28
D16,D16,Complete,5,46,-1,39,-22.747935273103895,-43.416682533313683,True,False,193
D16,D16,Complete,5,46,-1,40,-22.915347839471757,-43.219109678048142,True,False,1238
D16,D16,Complete,5,46,-1,41,-22.665512837454028,-43.271350468799,True,False,84
D16,D16,Complete,5,46,-1,42,-22.590912313472302,-42.726312929259805,True,False,16
D16,D16,Complete,5,46,-1,43,-22.91096056802483,-43.681811013252734,True,False,89
D16,D16,Complete,5,46,-1,44,-22.7650753719,-43.300240619581658,True,False,109
D16,D16,Complete,5,46,-1,45,-22.361649528364033,-43.122806236434656,True,False,20
D16,D16,Complete,3,89,-1,0,-22.892032654019413,-43.028164956705382,True,False,70
D16,D16,Complete,3,89,-1,1,-22.639312812336271,-43.221062133767575,True,False,24
D16,D16,Complete,3,89,-1,2,-22.817213204292489,-42.963146353479331,True,False,39
D16,D16,Complete,3,89,-1,3,-22.738390089617603,-43.458324219010272,True,False,147
D16,D16,Complete,3,89,-1,4,-22.744877556592513,-42.860364263705435,True,False,40
D16,D16,Complete,3,89,-1,5,-22.978378666776944,-43.229626503481278,True,False,322
D16,D16,Complete,3,89,-1,6,-22.624109639675027,-43.690481055374008,True,False,49
D16,D16,Complete,3,89,-1,7,-22.680563237028309,-43.141180011289059,True,False,22
D16,D16,Complete,3,89,-1,8,-22.920789607710311,-43.236616511125092,True,False,849
D16,D16,Complete,3,89,-1,9,-22.590912313472302,-42.726312929259805,True,False,16
D16,D16,Complete,3,89,-1,10,-22.361649528364033,-43.122806236434656,True,False,20
D16,D16,Complete,3,89,-1,11,-22.979971085586023,-43.395271814020276,True,False,267
D16,D16,Complete,3,89,-1,12,-22.880343939757712,-43.35087161145993,True,False,313
D16,D16,Complete,3,89,-1,13,-22.751941704500872,-43.427837174735885,True,False,130
D16,D16,Complete,3,89,-1,14,-22.833455158014559,-43.396250322025153,True,False,107
D16,D16,Complete,3,89,-1,15,-23.005012045118427,-43.333698505060909,True,False,228
D16,D16,Complete,3,89,-1,16,-22.945950911491206,-43.339840493901157,True,False,252
D16,D16,Complete,3,89,-1,17,-22.764907051877373,-43.533364584974585,True,False,26
D16,D16,Complete,3,89,-1,18,-22.678354981842698,-43.606367294358101,True,False,21
D16,D16,Complete,3,89,-1,19,-22.902270943721057,-43.106006079242398,True,False,530
D16,D16,Complete,3,89,-1,20,-22.665512837454028,-43.271350468799,True,False,76
D16,D16,Complete,3,89,-1,21,-22.7650753719,-43.300240619581658,True,False,81
D16,D16,Complete,3,89,-1,22,-22.870854100495723,-43.476790586516522,True,False,110
D16,D16,Complete,3,89,-1,23,-22.686318628123189,-43.454556842241537,True,False,54
D16,D16,Complete,3,89,-1,24,-22.94479051345342,-43.044262963511954,True,False,135
D16,D16,Complete,3,89,-1,25,-22.839383922984599,-43.017774884312928,True,False,83
D16,D16,Complete,3,89,-1,26,-22.880981241899637,-43.272812844445419,True,False,196
D16,D16,Complete,3,89,-1,27,-22.837279276085603,-43.321388553616899,True,False,285
D16,D16,Complete,3,89,-1,28,-22.602759574173632,-43.300352699629869,True,False,20
D16,D16,Complete,3,89,-1,29,-22.806662142475478,-43.193910955041872,True,False,147
D16,D16,Complete,3,89,-1,30,-22.766094377824121,-42.919905770820542,True,False,14
D16,D16,Complete,3,89,-1,31,-22.808280499464548,-43.033005532046332,True,False,63
D16,D16,Complete,3,89,-1,32,-22.941986617987499,-42.885911325001551,True,False,24
D16,D16,Complete,3,89,-1,33,-22.876764147264918,-43.543065318074198,True,False,134
D16,D16,Complete,3,89,-1,34,-22.61291182023793,-43.176089400345248,True,False,37
D16,D16,Complete,3,89,-1,35,-22.65032705215399,-43.062563831244553,True,False,33
D16,D16,Complete,3,89,-1,36,-22.953190794210705,-42.964267757317188,True,False,24
D16,D16,Complete,3,89,-1,37,-22.830389841084337,-43.069655693930692,True,False,110
D16,D16,Complete,3,89,-1,38,-22.714040918851609,-43.56451440044021,True,False,49
D16,D16,Complete,3,89,-1,39,-22.518253030691497,-43.194481731769194,True,False,126
D16,D16,Complete,3,89,-1,40,-22.906661082386037,-43.191163319509343,True,False,412
D16,D16,Complete,3,89,-1,41,-22.883395302040888,-43.415484534800527,True,False,79
D16,D16,Complete,3,89,-1,42,-22.789874649386793,-43.374342338335687,True,False,101
D16,D16,Complete,3,89,-1,43,-22.91096056802483,-43.681811013252734,True,False,89
D16,D16,Complete,3,89,-1,44,-22.919102878107278,-42.925129920523744,True,False,23
D16,D16,Complete,3,89,-1,45,-22.891978555732596,-43.578487757191304,True,False,191
D16,D16,Complete,3,89,-1,46,-22.917310266824234,-42.832852038446227,True,False,54
D16,D16,Complete,3,89,-1,47,-22.268892739670068,-43.076812591215528,True,False,5
D16,D16,Complete,3,89,-1,48,-22.884268143158806,-43.623894386849798,True,False,26
D16,D16,Complete,3,89,-1,49,-22.811564417819163,-43.586841989644981,True,False,13
D16,D16,Complete,3,89,-1,50,-22.913942404204228,-43.613431231690193,True,False,113
D16,D16,Complete,3,89,-1,51,-22.727959528523488,-43.326086794664413,True,False,49
D16,D16,Complete,3,89,-1,52,-22.886876156007695,-43.829496204168073,True,False,11
D16,D16,Complete,3,89,-1,53,-22.573490103559394,-43.055793314782285,True,False,8
D16,D16,Complete,3,89,-1,54,-22.793066146002658,-43.423065632259721,True,False,156
D16,D16,Complete,3,89,-1,55,-23.008198880782512,-43.463494046914349,True,False,263
D16,D16,Complete,3,89,-1,56,-22.958233291620051,-43.680060804581672,True,False,74
D16,D16,Complete,3,89,-1,57,-22.711927870432564,-42.63004113951235,True,False,27
D16,D16,Complete,3,89,-1,58,-22.841733460709388,-43.270684897600951,True,False,189
D16,D16,Complete,3,89,-1,59,-22.734157057811878,-43.378321449398321,True,False,46
D16,D16,Complete,3,89,-1,60,-23.004990522576701,-43.547845204575459,True,False,17
D16,D16,Complete,3,89,-1,61,-22.924647384504901,-43.37729918704423,True,False,316
D16,D16,Complete,3,89,-1,62,-22.781488502285271,-43.337041429203019,True,False,45
D16,D16,Complete,3,89,-1,63,-22.948565702905171,-42.703432366189951,True,False,2
D16,D16,Complete,3,89,-1,64,-22.530351240509944,-42.978687552235982,True,False,17
D16,D16,Complete,3,89,-1,65,-22.470849051492323,-42.657121037845286,True,False,19
D16,D16,Complete,3,89,-1,66,-22.866455816256806,-43.773656206532017,True,False,35
D16,D16,Complete,3,89,-1,67,-22.970429462021304,-43.190057265727511,True,False,558
D16,D16,Complete,3,89,-1,68,-22.484839778930247,-43.16235784831072,True,False,47
D16,D16,Complete,3,89,-1,69,-22.982014002085783,-43.640255287927204,True,False,30
D16,D16,Complete,3,89,-1,70,-22.419344981865756,-43.13570516359448,True,False,33
D16,D16,Complete,3,89,-1,71,-22.740348512916984,-43.702890192907162,True,False,20
D16,D16,Complete,3,89,-1,72,-22.800852719692529,-43.648186194086961,True,False,13
D16,D16,Complete,3,89,-1,73,-22.735218709428018,-42.727847609078914,True,False,6
D16,D16,Complete,3,89,-1,74,-22.817632642891557,-43.001457818095872,True,False,60
D16,D16,Complete,3,89,-1,75,-22.715385583988368,-42.806385841320242,True,False,2
D16,D16,Complete,3,89,-1,76,-22.915919142301757,-43.548288772110745,True,False,119
D16,D16,Complete,3,89,-1,77,-22.874126204046274,-43.094875193431058,True,False,119
D16,D16,Complete,3,89,-1,78,-22.700773314209002,-43.305673267796543,True,False,9
D16,D16,Complete,3,89,-1,79,-22.718837798488849,-43.517339942148439,True,False,36
D16,D16,Complete,3,89,-1,80,-22.953415567921823,-43.59719047904192,True,False,48
D16,D16,Complete,3,89,-1,81,-22.753282200826433,-43.499802719640229,True,False,69
D16,D16,Complete,3,89,-1,82,-22.903767180138839,-43.291338021697328,True,False,239
D16,D16,Complete,3,89,-1,83,-22.951619328064115,-42.814766892680694,True,False,6
D16,D16,Complete,3,89,-1,84,-22.427894024726776,-43.201389799035411,True,False,3
D16,D16,Complete,3,89,-1,85,-22.751923494229857,-42.533556792599491,True,False,1
D16,D16,Complete,3,89,-1,86,-22.621548878665244,-43.0083717000592,True,False,5
D16,D16,Complete,3,89,-1,87,-22.879195702143271,-43.448811588153497,True,False,71
D16,D16,Complete,3,89,-1,88,-22.940259204709282,-43.183004146460007,True,False,560
D16,D16,Average,10,25,-1,0,-22.762783928006321,-43.415443067004823,True,False,851
D16,D16,Average,10,25,-1,1,-22.778214451704613,-43.655249702234499,True,False,53
D16,D16,Average,10,25,-1,2,-22.881195280960426,-43.070147484904702,True,False,1182
D16,D16,Average,10,25,-1,3,-22.64895366408097,-43.083217230852696,True,False,66
D16,D16,Average,10,25,-1,4,-22.911755069142067,-43.599302617700893,True,False,775
D16,D16,Average,10,25,-1,5,-22.930290797451278,-42.882022118930351,True,False,135
D16,D16,Average,10,25,-1,6,-22.644775393339586,-43.249079013189025,True,False,166
D16,D16,Average,10,25,-1,7,-22.716162568431741,-42.647824133979,True,False,33
D16,D16,Average,10,25,-1,8,-23.00800408760573,-43.468615367200911,True,False,280
D16,D16,Average,10,25,-1,9,-22.871338940979847,-43.787009249444992,True,False,67
D16,D16,Average,10,25,-1,10,-22.749128477164554,-42.873321839684735,True,False,79
D16,D16,Average,10,25,-1,11,-22.670712873836152,-43.623768827869043,True,False,131
D16,D16,Average,10,25,-1,12,-22.399197447196986,-43.134617223650316,True,False,56
D16,D16,Average,10,25,-1,13,-22.590912313472302,-42.726312929259805,True,False,16
D16,D16,Average,10,25,-1,14,-22.948565702905171,-42.703432366189951,True,False,2
D16,D16,Average,10,25,-1,15,-22.96249364148683,-43.360461528478709,True,False,1022
D16,D16,Average,10,25,-1,16,-22.530351240509944,-42.978687552235982,True,False,21
D16,D16,Average,10,25,-1,17,-22.940116324134777,-43.205281083443417,True,False,2700
D16,D16,Average,10,25,-1,18,-22.751923494229857,-42.533556792599491,True,False,1
D16,D16,Average,10,25,-1,19,-22.876750096761718,-43.451168228904386,True,False,390
D16,D16,Average,10,25,-1,20,-22.806662142475478,-43.193910955041872,True,False,194
D16,D16,Average,10,25,-1,21,-22.470849051492323,-42.657121037845286,True,False,19
D16,D16,Average,10,25,-1,22,-22.509175442062713,-43.185754433950997,True,False,177
D16,D16,Average,10,25,-1,23,-22.268892739670068,-43.076812591215528,True,False,5
D16,D16,Average,10,25,-1,24,-22.869277378709704,-43.308575915386406,True,False,1286
D16,D16,Average,5,54,-1,0,-22.807342096925872,-43.61860317094785,True,False,26
D16,D16,Average,5,54,-1,1,-22.798344831594228,-43.398873832167403,True,False,315
D16,D16,Average,5,54,-1,2,-22.590912313472302,-42.726312929259805,True,False,16
D16,D16,Average,5,54,-1,3,-22.856591280460094,-43.335800153755926,True,False,675
D16,D16,Average,5,54,-1,4,-22.915202071742826,-43.653416228057992,True,False,221
D16,D16,Average,5,54,-1,5,-22.624109639675027,-43.690481055374008,True,False,49
D16,D16,Average,5,54,-1,6,-22.743473176944697,-42.857793862639475,True,False,42
D16,D16,Average,5,54,-1,7,-22.70333513774894,-43.577070268615579,True,False,71
D16,D16,Average,5,54,-1,8,-22.949760884511406,-43.372064085409733,True,False,665
D16,D16,Average,5,54,-1,9,-22.73676584478331,-43.368888962119996,True,False,107
D16,D16,Average,5,54,-1,10,-22.509175442062713,-43.185754433950997,True,False,173
D16,D16,Average,5,54,-1,11,-22.826495170966801,-42.998756441063698,True,False,176
D16,D16,Average,5,54,-1,12,-22.930788192088666,-42.905103403661343,True,False,47
D16,D16,Average,5,54,-1,13,-22.920351279554374,-43.209390438435221,True,False,1447
D16,D16,Average,5,54,-1,14,-22.680563237028309,-43.141180011289059,True,False,22
D16,D16,Average,5,54,-1,15,-23.008198880782512,-43.463494046914349,True,False,379
D16,D16,Average,5,54,-1,16,-22.746590003459527,-43.513760876262083,True,False,115
D16,D16,Average,5,54,-1,17,-22.625030308414221,-43.196732622244028,True,False,55
D16,D16,Average,5,54,-1,18,-22.668831470560381,-43.274580849881126,True,False,91
D16,D16,Average,5,54,-1,19,-22.876750096761718,-43.451168228904386,True,False,261
D16,D16,Average,5,54,-1,20,-22.871338940979847,-43.787009249444992,True,False,46
D16,D16,Average,5,54,-1,21,-22.411304234215557,-43.131265272844452,True,False,39
D16,D16,Average,5,54,-1,22,-22.64654045037916,-43.055433287667533,True,False,38
D16,D16,Average,5,54,-1,23,-22.766094377824121,-42.919905770820542,True,False,15
D16,D16,Average,5,54,-1,24,-22.740669459267647,-43.451477813645887,True,False,301
D16,D16,Average,5,54,-1,25,-22.94479051345342,-43.044262963511954,True,False,156
D16,D16,Average,5,54,-1,26,-22.740348512916984,-43.702890192907162,True,False,20
D16,D16,Average,5,54,-1,27,-22.711927870432564,-42.63004113951235,True,False,27
D16,D16,Average,5,54,-1,28,-22.896068940899603,-43.563176536860347,True,False,478
D16,D16,Average,5,54,-1,29,-22.948565702905171,-42.703432366189951,True,False,2
D16,D16,Average,5,54,-1,30,-22.663299180487801,-43.421906498879927,True,False,16
D16,D16,Average,5,54,-1,31,-22.920741172948219,-42.831043523869667,True,False,60
D16,D16,Average,5,54,-1,32,-22.735218709428018,-42.727847609078914,True,False,6
D16,D16,Average,5,54,-1,33,-22.530351240509944,-42.978687552235982,True,False,17
D16,D16,Average,5,54,-1,34,-22.602759574173632,-43.300352699629869,True,False,20
D16,D16,Average,5,54,-1,35,-22.768238047172815,-43.30335778551661,True,False,138
D16,D16,Average,5,54,-1,36,-22.964414965677193,-43.613753867074713,True,False,71
D16,D16,Average,5,54,-1,37,-22.427894024726776,-43.201389799035411,True,False,3
D16,D16,Average,5,54,-1,38,-22.751923494229857,-42.533556792599491,True,False,1
D16,D16,Average,5,54,-1,39,-22.897100441053226,-43.101091823419019,True,False,645
D16,D16,Average,5,54,-1,40,-22.884617734747955,-43.275655666682589,True,False,695
D16,D16,Average,5,54,-1,41,-23.004990522576701,-43.547845204575459,True,False,17
D16,D16,Average,5,54,-1,42,-22.806662142475478,-43.193910955041872,True,False,147
D16,D16,Average,5,54,-1,43,-22.470849051492323,-42.657121037845286,True,False,19
D16,D16,Average,5,54,-1,44,-22.573490103559394,-43.055793314782285,True,False,8
D16,D16,Average,5,54,-1,45,-22.886855944516643,-43.005794645415222,True,False,56
D16,D16,Average,5,54,-1,46,-22.97393304015122,-43.692431028413075,True,False,54
D16,D16,Average,5,54,-1,47,-22.268892739670068,-43.076812591215528,True,False,5
D16,D16,Average,5,54,-1,48,-23.005012045118427,-43.333698505060909,True,False,280
D16,D16,Average,5,54,-1,49,-22.987835696797166,-43.263538131231641,True,False,134
D16,D16,Average,5,54,-1,50,-22.824953870583247,-43.058328293257091,True,False,175
D16,D16,Average,5,54,-1,51,-22.953190794210705,-42.964267757317188,True,False,24
D16,D16,Average,5,54,-1,52,-22.338529289758171,-43.128998839499978,True,False,14
D16,D16,Average,5,54,-1,53,-22.969249663260854,-43.199223964165078,True,False,1027
D16,D16,Average,3,100,-1,0,-22.665512837454028,-43.271350468799,True,False,76
D16,D16,Average,3,100,-1,1,-22.911962873963198,-43.626176104913498,True,False,105
D16,D16,Average,3,100,-1,2,-22.94479051345342,-43.044262963511954,True,False,135
D16,D16,Average,3,100,-1,3,-22.945950911491206,-43.339840493901157,True,False,250
D16,D16,Average,3,100,-1,4,-22.844499308675637,-43.369379217761626,True,False,134
D16,D16,Average,3,100,-1,5,-23.009910486693485,-43.461784124804304,True,False,248
D16,D16,Average,3,100,-1,6,-22.714578309681229,-43.452186256892183,True,False,102
D16,D16,Average,3,100,-1,7,-22.730127472336385,-43.33325011382766,True,False,52
D16,D16,Average,3,100,-1,8,-22.882666701535967,-43.423220247389423,True,False,113
D16,D16,Average,3,100,-1,9,-22.806662142475478,-43.193910955041872,True,False,147
D16,D16,Average,3,100,-1,10,-22.573490103559394,-43.055793314782285,True,False,8
D16,D16,Average,3,100,-1,11,-23.005012045118427,-43.333698505060909,True,False,228
D16,D16,Average,3,100,-1,12,-22.740348512916984,-43.702890192907162,True,False,20
D16,D16,Average,3,100,-1,13,-22.515382135921161,-43.192842169598201,True,False,138
D16,D16,Average,3,100,-1,14,-22.918012945849114,-43.677054351447829,True,False,121
D16,D16,Average,3,100,-1,15,-22.886876156007695,-43.829496204168073,True,False,11
D16,D16,Average,3,100,-1,16,-22.602759574173632,-43.300352699629869,True,False,20
D16,D16,Average,3,100,-1,17,-22.880343939757712,-43.35087161145993,True,False,288
D16,D16,Average,3,100,-1,18,-22.753335065862991,-43.45113390915737,True,False,175
D16,D16,Average,3,100,-1,19,-22.897780992185368,-43.282134834432327,True,False,365
D16,D16,Average,3,100,-1,20,-22.855505345283191,-43.261326078749306,True,False,236
D16,D16,Average,3,100,-1,21,-22.914461388938683,-43.552438681726713,True,False,135
D16,D16,Average,3,100,-1,22,-22.886855944516643,-43.005794645415222,True,False,34
D16,D16,Average,3,100,-1,23,-22.939143388801654,-42.895599847331738,True,False,35
D16,D16,Average,3,100,-1,24,-22.748505325894925,-42.857084502825032,True,False,36
D16,D16,Average,3,100,-1,25,-22.953190794210705,-42.964267757317188,True,False,24
D16,D16,Average,3,100,-1,26,-22.969249663260854,-43.199223964165078,True,False,927
D16,D16,Average,3,100,-1,27,-22.711927870432564,-42.63004113951235,True,False,27
D16,D16,Average,3,100,-1,28,-22.787222392364924,-43.366490627133629,True,False,120
D16,D16,Average,3,100,-1,29,-22.835874327404984,-43.308047770688411,True,False,264
D16,D16,Average,3,100,-1,30,-22.648290819567222,-43.189314242223304,True,False,6
D16,D16,Average,3,100,-1,31,-22.65032705215399,-43.062563831244553,True,False,33
D16,D16,Average,3,100,-1,32,-22.953415567921823,-43.59719047904192,True,False,48
D16,D16,Average,3,100,-1,33,-22.872201958397831,-43.472652051429463,True,False,147
D16,D16,Average,3,100,-1,34,-22.917310266824234,-42.832852038446227,True,False,54
D16,D16,Average,3,100,-1,35,-22.768238047172815,-43.30335778551661,True,False,98
D16,D16,Average,3,100,-1,36,-22.678354981842698,-43.606367294358101,True,False,21
D16,D16,Average,3,100,-1,37,-22.621548878665244,-43.0083717000592,True,False,5
D16,D16,Average,3,100,-1,38,-22.90641886834246,-42.932822109622698,True,False,12
D16,D16,Average,3,100,-1,39,-22.876764147264918,-43.543065318074198,True,False,134
D16,D16,Average,3,100,-1,40,-22.809507159817137,-43.034920535527839,True,False,65
D16,D16,Average,3,100,-1,41,-22.924647384504901,-43.37729918704423,True,False,301
D16,D16,Average,3,100,-1,42,-22.647299171382247,-43.652475254437554,True,False,14
D16,D16,Average,3,100,-1,43,-22.758529433576463,-43.506980692775358,True,False,76
D16,D16,Average,3,100,-1,44,-22.893455612432906,-43.584555987067461,True,False,209
D16,D16,Average,3,100,-1,45,-22.982014002085783,-43.640255287927204,True,False,30
D16,D16,Average,3,100,-1,46,-22.851281028255393,-43.007156569116788,True,False,45
D16,D16,Average,3,100,-1,47,-22.874126204046274,-43.094875193431058,True,False,119
D16,D16,Average,3,100,-1,48,-22.82288096978629,-43.408154842519224,True,False,78
D16,D16,Average,3,100,-1,49,-22.902095659081674,-43.108416801544237,True,False,497
D16,D16,Average,3,100,-1,50,-22.817723009399064,-43.002560455511578,True,False,96
D16,D16,Average,3,100,-1,51,-22.99599813649958,-43.261663703422506,True,False,124
D16,D16,Average,3,100,-1,52,-22.338529289758171,-43.128998839499978,True,False,10
D16,D16,Average,3,100,-1,53,-22.721819445826387,-43.519126429141586,True,False,43
D16,D16,Average,3,100,-1,54,-22.800852719692529,-43.648186194086961,True,False,13
D16,D16,Average,3,100,-1,55,-22.562825250146346,-42.694574068113525,True,False,5
D16,D16,Average,3,100,-1,56,-22.61483382699214,-43.705683375748585,True,False,35
D16,D16,Average,3,100,-1,57,-22.830746387120548,-43.067106202405562,True,False,110
D16,D16,Average,3,100,-1,58,-22.715385583988368,-42.806385841320242,True,False,2
D16,D16,Average,3,100,-1,59,-22.948565702905171,-42.703432366189951,True,False,2
D16,D16,Average,3,100,-1,60,-22.603679160438642,-42.740739684326293,True,False,11
D16,D16,Average,3,100,-1,61,-22.663299180487801,-43.421906498879927,True,False,8
D16,D16,Average,3,100,-1,62,-22.742113422587774,-43.397598034355489,True,False,78
D16,D16,Average,3,100,-1,63,-22.638468495840026,-43.229989542098018,True,False,21
D16,D16,Average,3,100,-1,64,-22.866455816256806,-43.773656206532017,True,False,35
D16,D16,Average,3,100,-1,65,-22.735218709428018,-42.727847609078914,True,False,6
D16,D16,Average,3,100,-1,66,-22.714040918851609,-43.56451440044021,True,False,49
D16,D16,Average,3,100,-1,67,-22.765111723156878,-43.559026201122336,True,False,10
D16,D16,Average,3,100,-1,68,-22.530351240509944,-42.978687552235982,True,False,17
D16,D16,Average,3,100,-1,69,-22.48074477987242,-43.153288031954148,True,False,35
D16,D16,Average,3,100,-1,70,-22.771488244315591,-42.917762514733433,True,False,12
D16,D16,Average,3,100,-1,71,-22.921233313815634,-43.1824532703789,True,False,782
D16,D16,Average,3,100,-1,72,-22.900742627193644,-43.05905218342383,True,False,69
D16,D16,Average,3,100,-1,73,-22.699640024057299,-43.159626162204205,True,False,10
D16,D16,Average,3,100,-1,74,-22.919538850956151,-43.234201862033323,True,False,859
D16,D16,Average,3,100,-1,75,-22.427894024726776,-43.201389799035411,True,False,3
D16,D16,Average,3,100,-1,76,-22.712227632870849,-42.889882111629021,True,False,4
D16,D16,Average,3,100,-1,77,-22.751923494229857,-42.533556792599491,True,False,1
D16,D16,Average,3,100,-1,78,-22.384769766969896,-43.11661363336934,True,False,10
D16,D16,Average,3,100,-1,79,-22.809970567122406,-42.952145281707914,True,False,31
D16,D16,Average,3,100,-1,80,-22.700773314209002,-43.305673267796543,True,False,9
D16,D16,Average,3,100,-1,81,-22.965542428723854,-43.388670665927215,True,False,166
D16,D16,Average,3,100,-1,82,-22.84103615023977,-43.615158045773711,True,False,1
D16,D16,Average,3,100,-1,83,-23.004990522576701,-43.547845204575459,True,False,17
D16,D16,Average,3,100,-1,84,-22.794057193146486,-43.421643197817986,True,False,142
D16,D16,Average,3,100,-1,85,-22.979900329721087,-43.49176475913368,True,False,15
D16,D16,Average,3,100,-1,86,-23.000618991095681,-43.404718284567252,True,False,116
D16,D16,Average,3,100,-1,87,-22.470849051492323,-42.657121037845286,True,False,19
D16,D16,Average,3,100,-1,88,-22.419344981865756,-43.13570516359448,True,False,33
D16,D16,Average,3,100,-1,89,-22.951619328064115,-42.814766892680694,True,False,6
D16,D16,Average,3,100,-1,90,-22.811564417819163,-43.586841989644981,True,False,12
D16,D16,Average,3,100,-1,91,-22.612625455388923,-43.177500709396675,True,False,34
D16,D16,Average,3,100,-1,92,-22.733731178875288,-42.932765307343267,True,False,2
D16,D16,Average,3,100,-1,93,-22.97393304015122,-43.692431028413075,True,False,42
D16,D16,Average,3,100,-1,94,-22.846988543411889,-42.949380940599774,True,False,8
D16,D16,Average,3,100,-1,95,-22.268892739670068,-43.076812591215528,True,False,5
D16,D16,Average,3,100,-1,96,-22.693682771791408,-43.109792735724447,True,False,2
D16,D16,Average,3,100,-1,97,-22.958246852875916,-43.270332932039771,True,False,10
D16,D16,Average,3,100,-1,98,-22.658862543046702,-43.129011315486821,True,False,10
D16,D16,Average,3,100,-1,99,-22.692331349282565,-43.531816681604255,True,False,1
D16,D16,P-Median,10,24,-1,0,-22.892631104117811,-43.286013573263183,True,False,486
D16,D16,P-Median,10,24,-1,1,-22.805706631753832,-43.423079052406642,True,False,315
D16,D16,P-Median,10,24,-1,2,-22.903244816618852,-43.107023598220486,True,False,822
D16,D16,P-Median,10,24,-1,3,-22.510230788197468,-43.175443874455112,True,False,255
D16,D16,P-Median,10,24,-1,4,-22.936910913712651,-43.360973350350811,True,False,649
D16,D16,P-Median,10,24,-1,5,-22.954408685481411,-43.185650031057385,True,False,839
D16,D16,P-Median,10,24,-1,6,-22.733077865046631,-43.449613878629101,True,False,521
D16,D16,P-Median,10,24,-1,7,-22.823169080056481,-43.020028236246667,True,False,426
D16,D16,P-Median,10,24,-1,8,-22.936255491866653,-43.661399065747545,True,False,332
D16,D16,P-Median,10,24,-1,9,-22.836828071243165,-43.30804460963914,True,False,416
D16,D16,P-Median,10,24,-1,10,-23.012986504226461,-43.46551954103294,True,False,396
D16,D16,P-Median,10,24,-1,11,-22.916792143186889,-43.231550399129098,True,False,863
D16,D16,P-Median,10,24,-1,12,-22.711927870432564,-42.63004113951235,True,False,72
D16,D16,P-Median,10,24,-1,13,-23.003656668383979,-43.340758853213849,True,False,280
D16,D16,P-Median,10,24,-1,14,-22.615933155012947,-43.179757198303761,True,False,183
D16,D16,P-Median,10,24,-1,15,-22.809517664348768,-43.200203165434935,True,False,168
D16,D16,P-Median,10,24,-1,16,-22.919618105516072,-42.839789575585328,True,False,147
D16,D16,P-Median,10,24,-1,17,-22.755338688692213,-43.308531682770784,True,False,244
D16,D16,P-Median,10,24,-1,18,-22.98210232841188,-43.220133149701809,True,False,494
D16,D16,P-Median,10,24,-1,19,-22.87922054417216,-43.459310464937992,True,False,235
D16,D16,P-Median,10,24,-1,20,-22.91259168660638,-43.186292650334593,True,False,508
D16,D16,P-Median,10,24,-1,21,-22.882876782615799,-43.364174483570487,True,False,402
D16,D16,P-Median,10,24,-1,22,-22.61483382699214,-43.705683375748585,True,False,90
D16,D16,P-Median,10,24,-1,23,-22.898539335408451,-43.565421405163477,True,False,564
D16,D16,P-Median,5,56,-1,0,-22.900247004009792,-43.286209546514357,True,False,313
D16,D16,P-Median,5,56,-1,1,-22.870856012007138,-43.543848748962922,True,False,142
D16,D16,P-Median,5,56,-1,2,-22.893701145563103,-43.120417849276677,True,False,150
D16,D16,P-Median,5,56,-1,3,-22.520449848823919,-43.191012345952807,True,False,173
D16,D16,P-Median,5,56,-1,4,-22.934576022997884,-43.375788413326823,True,False,308
D16,D16,P-Median,5,56,-1,5,-22.954408685481411,-43.185650031057385,True,False,443
D16,D16,P-Median,5,56,-1,6,-22.755106324412701,-43.428583345303572,True,False,220
D16,D16,P-Median,5,56,-1,7,-22.822624306841355,-43.003093742121557,True,False,231
D16,D16,P-Median,5,56,-1,8,-22.922380751135307,-43.629510536912335,True,False,77
D16,D16,P-Median,5,56,-1,9,-22.837911776525178,-43.322271046058205,True,False,292
D16,D16,P-Median,5,56,-1,10,-23.012986504226461,-43.46551954103294,True,False,263
D16,D16,P-Median,5,56,-1,11,-22.916792143186889,-43.231550399129098,True,False,281
D16,D16,P-Median,5,56,-1,12,-22.711927870432564,-42.63004113951235,True,False,34
D16,D16,P-Median,5,56,-1,13,-23.003656668383979,-43.340758853213849,True,False,228
D16,D16,P-Median,5,56,-1,14,-22.716288877191023,-43.51530571258531,True,False,111
D16,D16,P-Median,5,56,-1,15,-22.809517664348768,-43.200203165434935,True,False,147
D16,D16,P-Median,5,56,-1,16,-22.919618105516072,-42.839789575585328,True,False,86
D16,D16,P-Median,5,56,-1,17,-22.755338688692213,-43.308531682770784,True,False,178
D16,D16,P-Median,5,56,-1,18,-22.98284371340203,-43.224740007201753,True,False,314
D16,D16,P-Median,5,56,-1,19,-22.882876782615799,-43.364174483570487,True,False,310
D16,D16,P-Median,5,56,-1,20,-22.905686000249091,-43.177156307060464,True,False,330
D16,D16,P-Median,5,56,-1,21,-22.941155596656401,-43.043134176624925,True,False,135
D16,D16,P-Median,5,56,-1,22,-22.61483382699214,-43.705683375748585,True,False,73
D16,D16,P-Median,5,56,-1,23,-22.897521961702388,-43.591752252623216,True,False,225
D16,D16,P-Median,5,56,-1,24,-22.615933155012947,-43.179757198303761,True,False,75
D16,D16,P-Median,5,56,-1,25,-22.881888435047649,-43.468997604007342,True,False,153
D16,D16,P-Median,5,56,-1,26,-22.805706631753832,-43.423079052406642,True,False,179
D16,D16,P-Median,5,56,-1,27,-22.969148201152677,-43.383065237968161,True,False,151
D16,D16,P-Median,5,56,-1,28,-22.408608081087024,-43.13140914649253,True,False,61
D16,D16,P-Median,5,56,-1,29,-22.879226893202649,-43.091571865721441,True,False,119
D16,D16,P-Median,5,56,-1,30,-22.850770856036998,-43.270521523602078,True,False,260
D16,D16,P-Median,5,56,-1,31,-22.742481293107708,-42.857210752586653,True,False,56
D16,D16,P-Median,5,56,-1,32,-22.870934109341071,-43.769012683026723,True,False,46
D16,D16,P-Median,5,56,-1,33,-22.827481947170185,-43.069815234475598,True,False,128
D16,D16,P-Median,5,56,-1,34,-22.980184787318848,-43.194590667739973,True,False,329
D16,D16,P-Median,5,56,-1,35,-22.651419516496585,-43.066557876304017,True,False,48
D16,D16,P-Median,5,56,-1,36,-22.943384670900659,-43.334379195440683,True,False,242
D16,D16,P-Median,5,56,-1,37,-22.470849051492323,-42.657121037845286,True,False,19
D16,D16,P-Median,5,56,-1,38,-23.000618991095681,-43.404718284567252,True,False,116
D16,D16,P-Median,5,56,-1,39,-22.607286064343828,-43.298574737764874,True,False,85
D16,D16,P-Median,5,56,-1,40,-22.922758980989411,-43.246104027508025,True,False,412
D16,D16,P-Median,5,56,-1,41,-22.790646777654263,-43.375643445446975,True,False,138
D16,D16,P-Median,5,56,-1,42,-22.930711174851965,-43.689463800258537,True,False,158
D16,D16,P-Median,5,56,-1,43,-22.936153909752679,-43.181832267833023,True,False,377
D16,D16,P-Median,5,56,-1,44,-22.733077865046631,-43.449613878629101,True,False,179
D16,D16,P-Median,5,56,-1,45,-22.883317935180688,-43.319511906680248,True,False,125
D16,D16,P-Median,5,56,-1,46,-22.527718078493137,-42.978266279510713,True,False,21
D16,D16,P-Median,5,56,-1,47,-22.916840745702157,-43.562340107121237,True,False,173
D16,D16,P-Median,5,56,-1,48,-22.954278207609654,-42.967118947552237,True,False,47
D16,D16,P-Median,5,56,-1,49,-22.90630099451813,-43.105973880660926,True,False,350
D16,D16,P-Median,5,56,-1,50,-22.902823180776025,-43.050858129377211,True,False,96
D16,D16,P-Median,5,56,-1,51,-22.966699556811079,-43.601768668742501,True,False,85
D16,D16,P-Median,5,56,-1,52,-22.7692389862532,-43.525308493816077,True,False,79
D16,D16,P-Median,5,56,-1,53,-22.919342584449812,-43.215423225025688,True,False,218
D16,D16,P-Median,5,56,-1,54,-22.876979699775763,-43.425279126762909,True,False,102
D16,D16,P-Median,5,56,-1,55,-22.603679160438642,-42.740739684326293,True,False,16
D16,D16,MCLP,10,15,-1,0,-22.918636000417841,-43.25724486396328,True,False,3279
D16,D16,MCLP,10,15,-1,1,-22.853879739168629,-43.396809432222291,True,False,992
D16,D16,MCLP,10,15,-1,2,-22.902823180776025,-43.050858129377211,True,False,879
D16,D16,MCLP,10,15,-1,3,-23.000618991095681,-43.404718284567252,True,False,989
D16,D16,MCLP,10,15,-1,4,-22.911119400069488,-43.622641625227558,True,False,259
D16,D16,MCLP,10,15,-1,5,-22.745675146224823,-43.443888027884469,True,False,472
D16,D16,MCLP,10,15,-1,6,-22.833834004293301,-43.248856689738808,False,True,487
D16,D16,MCLP,10,15,-1,7,-22.475562635890437,-43.148370152985294,True,False,314
D16,D16,MCLP,10,15,-1,8,-22.867825487785609,-43.002749069555286,True,False,388
D16,D16,MCLP,10,15,-1,9,-22.607286064343828,-43.298574737764874,True,False,167
D16,D16,MCLP,10,15,-1,10,-22.919618105516072,-42.839789575585328,True,False,183
D16,D16,MCLP,10,15,-1,11,-22.780162791974309,-43.304303646717109,True,False,370
D16,D16,MCLP,10,15,-1,12,-22.7692389862532,-43.525308493816077,True,False,243
D16,D16,MCLP,10,15,-1,13,-22.898979722466947,-43.699308339686013,True,False,205
D16,D16,MCLP,10,15,-1,14,-22.916840745702157,-43.562340107121237,True,False,480
D16,D16,MCLP,5,40,-1,0,-22.93845834691675,-43.196368076205502,True,False,1860
D16,D16,MCLP,5,40,-1,1,-22.886593254313329,-43.267834200698552,True,False,779
D16,D16,MCLP,5,40,-1,2,-22.936910913712651,-43.360973350350811,True,False,534
D16,D16,MCLP,5,40,-1,3,-22.879226893202649,-43.091571865721441,True,False,700
D16,D16,MCLP,5,40,-1,4,-22.85332826176321,-43.328228062631148,True,False,466
D16,D16,MCLP,5,40,-1,5,-22.906374170614946,-43.566410061329776,True,False,422
D16,D16,MCLP,5,40,-1,6,-22.97841522971715,-43.237729192717843,True,False,494
D16,D16,MCLP,5,40,-1,7,-22.984082408782115,-43.448890199194111,True,False,379
D16,D16,MCLP,5,40,-1,8,-22.749383783452853,-43.443731820645432,True,False,311
D16,D16,MCLP,5,40,-1,9,-22.819261693552441,-43.034765203493123,True,False,166
D16,D16,MCLP,5,40,-1,10,-22.803670156230325,-43.375461938236299,True,False,131
D16,D16,MCLP,5,40,-1,11,-22.87922054417216,-43.459310464937992,True,False,223
D16,D16,MCLP,5,40,-1,12,-23.003656668383979,-43.340758853213849,True,False,280
D16,D16,MCLP,5,40,-1,13,-22.936255491866653,-43.661399065747545,True,False,106
D16,D16,MCLP,5,40,-1,14,-22.510230788197468,-43.175443874455112,True,False,173
D16,D16,MCLP,5,40,-1,15,-22.755338688692213,-43.308531682770784,True,False,182
D16,D16,MCLP,5,40,-1,16,-22.809517664348768,-43.200203165434935,True,False,147
D16,D16,MCLP,5,40,-1,17,-22.947654432561997,-43.03365087049761,True,False,135
D16,D16,MCLP,5,40,-1,18,-22.716288877191023,-43.51530571258531,True,False,123
D16,D16,MCLP,5,40,-1,19,-22.835828487618876,-43.276143784165548,True,False,253
D16,D16,MCLP,5,40,-1,20,-22.839350559609453,-43.404860560122628,True,False,194
D16,D16,MCLP,5,40,-1,21,-22.919618105516072,-42.839789575585328,True,False,86
D16,D16,MCLP,5,40,-1,22,-22.930174584016687,-43.396083912145642,True,False,206
D16,D16,MCLP,5,40,-1,23,-22.972563998366837,-43.642950470314368,True,False,95
D16,D16,MCLP,5,40,-1,24,-22.867825487785609,-43.002749069555286,True,False,75
D16,D16,MCLP,5,40,-1,25,-22.897989740168889,-43.668559184847297,True,False,94
D16,D16,MCLP,5,40,-1,26,-22.408608081087024,-43.13140914649253,True,False,61
D16,D16,MCLP,5,40,-1,27,-22.615933155012947,-43.179757198303761,True,False,75
D16,D16,MCLP,5,40,-1,28,-22.764520432902131,-43.403242685589518,True,False,154
D16,D16,MCLP,5,40,-1,29,-22.607286064343828,-43.298574737764874,True,False,85
D16,D16,MCLP,5,40,-1,30,-22.7692389862532,-43.525308493816077,True,False,74
D16,D16,MCLP,5,40,-1,31,-22.870934109341071,-43.769012683026723,True,False,46
D16,D16,MCLP,5,40,-1,32,-22.742481293107708,-42.857210752586653,True,False,56
D16,D16,MCLP,5,40,-1,33,-22.61483382699214,-43.705683375748585,True,False,73
D16,D16,MCLP,5,40,-1,34,-22.651419516496585,-43.066557876304017,True,False,69
D16,D16,MCLP,5,40,-1,35,-22.885872200386764,-43.513728918040449,True,False,103
D16,D16,MCLP,5,40,-1,36,-22.711927870432564,-42.63004113951235,True,False,69
D16,D16,MCLP,5,40,-1,37,-22.954278207609654,-42.967118947552237,True,False,47
D16,D16,MCLP,5,40,-1,38,-22.822624306841355,-43.003093742121557,True,False,133
D16,D16,MCLP,5,40,-1,39,-22.930711174851965,-43.689463800258537,True,False,48
D16_main300fixed,D16,P-Median,10,24,-1,0,-22.892631104117811,-43.286013573263183,True,False,486
D16_main300fixed,D16,P-Median,10,24,-1,1,-22.805706631753832,-43.423079052406642,True,False,315
D16_main300fixed,D16,P-Median,10,24,-1,2,-22.903244816618852,-43.107023598220486,True,False,822
D16_main300fixed,D16,P-Median,10,24,-1,3,-22.510230788197468,-43.175443874455112,True,False,255
D16_main300fixed,D16,P-Median,10,24,-1,4,-22.936910913712651,-43.360973350350811,True,False,649
D16_main300fixed,D16,P-Median,10,24,-1,5,-22.954408685481411,-43.185650031057385,True,False,839
D16_main300fixed,D16,P-Median,10,24,-1,6,-22.733077865046631,-43.449613878629101,True,False,521
D16_main300fixed,D16,P-Median,10,24,-1,7,-22.823169080056481,-43.020028236246667,True,False,426
D16_main300fixed,D16,P-Median,10,24,-1,8,-22.936255491866653,-43.661399065747545,True,False,332
D16_main300fixed,D16,P-Median,10,24,-1,9,-22.836828071243165,-43.30804460963914,True,False,416
D16_main300fixed,D16,P-Median,10,24,-1,10,-23.012986504226461,-43.46551954103294,True,False,396
D16_main300fixed,D16,P-Median,10,24,-1,11,-22.916792143186889,-43.231550399129098,True,False,863
D16_main300fixed,D16,P-Median,10,24,-1,12,-22.711927870432564,-42.63004113951235,True,False,72
D16_main300fixed,D16,P-Median,10,24,-1,13,-23.003656668383979,-43.340758853213849,True,False,280
D16_main300fixed,D16,P-Median,10,24,-1,14,-22.615933155012947,-43.179757198303761,True,False,183
D16_main300fixed,D16,P-Median,10,24,-1,15,-22.809517664348768,-43.200203165434935,True,False,168
D16_main300fixed,D16,P-Median,10,24,-1,16,-22.919618105516072,-42.839789575585328,True,False,147
D16_main300fixed,D16,P-Median,10,24,-1,17,-22.755338688692213,-43.308531682770784,True,False,244
D16_main300fixed,D16,P-Median,10,24,-1,18,-22.98210232841188,-43.220133149701809,True,False,494
D16_main300fixed,D16,P-Median,10,24,-1,19,-22.87922054417216,-43.459310464937992,True,False,235
D16_main300fixed,D16,P-Median,10,24,-1,20,-22.91259168660638,-43.186292650334593,True,False,508
D16_main300fixed,D16,P-Median,10,24,-1,21,-22.882876782615799,-43.364174483570487,True,False,402
D16_main300fixed,D16,P-Median,10,24,-1,22,-22.61483382699214,-43.705683375748585,True,False,90
D16_main300fixed,D16,P-Median,10,24,-1,23,-22.898539335408451,-43.565421405163477,True,False,564
D16_main300fixed,D16,P-Median,5,55,-1,0,-22.900247004009792,-43.286209546514357,True,False,313
D16_main300fixed,D16,P-Median,5,55,-1,1,-22.870856012007138,-43.543848748962922,True,False,142
D16_main300fixed,D16,P-Median,5,55,-1,2,-22.893701145563103,-43.120417849276677,True,False,150
D16_main300fixed,D16,P-Median,5,55,-1,3,-22.520449848823919,-43.191012345952807,True,False,173
D16_main300fixed,D16,P-Median,5,55,-1,4,-22.934576022997884,-43.375788413326823,True,False,308
D16_main300fixed,D16,P-Median,5,55,-1,5,-22.954408685481411,-43.185650031057385,True,False,443
D16_main300fixed,D16,P-Median,5,55,-1,6,-22.755106324412701,-43.428583345303572,True,False,220
D16_main300fixed,D16,P-Median,5,55,-1,7,-22.822624306841355,-43.003093742121557,True,False,231
D16_main300fixed,D16,P-Median,5,55,-1,8,-22.922380751135307,-43.629510536912335,True,False,77
D16_main300fixed,D16,P-Median,5,55,-1,9,-22.837911776525178,-43.322271046058205,True,False,292
D16_main300fixed,D16,P-Median,5,55,-1,10,-23.012986504226461,-43.46551954103294,True,False,263
D16_main300fixed,D16,P-Median,5,55,-1,11,-22.916792143186889,-43.231550399129098,True,False,281
D16_main300fixed,D16,P-Median,5,55,-1,12,-22.711927870432564,-42.63004113951235,True,False,45
D16_main300fixed,D16,P-Median,5,55,-1,13,-23.003656668383979,-43.340758853213849,True,False,228
D16_main300fixed,D16,P-Median,5,55,-1,14,-22.716288877191023,-43.51530571258531,True,False,111
D16_main300fixed,D16,P-Median,5,55,-1,15,-22.809517664348768,-43.200203165434935,True,False,147
D16_main300fixed,D16,P-Median,5,55,-1,16,-22.919618105516072,-42.839789575585328,True,False,86
D16_main300fixed,D16,P-Median,5,55,-1,17,-22.755338688692213,-43.308531682770784,True,False,178
D16_main300fixed,D16,P-Median,5,55,-1,18,-22.98284371340203,-43.224740007201753,True,False,314
D16_main300fixed,D16,P-Median,5,55,-1,19,-22.882876782615799,-43.364174483570487,True,False,310
D16_main300fixed,D16,P-Median,5,55,-1,20,-22.905686000249091,-43.177156307060464,True,False,330
D16_main300fixed,D16,P-Median,5,55,-1,21,-22.941155596656401,-43.043134176624925,True,False,135
D16_main300fixed,D16,P-Median,5,55,-1,22,-22.61483382699214,-43.705683375748585,True,False,73
D16_main300fixed,D16,P-Median,5,55,-1,23,-22.897521961702388,-43.591752252623216,True,False,225
D16_main300fixed,D16,P-Median,5,55,-1,24,-22.615933155012947,-43.179757198303761,True,False,75
D16_main300fixed,D16,P-Median,5,55,-1,25,-22.881888435047649,-43.468997604007342,True,False,153
D16_main300fixed,D16,P-Median,5,55,-1,26,-22.805706631753832,-43.423079052406642,True,False,179
D16_main300fixed,D16,P-Median,5,55,-1,27,-22.969148201152677,-43.383065237968161,True,False,151
D16_main300fixed,D16,P-Median,5,55,-1,28,-22.408608081087024,-43.13140914649253,True,False,61
D16_main300fixed,D16,P-Median,5,55,-1,29,-22.879226893202649,-43.091571865721441,True,False,119
D16_main300fixed,D16,P-Median,5,55,-1,30,-22.850770856036998,-43.270521523602078,True,False,260
D16_main300fixed,D16,P-Median,5,55,-1,31,-22.742481293107708,-42.857210752586653,True,False,56
D16_main300fixed,D16,P-Median,5,55,-1,32,-22.870934109341071,-43.769012683026723,True,False,46
D16_main300fixed,D16,P-Median,5,55,-1,33,-22.827481947170185,-43.069815234475598,True,False,128
D16_main300fixed,D16,P-Median,5,55,-1,34,-22.980184787318848,-43.194590667739973,True,False,329
D16_main300fixed,D16,P-Median,5,55,-1,35,-22.651419516496585,-43.066557876304017,True,False,48
D16_main300fixed,D16,P-Median,5,55,-1,36,-22.943384670900659,-43.334379195440683,True,False,242
D16_main300fixed,D16,P-Median,5,55,-1,37,-22.470849051492323,-42.657121037845286,True,False,24
D16_main300fixed,D16,P-Median,5,55,-1,38,-23.000618991095681,-43.404718284567252,True,False,116
D16_main300fixed,D16,P-Median,5,55,-1,39,-22.607286064343828,-43.298574737764874,True,False,85
D16_main300fixed,D16,P-Median,5,55,-1,40,-22.922758980989411,-43.246104027508025,True,False,412
D16_main300fixed,D16,P-Median,5,55,-1,41,-22.790646777654263,-43.375643445446975,True,False,138
D16_main300fixed,D16,P-Median,5,55,-1,42,-22.930711174851965,-43.689463800258537,True,False,158
D16_main300fixed,D16,P-Median,5,55,-1,43,-22.936153909752679,-43.181832267833023,True,False,377
D16_main300fixed,D16,P-Median,5,55,-1,44,-22.733077865046631,-43.449613878629101,True,False,179
D16_main300fixed,D16,P-Median,5,55,-1,45,-22.883317935180688,-43.319511906680248,True,False,125
D16_main300fixed,D16,P-Median,5,55,-1,46,-22.527718078493137,-42.978266279510713,True,False,21
D16_main300fixed,D16,P-Median,5,55,-1,47,-22.916840745702157,-43.562340107121237,True,False,173
D16_main300fixed,D16,P-Median,5,55,-1,48,-22.954278207609654,-42.967118947552237,True,False,47
D16_main300fixed,D16,P-Median,5,55,-1,49,-22.90630099451813,-43.105973880660926,True,False,350
D16_main300fixed,D16,P-Median,5,55,-1,50,-22.902823180776025,-43.050858129377211,True,False,96
D16_main300fixed,D16,P-Median,5,55,-1,51,-22.966699556811079,-43.601768668742501,True,False,85
D16_main300fixed,D16,P-Median,5,55,-1,52,-22.7692389862532,-43.525308493816077,True,False,79
D16_main300fixed,D16,P-Median,5,55,-1,53,-22.919342584449812,-43.215423225025688,True,False,218
D16_main300fixed,D16,P-Median,5,55,-1,54,-22.876979699775763,-43.425279126762909,True,False,102
D16_main300fixed,D16,MCLP,10,15,-1,0,-22.918636000417841,-43.25724486396328,True,False,3279
D16_main300fixed,D16,MCLP,10,15,-1,1,-22.853879739168629,-43.396809432222291,True,False,992
D16_main300fixed,D16,MCLP,10,15,-1,2,-22.902823180776025,-43.050858129377211,True,False,879
D16_main300fixed,D16,MCLP,10,15,-1,3,-23.000618991095681,-43.404718284567252,True,False,989
D16_main300fixed,D16,MCLP,10,15,-1,4,-22.911119400069488,-43.622641625227558,True,False,259
D16_main300fixed,D16,MCLP,10,15,-1,5,-22.745675146224823,-43.443888027884469,True,False,472
D16_main300fixed,D16,MCLP,10,15,-1,6,-22.833834004293301,-43.248856689738808,False,True,487
D16_main300fixed,D16,MCLP,10,15,-1,7,-22.475562635890437,-43.148370152985294,True,False,314
D16_main300fixed,D16,MCLP,10,15,-1,8,-22.867825487785609,-43.002749069555286,True,False,388
D16_main300fixed,D16,MCLP,10,15,-1,9,-22.607286064343828,-43.298574737764874,True,False,167
D16_main300fixed,D16,MCLP,10,15,-1,10,-22.919618105516072,-42.839789575585328,True,False,183
D16_main300fixed,D16,MCLP,10,15,-1,11,-22.780162791974309,-43.304303646717109,True,False,370
D16_main300fixed,D16,MCLP,10,15,-1,12,-22.7692389862532,-43.525308493816077,True,False,243
D16_main300fixed,D16,MCLP,10,15,-1,13,-22.898979722466947,-43.699308339686013,True,False,205
D16_main300fixed,D16,MCLP,10,15,-1,14,-22.916840745702157,-43.562340107121237,True,False,480
D16_main300fixed,D16,MCLP,5,40,-1,0,-22.93845834691675,-43.196368076205502,True,False,1860
D16_main300fixed,D16,MCLP,5,40,-1,1,-22.886593254313329,-43.267834200698552,True,False,779
D16_main300fixed,D16,MCLP,5,40,-1,2,-22.936910913712651,-43.360973350350811,True,False,534
D16_main300fixed,D16,MCLP,5,40,-1,3,-22.879226893202649,-43.091571865721441,True,False,700
D16_main300fixed,D16,MCLP,5,40,-1,4,-22.85332826176321,-43.328228062631148,True,False,466
D16_main300fixed,D16,MCLP,5,40,-1,5,-22.906374170614946,-43.566410061329776,True,False,422
D16_main300fixed,D16,MCLP,5,40,-1,6,-22.97841522971715,-43.237729192717843,True,False,494
D16_main300fixed,D16,MCLP,5,40,-1,7,-22.984082408782115,-43.448890199194111,True,False,379
D16_main300fixed,D16,MCLP,5,40,-1,8,-22.749383783452853,-43.443731820645432,True,False,311
D16_main300fixed,D16,MCLP,5,40,-1,9,-22.819261693552441,-43.034765203493123,True,False,166
D16_main300fixed,D16,MCLP,5,40,-1,10,-22.803670156230325,-43.375461938236299,True,False,131
D16_main300fixed,D16,MCLP,5,40,-1,11,-22.87922054417216,-43.459310464937992,True,False,223
D16_main300fixed,D16,MCLP,5,40,-1,12,-23.003656668383979,-43.340758853213849,True,False,280
D16_main300fixed,D16,MCLP,5,40,-1,13,-22.936255491866653,-43.661399065747545,True,False,106
D16_main300fixed,D16,MCLP,5,40,-1,14,-22.510230788197468,-43.175443874455112,True,False,173
D16_main300fixed,D16,MCLP,5,40,-1,15,-22.755338688692213,-43.308531682770784,True,False,182
D16_main300fixed,D16,MCLP,5,40,-1,16,-22.809517664348768,-43.200203165434935,True,False,147
D16_main300fixed,D16,MCLP,5,40,-1,17,-22.947654432561997,-43.03365087049761,True,False,135
D16_main300fixed,D16,MCLP,5,40,-1,18,-22.716288877191023,-43.51530571258531,True,False,123
D16_main300fixed,D16,MCLP,5,40,-1,19,-22.835828487618876,-43.276143784165548,True,False,253
D16_main300fixed,D16,MCLP,5,40,-1,20,-22.839350559609453,-43.404860560122628,True,False,194
D16_main300fixed,D16,MCLP,5,40,-1,21,-22.919618105516072,-42.839789575585328,True,False,86
D16_main300fixed,D16,MCLP,5,40,-1,22,-22.930174584016687,-43.396083912145642,True,False,206
D16_main300fixed,D16,MCLP,5,40,-1,23,-22.972563998366837,-43.642950470314368,True,False,95
D16_main300fixed,D16,MCLP,5,40,-1,24,-22.867825487785609,-43.002749069555286,True,False,75
D16_main300fixed,D16,MCLP,5,40,-1,25,-22.897989740168889,-43.668559184847297,True,False,94
D16_main300fixed,D16,MCLP,5,40,-1,26,-22.408608081087024,-43.13140914649253,True,False,61
D16_main300fixed,D16,MCLP,5,40,-1,27,-22.615933155012947,-43.179757198303761,True,False,75
D16_main300fixed,D16,MCLP,5,40,-1,28,-22.764520432902131,-43.403242685589518,True,False,154
D16_main300fixed,D16,MCLP,5,40,-1,29,-22.607286064343828,-43.298574737764874,True,False,85
D16_main300fixed,D16,MCLP,5,40,-1,30,-22.7692389862532,-43.525308493816077,True,False,74
D16_main300fixed,D16,MCLP,5,40,-1,31,-22.870934109341071,-43.769012683026723,True,False,46
D16_main300fixed,D16,MCLP,5,40,-1,32,-22.742481293107708,-42.857210752586653,True,False,56
D16_main300fixed,D16,MCLP,5,40,-1,33,-22.61483382699214,-43.705683375748585,True,False,73
D16_main300fixed,D16,MCLP,5,40,-1,34,-22.651419516496585,-43.066557876304017,True,False,69
D16_main300fixed,D16,MCLP,5,40,-1,35,-22.885872200386764,-43.513728918040449,True,False,103
D16_main300fixed,D16,MCLP,5,40,-1,36,-22.711927870432564,-42.63004113951235,True,False,69
D16_main300fixed,D16,MCLP,5,40,-1,37,-22.954278207609654,-42.967118947552237,True,False,47
D16_main300fixed,D16,MCLP,5,40,-1,38,-22.822624306841355,-43.003093742121557,True,False,133
D16_main300fixed,D16,MCLP,5,40,-1,39,-22.930711174851965,-43.689463800258537,True,False,48
D22,D22,K-Means,10,19,42,0,-22.898083307125567,-43.572742174616252,True,False,602
D22,D22,K-Means,10,19,42,1,-22.91431233274956,-43.249821902939978,True,False,1172
D22,D22,K-Means,10,19,42,2,-22.477721676146285,-43.171188651940248,True,False,234
D22,D22,K-Means,10,19,42,3,-22.818211526451428,-42.993224026634294,True,False,383
D22,D22,K-Means,10,19,42,4,-22.804632336725401,-43.329684929869636,True,False,583
D22,D22,K-Means,10,19,42,5,-22.986739783273499,-43.363938354404496,True,False,597
D22,D22,K-Means,10,19,42,6,-22.899496712250588,-43.090051612609898,True,False,882
D22,D22,K-Means,10,19,42,7,-22.746822090183812,-43.452263994589302,True,False,566
D22,D22,K-Means,10,19,42,8,-22.622771667807957,-42.670856781461467,True,False,71
D22,D22,K-Means,10,19,42,9,-22.647892701903096,-43.243996464837615,True,False,176
D22,D22,K-Means,10,19,42,10,-22.906999482783522,-43.355817574901835,True,False,864
D22,D22,K-Means,10,19,42,11,-23.00800408760573,-43.468615367200911,True,False,280
D22,D22,K-Means,10,19,42,12,-22.687735142731707,-43.632749578697556,True,False,144
D22,D22,K-Means,10,19,42,13,-22.926422881426181,-43.684795369362675,True,False,293
D22,D22,K-Means,10,19,42,14,-22.948644845605582,-43.192858503897099,True,False,1867
D22,D22,K-Means,10,19,42,15,-22.854350525621911,-43.436821747183743,True,False,424
D22,D22,K-Means,10,19,42,16,-22.930251311870428,-42.877589616497644,True,False,131
D22,D22,K-Means,10,19,42,17,-22.830940404848636,-43.238075326054187,True,False,369
D22,D22,K-Means,10,19,42,18,-22.615312266741359,-43.049335979519377,True,False,75
D22,D22,K-Means,5,41,42,0,-22.918439291579755,-43.235314310240639,True,False,863
D22,D22,K-Means,5,41,42,1,-22.892621072334631,-43.593143618330295,True,False,253
D22,D22,K-Means,5,41,42,2,-22.828452696471906,-43.00038878162642,True,False,211
D22,D22,K-Means,5,41,42,3,-22.507789963358125,-43.186020945855844,True,False,173
D22,D22,K-Means,5,41,42,4,-22.741007603820886,-43.452796149135537,True,False,328
D22,D22,K-Means,5,41,42,5,-22.717214360366977,-42.64446332982078,True,False,34
D22,D22,K-Means,5,41,42,6,-22.931502869994379,-43.364223690811286,True,False,514
D22,D22,K-Means,5,41,42,7,-22.897646262280748,-43.104165398199129,True,False,645
D22,D22,K-Means,5,41,42,8,-22.921233313815634,-43.1824532703789,True,False,747
D22,D22,K-Means,5,41,42,9,-22.638168774108244,-43.168423043267303,True,False,61
D22,D22,K-Means,5,41,42,10,-22.732576619317012,-43.538888337575145,True,False,160
D22,D22,K-Means,5,41,42,11,-22.762292932273159,-43.310376004350701,True,False,144
D22,D22,K-Means,5,41,42,12,-22.850452308999895,-43.266494310391415,True,False,238
D22,D22,K-Means,5,41,42,13,-22.93440408750773,-43.680150639932776,True,False,170
D22,D22,K-Means,5,41,42,14,-22.99748241152481,-43.332931898178202,True,False,282
D22,D22,K-Means,5,41,42,15,-22.925583915696066,-42.860636111345357,True,False,109
D22,D22,K-Means,5,41,42,16,-22.89731521928983,-43.548267638840656,True,False,289
D22,D22,K-Means,5,41,42,17,-22.981687526692557,-43.395726584673234,True,False,267
D22,D22,K-Means,5,41,42,18,-22.749128477164554,-42.873321839684742,True,False,56
D22,D22,K-Means,5,41,42,19,-22.896806539603471,-43.28834309326799,True,False,388
D22,D22,K-Means,5,41,42,20,-22.964551543464612,-43.187986642187283,True,False,681
D22,D22,K-Means,5,41,42,21,-22.634526698387148,-43.675321585024875,True,False,61
D22,D22,K-Means,5,41,42,22,-22.836458645124761,-43.316220278167613,True,False,280
D22,D22,K-Means,5,41,42,23,-22.6523020707229,-43.270587580281791,True,False,122
D22,D22,K-Means,5,41,42,24,-22.828748400259826,-43.061411646848406,True,False,164
D22,D22,K-Means,5,41,42,25,-22.933413940943847,-43.031838148291271,True,False,213
D22,D22,K-Means,5,41,42,26,-22.535821878156177,-42.991303854384803,True,False,22
D22,D22,K-Means,5,41,42,27,-22.8030433664618,-43.40673954159832,True,False,282
D22,D22,K-Means,5,41,42,28,-22.874178219474214,-43.359749599399116,True,False,389
D22,D22,K-Means,5,41,42,29,-22.590912313472298,-42.726312929259805,True,False,16
D22,D22,K-Means,5,41,42,30,-23.008198880782512,-43.463494046914342,True,False,263
D22,D22,K-Means,5,41,42,31,-22.953327781060437,-43.610365808137807,True,False,142
D22,D22,K-Means,5,41,42,32,-22.876122652963012,-43.455155508877858,True,False,244
D22,D22,K-Means,5,41,42,33,-22.979417426877706,-43.225418413680075,True,False,413
D22,D22,K-Means,5,41,42,34,-22.871338940979843,-43.787009249444985,True,False,46
D22,D22,K-Means,5,41,42,35,-22.806662142475478,-43.193910955041872,True,False,147
D22,D22,K-Means,5,41,42,36,-22.386479977020706,-43.126180311782562,True,False,61
D22,D22,K-Means,5,41,42,37,-22.643353071223981,-43.058925099250096,True,False,43
D22,D22,K-Means,5,41,42,38,-22.470849051492323,-42.657121037845286,True,False,19
D22,D22,K-Means,5,41,42,39,-22.749719510232197,-43.375375184655461,True,False,140
D22,D22,K-Means,5,41,42,40,-22.764183503464924,-43.681340132765868,True,False,33
D22,D22,K-Means,3,85,42,0,-22.896829200517548,-43.228313742957837,True,False,107
D22,D22,K-Means,3,85,42,1,-22.777903167152004,-43.4187541002782,True,False,87
D22,D22,K-Means,3,85,42,2,-22.535821878156177,-42.991303854384803,True,False,21
D22,D22,K-Means,3,85,42,3,-22.892327598877181,-43.581664030565641,True,False,229
D22,D22,K-Means,3,85,42,4,-22.944334184322003,-43.028595531015718,True,False,79
D22,D22,K-Means,3,85,42,5,-22.515382135921158,-43.192842169598194,True,False,142
D22,D22,K-Means,3,85,42,6,-23.005012045118431,-43.333698505060902,True,False,228
D22,D22,K-Means,3,85,42,7,-22.853064826895988,-43.342869692879205,True,False,91
D22,D22,K-Means,3,85,42,8,-22.817020899178704,-42.973748210351445,True,False,56
D22,D22,K-Means,3,85,42,9,-22.959097481442797,-43.184163747284352,True,False,410
D22,D22,K-Means,3,85,42,10,-22.921638738430705,-42.826927034912266,True,False,62
D22,D22,K-Means,3,85,42,11,-22.904950928035326,-43.102801543507631,True,False,350
D22,D22,K-Means,3,85,42,12,-22.61483382699214,-43.705683375748585,True,False,35
D22,D22,K-Means,3,85,42,13,-23.008198880782512,-43.463494046914342,True,False,263
D22,D22,K-Means,3,85,42,14,-22.887414131578897,-43.360556687506126,True,False,213
D22,D22,K-Means,3,85,42,15,-22.470849051492323,-42.657121037845286,True,False,19
D22,D22,K-Means,3,85,42,16,-22.72528818830688,-43.326487892227874,True,False,59
D22,D22,K-Means,3,85,42,17,-22.903717218276537,-43.667063968873897,True,False,35
D22,D22,K-Means,3,85,42,18,-22.840243844525766,-43.268583150049665,True,False,152
D22,D22,K-Means,3,85,42,19,-22.720776761598877,-43.562390004963738,True,False,59
D22,D22,K-Means,3,85,42,20,-22.872349482411632,-43.473185756381817,True,False,144
D22,D22,K-Means,3,85,42,21,-22.415064119587207,-43.131487998040782,True,False,39
D22,D22,K-Means,3,85,42,22,-22.830752837474101,-43.068896544656901,True,False,112
D22,D22,K-Means,3,85,42,23,-22.959292097425244,-43.337857873719535,True,False,98
D22,D22,K-Means,3,85,42,24,-22.735218709428018,-42.727847609078914,True,False,6
D22,D22,K-Means,3,85,42,25,-22.901093945502513,-43.282840577168656,True,False,266
D22,D22,K-Means,3,85,42,26,-22.96348898327469,-43.210957927630147,True,False,132
D22,D22,K-Means,3,85,42,27,-22.806662142475478,-43.193910955041872,True,False,147
D22,D22,K-Means,3,85,42,28,-22.935424007315294,-43.181478381801739,True,False,412
D22,D22,K-Means,3,85,42,29,-22.871338940979843,-43.787009249444985,True,False,46
D22,D22,K-Means,3,85,42,30,-22.622684483877663,-43.190308676721465,True,False,53
D22,D22,K-Means,3,85,42,31,-22.749128477164554,-42.873321839684742,True,False,56
D22,D22,K-Means,3,85,42,32,-23.000618991095681,-43.404718284567252,True,False,116
D22,D22,K-Means,3,85,42,33,-22.855493058793776,-43.378468811265464,True,False,92
D22,D22,K-Means,3,85,42,34,-22.742605330510575,-43.472776910184038,True,False,74
D22,D22,K-Means,3,85,42,35,-22.921238402755712,-43.564099849168294,True,False,97
D22,D22,K-Means,3,85,42,36,-22.590912313472298,-42.726312929259805,True,False,16
D22,D22,K-Means,3,85,42,37,-22.64095641881601,-43.056502830846554,True,False,42
D22,D22,K-Means,3,85,42,38,-22.768238047172819,-43.303357785516603,True,False,98
D22,D22,K-Means,3,85,42,39,-22.982014002085783,-43.640255287927204,True,False,30
D22,D22,K-Means,3,85,42,40,-22.740348512916984,-43.702890192907162,True,False,20
D22,D22,K-Means,3,85,42,41,-22.819525762660309,-43.020815065290698,True,False,157
D22,D22,K-Means,3,85,42,42,-22.951099580914871,-42.962402082365941,True,False,26
D22,D22,K-Means,3,85,42,43,-22.922615880610067,-43.385785096993629,True,False,200
D22,D22,K-Means,3,85,42,44,-22.909424052721743,-43.199658158200769,True,False,75
D22,D22,K-Means,3,85,42,45,-22.680563237028309,-43.141180011289052,True,False,22
D22,D22,K-Means,3,85,42,46,-22.632308531530263,-43.283999289393137,True,False,60
D22,D22,K-Means,3,85,42,47,-22.984240254156557,-43.232872061740387,True,False,232
D22,D22,K-Means,3,85,42,48,-22.814380878809054,-43.415899027018931,True,False,146
D22,D22,K-Means,3,85,42,49,-22.945434263478099,-43.066365234354869,True,False,56
D22,D22,K-Means,3,85,42,50,-22.872798037485801,-43.006251563848771,True,False,64
D22,D22,K-Means,3,85,42,51,-22.713356285568182,-42.626595269979745,True,False,28
D22,D22,K-Means,3,85,42,52,-23.004990522576701,-43.547845204575459,True,False,17
D22,D22,K-Means,3,85,42,53,-22.907371349920155,-43.539431288738648,True,False,76
D22,D22,K-Means,3,85,42,54,-22.790110516000446,-43.366696497452843,True,False,127
D22,D22,K-Means,3,85,42,55,-22.869019979685149,-43.265855341463023,True,False,136
D22,D22,K-Means,3,85,42,56,-22.96554242872385,-43.388670665927215,True,False,166
D22,D22,K-Means,3,85,42,57,-22.922836495714467,-43.247516710491901,True,False,403
D22,D22,K-Means,3,85,42,58,-22.752474277565717,-43.445721158432235,True,False,167
D22,D22,K-Means,3,85,42,59,-22.881556018557003,-43.429191952472152,True,False,100
D22,D22,K-Means,3,85,42,60,-22.874126204046274,-43.094875193431058,True,False,119
D22,D22,K-Means,3,85,42,61,-22.719191096270453,-43.516877855743722,True,False,34
D22,D22,K-Means,3,85,42,62,-22.93100077745417,-42.903551822359582,True,False,45
D22,D22,K-Means,3,85,42,63,-22.907368020333532,-43.180584620374511,True,False,295
D22,D22,K-Means,3,85,42,64,-22.268892739670068,-43.076812591215528,True,False,5
D22,D22,K-Means,3,85,42,65,-22.957498620972402,-43.602070567570458,True,False,38
D22,D22,K-Means,3,85,42,66,-22.920817870437748,-43.22454323647996,True,False,361
D22,D22,K-Means,3,85,42,67,-22.73802175047793,-43.393799103036017,True,False,65
D22,D22,K-Means,3,85,42,68,-22.980287150729193,-43.196074755058241,True,False,277
D22,D22,K-Means,3,85,42,69,-22.665932657658519,-43.624810478389882,True,False,35
D22,D22,K-Means,3,85,42,70,-22.476081477947805,-43.157532305520142,True,False,34
D22,D22,K-Means,3,85,42,71,-22.807342096925868,-43.618603170947843,True,False,26
D22,D22,K-Means,3,85,42,72,-22.911962873963194,-43.626176104913505,True,False,105
D22,D22,K-Means,3,85,42,73,-22.900219873700067,-43.058031403997447,True,False,66
D22,D22,K-Means,3,85,42,74,-22.704735122477562,-43.448688415292239,True,False,66
D22,D22,K-Means,3,85,42,75,-22.935267845009982,-43.347789705905235,True,False,237
D22,D22,K-Means,3,85,42,76,-22.886365066032862,-43.317934241154653,True,False,138
D22,D22,K-Means,3,85,42,77,-22.677593544781985,-43.26248873442831,True,False,46
D22,D22,K-Means,3,85,42,78,-22.923373843688829,-43.680800744913057,True,False,86
D22,D22,K-Means,3,85,42,79,-22.97393304015122,-43.692431028413075,True,False,42
D22,D22,K-Means,3,85,42,80,-22.834606015935666,-43.313410221541957,True,False,226
D22,D22,K-Means,3,85,42,81,-22.34884816463925,-43.129025943122883,True,False,14
D22,D22,K-Means,3,85,42,82,-22.758380330209853,-43.510867915084155,True,False,62
D22,D22,K-Means,3,85,42,83,-22.895636315755883,-43.1209809208815,True,False,150
D22,D22,K-Means,3,85,42,84,-22.873967751731382,-43.538239622267092,True,False,90
D22,D22,Ward,10,17,-1,0,-22.910427580279631,-43.598845756807577,True,False,823
D22,D22,Ward,10,17,-1,1,-22.772698185112937,-43.369630681741853,True,False,449
D22,D22,Ward,10,17,-1,2,-22.477721676146288,-43.171188651940241,True,False,234
D22,D22,Ward,10,17,-1,3,-22.863821180335478,-43.293332136272504,True,False,1324
D22,D22,Ward,10,17,-1,4,-22.648963332494652,-43.236452534243284,True,False,179
D22,D22,Ward,10,17,-1,5,-22.620087206469396,-42.666928402914841,True,False,69
D22,D22,Ward,10,17,-1,6,-22.826404505403953,-43.027799564629881,True,False,389
D22,D22,Ward,10,17,-1,7,-22.863056039660759,-43.433979637878259,True,False,531
D22,D22,Ward,10,17,-1,8,-22.940116324134777,-43.205281083443417,True,False,2652
D22,D22,Ward,10,17,-1,9,-22.742110151578466,-43.468487893902875,True,False,448
D22,D22,Ward,10,17,-1,10,-22.930565608059606,-42.879336558738764,True,False,131
D22,D22,Ward,10,17,-1,11,-22.680732390250657,-43.635153196939278,True,False,144
D22,D22,Ward,10,17,-1,12,-22.871338940979847,-43.787009249444992,True,False,67
D22,D22,Ward,10,17,-1,13,-22.971312774234274,-43.380342344581841,True,False,1326
D22,D22,Ward,10,17,-1,14,-22.605911571929401,-43.03476983869264,True,False,69
D22,D22,Ward,10,17,-1,15,-22.749128477164554,-42.873321839684735,True,False,56
D22,D22,Ward,10,17,-1,16,-22.904704798131839,-43.08831804644106,True,False,822
D22,D22,Ward,5,42,-1,0,-22.824600105899599,-43.048427236673078,True,False,200
D22,D22,Ward,5,42,-1,1,-22.656246347439087,-43.27948977364278,True,False,108
D22,D22,Ward,5,42,-1,2,-22.741544326206462,-43.453348049195128,True,False,306
D22,D22,Ward,5,42,-1,3,-22.754378060239823,-43.312303542974817,True,False,149
D22,D22,Ward,5,42,-1,4,-22.972367838634863,-43.629695425569054,True,False,90
D22,D22,Ward,5,42,-1,5,-22.926775634622295,-43.038766083138974,True,False,199
D22,D22,Ward,5,42,-1,6,-22.829677602179295,-42.990381926970123,True,False,168
D22,D22,Ward,5,42,-1,7,-22.70333513774894,-43.577070268615579,True,False,71
D22,D22,Ward,5,42,-1,8,-22.633836042236588,-43.055495901078793,True,False,42
D22,D22,Ward,5,42,-1,9,-22.657802066701684,-43.694077906832895,True,False,69
D22,D22,Ward,5,42,-1,10,-22.853618101891577,-43.405331585656384,True,False,160
D22,D22,Ward,5,42,-1,11,-22.717214360366977,-42.64446332982078,True,False,34
D22,D22,Ward,5,42,-1,12,-22.805994334793315,-43.618740975954807,True,False,26
D22,D22,Ward,5,42,-1,13,-22.948659468379031,-43.374993566177665,True,False,647
D22,D22,Ward,5,42,-1,14,-22.900496358493246,-43.596611728086273,True,False,282
D22,D22,Ward,5,42,-1,15,-22.38851673346527,-43.12987913902451,True,False,61
D22,D22,Ward,5,42,-1,16,-22.921638738430705,-42.826927034912273,True,False,62
D22,D22,Ward,5,42,-1,17,-22.789016267278946,-43.366744378660933,True,False,131
D22,D22,Ward,5,42,-1,18,-22.625030308414221,-43.196732622244028,True,False,55
D22,D22,Ward,5,42,-1,19,-22.884617734747955,-43.275655666682589,True,False,512
D22,D22,Ward,5,42,-1,20,-22.87459118477344,-43.349468991699098,True,False,375
D22,D22,Ward,5,42,-1,21,-22.509175442062713,-43.185754433950997,True,False,173
D22,D22,Ward,5,42,-1,22,-22.806662142475478,-43.193910955041872,True,False,147
D22,D22,Ward,5,42,-1,23,-22.968435773367133,-43.19907425863218,True,False,1022
D22,D22,Ward,5,42,-1,24,-22.938360902665131,-42.925102621798537,True,False,69
D22,D22,Ward,5,42,-1,25,-22.873849703297324,-43.46674287992208,True,False,186
D22,D22,Ward,5,42,-1,26,-22.871338940979847,-43.787009249444992,True,False,46
D22,D22,Ward,5,42,-1,27,-22.741828005739873,-43.396837059723204,True,False,82
D22,D22,Ward,5,42,-1,28,-22.743986613271346,-43.518696562576551,True,False,105
D22,D22,Ward,5,42,-1,29,-22.52573511411174,-42.688751616777637,True,False,35
D22,D22,Ward,5,42,-1,30,-22.996363513578345,-43.324883091353684,True,False,311
D22,D22,Ward,5,42,-1,31,-22.897646262280745,-43.104165398199129,True,False,644
D22,D22,Ward,5,42,-1,32,-22.749128477164554,-42.873321839684735,True,False,56
D22,D22,Ward,5,42,-1,33,-23.008198880782512,-43.463494046914349,True,False,396
D22,D22,Ward,5,42,-1,34,-22.896728551848923,-43.545728660250944,True,False,293
D22,D22,Ward,5,42,-1,35,-22.530351240509944,-42.978687552235982,True,False,21
D22,D22,Ward,5,42,-1,36,-22.920458150400179,-43.181978527144153,True,False,782
D22,D22,Ward,5,42,-1,37,-22.794057193146486,-43.421643197817986,True,False,184
D22,D22,Ward,5,42,-1,38,-22.680563237028309,-43.141180011289059,True,False,22
D22,D22,Ward,5,42,-1,39,-22.918012945849114,-43.677054351447829,True,False,163
D22,D22,Ward,5,42,-1,40,-22.919538850956151,-43.234201862033323,True,False,868
D22,D22,Ward,5,42,-1,41,-22.834563901763595,-43.306380532575794,True,False,361
D22,D22,Ward,3,81,-1,0,-22.920458150400179,-43.181978527144153,True,False,667
D22,D22,Ward,3,81,-1,1,-22.668831470560381,-43.274580849881126,True,False,78
D22,D22,Ward,3,81,-1,2,-22.716162568431741,-42.647824133979,True,False,33
D22,D22,Ward,3,81,-1,3,-22.892032654019413,-43.028164956705382,True,False,70
D22,D22,Ward,3,81,-1,4,-22.710066321119335,-43.453021475104904,True,False,87
D22,D22,Ward,3,81,-1,5,-22.832210396766957,-43.068406984842085,True,False,118
D22,D22,Ward,3,81,-1,6,-22.814878991099711,-42.968378331558576,True,False,51
D22,D22,Ward,3,81,-1,7,-22.729567827416059,-43.522820207009971,True,False,43
D22,D22,Ward,3,81,-1,8,-22.743473176944697,-42.857793862639475,True,False,42
D22,D22,Ward,3,81,-1,9,-22.919538850956151,-43.234201862033323,True,False,819
D22,D22,Ward,3,81,-1,10,-22.966904402216176,-43.584284791873763,True,False,65
D22,D22,Ward,3,81,-1,11,-22.880343939757712,-43.35087161145993,True,False,257
D22,D22,Ward,3,81,-1,12,-22.42005740210417,-43.141178883214565,True,False,36
D22,D22,Ward,3,81,-1,13,-22.741828005739873,-43.396837059723204,True,False,74
D22,D22,Ward,3,81,-1,14,-22.920741172948219,-42.831043523869667,True,False,60
D22,D22,Ward,3,81,-1,15,-22.624109639675027,-43.690481055374008,True,False,49
D22,D22,Ward,3,81,-1,16,-22.86857060471797,-43.47794403375201,True,False,94
D22,D22,Ward,3,81,-1,17,-22.930788192088666,-42.905103403661343,True,False,47
D22,D22,Ward,3,81,-1,18,-22.680563237028309,-43.141180011289059,True,False,22
D22,D22,Ward,3,81,-1,19,-22.73515605918935,-43.324036959471201,True,False,63
D22,D22,Ward,3,81,-1,20,-22.834563901763595,-43.306380532575794,True,False,253
D22,D22,Ward,3,81,-1,21,-22.64654045037916,-43.055433287667533,True,False,38
D22,D22,Ward,3,81,-1,22,-22.771653529538348,-43.301758320554008,True,False,94
D22,D22,Ward,3,81,-1,23,-22.997452121501432,-43.285298459542688,True,False,72
D22,D22,Ward,3,81,-1,24,-22.515764701238233,-43.193549637703789,True,False,126
D22,D22,Ward,3,81,-1,25,-22.888627332918837,-43.300339939103395,True,False,136
D22,D22,Ward,3,81,-1,26,-22.618128525599097,-43.180181240546233,True,False,37
D22,D22,Ward,3,81,-1,27,-22.838741751465548,-43.003859129159679,True,False,89
D22,D22,Ward,3,81,-1,28,-22.89549843746228,-43.582975021166853,True,False,229
D22,D22,Ward,3,81,-1,29,-22.924647384504901,-43.37729918704423,True,False,270
D22,D22,Ward,3,81,-1,30,-22.752923689108346,-43.444934496098981,True,False,173
D22,D22,Ward,3,81,-1,31,-22.887100005031357,-43.110091710265905,True,False,261
D22,D22,Ward,3,81,-1,32,-22.90100995289751,-43.275712969030565,True,False,305
D22,D22,Ward,3,81,-1,33,-23.008198880782512,-43.463494046914349,True,False,263
D22,D22,Ward,3,81,-1,34,-22.590912313472302,-42.726312929259805,True,False,16
D22,D22,Ward,3,81,-1,35,-22.9960347095526,-43.336839265859858,True,False,193
D22,D22,Ward,3,81,-1,36,-22.979503836728174,-43.214603058323796,True,False,485
D22,D22,Ward,3,81,-1,37,-22.794057193146486,-43.421643197817986,True,False,138
D22,D22,Ward,3,81,-1,38,-22.884268143158806,-43.623894386849798,True,False,26
D22,D22,Ward,3,81,-1,39,-22.918012945849114,-43.677054351447829,True,False,121
D22,D22,Ward,3,81,-1,40,-22.866455816256806,-43.773656206532017,True,False,35
D22,D22,Ward,3,81,-1,41,-22.714040918851609,-43.56451440044021,True,False,50
D22,D22,Ward,3,81,-1,42,-22.815410320701268,-43.024300748318019,True,False,105
D22,D22,Ward,3,81,-1,43,-22.777031113268073,-43.359573608724197,True,False,64
D22,D22,Ward,3,81,-1,44,-22.602759574173632,-43.300352699629869,True,False,20
D22,D22,Ward,3,81,-1,45,-22.806662142475478,-43.193910955041872,True,False,147
D22,D22,Ward,3,81,-1,46,-22.982014002085783,-43.640255287927204,True,False,30
D22,D22,Ward,3,81,-1,47,-22.740348512916984,-43.702890192907162,True,False,20
D22,D22,Ward,3,81,-1,48,-22.883395302040888,-43.415484534800527,True,False,79
D22,D22,Ward,3,81,-1,49,-22.678354981842698,-43.606367294358101,True,False,21
D22,D22,Ward,3,81,-1,50,-22.268892739670068,-43.076812591215528,True,False,5
D22,D22,Ward,3,81,-1,51,-22.94479051345342,-43.044262963511954,True,False,135
D22,D22,Ward,3,81,-1,52,-22.855505345283191,-43.261326078749306,True,False,222
D22,D22,Ward,3,81,-1,53,-22.766094377824121,-42.919905770820542,True,False,14
D22,D22,Ward,3,81,-1,54,-22.948565702905171,-42.703432366189951,True,False,2
D22,D22,Ward,3,81,-1,55,-22.751923494229857,-42.533556792599491,True,False,1
D22,D22,Ward,3,81,-1,56,-22.82288096978629,-43.408154842519224,True,False,74
D22,D22,Ward,3,81,-1,57,-22.811564417819163,-43.586841989644981,True,False,13
D22,D22,Ward,3,81,-1,58,-22.470849051492323,-42.657121037845286,True,False,19
D22,D22,Ward,3,81,-1,59,-22.573490103559394,-43.055793314782285,True,False,8
D22,D22,Ward,3,81,-1,60,-22.639178963185213,-43.230662954724487,True,False,24
D22,D22,Ward,3,81,-1,61,-22.959813190454121,-43.186976535795516,True,False,652
D22,D22,Ward,3,81,-1,62,-22.749907479796651,-43.478889782619682,True,False,61
D22,D22,Ward,3,81,-1,63,-22.953190794210705,-42.964267757317188,True,False,24
D22,D22,Ward,3,81,-1,64,-22.915919142301757,-43.548288772110745,True,False,119
D22,D22,Ward,3,81,-1,65,-22.876764147264918,-43.543065318074198,True,False,134
D22,D22,Ward,3,81,-1,66,-22.979971085586023,-43.395271814020276,True,False,267
D22,D22,Ward,3,81,-1,67,-22.800852719692529,-43.648186194086961,True,False,13
D22,D22,Ward,3,81,-1,68,-22.886876156007695,-43.829496204168073,True,False,11
D22,D22,Ward,3,81,-1,69,-22.800132931868745,-43.373395527587768,True,False,71
D22,D22,Ward,3,81,-1,70,-22.97393304015122,-43.692431028413075,True,False,42
D22,D22,Ward,3,81,-1,71,-22.530351240509944,-42.978687552235982,True,False,17
D22,D22,Ward,3,81,-1,72,-22.845737523055476,-43.342433976961182,True,False,64
D22,D22,Ward,3,81,-1,73,-22.940567353195906,-43.342607415811742,True,False,298
D22,D22,Ward,3,81,-1,74,-22.361649528364033,-43.122806236434656,True,False,20
D22,D22,Ward,3,81,-1,75,-22.760968738834247,-43.513839825799423,True,False,54
D22,D22,Ward,3,81,-1,76,-22.483194934456399,-43.15501905915427,True,False,47
D22,D22,Ward,3,81,-1,77,-22.920530355077055,-43.626816463503133,True,False,79
D22,D22,Ward,3,81,-1,78,-22.853303163972491,-43.385780614426317,True,False,85
D22,D22,Ward,3,81,-1,79,-22.880367108950853,-43.452914294946844,True,False,87
D22,D22,Ward,3,81,-1,80,-22.904889875812568,-43.100094957542744,True,False,380
D22,D22,Complete,10,19,-1,0,-22.664492499235369,-43.25407294441154,True,False,214
D22,D22,Complete,10,19,-1,1,-22.739215316531688,-43.465560285917768,True,False,590
D22,D22,Complete,10,19,-1,2,-22.908545179788948,-43.599860990282941,True,False,829
D22,D22,Complete,10,19,-1,3,-22.881195280960426,-43.070147484904702,True,False,1186
D22,D22,Complete,10,19,-1,4,-22.38851673346527,-43.12987913902451,True,False,61
D22,D22,Complete,10,19,-1,5,-22.843543974409812,-43.28795762432101,True,False,1265
D22,D22,Complete,10,19,-1,6,-22.930290797451278,-42.882022118930351,True,False,135
D22,D22,Complete,10,19,-1,7,-22.605911571929401,-43.03476983869264,True,False,75
D22,D22,Complete,10,19,-1,8,-22.942762636933708,-43.360828437680375,True,False,1092
D22,D22,Complete,10,19,-1,9,-22.713356285568182,-42.626595269979745,True,False,34
D22,D22,Complete,10,19,-1,10,-22.747782370609404,-42.859243688335788,True,False,75
D22,D22,Complete,10,19,-1,11,-22.871338940979847,-43.787009249444992,True,False,67
D22,D22,Complete,10,19,-1,12,-22.662597746901252,-43.673612097255443,True,False,100
D22,D22,Complete,10,19,-1,13,-22.52573511411174,-42.688751616777637,True,False,35
D22,D22,Complete,10,19,-1,14,-23.00800408760573,-43.468615367200911,True,False,396
D22,D22,Complete,10,19,-1,15,-22.948565702905171,-42.703432366189951,True,False,2
D22,D22,Complete,10,19,-1,16,-22.843810467427851,-43.429582668090632,True,False,644
D22,D22,Complete,10,19,-1,17,-22.509175442062713,-43.185754433950997,True,False,178
D22,D22,Complete,10,19,-1,18,-22.939977086135006,-43.207048742955493,True,False,2735
D22,D22,Complete,5,47,-1,0,-22.846636504521548,-43.621416785457981,True,False,50
D22,D22,Complete,5,47,-1,1,-22.733259896366917,-43.45795304888528,True,False,247
D22,D22,Complete,5,47,-1,2,-22.633836042236588,-43.055495901078793,True,False,42
D22,D22,Complete,5,47,-1,3,-22.976212889918695,-43.358516686575712,True,False,683
D22,D22,Complete,5,47,-1,4,-22.961647402469954,-43.196436795203816,True,False,1428
D22,D22,Complete,5,47,-1,5,-22.827497006625745,-43.001411114104442,True,False,208
D22,D22,Complete,5,47,-1,6,-23.00800408760573,-43.468615367200911,True,False,280
D22,D22,Complete,5,47,-1,7,-22.926775634622295,-43.038766083138974,True,False,199
D22,D22,Complete,5,47,-1,8,-22.823586966739782,-43.058378721043198,True,False,165
D22,D22,Complete,5,47,-1,9,-22.736923911666874,-43.528833134957409,True,False,148
D22,D22,Complete,5,47,-1,10,-22.820676503971981,-43.334173264508166,True,False,374
D22,D22,Complete,5,47,-1,11,-22.871338940979847,-43.787009249444992,True,False,46
D22,D22,Complete,5,47,-1,12,-22.896144119910041,-43.563424545416389,True,False,451
D22,D22,Complete,5,47,-1,13,-22.750378213948856,-42.875800950735282,True,False,54
D22,D22,Complete,5,47,-1,14,-22.901783388099993,-43.363660518615667,True,False,676
D22,D22,Complete,5,47,-1,15,-22.530351240509944,-42.978687552235982,True,False,21
D22,D22,Complete,5,47,-1,16,-22.87693907222722,-43.27861255049897,True,False,668
D22,D22,Complete,5,47,-1,17,-22.509175442062713,-43.185754433950997,True,False,173
D22,D22,Complete,5,47,-1,18,-22.926811300102301,-42.846720038478779,True,False,80
D22,D22,Complete,5,47,-1,19,-22.713356285568182,-42.626595269979745,True,False,28
D22,D22,Complete,5,47,-1,20,-22.590912313472302,-42.726312929259805,True,False,16
D22,D22,Complete,5,47,-1,21,-22.9650931119467,-43.668578444008268,True,False,104
D22,D22,Complete,5,47,-1,22,-22.723931941217639,-43.323062568461758,True,False,62
D22,D22,Complete,5,47,-1,23,-22.268892739670068,-43.076812591215528,True,False,5
D22,D22,Complete,5,47,-1,24,-22.881499649309319,-43.430527996383468,True,False,127
D22,D22,Complete,5,47,-1,25,-22.730260428068107,-42.747482167139246,True,False,8
D22,D22,Complete,5,47,-1,26,-22.625030308414221,-43.196732622244028,True,False,55
D22,D22,Complete,5,47,-1,27,-22.936509473564342,-42.945115198886349,True,False,51
D22,D22,Complete,5,47,-1,28,-22.602759574173632,-43.300352699629869,True,False,20
D22,D22,Complete,5,47,-1,29,-22.806662142475478,-43.193910955041872,True,False,147
D22,D22,Complete,5,47,-1,30,-22.624109639675027,-43.690481055374008,True,False,49
D22,D22,Complete,5,47,-1,31,-22.948565702905171,-42.703432366189951,True,False,2
D22,D22,Complete,5,47,-1,32,-22.470849051492323,-42.657121037845286,True,False,19
D22,D22,Complete,5,47,-1,33,-22.813332518578026,-43.409610263067293,True,False,247
D22,D22,Complete,5,47,-1,34,-22.680563237028309,-43.141180011289059,True,False,22
D22,D22,Complete,5,47,-1,35,-22.740348512916984,-43.702890192907162,True,False,22
D22,D22,Complete,5,47,-1,36,-22.42005740210417,-43.141178883214565,True,False,36
D22,D22,Complete,5,47,-1,37,-22.897110352008731,-43.103965130996556,True,False,637
D22,D22,Complete,5,47,-1,38,-22.678354981842698,-43.606367294358101,True,False,28
D22,D22,Complete,5,47,-1,39,-22.747935273103895,-43.416682533313683,True,False,193
D22,D22,Complete,5,47,-1,40,-22.915347839471757,-43.219109678048142,True,False,1238
D22,D22,Complete,5,47,-1,41,-22.665512837454028,-43.271350468799,True,False,84
D22,D22,Complete,5,47,-1,42,-22.91096056802483,-43.681811013252734,True,False,89
D22,D22,Complete,5,47,-1,43,-22.932959411900278,-43.615619241029599,True,False,137
D22,D22,Complete,5,47,-1,44,-22.7650753719,-43.300240619581658,True,False,109
D22,D22,Complete,5,47,-1,45,-22.361649528364033,-43.122806236434656,True,False,20
D22,D22,Complete,5,47,-1,46,-22.870854100495723,-43.476790586516522,True,False,165
D22,D22,Complete,3,90,-1,0,-22.624109639675027,-43.690481055374008,True,False,49
D22,D22,Complete,3,90,-1,1,-22.639312812336271,-43.221062133767575,True,False,24
D22,D22,Complete,3,90,-1,2,-22.833455158014559,-43.396250322025153,True,False,107
D22,D22,Complete,3,90,-1,3,-22.902270943721057,-43.106006079242398,True,False,500
D22,D22,Complete,3,90,-1,4,-22.744877556592513,-42.860364263705435,True,False,40
D22,D22,Complete,3,90,-1,5,-22.978378666776944,-43.229626503481278,True,False,322
D22,D22,Complete,3,90,-1,6,-22.751941704500872,-43.427837174735885,True,False,130
D22,D22,Complete,3,90,-1,7,-22.738390089617603,-43.458324219010272,True,False,147
D22,D22,Complete,3,90,-1,8,-22.871678123967726,-43.270429388845272,True,False,180
D22,D22,Complete,3,90,-1,9,-22.590912313472302,-42.726312929259805,True,False,16
D22,D22,Complete,3,90,-1,10,-22.932959411900278,-43.615619241029599,True,False,121
D22,D22,Complete,3,90,-1,11,-22.979971085586023,-43.395271814020276,True,False,267
D22,D22,Complete,3,90,-1,12,-22.880343939757712,-43.35087161145993,True,False,313
D22,D22,Complete,3,90,-1,13,-22.837279276085603,-43.321388553616899,True,False,267
D22,D22,Complete,3,90,-1,14,-22.806662142475478,-43.193910955041872,True,False,147
D22,D22,Complete,3,90,-1,15,-23.005012045118427,-43.333698505060909,True,False,228
D22,D22,Complete,3,90,-1,16,-22.680563237028309,-43.141180011289059,True,False,22
D22,D22,Complete,3,90,-1,17,-22.920789607710311,-43.236616511125092,True,False,849
D22,D22,Complete,3,90,-1,18,-22.678354981842698,-43.606367294358101,True,False,21
D22,D22,Complete,3,90,-1,19,-22.518253030691497,-43.194481731769194,True,False,126
D22,D22,Complete,3,90,-1,20,-22.665512837454028,-43.271350468799,True,False,76
D22,D22,Complete,3,90,-1,21,-22.7650753719,-43.300240619581658,True,False,81
D22,D22,Complete,3,90,-1,22,-22.361649528364033,-43.122806236434656,True,False,20
D22,D22,Complete,3,90,-1,23,-22.686318628123189,-43.454556842241537,True,False,54
D22,D22,Complete,3,90,-1,24,-22.94479051345342,-43.044262963511954,True,False,135
D22,D22,Complete,3,90,-1,25,-22.839383922984599,-43.017774884312928,True,False,73
D22,D22,Complete,3,90,-1,26,-22.903767180138839,-43.291338021697328,True,False,294
D22,D22,Complete,3,90,-1,27,-22.958233291620051,-43.680060804581672,True,False,74
D22,D22,Complete,3,90,-1,28,-22.602759574173632,-43.300352699629869,True,False,20
D22,D22,Complete,3,90,-1,29,-22.734157057811878,-43.378321449398321,True,False,46
D22,D22,Complete,3,90,-1,30,-22.766094377824121,-42.919905770820542,True,False,14
D22,D22,Complete,3,90,-1,31,-22.808280499464548,-43.033005532046332,True,False,63
D22,D22,Complete,3,90,-1,32,-22.941986617987499,-42.885911325001551,True,False,24
D22,D22,Complete,3,90,-1,33,-22.945950911491206,-43.339840493901157,True,False,252
D22,D22,Complete,3,90,-1,34,-22.61291182023793,-43.176089400345248,True,False,37
D22,D22,Complete,3,90,-1,35,-22.65032705215399,-43.062563831244553,True,False,33
D22,D22,Complete,3,90,-1,36,-22.953190794210705,-42.964267757317188,True,False,24
D22,D22,Complete,3,90,-1,37,-22.830389841084337,-43.069655693930692,True,False,110
D22,D22,Complete,3,90,-1,38,-22.970429462021304,-43.190057265727511,True,False,558
D22,D22,Complete,3,90,-1,39,-22.919102878107278,-42.925129920523744,True,False,23
D22,D22,Complete,3,90,-1,40,-22.906661082386037,-43.191163319509343,True,False,412
D22,D22,Complete,3,90,-1,41,-22.89549843746228,-43.582975021166853,True,False,229
D22,D22,Complete,3,90,-1,42,-22.91096056802483,-43.681811013252734,True,False,89
D22,D22,Complete,3,90,-1,43,-22.940259204709282,-43.183004146460007,True,False,560
D22,D22,Complete,3,90,-1,44,-22.883395302040888,-43.415484534800527,True,False,79
D22,D22,Complete,3,90,-1,45,-22.419344981865756,-43.13570516359448,True,False,33
D22,D22,Complete,3,90,-1,46,-22.870854100495723,-43.476790586516522,True,False,110
D22,D22,Complete,3,90,-1,47,-22.268892739670068,-43.076812591215528,True,False,5
D22,D22,Complete,3,90,-1,48,-22.884268143158806,-43.623894386849798,True,False,26
D22,D22,Complete,3,90,-1,49,-22.811564417819163,-43.586841989644981,True,False,13
D22,D22,Complete,3,90,-1,50,-22.714040918851609,-43.56451440044021,True,False,49
D22,D22,Complete,3,90,-1,51,-22.727959528523488,-43.326086794664413,True,False,49
D22,D22,Complete,3,90,-1,52,-22.886876156007695,-43.829496204168073,True,False,11
D22,D22,Complete,3,90,-1,53,-22.573490103559394,-43.055793314782285,True,False,8
D22,D22,Complete,3,90,-1,54,-22.764907051877373,-43.533364584974585,True,False,26
D22,D22,Complete,3,90,-1,55,-22.793066146002658,-43.423065632259721,True,False,156
D22,D22,Complete,3,90,-1,56,-23.008198880782512,-43.463494046914349,True,False,263
D22,D22,Complete,3,90,-1,57,-22.810152452129032,-42.96651303932083,True,False,33
D22,D22,Complete,3,90,-1,58,-22.711927870432564,-42.63004113951235,True,False,27
D22,D22,Complete,3,90,-1,59,-22.89145235034362,-43.038730752286071,True,False,75
D22,D22,Complete,3,90,-1,60,-23.004990522576701,-43.547845204575459,True,False,17
D22,D22,Complete,3,90,-1,61,-22.924647384504901,-43.37729918704423,True,False,316
D22,D22,Complete,3,90,-1,62,-22.781488502285271,-43.337041429203019,True,False,45
D22,D22,Complete,3,90,-1,63,-22.948565702905171,-42.703432366189951,True,False,2
D22,D22,Complete,3,90,-1,64,-22.530351240509944,-42.978687552235982,True,False,17
D22,D22,Complete,3,90,-1,65,-22.470849051492323,-42.657121037845286,True,False,19
D22,D22,Complete,3,90,-1,66,-22.866455816256806,-43.773656206532017,True,False,35
D22,D22,Complete,3,90,-1,67,-22.876764147264918,-43.543065318074198,True,False,134
D22,D22,Complete,3,90,-1,68,-22.484839778930247,-43.16235784831072,True,False,47
D22,D22,Complete,3,90,-1,69,-22.982014002085783,-43.640255287927204,True,False,36
D22,D22,Complete,3,90,-1,70,-22.917310266824234,-42.832852038446227,True,False,54
D22,D22,Complete,3,90,-1,71,-22.740348512916984,-43.702890192907162,True,False,20
D22,D22,Complete,3,90,-1,72,-22.800852719692529,-43.648186194086961,True,False,13
D22,D22,Complete,3,90,-1,73,-22.751923494229857,-42.533556792599491,True,False,1
D22,D22,Complete,3,90,-1,74,-22.817632642891557,-43.001457818095872,True,False,59
D22,D22,Complete,3,90,-1,75,-22.715385583988368,-42.806385841320242,True,False,2
D22,D22,Complete,3,90,-1,76,-22.834172003785984,-43.276251623665772,True,False,170
D22,D22,Complete,3,90,-1,77,-22.915919142301757,-43.548288772110745,True,False,119
D22,D22,Complete,3,90,-1,78,-22.874126204046274,-43.094875193431058,True,False,119
D22,D22,Complete,3,90,-1,79,-22.700773314209002,-43.305673267796543,True,False,9
D22,D22,Complete,3,90,-1,80,-22.718837798488849,-43.517339942148439,True,False,36
D22,D22,Complete,3,90,-1,81,-22.753282200826433,-43.499802719640229,True,False,69
D22,D22,Complete,3,90,-1,82,-22.951619328064115,-42.814766892680694,True,False,6
D22,D22,Complete,3,90,-1,83,-22.427894024726776,-43.201389799035411,True,False,3
D22,D22,Complete,3,90,-1,84,-22.621548878665244,-43.0083717000592,True,False,5
D22,D22,Complete,3,90,-1,85,-22.789874649386793,-43.374342338335687,True,False,101
D22,D22,Complete,3,90,-1,86,-22.879195702143271,-43.448811588153497,True,False,71
D22,D22,Complete,3,90,-1,87,-22.735218709428018,-42.727847609078914,True,False,6
D22,D22,Complete,3,90,-1,88,-22.894160434163972,-42.989423706242889,True,False,35
D22,D22,Complete,3,90,-1,89,-22.849490928468299,-42.94775578963251,True,False,7
D22,D22,Average,10,25,-1,0,-22.762783928006321,-43.415443067004823,True,False,851
D22,D22,Average,10,25,-1,1,-22.778214451704613,-43.655249702234499,True,False,53
D22,D22,Average,10,25,-1,2,-22.881195280960426,-43.070147484904702,True,False,1182
D22,D22,Average,10,25,-1,3,-22.64895366408097,-43.083217230852696,True,False,66
D22,D22,Average,10,25,-1,4,-22.911723054371613,-43.599272467701667,True,False,779
D22,D22,Average,10,25,-1,5,-22.930290797451278,-42.882022118930351,True,False,135
D22,D22,Average,10,25,-1,6,-22.644775393339586,-43.249079013189025,True,False,166
D22,D22,Average,10,25,-1,7,-22.716162568431741,-42.647824133979,True,False,33
D22,D22,Average,10,25,-1,8,-23.00800408760573,-43.468615367200911,True,False,280
D22,D22,Average,10,25,-1,9,-22.871338940979847,-43.787009249444992,True,False,67
D22,D22,Average,10,25,-1,10,-22.749128477164554,-42.873321839684735,True,False,79
D22,D22,Average,10,25,-1,11,-22.670712873836152,-43.623768827869043,True,False,131
D22,D22,Average,10,25,-1,12,-22.399197447196986,-43.134617223650316,True,False,56
D22,D22,Average,10,25,-1,13,-22.590912313472302,-42.726312929259805,True,False,16
D22,D22,Average,10,25,-1,14,-22.948565702905171,-42.703432366189951,True,False,2
D22,D22,Average,10,25,-1,15,-22.96249364148683,-43.360461528478709,True,False,1022
D22,D22,Average,10,25,-1,16,-22.530351240509944,-42.978687552235982,True,False,21
D22,D22,Average,10,25,-1,17,-22.940116324134777,-43.205281083443417,True,False,2700
D22,D22,Average,10,25,-1,18,-22.751923494229857,-42.533556792599491,True,False,1
D22,D22,Average,10,25,-1,19,-22.876750096761718,-43.451168228904386,True,False,390
D22,D22,Average,10,25,-1,20,-22.806662142475478,-43.193910955041872,True,False,194
D22,D22,Average,10,25,-1,21,-22.470849051492323,-42.657121037845286,True,False,19
D22,D22,Average,10,25,-1,22,-22.509175442062713,-43.185754433950997,True,False,177
D22,D22,Average,10,25,-1,23,-22.268892739670068,-43.076812591215528,True,False,5
D22,D22,Average,10,25,-1,24,-22.869206307230428,-43.308521899606284,True,False,1288
D22,D22,Average,5,54,-1,0,-22.807342096925872,-43.61860317094785,True,False,26
D22,D22,Average,5,54,-1,1,-22.856496067416387,-43.335627610726789,True,False,675
D22,D22,Average,5,54,-1,2,-22.590912313472302,-42.726312929259805,True,False,16
D22,D22,Average,5,54,-1,3,-22.798344831594228,-43.398873832167403,True,False,315
D22,D22,Average,5,54,-1,4,-22.915202071742826,-43.653416228057992,True,False,221
D22,D22,Average,5,54,-1,5,-22.624109639675027,-43.690481055374008,True,False,49
D22,D22,Average,5,54,-1,6,-22.743473176944697,-42.857793862639475,True,False,42
D22,D22,Average,5,54,-1,7,-22.625030308414221,-43.196732622244028,True,False,55
D22,D22,Average,5,54,-1,8,-22.949760884511406,-43.372064085409733,True,False,665
D22,D22,Average,5,54,-1,9,-22.73676584478331,-43.368888962119996,True,False,107
D22,D22,Average,5,54,-1,10,-22.509175442062713,-43.185754433950997,True,False,173
D22,D22,Average,5,54,-1,11,-22.826495170966801,-42.998756441063698,True,False,176
D22,D22,Average,5,54,-1,12,-22.930788192088666,-42.905103403661343,True,False,47
D22,D22,Average,5,54,-1,13,-22.680563237028309,-43.141180011289059,True,False,22
D22,D22,Average,5,54,-1,14,-22.896144119910041,-43.563424545416389,True,False,482
D22,D22,Average,5,54,-1,15,-23.008198880782512,-43.463494046914349,True,False,379
D22,D22,Average,5,54,-1,16,-22.70333513774894,-43.577070268615579,True,False,71
D22,D22,Average,5,54,-1,17,-22.964414965677193,-43.613753867074713,True,False,71
D22,D22,Average,5,54,-1,18,-22.668831470560381,-43.274580849881126,True,False,91
D22,D22,Average,5,54,-1,19,-22.876750096761718,-43.451168228904386,True,False,261
D22,D22,Average,5,54,-1,20,-22.871338940979847,-43.787009249444992,True,False,46
D22,D22,Average,5,54,-1,21,-22.411304234215557,-43.131265272844452,True,False,39
D22,D22,Average,5,54,-1,22,-22.64654045037916,-43.055433287667533,True,False,38
D22,D22,Average,5,54,-1,23,-22.766094377824121,-42.919905770820542,True,False,15
D22,D22,Average,5,54,-1,24,-22.740669459267647,-43.451477813645887,True,False,301
D22,D22,Average,5,54,-1,25,-22.94479051345342,-43.044262963511954,True,False,156
D22,D22,Average,5,54,-1,26,-22.740348512916984,-43.702890192907162,True,False,20
D22,D22,Average,5,54,-1,27,-22.711927870432564,-42.63004113951235,True,False,27
D22,D22,Average,5,54,-1,28,-22.920351279554374,-43.209390438435221,True,False,1447
D22,D22,Average,5,54,-1,29,-22.948565702905171,-42.703432366189951,True,False,2
D22,D22,Average,5,54,-1,30,-22.663299180487801,-43.421906498879927,True,False,16
D22,D22,Average,5,54,-1,31,-22.920741172948219,-42.831043523869667,True,False,60
D22,D22,Average,5,54,-1,32,-22.735218709428018,-42.727847609078914,True,False,6
D22,D22,Average,5,54,-1,33,-22.530351240509944,-42.978687552235982,True,False,17
D22,D22,Average,5,54,-1,34,-22.602759574173632,-43.300352699629869,True,False,20
D22,D22,Average,5,54,-1,35,-22.768238047172815,-43.30335778551661,True,False,140
D22,D22,Average,5,54,-1,36,-22.746590003459527,-43.513760876262083,True,False,115
D22,D22,Average,5,54,-1,37,-22.427894024726776,-43.201389799035411,True,False,3
D22,D22,Average,5,54,-1,38,-22.751923494229857,-42.533556792599491,True,False,1
D22,D22,Average,5,54,-1,39,-22.897100441053226,-43.101091823419019,True,False,645
D22,D22,Average,5,54,-1,40,-22.884617734747955,-43.275655666682589,True,False,695
D22,D22,Average,5,54,-1,41,-23.004990522576701,-43.547845204575459,True,False,17
D22,D22,Average,5,54,-1,42,-22.806662142475478,-43.193910955041872,True,False,147
D22,D22,Average,5,54,-1,43,-22.470849051492323,-42.657121037845286,True,False,19
D22,D22,Average,5,54,-1,44,-22.573490103559394,-43.055793314782285,True,False,8
D22,D22,Average,5,54,-1,45,-22.886855944516643,-43.005794645415222,True,False,56
D22,D22,Average,5,54,-1,46,-22.97393304015122,-43.692431028413075,True,False,54
D22,D22,Average,5,54,-1,47,-22.268892739670068,-43.076812591215528,True,False,5
D22,D22,Average,5,54,-1,48,-23.005012045118427,-43.333698505060909,True,False,280
D22,D22,Average,5,54,-1,49,-22.987835696797166,-43.263538131231641,True,False,134
D22,D22,Average,5,54,-1,50,-22.824953870583247,-43.058328293257091,True,False,175
D22,D22,Average,5,54,-1,51,-22.953190794210705,-42.964267757317188,True,False,24
D22,D22,Average,5,54,-1,52,-22.338529289758171,-43.128998839499978,True,False,14
D22,D22,Average,5,54,-1,53,-22.969249663260854,-43.199223964165078,True,False,1027
D22,D22,Average,3,101,-1,0,-22.911962873963198,-43.626176104913498,True,False,105
D22,D22,Average,3,101,-1,1,-22.945950911491206,-43.339840493901157,True,False,250
D22,D22,Average,3,101,-1,2,-22.94479051345342,-43.044262963511954,True,False,135
D22,D22,Average,3,101,-1,3,-22.730127472336385,-43.33325011382766,True,False,52
D22,D22,Average,3,101,-1,4,-22.844499308675637,-43.369379217761626,True,False,134
D22,D22,Average,3,101,-1,5,-22.714578309681229,-43.452186256892183,True,False,102
D22,D22,Average,3,101,-1,6,-22.515382135921161,-43.192842169598201,True,False,138
D22,D22,Average,3,101,-1,7,-22.602759574173632,-43.300352699629869,True,False,20
D22,D22,Average,3,101,-1,8,-22.753335065862991,-43.45113390915737,True,False,175
D22,D22,Average,3,101,-1,9,-22.806662142475478,-43.193910955041872,True,False,147
D22,D22,Average,3,101,-1,10,-22.882666701535967,-43.423220247389423,True,False,113
D22,D22,Average,3,101,-1,11,-23.005012045118427,-43.333698505060909,True,False,228
D22,D22,Average,3,101,-1,12,-23.009910486693485,-43.461784124804304,True,False,248
D22,D22,Average,3,101,-1,13,-22.835781028075782,-43.307814914325824,True,False,273
D22,D22,Average,3,101,-1,14,-22.918012945849114,-43.677054351447829,True,False,121
D22,D22,Average,3,101,-1,15,-22.875619524941371,-43.524987145970982,True,False,67
D22,D22,Average,3,101,-1,16,-22.872201958397831,-43.472652051429463,True,False,147
D22,D22,Average,3,101,-1,17,-22.892665724980365,-43.574473656143525,True,False,286
D22,D22,Average,3,101,-1,18,-22.919538850956151,-43.234201862033323,True,False,859
D22,D22,Average,3,101,-1,19,-22.897780992185368,-43.282134834432327,True,False,365
D22,D22,Average,3,101,-1,20,-22.855505345283191,-43.261326078749306,True,False,229
D22,D22,Average,3,101,-1,21,-22.573490103559394,-43.055793314782285,True,False,8
D22,D22,Average,3,101,-1,22,-22.886855944516643,-43.005794645415222,True,False,34
D22,D22,Average,3,101,-1,23,-22.721819445826387,-43.519126429141586,True,False,43
D22,D22,Average,3,101,-1,24,-22.748505325894925,-42.857084502825032,True,False,36
D22,D22,Average,3,101,-1,25,-22.953190794210705,-42.964267757317188,True,False,24
D22,D22,Average,3,101,-1,26,-22.740348512916984,-43.702890192907162,True,False,20
D22,D22,Average,3,101,-1,27,-22.658862543046702,-43.129011315486821,True,False,10
D22,D22,Average,3,101,-1,28,-22.787222392364924,-43.366490627133629,True,False,120
D22,D22,Average,3,101,-1,29,-22.771488244315591,-42.917762514733433,True,False,12
D22,D22,Average,3,101,-1,30,-22.648290819567222,-43.189314242223304,True,False,6
D22,D22,Average,3,101,-1,31,-22.65032705215399,-43.062563831244553,True,False,33
D22,D22,Average,3,101,-1,32,-22.714040918851609,-43.56451440044021,True,False,49
D22,D22,Average,3,101,-1,33,-22.530351240509944,-42.978687552235982,True,False,17
D22,D22,Average,3,101,-1,34,-22.384769766969896,-43.11661363336934,True,False,10
D22,D22,Average,3,101,-1,35,-22.880343939757712,-43.35087161145993,True,False,288
D22,D22,Average,3,101,-1,36,-22.900742627193644,-43.05905218342383,True,False,69
D22,D22,Average,3,101,-1,37,-22.886876156007695,-43.829496204168073,True,False,11
D22,D22,Average,3,101,-1,38,-22.794057193146486,-43.421643197817986,True,False,142
D22,D22,Average,3,101,-1,39,-22.921233313815634,-43.1824532703789,True,False,782
D22,D22,Average,3,101,-1,40,-22.939143388801654,-42.895599847331738,True,False,35
D22,D22,Average,3,101,-1,41,-22.924647384504901,-43.37729918704423,True,False,301
D22,D22,Average,3,101,-1,42,-22.647299171382247,-43.652475254437554,True,False,14
D22,D22,Average,3,101,-1,43,-22.758529433576463,-43.506980692775358,True,False,76
D22,D22,Average,3,101,-1,44,-22.915719171752606,-43.545239897533001,True,False,129
D22,D22,Average,3,101,-1,45,-22.982014002085783,-43.640255287927204,True,False,30
D22,D22,Average,3,101,-1,46,-22.851281028255393,-43.007156569116788,True,False,45
D22,D22,Average,3,101,-1,47,-22.874126204046274,-43.094875193431058,True,False,119
D22,D22,Average,3,101,-1,48,-22.902095659081674,-43.108416801544237,True,False,497
D22,D22,Average,3,101,-1,49,-22.817723009399064,-43.002560455511578,True,False,96
D22,D22,Average,3,101,-1,50,-22.678354981842698,-43.606367294358101,True,False,21
D22,D22,Average,3,101,-1,51,-22.99599813649958,-43.261663703422506,True,False,124
D22,D22,Average,3,101,-1,52,-22.338529289758171,-43.128998839499978,True,False,10
D22,D22,Average,3,101,-1,53,-22.969249663260854,-43.199223964165078,True,False,927
D22,D22,Average,3,101,-1,54,-22.800852719692529,-43.648186194086961,True,False,13
D22,D22,Average,3,101,-1,55,-22.562825250146346,-42.694574068113525,True,False,5
D22,D22,Average,3,101,-1,56,-22.711927870432564,-42.63004113951235,True,False,27
D22,D22,Average,3,101,-1,57,-22.61483382699214,-43.705683375748585,True,False,35
D22,D22,Average,3,101,-1,58,-22.830746387120548,-43.067106202405562,True,False,110
D22,D22,Average,3,101,-1,59,-22.715385583988368,-42.806385841320242,True,False,2
D22,D22,Average,3,101,-1,60,-22.948565702905171,-42.703432366189951,True,False,2
D22,D22,Average,3,101,-1,61,-22.663299180487801,-43.421906498879927,True,False,8
D22,D22,Average,3,101,-1,62,-22.742113422587774,-43.397598034355489,True,False,78
D22,D22,Average,3,101,-1,63,-22.638468495840026,-43.229989542098018,True,False,21
D22,D22,Average,3,101,-1,64,-22.866455816256806,-43.773656206532017,True,False,35
D22,D22,Average,3,101,-1,65,-22.735218709428018,-42.727847609078914,True,False,6
D22,D22,Average,3,101,-1,66,-22.809970567122406,-42.952145281707914,True,False,31
D22,D22,Average,3,101,-1,67,-22.953415567921823,-43.59719047904192,True,False,48
D22,D22,Average,3,101,-1,68,-22.765111723156878,-43.559026201122336,True,False,10
D22,D22,Average,3,101,-1,69,-22.681384608681608,-43.264890100335776,True,False,40
D22,D22,Average,3,101,-1,70,-22.48074477987242,-43.153288031954148,True,False,35
D22,D22,Average,3,101,-1,71,-22.768238047172815,-43.30335778551661,True,False,98
D22,D22,Average,3,101,-1,72,-22.917310266824234,-42.832852038446227,True,False,54
D22,D22,Average,3,101,-1,73,-22.603679160438642,-42.740739684326293,True,False,11
D22,D22,Average,3,101,-1,74,-22.699640024057299,-43.159626162204205,True,False,10
D22,D22,Average,3,101,-1,75,-22.427894024726776,-43.201389799035411,True,False,3
D22,D22,Average,3,101,-1,76,-22.621548878665244,-43.0083717000592,True,False,5
D22,D22,Average,3,101,-1,77,-22.751923494229857,-42.533556792599491,True,False,1
D22,D22,Average,3,101,-1,78,-22.712227632870849,-42.889882111629021,True,False,4
D22,D22,Average,3,101,-1,79,-22.90641886834246,-42.932822109622698,True,False,12
D22,D22,Average,3,101,-1,80,-22.700773314209002,-43.305673267796543,True,False,8
D22,D22,Average,3,101,-1,81,-22.809507159817137,-43.034920535527839,True,False,65
D22,D22,Average,3,101,-1,82,-22.84103615023977,-43.615158045773711,True,False,1
D22,D22,Average,3,101,-1,83,-23.004990522576701,-43.547845204575459,True,False,17
D22,D22,Average,3,101,-1,84,-22.965542428723854,-43.388670665927215,True,False,166
D22,D22,Average,3,101,-1,85,-22.979900329721087,-43.49176475913368,True,False,15
D22,D22,Average,3,101,-1,86,-23.000618991095681,-43.404718284567252,True,False,116
D22,D22,Average,3,101,-1,87,-22.470849051492323,-42.657121037845286,True,False,19
D22,D22,Average,3,101,-1,88,-22.419344981865756,-43.13570516359448,True,False,33
D22,D22,Average,3,101,-1,89,-22.811564417819163,-43.586841989644981,True,False,12
D22,D22,Average,3,101,-1,90,-22.951619328064115,-42.814766892680694,True,False,6
D22,D22,Average,3,101,-1,91,-22.612625455388923,-43.177500709396675,True,False,34
D22,D22,Average,3,101,-1,92,-22.733731178875288,-42.932765307343267,True,False,2
D22,D22,Average,3,101,-1,93,-22.97393304015122,-43.692431028413075,True,False,42
D22,D22,Average,3,101,-1,94,-22.846988543411889,-42.949380940599774,True,False,8
D22,D22,Average,3,101,-1,95,-22.268892739670068,-43.076812591215528,True,False,5
D22,D22,Average,3,101,-1,96,-22.693682771791408,-43.109792735724447,True,False,2
D22,D22,Average,3,101,-1,97,-22.958246852875916,-43.270332932039771,True,False,10
D22,D22,Average,3,101,-1,98,-22.82288096978629,-43.408154842519224,True,False,78
D22,D22,Average,3,101,-1,99,-22.692331349282565,-43.531816681604255,True,False,1
D22,D22,Average,3,101,-1,100,-22.648354165856656,-43.278334650921408,True,False,37
D22,D22,P-Median,10,24,-1,0,-22.892631104117811,-43.286013573263183,True,False,486
D22,D22,P-Median,10,24,-1,1,-22.805706631753832,-43.423079052406642,True,False,315
D22,D22,P-Median,10,24,-1,2,-22.903244816618852,-43.107023598220486,True,False,822
D22,D22,P-Median,10,24,-1,3,-22.510230788197468,-43.175443874455112,True,False,255
D22,D22,P-Median,10,24,-1,4,-22.936910913712651,-43.360973350350811,True,False,649
D22,D22,P-Median,10,24,-1,5,-22.954408685481411,-43.185650031057385,True,False,839
D22,D22,P-Median,10,24,-1,6,-22.733077865046631,-43.449613878629101,True,False,521
D22,D22,P-Median,10,24,-1,7,-22.823169080056481,-43.020028236246667,True,False,426
D22,D22,P-Median,10,24,-1,8,-22.936255491866653,-43.661399065747545,True,False,332
D22,D22,P-Median,10,24,-1,9,-22.836828071243165,-43.30804460963914,True,False,418
D22,D22,P-Median,10,24,-1,10,-23.012986504226461,-43.46551954103294,True,False,396
D22,D22,P-Median,10,24,-1,11,-22.916792143186889,-43.231550399129098,True,False,863
D22,D22,P-Median,10,24,-1,12,-22.711927870432564,-42.63004113951235,True,False,72
D22,D22,P-Median,10,24,-1,13,-23.003656668383979,-43.340758853213849,True,False,280
D22,D22,P-Median,10,24,-1,14,-22.615933155012947,-43.179757198303761,True,False,183
D22,D22,P-Median,10,24,-1,15,-22.809517664348768,-43.200203165434935,True,False,168
D22,D22,P-Median,10,24,-1,16,-22.919618105516072,-42.839789575585328,True,False,147
D22,D22,P-Median,10,24,-1,17,-22.755338688692213,-43.308531682770784,True,False,244
D22,D22,P-Median,10,24,-1,18,-22.98210232841188,-43.220133149701809,True,False,494
D22,D22,P-Median,10,24,-1,19,-22.87922054417216,-43.459310464937992,True,False,254
D22,D22,P-Median,10,24,-1,20,-22.91259168660638,-43.186292650334593,True,False,508
D22,D22,P-Median,10,24,-1,21,-22.882876782615799,-43.364174483570487,True,False,402
D22,D22,P-Median,10,24,-1,22,-22.61483382699214,-43.705683375748585,True,False,90
D22,D22,P-Median,10,24,-1,23,-22.896407842881192,-43.577510013811043,True,False,549
D22,D22,P-Median,5,56,-1,0,-22.900247004009792,-43.286209546514357,True,False,313
D22,D22,P-Median,5,56,-1,1,-22.870856012007138,-43.543848748962922,True,False,142
D22,D22,P-Median,5,56,-1,2,-22.893701145563103,-43.120417849276677,True,False,150
D22,D22,P-Median,5,56,-1,3,-22.520449848823919,-43.191012345952807,True,False,173
D22,D22,P-Median,5,56,-1,4,-22.934576022997884,-43.375788413326823,True,False,308
D22,D22,P-Median,5,56,-1,5,-22.954408685481411,-43.185650031057385,True,False,443
D22,D22,P-Median,5,56,-1,6,-22.755106324412701,-43.428583345303572,True,False,220
D22,D22,P-Median,5,56,-1,7,-22.822624306841355,-43.003093742121557,True,False,231
D22,D22,P-Median,5,56,-1,8,-22.922380751135307,-43.629510536912335,True,False,77
D22,D22,P-Median,5,56,-1,9,-22.837911776525178,-43.322271046058205,True,False,292
D22,D22,P-Median,5,56,-1,10,-23.012986504226461,-43.46551954103294,True,False,263
D22,D22,P-Median,5,56,-1,11,-22.916792143186889,-43.231550399129098,True,False,281
D22,D22,P-Median,5,56,-1,12,-22.711927870432564,-42.63004113951235,True,False,34
D22,D22,P-Median,5,56,-1,13,-23.003656668383979,-43.340758853213849,True,False,228
D22,D22,P-Median,5,56,-1,14,-22.716288877191023,-43.51530571258531,True,False,111
D22,D22,P-Median,5,56,-1,15,-22.809517664348768,-43.200203165434935,True,False,147
D22,D22,P-Median,5,56,-1,16,-22.919618105516072,-42.839789575585328,True,False,86
D22,D22,P-Median,5,56,-1,17,-22.755338688692213,-43.308531682770784,True,False,178
D22,D22,P-Median,5,56,-1,18,-22.98284371340203,-43.224740007201753,True,False,314
D22,D22,P-Median,5,56,-1,19,-22.882876782615799,-43.364174483570487,True,False,310
D22,D22,P-Median,5,56,-1,20,-22.905686000249091,-43.177156307060464,True,False,330
D22,D22,P-Median,5,56,-1,21,-22.941155596656401,-43.043134176624925,True,False,135
D22,D22,P-Median,5,56,-1,22,-22.61483382699214,-43.705683375748585,True,False,73
D22,D22,P-Median,5,56,-1,23,-22.897521961702388,-43.591752252623216,True,False,229
D22,D22,P-Median,5,56,-1,24,-22.615933155012947,-43.179757198303761,True,False,75
D22,D22,P-Median,5,56,-1,25,-22.881888435047649,-43.468997604007342,True,False,153
D22,D22,P-Median,5,56,-1,26,-22.805706631753832,-43.423079052406642,True,False,179
D22,D22,P-Median,5,56,-1,27,-22.969148201152677,-43.383065237968161,True,False,151
D22,D22,P-Median,5,56,-1,28,-22.408608081087024,-43.13140914649253,True,False,61
D22,D22,P-Median,5,56,-1,29,-22.879226893202649,-43.091571865721441,True,False,119
D22,D22,P-Median,5,56,-1,30,-22.850770856036998,-43.270521523602078,True,False,262
D22,D22,P-Median,5,56,-1,31,-22.742481293107708,-42.857210752586653,True,False,56
D22,D22,P-Median,5,56,-1,32,-22.870934109341071,-43.769012683026723,True,False,46
D22,D22,P-Median,5,56,-1,33,-22.827481947170185,-43.069815234475598,True,False,128
D22,D22,P-Median,5,56,-1,34,-22.980184787318848,-43.194590667739973,True,False,329
D22,D22,P-Median,5,56,-1,35,-22.651419516496585,-43.066557876304017,True,False,48
D22,D22,P-Median,5,56,-1,36,-22.943384670900659,-43.334379195440683,True,False,242
D22,D22,P-Median,5,56,-1,37,-22.470849051492323,-42.657121037845286,True,False,19
D22,D22,P-Median,5,56,-1,38,-23.000618991095681,-43.404718284567252,True,False,116
D22,D22,P-Median,5,56,-1,39,-22.607286064343828,-43.298574737764874,True,False,85
D22,D22,P-Median,5,56,-1,40,-22.922758980989411,-43.246104027508025,True,False,412
D22,D22,P-Median,5,56,-1,41,-22.790646777654263,-43.375643445446975,True,False,138
D22,D22,P-Median,5,56,-1,42,-22.930711174851965,-43.689463800258537,True,False,158
D22,D22,P-Median,5,56,-1,43,-22.936153909752679,-43.181832267833023,True,False,377
D22,D22,P-Median,5,56,-1,44,-22.733077865046631,-43.449613878629101,True,False,179
D22,D22,P-Median,5,56,-1,45,-22.883317935180688,-43.319511906680248,True,False,125
D22,D22,P-Median,5,56,-1,46,-22.527718078493137,-42.978266279510713,True,False,21
D22,D22,P-Median,5,56,-1,47,-22.916840745702157,-43.562340107121237,True,False,173
D22,D22,P-Median,5,56,-1,48,-22.954278207609654,-42.967118947552237,True,False,47
D22,D22,P-Median,5,56,-1,49,-22.90630099451813,-43.105973880660926,True,False,350
D22,D22,P-Median,5,56,-1,50,-22.902823180776025,-43.050858129377211,True,False,96
D22,D22,P-Median,5,56,-1,51,-22.966699556811079,-43.601768668742501,True,False,85
D22,D22,P-Median,5,56,-1,52,-22.7692389862532,-43.525308493816077,True,False,79
D22,D22,P-Median,5,56,-1,53,-22.919342584449812,-43.215423225025688,True,False,218
D22,D22,P-Median,5,56,-1,54,-22.876979699775763,-43.425279126762909,True,False,102
D22,D22,P-Median,5,56,-1,55,-22.603679160438642,-42.740739684326293,True,False,16
D22,D22,MCLP,10,15,-1,0,-22.918636000417841,-43.25724486396328,True,False,3279
D22,D22,MCLP,10,15,-1,1,-22.853879739168629,-43.396809432222291,True,False,992
D22,D22,MCLP,10,15,-1,2,-22.902823180776025,-43.050858129377211,True,False,879
D22,D22,MCLP,10,15,-1,3,-23.000618991095681,-43.404718284567252,True,False,989
D22,D22,MCLP,10,15,-1,4,-22.911119400069488,-43.622641625227558,True,False,263
D22,D22,MCLP,10,15,-1,5,-22.745675146224823,-43.443888027884469,True,False,472
D22,D22,MCLP,10,15,-1,6,-22.833834004293301,-43.248856689738808,False,True,489
D22,D22,MCLP,10,15,-1,7,-22.475562635890437,-43.148370152985294,True,False,314
D22,D22,MCLP,10,15,-1,8,-22.867825487785609,-43.002749069555286,True,False,388
D22,D22,MCLP,10,15,-1,9,-22.607286064343828,-43.298574737764874,True,False,167
D22,D22,MCLP,10,15,-1,10,-22.919618105516072,-42.839789575585328,True,False,183
D22,D22,MCLP,10,15,-1,11,-22.780162791974309,-43.304303646717109,True,False,370
D22,D22,MCLP,10,15,-1,12,-22.7692389862532,-43.525308493816077,True,False,243
D22,D22,MCLP,10,15,-1,13,-22.898979722466947,-43.699308339686013,True,False,205
D22,D22,MCLP,10,15,-1,14,-22.916840745702157,-43.562340107121237,True,False,480
D22,D22,MCLP,5,40,-1,0,-22.93845834691675,-43.196368076205502,True,False,1860
D22,D22,MCLP,5,40,-1,1,-22.886593254313329,-43.267834200698552,True,False,779
D22,D22,MCLP,5,40,-1,2,-22.936910913712651,-43.360973350350811,True,False,534
D22,D22,MCLP,5,40,-1,3,-22.879226893202649,-43.091571865721441,True,False,700
D22,D22,MCLP,5,40,-1,4,-22.85332826176321,-43.328228062631148,True,False,466
D22,D22,MCLP,5,40,-1,5,-22.906374170614946,-43.566410061329776,True,False,426
D22,D22,MCLP,5,40,-1,6,-22.97841522971715,-43.237729192717843,True,False,494
D22,D22,MCLP,5,40,-1,7,-22.984082408782115,-43.448890199194111,True,False,379
D22,D22,MCLP,5,40,-1,8,-22.749383783452853,-43.443731820645432,True,False,311
D22,D22,MCLP,5,40,-1,9,-22.819261693552441,-43.034765203493123,True,False,166
D22,D22,MCLP,5,40,-1,10,-22.803670156230325,-43.375461938236299,True,False,131
D22,D22,MCLP,5,40,-1,11,-22.87922054417216,-43.459310464937992,True,False,223
D22,D22,MCLP,5,40,-1,12,-23.003656668383979,-43.340758853213849,True,False,280
D22,D22,MCLP,5,40,-1,13,-22.936255491866653,-43.661399065747545,True,False,106
D22,D22,MCLP,5,40,-1,14,-22.510230788197468,-43.175443874455112,True,False,173
D22,D22,MCLP,5,40,-1,15,-22.755338688692213,-43.308531682770784,True,False,182
D22,D22,MCLP,5,40,-1,16,-22.809517664348768,-43.200203165434935,True,False,147
D22,D22,MCLP,5,40,-1,17,-22.947654432561997,-43.03365087049761,True,False,135
D22,D22,MCLP,5,40,-1,18,-22.716288877191023,-43.51530571258531,True,False,123
D22,D22,MCLP,5,40,-1,19,-22.835828487618876,-43.276143784165548,True,False,255
D22,D22,MCLP,5,40,-1,20,-22.839350559609453,-43.404860560122628,True,False,194
D22,D22,MCLP,5,40,-1,21,-22.919618105516072,-42.839789575585328,True,False,86
D22,D22,MCLP,5,40,-1,22,-22.930174584016687,-43.396083912145642,True,False,206
D22,D22,MCLP,5,40,-1,23,-22.972563998366837,-43.642950470314368,True,False,95
D22,D22,MCLP,5,40,-1,24,-22.867825487785609,-43.002749069555286,True,False,75
D22,D22,MCLP,5,40,-1,25,-22.897989740168889,-43.668559184847297,True,False,94
D22,D22,MCLP,5,40,-1,26,-22.408608081087024,-43.13140914649253,True,False,61
D22,D22,MCLP,5,40,-1,27,-22.615933155012947,-43.179757198303761,True,False,75
D22,D22,MCLP,5,40,-1,28,-22.764520432902131,-43.403242685589518,True,False,154
D22,D22,MCLP,5,40,-1,29,-22.607286064343828,-43.298574737764874,True,False,85
D22,D22,MCLP,5,40,-1,30,-22.7692389862532,-43.525308493816077,True,False,74
D22,D22,MCLP,5,40,-1,31,-22.870934109341071,-43.769012683026723,True,False,46
D22,D22,MCLP,5,40,-1,32,-22.742481293107708,-42.857210752586653,True,False,56
D22,D22,MCLP,5,40,-1,33,-22.61483382699214,-43.705683375748585,True,False,73
D22,D22,MCLP,5,40,-1,34,-22.651419516496585,-43.066557876304017,True,False,69
D22,D22,MCLP,5,40,-1,35,-22.885872200386764,-43.513728918040449,True,False,103
D22,D22,MCLP,5,40,-1,36,-22.711927870432564,-42.63004113951235,True,False,69
D22,D22,MCLP,5,40,-1,37,-22.954278207609654,-42.967118947552237,True,False,47
D22,D22,MCLP,5,40,-1,38,-22.822624306841355,-43.003093742121557,True,False,133
D22,D22,MCLP,5,40,-1,39,-22.930711174851965,-43.689463800258537,True,False,48
D22_main300fixed,D22,P-Median,10,24,-1,0,-22.892631104117811,-43.286013573263183,True,False,486
D22_main300fixed,D22,P-Median,10,24,-1,1,-22.805706631753832,-43.423079052406642,True,False,315
D22_main300fixed,D22,P-Median,10,24,-1,2,-22.903244816618852,-43.107023598220486,True,False,822
D22_main300fixed,D22,P-Median,10,24,-1,3,-22.510230788197468,-43.175443874455112,True,False,255
D22_main300fixed,D22,P-Median,10,24,-1,4,-22.936910913712651,-43.360973350350811,True,False,649
D22_main300fixed,D22,P-Median,10,24,-1,5,-22.954408685481411,-43.185650031057385,True,False,839
D22_main300fixed,D22,P-Median,10,24,-1,6,-22.733077865046631,-43.449613878629101,True,False,521
D22_main300fixed,D22,P-Median,10,24,-1,7,-22.823169080056481,-43.020028236246667,True,False,426
D22_main300fixed,D22,P-Median,10,24,-1,8,-22.936255491866653,-43.661399065747545,True,False,332
D22_main300fixed,D22,P-Median,10,24,-1,9,-22.836828071243165,-43.30804460963914,True,False,418
D22_main300fixed,D22,P-Median,10,24,-1,10,-23.012986504226461,-43.46551954103294,True,False,396
D22_main300fixed,D22,P-Median,10,24,-1,11,-22.916792143186889,-43.231550399129098,True,False,863
D22_main300fixed,D22,P-Median,10,24,-1,12,-22.711927870432564,-42.63004113951235,True,False,72
D22_main300fixed,D22,P-Median,10,24,-1,13,-23.003656668383979,-43.340758853213849,True,False,280
D22_main300fixed,D22,P-Median,10,24,-1,14,-22.615933155012947,-43.179757198303761,True,False,183
D22_main300fixed,D22,P-Median,10,24,-1,15,-22.809517664348768,-43.200203165434935,True,False,168
D22_main300fixed,D22,P-Median,10,24,-1,16,-22.919618105516072,-42.839789575585328,True,False,147
D22_main300fixed,D22,P-Median,10,24,-1,17,-22.755338688692213,-43.308531682770784,True,False,244
D22_main300fixed,D22,P-Median,10,24,-1,18,-22.98210232841188,-43.220133149701809,True,False,494
D22_main300fixed,D22,P-Median,10,24,-1,19,-22.87922054417216,-43.459310464937992,True,False,254
D22_main300fixed,D22,P-Median,10,24,-1,20,-22.91259168660638,-43.186292650334593,True,False,508
D22_main300fixed,D22,P-Median,10,24,-1,21,-22.882876782615799,-43.364174483570487,True,False,402
D22_main300fixed,D22,P-Median,10,24,-1,22,-22.61483382699214,-43.705683375748585,True,False,90
D22_main300fixed,D22,P-Median,10,24,-1,23,-22.896407842881192,-43.577510013811043,True,False,549
D22_main300fixed,D22,P-Median,5,55,-1,0,-22.900247004009792,-43.286209546514357,True,False,313
D22_main300fixed,D22,P-Median,5,55,-1,1,-22.870856012007138,-43.543848748962922,True,False,142
D22_main300fixed,D22,P-Median,5,55,-1,2,-22.893701145563103,-43.120417849276677,True,False,150
D22_main300fixed,D22,P-Median,5,55,-1,3,-22.520449848823919,-43.191012345952807,True,False,173
D22_main300fixed,D22,P-Median,5,55,-1,4,-22.934576022997884,-43.375788413326823,True,False,308
D22_main300fixed,D22,P-Median,5,55,-1,5,-22.954408685481411,-43.185650031057385,True,False,443
D22_main300fixed,D22,P-Median,5,55,-1,6,-22.755106324412701,-43.428583345303572,True,False,220
D22_main300fixed,D22,P-Median,5,55,-1,7,-22.822624306841355,-43.003093742121557,True,False,231
D22_main300fixed,D22,P-Median,5,55,-1,8,-22.922380751135307,-43.629510536912335,True,False,77
D22_main300fixed,D22,P-Median,5,55,-1,9,-22.837911776525178,-43.322271046058205,True,False,292
D22_main300fixed,D22,P-Median,5,55,-1,10,-23.012986504226461,-43.46551954103294,True,False,263
D22_main300fixed,D22,P-Median,5,55,-1,11,-22.916792143186889,-43.231550399129098,True,False,281
D22_main300fixed,D22,P-Median,5,55,-1,12,-22.711927870432564,-42.63004113951235,True,False,45
D22_main300fixed,D22,P-Median,5,55,-1,13,-23.003656668383979,-43.340758853213849,True,False,228
D22_main300fixed,D22,P-Median,5,55,-1,14,-22.716288877191023,-43.51530571258531,True,False,111
D22_main300fixed,D22,P-Median,5,55,-1,15,-22.809517664348768,-43.200203165434935,True,False,147
D22_main300fixed,D22,P-Median,5,55,-1,16,-22.919618105516072,-42.839789575585328,True,False,86
D22_main300fixed,D22,P-Median,5,55,-1,17,-22.755338688692213,-43.308531682770784,True,False,178
D22_main300fixed,D22,P-Median,5,55,-1,18,-22.98284371340203,-43.224740007201753,True,False,314
D22_main300fixed,D22,P-Median,5,55,-1,19,-22.882876782615799,-43.364174483570487,True,False,310
D22_main300fixed,D22,P-Median,5,55,-1,20,-22.905686000249091,-43.177156307060464,True,False,330
D22_main300fixed,D22,P-Median,5,55,-1,21,-22.941155596656401,-43.043134176624925,True,False,135
D22_main300fixed,D22,P-Median,5,55,-1,22,-22.61483382699214,-43.705683375748585,True,False,73
D22_main300fixed,D22,P-Median,5,55,-1,23,-22.897521961702388,-43.591752252623216,True,False,229
D22_main300fixed,D22,P-Median,5,55,-1,24,-22.615933155012947,-43.179757198303761,True,False,75
D22_main300fixed,D22,P-Median,5,55,-1,25,-22.881888435047649,-43.468997604007342,True,False,153
D22_main300fixed,D22,P-Median,5,55,-1,26,-22.805706631753832,-43.423079052406642,True,False,179
D22_main300fixed,D22,P-Median,5,55,-1,27,-22.969148201152677,-43.383065237968161,True,False,151
D22_main300fixed,D22,P-Median,5,55,-1,28,-22.408608081087024,-43.13140914649253,True,False,61
D22_main300fixed,D22,P-Median,5,55,-1,29,-22.879226893202649,-43.091571865721441,True,False,119
D22_main300fixed,D22,P-Median,5,55,-1,30,-22.850770856036998,-43.270521523602078,True,False,262
D22_main300fixed,D22,P-Median,5,55,-1,31,-22.742481293107708,-42.857210752586653,True,False,56
D22_main300fixed,D22,P-Median,5,55,-1,32,-22.870934109341071,-43.769012683026723,True,False,46
D22_main300fixed,D22,P-Median,5,55,-1,33,-22.827481947170185,-43.069815234475598,True,False,128
D22_main300fixed,D22,P-Median,5,55,-1,34,-22.980184787318848,-43.194590667739973,True,False,329
D22_main300fixed,D22,P-Median,5,55,-1,35,-22.651419516496585,-43.066557876304017,True,False,48
D22_main300fixed,D22,P-Median,5,55,-1,36,-22.943384670900659,-43.334379195440683,True,False,242
D22_main300fixed,D22,P-Median,5,55,-1,37,-22.470849051492323,-42.657121037845286,True,False,24
D22_main300fixed,D22,P-Median,5,55,-1,38,-23.000618991095681,-43.404718284567252,True,False,116
D22_main300fixed,D22,P-Median,5,55,-1,39,-22.607286064343828,-43.298574737764874,True,False,85
D22_main300fixed,D22,P-Median,5,55,-1,40,-22.922758980989411,-43.246104027508025,True,False,412
D22_main300fixed,D22,P-Median,5,55,-1,41,-22.790646777654263,-43.375643445446975,True,False,138
D22_main300fixed,D22,P-Median,5,55,-1,42,-22.930711174851965,-43.689463800258537,True,False,158
D22_main300fixed,D22,P-Median,5,55,-1,43,-22.936153909752679,-43.181832267833023,True,False,377
D22_main300fixed,D22,P-Median,5,55,-1,44,-22.733077865046631,-43.449613878629101,True,False,179
D22_main300fixed,D22,P-Median,5,55,-1,45,-22.883317935180688,-43.319511906680248,True,False,125
D22_main300fixed,D22,P-Median,5,55,-1,46,-22.527718078493137,-42.978266279510713,True,False,21
D22_main300fixed,D22,P-Median,5,55,-1,47,-22.916840745702157,-43.562340107121237,True,False,173
D22_main300fixed,D22,P-Median,5,55,-1,48,-22.954278207609654,-42.967118947552237,True,False,47
D22_main300fixed,D22,P-Median,5,55,-1,49,-22.90630099451813,-43.105973880660926,True,False,350
D22_main300fixed,D22,P-Median,5,55,-1,50,-22.902823180776025,-43.050858129377211,True,False,96
D22_main300fixed,D22,P-Median,5,55,-1,51,-22.966699556811079,-43.601768668742501,True,False,85
D22_main300fixed,D22,P-Median,5,55,-1,52,-22.7692389862532,-43.525308493816077,True,False,79
D22_main300fixed,D22,P-Median,5,55,-1,53,-22.919342584449812,-43.215423225025688,True,False,218
D22_main300fixed,D22,P-Median,5,55,-1,54,-22.876979699775763,-43.425279126762909,True,False,102
D22_main300fixed,D22,MCLP,10,15,-1,0,-22.918636000417841,-43.25724486396328,True,False,3279
D22_main300fixed,D22,MCLP,10,15,-1,1,-22.853879739168629,-43.396809432222291,True,False,992
D22_main300fixed,D22,MCLP,10,15,-1,2,-22.902823180776025,-43.050858129377211,True,False,879
D22_main300fixed,D22,MCLP,10,15,-1,3,-23.000618991095681,-43.404718284567252,True,False,989
D22_main300fixed,D22,MCLP,10,15,-1,4,-22.911119400069488,-43.622641625227558,True,False,263
D22_main300fixed,D22,MCLP,10,15,-1,5,-22.745675146224823,-43.443888027884469,True,False,472
D22_main300fixed,D22,MCLP,10,15,-1,6,-22.833834004293301,-43.248856689738808,False,True,489
D22_main300fixed,D22,MCLP,10,15,-1,7,-22.475562635890437,-43.148370152985294,True,False,314
D22_main300fixed,D22,MCLP,10,15,-1,8,-22.867825487785609,-43.002749069555286,True,False,388
D22_main300fixed,D22,MCLP,10,15,-1,9,-22.607286064343828,-43.298574737764874,True,False,167
D22_main300fixed,D22,MCLP,10,15,-1,10,-22.919618105516072,-42.839789575585328,True,False,183
D22_main300fixed,D22,MCLP,10,15,-1,11,-22.780162791974309,-43.304303646717109,True,False,370
D22_main300fixed,D22,MCLP,10,15,-1,12,-22.7692389862532,-43.525308493816077,True,False,243
D22_main300fixed,D22,MCLP,10,15,-1,13,-22.898979722466947,-43.699308339686013,True,False,205
D22_main300fixed,D22,MCLP,10,15,-1,14,-22.916840745702157,-43.562340107121237,True,False,480
D22_main300fixed,D22,MCLP,5,40,-1,0,-22.93845834691675,-43.196368076205502,True,False,1860
D22_main300fixed,D22,MCLP,5,40,-1,1,-22.886593254313329,-43.267834200698552,True,False,779
D22_main300fixed,D22,MCLP,5,40,-1,2,-22.936910913712651,-43.360973350350811,True,False,534
D22_main300fixed,D22,MCLP,5,40,-1,3,-22.879226893202649,-43.091571865721441,True,False,700
D22_main300fixed,D22,MCLP,5,40,-1,4,-22.85332826176321,-43.328228062631148,True,False,466
D22_main300fixed,D22,MCLP,5,40,-1,5,-22.906374170614946,-43.566410061329776,True,False,426
D22_main300fixed,D22,MCLP,5,40,-1,6,-22.97841522971715,-43.237729192717843,True,False,494
D22_main300fixed,D22,MCLP,5,40,-1,7,-22.984082408782115,-43.448890199194111,True,False,379
D22_main300fixed,D22,MCLP,5,40,-1,8,-22.749383783452853,-43.443731820645432,True,False,311
D22_main300fixed,D22,MCLP,5,40,-1,9,-22.819261693552441,-43.034765203493123,True,False,166
D22_main300fixed,D22,MCLP,5,40,-1,10,-22.803670156230325,-43.375461938236299,True,False,131
D22_main300fixed,D22,MCLP,5,40,-1,11,-22.87922054417216,-43.459310464937992,True,False,223
D22_main300fixed,D22,MCLP,5,40,-1,12,-23.003656668383979,-43.340758853213849,True,False,280
D22_main300fixed,D22,MCLP,5,40,-1,13,-22.936255491866653,-43.661399065747545,True,False,106
D22_main300fixed,D22,MCLP,5,40,-1,14,-22.510230788197468,-43.175443874455112,True,False,173
D22_main300fixed,D22,MCLP,5,40,-1,15,-22.755338688692213,-43.308531682770784,True,False,182
D22_main300fixed,D22,MCLP,5,40,-1,16,-22.809517664348768,-43.200203165434935,True,False,147
D22_main300fixed,D22,MCLP,5,40,-1,17,-22.947654432561997,-43.03365087049761,True,False,135
D22_main300fixed,D22,MCLP,5,40,-1,18,-22.716288877191023,-43.51530571258531,True,False,123
D22_main300fixed,D22,MCLP,5,40,-1,19,-22.835828487618876,-43.276143784165548,True,False,255
D22_main300fixed,D22,MCLP,5,40,-1,20,-22.839350559609453,-43.404860560122628,True,False,194
D22_main300fixed,D22,MCLP,5,40,-1,21,-22.919618105516072,-42.839789575585328,True,False,86
D22_main300fixed,D22,MCLP,5,40,-1,22,-22.930174584016687,-43.396083912145642,True,False,206
D22_main300fixed,D22,MCLP,5,40,-1,23,-22.972563998366837,-43.642950470314368,True,False,95
D22_main300fixed,D22,MCLP,5,40,-1,24,-22.867825487785609,-43.002749069555286,True,False,75
D22_main300fixed,D22,MCLP,5,40,-1,25,-22.897989740168889,-43.668559184847297,True,False,94
D22_main300fixed,D22,MCLP,5,40,-1,26,-22.408608081087024,-43.13140914649253,True,False,61
D22_main300fixed,D22,MCLP,5,40,-1,27,-22.615933155012947,-43.179757198303761,True,False,75
D22_main300fixed,D22,MCLP,5,40,-1,28,-22.764520432902131,-43.403242685589518,True,False,154
D22_main300fixed,D22,MCLP,5,40,-1,29,-22.607286064343828,-43.298574737764874,True,False,85
D22_main300fixed,D22,MCLP,5,40,-1,30,-22.7692389862532,-43.525308493816077,True,False,74
D22_main300fixed,D22,MCLP,5,40,-1,31,-22.870934109341071,-43.769012683026723,True,False,46
D22_main300fixed,D22,MCLP,5,40,-1,32,-22.742481293107708,-42.857210752586653,True,False,56
D22_main300fixed,D22,MCLP,5,40,-1,33,-22.61483382699214,-43.705683375748585,True,False,73
D22_main300fixed,D22,MCLP,5,40,-1,34,-22.651419516496585,-43.066557876304017,True,False,69
D22_main300fixed,D22,MCLP,5,40,-1,35,-22.885872200386764,-43.513728918040449,True,False,103
D22_main300fixed,D22,MCLP,5,40,-1,36,-22.711927870432564,-42.63004113951235,True,False,69
D22_main300fixed,D22,MCLP,5,40,-1,37,-22.954278207609654,-42.967118947552237,True,False,47
D22_main300fixed,D22,MCLP,5,40,-1,38,-22.822624306841355,-43.003093742121557,True,False,133
D22_main300fixed,D22,MCLP,5,40,-1,39,-22.930711174851965,-43.689463800258537,True,False,48
