scope,method,radius_km,K,seed,comparison_space,zero_coverage_municipalities,covered_orders,outside_orders,coverage_pct,weighted_avg_distance_km,median_empirical_km,p95_empirical_km,p99_empirical_km,max_distance_km,eligible_95pct,pareto_K_weighted_avg_distance_km,pareto_K_p99_empirical_km,pareto_K_max_distance_km,pareto_K_zero_coverage_municipalities,source_type,job_id,candidate_set,problem,status,solver_certified_optimal,mandatory_radius_km,total_orders,required_orders,candidate_space_only,profile_is_unique_or_distance_optimal
all_candidates_sensitivity,MCLP,3.0,1,-1.0,J828,21,974,8717.0,10.050562377463626,20.47690006512962,17.54334485542852,49.62571322385764,63.0008573622474,77.04033124896215,False,False,False,False,False,observed_curve,,,,,,,,,,
all_candidates_sensitivity,MCLP,3.0,2,-1.0,J828,21,1822,7869.0,18.80094933443401,17.13962342126916,13.441800176981031,45.02898584723318,59.08192258540837,76.35514829320492,False,False,False,False,False,observed_curve,,,,,,,,,,
all_candidates_sensitivity,MCLP,3.0,3,-1.0,J828,20,2393,7298.0,24.693014136827983,15.672645230903882,12.160871798774508,43.36367076101962,55.4753951488975,68.69989813390559,False,False,False,False,False,observed_curve,,,,,,,,,,
all_candidates_sensitivity,MCLP,3.0,4,-1.0,J828,20,2818,6873.0,29.078526467856776,15.43670068080745,11.958185707400702,43.36367076101962,55.4753951488975,68.69989813390559,False,False,False,False,False,observed_curve,,,,,,,,,,
all_candidates_sensitivity,MCLP,3.0,5,-1.0,J828,20,3230,6461.0,33.3298937158188,15.278709728926929,11.812062116788727,43.36367076101962,55.4753951488975,68.69989813390559,False,False,False,False,False,observed_curve,,,,,,,,,,
all_candidates_sensitivity,MCLP,3.0,6,-1.0,J828,20,3611,6080.0,37.26137653492932,11.28260271005612,6.820530183558444,34.995608798748826,50.54487915492043,68.69989813390559,False,False,False,False,False,observed_curve,,,,,,,,,,
all_candidates_sensitivity,MCLP,3.0,7,-1.0,J828,20,3970,5721.0,40.96584459808069,10.841430170956867,5.783546474484576,34.995608798748826,50.54487915492043,68.69989813390559,False,False,False,False,False,observed_curve,,,,,,,,,,
all_candidates_sensitivity,MCLP,3.0,8,-1.0,J828,20,4268,5423.0,44.04086265607265,10.184705428408028,4.5615447830926446,34.995608798748826,48.66867736618775,67.98839236377579,False,False,False,False,False,observed_curve,,,,,,,,,,
all_candidates_sensitivity,MCLP,3.0,9,-1.0,J828,20,4563,5128.0,47.08492415643381,8.061757645077442,3.775125805856015,27.996134227223028,48.66867736618775,67.98839236377579,False,False,False,False,False,observed_curve,,,,,,,,,,
all_candidates_sensitivity,MCLP,3.0,10,-1.0,J828,20,4829,4862.0,49.82973893303065,7.893662617585101,3.078253458285373,27.996134227223028,48.66867736618775,67.98839236377579,False,False,False,False,False,observed_curve,,,,,,,,,,
all_candidates_sensitivity,MCLP,3.0,11,-1.0,J828,19,5054,4637.0,52.15148075534,6.997810383100154,2.889147637499886,27.42041720934661,48.28599418393416,66.52430891544924,False,False,False,False,False,observed_curve,,,,,,,,,,
all_candidates_sensitivity,MCLP,3.0,12,-1.0,J828,19,5274,4417.0,54.42162831493138,6.717901503872281,2.833121047117193,27.42041720934661,48.28599418393416,66.52430891544924,False,False,False,False,False,observed_curve,,,,,,,,,,
all_candidates_sensitivity,MCLP,3.0,13,-1.0,J828,19,5480,4211.0,56.5473119389124,6.549105222337249,2.7669924823348246,27.42041720934661,48.28599418393416,66.52430891544924,False,False,False,False,False,observed_curve,,,,,,,,,,
all_candidates_sensitivity,MCLP,3.0,14,-1.0,J828,19,5684,4007.0,58.65235785780621,6.293329114419283,2.6087342714934887,27.42041720934661,48.28599418393416,66.52430891544924,False,False,False,False,False,observed_curve,,,,,,,,,,
all_candidates_sensitivity,MCLP,3.0,15,-1.0,J828,16,5867,3824.0,60.54070787328449,6.120264579705228,2.560665854844012,27.42041720934661,48.28599418393416,66.52430891544924,False,False,False,False,False,observed_curve,,,,,,,,,,
all_candidates_sensitivity,MCLP,3.0,16,-1.0,J828,15,6028,3663.0,62.20204313280363,5.547668956203642,2.4867523492066126,22.481836950931445,41.686219860557394,62.6532186317727,False,False,False,False,False,observed_curve,,,,,,,,,,
all_candidates_sensitivity,MCLP,3.0,17,-1.0,J828,15,6182,3509.0,63.79114642451759,5.382653008812736,2.420086401304021,22.481836950931445,41.686219860557394,62.6532186317727,False,False,False,False,False,observed_curve,,,,,,,,,,
all_candidates_sensitivity,MCLP,3.0,18,-1.0,J828,15,6327,3364.0,65.28738004333918,5.34043748286962,2.3542074509535773,22.481836950931445,41.686219860557394,62.6532186317727,False,False,False,False,False,observed_curve,,,,,,,,,,
all_candidates_sensitivity,MCLP,3.0,19,-1.0,J828,15,6470,3221.0,66.76297595707358,4.991042564828595,2.3261002518535894,20.58171173467924,40.85929760902405,59.78171233030053,False,False,False,False,False,observed_curve,,,,,,,,,,
all_candidates_sensitivity,MCLP,3.0,20,-1.0,J828,15,6609,3082.0,68.19729646063358,4.946693818903218,2.314881337764626,20.58171173467924,40.85929760902405,59.78171233030053,False,False,False,False,False,observed_curve,,,,,,,,,,
all_candidates_sensitivity,MCLP,3.0,21,-1.0,J828,15,6739,2952.0,69.5387472913012,4.808721382150079,2.2984068659151,20.58171173467924,40.85929760902405,59.78171233030053,False,False,False,False,False,observed_curve,,,,,,,,,,
all_candidates_sensitivity,MCLP,3.0,22,-1.0,J828,15,6858,2833.0,70.76669074398927,4.609830160716943,2.281643134718513,20.220964850216543,40.85929760902405,59.78171233030053,False,False,False,False,False,observed_curve,,,,,,,,,,
all_candidates_sensitivity,MCLP,3.0,23,-1.0,J828,15,6974,2717.0,71.96367763904654,4.5383729869397245,2.2381686516965726,20.220964850216543,40.85929760902405,59.78171233030053,False,False,False,False,False,observed_curve,,,,,,,,,,
all_candidates_sensitivity,MCLP,3.0,24,-1.0,J828,15,7090,2601.0,73.1606645341038,4.503594872996755,2.2380253632866185,20.220964850216543,40.85929760902405,59.78171233030053,False,False,False,False,False,observed_curve,,,,,,,,,,
all_candidates_sensitivity,MCLP,3.0,25,-1.0,J828,15,7205,2486.0,74.34733257661748,4.456965761170797,2.233878650478,20.220964850216543,40.85929760902405,59.78171233030053,False,False,False,False,False,observed_curve,,,,,,,,,,
all_candidates_sensitivity,MCLP,3.0,26,-1.0,J828,15,7317,2374.0,75.50304406150036,4.345187981874367,2.1910133645890744,20.220964850216543,40.85929760902405,59.78171233030053,False,False,False,False,False,observed_curve,,,,,,,,,,
all_candidates_sensitivity,MCLP,3.0,27,-1.0,J828,15,7425,2266.0,76.61748013620885,4.3167637891576165,2.176370464495562,20.220964850216543,40.85929760902405,59.78171233030053,False,False,False,False,False,observed_curve,,,,,,,,,,
all_candidates_sensitivity,MCLP,3.0,28,-1.0,J828,14,7533,2158.0,77.73191621091735,3.507975874205266,2.1555094264793957,14.744324185566484,24.77236190321592,54.02449470351084,False,False,False,False,False,observed_curve,,,,,,,,,,
all_candidates_sensitivity,MCLP,3.0,29,-1.0,J828,13,7634,2057.0,78.77412031782066,3.404687994576486,2.1352549956811755,12.723243880068836,24.77236190321592,54.02449470351084,False,False,False,False,False,observed_curve,,,,,,,,,,
all_candidates_sensitivity,MCLP,3.0,30,-1.0,J828,13,7729,1962.0,79.75441130946238,3.3768554684533645,2.1340438963118062,12.723243880068836,24.77236190321592,54.02449470351084,False,False,False,False,False,observed_curve,,,,,,,,,,
all_candidates_sensitivity,MCLP,3.0,31,-1.0,J828,12,7808,1883.0,80.56960066040656,3.350074909946732,2.112939189665477,12.723243880068836,24.77236190321592,54.02449470351084,False,False,False,False,False,observed_curve,,,,,,,,,,
all_candidates_sensitivity,MCLP,3.0,32,-1.0,J828,12,7885,1806.0,81.36415230626355,3.3207676719259824,2.103488858845273,12.723243880068836,24.77236190321592,54.02449470351084,False,False,False,False,False,observed_curve,,,,,,,,,,
all_candidates_sensitivity,MCLP,3.0,33,-1.0,J828,12,7958,1733.0,82.11742854194614,3.29881591611728,2.092940374559764,12.723243880068836,24.77236190321592,54.02449470351084,False,False,False,False,False,observed_curve,,,,,,,,,,
all_candidates_sensitivity,MCLP,3.0,34,-1.0,J828,12,8030,1661.0,82.86038592508513,3.20307128709313,2.0856969132174936,12.582756807190332,24.77236190321592,54.02449470351084,False,False,False,False,False,observed_curve,,,,,,,,,,
all_candidates_sensitivity,MCLP,3.0,35,-1.0,J828,12,8093,1598.0,83.51047363533175,3.178709082542744,2.0719623004568013,12.582756807190332,24.77236190321592,54.02449470351084,False,False,False,False,False,observed_curve,,,,,,,,,,
all_candidates_sensitivity,MCLP,3.0,36,-1.0,J828,12,8150,1541.0,84.09864823031678,3.145617452124951,2.067142953014936,12.582756807190332,24.77236190321592,54.02449470351084,False,False,False,False,False,observed_curve,,,,,,,,,,
all_candidates_sensitivity,MCLP,3.0,37,-1.0,J828,12,8207,1484.0,84.68682282530183,3.02893643609231,2.0662419674477435,11.217032536970173,24.77236190321592,54.02449470351084,False,False,False,False,False,observed_curve,,,,,,,,,,
all_candidates_sensitivity,MCLP,3.0,38,-1.0,J828,11,8262,1429.0,85.25435971519967,2.841168377741237,2.049824486816545,8.946297138173975,21.919546534991547,53.71010524144381,False,False,False,False,False,observed_curve,,,,,,,,,,
all_candidates_sensitivity,MCLP,3.0,39,-1.0,J828,10,8315,1376.0,85.80125890001032,2.757033459980309,2.033370251569324,8.472712523196261,19.822235011983068,53.71010524144381,False,False,False,False,False,observed_curve,,,,,,,,,,
all_candidates_sensitivity,MCLP,3.0,40,-1.0,J828,10,8365,1326.0,86.31720152719018,2.736495896983844,2.02084028668791,8.472712523196261,19.822235011983068,53.71010524144381,False,False,False,False,False,observed_curve,,,,,,,,,,
all_candidates_sensitivity,MCLP,3.0,41,-1.0,J828,10,8414,1277.0,86.82282530182644,2.695916514614156,2.02084028668791,7.95835977238893,19.822235011983068,53.71010524144381,False,False,False,False,False,observed_curve,,,,,,,,,,
all_candidates_sensitivity,MCLP,3.0,42,-1.0,J828,10,8463,1228.0,87.3284490764627,2.665810843864412,2.0207638153287664,7.95835977238893,19.822235011983068,53.71010524144381,False,False,False,False,False,observed_curve,,,,,,,,,,
all_candidates_sensitivity,MCLP,3.0,43,-1.0,J828,10,8509,1182.0,87.80311629346816,2.6508788094674145,2.011116505552299,7.95835977238893,19.822235011983068,53.71010524144381,False,False,False,False,False,observed_curve,,,,,,,,,,
all_candidates_sensitivity,MCLP,3.0,44,-1.0,J828,10,8553,1138.0,88.25714580538644,2.6341467117984343,1.9853825800207792,7.95835977238893,19.822235011983068,53.71010524144381,False,False,False,False,False,observed_curve,,,,,,,,,,
all_candidates_sensitivity,MCLP,3.0,45,-1.0,J828,10,8595,1096.0,88.69053761221753,2.6129097195278024,1.9604576104760012,7.95835977238893,19.822235011983068,53.71010524144381,False,False,False,False,False,observed_curve,,,,,,,,,,
all_candidates_sensitivity,MCLP,3.0,46,-1.0,J828,10,8637,1054.0,89.12392941904861,2.5890623208661987,1.9604576104760012,7.919187881290632,19.822235011983068,53.71010524144381,False,False,False,False,False,observed_curve,,,,,,,,,,
all_candidates_sensitivity,MCLP,3.0,47,-1.0,J828,10,8679,1012.0,89.55732122587968,2.5373071728469534,1.9447593754751609,7.919187881290632,19.822235011983068,49.80005490872232,False,False,False,False,False,observed_curve,,,,,,,,,,
all_candidates_sensitivity,MCLP,3.0,48,-1.0,J828,10,8721,970.0,89.99071303271076,2.523165133128925,1.937643302876497,7.760779485049732,19.822235011983068,49.80005490872232,False,False,False,False,False,observed_curve,,,,,,,,,,
all_candidates_sensitivity,MCLP,3.0,49,-1.0,J828,10,8762,929.0,90.41378598699823,2.509419661453518,1.9281383460036692,7.760779485049732,19.822235011983068,49.80005490872232,False,False,False,False,False,observed_curve,,,,,,,,,,
all_candidates_sensitivity,MCLP,3.0,50,-1.0,J828,9,8800,891.0,90.80590238365494,2.468132303497423,1.911002214044064,6.811172180858405,19.822235011983068,49.80005490872232,False,False,False,False,False,observed_curve,,,,,,,,,,
all_candidates_sensitivity,MCLP,3.0,51,-1.0,J828,8,8835,856.0,91.16706222268084,2.357582994699229,1.9069129354852845,5.702587140768034,19.822235011983068,36.52617815788724,False,False,False,False,False,observed_curve,,,,,,,,,,
all_candidates_sensitivity,MCLP,3.0,52,-1.0,J828,7,8870,821.0,91.52822206170674,2.2789606841408383,1.9060959204997996,5.085628878318841,19.822235011983068,36.52617815788724,False,False,False,False,False,observed_curve,,,,,,,,,,
all_candidates_sensitivity,MCLP,3.0,53,-1.0,J828,6,8904,787.0,91.87906304818904,2.209434904593338,1.9040248578649384,4.533196502567541,14.98677641657208,36.52617815788724,False,False,False,False,False,observed_curve,,,,,,,,,,
all_candidates_sensitivity,MCLP,3.0,54,-1.0,J828,6,8937,754.0,92.21958518212774,2.1506424207645503,1.9020905141051203,4.523320741756038,14.042661373451416,36.52617815788724,False,False,False,False,False,observed_curve,,,,,,,,,,
all_candidates_sensitivity,MCLP,3.0,55,-1.0,J828,6,8970,721.0,92.56010731606644,2.090988575749062,1.8942374272156723,4.251354247669167,11.446644962544404,36.52617815788724,False,False,False,False,False,observed_curve,,,,,,,,,,
all_candidates_sensitivity,MCLP,3.0,56,-1.0,J828,6,9002,689.0,92.89031059746156,2.0803916674963725,1.884876752655092,4.134969863639922,11.446644962544404,36.52617815788724,False,False,False,False,False,observed_curve,,,,,,,,,,
all_candidates_sensitivity,MCLP,3.0,57,-1.0,J828,6,9032,659.0,93.19987617376948,2.057467891650607,1.8538803270514517,3.914236572508808,11.446644962544404,36.52617815788724,False,False,False,False,False,observed_curve,,,,,,,,,,
all_candidates_sensitivity,MCLP,3.0,58,-1.0,J828,6,9061,630.0,93.4991228975338,2.042699520831467,1.848980811661714,3.860502981179359,11.446644962544404,36.52617815788724,False,False,False,False,False,observed_curve,,,,,,,,,,
all_candidates_sensitivity,MCLP,3.0,59,-1.0,J828,5,9088,603.0,93.77773191621093,1.9562057339186047,1.8473853396266733,3.753403251610392,9.730211445405722,26.950553178813895,False,False,False,False,False,observed_curve,,,,,,,,,,
all_candidates_sensitivity,MCLP,3.0,60,-1.0,J828,5,9113,578.0,94.03570322980084,1.946419357778557,1.8473853396266733,3.698022435763124,9.730211445405722,26.950553178813895,False,False,False,False,False,observed_curve,,,,,,,,,,
all_candidates_sensitivity,MCLP,3.0,61,-1.0,J828,5,9137,554.0,94.28335569084716,1.9400832471512048,1.831562605016023,3.5686786815283904,9.730211445405722,26.950553178813895,False,False,False,False,False,observed_curve,,,,,,,,,,
all_candidates_sensitivity,MCLP,3.0,62,-1.0,J828,5,9161,530.0,94.53100815189352,1.924490413295042,1.831562605016023,3.318886778562327,9.730211445405722,26.950553178813895,False,False,False,False,False,observed_curve,,,,,,,,,,
all_candidates_sensitivity,MCLP,3.0,63,-1.0,J828,5,9185,506.0,94.77866061293985,1.911758355102137,1.8238862641483036,3.10358943610397,9.730211445405722,26.950553178813895,False,False,False,False,False,observed_curve,,,,,,,,,,
all_candidates_sensitivity,MCLP,3.0,64,-1.0,J828,5,9207,484.0,95.00567536889898,1.9038968979591149,1.8140689984614349,2.999282457421771,9.730211445405722,26.950553178813895,True,True,True,True,True,observed_curve,,,,,,,,,,
all_candidates_sensitivity,MCLP,3.0,65,-1.0,J828,4,9228,463.0,95.22237127231452,1.885613434911481,1.8140689984614349,2.999282457421771,9.730211445405722,26.950553178813895,True,True,False,False,True,observed_curve,,,,,,,,,,
all_candidates_sensitivity,MCLP,3.0,66,-1.0,J828,4,9248,443.0,95.42874832318648,1.877774666008989,1.8099022289692708,2.9943824628337823,9.730211445405722,26.950553178813895,True,True,False,False,False,observed_curve,,,,,,,,,,
all_candidates_sensitivity,MCLP,3.0,67,-1.0,J828,4,9267,424.0,95.6248065215148,1.872206811892166,1.8099022289692708,2.9873448150199238,9.730211445405722,26.950553178813895,True,True,False,False,False,observed_curve,,,,,,,,,,
all_candidates_sensitivity,MCLP,3.0,68,-1.0,J828,4,9286,405.0,95.82086471984316,1.8612292557138752,1.795624291888566,2.986943751456091,9.312524777011497,26.950553178813895,True,True,True,False,False,observed_curve,,,,,,,,,,
all_candidates_sensitivity,MCLP,3.0,69,-1.0,J828,3,9305,386.0,96.0169229181715,1.80839048671197,1.795624291888566,2.9517260237767218,8.323481105146405,19.31972202977331,True,True,True,True,True,observed_curve,,,,,,,,,,
all_candidates_sensitivity,MCLP,3.0,70,-1.0,J828,2,9323,368.0,96.20266226395624,1.784170288490437,1.795624291888566,2.94941498836106,6.971255341298399,19.31972202977331,True,True,True,False,True,observed_curve,,,,,,,,,,
all_candidates_sensitivity,MCLP,3.0,71,-1.0,J828,2,9341,350.0,96.388401609741,1.777956831330214,1.7874400428575077,2.947821544164376,6.971255341298399,19.31972202977331,True,True,False,False,False,observed_curve,,,,,,,,,,
all_candidates_sensitivity,MCLP,3.0,72,-1.0,J828,2,9358,333.0,96.56382210298214,1.765727820825408,1.7861262456447786,2.943761969870239,6.734309657188536,19.31972202977331,True,True,True,False,False,observed_curve,,,,,,,,,,
all_candidates_sensitivity,MCLP,3.0,73,-1.0,J828,1,9375,316.0,96.7392425962233,1.7394309058397923,1.7779386636232026,2.927594582419968,6.399412159314928,19.31972202977331,True,True,True,False,True,observed_curve,,,,,,,,,,
all_candidates_sensitivity,MCLP,3.0,74,-1.0,J828,1,9390,301.0,96.89402538437726,1.7325994072792936,1.7779386636232026,2.9256120357287254,6.399412159314928,19.31972202977331,True,True,False,False,False,observed_curve,,,,,,,,,,
all_candidates_sensitivity,MCLP,3.0,75,-1.0,J828,1,9405,286.0,97.0488081725312,1.7271696581657674,1.7779386636232026,2.9256120357287254,6.399412159314928,19.31972202977331,True,True,False,False,False,observed_curve,,,,,,,,,,
all_candidates_sensitivity,MCLP,3.0,76,-1.0,J828,1,9419,272.0,97.19327210814156,1.7199298331341524,1.7707862753677064,2.9229568213322263,6.399412159314928,19.31972202977331,True,True,False,False,False,observed_curve,,,,,,,,,,
all_candidates_sensitivity,MCLP,3.0,77,-1.0,J828,1,9432,259.0,97.32741719120834,1.7086893698296723,1.770001569139798,2.9229568213322263,5.746146571490721,19.31972202977331,True,True,True,False,False,observed_curve,,,,,,,,,,
all_candidates_sensitivity,MCLP,3.0,78,-1.0,J828,1,9445,246.0,97.4615622742751,1.7016112911400234,1.76889668273835,2.9229568213322263,5.141326995507317,19.31972202977331,True,True,True,False,False,observed_curve,,,,,,,,,,
all_candidates_sensitivity,MCLP,3.0,79,-1.0,J828,1,9458,233.0,97.59570735734188,1.6966758940688955,1.76889668273835,2.90592455010197,5.141326995507317,19.31972202977331,True,True,False,False,False,observed_curve,,,,,,,,,,
all_candidates_sensitivity,MCLP,3.0,80,-1.0,J828,1,9470,221.0,97.71953358786504,1.6921225199024506,1.76889668273835,2.90592455010197,5.141326995507317,19.31972202977331,True,True,False,False,False,observed_curve,,,,,,,,,,
all_candidates_sensitivity,MCLP,3.0,81,-1.0,J828,1,9482,209.0,97.8433598183882,1.683250914389097,1.74417295078212,2.9030893795795065,5.141326995507317,19.31972202977331,True,True,False,False,False,observed_curve,,,,,,,,,,
all_candidates_sensitivity,MCLP,3.0,82,-1.0,J828,1,9494,197.0,97.96718604891136,1.6765993258692613,1.741300120901341,2.899878026988252,4.812282305816808,19.31972202977331,True,True,True,False,False,observed_curve,,,,,,,,,,
all_candidates_sensitivity,MCLP,3.0,83,-1.0,J828,1,9504,187.0,98.07037457434733,1.6622082759234271,1.741300120901341,2.890547889131019,4.101895934114729,16.550308693700245,True,True,True,True,False,observed_curve,,,,,,,,,,
all_candidates_sensitivity,MCLP,3.0,84,-1.0,J828,1,9514,177.0,98.17356309978332,1.6562542731083842,1.7379191850209632,2.890547889131019,4.101895934114729,16.550308693700245,True,True,False,False,False,observed_curve,,,,,,,,,,
all_candidates_sensitivity,MCLP,3.0,85,-1.0,J828,1,9524,167.0,98.27675162521928,1.646956680984451,1.7379191850209632,2.884938795669439,3.921426700971644,16.550308693700245,True,True,True,False,False,observed_curve,,,,,,,,,,
all_candidates_sensitivity,MCLP,3.0,86,-1.0,J828,1,9534,157.0,98.37994015065524,1.6406854863678333,1.7379191850209632,2.876175372652824,3.860502981179359,16.550308693700245,True,True,True,False,False,observed_curve,,,,,,,,,,
all_candidates_sensitivity,MCLP,3.0,87,-1.0,J828,1,9544,147.0,98.4831286760912,1.6362473201176129,1.7379191850209632,2.870791586851245,3.797836545980927,16.550308693700245,True,True,True,False,False,observed_curve,,,,,,,,,,
all_candidates_sensitivity,MCLP,3.0,88,-1.0,J828,1,9552,139.0,98.56567949644,1.6326977880540423,1.7379191850209632,2.870791586851245,3.5686786815283904,16.550308693700245,True,True,True,False,False,observed_curve,,,,,,,,,,
all_candidates_sensitivity,MCLP,3.0,89,-1.0,J828,1,9560,131.0,98.64823031678876,1.624801248774402,1.7223944364467088,2.870791586851245,3.504445006951387,16.550308693700245,True,True,True,False,False,observed_curve,,,,,,,,,,
all_candidates_sensitivity,MCLP,3.0,90,-1.0,J828,1,9568,123.0,98.73078113713755,1.6203628607636562,1.7223944364467088,2.870791586851245,3.413169939191161,16.550308693700245,True,False,True,False,False,observed_curve,,,,,,,,,,
all_candidates_sensitivity,MCLP,3.0,91,-1.0,J828,1,9576,115.0,98.81333195748633,1.61633802315814,1.7223944364467088,2.870791586851245,3.2303767226087223,16.550308693700245,True,False,True,False,False,observed_curve,,,,,,,,,,
all_candidates_sensitivity,MCLP,3.0,92,-1.0,J828,1,9583,108.0,98.8855639252915,1.6120330499494215,1.7223944364467088,2.870791586851245,3.2303767226087223,16.550308693700245,True,False,False,False,False,observed_curve,,,,,,,,,,
all_candidates_sensitivity,MCLP,3.0,93,-1.0,J828,1,9590,101.0,98.95779589309667,1.6038864845161682,1.714178347030153,2.8579272083756084,3.114953218489342,16.550308693700245,True,False,True,False,False,observed_curve,,,,,,,,,,
all_candidates_sensitivity,MCLP,3.0,94,-1.0,J828,1,9597,94.0,99.03002786090188,1.6010398589093242,1.7131894870866655,2.8579272083756084,2.999282457421771,16.550308693700245,True,False,True,False,False,observed_curve,,,,,,,,,,
all_candidates_sensitivity,MCLP,3.0,95,-1.0,J828,1,9604,87.0,99.10225982870703,1.5995253914079643,1.7131894870866655,2.8579272083756084,2.999282457421771,16.550308693700245,True,False,False,False,False,observed_curve,,,,,,,,,,
all_candidates_sensitivity,MCLP,3.0,96,-1.0,J828,0,9610,81.0,99.16417294396864,1.5929186302436638,1.7131894870866655,2.8579272083756084,2.999282457421771,14.686243442503162,True,False,False,True,True,observed_curve,,,,,,,,,,
all_candidates_sensitivity,MCLP,3.0,97,-1.0,J828,0,9615,76.0,99.21576720668662,1.5889677688088069,1.7003517280031952,2.8579272083756084,2.999282457421771,14.686243442503162,True,False,False,False,False,observed_curve,,,,,,,,,,
all_candidates_sensitivity,MCLP,3.0,98,-1.0,J828,0,9620,71.0,99.2673614694046,1.5825092193340355,1.6876292435110434,2.8535646935031416,2.999282457421771,14.686243442503162,True,False,False,False,False,observed_curve,,,,,,,,,,
all_candidates_sensitivity,MCLP,3.0,99,-1.0,J828,0,9625,66.0,99.3189557321226,1.5776478217969248,1.6876292435110434,2.8463716287201897,2.999282457421771,14.686243442503162,True,False,False,False,False,observed_curve,,,,,,,,,,
all_candidates_sensitivity,MCLP,3.0,100,-1.0,J828,0,9630,61.0,99.37054999484056,1.575806819374917,1.6876292435110434,2.8463716287201897,2.998037101346775,14.686243442503162,True,False,True,False,False,observed_curve,,,,,,,,,,
all_candidates_sensitivity,MCLP,3.0,101,-1.0,J828,0,9634,57.0,99.41182540501497,1.5356832397458544,1.6180580630819024,2.8463716287201897,2.998037101346775,14.686243442503162,True,False,False,False,False,observed_curve,,,,,,,,,,
all_candidates_sensitivity,MCLP,3.0,102,-1.0,J828,0,9638,53.0,99.45310081518934,1.5181570075423323,1.600102134363031,2.845032398409346,2.9914486545351595,14.686243442503162,True,False,True,False,False,observed_curve,,,,,,,,,,
all_candidates_sensitivity,MCLP,3.0,103,-1.0,J828,0,9642,49.0,99.49437622536374,1.45885204531414,1.5282368732061973,2.843448980560313,2.9873448150199238,14.686243442503162,True,False,True,False,False,observed_curve,,,,,,,,,,
all_candidates_sensitivity,MCLP,3.0,104,-1.0,J828,0,9646,45.0,99.53565163553812,1.4575669627642085,1.5282368732061973,2.843448980560313,2.9847327232724474,14.686243442503162,True,False,True,False,False,observed_curve,,,,,,,,,,
all_candidates_sensitivity,MCLP,3.0,105,-1.0,J828,0,9650,41.0,99.57692704571252,1.4555336461788326,1.5282368732061973,2.840605488991245,2.969953876211997,14.686243442503162,True,False,True,False,False,observed_curve,,,,,,,,,,
all_candidates_sensitivity,MCLP,3.0,106,-1.0,J828,0,9653,38.0,99.60788360334332,1.4499427193452004,1.5188165305657797,2.840605488991245,2.963936898477896,14.686243442503162,True,False,True,False,False,observed_curve,,,,,,,,,,
all_candidates_sensitivity,MCLP,3.0,107,-1.0,J828,0,9656,35.0,99.6388401609741,1.4434793616748849,1.5188165305657797,2.8401611468037125,2.9517260237767218,14.686243442503162,True,False,True,False,False,observed_curve,,,,,,,,,,
all_candidates_sensitivity,MCLP,3.0,108,-1.0,J828,0,9659,32.0,99.66979671860489,1.4415476644250027,1.5188165305657797,2.8401611468037125,2.9517260237767218,14.686243442503162,True,False,False,False,False,observed_curve,,,,,,,,,,
all_candidates_sensitivity,MCLP,3.0,109,-1.0,J828,0,9662,29.0,99.70075327623567,1.4410729010659005,1.5188165305657797,2.8401611468037125,2.9517260237767218,14.686243442503162,True,False,False,False,False,observed_curve,,,,,,,,,,
all_candidates_sensitivity,MCLP,3.0,110,-1.0,J828,0,9665,26.0,99.73170983386647,1.4384465868795708,1.5188165305657797,2.8401611468037125,2.94941498836106,14.686243442503162,True,False,True,False,False,observed_curve,,,,,,,,,,
all_candidates_sensitivity,MCLP,3.0,111,-1.0,J828,0,9667,24.0,99.75234753895369,1.4377512785389226,1.5156909312358873,2.8401611468037125,2.94941498836106,14.686243442503162,True,False,False,False,False,observed_curve,,,,,,,,,,
all_candidates_sensitivity,MCLP,3.0,112,-1.0,J828,0,9669,22.0,99.77298524404088,1.4370337621260372,1.5156909312358873,2.8392825402734774,2.94941498836106,14.686243442503162,True,False,False,False,False,observed_curve,,,,,,,,,,
all_candidates_sensitivity,MCLP,3.0,113,-1.0,J828,0,9671,20.0,99.79362294912804,1.431421577406217,1.509322816282355,2.8392825402734774,2.94941498836106,14.686243442503162,True,False,False,False,False,observed_curve,,,,,,,,,,
all_candidates_sensitivity,MCLP,3.0,114,-1.0,J828,0,9673,18.0,99.81426065421525,1.4268496538113955,1.4926355244963654,2.8392825402734774,2.94941498836106,14.686243442503162,True,False,False,False,False,observed_curve,,,,,,,,,,
all_candidates_sensitivity,MCLP,3.0,115,-1.0,J828,0,9675,16.0,99.83489835930244,1.4255497363855056,1.4926355244963654,2.830459416481949,2.94941498836106,14.130148834029482,True,False,False,True,False,observed_curve,,,,,,,,,,
all_candidates_sensitivity,MCLP,3.0,116,-1.0,J828,0,9677,14.0,99.85553606438964,1.4248206398664325,1.4926355244963654,2.830459416481949,2.94941498836106,14.130148834029482,True,False,False,False,False,observed_curve,,,,,,,,,,
all_candidates_sensitivity,MCLP,3.0,117,-1.0,J828,0,9679,12.0,99.87617376947684,1.422612543393633,1.4926355244963654,2.821729285624851,2.94941498836106,14.130148834029482,True,False,False,False,False,observed_curve,,,,,,,,,,
all_candidates_sensitivity,MCLP,3.0,118,-1.0,J828,0,9681,10.0,99.89681147456405,1.4218151277868178,1.4926355244963654,2.821729285624851,2.94941498836106,14.130148834029482,True,False,False,False,False,observed_curve,,,,,,,,,,
all_candidates_sensitivity,MCLP,3.0,119,-1.0,J828,0,9683,8.0,99.91744917965124,1.411506763614821,1.4909730949186628,2.809631924415955,2.947821544164376,14.130148834029482,True,False,True,False,False,observed_curve,,,,,,,,,,
all_candidates_sensitivity,MCLP,3.0,120,-1.0,J828,0,9684,7.0,99.92776803219482,1.40698276090558,1.4773273191866907,2.809631924415955,2.947821544164376,14.130148834029482,True,False,False,False,False,observed_curve,,,,,,,,,,
all_candidates_sensitivity,MCLP,3.0,121,-1.0,J828,0,9685,6.0,99.9380868847384,1.403076152613676,1.473466116279969,2.8005624937157165,2.947821544164376,14.130148834029482,True,False,False,False,False,observed_curve,,,,,,,,,,
all_candidates_sensitivity,MCLP,3.0,122,-1.0,J828,0,9686,5.0,99.94840573728202,1.402620998495502,1.473466116279969,2.8005624937157165,2.947821544164376,14.130148834029482,True,False,False,False,False,observed_curve,,,,,,,,,,
all_candidates_sensitivity,MCLP,3.0,123,-1.0,J828,0,9687,4.0,99.9587245898256,1.398685057458114,1.473466116279969,2.8005624937157165,2.947821544164376,14.130148834029482,True,False,False,False,False,observed_curve,,,,,,,,,,
all_candidates_sensitivity,MCLP,3.0,124,-1.0,J828,0,9688,3.0,99.9690434423692,1.3914060271026256,1.4641339905402546,2.8004658135230183,2.9461572786997947,14.130148834029482,True,False,True,False,False,observed_curve,,,,,,,,,,
all_candidates_sensitivity,MCLP,3.0,125,-1.0,J828,0,9689,2.0,99.9793622949128,1.3908623258301305,1.4641339905402546,2.8004658135230183,2.9461572786997947,14.130148834029482,True,False,False,False,False,observed_curve,,,,,,,,,,
all_candidates_sensitivity,MCLP,3.0,126,-1.0,J828,0,9690,1.0,99.9896811474564,1.3903403985986114,1.4641339905402546,2.8004658135230183,2.9461572786997947,14.130148834029482,True,False,False,False,False,observed_curve,,,,,,,,,,
all_candidates_sensitivity,MCLP,3.0,127,-1.0,J828,0,9691,0.0,100.0,1.3888823293762371,1.4641339905402546,2.8004658135230183,2.9461572786997947,2.999851786916445,True,False,False,True,False,observed_curve,,,,,,,,,,
all_candidates_sensitivity,P-Median,3.0,1,-1.0,J828,21,376,9315.0,3.879888556392529,17.81364762685249,13.83446945173028,43.39674631089937,56.13726760472635,78.87587931383399,False,False,False,False,False,observed_curve,,,,,,,,,,
all_candidates_sensitivity,P-Median,3.0,2,-1.0,J828,21,977,8714.0,10.081518935094415,12.9220693044411,10.229540605171644,35.77161555705096,54.21576821597446,73.80657643112575,False,False,False,False,False,observed_curve,,,,,,,,,,
all_candidates_sensitivity,P-Median,3.0,3,-1.0,J828,21,1420,8271.0,14.652770611907956,11.073461390802322,7.962310565840589,33.31774234794633,52.95777672282012,74.08287023321586,False,False,False,False,False,observed_curve,,,,,,,,,,
all_candidates_sensitivity,P-Median,3.0,4,-1.0,J828,20,1518,8173.0,15.664018161180476,9.66431208794862,7.783263730407075,21.693270012125694,37.439427256119735,59.67316208885642,False,False,False,False,False,observed_curve,,,,,,,,,,
all_candidates_sensitivity,P-Median,3.0,5,-1.0,J828,18,1924,7767.0,19.85347229388092,8.372286116883524,6.22150503924481,20.372461689821037,30.691336965427137,53.75830158262533,False,False,False,False,False,observed_curve,,,,,,,,,,
all_candidates_sensitivity,P-Median,3.0,6,-1.0,J828,15,1999,7692.0,20.627386234650707,7.2586543720334,5.838099922750437,17.20002522683018,30.691336965427137,53.75830158262533,False,False,False,False,False,observed_curve,,,,,,,,,,
all_candidates_sensitivity,P-Median,3.0,7,-1.0,J828,16,2234,7457.0,23.05231658239604,6.535888524368223,5.179008804457528,17.20002522683018,30.552136561477475,53.75830158262533,False,False,False,False,False,observed_curve,,,,,,,,,,
all_candidates_sensitivity,P-Median,3.0,8,-1.0,J828,16,3095,6596.0,31.936848622433185,6.131813595950555,4.518072901068037,17.20002522683018,30.552136561477475,53.75830158262533,False,False,False,False,False,observed_curve,,,,,,,,,,
all_candidates_sensitivity,P-Median,3.0,9,-1.0,J828,16,3266,6425.0,33.7013724073883,5.683901715677373,4.438167170432034,15.623129793098103,26.76476761827881,53.286118949552005,False,False,False,False,False,observed_curve,,,,,,,,,,
all_candidates_sensitivity,P-Median,3.0,10,-1.0,J828,16,3827,5864.0,39.4902486843463,5.466777487503784,4.001296590835512,15.623129793098103,26.76476761827881,53.286118949552005,False,False,False,False,False,observed_curve,,,,,,,,,,
all_candidates_sensitivity,P-Median,3.0,11,-1.0,J828,16,4381,5310.0,45.206892993499125,5.170257594730662,3.584360991403077,15.825858976521394,26.76476761827881,53.286118949552005,False,False,False,False,False,observed_curve,,,,,,,,,,
all_candidates_sensitivity,P-Median,3.0,12,-1.0,J828,16,4489,5202.0,46.32132906820762,4.918343119964005,3.2603799525528627,15.481583913109551,26.76476761827881,53.286118949552005,False,False,False,False,False,observed_curve,,,,,,,,,,
all_candidates_sensitivity,P-Median,3.0,13,-1.0,J828,16,4585,5106.0,47.31193891239294,4.747410501014324,3.111971914443653,15.481583913109551,25.281952321854824,53.286118949552005,False,False,False,False,False,observed_curve,,,,,,,,,,
all_candidates_sensitivity,P-Median,3.0,14,-1.0,J828,14,4549,5142.0,46.94046022082345,4.507334321806545,3.1663670549236813,14.102540358748511,21.09387740897042,53.286118949552005,False,False,False,False,False,observed_curve,,,,,,,,,,
all_candidates_sensitivity,P-Median,3.0,15,-1.0,J828,12,4635,5056.0,47.8278815395728,4.348445928588233,3.1044961985831687,11.565327463477724,19.739303200257545,52.648185687502696,False,False,False,False,False,observed_curve,,,,,,,,,,
all_candidates_sensitivity,P-Median,3.0,16,-1.0,J828,15,5149,4542.0,53.13177174698173,4.215479132374958,2.801269084793778,13.782227761023227,21.09387740897042,53.286118949552005,False,False,False,False,False,observed_curve,,,,,,,,,,
all_candidates_sensitivity,P-Median,3.0,17,-1.0,J828,14,5222,4469.0,53.885047982664325,4.01236929924121,2.694404205211542,12.577210941194782,19.426588506507034,50.949528043679216,False,False,False,False,False,observed_curve,,,,,,,,,,
all_candidates_sensitivity,P-Median,3.0,18,-1.0,J828,12,5255,4436.0,54.22557011660303,3.8342638863346297,2.6862571114899017,10.080721476410522,19.426588506507034,50.949528043679216,False,False,False,False,False,observed_curve,,,,,,,,,,
all_candidates_sensitivity,P-Median,3.0,19,-1.0,J828,11,5300,4391.0,54.68991848106491,3.684275051410781,2.6862571114899017,9.516491892333404,17.765507929770003,34.82624701169968,False,False,False,False,False,observed_curve,,,,,,,,,,
all_candidates_sensitivity,P-Median,3.0,20,-1.0,J828,9,5437,4254.0,56.10360127953771,3.5171923126957108,2.6480815335973715,8.991613419588376,17.765507929770003,34.82624701169968,False,False,False,False,False,observed_curve,,,,,,,,,,
all_candidates_sensitivity,P-Median,3.0,21,-1.0,J828,9,5765,3926.0,59.48818491383758,3.3898280969173107,2.537193018001021,8.991613419588376,17.765507929770003,34.82624701169968,False,False,False,False,False,observed_curve,,,,,,,,,,
all_candidates_sensitivity,P-Median,3.0,22,-1.0,J828,7,5927,3764.0,61.15983902590032,3.2654171275868125,2.4628686365146235,8.957268712307247,17.765507929770003,34.82624701169968,False,False,False,False,False,observed_curve,,,,,,,,,,
all_candidates_sensitivity,P-Median,3.0,23,-1.0,J828,7,6188,3503.0,63.85305953977917,3.168524686058633,2.248583976289717,8.945365770231788,17.765507929770003,34.82624701169968,False,False,False,False,False,observed_curve,,,,,,,,,,
all_candidates_sensitivity,P-Median,3.0,24,-1.0,J828,7,6252,3439.0,64.5134661025694,3.0757274388558766,2.171626192912619,8.492656014975237,15.13360417916932,34.82624701169968,False,False,False,False,False,observed_curve,,,,,,,,,,
all_candidates_sensitivity,P-Median,3.0,25,-1.0,J828,7,6383,3308.0,65.86523578578063,2.9760761082760125,2.131065504334127,7.919187881290632,15.95649490759206,28.693823772221982,False,False,False,False,False,observed_curve,,,,,,,,,,
all_candidates_sensitivity,P-Median,3.0,26,-1.0,J828,7,6493,3198.0,67.0003095655763,2.887866250324371,2.0762790407280862,7.919187881290632,15.95649490759206,28.693823772221982,False,False,False,False,False,observed_curve,,,,,,,,,,
all_candidates_sensitivity,P-Median,3.0,27,-1.0,J828,8,6634,3057.0,68.4552677742235,2.7940583921923987,2.011116505552299,7.305521124093995,16.473094766606238,28.693823772221982,False,False,False,False,False,observed_curve,,,,,,,,,,
all_candidates_sensitivity,P-Median,3.0,28,-1.0,J828,8,6858,2833.0,70.76669074398927,2.7253242485320777,1.981319165269604,7.305521124093995,16.473094766606238,28.693823772221982,False,False,False,False,False,observed_curve,,,,,,,,,,
all_candidates_sensitivity,P-Median,3.0,29,-1.0,J828,8,6914,2777.0,71.34454648643072,2.6553458850225704,1.884876752655092,7.305521124093995,16.473094766606238,28.693823772221982,False,False,False,False,False,observed_curve,,,,,,,,,,
all_candidates_sensitivity,P-Median,3.0,30,-1.0,J828,7,6945,2746.0,71.66443091528222,2.583836417778791,1.8708105123449204,6.836709654322013,16.473094766606238,28.693823772221982,False,False,False,False,False,observed_curve,,,,,,,,,,
all_candidates_sensitivity,P-Median,3.0,31,-1.0,J828,6,6991,2700.0,72.13909813228769,2.502742607546855,1.884876752655092,6.184625685950473,14.042661373451416,28.693823772221982,False,False,False,False,False,observed_curve,,,,,,,,,,
all_candidates_sensitivity,P-Median,3.0,32,-1.0,J828,6,7024,2667.0,72.47962026622639,2.4385104348683915,1.8735075577961096,5.95830098284622,13.297750185008958,26.950553178813895,False,False,False,False,False,observed_curve,,,,,,,,,,
all_candidates_sensitivity,P-Median,3.0,33,-1.0,J828,5,7059,2632.0,72.84078010525229,2.3782472838302104,1.8393526129102369,5.796883749887278,10.360342865340115,26.950553178813895,False,False,False,False,False,observed_curve,,,,,,,,,,
all_candidates_sensitivity,P-Median,3.0,34,-1.0,J828,5,7048,2643.0,72.72727272727273,2.3274051241136404,1.7689155779523775,5.796883749887278,10.360342865340115,26.950553178813895,False,False,False,False,False,observed_curve,,,,,,,,,,
all_candidates_sensitivity,P-Median,3.0,35,-1.0,J828,5,7166,2525.0,73.9448973274172,2.2785965420411425,1.733019596917608,5.796883749887278,10.360342865340115,26.950553178813895,False,False,False,False,False,observed_curve,,,,,,,,,,
all_candidates_sensitivity,P-Median,3.0,36,-1.0,J828,4,7185,2506.0,74.14095552574554,2.2257577730392373,1.733019596917608,5.699697261804399,9.704430895603124,18.21820860109545,False,False,False,False,False,observed_curve,,,,,,,,,,
all_candidates_sensitivity,P-Median,3.0,37,-1.0,J828,5,7306,2385.0,75.38953668352079,2.186749466020485,1.676269415355319,5.850807033288559,10.440580290107656,18.21820860109545,False,False,False,False,False,observed_curve,,,,,,,,,,
all_candidates_sensitivity,P-Median,3.0,38,-1.0,J828,4,7412,2279.0,76.48333505314208,2.127960812882204,1.6239575771244976,5.651653868265488,9.704430895603124,18.21820860109545,False,False,False,False,False,observed_curve,,,,,,,,,,
all_candidates_sensitivity,P-Median,3.0,39,-1.0,J828,4,7497,2194.0,77.36043751934785,2.091975761832503,1.595701062378524,5.679309900081601,9.636197141743487,18.21820860109545,False,False,False,False,False,observed_curve,,,,,,,,,,
all_candidates_sensitivity,P-Median,3.0,40,-1.0,J828,4,7544,2147.0,77.84542358889692,2.053508290769323,1.5674142754385294,5.376587984314463,9.704430895603124,18.21820860109545,False,False,False,False,False,observed_curve,,,,,,,,,,
all_candidates_sensitivity,P-Median,3.0,41,-1.0,J828,4,7641,2050.0,78.84635228562584,2.017102582271884,1.5674142754385294,5.348101602884896,9.636197141743487,18.21820860109545,False,False,False,False,False,observed_curve,,,,,,,,,,
all_candidates_sensitivity,P-Median,3.0,42,-1.0,J828,4,7692,1999.0,79.3726137653493,1.980670410828531,1.6133095647631162,5.26907419313964,8.699543779176793,17.47616869808689,False,False,False,False,False,observed_curve,,,,,,,,,,
all_candidates_sensitivity,P-Median,3.0,43,-1.0,J828,4,7692,1999.0,79.3726137653493,1.9495837742370936,1.5239514674315386,5.26907419313964,8.699543779176793,17.47616869808689,False,False,False,False,False,observed_curve,,,,,,,,,,
all_candidates_sensitivity,P-Median,3.0,44,-1.0,J828,4,7724,1967.0,79.7028170467444,1.9165627767941251,1.5049250044778022,5.26907419313964,8.699543779176793,17.47616869808689,False,False,False,False,False,observed_curve,,,,,,,,,,
all_candidates_sensitivity,P-Median,3.0,45,-1.0,J828,3,7746,1945.0,79.92983180270355,1.8842633517981089,1.503153284114911,5.142346794837165,8.396090426376913,17.47616869808689,False,False,False,False,False,observed_curve,,,,,,,,,,
all_candidates_sensitivity,P-Median,3.0,46,-1.0,J828,2,7761,1930.0,80.0846145908575,1.8567313571809472,1.5006111461378586,5.03596507972479,7.752139093050434,16.550308693700245,False,False,False,False,False,observed_curve,,,,,,,,,,
all_candidates_sensitivity,P-Median,3.0,47,-1.0,J828,2,7873,1818.0,81.24032607574038,1.829660978459016,1.4344254348379668,5.008314154719811,7.752139093050434,16.550308693700245,False,False,False,False,False,observed_curve,,,,,,,,,,
all_candidates_sensitivity,P-Median,3.0,48,-1.0,J828,2,8009,1682.0,82.64369002166958,1.8022056520705885,1.4344254348379668,4.927320342024503,7.697430776434928,16.550308693700245,False,False,False,False,False,observed_curve,,,,,,,,,,
all_candidates_sensitivity,P-Median,3.0,49,-1.0,J828,2,8053,1638.0,83.09771953358786,1.776182655332768,1.434424162537192,4.803755172153724,7.697430776434928,16.550308693700245,False,False,False,False,False,observed_curve,,,,,,,,,,
all_candidates_sensitivity,P-Median,3.0,50,-1.0,J828,2,8114,1577.0,83.72716953874729,1.749961250758575,1.4341400356132157,4.555438299605537,7.50627018056066,16.550308693700245,False,False,False,False,False,observed_curve,,,,,,,,,,
all_candidates_sensitivity,P-Median,3.0,51,-1.0,J828,2,8195,1496.0,84.56299659477867,1.7239331987085602,1.4310716415606315,4.459041805367946,7.369783607662824,16.550308693700245,False,False,False,False,False,observed_curve,,,,,,,,,,
all_candidates_sensitivity,P-Median,3.0,52,-1.0,J828,2,8265,1426.0,85.28531627283046,1.6921808119917872,1.4187850613533846,4.459041805367946,7.362853701753533,16.550308693700245,False,False,False,False,False,observed_curve,,,,,,,,,,
all_candidates_sensitivity,P-Median,3.0,53,-1.0,J828,2,8332,1359.0,85.97667939325147,1.6680384716046386,1.4179573256310734,4.282083663730321,7.362853701753533,16.550308693700245,False,False,False,False,False,observed_curve,,,,,,,,,,
all_candidates_sensitivity,P-Median,3.0,54,-1.0,J828,2,8395,1296.0,86.6267671034981,1.652225062898207,1.434424162537192,4.1834648699722425,7.198713556110408,16.550308693700245,False,False,False,False,False,observed_curve,,,,,,,,,,
all_candidates_sensitivity,P-Median,3.0,55,-1.0,J828,2,8442,1249.0,87.11175317304716,1.6339555547012978,1.4182269708115174,4.163794377137366,6.971255341298399,16.550308693700245,False,False,False,False,False,observed_curve,,,,,,,,,,
all_candidates_sensitivity,P-Median,3.0,56,-1.0,J828,2,8551,1140.0,88.23650810029925,1.6069021348637615,1.39423247458682,4.341612704026399,7.198713556110408,16.550308693700245,False,False,False,False,False,observed_curve,,,,,,,,,,
all_candidates_sensitivity,P-Median,3.0,57,-1.0,J828,2,8574,1117.0,88.47384170880198,1.5842244922085136,1.39423247458682,4.163794377137366,6.971255341298399,16.550308693700245,False,False,False,False,False,observed_curve,,,,,,,,,,
all_candidates_sensitivity,P-Median,3.0,58,-1.0,J828,2,8590,1101.0,88.63894334949954,1.5686090158477848,1.3722652299616889,4.163794377137366,6.971255341298399,16.550308693700245,False,False,False,False,False,observed_curve,,,,,,,,,,
all_candidates_sensitivity,P-Median,3.0,59,-1.0,J828,2,8602,1089.0,88.7627695800227,1.5534716378931015,1.3082315328176444,4.181128952609413,6.971255341298399,16.550308693700245,False,False,False,False,False,observed_curve,,,,,,,,,,
all_candidates_sensitivity,P-Median,3.0,60,-1.0,J828,2,8571,1120.0,88.4428851511712,1.5395956051875823,1.2620299719801076,4.163794377137366,6.971255341298399,16.550308693700245,False,False,False,False,False,observed_curve,,,,,,,,,,
all_candidates_sensitivity,P-Median,3.0,61,-1.0,J828,2,8571,1120.0,88.4428851511712,1.5198072957811126,1.2296556293561915,4.163794377137366,6.971255341298399,16.550308693700245,False,False,False,False,False,observed_curve,,,,,,,,,,
all_candidates_sensitivity,P-Median,3.0,62,-1.0,J828,2,8612,1079.0,88.86595810545867,1.497446794011472,1.2260624801722324,4.163794377137366,6.971255341298399,16.550308693700245,False,False,False,False,False,observed_curve,,,,,,,,,,
all_candidates_sensitivity,P-Median,3.0,63,-1.0,J828,2,8612,1079.0,88.86595810545867,1.479724447404887,1.2188643172406717,4.163794377137366,6.971255341298399,16.550308693700245,False,False,False,False,False,observed_curve,,,,,,,,,,
all_candidates_sensitivity,P-Median,3.0,64,-1.0,J828,2,8679,1012.0,89.55732122587968,1.451998080612843,1.2188643172406717,4.0691705781674985,6.971255341298399,16.550308693700245,False,False,False,False,False,observed_curve,,,,,,,,,,
all_candidates_sensitivity,P-Median,3.0,65,-1.0,J828,2,8679,1012.0,89.55732122587968,1.43621344188149,1.167455343486658,4.0691705781674985,6.971255341298399,16.550308693700245,False,False,False,False,False,observed_curve,,,,,,,,,,
all_candidates_sensitivity,P-Median,3.0,66,-1.0,J828,2,8744,947.0,90.2280466412135,1.420783946405909,1.148612426686457,4.007292813742835,6.971255341298399,16.550308693700245,False,False,False,False,False,observed_curve,,,,,,,,,,
all_candidates_sensitivity,P-Median,3.0,67,-1.0,J828,2,8811,880.0,90.91940976163453,1.403850545086244,1.1857584920861142,3.956019545616874,6.971255341298399,16.550308693700245,False,False,False,False,False,observed_curve,,,,,,,,,,
all_candidates_sensitivity,P-Median,3.0,68,-1.0,J828,2,8762,929.0,90.41378598699823,1.3883085081425997,1.0910087090020244,3.981531274125285,6.971255341298399,16.550308693700245,False,False,False,False,False,observed_curve,,,,,,,,,,
all_candidates_sensitivity,P-Median,3.0,69,-1.0,J828,2,8816,875.0,90.9710040243525,1.3722736449325463,1.0887875707210857,3.956019545616874,6.971255341298399,16.550308693700245,False,False,False,False,False,observed_curve,,,,,,,,,,
all_candidates_sensitivity,P-Median,3.0,70,-1.0,J828,2,8844,847.0,91.25993189557322,1.3620656278865466,1.0826980874308705,3.947674892477693,6.971255341298399,16.550308693700245,False,False,False,False,False,observed_curve,,,,,,,,,,
all_candidates_sensitivity,P-Median,3.0,71,-1.0,J828,2,8803,888.0,90.83685894128573,1.347177801106484,1.065644611058949,3.947674892477693,6.506971083700149,16.550308693700245,False,False,False,False,False,observed_curve,,,,,,,,,,
all_candidates_sensitivity,P-Median,3.0,72,-1.0,J828,2,8831,860.0,91.12578681250643,1.334219070792875,1.0572448639980092,3.9141746834882976,6.506971083700149,16.550308693700245,False,False,False,False,False,observed_curve,,,,,,,,,,
all_candidates_sensitivity,P-Median,3.0,73,-1.0,J828,2,8848,843.0,91.3012073057476,1.32132571412808,1.054857252557691,3.780181915399265,6.184625685950473,16.550308693700245,False,False,False,False,False,observed_curve,,,,,,,,,,
all_candidates_sensitivity,P-Median,3.0,74,-1.0,J828,2,8853,838.0,91.35280156846558,1.3095909563021642,1.0572448639980092,3.780181915399265,6.184625685950473,16.550308693700245,False,False,False,False,False,observed_curve,,,,,,,,,,
all_candidates_sensitivity,P-Median,3.0,75,-1.0,J828,2,8905,786.0,91.88938190073264,1.2959314478199873,1.0530849702224103,3.667086288129787,6.734309657188536,16.550308693700245,False,False,False,False,False,observed_curve,,,,,,,,,,
all_candidates_sensitivity,P-Median,3.0,76,-1.0,J828,2,8939,752.0,92.24022288721494,1.2834187007525693,1.0530849702224103,3.667086288129787,6.506971083700149,16.550308693700245,False,False,False,False,False,observed_curve,,,,,,,,,,
all_candidates_sensitivity,P-Median,3.0,77,-1.0,J828,2,8963,728.0,92.48787534826128,1.2662077441613055,1.044979018082904,3.667086288129787,6.506971083700149,16.550308693700245,False,False,False,False,False,observed_curve,,,,,,,,,,
all_candidates_sensitivity,P-Median,3.0,78,-1.0,J828,2,8998,693.0,92.84903518728716,1.2524826751021445,1.044979018082904,3.473444887152925,6.184625685950473,16.550308693700245,False,False,False,False,False,observed_curve,,,,,,,,,,
all_candidates_sensitivity,P-Median,3.0,79,-1.0,J828,1,9030,661.0,93.17923846868229,1.241537360034379,1.0395301593162654,3.3319154445044847,6.3130345708895135,16.550308693700245,False,False,False,False,False,observed_curve,,,,,,,,,,
all_candidates_sensitivity,P-Median,3.0,80,-1.0,J828,1,9028,663.0,93.15860076359508,1.2285464988679022,1.0395301593162654,3.3363619583093778,5.550219355185318,16.550308693700245,False,False,False,False,False,observed_curve,,,,,,,,,,
all_candidates_sensitivity,P-Median,3.0,81,-1.0,J828,1,9038,653.0,93.26178928903106,1.216839929813785,1.0395301593162654,3.3319154445044847,5.435978311284468,16.550308693700245,False,False,False,False,False,observed_curve,,,,,,,,,,
all_candidates_sensitivity,P-Median,3.0,82,-1.0,J828,1,9073,618.0,93.62294912805696,1.2053046094426147,1.0063275402138596,3.318886778562327,5.435978311284468,16.550308693700245,False,False,False,False,False,observed_curve,,,,,,,,,,
all_candidates_sensitivity,P-Median,3.0,83,-1.0,J828,1,9092,599.0,93.8190073263853,1.194241072245574,1.0062782289283516,3.309874925497016,5.285693201854514,16.550308693700245,False,False,False,False,False,observed_curve,,,,,,,,,,
all_candidates_sensitivity,P-Median,3.0,84,-1.0,J828,1,9102,589.0,93.92219585182129,1.183425485949657,0.991716043360932,3.289407518429638,5.230097964309296,16.550308693700245,False,False,False,False,False,observed_curve,,,,,,,,,,
all_candidates_sensitivity,P-Median,3.0,85,-1.0,J828,1,9121,570.0,94.11825405014962,1.1732701267326842,0.9838812712567172,3.259780766573148,5.230097964309296,16.550308693700245,False,False,False,False,False,observed_curve,,,,,,,,,,
all_candidates_sensitivity,P-Median,3.0,86,-1.0,J828,1,9135,556.0,94.26271798575998,1.1619166654941449,0.9838812712567172,3.259780766573148,5.230097964309296,16.550308693700245,False,False,False,False,False,observed_curve,,,,,,,,,,
all_candidates_sensitivity,P-Median,3.0,87,-1.0,J828,1,9158,533.0,94.50005159426271,1.1516364644285502,0.9745375070251576,3.194109999555658,5.230097964309296,16.550308693700245,False,False,False,False,False,observed_curve,,,,,,,,,,
all_candidates_sensitivity,P-Median,3.0,88,-1.0,J828,1,9158,533.0,94.50005159426271,1.1415674242966871,0.963513874437589,3.194109999555658,5.230097964309296,16.550308693700245,False,False,False,False,False,observed_curve,,,,,,,,,,
all_candidates_sensitivity,P-Median,3.0,89,-1.0,J828,1,9178,513.0,94.70642864513466,1.1301056942717187,0.963513874437589,3.055500084704429,5.203303626132989,16.550308693700245,False,False,False,False,False,observed_curve,,,,,,,,,,
all_candidates_sensitivity,P-Median,3.0,90,-1.0,J828,1,9207,484.0,95.00567536889898,1.1194343106128064,0.9622969749615646,2.9970725880140545,5.203303626132989,16.550308693700245,True,True,False,False,False,observed_curve,,,,,,,,,,
all_candidates_sensitivity,P-Median,5.0,1,-1.0,J828,21,966,8725.0,9.968011557114847,17.81364762685249,13.83446945173028,43.39674631089937,56.13726760472635,78.87587931383399,False,False,False,False,False,observed_curve,,,,,,,,,,
all_candidates_sensitivity,P-Median,5.0,2,-1.0,J828,21,1693,7998.0,17.469817356309978,12.9220693044411,10.229540605171644,35.77161555705096,54.21576821597446,73.80657643112575,False,False,False,False,False,observed_curve,,,,,,,,,,
all_candidates_sensitivity,P-Median,5.0,3,-1.0,J828,21,2575,7116.0,26.571045299762662,11.073461390802322,7.962310565840589,33.31774234794633,52.95777672282012,74.08287023321586,False,False,False,False,False,observed_curve,,,,,,,,,,
all_candidates_sensitivity,P-Median,5.0,4,-1.0,J828,20,2722,6969.0,28.087916623671447,9.66431208794862,7.783263730407075,21.693270012125694,37.439427256119735,59.67316208885642,False,False,False,False,False,observed_curve,,,,,,,,,,
all_candidates_sensitivity,P-Median,5.0,5,-1.0,J828,18,3852,5839.0,39.74821999793623,8.372286116883524,6.22150503924481,20.372461689821037,30.691336965427137,53.75830158262533,False,False,False,False,False,observed_curve,,,,,,,,,,
all_candidates_sensitivity,P-Median,5.0,6,-1.0,J828,14,4243,5448.0,43.78289134248271,7.2586543720334,5.838099922750437,17.20002522683018,30.691336965427137,53.75830158262533,False,False,False,False,False,observed_curve,,,,,,,,,,
all_candidates_sensitivity,P-Median,5.0,7,-1.0,J828,15,4630,5061.0,47.776287276854816,6.535888524368223,5.179008804457528,17.20002522683018,30.552136561477475,53.75830158262533,False,False,False,False,False,observed_curve,,,,,,,,,,
all_candidates_sensitivity,P-Median,5.0,8,-1.0,J828,15,5315,4376.0,54.84470126921886,6.131813595950555,4.518072901068037,17.20002522683018,30.552136561477475,53.75830158262533,False,False,False,False,False,observed_curve,,,,,,,,,,
all_candidates_sensitivity,P-Median,5.0,9,-1.0,J828,15,5465,4226.0,56.39252915075844,5.683901715677373,4.438167170432034,15.623129793098103,26.76476761827881,53.286118949552005,False,False,False,False,False,observed_curve,,,,,,,,,,
all_candidates_sensitivity,P-Median,5.0,10,-1.0,J828,15,5710,3981.0,58.92064802393974,5.466777487503784,4.001296590835512,15.623129793098103,26.76476761827881,53.286118949552005,False,False,False,False,False,observed_curve,,,,,,,,,,
all_candidates_sensitivity,P-Median,5.0,11,-1.0,J828,14,6139,3552.0,63.34743576514292,5.170257594730662,3.584360991403077,15.825858976521394,26.76476761827881,53.286118949552005,False,False,False,False,False,observed_curve,,,,,,,,,,
all_candidates_sensitivity,P-Median,5.0,12,-1.0,J828,14,6529,3162.0,67.37178825714581,4.918343119964005,3.2603799525528627,15.481583913109551,26.76476761827881,53.286118949552005,False,False,False,False,False,observed_curve,,,,,,,,,,
all_candidates_sensitivity,P-Median,5.0,13,-1.0,J828,14,6778,2913.0,69.9411825405015,4.747410501014324,3.111971914443653,15.481583913109551,25.281952321854824,53.286118949552005,False,False,False,False,False,observed_curve,,,,,,,,,,
all_candidates_sensitivity,P-Median,5.0,14,-1.0,J828,11,6876,2815.0,70.95243008977401,4.507334321806545,3.1663670549236813,14.102540358748511,21.09387740897042,53.286118949552005,False,False,False,False,False,observed_curve,,,,,,,,,,
all_candidates_sensitivity,P-Median,5.0,15,-1.0,J828,10,6765,2926.0,69.80703745743473,4.348445928588233,3.1044961985831687,11.565327463477724,19.739303200257545,52.648185687502696,False,False,False,False,False,observed_curve,,,,,,,,,,
all_candidates_sensitivity,P-Median,5.0,16,-1.0,J828,11,7006,2685.0,72.29388092044165,4.215479132374958,2.801269084793778,13.782227761023227,21.09387740897042,53.286118949552005,False,False,False,False,False,observed_curve,,,,,,,,,,
all_candidates_sensitivity,P-Median,5.0,17,-1.0,J828,10,7089,2602.0,73.15034568156021,4.01236929924121,2.694404205211542,12.577210941194782,19.426588506507034,50.949528043679216,False,False,False,False,False,observed_curve,,,,,,,,,,
all_candidates_sensitivity,P-Median,5.0,18,-1.0,J828,9,7181,2510.0,74.09968011557115,3.8342638863346297,2.6862571114899017,10.080721476410522,19.426588506507034,50.949528043679216,False,False,False,False,False,observed_curve,,,,,,,,,,
all_candidates_sensitivity,P-Median,5.0,19,-1.0,J828,8,7249,2442.0,74.80136208853575,3.684275051410781,2.6862571114899017,9.516491892333404,17.765507929770003,34.82624701169968,False,False,False,False,False,observed_curve,,,,,,,,,,
all_candidates_sensitivity,P-Median,5.0,20,-1.0,J828,8,7447,2244.0,76.84449489216799,3.5171923126957108,2.6480815335973715,8.991613419588376,17.765507929770003,34.82624701169968,False,False,False,False,False,observed_curve,,,,,,,,,,
all_candidates_sensitivity,P-Median,5.0,21,-1.0,J828,8,7709,1982.0,79.54803425859045,3.3898280969173107,2.537193018001021,8.991613419588376,17.765507929770003,34.82624701169968,False,False,False,False,False,observed_curve,,,,,,,,,,
all_candidates_sensitivity,P-Median,5.0,22,-1.0,J828,7,7995,1696.0,82.49922608605922,3.2654171275868125,2.4628686365146235,8.957268712307247,17.765507929770003,34.82624701169968,False,False,False,False,False,observed_curve,,,,,,,,,,
all_candidates_sensitivity,P-Median,5.0,23,-1.0,J828,7,8090,1601.0,83.47951707770096,3.168524686058633,2.248583976289717,8.945365770231788,17.765507929770003,34.82624701169968,False,False,False,False,False,observed_curve,,,,,,,,,,
all_candidates_sensitivity,P-Median,5.0,24,-1.0,J828,7,8133,1558.0,83.92322773707563,3.0757274388558766,2.171626192912619,8.492656014975237,15.13360417916932,34.82624701169968,False,False,False,False,False,observed_curve,,,,,,,,,,
all_candidates_sensitivity,P-Median,5.0,25,-1.0,J828,7,8260,1431.0,85.23372201011247,2.9760761082760125,2.131065504334127,7.919187881290632,15.95649490759206,28.693823772221982,False,False,False,False,False,observed_curve,,,,,,,,,,
all_candidates_sensitivity,P-Median,5.0,26,-1.0,J828,7,8395,1296.0,86.6267671034981,2.887866250324371,2.0762790407280862,7.919187881290632,15.95649490759206,28.693823772221982,False,False,False,False,False,observed_curve,,,,,,,,,,
all_candidates_sensitivity,P-Median,5.0,27,-1.0,J828,7,8509,1182.0,87.80311629346816,2.7940583921923987,2.011116505552299,7.305521124093995,16.473094766606238,28.693823772221982,False,False,False,False,False,observed_curve,,,,,,,,,,
all_candidates_sensitivity,P-Median,5.0,28,-1.0,J828,7,8559,1132.0,88.31905892064802,2.7253242485320777,1.981319165269604,7.305521124093995,16.473094766606238,28.693823772221982,False,False,False,False,False,observed_curve,,,,,,,,,,
all_candidates_sensitivity,P-Median,5.0,29,-1.0,J828,7,8588,1103.0,88.61830564441235,2.6553458850225704,1.884876752655092,7.305521124093995,16.473094766606238,28.693823772221982,False,False,False,False,False,observed_curve,,,,,,,,,,
all_candidates_sensitivity,P-Median,5.0,30,-1.0,J828,7,8740,951.0,90.1867712310391,2.583836417778791,1.8708105123449204,6.836709654322013,16.473094766606238,28.693823772221982,False,False,False,False,False,observed_curve,,,,,,,,,,
all_candidates_sensitivity,P-Median,5.0,31,-1.0,J828,6,8819,872.0,91.00196058198328,2.502742607546855,1.884876752655092,6.184625685950473,14.042661373451416,28.693823772221982,False,False,False,False,False,observed_curve,,,,,,,,,,
all_candidates_sensitivity,P-Median,5.0,32,-1.0,J828,6,8862,829.0,91.44567124135796,2.4385104348683915,1.8735075577961096,5.95830098284622,13.297750185008958,26.950553178813895,False,False,False,False,False,observed_curve,,,,,,,,,,
all_candidates_sensitivity,P-Median,5.0,33,-1.0,J828,5,8900,791.0,91.83778763801465,2.3782472838302104,1.8393526129102369,5.796883749887278,10.360342865340115,26.950553178813895,False,False,False,False,False,observed_curve,,,,,,,,,,
all_candidates_sensitivity,P-Median,5.0,34,-1.0,J828,5,8908,783.0,91.92033845836345,2.3274051241136404,1.7689155779523775,5.796883749887278,10.360342865340115,26.950553178813895,False,False,False,False,False,observed_curve,,,,,,,,,,
all_candidates_sensitivity,P-Median,5.0,35,-1.0,J828,5,8910,781.0,91.94097616345064,2.2785965420411425,1.733019596917608,5.796883749887278,10.360342865340115,26.950553178813895,False,False,False,False,False,observed_curve,,,,,,,,,,
all_candidates_sensitivity,P-Median,5.0,36,-1.0,J828,4,8929,762.0,92.13703436177896,2.2257577730392373,1.733019596917608,5.699697261804399,9.704430895603124,18.21820860109545,False,False,False,False,False,observed_curve,,,,,,,,,,
all_candidates_sensitivity,P-Median,5.0,37,-1.0,J828,5,8957,734.0,92.4259622329997,2.186749466020485,1.676269415355319,5.850807033288559,10.440580290107656,18.21820860109545,False,False,False,False,False,observed_curve,,,,,,,,,,
all_candidates_sensitivity,P-Median,5.0,38,-1.0,J828,4,9000,691.0,92.86967289237435,2.127960812882204,1.6239575771244976,5.651653868265488,9.704430895603124,18.21820860109545,False,False,False,False,False,observed_curve,,,,,,,,,,
all_candidates_sensitivity,P-Median,5.0,39,-1.0,J828,4,9007,684.0,92.94190486017956,2.091975761832503,1.595701062378524,5.679309900081601,9.636197141743487,18.21820860109545,False,False,False,False,False,observed_curve,,,,,,,,,,
all_candidates_sensitivity,P-Median,5.0,40,-1.0,J828,4,9114,577.0,94.04602208234444,2.053508290769323,1.5674142754385294,5.376587984314463,9.704430895603124,18.21820860109545,False,False,False,False,False,observed_curve,,,,,,,,,,
all_candidates_sensitivity,P-Median,5.0,41,-1.0,J828,3,9121,570.0,94.11825405014962,2.017102582271884,1.5674142754385294,5.348101602884896,9.636197141743487,18.21820860109545,False,False,False,False,False,observed_curve,,,,,,,,,,
all_candidates_sensitivity,P-Median,5.0,42,-1.0,J828,3,9155,536.0,94.46909503663193,1.980670410828531,1.6133095647631162,5.26907419313964,8.699543779176793,17.47616869808689,False,False,False,False,False,observed_curve,,,,,,,,,,
all_candidates_sensitivity,P-Median,5.0,43,-1.0,J828,3,9155,536.0,94.46909503663193,1.9495837742370936,1.5239514674315386,5.26907419313964,8.699543779176793,17.47616869808689,False,False,False,False,False,observed_curve,,,,,,,,,,
all_candidates_sensitivity,P-Median,5.0,44,-1.0,J828,3,9167,524.0,94.59292126715508,1.9165627767941251,1.5049250044778022,5.26907419313964,8.699543779176793,17.47616869808689,False,False,False,False,False,observed_curve,,,,,,,,,,
all_candidates_sensitivity,P-Median,5.0,45,-1.0,J828,3,9185,506.0,94.77866061293985,1.8842633517981089,1.503153284114911,5.142346794837165,8.396090426376913,17.47616869808689,False,False,False,False,False,observed_curve,,,,,,,,,,
all_candidates_sensitivity,P-Median,5.0,46,-1.0,J828,2,9202,489.0,94.954081106181,1.8567313571809472,1.5006111461378586,5.03596507972479,7.752139093050434,16.550308693700245,False,False,False,False,False,observed_curve,,,,,,,,,,
all_candidates_sensitivity,P-Median,5.0,47,-1.0,J828,2,9203,488.0,94.96439995872458,1.829660978459016,1.4344254348379668,5.008314154719811,7.752139093050434,16.550308693700245,False,False,False,False,False,observed_curve,,,,,,,,,,
all_candidates_sensitivity,P-Median,5.0,48,-1.0,J828,2,9259,432.0,95.54225570116604,1.8022056520705885,1.4344254348379668,4.927320342024503,7.697430776434928,16.550308693700245,True,True,True,True,True,observed_curve,,,,,,,,,,
all_candidates_sensitivity,P-Median,5.0,49,-1.0,J828,2,9278,413.0,95.73831389949436,1.776182655332768,1.434424162537192,4.803755172153724,7.697430776434928,16.550308693700245,True,True,False,False,False,observed_curve,,,,,,,,,,
all_candidates_sensitivity,P-Median,5.0,50,-1.0,J828,2,9307,384.0,96.0375606232587,1.749961250758575,1.4341400356132157,4.555438299605537,7.50627018056066,16.550308693700245,True,True,True,False,False,observed_curve,,,,,,,,,,
all_candidates_sensitivity,P-Median,5.0,51,-1.0,J828,2,9340,351.0,96.3780827571974,1.7239331987085602,1.4310716415606315,4.459041805367946,7.369783607662824,16.550308693700245,True,True,True,False,False,observed_curve,,,,,,,,,,
all_candidates_sensitivity,P-Median,5.0,52,-1.0,J828,2,9346,345.0,96.43999587245898,1.6921808119917872,1.4187850613533846,4.459041805367946,7.362853701753533,16.550308693700245,True,True,True,False,False,observed_curve,,,,,,,,,,
all_candidates_sensitivity,P-Median,5.0,53,-1.0,J828,2,9372,319.0,96.7082860385925,1.6680384716046386,1.4179573256310734,4.282083663730321,7.362853701753533,16.550308693700245,True,True,False,False,False,observed_curve,,,,,,,,,,
all_candidates_sensitivity,P-Median,5.0,54,-1.0,J828,1,9364,327.0,96.62573521824372,1.652225062898207,1.434424162537192,4.1834648699722425,7.198713556110408,16.550308693700245,True,True,True,False,True,observed_curve,,,,,,,,,,
all_candidates_sensitivity,P-Median,5.0,55,-1.0,J828,1,9387,304.0,96.86306882674648,1.6339555547012978,1.4182269708115174,4.163794377137366,6.971255341298399,16.550308693700245,True,True,True,False,False,observed_curve,,,,,,,,,,
all_candidates_sensitivity,P-Median,5.0,56,-1.0,J828,1,9359,332.0,96.57414095552576,1.6069021348637615,1.39423247458682,4.341612704026399,7.198713556110408,16.550308693700245,True,True,False,False,False,observed_curve,,,,,,,,,,
all_candidates_sensitivity,P-Median,5.0,57,-1.0,J828,1,9388,303.0,96.87338767929006,1.5842244922085136,1.39423247458682,4.163794377137366,6.971255341298399,16.550308693700245,True,True,False,False,False,observed_curve,,,,,,,,,,
all_candidates_sensitivity,P-Median,5.0,58,-1.0,J828,1,9388,303.0,96.87338767929006,1.5686090158477848,1.3722652299616889,4.163794377137366,6.971255341298399,16.550308693700245,True,True,False,False,False,observed_curve,,,,,,,,,,
all_candidates_sensitivity,P-Median,5.0,59,-1.0,J828,1,9388,303.0,96.87338767929006,1.5534716378931015,1.3082315328176444,4.181128952609413,6.971255341298399,16.550308693700245,True,True,False,False,False,observed_curve,,,,,,,,,,
all_candidates_sensitivity,P-Median,5.0,60,-1.0,J828,1,9388,303.0,96.87338767929006,1.5395956051875823,1.2620299719801076,4.163794377137366,6.971255341298399,16.550308693700245,True,True,False,False,False,observed_curve,,,,,,,,,,
all_candidates_sensitivity,P-Median,5.0,61,-1.0,J828,1,9388,303.0,96.87338767929006,1.5198072957811126,1.2296556293561915,4.163794377137366,6.971255341298399,16.550308693700245,True,True,False,False,False,observed_curve,,,,,,,,,,
all_candidates_sensitivity,P-Median,5.0,62,-1.0,J828,1,9388,303.0,96.87338767929006,1.497446794011472,1.2260624801722324,4.163794377137366,6.971255341298399,16.550308693700245,True,True,False,False,False,observed_curve,,,,,,,,,,
all_candidates_sensitivity,P-Median,5.0,63,-1.0,J828,1,9388,303.0,96.87338767929006,1.479724447404887,1.2188643172406717,4.163794377137366,6.971255341298399,16.550308693700245,True,True,False,False,False,observed_curve,,,,,,,,,,
all_candidates_sensitivity,P-Median,5.0,64,-1.0,J828,1,9416,275.0,97.16231555051078,1.451998080612843,1.2188643172406717,4.0691705781674985,6.971255341298399,16.550308693700245,True,True,False,False,False,observed_curve,,,,,,,,,,
all_candidates_sensitivity,P-Median,5.0,65,-1.0,J828,1,9416,275.0,97.16231555051078,1.43621344188149,1.167455343486658,4.0691705781674985,6.971255341298399,16.550308693700245,True,True,False,False,False,observed_curve,,,,,,,,,,
all_candidates_sensitivity,P-Median,5.0,66,-1.0,J828,1,9431,260.0,97.31709833866474,1.420783946405909,1.148612426686457,4.007292813742835,6.971255341298399,16.550308693700245,True,True,False,False,False,observed_curve,,,,,,,,,,
all_candidates_sensitivity,P-Median,5.0,67,-1.0,J828,1,9450,241.0,97.51315653699308,1.403850545086244,1.1857584920861142,3.956019545616874,6.971255341298399,16.550308693700245,True,True,False,False,False,observed_curve,,,,,,,,,,
all_candidates_sensitivity,P-Median,5.0,68,-1.0,J828,1,9428,263.0,97.28614178103396,1.3883085081425997,1.0910087090020244,3.981531274125285,6.971255341298399,16.550308693700245,True,True,False,False,False,observed_curve,,,,,,,,,,
all_candidates_sensitivity,P-Median,5.0,69,-1.0,J828,1,9452,239.0,97.53379424208028,1.3722736449325463,1.0887875707210857,3.956019545616874,6.971255341298399,16.550308693700245,True,True,False,False,False,observed_curve,,,,,,,,,,
all_candidates_sensitivity,P-Median,5.0,70,-1.0,J828,1,9450,241.0,97.51315653699308,1.3620656278865466,1.0826980874308705,3.947674892477693,6.971255341298399,16.550308693700245,True,True,False,False,False,observed_curve,,,,,,,,,,
all_candidates_sensitivity,P-Median,5.0,71,-1.0,J828,1,9478,213.0,97.8020844082138,1.347177801106484,1.065644611058949,3.947674892477693,6.506971083700149,16.550308693700245,True,True,True,False,False,observed_curve,,,,,,,,,,
all_candidates_sensitivity,P-Median,5.0,72,-1.0,J828,1,9486,205.0,97.8846352285626,1.334219070792875,1.0572448639980092,3.9141746834882976,6.506971083700149,16.550308693700245,True,True,False,False,False,observed_curve,,,,,,,,,,
all_candidates_sensitivity,P-Median,5.0,73,-1.0,J828,1,9503,188.0,98.06005572180374,1.32132571412808,1.054857252557691,3.780181915399265,6.184625685950473,16.550308693700245,True,True,True,False,False,observed_curve,,,,,,,,,,
all_candidates_sensitivity,P-Median,5.0,74,-1.0,J828,1,9503,188.0,98.06005572180374,1.3095909563021642,1.0572448639980092,3.780181915399265,6.184625685950473,16.550308693700245,True,True,False,False,False,observed_curve,,,,,,,,,,
all_candidates_sensitivity,P-Median,5.0,75,-1.0,J828,1,9489,202.0,97.91559178619336,1.2959314478199873,1.0530849702224103,3.667086288129787,6.734309657188536,16.550308693700245,True,True,False,False,False,observed_curve,,,,,,,,,,
all_candidates_sensitivity,P-Median,5.0,76,-1.0,J828,1,9486,205.0,97.8846352285626,1.2834187007525693,1.0530849702224103,3.667086288129787,6.506971083700149,16.550308693700245,True,True,False,False,False,observed_curve,,,,,,,,,,
all_candidates_sensitivity,P-Median,5.0,77,-1.0,J828,1,9477,214.0,97.7917655556702,1.2662077441613055,1.044979018082904,3.667086288129787,6.506971083700149,16.550308693700245,True,True,False,False,False,observed_curve,,,,,,,,,,
all_candidates_sensitivity,P-Median,5.0,78,-1.0,J828,1,9494,197.0,97.96718604891136,1.2524826751021445,1.044979018082904,3.473444887152925,6.184625685950473,16.550308693700245,True,True,False,False,False,observed_curve,,,,,,,,,,
all_candidates_sensitivity,P-Median,5.0,79,-1.0,J828,1,9507,184.0,98.10133113197811,1.241537360034379,1.0395301593162654,3.3319154445044847,6.3130345708895135,16.550308693700245,True,True,False,False,False,observed_curve,,,,,,,,,,
all_candidates_sensitivity,P-Median,5.0,80,-1.0,J828,1,9521,170.0,98.24579506758847,1.2285464988679022,1.0395301593162654,3.3363619583093778,5.550219355185318,16.550308693700245,True,True,True,False,False,observed_curve,,,,,,,,,,
all_candidates_sensitivity,P-Median,5.0,81,-1.0,J828,1,9531,160.0,98.34898359302446,1.216839929813785,1.0395301593162654,3.3319154445044847,5.435978311284468,16.550308693700245,True,True,True,False,False,observed_curve,,,,,,,,,,
all_candidates_sensitivity,P-Median,5.0,82,-1.0,J828,1,9531,160.0,98.34898359302446,1.2053046094426147,1.0063275402138596,3.318886778562327,5.435978311284468,16.550308693700245,True,True,False,False,False,observed_curve,,,,,,,,,,
all_candidates_sensitivity,P-Median,5.0,83,-1.0,J828,1,9549,142.0,98.5347229388092,1.194241072245574,1.0062782289283516,3.309874925497016,5.285693201854514,16.550308693700245,True,True,True,False,False,observed_curve,,,,,,,,,,
all_candidates_sensitivity,P-Median,5.0,84,-1.0,J828,1,9559,132.0,98.63791146424518,1.183425485949657,0.991716043360932,3.289407518429638,5.230097964309296,16.550308693700245,True,True,True,False,False,observed_curve,,,,,,,,,,
all_candidates_sensitivity,P-Median,5.0,85,-1.0,J828,1,9559,132.0,98.63791146424518,1.1732701267326842,0.9838812712567172,3.259780766573148,5.230097964309296,16.550308693700245,True,True,False,False,False,observed_curve,,,,,,,,,,
all_candidates_sensitivity,P-Median,5.0,86,-1.0,J828,1,9559,132.0,98.63791146424518,1.1619166654941449,0.9838812712567172,3.259780766573148,5.230097964309296,16.550308693700245,True,True,False,False,False,observed_curve,,,,,,,,,,
all_candidates_sensitivity,P-Median,5.0,87,-1.0,J828,1,9559,132.0,98.63791146424518,1.1516364644285502,0.9745375070251576,3.194109999555658,5.230097964309296,16.550308693700245,True,True,False,False,False,observed_curve,,,,,,,,,,
all_candidates_sensitivity,P-Median,5.0,88,-1.0,J828,1,9559,132.0,98.63791146424518,1.1415674242966871,0.963513874437589,3.194109999555658,5.230097964309296,16.550308693700245,True,True,False,False,False,observed_curve,,,,,,,,,,
all_candidates_sensitivity,P-Median,5.0,89,-1.0,J828,1,9570,121.0,98.75141884222477,1.1301056942717187,0.963513874437589,3.055500084704429,5.203303626132989,16.550308693700245,True,True,True,False,False,observed_curve,,,,,,,,,,
all_candidates_sensitivity,P-Median,5.0,90,-1.0,J828,1,9570,121.0,98.75141884222477,1.1194343106128064,0.9622969749615646,2.9970725880140545,5.203303626132989,16.550308693700245,True,True,False,False,False,observed_curve,,,,,,,,,,
all_candidates_sensitivity,P-Median,10.0,1,-1.0,J828,21,2941,6750.0,30.347745330719224,17.81364762685249,13.83446945173028,43.39674631089937,56.13726760472635,78.87587931383399,False,False,False,False,False,observed_curve,,,,,,,,,,
all_candidates_sensitivity,P-Median,10.0,2,-1.0,J828,17,4658,5033.0,48.06521514807553,12.9220693044411,10.229540605171644,35.77161555705096,54.21576821597446,73.80657643112575,False,False,False,False,False,observed_curve,,,,,,,,,,
all_candidates_sensitivity,P-Median,10.0,3,-1.0,J828,16,5913,3778.0,61.01537509028996,11.073461390802322,7.962310565840589,33.31774234794633,52.95777672282012,74.08287023321586,False,False,False,False,False,observed_curve,,,,,,,,,,
all_candidates_sensitivity,P-Median,10.0,4,-1.0,J828,15,6105,3586.0,62.996594778660615,9.66431208794862,7.783263730407075,21.693270012125694,37.439427256119735,59.67316208885642,False,False,False,False,False,observed_curve,,,,,,,,,,
all_candidates_sensitivity,P-Median,10.0,5,-1.0,J828,14,6666,3025.0,68.78547105561861,8.372286116883524,6.22150503924481,20.372461689821037,30.691336965427137,53.75830158262533,False,False,False,False,False,observed_curve,,,,,,,,,,
all_candidates_sensitivity,P-Median,10.0,6,-1.0,J828,12,7542,2149.0,77.82478588380972,7.2586543720334,5.838099922750437,17.20002522683018,30.691336965427137,53.75830158262533,False,False,False,False,False,observed_curve,,,,,,,,,,
all_candidates_sensitivity,P-Median,10.0,7,-1.0,J828,10,8181,1510.0,84.4185326591683,6.535888524368223,5.179008804457528,17.20002522683018,30.552136561477475,53.75830158262533,False,False,False,False,False,observed_curve,,,,,,,,,,
all_candidates_sensitivity,P-Median,10.0,8,-1.0,J828,10,8191,1500.0,84.52172118460427,6.131813595950555,4.518072901068037,17.20002522683018,30.552136561477475,53.75830158262533,False,False,False,False,False,observed_curve,,,,,,,,,,
all_candidates_sensitivity,P-Median,10.0,9,-1.0,J828,9,8359,1332.0,86.25528841192859,5.683901715677373,4.438167170432034,15.623129793098103,26.76476761827881,53.286118949552005,False,False,False,False,False,observed_curve,,,,,,,,,,
all_candidates_sensitivity,P-Median,10.0,10,-1.0,J828,9,8359,1332.0,86.25528841192859,5.466777487503784,4.001296590835512,15.623129793098103,26.76476761827881,53.286118949552005,False,False,False,False,False,observed_curve,,,,,,,,,,
all_candidates_sensitivity,P-Median,10.0,11,-1.0,J828,9,8436,1255.0,87.04984005778557,5.170257594730662,3.584360991403077,15.825858976521394,26.76476761827881,53.286118949552005,False,False,False,False,False,observed_curve,,,,,,,,,,
all_candidates_sensitivity,P-Median,10.0,12,-1.0,J828,9,8608,1083.0,88.82468269528428,4.918343119964005,3.2603799525528627,15.481583913109551,26.76476761827881,53.286118949552005,False,False,False,False,False,observed_curve,,,,,,,,,,
all_candidates_sensitivity,P-Median,10.0,13,-1.0,J828,9,8740,951.0,90.1867712310391,4.747410501014324,3.111971914443653,15.481583913109551,25.281952321854824,53.286118949552005,False,False,False,False,False,observed_curve,,,,,,,,,,
all_candidates_sensitivity,P-Median,10.0,14,-1.0,J828,8,8867,824.0,91.49726550407594,4.507334321806545,3.1663670549236813,14.102540358748511,21.09387740897042,53.286118949552005,False,False,False,False,False,observed_curve,,,,,,,,,,
all_candidates_sensitivity,P-Median,10.0,15,-1.0,J828,8,8961,730.0,92.46723764317407,4.348445928588233,3.1044961985831687,11.565327463477724,19.739303200257545,52.648185687502696,False,False,False,False,False,observed_curve,,,,,,,,,,
all_candidates_sensitivity,P-Median,10.0,16,-1.0,J828,8,8903,788.0,91.86874419564543,4.215479132374958,2.801269084793778,13.782227761023227,21.09387740897042,53.286118949552005,False,False,False,False,False,observed_curve,,,,,,,,,,
all_candidates_sensitivity,P-Median,10.0,17,-1.0,J828,8,9003,688.0,92.90062945000516,4.01236929924121,2.694404205211542,12.577210941194782,19.426588506507034,50.949528043679216,False,False,False,False,False,observed_curve,,,,,,,,,,
all_candidates_sensitivity,P-Median,10.0,18,-1.0,J828,8,9190,501.0,94.83025487565784,3.8342638863346297,2.6862571114899017,10.080721476410522,19.426588506507034,50.949528043679216,False,False,False,False,False,observed_curve,,,,,,,,,,
all_candidates_sensitivity,P-Median,10.0,19,-1.0,J828,7,9270,421.0,95.6557630791456,3.684275051410781,2.6862571114899017,9.516491892333404,17.765507929770003,34.82624701169968,True,True,True,True,True,observed_curve,,,,,,,,,,
all_candidates_sensitivity,P-Median,10.0,20,-1.0,J828,6,9344,347.0,96.41935816737178,3.5171923126957108,2.6480815335973715,8.991613419588376,17.765507929770003,34.82624701169968,True,True,False,False,True,observed_curve,,,,,,,,,,
all_candidates_sensitivity,P-Median,10.0,21,-1.0,J828,6,9344,347.0,96.41935816737178,3.3898280969173107,2.537193018001021,8.991613419588376,17.765507929770003,34.82624701169968,True,True,False,False,False,observed_curve,,,,,,,,,,
all_candidates_sensitivity,P-Median,10.0,22,-1.0,J828,6,9352,339.0,96.50190898772055,3.2654171275868125,2.4628686365146235,8.957268712307247,17.765507929770003,34.82624701169968,True,True,False,False,False,observed_curve,,,,,,,,,,
all_candidates_sensitivity,P-Median,10.0,23,-1.0,J828,6,9360,331.0,96.58445980806934,3.168524686058633,2.248583976289717,8.945365770231788,17.765507929770003,34.82624701169968,True,True,False,False,False,observed_curve,,,,,,,,,,
all_candidates_sensitivity,P-Median,10.0,24,-1.0,J828,5,9398,293.0,96.97657620472604,3.0757274388558766,2.171626192912619,8.492656014975237,15.13360417916932,34.82624701169968,True,True,True,False,True,observed_curve,,,,,,,,,,
all_candidates_sensitivity,P-Median,10.0,25,-1.0,J828,5,9379,312.0,96.78051800639768,2.9760761082760125,2.131065504334127,7.919187881290632,15.95649490759206,28.693823772221982,True,True,False,True,False,observed_curve,,,,,,,,,,
all_candidates_sensitivity,P-Median,10.0,26,-1.0,J828,5,9379,312.0,96.78051800639768,2.887866250324371,2.0762790407280862,7.919187881290632,15.95649490759206,28.693823772221982,True,True,False,False,False,observed_curve,,,,,,,,,,
all_candidates_sensitivity,P-Median,10.0,27,-1.0,J828,5,9402,289.0,97.01785161490042,2.7940583921923987,2.011116505552299,7.305521124093995,16.473094766606238,28.693823772221982,True,True,False,False,False,observed_curve,,,,,,,,,,
all_candidates_sensitivity,P-Median,10.0,28,-1.0,J828,5,9402,289.0,97.01785161490042,2.7253242485320777,1.981319165269604,7.305521124093995,16.473094766606238,28.693823772221982,True,True,False,False,False,observed_curve,,,,,,,,,,
all_candidates_sensitivity,P-Median,10.0,29,-1.0,J828,5,9402,289.0,97.01785161490042,2.6553458850225704,1.884876752655092,7.305521124093995,16.473094766606238,28.693823772221982,True,True,False,False,False,observed_curve,,,,,,,,,,
all_candidates_sensitivity,P-Median,10.0,30,-1.0,J828,5,9442,249.0,97.43060571664432,2.583836417778791,1.8708105123449204,6.836709654322013,16.473094766606238,28.693823772221982,True,True,False,False,False,observed_curve,,,,,,,,,,
all_candidates_sensitivity,P-Median,10.0,31,-1.0,J828,4,9505,186.0,98.08069342689092,2.502742607546855,1.884876752655092,6.184625685950473,14.042661373451416,28.693823772221982,True,True,True,False,True,observed_curve,,,,,,,,,,
all_candidates_sensitivity,P-Median,10.0,32,-1.0,J828,4,9543,148.0,98.47280982354762,2.4385104348683915,1.8735075577961096,5.95830098284622,13.297750185008958,26.950553178813895,True,True,True,True,False,observed_curve,,,,,,,,,,
all_candidates_sensitivity,P-Median,10.0,33,-1.0,J828,3,9589,102.0,98.9474770405531,2.3782472838302104,1.8393526129102369,5.796883749887278,10.360342865340115,26.950553178813895,True,True,True,False,True,observed_curve,,,,,,,,,,
all_candidates_sensitivity,P-Median,10.0,34,-1.0,J828,3,9589,102.0,98.9474770405531,2.3274051241136404,1.7689155779523775,5.796883749887278,10.360342865340115,26.950553178813895,True,True,False,False,False,observed_curve,,,,,,,,,,
all_candidates_sensitivity,P-Median,10.0,35,-1.0,J828,3,9589,102.0,98.9474770405531,2.2785965420411425,1.733019596917608,5.796883749887278,10.360342865340115,26.950553178813895,True,True,False,False,False,observed_curve,,,,,,,,,,
all_candidates_sensitivity,P-Median,10.0,36,-1.0,J828,2,9608,83.0,99.14353523888144,2.2257577730392373,1.733019596917608,5.699697261804399,9.704430895603124,18.21820860109545,True,True,True,True,True,observed_curve,,,,,,,,,,
all_candidates_sensitivity,P-Median,10.0,37,-1.0,J828,2,9584,107.0,98.8958827778351,2.186749466020485,1.676269415355319,5.850807033288559,10.440580290107656,18.21820860109545,True,True,False,False,False,observed_curve,,,,,,,,,,
all_candidates_sensitivity,P-Median,10.0,38,-1.0,J828,2,9608,83.0,99.14353523888144,2.127960812882204,1.6239575771244976,5.651653868265488,9.704430895603124,18.21820860109545,True,True,False,False,False,observed_curve,,,,,,,,,,
all_candidates_sensitivity,P-Median,10.0,39,-1.0,J828,1,9611,80.0,99.17449179651224,2.091975761832503,1.595701062378524,5.679309900081601,9.636197141743487,18.21820860109545,True,True,True,False,True,observed_curve,,,,,,,,,,
all_candidates_sensitivity,P-Median,10.0,40,-1.0,J828,2,9608,83.0,99.14353523888144,2.053508290769323,1.5674142754385294,5.376587984314463,9.704430895603124,18.21820860109545,True,True,False,False,False,observed_curve,,,,,,,,,,
all_candidates_sensitivity,P-Median,10.0,41,-1.0,J828,2,9612,79.0,99.18481064905582,2.017102582271884,1.5674142754385294,5.348101602884896,9.636197141743487,18.21820860109545,True,True,False,False,False,observed_curve,,,,,,,,,,
all_candidates_sensitivity,P-Median,10.0,42,-1.0,J828,2,9623,68.0,99.2983180270354,1.980670410828531,1.6133095647631162,5.26907419313964,8.699543779176793,17.47616869808689,True,True,True,True,False,observed_curve,,,,,,,,,,
all_candidates_sensitivity,P-Median,10.0,43,-1.0,J828,2,9623,68.0,99.2983180270354,1.9495837742370936,1.5239514674315386,5.26907419313964,8.699543779176793,17.47616869808689,True,True,False,False,False,observed_curve,,,,,,,,,,
all_candidates_sensitivity,P-Median,10.0,44,-1.0,J828,2,9623,68.0,99.2983180270354,1.9165627767941251,1.5049250044778022,5.26907419313964,8.699543779176793,17.47616869808689,True,True,False,False,False,observed_curve,,,,,,,,,,
all_candidates_sensitivity,P-Median,10.0,45,-1.0,J828,1,9656,35.0,99.6388401609741,1.8842633517981089,1.503153284114911,5.142346794837165,8.396090426376913,17.47616869808689,True,True,True,False,False,observed_curve,,,,,,,,,,
all_candidates_sensitivity,P-Median,10.0,46,-1.0,J828,1,9677,14.0,99.85553606438964,1.8567313571809472,1.5006111461378586,5.03596507972479,7.752139093050434,16.550308693700245,True,True,True,True,False,observed_curve,,,,,,,,,,
all_candidates_sensitivity,P-Median,10.0,47,-1.0,J828,1,9677,14.0,99.85553606438964,1.829660978459016,1.4344254348379668,5.008314154719811,7.752139093050434,16.550308693700245,True,True,False,False,False,observed_curve,,,,,,,,,,
all_candidates_sensitivity,P-Median,10.0,48,-1.0,J828,1,9677,14.0,99.85553606438964,1.8022056520705885,1.4344254348379668,4.927320342024503,7.697430776434928,16.550308693700245,True,True,True,False,False,observed_curve,,,,,,,,,,
all_candidates_sensitivity,P-Median,10.0,49,-1.0,J828,1,9677,14.0,99.85553606438964,1.776182655332768,1.434424162537192,4.803755172153724,7.697430776434928,16.550308693700245,True,True,False,False,False,observed_curve,,,,,,,,,,
all_candidates_sensitivity,P-Median,10.0,50,-1.0,J828,1,9677,14.0,99.85553606438964,1.749961250758575,1.4341400356132157,4.555438299605537,7.50627018056066,16.550308693700245,True,True,True,False,False,observed_curve,,,,,,,,,,
all_candidates_sensitivity,P-Median,10.0,51,-1.0,J828,1,9677,14.0,99.85553606438964,1.7239331987085602,1.4310716415606315,4.459041805367946,7.369783607662824,16.550308693700245,True,True,True,False,False,observed_curve,,,,,,,,,,
all_candidates_sensitivity,P-Median,10.0,52,-1.0,J828,1,9677,14.0,99.85553606438964,1.6921808119917872,1.4187850613533846,4.459041805367946,7.362853701753533,16.550308693700245,True,True,True,False,False,observed_curve,,,,,,,,,,
all_candidates_sensitivity,P-Median,10.0,53,-1.0,J828,1,9677,14.0,99.85553606438964,1.6680384716046386,1.4179573256310734,4.282083663730321,7.362853701753533,16.550308693700245,True,True,False,False,False,observed_curve,,,,,,,,,,
all_candidates_sensitivity,P-Median,10.0,54,-1.0,J828,1,9677,14.0,99.85553606438964,1.652225062898207,1.434424162537192,4.1834648699722425,7.198713556110408,16.550308693700245,True,True,True,False,False,observed_curve,,,,,,,,,,
all_candidates_sensitivity,P-Median,10.0,55,-1.0,J828,1,9677,14.0,99.85553606438964,1.6339555547012978,1.4182269708115174,4.163794377137366,6.971255341298399,16.550308693700245,True,True,True,False,False,observed_curve,,,,,,,,,,
all_candidates_sensitivity,P-Median,10.0,56,-1.0,J828,1,9677,14.0,99.85553606438964,1.6069021348637615,1.39423247458682,4.341612704026399,7.198713556110408,16.550308693700245,True,True,False,False,False,observed_curve,,,,,,,,,,
all_candidates_sensitivity,P-Median,10.0,57,-1.0,J828,1,9677,14.0,99.85553606438964,1.5842244922085136,1.39423247458682,4.163794377137366,6.971255341298399,16.550308693700245,True,True,False,False,False,observed_curve,,,,,,,,,,
all_candidates_sensitivity,P-Median,10.0,58,-1.0,J828,1,9677,14.0,99.85553606438964,1.5686090158477848,1.3722652299616889,4.163794377137366,6.971255341298399,16.550308693700245,True,True,False,False,False,observed_curve,,,,,,,,,,
all_candidates_sensitivity,P-Median,10.0,59,-1.0,J828,1,9677,14.0,99.85553606438964,1.5534716378931015,1.3082315328176444,4.181128952609413,6.971255341298399,16.550308693700245,True,True,False,False,False,observed_curve,,,,,,,,,,
all_candidates_sensitivity,P-Median,10.0,60,-1.0,J828,1,9677,14.0,99.85553606438964,1.5395956051875823,1.2620299719801076,4.163794377137366,6.971255341298399,16.550308693700245,True,True,False,False,False,observed_curve,,,,,,,,,,
all_candidates_sensitivity,P-Median,10.0,61,-1.0,J828,1,9677,14.0,99.85553606438964,1.5198072957811126,1.2296556293561915,4.163794377137366,6.971255341298399,16.550308693700245,True,True,False,False,False,observed_curve,,,,,,,,,,
all_candidates_sensitivity,P-Median,10.0,62,-1.0,J828,1,9677,14.0,99.85553606438964,1.497446794011472,1.2260624801722324,4.163794377137366,6.971255341298399,16.550308693700245,True,True,False,False,False,observed_curve,,,,,,,,,,
all_candidates_sensitivity,P-Median,10.0,63,-1.0,J828,1,9677,14.0,99.85553606438964,1.479724447404887,1.2188643172406717,4.163794377137366,6.971255341298399,16.550308693700245,True,True,False,False,False,observed_curve,,,,,,,,,,
all_candidates_sensitivity,P-Median,10.0,64,-1.0,J828,1,9677,14.0,99.85553606438964,1.451998080612843,1.2188643172406717,4.0691705781674985,6.971255341298399,16.550308693700245,True,True,False,False,False,observed_curve,,,,,,,,,,
all_candidates_sensitivity,P-Median,10.0,65,-1.0,J828,1,9677,14.0,99.85553606438964,1.43621344188149,1.167455343486658,4.0691705781674985,6.971255341298399,16.550308693700245,True,True,False,False,False,observed_curve,,,,,,,,,,
all_candidates_sensitivity,P-Median,10.0,66,-1.0,J828,1,9677,14.0,99.85553606438964,1.420783946405909,1.148612426686457,4.007292813742835,6.971255341298399,16.550308693700245,True,True,False,False,False,observed_curve,,,,,,,,,,
all_candidates_sensitivity,P-Median,10.0,67,-1.0,J828,1,9677,14.0,99.85553606438964,1.403850545086244,1.1857584920861142,3.956019545616874,6.971255341298399,16.550308693700245,True,True,False,False,False,observed_curve,,,,,,,,,,
all_candidates_sensitivity,P-Median,10.0,68,-1.0,J828,1,9677,14.0,99.85553606438964,1.3883085081425997,1.0910087090020244,3.981531274125285,6.971255341298399,16.550308693700245,True,True,False,False,False,observed_curve,,,,,,,,,,
all_candidates_sensitivity,P-Median,10.0,69,-1.0,J828,1,9677,14.0,99.85553606438964,1.3722736449325463,1.0887875707210857,3.956019545616874,6.971255341298399,16.550308693700245,True,True,False,False,False,observed_curve,,,,,,,,,,
all_candidates_sensitivity,P-Median,10.0,70,-1.0,J828,1,9677,14.0,99.85553606438964,1.3620656278865466,1.0826980874308705,3.947674892477693,6.971255341298399,16.550308693700245,True,True,False,False,False,observed_curve,,,,,,,,,,
all_candidates_sensitivity,P-Median,10.0,71,-1.0,J828,1,9677,14.0,99.85553606438964,1.347177801106484,1.065644611058949,3.947674892477693,6.506971083700149,16.550308693700245,True,True,True,False,False,observed_curve,,,,,,,,,,
all_candidates_sensitivity,P-Median,10.0,72,-1.0,J828,1,9677,14.0,99.85553606438964,1.334219070792875,1.0572448639980092,3.9141746834882976,6.506971083700149,16.550308693700245,True,True,False,False,False,observed_curve,,,,,,,,,,
all_candidates_sensitivity,P-Median,10.0,73,-1.0,J828,1,9677,14.0,99.85553606438964,1.32132571412808,1.054857252557691,3.780181915399265,6.184625685950473,16.550308693700245,True,True,True,False,False,observed_curve,,,,,,,,,,
all_candidates_sensitivity,P-Median,10.0,74,-1.0,J828,1,9677,14.0,99.85553606438964,1.3095909563021642,1.0572448639980092,3.780181915399265,6.184625685950473,16.550308693700245,True,True,False,False,False,observed_curve,,,,,,,,,,
all_candidates_sensitivity,P-Median,10.0,75,-1.0,J828,1,9677,14.0,99.85553606438964,1.2959314478199873,1.0530849702224103,3.667086288129787,6.734309657188536,16.550308693700245,True,True,False,False,False,observed_curve,,,,,,,,,,
all_candidates_sensitivity,P-Median,10.0,76,-1.0,J828,1,9677,14.0,99.85553606438964,1.2834187007525693,1.0530849702224103,3.667086288129787,6.506971083700149,16.550308693700245,True,True,False,False,False,observed_curve,,,,,,,,,,
all_candidates_sensitivity,P-Median,10.0,77,-1.0,J828,1,9677,14.0,99.85553606438964,1.2662077441613055,1.044979018082904,3.667086288129787,6.506971083700149,16.550308693700245,True,True,False,False,False,observed_curve,,,,,,,,,,
all_candidates_sensitivity,P-Median,10.0,78,-1.0,J828,1,9677,14.0,99.85553606438964,1.2524826751021445,1.044979018082904,3.473444887152925,6.184625685950473,16.550308693700245,True,True,False,False,False,observed_curve,,,,,,,,,,
all_candidates_sensitivity,P-Median,10.0,79,-1.0,J828,1,9677,14.0,99.85553606438964,1.241537360034379,1.0395301593162654,3.3319154445044847,6.3130345708895135,16.550308693700245,True,True,False,False,False,observed_curve,,,,,,,,,,
all_candidates_sensitivity,P-Median,10.0,80,-1.0,J828,1,9677,14.0,99.85553606438964,1.2285464988679022,1.0395301593162654,3.3363619583093778,5.550219355185318,16.550308693700245,True,True,True,False,False,observed_curve,,,,,,,,,,
all_candidates_sensitivity,P-Median,10.0,81,-1.0,J828,1,9682,9.0,99.90713032710762,1.216839929813785,1.0395301593162654,3.3319154445044847,5.435978311284468,16.550308693700245,True,True,True,False,False,observed_curve,,,,,,,,,,
all_candidates_sensitivity,P-Median,10.0,82,-1.0,J828,1,9682,9.0,99.90713032710762,1.2053046094426147,1.0063275402138596,3.318886778562327,5.435978311284468,16.550308693700245,True,True,False,False,False,observed_curve,,,,,,,,,,
all_candidates_sensitivity,P-Median,10.0,83,-1.0,J828,1,9682,9.0,99.90713032710762,1.194241072245574,1.0062782289283516,3.309874925497016,5.285693201854514,16.550308693700245,True,True,True,False,False,observed_curve,,,,,,,,,,
all_candidates_sensitivity,P-Median,10.0,84,-1.0,J828,1,9682,9.0,99.90713032710762,1.183425485949657,0.991716043360932,3.289407518429638,5.230097964309296,16.550308693700245,True,True,True,False,False,observed_curve,,,,,,,,,,
all_candidates_sensitivity,P-Median,10.0,85,-1.0,J828,1,9682,9.0,99.90713032710762,1.1732701267326842,0.9838812712567172,3.259780766573148,5.230097964309296,16.550308693700245,True,True,False,False,False,observed_curve,,,,,,,,,,
all_candidates_sensitivity,P-Median,10.0,86,-1.0,J828,1,9682,9.0,99.90713032710762,1.1619166654941449,0.9838812712567172,3.259780766573148,5.230097964309296,16.550308693700245,True,True,False,False,False,observed_curve,,,,,,,,,,
all_candidates_sensitivity,P-Median,10.0,87,-1.0,J828,1,9682,9.0,99.90713032710762,1.1516364644285502,0.9745375070251576,3.194109999555658,5.230097964309296,16.550308693700245,True,True,False,False,False,observed_curve,,,,,,,,,,
all_candidates_sensitivity,P-Median,10.0,88,-1.0,J828,1,9682,9.0,99.90713032710762,1.1415674242966871,0.963513874437589,3.194109999555658,5.230097964309296,16.550308693700245,True,True,False,False,False,observed_curve,,,,,,,,,,
all_candidates_sensitivity,P-Median,10.0,89,-1.0,J828,1,9682,9.0,99.90713032710762,1.1301056942717187,0.963513874437589,3.055500084704429,5.203303626132989,16.550308693700245,True,True,True,False,False,observed_curve,,,,,,,,,,
all_candidates_sensitivity,P-Median,10.0,90,-1.0,J828,1,9682,9.0,99.90713032710762,1.1194343106128064,0.9622969749615646,2.9970725880140545,5.203303626132989,16.550308693700245,True,True,False,False,False,observed_curve,,,,,,,,,,
main,Agglomerative-average,3.0,1,-1.0,continuous,21,279,9412.0,2.878959859663605,18.042663746156027,14.629005418617778,42.16889716983084,54.527968353498565,78.96300548880382,False,False,False,False,False,observed_curve,,,,,,,,,,
main,Agglomerative-average,3.0,2,-1.0,continuous,21,262,9429.0,2.703539366422454,17.567072821864127,14.54084069916825,40.11320721461514,48.39011259951244,57.95196363829192,False,False,False,False,False,observed_curve,,,,,,,,,,
main,Agglomerative-average,3.0,3,-1.0,continuous,19,286,9405.0,2.9511918274687856,17.14335681935327,14.512021373391596,36.52617815788724,48.39011259951244,57.00749638345982,False,False,False,False,False,observed_curve,,,,,,,,,,
main,Agglomerative-average,3.0,4,-1.0,continuous,18,290,9401.0,2.992467237643174,14.876815879390092,13.628789910221675,30.279916509830755,41.28846994623245,51.45261289887302,False,False,False,False,False,observed_curve,,,,,,,,,,
main,Agglomerative-average,3.0,5,-1.0,continuous,16,313,9378.0,3.2298008461459085,13.664700587417872,13.017250486532266,28.6214915660554,41.28846994623245,51.45261289887302,False,False,False,False,False,observed_curve,,,,,,,,,,
main,Agglomerative-average,3.0,6,-1.0,continuous,16,498,9193.0,5.138788566711382,10.895417422255065,10.36784310028962,21.717003048387213,27.477367985854567,37.89053521339129,False,False,False,False,False,observed_curve,,,,,,,,,,
main,Agglomerative-average,3.0,7,-1.0,continuous,14,794,8897.0,8.193168919616138,8.935608547378633,8.853596511298278,16.131294278871195,24.918776940982124,34.86600959988491,False,False,False,False,False,observed_curve,,,,,,,,,,
main,Agglomerative-average,3.0,8,-1.0,continuous,13,821,8870.0,8.471777938293261,8.724183591749648,8.737361441058896,15.82770205870707,22.33137739635082,30.727425808952784,False,False,False,False,False,observed_curve,,,,,,,,,,
main,Agglomerative-average,3.0,9,-1.0,continuous,11,766,8925.0,7.904241048395418,8.455956769015048,8.610123768830682,15.020568646583524,20.39270638792592,28.062875601084777,False,False,False,False,False,observed_curve,,,,,,,,,,
main,Agglomerative-average,3.0,10,-1.0,continuous,10,753,8938.0,7.770095965328656,8.348087055551549,8.582661072702482,14.446409600989,18.127987716493784,25.27620007575879,False,False,False,False,False,observed_curve,,,,,,,,,,
main,Agglomerative-average,3.0,11,-1.0,continuous,10,840,8851.0,8.667836136621608,8.18284018153693,8.402064787678771,14.012698529328372,18.127987716493784,25.27620007575879,False,False,False,False,False,observed_curve,,,,,,,,,,
main,Agglomerative-average,3.0,12,-1.0,continuous,9,902,8789.0,9.307604994324633,7.939657572051583,8.24654463189432,13.866799803002714,16.131294278871195,21.284670605437174,False,False,False,False,False,observed_curve,,,,,,,,,,
main,Agglomerative-average,3.0,13,-1.0,continuous,8,958,8733.0,9.885460736766072,7.861683213953462,8.21695083203251,13.408350707043104,16.131294278871195,21.284670605437174,False,False,False,False,False,observed_curve,,,,,,,,,,
main,Agglomerative-average,3.0,14,-1.0,continuous,7,987,8704.0,10.184707460530388,7.762025584489906,8.059561381131205,13.383345743864474,16.131294278871195,18.123691003342817,False,False,False,False,False,observed_curve,,,,,,,,,,
main,Agglomerative-average,3.0,15,-1.0,continuous,7,989,8702.0,10.205345165617585,7.758357680574337,8.075161421354144,13.383345743864474,16.131294278871195,16.131294278871195,False,False,False,False,False,observed_curve,,,,,,,,,,
main,Agglomerative-average,3.0,16,-1.0,continuous,7,1793,7898.0,18.50170261066969,6.108355867786305,5.33418281532678,12.489776729654851,14.147208257942635,15.59567751556931,False,False,False,False,False,observed_curve,,,,,,,,,,
main,Agglomerative-average,3.0,17,-1.0,continuous,6,1810,7881.0,18.677123103910844,6.080751766403683,5.33418281532678,12.476377669858032,14.147208257942635,15.264598378487984,False,False,False,False,False,observed_curve,,,,,,,,,,
main,Agglomerative-average,3.0,18,-1.0,continuous,6,2088,7603.0,21.54576411103085,5.608674585244473,4.788572009062122,11.7571823085408,13.739782713382876,15.264598378487984,False,False,False,False,False,observed_curve,,,,,,,,,,
main,Agglomerative-average,3.0,19,-1.0,continuous,6,2089,7602.0,21.55608296357445,5.606582263373343,4.788572009062122,11.7571823085408,13.739782713382876,15.028174073015018,False,False,False,False,False,observed_curve,,,,,,,,,,
main,Agglomerative-average,3.0,20,-1.0,continuous,6,2145,7546.0,22.13393870601589,5.37669572227993,4.66320430690904,10.993631897795147,13.739782713382876,15.028174073015018,False,False,False,False,False,observed_curve,,,,,,,,,,
main,Agglomerative-average,3.0,21,-1.0,continuous,6,2043,7648.0,21.081415746568982,5.140124251208212,4.61101598968782,10.310854781263936,11.959655788973164,12.800187193199797,False,False,False,False,False,observed_curve,,,,,,,,,,
main,Agglomerative-average,3.0,22,-1.0,continuous,6,2114,7577.0,21.81405427716438,5.082537795301607,4.604597663299725,10.310854781263936,11.934374202404692,12.598147455231135,False,False,False,False,False,observed_curve,,,,,,,,,,
main,Agglomerative-average,3.0,23,-1.0,continuous,5,2131,7560.0,21.989474770405533,5.053893579283417,4.587893218187099,10.310854781263936,11.55761042228986,12.598147455231135,False,False,False,False,False,observed_curve,,,,,,,,,,
main,Agglomerative-average,3.0,24,-1.0,continuous,5,2393,7298.0,24.693014136827983,4.561596715106918,4.408823631505559,9.426878849649029,11.472124793185078,12.598147455231135,False,False,False,False,False,observed_curve,,,,,,,,,,
main,Agglomerative-average,3.0,25,-1.0,continuous,4,2530,7161.0,26.1066969353008,4.382116615520959,4.260490236144937,8.385381131915626,10.709667211316724,12.598147455231135,False,False,False,False,False,observed_curve,,,,,,,,,,
main,Agglomerative-average,3.0,26,-1.0,continuous,4,2554,7137.0,26.354349396347125,4.363955029829012,4.216943567355201,8.28152751266103,10.709667211316724,12.598147455231135,False,False,False,False,False,observed_curve,,,,,,,,,,
main,Agglomerative-average,3.0,27,-1.0,continuous,4,3052,6639.0,31.49313796305851,4.071899730114558,3.8699275216287456,7.714821352406675,9.764083880591675,12.156017938698778,False,False,False,False,False,observed_curve,,,,,,,,,,
main,Agglomerative-average,3.0,28,-1.0,continuous,4,3258,6433.0,33.61882158703952,3.905329931610999,3.759425042818546,7.244095536309953,9.11294173114528,10.999326247942642,False,False,False,False,False,observed_curve,,,,,,,,,,
main,Agglomerative-average,3.0,29,-1.0,continuous,4,3275,6416.0,33.794242080280675,3.891820466359835,3.759156235528089,7.1124665644004486,8.82083436279977,10.999326247942642,False,False,False,False,False,observed_curve,,,,,,,,,,
main,Agglomerative-average,3.0,30,-1.0,continuous,4,3276,6415.0,33.80456093282427,3.887196154069051,3.757451545281461,7.1124665644004486,8.82083436279977,10.999326247942642,False,False,False,False,False,observed_curve,,,,,,,,,,
main,Agglomerative-average,3.0,31,-1.0,continuous,4,3320,6371.0,34.258590444742545,3.8528544325402887,3.7368146113299816,6.851064448832453,8.538942798390064,10.466489720462356,False,False,False,False,False,observed_curve,,,,,,,,,,
main,Agglomerative-average,3.0,32,-1.0,continuous,3,3326,6365.0,34.32050356000413,3.8423578569725145,3.7368146113299816,6.851064448832453,8.538942798390064,10.466489720462356,False,False,False,False,False,observed_curve,,,,,,,,,,
main,Agglomerative-average,3.0,33,-1.0,continuous,2,3395,6296.0,35.03250438551233,3.785619368624516,3.6818876026822,6.711704294801131,8.346968699847071,10.466489720462356,False,False,False,False,False,observed_curve,,,,,,,,,,
main,Agglomerative-average,3.0,34,-1.0,continuous,2,3406,6285.0,35.1460117634919,3.7737819257581817,3.6589698987170527,6.711704294801131,8.338637394682525,9.84878994268547,False,False,False,False,False,observed_curve,,,,,,,,,,
main,Agglomerative-average,3.0,35,-1.0,continuous,1,3515,6176.0,36.27076669074399,3.6797347044971054,3.626139830003187,6.53257559707606,7.944830879713228,9.340114652358038,False,False,False,False,False,observed_curve,,,,,,,,,,
main,Agglomerative-average,3.0,36,-1.0,continuous,1,3817,5874.0,39.38706015891033,3.542164339071993,3.4837932354676,6.53257559707606,7.714821352406675,9.340114652358038,False,False,False,False,False,observed_curve,,,,,,,,,,
main,Agglomerative-average,3.0,37,-1.0,continuous,1,3820,5871.0,39.41801671654112,3.5399001165505486,3.4824908284990417,6.53257559707606,7.714821352406675,9.340114652358038,False,False,False,False,False,observed_curve,,,,,,,,,,
main,Agglomerative-average,3.0,38,-1.0,continuous,1,3901,5790.0,40.25384377257249,3.507994645283261,3.4392687313459787,6.429777106794323,7.714821352406675,9.340114652358038,False,False,False,False,False,observed_curve,,,,,,,,,,
main,Agglomerative-average,3.0,39,-1.0,continuous,1,4092,5599.0,42.22474460839955,3.3987857393168834,3.336595433011452,6.3907846922487765,6.752987384132658,8.974275395140166,False,False,False,False,False,observed_curve,,,,,,,,,,
main,Agglomerative-average,3.0,40,-1.0,continuous,1,4456,5235.0,45.98080693426891,3.200262205590436,3.151454182836038,5.889616911216568,6.655953678940101,8.974275395140166,False,False,False,False,False,observed_curve,,,,,,,,,,
main,Agglomerative-average,3.0,41,-1.0,continuous,1,4473,5218.0,46.15622742751006,3.177409132549001,3.1265329550210303,5.889616911216568,6.576609948746143,8.974275395140166,False,False,False,False,False,observed_curve,,,,,,,,,,
main,Agglomerative-average,3.0,42,-1.0,continuous,1,4549,5142.0,46.94046022082345,3.133587248211865,3.0815305466609977,5.782446111969735,6.568104811739046,8.974275395140166,False,False,False,False,False,observed_curve,,,,,,,,,,
main,Agglomerative-average,3.0,43,-1.0,continuous,1,4559,5132.0,47.04364874625941,3.126806899727437,3.0771512566200654,5.782446111969735,6.541397923263205,8.974275395140166,False,False,False,False,False,observed_curve,,,,,,,,,,
main,Agglomerative-average,3.0,44,-1.0,continuous,1,4610,5081.0,47.56991022598287,3.096694287786592,3.0701250666536857,5.562857553486088,6.412858466062452,8.974275395140166,False,False,False,False,False,observed_curve,,,,,,,,,,
main,Agglomerative-average,3.0,45,-1.0,continuous,1,4700,4991.0,48.49860695490661,3.0734926896892363,3.051317398429568,5.425354774826384,6.376184731983627,8.216740069437929,False,False,False,False,False,observed_curve,,,,,,,,,,
main,Agglomerative-average,3.0,46,-1.0,continuous,1,4759,4932.0,49.10741925497884,3.0468453595141343,3.046552038389584,5.401243053828238,6.376184731983627,8.216740069437929,False,False,False,False,False,observed_curve,,,,,,,,,,
main,Agglomerative-average,3.0,47,-1.0,continuous,1,4775,4916.0,49.2725208956764,3.036325796274203,3.040268424190649,5.401243053828238,6.279119102063728,7.814980084503154,False,False,False,False,False,observed_curve,,,,,,,,,,
main,Agglomerative-average,3.0,48,-1.0,continuous,1,4857,4834.0,50.11866680425137,2.9682872258845343,2.989053966655534,5.223380611557858,6.122592764524508,7.814980084503154,False,False,False,False,False,observed_curve,,,,,,,,,,
main,Agglomerative-average,3.0,49,-1.0,continuous,1,4958,4733.0,51.16087091115468,2.9269823655555043,2.9545480818021512,5.0762052203526125,6.074588939724234,7.814980084503154,False,False,False,False,False,observed_curve,,,,,,,,,,
main,Agglomerative-average,3.0,50,-1.0,continuous,1,5076,4615.0,52.37849551129914,2.8838953776786025,2.9015168606674537,5.026890520186988,6.074588939724234,6.6061157974916425,False,False,False,False,False,observed_curve,,,,,,,,,,
main,Agglomerative-average,3.0,51,-1.0,continuous,1,5106,4585.0,52.68806108760706,2.8721200934734483,2.860634006391245,5.034774549185108,6.074588939724234,6.6061157974916425,False,False,False,False,False,observed_curve,,,,,,,,,,
main,Agglomerative-average,3.0,52,-1.0,continuous,1,5121,4570.0,52.84284387576101,2.8624624925793447,2.85726065515908,5.026890520186988,6.074588939724234,6.6061157974916425,False,False,False,False,False,observed_curve,,,,,,,,,,
main,Agglomerative-average,3.0,53,-1.0,continuous,1,5924,3767.0,61.12888246826953,2.592813785533648,2.509739394628094,4.827381162382008,6.074588939724234,6.6061157974916425,False,False,False,False,False,observed_curve,,,,,,,,,,
main,Agglomerative-average,3.0,54,-1.0,continuous,1,5938,3753.0,61.27334640387989,2.587061810733775,2.497230489893489,4.827381162382008,6.074588939724234,6.6061157974916425,False,False,False,False,False,observed_curve,,,,,,,,,,
main,Agglomerative-average,3.0,55,-1.0,continuous,0,5952,3739.0,61.41781033949025,2.574120126669581,2.497230489893489,4.827381162382008,6.074588939724234,6.6061157974916425,False,False,False,False,False,observed_curve,,,,,,,,,,
main,Agglomerative-average,3.0,56,-1.0,continuous,0,6070,3621.0,62.63543493963471,2.5381683507935806,2.44551132555627,4.827381162382008,6.074588939724234,6.6061157974916425,False,False,False,False,False,observed_curve,,,,,,,,,,
main,Agglomerative-average,3.0,57,-1.0,continuous,0,6071,3620.0,62.64575379217831,2.537059019833501,2.44551132555627,4.827381162382008,6.074588939724234,6.6061157974916425,False,False,False,False,False,observed_curve,,,,,,,,,,
main,Agglomerative-average,3.0,58,-1.0,continuous,0,6149,3542.0,63.45062429057889,2.507673062292378,2.4322965662599145,4.82220886624762,6.074588939724234,6.6061157974916425,False,False,False,False,False,observed_curve,,,,,,,,,,
main,Agglomerative-average,3.0,59,-1.0,continuous,0,6478,3213.0,66.84552677742235,2.390644253490531,2.3917744573962647,4.458315125934264,6.074588939724234,6.6061157974916425,False,False,False,False,False,observed_curve,,,,,,,,,,
main,Agglomerative-average,3.0,60,-1.0,continuous,0,6554,3137.0,67.62975957073573,2.3700097312257684,2.376320300124211,4.447733315343407,6.074588939724234,6.6061157974916425,False,False,False,False,False,observed_curve,,,,,,,,,,
main,Agglomerative-average,3.0,61,-1.0,continuous,0,6896,2795.0,71.15880714064596,2.270078170827856,2.2893101439203702,4.27498630764533,5.07790754061223,6.6061157974916425,False,False,False,False,False,observed_curve,,,,,,,,,,
main,Agglomerative-average,3.0,62,-1.0,continuous,0,6913,2778.0,71.33422763388711,2.258378862590715,2.2703204696820345,4.27498630764533,5.07790754061223,6.6061157974916425,False,False,False,False,False,observed_curve,,,,,,,,,,
main,Agglomerative-average,3.0,63,-1.0,continuous,0,6921,2770.0,71.4167784542359,2.252018914890468,2.2607503746687483,4.2266843426450365,5.07790754061223,6.3184556937964205,False,False,False,False,False,observed_curve,,,,,,,,,,
main,Agglomerative-average,3.0,64,-1.0,continuous,0,6941,2750.0,71.62315550510783,2.241016411589839,2.223449214841787,4.2266843426450365,5.07790754061223,6.3184556937964205,False,False,False,False,False,observed_curve,,,,,,,,,,
main,Agglomerative-average,3.0,65,-1.0,continuous,0,6977,2714.0,71.99463419667732,2.232599507337577,2.219015137979191,4.2266843426450365,5.07790754061223,6.3184556937964205,False,False,False,False,False,observed_curve,,,,,,,,,,
main,Agglomerative-average,3.0,66,-1.0,continuous,0,6985,2706.0,72.07718501702611,2.2284728456345224,2.219015137979191,4.2266843426450365,4.960483637438683,6.3184556937964205,False,False,False,False,False,observed_curve,,,,,,,,,,
main,Agglomerative-average,3.0,67,-1.0,continuous,0,7088,2603.0,73.14002682901662,2.198156983014296,2.1807939607495213,4.221607862283872,4.845975356970814,6.3184556937964205,False,False,False,False,False,observed_curve,,,,,,,,,,
main,Agglomerative-average,3.0,68,-1.0,continuous,0,7146,2545.0,73.73852027654524,2.1845296003727928,2.1657445594566505,4.1250777326403885,4.715188240259613,6.3184556937964205,False,False,False,False,False,observed_curve,,,,,,,,,,
main,Agglomerative-average,3.0,69,-1.0,continuous,0,7182,2509.0,74.10999896811475,2.175151746365234,2.1574845068740243,4.0756347498884615,4.594922403142545,6.151837255478808,False,False,False,False,False,observed_curve,,,,,,,,,,
main,Agglomerative-average,3.0,70,-1.0,continuous,0,7280,2411.0,75.12124651738726,2.149765817299231,2.1169750486379533,4.003640689895725,4.574236749069008,6.151837255478808,False,False,False,False,False,observed_curve,,,,,,,,,,
main,Agglomerative-average,3.0,71,-1.0,continuous,0,7346,2345.0,75.80229078526467,2.127261924368895,2.0677693144323674,3.929830120008898,4.510880951792637,6.151837255478808,False,False,False,False,False,observed_curve,,,,,,,,,,
main,Agglomerative-average,3.0,72,-1.0,continuous,0,7350,2341.0,75.84356619543907,2.1229020435429766,2.055043321392405,3.929830120008898,4.510880951792637,6.151837255478808,False,False,False,False,False,observed_curve,,,,,,,,,,
main,Agglomerative-average,3.0,73,-1.0,continuous,0,8270,1421.0,85.33691053554844,1.902387347400516,1.7785243657310024,3.711202763536149,4.510880951792637,6.151837255478808,False,False,False,False,False,observed_curve,,,,,,,,,,
main,Agglomerative-average,3.0,74,-1.0,continuous,0,8273,1418.0,85.36786709317924,1.898542969318272,1.7785243657310024,3.711202763536149,4.510880951792637,6.070167755809706,False,False,False,False,False,observed_curve,,,,,,,,,,
main,Agglomerative-average,3.0,75,-1.0,continuous,0,8277,1414.0,85.40914250335362,1.8965983321897617,1.7785243657310024,3.701061131156907,4.510880951792637,6.070167755809706,False,False,False,False,False,observed_curve,,,,,,,,,,
main,Agglomerative-average,3.0,76,-1.0,continuous,0,8330,1361.0,85.95604168816428,1.8754512992510997,1.7695933504633763,3.680751768888459,4.474325978399838,6.070167755809706,False,False,False,False,False,observed_curve,,,,,,,,,,
main,Agglomerative-average,3.0,77,-1.0,continuous,0,8350,1341.0,86.16241873903621,1.8710265920149165,1.755401893024153,3.680751768888459,4.474325978399838,6.070167755809706,False,False,False,False,False,observed_curve,,,,,,,,,,
main,Agglomerative-average,3.0,78,-1.0,continuous,0,8450,1241.0,87.19430399339593,1.8456442992390585,1.7349100582268444,3.498729457991359,4.458315125934264,6.070167755809706,False,False,False,False,False,observed_curve,,,,,,,,,,
main,Agglomerative-average,3.0,79,-1.0,continuous,0,8457,1234.0,87.26653596120111,1.8429214027888177,1.7349100582268444,3.4896240717152778,4.458315125934264,6.070167755809706,False,False,False,False,False,observed_curve,,,,,,,,,,
main,Agglomerative-average,3.0,80,-1.0,continuous,0,8489,1202.0,87.59673924259623,1.8294905424460768,1.7316710679737055,3.437991407002272,4.458315125934264,6.070167755809706,False,False,False,False,False,observed_curve,,,,,,,,,,
main,Agglomerative-average,3.0,81,-1.0,continuous,0,8490,1201.0,87.60705809513982,1.82912692420334,1.7316710679737055,3.437991407002272,4.458315125934264,6.070167755809706,False,False,False,False,False,observed_curve,,,,,,,,,,
main,Agglomerative-average,3.0,82,-1.0,continuous,0,8693,998.0,89.70178516149004,1.78149385048697,1.717959689217956,3.274300776942698,4.458315125934264,6.070167755809706,False,False,False,False,False,observed_curve,,,,,,,,,,
main,Agglomerative-average,3.0,83,-1.0,continuous,0,8930,761.0,92.14735321432256,1.7125461989332655,1.6684909394435494,3.122646551400562,3.8002380362871087,4.65998641001609,False,False,False,False,False,observed_curve,,,,,,,,,,
main,Agglomerative-average,3.0,84,-1.0,continuous,0,8945,746.0,92.30213600247652,1.7041915000418295,1.6603153101950785,3.145808976790736,3.74886426620628,4.65998641001609,False,False,False,False,False,observed_curve,,,,,,,,,,
main,Agglomerative-average,3.0,85,-1.0,continuous,0,8945,746.0,92.30213600247652,1.6582294042984005,1.5614510263524286,3.145808976790736,3.74886426620628,4.65998641001609,False,False,False,False,False,observed_curve,,,,,,,,,,
main,Agglomerative-average,3.0,86,-1.0,continuous,0,8955,736.0,92.4053245279125,1.6562422637267864,1.5593393825849664,3.1319345099837386,3.74886426620628,4.65998641001609,False,False,False,False,False,observed_curve,,,,,,,,,,
main,Agglomerative-average,3.0,87,-1.0,continuous,0,8997,694.0,92.83871633474358,1.6459139080785317,1.5582617227321849,3.122646551400562,3.711202763536149,4.65998641001609,False,False,False,False,False,observed_curve,,,,,,,,,,
main,Agglomerative-average,3.0,88,-1.0,continuous,0,9001,690.0,92.87999174491796,1.6435749667774668,1.5582617227321849,3.122646551400562,3.711202763536149,4.65998641001609,False,False,False,False,False,observed_curve,,,,,,,,,,
main,Agglomerative-average,3.0,89,-1.0,continuous,0,9106,585.0,93.96347126199566,1.6149943587116862,1.5419886065517272,3.094070326983273,3.4896240717152778,4.65998641001609,False,False,False,False,False,observed_curve,,,,,,,,,,
main,Agglomerative-average,3.0,90,-1.0,continuous,0,9113,578.0,94.03570322980084,1.6139766004465,1.5419886065517272,3.0828622219868387,3.4896240717152778,4.65998641001609,False,False,False,False,False,observed_curve,,,,,,,,,,
main,Agglomerative-average,3.0,91,-1.0,continuous,0,9115,576.0,94.05634093488804,1.6127969970902267,1.5419886065517272,3.0828622219868387,3.471787750984701,4.65998641001609,False,False,False,False,False,observed_curve,,,,,,,,,,
main,Agglomerative-average,3.0,92,-1.0,continuous,0,9125,566.0,94.159529460324,1.6093713129079157,1.5419886065517272,3.046673536759157,3.444244071188757,4.65998641001609,False,False,False,False,False,observed_curve,,,,,,,,,,
main,Agglomerative-average,3.0,93,-1.0,continuous,0,9134,557.0,94.2523991332164,1.6036631113898967,1.5419886065517272,3.045146240167273,3.437991407002272,4.65998641001609,False,False,False,False,False,observed_curve,,,,,,,,,,
main,Agglomerative-average,3.0,94,-1.0,continuous,0,9193,498.0,94.86121143328862,1.569726970148477,1.497908263800218,3.0108251579469067,3.4271117566805915,4.65998641001609,False,False,False,False,False,observed_curve,,,,,,,,,,
main,Agglomerative-average,3.0,95,-1.0,continuous,0,9195,496.0,94.8818491383758,1.568662387927552,1.497908263800218,3.0108251579469067,3.4260188642915512,4.65998641001609,False,False,False,False,False,observed_curve,,,,,,,,,,
main,Agglomerative-average,3.0,96,-1.0,continuous,0,9147,544.0,94.38654421628316,1.5646524987294366,1.497908263800218,3.0326863782264724,3.406407555327308,4.65998641001609,False,False,False,False,False,observed_curve,,,,,,,,,,
main,Agglomerative-average,3.0,97,-1.0,continuous,0,9205,486.0,94.98503766381178,1.5540511701551172,1.487063957810696,3.004807101915167,3.2696822982933624,4.65998641001609,False,False,False,False,False,observed_curve,,,,,,,,,,
main,Agglomerative-average,3.0,98,-1.0,continuous,0,9206,485.0,94.9953565163554,1.5536967120767322,1.487063957810696,3.004807101915167,3.2692502478373693,4.65998641001609,False,False,False,False,False,observed_curve,,,,,,,,,,
main,Agglomerative-average,3.0,99,-1.0,continuous,0,9213,478.0,95.06758848416057,1.5449798967395507,1.4796854338267538,2.998413494359941,3.267474924527236,4.65998641001609,True,False,True,True,False,observed_curve,,,,,,,,,,
main,Agglomerative-average,5.0,1,-1.0,continuous,21,774,8917.0,7.986791868744196,18.042663746156027,14.629005418617778,42.16889716983084,54.527968353498565,78.96300548880382,False,False,False,False,False,observed_curve,,,,,,,,,,
main,Agglomerative-average,5.0,2,-1.0,continuous,21,774,8917.0,7.986791868744196,17.567072821864127,14.54084069916825,40.11320721461514,48.39011259951244,57.95196363829192,False,False,False,False,False,observed_curve,,,,,,,,,,
main,Agglomerative-average,5.0,3,-1.0,continuous,19,798,8893.0,8.234444329790527,17.14335681935327,14.512021373391596,36.52617815788724,48.39011259951244,57.00749638345982,False,False,False,False,False,observed_curve,,,,,,,,,,
main,Agglomerative-average,5.0,4,-1.0,continuous,18,849,8842.0,8.760705809513983,14.876815879390092,13.628789910221675,30.279916509830755,41.28846994623245,51.45261289887302,False,False,False,False,False,observed_curve,,,,,,,,,,
main,Agglomerative-average,5.0,5,-1.0,continuous,16,874,8817.0,9.018677123103911,13.664700587417872,13.017250486532266,28.6214915660554,41.28846994623245,51.45261289887302,False,False,False,False,False,observed_curve,,,,,,,,,,
main,Agglomerative-average,5.0,6,-1.0,continuous,16,1091,8600.0,11.257868125064492,10.895417422255065,10.36784310028962,21.717003048387213,27.477367985854567,37.89053521339129,False,False,False,False,False,observed_curve,,,,,,,,,,
main,Agglomerative-average,5.0,7,-1.0,continuous,13,1874,7817.0,19.337529666701062,8.935608547378633,8.853596511298278,16.131294278871195,24.918776940982124,34.86600959988491,False,False,False,False,False,observed_curve,,,,,,,,,,
main,Agglomerative-average,5.0,8,-1.0,continuous,12,1955,7736.0,20.173356722732432,8.724183591749648,8.737361441058896,15.82770205870707,22.33137739635082,30.727425808952784,False,False,False,False,False,observed_curve,,,,,,,,,,
main,Agglomerative-average,5.0,9,-1.0,continuous,8,1988,7703.0,20.513878856671138,8.455956769015048,8.610123768830682,15.020568646583524,20.39270638792592,28.062875601084777,False,False,False,False,False,observed_curve,,,,,,,,,,
main,Agglomerative-average,5.0,10,-1.0,continuous,7,1983,7708.0,20.462284593953157,8.348087055551549,8.582661072702482,14.446409600989,18.127987716493784,25.27620007575879,False,False,False,False,False,observed_curve,,,,,,,,,,
main,Agglomerative-average,5.0,11,-1.0,continuous,6,2087,7604.0,21.535445258487258,8.18284018153693,8.402064787678771,14.012698529328372,18.127987716493784,25.27620007575879,False,False,False,False,False,observed_curve,,,,,,,,,,
main,Agglomerative-average,5.0,12,-1.0,continuous,5,2543,7148.0,26.24084201836756,7.939657572051583,8.24654463189432,13.866799803002714,16.131294278871195,21.284670605437174,False,False,False,False,False,observed_curve,,,,,,,,,,
main,Agglomerative-average,5.0,13,-1.0,continuous,4,2610,7081.0,26.932205138788568,7.861683213953462,8.21695083203251,13.408350707043104,16.131294278871195,21.284670605437174,False,False,False,False,False,observed_curve,,,,,,,,,,
main,Agglomerative-average,5.0,14,-1.0,continuous,4,2688,7003.0,27.737075637189143,7.762025584489906,8.059561381131205,13.383345743864474,16.131294278871195,18.123691003342817,False,False,False,False,False,observed_curve,,,,,,,,,,
main,Agglomerative-average,5.0,15,-1.0,continuous,4,2684,7007.0,27.69580022701476,7.758357680574337,8.075161421354144,13.383345743864474,16.131294278871195,16.131294278871195,False,False,False,False,False,observed_curve,,,,,,,,,,
main,Agglomerative-average,5.0,16,-1.0,continuous,4,4563,5128.0,47.08492415643381,6.108355867786305,5.33418281532678,12.489776729654851,14.147208257942635,15.59567751556931,False,False,False,False,False,observed_curve,,,,,,,,,,
main,Agglomerative-average,5.0,17,-1.0,continuous,3,4578,5113.0,47.23970694458776,6.080751766403683,5.33418281532678,12.476377669858032,14.147208257942635,15.264598378487984,False,False,False,False,False,observed_curve,,,,,,,,,,
main,Agglomerative-average,5.0,18,-1.0,continuous,3,4993,4698.0,51.52203075018058,5.608674585244473,4.788572009062122,11.7571823085408,13.739782713382876,15.264598378487984,False,False,False,False,False,observed_curve,,,,,,,,,,
main,Agglomerative-average,5.0,19,-1.0,continuous,3,4994,4697.0,51.532349602724175,5.606582263373343,4.788572009062122,11.7571823085408,13.739782713382876,15.028174073015018,False,False,False,False,False,observed_curve,,,,,,,,,,
main,Agglomerative-average,5.0,20,-1.0,continuous,3,5202,4489.0,53.67867093179238,5.37669572227993,4.66320430690904,10.993631897795147,13.739782713382876,15.028174073015018,False,False,False,False,False,observed_curve,,,,,,,,,,
main,Agglomerative-average,5.0,21,-1.0,continuous,3,5408,4283.0,55.8043545557734,5.140124251208212,4.61101598968782,10.310854781263936,11.959655788973164,12.800187193199797,False,False,False,False,False,observed_curve,,,,,,,,,,
main,Agglomerative-average,5.0,22,-1.0,continuous,3,5490,4201.0,56.65050046434836,5.082537795301607,4.604597663299725,10.310854781263936,11.934374202404692,12.598147455231135,False,False,False,False,False,observed_curve,,,,,,,,,,
main,Agglomerative-average,5.0,23,-1.0,continuous,2,5520,4171.0,56.96006604065628,5.053893579283417,4.587893218187099,10.310854781263936,11.55761042228986,12.598147455231135,False,False,False,False,False,observed_curve,,,,,,,,,,
main,Agglomerative-average,5.0,24,-1.0,continuous,2,6230,3461.0,64.28645134661026,4.561596715106918,4.408823631505559,9.426878849649029,11.472124793185078,12.598147455231135,False,False,False,False,False,observed_curve,,,,,,,,,,
main,Agglomerative-average,5.0,25,-1.0,continuous,2,6429,3262.0,66.33990300278609,4.382116615520959,4.260490236144937,8.385381131915626,10.709667211316724,12.598147455231135,False,False,False,False,False,observed_curve,,,,,,,,,,
main,Agglomerative-average,5.0,26,-1.0,continuous,2,6462,3229.0,66.68042513672479,4.363955029829012,4.216943567355201,8.28152751266103,10.709667211316724,12.598147455231135,False,False,False,False,False,observed_curve,,,,,,,,,,
main,Agglomerative-average,5.0,27,-1.0,continuous,2,6845,2846.0,70.6325456609225,4.071899730114558,3.8699275216287456,7.714821352406675,9.764083880591675,12.156017938698778,False,False,False,False,False,observed_curve,,,,,,,,,,
main,Agglomerative-average,5.0,28,-1.0,continuous,2,7086,2605.0,73.11938912392942,3.905329931610999,3.759425042818546,7.244095536309953,9.11294173114528,10.999326247942642,False,False,False,False,False,observed_curve,,,,,,,,,,
main,Agglomerative-average,5.0,29,-1.0,continuous,2,7110,2581.0,73.36704158497575,3.891820466359835,3.759156235528089,7.1124665644004486,8.82083436279977,10.999326247942642,False,False,False,False,False,observed_curve,,,,,,,,,,
main,Agglomerative-average,5.0,30,-1.0,continuous,2,7126,2565.0,73.53214322567331,3.887196154069051,3.757451545281461,7.1124665644004486,8.82083436279977,10.999326247942642,False,False,False,False,False,observed_curve,,,,,,,,,,
main,Agglomerative-average,5.0,31,-1.0,continuous,2,7197,2494.0,74.2647817562687,3.8528544325402887,3.7368146113299816,6.851064448832453,8.538942798390064,10.466489720462356,False,False,False,False,False,observed_curve,,,,,,,,,,
main,Agglomerative-average,5.0,32,-1.0,continuous,1,7203,2488.0,74.32669487153028,3.8423578569725145,3.7368146113299816,6.851064448832453,8.538942798390064,10.466489720462356,False,False,False,False,False,observed_curve,,,,,,,,,,
main,Agglomerative-average,5.0,33,-1.0,continuous,0,7279,2412.0,75.11092766484367,3.785619368624516,3.6818876026822,6.711704294801131,8.346968699847071,10.466489720462356,False,False,False,False,False,observed_curve,,,,,,,,,,
main,Agglomerative-average,5.0,34,-1.0,continuous,0,7297,2394.0,75.29666701062841,3.7737819257581817,3.6589698987170527,6.711704294801131,8.338637394682525,9.84878994268547,False,False,False,False,False,observed_curve,,,,,,,,,,
main,Agglomerative-average,5.0,35,-1.0,continuous,0,7490,2201.0,77.28820555154267,3.6797347044971054,3.626139830003187,6.53257559707606,7.944830879713228,9.340114652358038,False,False,False,False,False,observed_curve,,,,,,,,,,
main,Agglomerative-average,5.0,36,-1.0,continuous,0,7843,1848.0,80.93076049943247,3.542164339071993,3.4837932354676,6.53257559707606,7.714821352406675,9.340114652358038,False,False,False,False,False,observed_curve,,,,,,,,,,
main,Agglomerative-average,5.0,37,-1.0,continuous,0,7846,1845.0,80.96171705706325,3.5399001165505486,3.4824908284990417,6.53257559707606,7.714821352406675,9.340114652358038,False,False,False,False,False,observed_curve,,,,,,,,,,
main,Agglomerative-average,5.0,38,-1.0,continuous,0,7900,1791.0,81.5189350944175,3.507994645283261,3.4392687313459787,6.429777106794323,7.714821352406675,9.340114652358038,False,False,False,False,False,observed_curve,,,,,,,,,,
main,Agglomerative-average,5.0,39,-1.0,continuous,0,7998,1693.0,82.53018264369003,3.3987857393168834,3.336595433011452,6.3907846922487765,6.752987384132658,8.974275395140166,False,False,False,False,False,observed_curve,,,,,,,,,,
main,Agglomerative-average,5.0,40,-1.0,continuous,0,8527,1164.0,87.98885563925292,3.200262205590436,3.151454182836038,5.889616911216568,6.655953678940101,8.974275395140166,False,False,False,False,False,observed_curve,,,,,,,,,,
main,Agglomerative-average,5.0,41,-1.0,continuous,0,8544,1147.0,88.16427613249407,3.177409132549001,3.1265329550210303,5.889616911216568,6.576609948746143,8.974275395140166,False,False,False,False,False,observed_curve,,,,,,,,,,
main,Agglomerative-average,5.0,42,-1.0,continuous,0,8652,1039.0,89.27871220720256,3.133587248211865,3.0815305466609977,5.782446111969735,6.568104811739046,8.974275395140166,False,False,False,False,False,observed_curve,,,,,,,,,,
main,Agglomerative-average,5.0,43,-1.0,continuous,0,8657,1034.0,89.33030646992054,3.126806899727437,3.0771512566200654,5.782446111969735,6.541397923263205,8.974275395140166,False,False,False,False,False,observed_curve,,,,,,,,,,
main,Agglomerative-average,5.0,44,-1.0,continuous,0,8736,955.0,90.14549582086472,3.096694287786592,3.0701250666536857,5.562857553486088,6.412858466062452,8.974275395140166,False,False,False,False,False,observed_curve,,,,,,,,,,
main,Agglomerative-average,5.0,45,-1.0,continuous,0,8784,907.0,90.64080074295738,3.0734926896892363,3.051317398429568,5.425354774826384,6.376184731983627,8.216740069437929,False,False,False,False,False,observed_curve,,,,,,,,,,
main,Agglomerative-average,5.0,46,-1.0,continuous,0,8830,861.0,91.11546795996286,3.0468453595141343,3.046552038389584,5.401243053828238,6.376184731983627,8.216740069437929,False,False,False,False,False,observed_curve,,,,,,,,,,
main,Agglomerative-average,5.0,47,-1.0,continuous,0,8839,852.0,91.20833763285523,3.036325796274203,3.040268424190649,5.401243053828238,6.279119102063728,7.814980084503154,False,False,False,False,False,observed_curve,,,,,,,,,,
main,Agglomerative-average,5.0,48,-1.0,continuous,0,9044,647.0,93.32370240429265,2.9682872258845343,2.989053966655534,5.223380611557858,6.122592764524508,7.814980084503154,False,False,False,False,False,observed_curve,,,,,,,,,,
main,Agglomerative-average,5.0,49,-1.0,continuous,0,9122,569.0,94.12857290269322,2.9269823655555043,2.9545480818021512,5.0762052203526125,6.074588939724234,7.814980084503154,False,False,False,False,False,observed_curve,,,,,,,,,,
main,Agglomerative-average,5.0,50,-1.0,continuous,0,9181,510.0,94.73738520276544,2.8838953776786025,2.9015168606674537,5.026890520186988,6.074588939724234,6.6061157974916425,False,False,False,False,False,observed_curve,,,,,,,,,,
main,Agglomerative-average,5.0,51,-1.0,continuous,0,9178,513.0,94.70642864513466,2.8721200934734483,2.860634006391245,5.034774549185108,6.074588939724234,6.6061157974916425,False,False,False,False,False,observed_curve,,,,,,,,,,
main,Agglomerative-average,5.0,52,-1.0,continuous,0,9188,503.0,94.80961717057065,2.8624624925793447,2.85726065515908,5.026890520186988,6.074588939724234,6.6061157974916425,False,False,False,False,False,observed_curve,,,,,,,,,,
main,Agglomerative-average,5.0,53,-1.0,continuous,0,9320,371.0,96.17170570632544,2.592813785533648,2.509739394628094,4.827381162382008,6.074588939724234,6.6061157974916425,True,False,False,True,False,observed_curve,,,,,,,,,,
main,Agglomerative-average,5.0,54,-1.0,continuous,0,9320,371.0,96.17170570632544,2.587061810733775,2.497230489893489,4.827381162382008,6.074588939724234,6.6061157974916425,True,False,False,False,False,observed_curve,,,,,,,,,,
main,Agglomerative-average,5.0,55,-1.0,continuous,0,9328,363.0,96.25425652667424,2.574120126669581,2.497230489893489,4.827381162382008,6.074588939724234,6.6061157974916425,True,False,False,False,False,observed_curve,,,,,,,,,,
main,Agglomerative-average,5.0,56,-1.0,continuous,0,9337,354.0,96.3471261995666,2.5381683507935806,2.44551132555627,4.827381162382008,6.074588939724234,6.6061157974916425,True,False,False,False,False,observed_curve,,,,,,,,,,
main,Agglomerative-average,5.0,57,-1.0,continuous,0,9339,352.0,96.3677639046538,2.537059019833501,2.44551132555627,4.827381162382008,6.074588939724234,6.6061157974916425,True,False,False,False,False,observed_curve,,,,,,,,,,
main,Agglomerative-average,5.0,58,-1.0,continuous,0,9360,331.0,96.58445980806934,2.507673062292378,2.4322965662599145,4.82220886624762,6.074588939724234,6.6061157974916425,True,False,False,False,False,observed_curve,,,,,,,,,,
main,Agglomerative-average,5.0,59,-1.0,continuous,0,9457,234.0,97.58538850479826,2.390644253490531,2.3917744573962647,4.458315125934264,6.074588939724234,6.6061157974916425,True,False,False,False,False,observed_curve,,,,,,,,,,
main,Agglomerative-average,5.0,60,-1.0,continuous,0,9472,219.0,97.74017129295224,2.3700097312257684,2.376320300124211,4.447733315343407,6.074588939724234,6.6061157974916425,True,False,False,False,False,observed_curve,,,,,,,,,,
main,Agglomerative-average,5.0,61,-1.0,continuous,0,9588,103.0,98.93715818800948,2.270078170827856,2.2893101439203702,4.27498630764533,5.07790754061223,6.6061157974916425,True,False,False,False,False,observed_curve,,,,,,,,,,
main,Agglomerative-average,5.0,62,-1.0,continuous,0,9588,103.0,98.93715818800948,2.258378862590715,2.2703204696820345,4.27498630764533,5.07790754061223,6.6061157974916425,True,False,False,False,False,observed_curve,,,,,,,,,,
main,Agglomerative-average,5.0,63,-1.0,continuous,0,9592,99.0,98.97843359818388,2.252018914890468,2.2607503746687483,4.2266843426450365,5.07790754061223,6.3184556937964205,True,False,False,True,False,observed_curve,,,,,,,,,,
main,Agglomerative-average,5.0,64,-1.0,continuous,0,9593,98.0,98.98875245072747,2.241016411589839,2.223449214841787,4.2266843426450365,5.07790754061223,6.3184556937964205,True,False,False,False,False,observed_curve,,,,,,,,,,
main,Agglomerative-average,5.0,65,-1.0,continuous,0,9593,98.0,98.98875245072747,2.232599507337577,2.219015137979191,4.2266843426450365,5.07790754061223,6.3184556937964205,True,False,False,False,False,observed_curve,,,,,,,,,,
main,Agglomerative-average,5.0,66,-1.0,continuous,0,9599,92.0,99.05066556598906,2.2284728456345224,2.219015137979191,4.2266843426450365,4.960483637438683,6.3184556937964205,True,False,False,False,False,observed_curve,,,,,,,,,,
main,Agglomerative-average,5.0,67,-1.0,continuous,0,9610,81.0,99.16417294396864,2.198156983014296,2.1807939607495213,4.221607862283872,4.845975356970814,6.3184556937964205,True,False,False,False,False,observed_curve,,,,,,,,,,
main,Agglomerative-average,5.0,68,-1.0,continuous,0,9626,65.0,99.32927458466618,2.1845296003727928,2.1657445594566505,4.1250777326403885,4.715188240259613,6.3184556937964205,True,False,False,False,False,observed_curve,,,,,,,,,,
main,Agglomerative-average,5.0,69,-1.0,continuous,0,9637,54.0,99.44278196264575,2.175151746365234,2.1574845068740243,4.0756347498884615,4.594922403142545,6.151837255478808,True,False,False,True,False,observed_curve,,,,,,,,,,
main,Agglomerative-average,5.0,70,-1.0,continuous,0,9637,54.0,99.44278196264575,2.149765817299231,2.1169750486379533,4.003640689895725,4.574236749069008,6.151837255478808,True,False,False,False,False,observed_curve,,,,,,,,,,
main,Agglomerative-average,5.0,71,-1.0,continuous,0,9641,50.0,99.48405737282016,2.127261924368895,2.0677693144323674,3.929830120008898,4.510880951792637,6.151837255478808,True,False,False,False,False,observed_curve,,,,,,,,,,
main,Agglomerative-average,5.0,72,-1.0,continuous,0,9641,50.0,99.48405737282016,2.1229020435429766,2.055043321392405,3.929830120008898,4.510880951792637,6.151837255478808,True,False,False,False,False,observed_curve,,,,,,,,,,
main,Agglomerative-average,5.0,73,-1.0,continuous,0,9641,50.0,99.48405737282016,1.902387347400516,1.7785243657310024,3.711202763536149,4.510880951792637,6.151837255478808,True,False,False,False,False,observed_curve,,,,,,,,,,
main,Agglomerative-average,5.0,74,-1.0,continuous,0,9645,46.0,99.52533278299452,1.898542969318272,1.7785243657310024,3.711202763536149,4.510880951792637,6.070167755809706,True,False,False,True,False,observed_curve,,,,,,,,,,
main,Agglomerative-average,5.0,75,-1.0,continuous,0,9648,43.0,99.55628934062533,1.8965983321897617,1.7785243657310024,3.701061131156907,4.510880951792637,6.070167755809706,True,False,False,False,False,observed_curve,,,,,,,,,,
main,Agglomerative-average,5.0,76,-1.0,continuous,0,9652,39.0,99.5975647507997,1.8754512992510997,1.7695933504633763,3.680751768888459,4.474325978399838,6.070167755809706,True,False,False,False,False,observed_curve,,,,,,,,,,
main,Agglomerative-average,5.0,77,-1.0,continuous,0,9657,34.0,99.6491590135177,1.8710265920149165,1.755401893024153,3.680751768888459,4.474325978399838,6.070167755809706,True,False,False,False,False,observed_curve,,,,,,,,,,
main,Agglomerative-average,5.0,78,-1.0,continuous,0,9667,24.0,99.75234753895369,1.8456442992390585,1.7349100582268444,3.498729457991359,4.458315125934264,6.070167755809706,True,False,False,False,False,observed_curve,,,,,,,,,,
main,Agglomerative-average,5.0,79,-1.0,continuous,0,9667,24.0,99.75234753895369,1.8429214027888177,1.7349100582268444,3.4896240717152778,4.458315125934264,6.070167755809706,True,False,False,False,False,observed_curve,,,,,,,,,,
main,Agglomerative-average,5.0,80,-1.0,continuous,0,9668,23.0,99.76266639149726,1.8294905424460768,1.7316710679737055,3.437991407002272,4.458315125934264,6.070167755809706,True,False,False,False,False,observed_curve,,,,,,,,,,
main,Agglomerative-average,5.0,81,-1.0,continuous,0,9668,23.0,99.76266639149726,1.82912692420334,1.7316710679737055,3.437991407002272,4.458315125934264,6.070167755809706,True,False,False,False,False,observed_curve,,,,,,,,,,
main,Agglomerative-average,5.0,82,-1.0,continuous,0,9670,21.0,99.78330409658446,1.78149385048697,1.717959689217956,3.274300776942698,4.458315125934264,6.070167755809706,True,False,False,False,False,observed_curve,,,,,,,,,,
main,Agglomerative-average,5.0,83,-1.0,continuous,0,9691,0.0,100.0,1.7125461989332655,1.6684909394435494,3.122646551400562,3.8002380362871087,4.65998641001609,True,False,True,True,False,observed_curve,,,,,,,,,,
main,Agglomerative-average,5.0,84,-1.0,continuous,0,9691,0.0,100.0,1.7041915000418295,1.6603153101950785,3.145808976790736,3.74886426620628,4.65998641001609,True,False,True,False,False,observed_curve,,,,,,,,,,
main,Agglomerative-average,5.0,85,-1.0,continuous,0,9691,0.0,100.0,1.6582294042984005,1.5614510263524286,3.145808976790736,3.74886426620628,4.65998641001609,True,False,False,False,False,observed_curve,,,,,,,,,,
main,Agglomerative-average,5.0,86,-1.0,continuous,0,9691,0.0,100.0,1.6562422637267864,1.5593393825849664,3.1319345099837386,3.74886426620628,4.65998641001609,True,False,False,False,False,observed_curve,,,,,,,,,,
main,Agglomerative-average,5.0,87,-1.0,continuous,0,9691,0.0,100.0,1.6459139080785317,1.5582617227321849,3.122646551400562,3.711202763536149,4.65998641001609,True,False,True,False,False,observed_curve,,,,,,,,,,
main,Agglomerative-average,5.0,88,-1.0,continuous,0,9691,0.0,100.0,1.6435749667774668,1.5582617227321849,3.122646551400562,3.711202763536149,4.65998641001609,True,False,False,False,False,observed_curve,,,,,,,,,,
main,Agglomerative-average,5.0,89,-1.0,continuous,0,9691,0.0,100.0,1.6149943587116862,1.5419886065517272,3.094070326983273,3.4896240717152778,4.65998641001609,True,False,True,False,False,observed_curve,,,,,,,,,,
main,Agglomerative-average,5.0,90,-1.0,continuous,0,9691,0.0,100.0,1.6139766004465,1.5419886065517272,3.0828622219868387,3.4896240717152778,4.65998641001609,True,False,False,False,False,observed_curve,,,,,,,,,,
main,Agglomerative-average,5.0,91,-1.0,continuous,0,9691,0.0,100.0,1.6127969970902267,1.5419886065517272,3.0828622219868387,3.471787750984701,4.65998641001609,True,False,True,False,False,observed_curve,,,,,,,,,,
main,Agglomerative-average,5.0,92,-1.0,continuous,0,9691,0.0,100.0,1.6093713129079157,1.5419886065517272,3.046673536759157,3.444244071188757,4.65998641001609,True,False,True,False,False,observed_curve,,,,,,,,,,
main,Agglomerative-average,5.0,93,-1.0,continuous,0,9691,0.0,100.0,1.6036631113898967,1.5419886065517272,3.045146240167273,3.437991407002272,4.65998641001609,True,False,True,False,False,observed_curve,,,,,,,,,,
main,Agglomerative-average,5.0,94,-1.0,continuous,0,9691,0.0,100.0,1.569726970148477,1.497908263800218,3.0108251579469067,3.4271117566805915,4.65998641001609,True,False,True,False,False,observed_curve,,,,,,,,,,
main,Agglomerative-average,5.0,95,-1.0,continuous,0,9691,0.0,100.0,1.568662387927552,1.497908263800218,3.0108251579469067,3.4260188642915512,4.65998641001609,True,False,True,False,False,observed_curve,,,,,,,,,,
main,Agglomerative-average,5.0,96,-1.0,continuous,0,9691,0.0,100.0,1.5646524987294366,1.497908263800218,3.0326863782264724,3.406407555327308,4.65998641001609,True,False,True,False,False,observed_curve,,,,,,,,,,
main,Agglomerative-average,5.0,97,-1.0,continuous,0,9691,0.0,100.0,1.5540511701551172,1.487063957810696,3.004807101915167,3.2696822982933624,4.65998641001609,True,False,True,False,False,observed_curve,,,,,,,,,,
main,Agglomerative-average,5.0,98,-1.0,continuous,0,9691,0.0,100.0,1.5536967120767322,1.487063957810696,3.004807101915167,3.2692502478373693,4.65998641001609,True,False,True,False,False,observed_curve,,,,,,,,,,
main,Agglomerative-average,5.0,99,-1.0,continuous,0,9691,0.0,100.0,1.5449798967395507,1.4796854338267538,2.998413494359941,3.267474924527236,4.65998641001609,True,False,True,False,False,observed_curve,,,,,,,,,,
main,Agglomerative-average,10.0,1,-1.0,continuous,20,2478,7213.0,25.570116603033743,18.042663746156027,14.629005418617778,42.16889716983084,54.527968353498565,78.96300548880382,False,False,False,False,False,observed_curve,,,,,,,,,,
main,Agglomerative-average,10.0,2,-1.0,continuous,20,2459,7232.0,25.3740584047054,17.567072821864127,14.54084069916825,40.11320721461514,48.39011259951244,57.95196363829192,False,False,False,False,False,observed_curve,,,,,,,,,,
main,Agglomerative-average,10.0,3,-1.0,continuous,18,2493,7198.0,25.7248993911877,17.14335681935327,14.512021373391596,36.52617815788724,48.39011259951244,57.00749638345982,False,False,False,False,False,observed_curve,,,,,,,,,,
main,Agglomerative-average,10.0,4,-1.0,continuous,17,2596,7095.0,26.787741203178207,14.876815879390092,13.628789910221675,30.279916509830755,41.28846994623245,51.45261289887302,False,False,False,False,False,observed_curve,,,,,,,,,,
main,Agglomerative-average,10.0,5,-1.0,continuous,14,3535,6156.0,36.47714374161593,13.664700587417872,13.017250486532266,28.6214915660554,41.28846994623245,51.45261289887302,False,False,False,False,False,observed_curve,,,,,,,,,,
main,Agglomerative-average,10.0,6,-1.0,continuous,14,4779,4912.0,49.31379630585079,10.895417422255065,10.36784310028962,21.717003048387213,27.477367985854567,37.89053521339129,False,False,False,False,False,observed_curve,,,,,,,,,,
main,Agglomerative-average,10.0,7,-1.0,continuous,8,6252,3439.0,64.5134661025694,8.935608547378633,8.853596511298278,16.131294278871195,24.918776940982124,34.86600959988491,False,False,False,False,False,observed_curve,,,,,,,,,,
main,Agglomerative-average,10.0,8,-1.0,continuous,6,6266,3425.0,64.65793003817976,8.724183591749648,8.737361441058896,15.82770205870707,22.33137739635082,30.727425808952784,False,False,False,False,False,observed_curve,,,,,,,,,,
main,Agglomerative-average,10.0,9,-1.0,continuous,4,6386,3305.0,65.89619234341141,8.455956769015048,8.610123768830682,15.020568646583524,20.39270638792592,28.062875601084777,False,False,False,False,False,observed_curve,,,,,,,,,,
main,Agglomerative-average,10.0,10,-1.0,continuous,3,6463,3228.0,66.6907439892684,8.348087055551549,8.582661072702482,14.446409600989,18.127987716493784,25.27620007575879,False,False,False,False,False,observed_curve,,,,,,,,,,
main,Agglomerative-average,10.0,11,-1.0,continuous,3,6597,3094.0,68.07347023011042,8.18284018153693,8.402064787678771,14.012698529328372,18.127987716493784,25.27620007575879,False,False,False,False,False,observed_curve,,,,,,,,,,
main,Agglomerative-average,10.0,12,-1.0,continuous,3,6698,2993.0,69.11567433701373,7.939657572051583,8.24654463189432,13.866799803002714,16.131294278871195,21.284670605437174,False,False,False,False,False,observed_curve,,,,,,,,,,
main,Agglomerative-average,10.0,13,-1.0,continuous,2,6744,2947.0,69.59034155401919,7.861683213953462,8.21695083203251,13.408350707043104,16.131294278871195,21.284670605437174,False,False,False,False,False,observed_curve,,,,,,,,,,
main,Agglomerative-average,10.0,14,-1.0,continuous,1,6840,2851.0,70.58095139820452,7.762025584489906,8.059561381131205,13.383345743864474,16.131294278871195,18.123691003342817,False,False,False,False,False,observed_curve,,,,,,,,,,
main,Agglomerative-average,10.0,15,-1.0,continuous,1,6842,2849.0,70.60158910329172,7.758357680574337,8.075161421354144,13.383345743864474,16.131294278871195,16.131294278871195,False,False,False,False,False,observed_curve,,,,,,,,,,
main,Agglomerative-average,10.0,16,-1.0,continuous,1,8152,1539.0,84.11928593540398,6.108355867786305,5.33418281532678,12.489776729654851,14.147208257942635,15.59567751556931,False,False,False,False,False,observed_curve,,,,,,,,,,
main,Agglomerative-average,10.0,17,-1.0,continuous,1,8179,1512.0,84.39789495408111,6.080751766403683,5.33418281532678,12.476377669858032,14.147208257942635,15.264598378487984,False,False,False,False,False,observed_curve,,,,,,,,,,
main,Agglomerative-average,10.0,18,-1.0,continuous,1,8600,1091.0,88.74213187493551,5.608674585244473,4.788572009062122,11.7571823085408,13.739782713382876,15.264598378487984,False,False,False,False,False,observed_curve,,,,,,,,,,
main,Agglomerative-average,10.0,19,-1.0,continuous,1,8601,1090.0,88.7524507274791,5.606582263373343,4.788572009062122,11.7571823085408,13.739782713382876,15.028174073015018,False,False,False,False,False,observed_curve,,,,,,,,,,
main,Agglomerative-average,10.0,20,-1.0,continuous,1,8807,884.0,90.87813435146012,5.37669572227993,4.66320430690904,10.993631897795147,13.739782713382876,15.028174073015018,False,False,False,False,False,observed_curve,,,,,,,,,,
main,Agglomerative-average,10.0,21,-1.0,continuous,1,9066,625.0,93.55071716025178,5.140124251208212,4.61101598968782,10.310854781263936,11.959655788973164,12.800187193199797,False,False,False,False,False,observed_curve,,,,,,,,,,
main,Agglomerative-average,10.0,22,-1.0,continuous,1,9076,615.0,93.65390568568776,5.082537795301607,4.604597663299725,10.310854781263936,11.934374202404692,12.598147455231135,False,False,False,False,False,observed_curve,,,,,,,,,,
main,Agglomerative-average,10.0,23,-1.0,continuous,1,9105,586.0,93.95315240945207,5.053893579283417,4.587893218187099,10.310854781263936,11.55761042228986,12.598147455231135,False,False,False,False,False,observed_curve,,,,,,,,,,
main,Agglomerative-average,10.0,24,-1.0,continuous,1,9364,327.0,96.62573521824372,4.561596715106918,4.408823631505559,9.426878849649029,11.472124793185078,12.598147455231135,True,False,False,True,False,observed_curve,,,,,,,,,,
main,Agglomerative-average,10.0,25,-1.0,continuous,1,9525,166.0,98.28707047776288,4.382116615520959,4.260490236144937,8.385381131915626,10.709667211316724,12.598147455231135,True,False,False,False,False,observed_curve,,,,,,,,,,
main,Agglomerative-average,10.0,26,-1.0,continuous,1,9525,166.0,98.28707047776288,4.363955029829012,4.216943567355201,8.28152751266103,10.709667211316724,12.598147455231135,True,False,False,False,False,observed_curve,,,,,,,,,,
main,Agglomerative-average,10.0,27,-1.0,continuous,1,9610,81.0,99.16417294396864,4.071899730114558,3.8699275216287456,7.714821352406675,9.764083880591675,12.156017938698778,True,False,False,True,False,observed_curve,,,,,,,,,,
main,Agglomerative-average,10.0,28,-1.0,continuous,1,9653,38.0,99.60788360334332,3.905329931610999,3.759425042818546,7.244095536309953,9.11294173114528,10.999326247942642,True,False,True,True,False,observed_curve,,,,,,,,,,
main,Agglomerative-average,10.0,29,-1.0,continuous,1,9653,38.0,99.60788360334332,3.891820466359835,3.759156235528089,7.1124665644004486,8.82083436279977,10.999326247942642,True,False,False,False,False,observed_curve,,,,,,,,,,
main,Agglomerative-average,10.0,30,-1.0,continuous,1,9653,38.0,99.60788360334332,3.887196154069051,3.757451545281461,7.1124665644004486,8.82083436279977,10.999326247942642,True,False,False,False,False,observed_curve,,,,,,,,,,
main,Agglomerative-average,10.0,31,-1.0,continuous,1,9655,36.0,99.6285213084305,3.8528544325402887,3.7368146113299816,6.851064448832453,8.538942798390064,10.466489720462356,True,False,False,True,False,observed_curve,,,,,,,,,,
main,Agglomerative-average,10.0,32,-1.0,continuous,1,9655,36.0,99.6285213084305,3.8423578569725145,3.7368146113299816,6.851064448832453,8.538942798390064,10.466489720462356,True,False,False,False,False,observed_curve,,,,,,,,,,
main,Agglomerative-average,10.0,33,-1.0,continuous,0,9690,1.0,99.9896811474564,3.785619368624516,3.6818876026822,6.711704294801131,8.346968699847071,10.466489720462356,True,False,False,False,False,observed_curve,,,,,,,,,,
main,Agglomerative-average,10.0,34,-1.0,continuous,0,9691,0.0,100.0,3.7737819257581817,3.6589698987170527,6.711704294801131,8.338637394682525,9.84878994268547,True,False,False,True,False,observed_curve,,,,,,,,,,
main,Agglomerative-average,10.0,35,-1.0,continuous,0,9691,0.0,100.0,3.6797347044971054,3.626139830003187,6.53257559707606,7.944830879713228,9.340114652358038,True,False,False,True,False,observed_curve,,,,,,,,,,
main,Agglomerative-average,10.0,36,-1.0,continuous,0,9691,0.0,100.0,3.542164339071993,3.4837932354676,6.53257559707606,7.714821352406675,9.340114652358038,True,False,False,False,False,observed_curve,,,,,,,,,,
main,Agglomerative-average,10.0,37,-1.0,continuous,0,9691,0.0,100.0,3.5399001165505486,3.4824908284990417,6.53257559707606,7.714821352406675,9.340114652358038,True,False,False,False,False,observed_curve,,,,,,,,,,
main,Agglomerative-average,10.0,38,-1.0,continuous,0,9691,0.0,100.0,3.507994645283261,3.4392687313459787,6.429777106794323,7.714821352406675,9.340114652358038,True,False,False,False,False,observed_curve,,,,,,,,,,
main,Agglomerative-average,10.0,39,-1.0,continuous,0,9691,0.0,100.0,3.3987857393168834,3.336595433011452,6.3907846922487765,6.752987384132658,8.974275395140166,True,False,False,False,False,observed_curve,,,,,,,,,,
main,Agglomerative-average,10.0,40,-1.0,continuous,0,9691,0.0,100.0,3.200262205590436,3.151454182836038,5.889616911216568,6.655953678940101,8.974275395140166,True,False,False,False,False,observed_curve,,,,,,,,,,
main,Agglomerative-average,10.0,41,-1.0,continuous,0,9691,0.0,100.0,3.177409132549001,3.1265329550210303,5.889616911216568,6.576609948746143,8.974275395140166,True,False,False,False,False,observed_curve,,,,,,,,,,
main,Agglomerative-average,10.0,42,-1.0,continuous,0,9691,0.0,100.0,3.133587248211865,3.0815305466609977,5.782446111969735,6.568104811739046,8.974275395140166,True,False,False,False,False,observed_curve,,,,,,,,,,
main,Agglomerative-average,10.0,43,-1.0,continuous,0,9691,0.0,100.0,3.126806899727437,3.0771512566200654,5.782446111969735,6.541397923263205,8.974275395140166,True,False,False,False,False,observed_curve,,,,,,,,,,
main,Agglomerative-average,10.0,44,-1.0,continuous,0,9691,0.0,100.0,3.096694287786592,3.0701250666536857,5.562857553486088,6.412858466062452,8.974275395140166,True,False,False,False,False,observed_curve,,,,,,,,,,
main,Agglomerative-average,10.0,45,-1.0,continuous,0,9691,0.0,100.0,3.0734926896892363,3.051317398429568,5.425354774826384,6.376184731983627,8.216740069437929,True,False,False,True,False,observed_curve,,,,,,,,,,
main,Agglomerative-average,10.0,46,-1.0,continuous,0,9691,0.0,100.0,3.0468453595141343,3.046552038389584,5.401243053828238,6.376184731983627,8.216740069437929,True,False,False,False,False,observed_curve,,,,,,,,,,
main,Agglomerative-average,10.0,47,-1.0,continuous,0,9691,0.0,100.0,3.036325796274203,3.040268424190649,5.401243053828238,6.279119102063728,7.814980084503154,True,False,False,True,False,observed_curve,,,,,,,,,,
main,Agglomerative-average,10.0,48,-1.0,continuous,0,9691,0.0,100.0,2.9682872258845343,2.989053966655534,5.223380611557858,6.122592764524508,7.814980084503154,True,False,False,False,False,observed_curve,,,,,,,,,,
main,Agglomerative-average,10.0,49,-1.0,continuous,0,9691,0.0,100.0,2.9269823655555043,2.9545480818021512,5.0762052203526125,6.074588939724234,7.814980084503154,True,False,False,False,False,observed_curve,,,,,,,,,,
main,Agglomerative-average,10.0,50,-1.0,continuous,0,9691,0.0,100.0,2.8838953776786025,2.9015168606674537,5.026890520186988,6.074588939724234,6.6061157974916425,True,False,False,True,False,observed_curve,,,,,,,,,,
main,Agglomerative-average,10.0,51,-1.0,continuous,0,9691,0.0,100.0,2.8721200934734483,2.860634006391245,5.034774549185108,6.074588939724234,6.6061157974916425,True,False,False,False,False,observed_curve,,,,,,,,,,
main,Agglomerative-average,10.0,52,-1.0,continuous,0,9691,0.0,100.0,2.8624624925793447,2.85726065515908,5.026890520186988,6.074588939724234,6.6061157974916425,True,False,False,False,False,observed_curve,,,,,,,,,,
main,Agglomerative-average,10.0,53,-1.0,continuous,0,9691,0.0,100.0,2.592813785533648,2.509739394628094,4.827381162382008,6.074588939724234,6.6061157974916425,True,False,False,False,False,observed_curve,,,,,,,,,,
main,Agglomerative-average,10.0,54,-1.0,continuous,0,9691,0.0,100.0,2.587061810733775,2.497230489893489,4.827381162382008,6.074588939724234,6.6061157974916425,True,False,False,False,False,observed_curve,,,,,,,,,,
main,Agglomerative-average,10.0,55,-1.0,continuous,0,9691,0.0,100.0,2.574120126669581,2.497230489893489,4.827381162382008,6.074588939724234,6.6061157974916425,True,False,False,False,False,observed_curve,,,,,,,,,,
main,Agglomerative-average,10.0,56,-1.0,continuous,0,9691,0.0,100.0,2.5381683507935806,2.44551132555627,4.827381162382008,6.074588939724234,6.6061157974916425,True,False,False,False,False,observed_curve,,,,,,,,,,
main,Agglomerative-average,10.0,57,-1.0,continuous,0,9691,0.0,100.0,2.537059019833501,2.44551132555627,4.827381162382008,6.074588939724234,6.6061157974916425,True,False,False,False,False,observed_curve,,,,,,,,,,
main,Agglomerative-average,10.0,58,-1.0,continuous,0,9691,0.0,100.0,2.507673062292378,2.4322965662599145,4.82220886624762,6.074588939724234,6.6061157974916425,True,False,False,False,False,observed_curve,,,,,,,,,,
main,Agglomerative-average,10.0,59,-1.0,continuous,0,9691,0.0,100.0,2.390644253490531,2.3917744573962647,4.458315125934264,6.074588939724234,6.6061157974916425,True,False,False,False,False,observed_curve,,,,,,,,,,
main,Agglomerative-average,10.0,60,-1.0,continuous,0,9691,0.0,100.0,2.3700097312257684,2.376320300124211,4.447733315343407,6.074588939724234,6.6061157974916425,True,False,False,False,False,observed_curve,,,,,,,,,,
main,Agglomerative-average,10.0,61,-1.0,continuous,0,9691,0.0,100.0,2.270078170827856,2.2893101439203702,4.27498630764533,5.07790754061223,6.6061157974916425,True,False,False,False,False,observed_curve,,,,,,,,,,
main,Agglomerative-average,10.0,62,-1.0,continuous,0,9691,0.0,100.0,2.258378862590715,2.2703204696820345,4.27498630764533,5.07790754061223,6.6061157974916425,True,False,False,False,False,observed_curve,,,,,,,,,,
main,Agglomerative-average,10.0,63,-1.0,continuous,0,9691,0.0,100.0,2.252018914890468,2.2607503746687483,4.2266843426450365,5.07790754061223,6.3184556937964205,True,False,False,True,False,observed_curve,,,,,,,,,,
main,Agglomerative-average,10.0,64,-1.0,continuous,0,9691,0.0,100.0,2.241016411589839,2.223449214841787,4.2266843426450365,5.07790754061223,6.3184556937964205,True,False,False,False,False,observed_curve,,,,,,,,,,
main,Agglomerative-average,10.0,65,-1.0,continuous,0,9691,0.0,100.0,2.232599507337577,2.219015137979191,4.2266843426450365,5.07790754061223,6.3184556937964205,True,False,False,False,False,observed_curve,,,,,,,,,,
main,Agglomerative-average,10.0,66,-1.0,continuous,0,9691,0.0,100.0,2.2284728456345224,2.219015137979191,4.2266843426450365,4.960483637438683,6.3184556937964205,True,False,False,False,False,observed_curve,,,,,,,,,,
main,Agglomerative-average,10.0,67,-1.0,continuous,0,9691,0.0,100.0,2.198156983014296,2.1807939607495213,4.221607862283872,4.845975356970814,6.3184556937964205,True,False,False,False,False,observed_curve,,,,,,,,,,
main,Agglomerative-average,10.0,68,-1.0,continuous,0,9691,0.0,100.0,2.1845296003727928,2.1657445594566505,4.1250777326403885,4.715188240259613,6.3184556937964205,True,False,False,False,False,observed_curve,,,,,,,,,,
main,Agglomerative-average,10.0,69,-1.0,continuous,0,9691,0.0,100.0,2.175151746365234,2.1574845068740243,4.0756347498884615,4.594922403142545,6.151837255478808,True,False,False,True,False,observed_curve,,,,,,,,,,
main,Agglomerative-average,10.0,70,-1.0,continuous,0,9691,0.0,100.0,2.149765817299231,2.1169750486379533,4.003640689895725,4.574236749069008,6.151837255478808,True,False,False,False,False,observed_curve,,,,,,,,,,
main,Agglomerative-average,10.0,71,-1.0,continuous,0,9691,0.0,100.0,2.127261924368895,2.0677693144323674,3.929830120008898,4.510880951792637,6.151837255478808,True,False,False,False,False,observed_curve,,,,,,,,,,
main,Agglomerative-average,10.0,72,-1.0,continuous,0,9691,0.0,100.0,2.1229020435429766,2.055043321392405,3.929830120008898,4.510880951792637,6.151837255478808,True,False,False,False,False,observed_curve,,,,,,,,,,
main,Agglomerative-average,10.0,73,-1.0,continuous,0,9691,0.0,100.0,1.902387347400516,1.7785243657310024,3.711202763536149,4.510880951792637,6.151837255478808,True,False,False,False,False,observed_curve,,,,,,,,,,
main,Agglomerative-average,10.0,74,-1.0,continuous,0,9691,0.0,100.0,1.898542969318272,1.7785243657310024,3.711202763536149,4.510880951792637,6.070167755809706,True,False,False,True,False,observed_curve,,,,,,,,,,
main,Agglomerative-average,10.0,75,-1.0,continuous,0,9691,0.0,100.0,1.8965983321897617,1.7785243657310024,3.701061131156907,4.510880951792637,6.070167755809706,True,False,False,False,False,observed_curve,,,,,,,,,,
main,Agglomerative-average,10.0,76,-1.0,continuous,0,9691,0.0,100.0,1.8754512992510997,1.7695933504633763,3.680751768888459,4.474325978399838,6.070167755809706,True,False,False,False,False,observed_curve,,,,,,,,,,
main,Agglomerative-average,10.0,77,-1.0,continuous,0,9691,0.0,100.0,1.8710265920149165,1.755401893024153,3.680751768888459,4.474325978399838,6.070167755809706,True,False,False,False,False,observed_curve,,,,,,,,,,
main,Agglomerative-average,10.0,78,-1.0,continuous,0,9691,0.0,100.0,1.8456442992390585,1.7349100582268444,3.498729457991359,4.458315125934264,6.070167755809706,True,False,False,False,False,observed_curve,,,,,,,,,,
main,Agglomerative-average,10.0,79,-1.0,continuous,0,9691,0.0,100.0,1.8429214027888177,1.7349100582268444,3.4896240717152778,4.458315125934264,6.070167755809706,True,False,False,False,False,observed_curve,,,,,,,,,,
main,Agglomerative-average,10.0,80,-1.0,continuous,0,9691,0.0,100.0,1.8294905424460768,1.7316710679737055,3.437991407002272,4.458315125934264,6.070167755809706,True,False,False,False,False,observed_curve,,,,,,,,,,
main,Agglomerative-average,10.0,81,-1.0,continuous,0,9691,0.0,100.0,1.82912692420334,1.7316710679737055,3.437991407002272,4.458315125934264,6.070167755809706,True,False,False,False,False,observed_curve,,,,,,,,,,
main,Agglomerative-average,10.0,82,-1.0,continuous,0,9691,0.0,100.0,1.78149385048697,1.717959689217956,3.274300776942698,4.458315125934264,6.070167755809706,True,False,False,False,False,observed_curve,,,,,,,,,,
main,Agglomerative-average,10.0,83,-1.0,continuous,0,9691,0.0,100.0,1.7125461989332655,1.6684909394435494,3.122646551400562,3.8002380362871087,4.65998641001609,True,False,True,True,False,observed_curve,,,,,,,,,,
main,Agglomerative-average,10.0,84,-1.0,continuous,0,9691,0.0,100.0,1.7041915000418295,1.6603153101950785,3.145808976790736,3.74886426620628,4.65998641001609,True,False,True,False,False,observed_curve,,,,,,,,,,
main,Agglomerative-average,10.0,85,-1.0,continuous,0,9691,0.0,100.0,1.6582294042984005,1.5614510263524286,3.145808976790736,3.74886426620628,4.65998641001609,True,False,False,False,False,observed_curve,,,,,,,,,,
main,Agglomerative-average,10.0,86,-1.0,continuous,0,9691,0.0,100.0,1.6562422637267864,1.5593393825849664,3.1319345099837386,3.74886426620628,4.65998641001609,True,False,False,False,False,observed_curve,,,,,,,,,,
main,Agglomerative-average,10.0,87,-1.0,continuous,0,9691,0.0,100.0,1.6459139080785317,1.5582617227321849,3.122646551400562,3.711202763536149,4.65998641001609,True,False,True,False,False,observed_curve,,,,,,,,,,
main,Agglomerative-average,10.0,88,-1.0,continuous,0,9691,0.0,100.0,1.6435749667774668,1.5582617227321849,3.122646551400562,3.711202763536149,4.65998641001609,True,False,False,False,False,observed_curve,,,,,,,,,,
main,Agglomerative-average,10.0,89,-1.0,continuous,0,9691,0.0,100.0,1.6149943587116862,1.5419886065517272,3.094070326983273,3.4896240717152778,4.65998641001609,True,False,True,False,False,observed_curve,,,,,,,,,,
main,Agglomerative-average,10.0,90,-1.0,continuous,0,9691,0.0,100.0,1.6139766004465,1.5419886065517272,3.0828622219868387,3.4896240717152778,4.65998641001609,True,False,False,False,False,observed_curve,,,,,,,,,,
main,Agglomerative-average,10.0,91,-1.0,continuous,0,9691,0.0,100.0,1.6127969970902267,1.5419886065517272,3.0828622219868387,3.471787750984701,4.65998641001609,True,False,True,False,False,observed_curve,,,,,,,,,,
main,Agglomerative-average,10.0,92,-1.0,continuous,0,9691,0.0,100.0,1.6093713129079157,1.5419886065517272,3.046673536759157,3.444244071188757,4.65998641001609,True,False,True,False,False,observed_curve,,,,,,,,,,
main,Agglomerative-average,10.0,93,-1.0,continuous,0,9691,0.0,100.0,1.6036631113898967,1.5419886065517272,3.045146240167273,3.437991407002272,4.65998641001609,True,False,True,False,False,observed_curve,,,,,,,,,,
main,Agglomerative-average,10.0,94,-1.0,continuous,0,9691,0.0,100.0,1.569726970148477,1.497908263800218,3.0108251579469067,3.4271117566805915,4.65998641001609,True,False,True,False,False,observed_curve,,,,,,,,,,
main,Agglomerative-average,10.0,95,-1.0,continuous,0,9691,0.0,100.0,1.568662387927552,1.497908263800218,3.0108251579469067,3.4260188642915512,4.65998641001609,True,False,True,False,False,observed_curve,,,,,,,,,,
main,Agglomerative-average,10.0,96,-1.0,continuous,0,9691,0.0,100.0,1.5646524987294366,1.497908263800218,3.0326863782264724,3.406407555327308,4.65998641001609,True,False,True,False,False,observed_curve,,,,,,,,,,
main,Agglomerative-average,10.0,97,-1.0,continuous,0,9691,0.0,100.0,1.5540511701551172,1.487063957810696,3.004807101915167,3.2696822982933624,4.65998641001609,True,False,True,False,False,observed_curve,,,,,,,,,,
main,Agglomerative-average,10.0,98,-1.0,continuous,0,9691,0.0,100.0,1.5536967120767322,1.487063957810696,3.004807101915167,3.2692502478373693,4.65998641001609,True,False,True,False,False,observed_curve,,,,,,,,,,
main,Agglomerative-average,10.0,99,-1.0,continuous,0,9691,0.0,100.0,1.5449798967395507,1.4796854338267538,2.998413494359941,3.267474924527236,4.65998641001609,True,False,True,False,False,observed_curve,,,,,,,,,,
main,Agglomerative-complete,3.0,1,-1.0,continuous,21,279,9412.0,2.878959859663605,18.042663746156027,14.629005418617778,42.16889716983084,54.527968353498565,78.96300548880382,False,False,False,False,False,observed_curve,,,,,,,,,,
main,Agglomerative-complete,3.0,2,-1.0,continuous,21,162,9529.0,1.6716541120627386,13.747724589911366,11.5736622126074,32.85946913708175,52.48271435871355,73.29284153326732,False,False,False,False,False,observed_curve,,,,,,,,,,
main,Agglomerative-complete,3.0,3,-1.0,continuous,21,576,9115.0,5.94365906511196,12.205243244320627,11.697233118688231,24.55320607280156,39.11545702415111,53.27868862231539,False,False,False,False,False,observed_curve,,,,,,,,,,
main,Agglomerative-complete,3.0,4,-1.0,continuous,19,650,9041.0,6.707254153338149,10.518732125623186,9.51508755918814,21.114927536293923,31.68283613485601,46.44767614647359,False,False,False,False,False,observed_curve,,,,,,,,,,
main,Agglomerative-complete,3.0,5,-1.0,continuous,18,666,9025.0,6.872355794035704,10.170538089475029,9.398303602114757,19.260312896602617,25.534980805246075,35.729834833357785,False,False,False,False,False,observed_curve,,,,,,,,,,
main,Agglomerative-complete,3.0,6,-1.0,continuous,17,695,8996.0,7.171602517800021,9.912342877343235,9.386393291869496,18.46366463079986,22.8886479497969,35.729834833357785,False,False,False,False,False,observed_curve,,,,,,,,,,
main,Agglomerative-complete,3.0,7,-1.0,continuous,16,796,8895.0,8.213806624703333,9.486456778999552,9.079916999624254,17.62447479025319,22.60445684015639,35.729834833357785,False,False,False,False,False,observed_curve,,,,,,,,,,
main,Agglomerative-complete,3.0,8,-1.0,continuous,13,883,8808.0,9.111546795996285,8.405996722254306,8.468140279308443,14.723597987480566,21.402564203218866,35.729834833357785,False,False,False,False,False,observed_curve,,,,,,,,,,
main,Agglomerative-complete,3.0,9,-1.0,continuous,13,898,8793.0,9.266329584150242,8.349031232099735,8.441442279085114,14.723597987480566,21.28232955902429,35.729834833357785,False,False,False,False,False,observed_curve,,,,,,,,,,
main,Agglomerative-complete,3.0,10,-1.0,continuous,13,951,8740.0,9.813228768960892,8.050638680300679,8.352333912880777,14.285649030110958,16.92591904307678,22.68194136977628,False,False,False,False,False,observed_curve,,,,,,,,,,
main,Agglomerative-complete,3.0,11,-1.0,continuous,12,981,8710.0,10.122794345268806,7.933224647965936,8.28152751266103,13.87632401738991,16.92591904307678,19.53130360714619,False,False,False,False,False,observed_curve,,,,,,,,,,
main,Agglomerative-complete,3.0,12,-1.0,continuous,11,983,8708.0,10.143432050356,7.928753775574678,8.28152751266103,13.866799803002714,16.92591904307678,18.52389733134627,False,False,False,False,False,observed_curve,,,,,,,,,,
main,Agglomerative-complete,3.0,13,-1.0,continuous,11,998,8693.0,10.298214838509958,7.24521227899118,7.153986936943793,13.690017300328044,16.321768444212715,18.52389733134627,False,False,False,False,False,observed_curve,,,,,,,,,,
main,Agglomerative-complete,3.0,14,-1.0,continuous,11,1271,8420.0,13.11526158291198,6.628856370290358,6.591369792897169,11.771173531027197,15.012696874599715,18.52389733134627,False,False,False,False,False,observed_curve,,,,,,,,,,
main,Agglomerative-complete,3.0,15,-1.0,continuous,9,1317,8374.0,13.58992879991745,6.571918808844995,6.591369792897169,11.55290854063152,14.138464885761694,18.52389733134627,False,False,False,False,False,observed_curve,,,,,,,,,,
main,Agglomerative-complete,3.0,16,-1.0,continuous,8,1377,8314.0,14.20905995253328,6.473017669493247,6.579728466021185,11.403385127906176,13.055396557651092,18.262858435686766,False,False,False,False,False,observed_curve,,,,,,,,,,
main,Agglomerative-complete,3.0,17,-1.0,continuous,9,1550,8141.0,15.994221442575586,6.138951646588828,6.071673872302225,10.724568270312163,12.314624982889564,18.262858435686766,False,False,False,False,False,observed_curve,,,,,,,,,,
main,Agglomerative-complete,3.0,18,-1.0,continuous,9,1646,8045.0,16.98483128676091,6.028614883935047,5.969027053816491,10.580331569730708,12.056220454770822,14.755872469842686,False,False,False,False,False,observed_curve,,,,,,,,,,
main,Agglomerative-complete,3.0,19,-1.0,continuous,9,2417,7274.0,24.94066659787432,4.815446102587158,4.46098189871679,9.760963339148043,12.056220454770822,14.755872469842686,False,False,False,False,False,observed_curve,,,,,,,,,,
main,Agglomerative-complete,3.0,20,-1.0,continuous,8,2420,7271.0,24.971623155505107,4.760022069445351,4.434188828702033,9.467046430118511,11.99229652370026,14.755872469842686,False,False,False,False,False,observed_curve,,,,,,,,,,
main,Agglomerative-complete,3.0,21,-1.0,continuous,6,2471,7220.0,25.49788463522856,4.6618063609413385,4.394571193407504,9.189040183494468,11.959655788973164,14.755872469842686,False,False,False,False,False,observed_curve,,,,,,,,,,
main,Agglomerative-complete,3.0,22,-1.0,continuous,6,2634,7057.0,27.1798575998349,4.493996569645858,4.2421042780655975,8.556412096277393,11.197362541686209,14.755872469842686,False,False,False,False,False,observed_curve,,,,,,,,,,
main,Agglomerative-complete,3.0,23,-1.0,continuous,5,2679,7012.0,27.64420596429677,4.326985805044826,4.131845511133928,8.28152751266103,10.718914349359856,14.755872469842686,False,False,False,False,False,observed_curve,,,,,,,,,,
main,Agglomerative-complete,3.0,24,-1.0,continuous,5,2684,7007.0,27.69580022701476,4.317318883429682,4.131599319689302,8.28152751266103,10.656059756504357,14.755872469842686,False,False,False,False,False,observed_curve,,,,,,,,,,
main,Agglomerative-complete,3.0,25,-1.0,continuous,5,3182,6509.0,32.83458879372614,4.025971750679229,3.7946539336301943,7.691510559102071,9.96902981632247,14.755872469842686,False,False,False,False,False,observed_curve,,,,,,,,,,
main,Agglomerative-complete,3.0,26,-1.0,continuous,5,3197,6494.0,32.98937158188009,4.007748470380597,3.809767297702973,7.555689679381871,9.93430130930167,14.755872469842686,False,False,False,False,False,observed_curve,,,,,,,,,,
main,Agglomerative-complete,3.0,27,-1.0,continuous,5,3241,6450.0,33.44340109379837,3.9728700304355153,3.776959169621557,7.392784109842227,9.93430130930167,14.755872469842686,False,False,False,False,False,observed_curve,,,,,,,,,,
main,Agglomerative-complete,3.0,28,-1.0,continuous,5,3270,6421.0,33.742647817562684,3.956474484655118,3.776959169621557,7.333398100795044,9.93430130930167,14.755872469842686,False,False,False,False,False,observed_curve,,,,,,,,,,
main,Agglomerative-complete,3.0,29,-1.0,continuous,5,3504,6187.0,36.15725931276442,3.778490169341913,3.694970971667144,7.075985794757434,8.370681331293659,14.755872469842686,False,False,False,False,False,observed_curve,,,,,,,,,,
main,Agglomerative-complete,3.0,30,-1.0,continuous,5,3543,6148.0,36.55969456196471,3.612906846532269,3.5805162741916208,6.290669316822721,8.11614840695746,14.755872469842686,False,False,False,False,False,observed_curve,,,,,,,,,,
main,Agglomerative-complete,3.0,31,-1.0,continuous,4,3591,6100.0,37.054999484057376,3.5863014080372118,3.5723083298210456,6.289594915920709,7.944830879713228,14.755872469842686,False,False,False,False,False,observed_curve,,,,,,,,,,
main,Agglomerative-complete,3.0,32,-1.0,continuous,3,3597,6094.0,37.11691259931896,3.574473138749409,3.5519791045088507,6.255435120546509,7.944830879713228,12.526406961586767,False,False,False,False,False,observed_curve,,,,,,,,,,
main,Agglomerative-complete,3.0,33,-1.0,continuous,2,3853,5838.0,39.75853885047982,3.4645187000664226,3.490676909674161,6.186065004770335,7.944830879713228,12.526406961586767,False,False,False,False,False,observed_curve,,,,,,,,,,
main,Agglomerative-complete,3.0,34,-1.0,continuous,2,3870,5821.0,39.93395934372098,3.4521998095102444,3.475891111080958,6.137455606537488,7.944830879713228,12.526406961586767,False,False,False,False,False,observed_curve,,,,,,,,,,
main,Agglomerative-complete,3.0,35,-1.0,continuous,1,3892,5799.0,40.16097409968012,3.429484277534541,3.4644691528700853,6.002062161988924,7.714821352406675,12.526406961586767,False,False,False,False,False,observed_curve,,,,,,,,,,
main,Agglomerative-complete,3.0,36,-1.0,continuous,1,4003,5688.0,41.3063667320194,3.383754904096141,3.419079469646902,5.842396536987005,7.714821352406675,12.526406961586767,False,False,False,False,False,observed_curve,,,,,,,,,,
main,Agglomerative-complete,3.0,37,-1.0,continuous,1,4004,5687.0,41.316685584563,3.3820090257579563,3.419079469646902,5.842396536987005,7.714821352406675,9.340114652358038,False,False,False,False,False,observed_curve,,,,,,,,,,
main,Agglomerative-complete,3.0,38,-1.0,continuous,1,4216,5475.0,43.50428232380559,3.2766110530545576,3.281595753859841,5.563816754791158,7.239760507525319,8.71734239281974,False,False,False,False,False,observed_curve,,,,,,,,,,
main,Agglomerative-complete,3.0,39,-1.0,continuous,0,4258,5433.0,43.93767413063667,3.255609031940411,3.281194099656412,5.452717541850318,7.142508035620501,8.71734239281974,False,False,False,False,False,observed_curve,,,,,,,,,,
main,Agglomerative-complete,3.0,40,-1.0,continuous,0,4325,5366.0,44.62903725105768,3.226265426404671,3.181508979638492,5.452717541850318,7.112949134260551,8.61340577817708,False,False,False,False,False,observed_curve,,,,,,,,,,
main,Agglomerative-complete,3.0,41,-1.0,continuous,0,5302,4389.0,54.7105561861521,2.8982016961387207,2.7839463794691013,5.452717541850318,7.112949134260551,8.61340577817708,False,False,False,False,False,observed_curve,,,,,,,,,,
main,Agglomerative-complete,3.0,42,-1.0,continuous,0,5398,4293.0,55.70116603033743,2.8503044661031165,2.73142304283636,5.35917057303148,7.081547264570739,8.61340577817708,False,False,False,False,False,observed_curve,,,,,,,,,,
main,Agglomerative-complete,3.0,43,-1.0,continuous,0,5441,4250.0,56.144876689712106,2.8194545654689134,2.7253331593292964,5.226715197761113,6.988525280613314,8.61340577817708,False,False,False,False,False,observed_curve,,,,,,,,,,
main,Agglomerative-complete,3.0,44,-1.0,continuous,0,5571,4120.0,57.48632752037973,2.785984517465556,2.7069355112346014,5.171945186772431,6.516211031090855,8.61340577817708,False,False,False,False,False,observed_curve,,,,,,,,,,
main,Agglomerative-complete,3.0,45,-1.0,continuous,0,5693,3998.0,58.745227530698585,2.745575917568139,2.686674483297085,5.000857988573524,6.516211031090855,8.61340577817708,False,False,False,False,False,observed_curve,,,,,,,,,,
main,Agglomerative-complete,3.0,46,-1.0,continuous,0,5712,3979.0,58.94128572902693,2.738212046071101,2.681354923438629,4.956326182301563,6.290669316822721,8.61340577817708,False,False,False,False,False,observed_curve,,,,,,,,,,
main,Agglomerative-complete,3.0,47,-1.0,continuous,0,5809,3882.0,59.94221442575586,2.7102890379970237,2.652720470940285,4.929880601782031,6.290669316822721,8.61340577817708,False,False,False,False,False,observed_curve,,,,,,,,,,
main,Agglomerative-complete,3.0,48,-1.0,continuous,0,5877,3814.0,60.643896398720464,2.692189341219588,2.633102270026048,4.898435161266992,6.290669316822721,8.61340577817708,False,False,False,False,False,observed_curve,,,,,,,,,,
main,Agglomerative-complete,3.0,49,-1.0,continuous,0,5949,3742.0,61.38685378185946,2.678579282522584,2.633102270026048,4.874301575899311,6.290669316822721,8.11614840695746,False,False,False,False,False,observed_curve,,,,,,,,,,
main,Agglomerative-complete,3.0,50,-1.0,continuous,0,6189,3502.0,63.86337839232277,2.590168140307284,2.518798861159272,4.657950327350814,5.698286763648096,8.11614840695746,False,False,False,False,False,observed_curve,,,,,,,,,,
main,Agglomerative-complete,3.0,51,-1.0,continuous,0,6265,3426.0,64.64761118563615,2.5642271430397066,2.491263609226217,4.622436557241412,5.698286763648096,8.11614840695746,False,False,False,False,False,observed_curve,,,,,,,,,,
main,Agglomerative-complete,3.0,52,-1.0,continuous,0,6573,3118.0,67.82581776906407,2.442729208128537,2.386889988466061,4.581918161810709,5.387688653056392,8.11614840695746,False,False,False,False,False,observed_curve,,,,,,,,,,
main,Agglomerative-complete,3.0,53,-1.0,continuous,0,6644,3047.0,68.55845629965948,2.4230060836565714,2.359268210428876,4.581918161810709,5.387688653056392,8.11614840695746,False,False,False,False,False,observed_curve,,,,,,,,,,
main,Agglomerative-complete,3.0,54,-1.0,continuous,0,6654,3037.0,68.66164482509545,2.4162257351721435,2.359268210428876,4.581918161810709,5.384434967599091,8.11614840695746,False,False,False,False,False,observed_curve,,,,,,,,,,
main,Agglomerative-complete,3.0,55,-1.0,continuous,0,6735,2956.0,69.49747188112681,2.396580806602393,2.3451129161865345,4.510875702482465,5.387688653056392,8.11614840695746,False,False,False,False,False,observed_curve,,,,,,,,,,
main,Agglomerative-complete,3.0,56,-1.0,continuous,0,6773,2918.0,69.88958827778352,2.3840969272538226,2.331834163383604,4.488217411221128,5.376090467616979,8.11614840695746,False,False,False,False,False,observed_curve,,,,,,,,,,
main,Agglomerative-complete,3.0,57,-1.0,continuous,0,7015,2676.0,72.38675059333403,2.314906481617168,2.2468093254439587,4.429274503736452,5.35917057303148,8.11614840695746,False,False,False,False,False,observed_curve,,,,,,,,,,
main,Agglomerative-complete,3.0,58,-1.0,continuous,0,7268,2423.0,74.9974202868641,2.2314045908561044,2.11889399681358,4.34404898806739,4.965308633334256,8.11614840695746,False,False,False,False,False,observed_curve,,,,,,,,,,
main,Agglomerative-complete,3.0,59,-1.0,continuous,0,7307,2384.0,75.3998555360644,2.217926702574524,2.1125183451956238,4.34404898806739,4.939831093505986,8.11614840695746,False,False,False,False,False,observed_curve,,,,,,,,,,
main,Agglomerative-complete,3.0,60,-1.0,continuous,0,7324,2367.0,75.57527602930554,2.201041066744646,2.1102378032555342,4.336626293652338,4.939831093505986,6.6061157974916425,False,False,False,False,False,observed_curve,,,,,,,,,,
main,Agglomerative-complete,3.0,61,-1.0,continuous,0,7658,2033.0,79.02177277886699,2.1174603564065846,2.0413071679770347,4.220452950824643,4.939831093505986,6.6061157974916425,False,False,False,False,False,observed_curve,,,,,,,,,,
main,Agglomerative-complete,3.0,62,-1.0,continuous,0,7675,2016.0,79.19719327210814,2.1089652420212297,2.038688421061312,4.156312678146318,4.939831093505986,6.6061157974916425,False,False,False,False,False,observed_curve,,,,,,,,,,
main,Agglomerative-complete,3.0,63,-1.0,continuous,0,7700,1991.0,79.45516458569807,2.0949014788783598,2.006004950068355,4.1390901716454085,4.939831093505986,6.6061157974916425,False,False,False,False,False,observed_curve,,,,,,,,,,
main,Agglomerative-complete,3.0,64,-1.0,continuous,0,8042,1649.0,82.98421215560829,1.999081319779447,1.909808344535552,3.931736007948405,4.788644176060652,6.6061157974916425,False,False,False,False,False,observed_curve,,,,,,,,,,
main,Agglomerative-complete,3.0,65,-1.0,continuous,0,8082,1609.0,83.39696625735218,1.987000003458288,1.883267141564131,3.931736007948405,4.748262009585162,6.6061157974916425,False,False,False,False,False,observed_curve,,,,,,,,,,
main,Agglomerative-complete,3.0,66,-1.0,continuous,0,8090,1601.0,83.47951707770096,1.9806400557580408,1.883267141564131,3.931736007948405,4.730673783781339,6.263756183481887,False,False,False,False,False,observed_curve,,,,,,,,,,
main,Agglomerative-complete,3.0,67,-1.0,continuous,0,8135,1556.0,83.94386544216283,1.958015540562107,1.878713725785732,3.8732199498063777,4.695639240802461,6.263756183481887,False,False,False,False,False,observed_curve,,,,,,,,,,
main,Agglomerative-complete,3.0,68,-1.0,continuous,0,8205,1486.0,84.66618512021464,1.9440809273100488,1.8783625665124424,3.8732199498063777,4.6830236732422605,6.263756183481887,False,False,False,False,False,observed_curve,,,,,,,,,,
main,Agglomerative-complete,3.0,69,-1.0,continuous,0,8237,1454.0,84.99638840160974,1.9341216443824965,1.8704731929560847,3.8201527897651895,4.555392128340315,6.263756183481887,False,False,False,False,False,observed_curve,,,,,,,,,,
main,Agglomerative-complete,3.0,70,-1.0,continuous,0,8259,1432.0,85.22340315756888,1.9229242260943524,1.8538503950136451,3.8201527897651895,4.555392128340315,6.263756183481887,False,False,False,False,False,observed_curve,,,,,,,,,,
main,Agglomerative-complete,3.0,71,-1.0,continuous,0,8768,923.0,90.47569910225982,1.768717946825643,1.7349100582268444,3.276927074043173,4.222112176232479,6.263756183481887,False,False,False,False,False,observed_curve,,,,,,,,,,
main,Agglomerative-complete,3.0,72,-1.0,continuous,0,8782,909.0,90.6201630378702,1.7630449629965144,1.7349100582268444,3.276927074043173,4.222112176232479,6.263756183481887,False,False,False,False,False,observed_curve,,,,,,,,,,
main,Agglomerative-complete,3.0,73,-1.0,continuous,0,8792,899.0,90.72335156330615,1.7552800817058505,1.7349100582268444,3.276927074043173,4.21591324784172,6.263756183481887,False,False,False,False,False,observed_curve,,,,,,,,,,
main,Agglomerative-complete,3.0,74,-1.0,continuous,0,8799,892.0,90.79558353111136,1.7506437043245069,1.7314787936822205,3.267474924527236,4.21591324784172,6.263756183481887,False,False,False,False,False,observed_curve,,,,,,,,,,
main,Agglomerative-complete,3.0,75,-1.0,continuous,0,8801,890.0,90.81622123619852,1.748058400435762,1.7285920259970804,3.249751230713476,4.145997670560603,6.2499579229461855,False,False,False,False,False,observed_curve,,,,,,,,,,
main,Agglomerative-complete,3.0,76,-1.0,continuous,0,8901,790.0,91.84810649055824,1.7222178327362314,1.7089660660983894,3.209263387374763,3.9849128431935297,6.2499579229461855,False,False,False,False,False,observed_curve,,,,,,,,,,
main,Agglomerative-complete,3.0,77,-1.0,continuous,0,8960,731.0,92.45691879063048,1.6880916092678089,1.6831739040189804,3.142501729190218,3.9849128431935297,6.2499579229461855,False,False,False,False,False,observed_curve,,,,,,,,,,
main,Agglomerative-complete,3.0,78,-1.0,continuous,0,8965,726.0,92.50851305334848,1.686296634099406,1.679745801862218,3.142501729190218,3.9849128431935297,6.2499579229461855,False,False,False,False,False,observed_curve,,,,,,,,,,
main,Agglomerative-complete,3.0,79,-1.0,continuous,0,8990,701.0,92.7664843669384,1.6736128376678097,1.649626352520979,3.142501729190218,3.9849128431935297,6.2499579229461855,False,False,False,False,False,observed_curve,,,,,,,,,,
main,Agglomerative-complete,3.0,80,-1.0,continuous,0,9026,665.0,93.13796305850788,1.6610463139081488,1.621959469311916,3.1148027744697355,3.923775151276922,6.2499579229461855,False,False,False,False,False,observed_curve,,,,,,,,,,
main,Agglomerative-complete,3.0,81,-1.0,continuous,0,9046,645.0,93.34434010937984,1.6548888988371984,1.6215333739078135,3.102214044033396,3.878079521524128,6.2499579229461855,False,False,False,False,False,observed_curve,,,,,,,,,,
main,Agglomerative-complete,3.0,82,-1.0,continuous,0,9107,584.0,93.97379011453928,1.634905364446874,1.5942607243653977,3.0701250666536857,3.8201527897651895,6.2499579229461855,False,False,False,False,False,observed_curve,,,,,,,,,,
main,Agglomerative-complete,3.0,83,-1.0,continuous,0,9111,580.0,94.01506552471363,1.6325664231458092,1.5929709198286297,3.0701250666536857,3.8201527897651895,6.2499579229461855,False,False,False,False,False,observed_curve,,,,,,,,,,
main,Agglomerative-complete,3.0,84,-1.0,continuous,0,9114,577.0,94.04602208234444,1.6302530032420488,1.5813513857410173,3.0701250666536857,3.8201527897651895,6.151837255478808,False,False,False,False,False,observed_curve,,,,,,,,,,
main,Agglomerative-complete,3.0,85,-1.0,continuous,0,9117,574.0,94.07697863997524,1.6264086251598049,1.5813513857410173,3.0701250666536857,3.8201527897651895,5.345896058296031,False,False,False,False,False,observed_curve,,,,,,,,,,
main,Agglomerative-complete,3.0,86,-1.0,continuous,0,9127,564.0,94.1801671654112,1.6174562573048028,1.5562602917172577,3.0701250666536857,3.8201527897651895,5.345896058296031,False,False,False,False,False,observed_curve,,,,,,,,,,
main,Agglomerative-complete,3.0,87,-1.0,continuous,0,9143,548.0,94.34526880610876,1.6101817994208552,1.549704943002702,3.0688152914433675,3.8201527897651895,5.345896058296031,False,False,False,False,False,observed_curve,,,,,,,,,,
main,Agglomerative-complete,3.0,88,-1.0,continuous,0,9225,466.0,95.19141471468372,1.5329910452518838,1.440890418653045,2.950391750983173,3.8201527897651895,5.345896058296031,True,False,True,True,False,observed_curve,,,,,,,,,,
main,Agglomerative-complete,5.0,1,-1.0,continuous,21,774,8917.0,7.986791868744196,18.042663746156027,14.629005418617778,42.16889716983084,54.527968353498565,78.96300548880382,False,False,False,False,False,observed_curve,,,,,,,,,,
main,Agglomerative-complete,5.0,2,-1.0,continuous,21,972,8719.0,10.029924672376431,13.747724589911366,11.5736622126074,32.85946913708175,52.48271435871355,73.29284153326732,False,False,False,False,False,observed_curve,,,,,,,,,,
main,Agglomerative-complete,5.0,3,-1.0,continuous,20,1448,8243.0,14.941698483128675,12.205243244320627,11.697233118688231,24.55320607280156,39.11545702415111,53.27868862231539,False,False,False,False,False,observed_curve,,,,,,,,,,
main,Agglomerative-complete,5.0,4,-1.0,continuous,18,1481,8210.0,15.282220617067384,10.518732125623186,9.51508755918814,21.114927536293923,31.68283613485601,46.44767614647359,False,False,False,False,False,observed_curve,,,,,,,,,,
main,Agglomerative-complete,5.0,5,-1.0,continuous,18,1573,8118.0,16.23155505107832,10.170538089475029,9.398303602114757,19.260312896602617,25.534980805246075,35.729834833357785,False,False,False,False,False,observed_curve,,,,,,,,,,
main,Agglomerative-complete,5.0,6,-1.0,continuous,17,1649,8042.0,17.015787844391703,9.912342877343235,9.386393291869496,18.46366463079986,22.8886479497969,35.729834833357785,False,False,False,False,False,observed_curve,,,,,,,,,,
main,Agglomerative-complete,5.0,7,-1.0,continuous,16,1651,8040.0,17.0364255494789,9.486456778999552,9.079916999624254,17.62447479025319,22.60445684015639,35.729834833357785,False,False,False,False,False,observed_curve,,,,,,,,,,
main,Agglomerative-complete,5.0,8,-1.0,continuous,12,2058,7633.0,21.236198534722934,8.405996722254306,8.468140279308443,14.723597987480566,21.402564203218866,35.729834833357785,False,False,False,False,False,observed_curve,,,,,,,,,,
main,Agglomerative-complete,5.0,9,-1.0,continuous,12,2087,7604.0,21.535445258487258,8.349031232099735,8.441442279085114,14.723597987480566,21.28232955902429,35.729834833357785,False,False,False,False,False,observed_curve,,,,,,,,,,
main,Agglomerative-complete,5.0,10,-1.0,continuous,11,2496,7195.0,25.755855948818493,8.050638680300679,8.352333912880777,14.285649030110958,16.92591904307678,22.68194136977628,False,False,False,False,False,observed_curve,,,,,,,,,,
main,Agglomerative-complete,5.0,11,-1.0,continuous,10,2532,7159.0,26.12733464038799,7.933224647965936,8.28152751266103,13.87632401738991,16.92591904307678,19.53130360714619,False,False,False,False,False,observed_curve,,,,,,,,,,
main,Agglomerative-complete,5.0,12,-1.0,continuous,10,2534,7157.0,26.147972345475186,7.928753775574678,8.28152751266103,13.866799803002714,16.92591904307678,18.52389733134627,False,False,False,False,False,observed_curve,,,,,,,,,,
main,Agglomerative-complete,5.0,13,-1.0,continuous,10,2855,6836.0,29.46032401196987,7.24521227899118,7.153986936943793,13.690017300328044,16.321768444212715,18.52389733134627,False,False,False,False,False,observed_curve,,,,,,,,,,
main,Agglomerative-complete,5.0,14,-1.0,continuous,10,3227,6464.0,33.29893715818801,6.628856370290358,6.591369792897169,11.771173531027197,15.012696874599715,18.52389733134627,False,False,False,False,False,observed_curve,,,,,,,,,,
main,Agglomerative-complete,5.0,15,-1.0,continuous,8,3273,6418.0,33.77360437519348,6.571918808844995,6.591369792897169,11.55290854063152,14.138464885761694,18.52389733134627,False,False,False,False,False,observed_curve,,,,,,,,,,
main,Agglomerative-complete,5.0,16,-1.0,continuous,7,3376,6315.0,34.83644618718399,6.473017669493247,6.579728466021185,11.403385127906176,13.055396557651092,18.262858435686766,False,False,False,False,False,observed_curve,,,,,,,,,,
main,Agglomerative-complete,5.0,17,-1.0,continuous,7,3692,5999.0,38.09720359096068,6.138951646588828,6.071673872302225,10.724568270312163,12.314624982889564,18.262858435686766,False,False,False,False,False,observed_curve,,,,,,,,,,
main,Agglomerative-complete,5.0,18,-1.0,continuous,5,3776,5915.0,38.963987204622846,6.028614883935047,5.969027053816491,10.580331569730708,12.056220454770822,14.755872469842686,False,False,False,False,False,observed_curve,,,,,,,,,,
main,Agglomerative-complete,5.0,19,-1.0,continuous,5,5832,3859.0,60.17954803425859,4.815446102587158,4.46098189871679,9.760963339148043,12.056220454770822,14.755872469842686,False,False,False,False,False,observed_curve,,,,,,,,,,
main,Agglomerative-complete,5.0,20,-1.0,continuous,5,5869,3822.0,60.561345578371686,4.760022069445351,4.434188828702033,9.467046430118511,11.99229652370026,14.755872469842686,False,False,False,False,False,observed_curve,,,,,,,,,,
main,Agglomerative-complete,5.0,21,-1.0,continuous,4,6034,3657.0,62.26395624806521,4.6618063609413385,4.394571193407504,9.189040183494468,11.959655788973164,14.755872469842686,False,False,False,False,False,observed_curve,,,,,,,,,,
main,Agglomerative-complete,5.0,22,-1.0,continuous,4,6260,3431.0,64.59601692291817,4.493996569645858,4.2421042780655975,8.556412096277393,11.197362541686209,14.755872469842686,False,False,False,False,False,observed_curve,,,,,,,,,,
main,Agglomerative-complete,5.0,23,-1.0,continuous,3,6626,3065.0,68.37271695387473,4.326985805044826,4.131845511133928,8.28152751266103,10.718914349359856,14.755872469842686,False,False,False,False,False,observed_curve,,,,,,,,,,
main,Agglomerative-complete,5.0,24,-1.0,continuous,3,6631,3060.0,68.42431121659271,4.317318883429682,4.131599319689302,8.28152751266103,10.656059756504357,14.755872469842686,False,False,False,False,False,observed_curve,,,,,,,,,,
main,Agglomerative-complete,5.0,25,-1.0,continuous,3,7014,2677.0,72.37643174079042,4.025971750679229,3.7946539336301943,7.691510559102071,9.96902981632247,14.755872469842686,False,False,False,False,False,observed_curve,,,,,,,,,,
main,Agglomerative-complete,5.0,26,-1.0,continuous,2,7080,2611.0,73.05747600866783,4.007748470380597,3.809767297702973,7.555689679381871,9.93430130930167,14.755872469842686,False,False,False,False,False,observed_curve,,,,,,,,,,
main,Agglomerative-complete,5.0,27,-1.0,continuous,2,7140,2551.0,73.67660716128367,3.9728700304355153,3.776959169621557,7.392784109842227,9.93430130930167,14.755872469842686,False,False,False,False,False,observed_curve,,,,,,,,,,
main,Agglomerative-complete,5.0,28,-1.0,continuous,2,7160,2531.0,73.8829842121556,3.956474484655118,3.776959169621557,7.333398100795044,9.93430130930167,14.755872469842686,False,False,False,False,False,observed_curve,,,,,,,,,,
main,Agglomerative-complete,5.0,29,-1.0,continuous,2,7410,2281.0,76.4626973480549,3.778490169341913,3.694970971667144,7.075985794757434,8.370681331293659,14.755872469842686,False,False,False,False,False,observed_curve,,,,,,,,,,
main,Agglomerative-complete,5.0,30,-1.0,continuous,2,7937,1754.0,81.9007326385306,3.612906846532269,3.5805162741916208,6.290669316822721,8.11614840695746,14.755872469842686,False,False,False,False,False,observed_curve,,,,,,,,,,
main,Agglomerative-complete,5.0,31,-1.0,continuous,2,7982,1709.0,82.36508100299247,3.5863014080372118,3.5723083298210456,6.289594915920709,7.944830879713228,14.755872469842686,False,False,False,False,False,observed_curve,,,,,,,,,,
main,Agglomerative-complete,5.0,32,-1.0,continuous,1,7988,1703.0,82.42699411825404,3.574473138749409,3.5519791045088507,6.255435120546509,7.944830879713228,12.526406961586767,False,False,False,False,False,observed_curve,,,,,,,,,,
main,Agglomerative-complete,5.0,33,-1.0,continuous,1,8187,1504.0,84.48044577442988,3.4645187000664226,3.490676909674161,6.186065004770335,7.944830879713228,12.526406961586767,False,False,False,False,False,observed_curve,,,,,,,,,,
main,Agglomerative-complete,5.0,34,-1.0,continuous,1,8219,1472.0,84.810649055825,3.4521998095102444,3.475891111080958,6.137455606537488,7.944830879713228,12.526406961586767,False,False,False,False,False,observed_curve,,,,,,,,,,
main,Agglomerative-complete,5.0,35,-1.0,continuous,1,8239,1452.0,85.01702610669693,3.429484277534541,3.4644691528700853,6.002062161988924,7.714821352406675,12.526406961586767,False,False,False,False,False,observed_curve,,,,,,,,,,
main,Agglomerative-complete,5.0,36,-1.0,continuous,1,8325,1366.0,85.90444742544629,3.383754904096141,3.419079469646902,5.842396536987005,7.714821352406675,12.526406961586767,False,False,False,False,False,observed_curve,,,,,,,,,,
main,Agglomerative-complete,5.0,37,-1.0,continuous,1,8326,1365.0,85.91476627798988,3.3820090257579563,3.419079469646902,5.842396536987005,7.714821352406675,9.340114652358038,False,False,False,False,False,observed_curve,,,,,,,,,,
main,Agglomerative-complete,5.0,38,-1.0,continuous,1,8426,1265.0,86.9466515323496,3.2766110530545576,3.281595753859841,5.563816754791158,7.239760507525319,8.71734239281974,False,False,False,False,False,observed_curve,,,,,,,,,,
main,Agglomerative-complete,5.0,39,-1.0,continuous,0,8483,1208.0,87.53482612733464,3.255609031940411,3.281194099656412,5.452717541850318,7.142508035620501,8.71734239281974,False,False,False,False,False,observed_curve,,,,,,,,,,
main,Agglomerative-complete,5.0,40,-1.0,continuous,0,8535,1156.0,88.07140645960169,3.226265426404671,3.181508979638492,5.452717541850318,7.112949134260551,8.61340577817708,False,False,False,False,False,observed_curve,,,,,,,,,,
main,Agglomerative-complete,5.0,41,-1.0,continuous,0,8961,730.0,92.46723764317407,2.8982016961387207,2.7839463794691013,5.452717541850318,7.112949134260551,8.61340577817708,False,False,False,False,False,observed_curve,,,,,,,,,,
main,Agglomerative-complete,5.0,42,-1.0,continuous,0,9039,652.0,93.27210814157466,2.8503044661031165,2.73142304283636,5.35917057303148,7.081547264570739,8.61340577817708,False,False,False,False,False,observed_curve,,,,,,,,,,
main,Agglomerative-complete,5.0,43,-1.0,continuous,0,9102,589.0,93.92219585182129,2.8194545654689134,2.7253331593292964,5.226715197761113,6.988525280613314,8.61340577817708,False,False,False,False,False,observed_curve,,,,,,,,,,
main,Agglomerative-complete,5.0,44,-1.0,continuous,0,9157,534.0,94.48973274171912,2.785984517465556,2.7069355112346014,5.171945186772431,6.516211031090855,8.61340577817708,False,False,False,False,False,observed_curve,,,,,,,,,,
main,Agglomerative-complete,5.0,45,-1.0,continuous,0,9206,485.0,94.9953565163554,2.745575917568139,2.686674483297085,5.000857988573524,6.516211031090855,8.61340577817708,False,False,False,False,False,observed_curve,,,,,,,,,,
main,Agglomerative-complete,5.0,46,-1.0,continuous,0,9216,475.0,95.09854504179135,2.738212046071101,2.681354923438629,4.956326182301563,6.290669316822721,8.61340577817708,True,False,False,True,True,observed_curve,,,,,,,,,,
main,Agglomerative-complete,5.0,47,-1.0,continuous,0,9234,457.0,95.28428438757612,2.7102890379970237,2.652720470940285,4.929880601782031,6.290669316822721,8.61340577817708,True,False,False,False,False,observed_curve,,,,,,,,,,
main,Agglomerative-complete,5.0,48,-1.0,continuous,0,9246,445.0,95.40811061809929,2.692189341219588,2.633102270026048,4.898435161266992,6.290669316822721,8.61340577817708,True,False,False,False,False,observed_curve,,,,,,,,,,
main,Agglomerative-complete,5.0,49,-1.0,continuous,0,9256,435.0,95.51129914353524,2.678579282522584,2.633102270026048,4.874301575899311,6.290669316822721,8.11614840695746,True,False,False,True,False,observed_curve,,,,,,,,,,
main,Agglomerative-complete,5.0,50,-1.0,continuous,0,9401,290.0,97.00753276235685,2.590168140307284,2.518798861159272,4.657950327350814,5.698286763648096,8.11614840695746,True,False,True,False,False,observed_curve,,,,,,,,,,
main,Agglomerative-complete,5.0,51,-1.0,continuous,0,9439,252.0,97.39964915901352,2.5642271430397066,2.491263609226217,4.622436557241412,5.698286763648096,8.11614840695746,True,False,False,False,False,observed_curve,,,,,,,,,,
main,Agglomerative-complete,5.0,52,-1.0,continuous,0,9476,215.0,97.78144670312662,2.442729208128537,2.386889988466061,4.581918161810709,5.387688653056392,8.11614840695746,True,False,True,False,False,observed_curve,,,,,,,,,,
main,Agglomerative-complete,5.0,53,-1.0,continuous,0,9483,208.0,97.8536786709318,2.4230060836565714,2.359268210428876,4.581918161810709,5.387688653056392,8.11614840695746,True,False,False,False,False,observed_curve,,,,,,,,,,
main,Agglomerative-complete,5.0,54,-1.0,continuous,0,9488,203.0,97.90527293364978,2.4162257351721435,2.359268210428876,4.581918161810709,5.384434967599091,8.11614840695746,True,False,True,False,False,observed_curve,,,,,,,,,,
main,Agglomerative-complete,5.0,55,-1.0,continuous,0,9504,187.0,98.07037457434733,2.396580806602393,2.3451129161865345,4.510875702482465,5.387688653056392,8.11614840695746,True,False,False,False,False,observed_curve,,,,,,,,,,
main,Agglomerative-complete,5.0,56,-1.0,continuous,0,9520,171.0,98.23547621504488,2.3840969272538226,2.331834163383604,4.488217411221128,5.376090467616979,8.11614840695746,True,False,True,False,False,observed_curve,,,,,,,,,,
main,Agglomerative-complete,5.0,57,-1.0,continuous,0,9546,145.0,98.5037663811784,2.314906481617168,2.2468093254439587,4.429274503736452,5.35917057303148,8.11614840695746,True,False,False,False,False,observed_curve,,,,,,,,,,
main,Agglomerative-complete,5.0,58,-1.0,continuous,0,9595,96.0,99.00939015581469,2.2314045908561044,2.11889399681358,4.34404898806739,4.965308633334256,8.11614840695746,True,False,True,False,False,observed_curve,,,,,,,,,,
main,Agglomerative-complete,5.0,59,-1.0,continuous,0,9599,92.0,99.05066556598906,2.217926702574524,2.1125183451956238,4.34404898806739,4.939831093505986,8.11614840695746,True,False,True,False,False,observed_curve,,,,,,,,,,
main,Agglomerative-complete,5.0,60,-1.0,continuous,0,9616,75.0,99.2260860592302,2.201041066744646,2.1102378032555342,4.336626293652338,4.939831093505986,6.6061157974916425,True,False,False,False,False,observed_curve,,,,,,,,,,
main,Agglomerative-complete,5.0,61,-1.0,continuous,0,9616,75.0,99.2260860592302,2.1174603564065846,2.0413071679770347,4.220452950824643,4.939831093505986,6.6061157974916425,True,False,False,False,False,observed_curve,,,,,,,,,,
main,Agglomerative-complete,5.0,62,-1.0,continuous,0,9621,70.0,99.2776803219482,2.1089652420212297,2.038688421061312,4.156312678146318,4.939831093505986,6.6061157974916425,True,False,False,False,False,observed_curve,,,,,,,,,,
main,Agglomerative-complete,5.0,63,-1.0,continuous,0,9622,69.0,99.2879991744918,2.0949014788783598,2.006004950068355,4.1390901716454085,4.939831093505986,6.6061157974916425,True,False,False,False,False,observed_curve,,,,,,,,,,
main,Agglomerative-complete,5.0,64,-1.0,continuous,0,9630,61.0,99.37054999484056,1.999081319779447,1.909808344535552,3.931736007948405,4.788644176060652,6.6061157974916425,True,False,True,False,False,observed_curve,,,,,,,,,,
main,Agglomerative-complete,5.0,65,-1.0,continuous,0,9641,50.0,99.48405737282016,1.987000003458288,1.883267141564131,3.931736007948405,4.748262009585162,6.6061157974916425,True,False,True,False,False,observed_curve,,,,,,,,,,
main,Agglomerative-complete,5.0,66,-1.0,continuous,0,9645,46.0,99.52533278299452,1.9806400557580408,1.883267141564131,3.931736007948405,4.730673783781339,6.263756183481887,True,False,True,True,False,observed_curve,,,,,,,,,,
main,Agglomerative-complete,5.0,67,-1.0,continuous,0,9653,38.0,99.60788360334332,1.958015540562107,1.878713725785732,3.8732199498063777,4.695639240802461,6.263756183481887,True,False,True,False,False,observed_curve,,,,,,,,,,
main,Agglomerative-complete,5.0,68,-1.0,continuous,0,9669,22.0,99.77298524404088,1.9440809273100488,1.8783625665124424,3.8732199498063777,4.6830236732422605,6.263756183481887,True,False,True,False,False,observed_curve,,,,,,,,,,
main,Agglomerative-complete,5.0,69,-1.0,continuous,0,9673,18.0,99.81426065421525,1.9341216443824965,1.8704731929560847,3.8201527897651895,4.555392128340315,6.263756183481887,True,False,True,False,False,observed_curve,,,,,,,,,,
main,Agglomerative-complete,5.0,70,-1.0,continuous,0,9673,18.0,99.81426065421525,1.9229242260943524,1.8538503950136451,3.8201527897651895,4.555392128340315,6.263756183481887,True,False,False,False,False,observed_curve,,,,,,,,,,
main,Agglomerative-complete,5.0,71,-1.0,continuous,0,9673,18.0,99.81426065421525,1.768717946825643,1.7349100582268444,3.276927074043173,4.222112176232479,6.263756183481887,True,False,True,False,False,observed_curve,,,,,,,,,,
main,Agglomerative-complete,5.0,72,-1.0,continuous,0,9673,18.0,99.81426065421525,1.7630449629965144,1.7349100582268444,3.276927074043173,4.222112176232479,6.263756183481887,True,False,False,False,False,observed_curve,,,,,,,,,,
main,Agglomerative-complete,5.0,73,-1.0,continuous,0,9675,16.0,99.83489835930244,1.7552800817058505,1.7349100582268444,3.276927074043173,4.21591324784172,6.263756183481887,True,False,True,False,False,observed_curve,,,,,,,,,,
main,Agglomerative-complete,5.0,74,-1.0,continuous,0,9675,16.0,99.83489835930244,1.7506437043245069,1.7314787936822205,3.267474924527236,4.21591324784172,6.263756183481887,True,False,False,False,False,observed_curve,,,,,,,,,,
main,Agglomerative-complete,5.0,75,-1.0,continuous,0,9677,14.0,99.85553606438964,1.748058400435762,1.7285920259970804,3.249751230713476,4.145997670560603,6.2499579229461855,True,False,True,False,False,observed_curve,,,,,,,,,,
main,Agglomerative-complete,5.0,76,-1.0,continuous,0,9677,14.0,99.85553606438964,1.7222178327362314,1.7089660660983894,3.209263387374763,3.9849128431935297,6.2499579229461855,True,False,True,False,False,observed_curve,,,,,,,,,,
main,Agglomerative-complete,5.0,77,-1.0,continuous,0,9677,14.0,99.85553606438964,1.6880916092678089,1.6831739040189804,3.142501729190218,3.9849128431935297,6.2499579229461855,True,False,False,False,False,observed_curve,,,,,,,,,,
main,Agglomerative-complete,5.0,78,-1.0,continuous,0,9677,14.0,99.85553606438964,1.686296634099406,1.679745801862218,3.142501729190218,3.9849128431935297,6.2499579229461855,True,False,False,False,False,observed_curve,,,,,,,,,,
main,Agglomerative-complete,5.0,79,-1.0,continuous,0,9677,14.0,99.85553606438964,1.6736128376678097,1.649626352520979,3.142501729190218,3.9849128431935297,6.2499579229461855,True,False,False,False,False,observed_curve,,,,,,,,,,
main,Agglomerative-complete,5.0,80,-1.0,continuous,0,9677,14.0,99.85553606438964,1.6610463139081488,1.621959469311916,3.1148027744697355,3.923775151276922,6.2499579229461855,True,False,True,False,False,observed_curve,,,,,,,,,,
main,Agglomerative-complete,5.0,81,-1.0,continuous,0,9677,14.0,99.85553606438964,1.6548888988371984,1.6215333739078135,3.102214044033396,3.878079521524128,6.2499579229461855,True,False,True,False,False,observed_curve,,,,,,,,,,
main,Agglomerative-complete,5.0,82,-1.0,continuous,0,9677,14.0,99.85553606438964,1.634905364446874,1.5942607243653977,3.0701250666536857,3.8201527897651895,6.2499579229461855,True,False,True,False,False,observed_curve,,,,,,,,,,
main,Agglomerative-complete,5.0,83,-1.0,continuous,0,9677,14.0,99.85553606438964,1.6325664231458092,1.5929709198286297,3.0701250666536857,3.8201527897651895,6.2499579229461855,True,False,False,False,False,observed_curve,,,,,,,,,,
main,Agglomerative-complete,5.0,84,-1.0,continuous,0,9680,11.0,99.88649262202044,1.6302530032420488,1.5813513857410173,3.0701250666536857,3.8201527897651895,6.151837255478808,True,False,False,False,False,observed_curve,,,,,,,,,,
main,Agglomerative-complete,5.0,85,-1.0,continuous,0,9684,7.0,99.92776803219482,1.6264086251598049,1.5813513857410173,3.0701250666536857,3.8201527897651895,5.345896058296031,True,False,False,False,False,observed_curve,,,,,,,,,,
main,Agglomerative-complete,5.0,86,-1.0,continuous,0,9684,7.0,99.92776803219482,1.6174562573048028,1.5562602917172577,3.0701250666536857,3.8201527897651895,5.345896058296031,True,False,False,False,False,observed_curve,,,,,,,,,,
main,Agglomerative-complete,5.0,87,-1.0,continuous,0,9684,7.0,99.92776803219482,1.6101817994208552,1.549704943002702,3.0688152914433675,3.8201527897651895,5.345896058296031,True,False,False,False,False,observed_curve,,,,,,,,,,
main,Agglomerative-complete,5.0,88,-1.0,continuous,0,9684,7.0,99.92776803219482,1.5329910452518838,1.440890418653045,2.950391750983173,3.8201527897651895,5.345896058296031,True,False,False,False,False,observed_curve,,,,,,,,,,
main,Agglomerative-complete,10.0,1,-1.0,continuous,20,2478,7213.0,25.570116603033743,18.042663746156027,14.629005418617778,42.16889716983084,54.527968353498565,78.96300548880382,False,False,False,False,False,observed_curve,,,,,,,,,,
main,Agglomerative-complete,10.0,2,-1.0,continuous,19,3760,5931.0,38.79888556392529,13.747724589911366,11.5736622126074,32.85946913708175,52.48271435871355,73.29284153326732,False,False,False,False,False,observed_curve,,,,,,,,,,
main,Agglomerative-complete,10.0,3,-1.0,continuous,16,4138,5553.0,42.699411825405015,12.205243244320627,11.697233118688231,24.55320607280156,39.11545702415111,53.27868862231539,False,False,False,False,False,observed_curve,,,,,,,,,,
main,Agglomerative-complete,10.0,4,-1.0,continuous,14,5305,4386.0,54.74151274378289,10.518732125623186,9.51508755918814,21.114927536293923,31.68283613485601,46.44767614647359,False,False,False,False,False,observed_curve,,,,,,,,,,
main,Agglomerative-complete,10.0,5,-1.0,continuous,14,5470,4221.0,56.44412341347642,10.170538089475029,9.398303602114757,19.260312896602617,25.534980805246075,35.729834833357785,False,False,False,False,False,observed_curve,,,,,,,,,,
main,Agglomerative-complete,10.0,6,-1.0,continuous,10,5500,4191.0,56.75368898978434,9.912342877343235,9.386393291869496,18.46366463079986,22.8886479497969,35.729834833357785,False,False,False,False,False,observed_curve,,,,,,,,,,
main,Agglomerative-complete,10.0,7,-1.0,continuous,7,5895,3796.0,60.82963574450521,9.486456778999552,9.079916999624254,17.62447479025319,22.60445684015639,35.729834833357785,False,False,False,False,False,observed_curve,,,,,,,,,,
main,Agglomerative-complete,10.0,8,-1.0,continuous,6,6849,2842.0,70.6738210710969,8.405996722254306,8.468140279308443,14.723597987480566,21.402564203218866,35.729834833357785,False,False,False,False,False,observed_curve,,,,,,,,,,
main,Agglomerative-complete,10.0,9,-1.0,continuous,6,6908,2783.0,71.28263337116913,8.349031232099735,8.441442279085114,14.723597987480566,21.28232955902429,35.729834833357785,False,False,False,False,False,observed_curve,,,,,,,,,,
main,Agglomerative-complete,10.0,10,-1.0,continuous,6,6991,2700.0,72.13909813228769,8.050638680300679,8.352333912880777,14.285649030110958,16.92591904307678,22.68194136977628,False,False,False,False,False,observed_curve,,,,,,,,,,
main,Agglomerative-complete,10.0,11,-1.0,continuous,3,7122,2569.0,73.49086781549892,7.933224647965936,8.28152751266103,13.87632401738991,16.92591904307678,19.53130360714619,False,False,False,False,False,observed_curve,,,,,,,,,,
main,Agglomerative-complete,10.0,12,-1.0,continuous,3,7125,2566.0,73.5218243731297,7.928753775574678,8.28152751266103,13.866799803002714,16.92591904307678,18.52389733134627,False,False,False,False,False,observed_curve,,,,,,,,,,
main,Agglomerative-complete,10.0,13,-1.0,continuous,3,7880,1811.0,81.31255804354556,7.24521227899118,7.153986936943793,13.690017300328044,16.321768444212715,18.52389733134627,False,False,False,False,False,observed_curve,,,,,,,,,,
main,Agglomerative-complete,10.0,14,-1.0,continuous,3,8450,1241.0,87.19430399339593,6.628856370290358,6.591369792897169,11.771173531027197,15.012696874599715,18.52389733134627,False,False,False,False,False,observed_curve,,,,,,,,,,
main,Agglomerative-complete,10.0,15,-1.0,continuous,2,8474,1217.0,87.44195645444226,6.571918808844995,6.591369792897169,11.55290854063152,14.138464885761694,18.52389733134627,False,False,False,False,False,observed_curve,,,,,,,,,,
main,Agglomerative-complete,10.0,16,-1.0,continuous,1,8544,1147.0,88.16427613249407,6.473017669493247,6.579728466021185,11.403385127906176,13.055396557651092,18.262858435686766,False,False,False,False,False,observed_curve,,,,,,,,,,
main,Agglomerative-complete,10.0,17,-1.0,continuous,1,8834,857.0,91.15674337013724,6.138951646588828,6.071673872302225,10.724568270312163,12.314624982889564,18.262858435686766,False,False,False,False,False,observed_curve,,,,,,,,,,
main,Agglomerative-complete,10.0,18,-1.0,continuous,0,8870,821.0,91.52822206170674,6.028614883935047,5.969027053816491,10.580331569730708,12.056220454770822,14.755872469842686,False,False,False,False,False,observed_curve,,,,,,,,,,
main,Agglomerative-complete,10.0,19,-1.0,continuous,0,9277,414.0,95.72799504695078,4.815446102587158,4.46098189871679,9.760963339148043,12.056220454770822,14.755872469842686,True,False,True,True,True,observed_curve,,,,,,,,,,
main,Agglomerative-complete,10.0,20,-1.0,continuous,0,9374,317.0,96.7289237436797,4.760022069445351,4.434188828702033,9.467046430118511,11.99229652370026,14.755872469842686,True,False,False,False,False,observed_curve,,,,,,,,,,
main,Agglomerative-complete,10.0,21,-1.0,continuous,0,9444,247.0,97.4512434217315,4.6618063609413385,4.394571193407504,9.189040183494468,11.959655788973164,14.755872469842686,True,False,False,False,False,observed_curve,,,,,,,,,,
main,Agglomerative-complete,10.0,22,-1.0,continuous,0,9497,194.0,97.99814260654216,4.493996569645858,4.2421042780655975,8.556412096277393,11.197362541686209,14.755872469842686,True,False,True,False,False,observed_curve,,,,,,,,,,
main,Agglomerative-complete,10.0,23,-1.0,continuous,0,9509,182.0,98.12196883706532,4.326985805044826,4.131845511133928,8.28152751266103,10.718914349359856,14.755872469842686,True,False,False,False,False,observed_curve,,,,,,,,,,
main,Agglomerative-complete,10.0,24,-1.0,continuous,0,9514,177.0,98.17356309978332,4.317318883429682,4.131599319689302,8.28152751266103,10.656059756504357,14.755872469842686,True,False,False,False,False,observed_curve,,,,,,,,,,
main,Agglomerative-complete,10.0,25,-1.0,continuous,0,9599,92.0,99.05066556598906,4.025971750679229,3.7946539336301943,7.691510559102071,9.96902981632247,14.755872469842686,True,False,True,False,False,observed_curve,,,,,,,,,,
main,Agglomerative-complete,10.0,26,-1.0,continuous,0,9612,79.0,99.18481064905582,4.007748470380597,3.809767297702973,7.555689679381871,9.93430130930167,14.755872469842686,True,False,True,False,False,observed_curve,,,,,,,,,,
main,Agglomerative-complete,10.0,27,-1.0,continuous,0,9614,77.0,99.20544835414302,3.9728700304355153,3.776959169621557,7.392784109842227,9.93430130930167,14.755872469842686,True,False,False,False,False,observed_curve,,,,,,,,,,
main,Agglomerative-complete,10.0,28,-1.0,continuous,0,9615,76.0,99.21576720668662,3.956474484655118,3.776959169621557,7.333398100795044,9.93430130930167,14.755872469842686,True,False,False,False,False,observed_curve,,,,,,,,,,
main,Agglomerative-complete,10.0,29,-1.0,continuous,0,9677,14.0,99.85553606438964,3.778490169341913,3.694970971667144,7.075985794757434,8.370681331293659,14.755872469842686,True,False,True,False,False,observed_curve,,,,,,,,,,
main,Agglomerative-complete,10.0,30,-1.0,continuous,0,9677,14.0,99.85553606438964,3.612906846532269,3.5805162741916208,6.290669316822721,8.11614840695746,14.755872469842686,True,False,True,False,False,observed_curve,,,,,,,,,,
main,Agglomerative-complete,10.0,31,-1.0,continuous,0,9690,1.0,99.9896811474564,3.5863014080372118,3.5723083298210456,6.289594915920709,7.944830879713228,14.755872469842686,True,False,True,False,False,observed_curve,,,,,,,,,,
main,Agglomerative-complete,10.0,32,-1.0,continuous,0,9690,1.0,99.9896811474564,3.574473138749409,3.5519791045088507,6.255435120546509,7.944830879713228,12.526406961586767,True,False,False,False,False,observed_curve,,,,,,,,,,
main,Agglomerative-complete,10.0,33,-1.0,continuous,0,9690,1.0,99.9896811474564,3.4645187000664226,3.490676909674161,6.186065004770335,7.944830879713228,12.526406961586767,True,False,False,False,False,observed_curve,,,,,,,,,,
main,Agglomerative-complete,10.0,34,-1.0,continuous,0,9690,1.0,99.9896811474564,3.4521998095102444,3.475891111080958,6.137455606537488,7.944830879713228,12.526406961586767,True,False,False,False,False,observed_curve,,,,,,,,,,
main,Agglomerative-complete,10.0,35,-1.0,continuous,0,9690,1.0,99.9896811474564,3.429484277534541,3.4644691528700853,6.002062161988924,7.714821352406675,12.526406961586767,True,False,True,False,False,observed_curve,,,,,,,,,,
main,Agglomerative-complete,10.0,36,-1.0,continuous,0,9690,1.0,99.9896811474564,3.383754904096141,3.419079469646902,5.842396536987005,7.714821352406675,12.526406961586767,True,False,False,False,False,observed_curve,,,,,,,,,,
main,Agglomerative-complete,10.0,37,-1.0,continuous,0,9691,0.0,100.0,3.3820090257579563,3.419079469646902,5.842396536987005,7.714821352406675,9.340114652358038,True,False,False,False,False,observed_curve,,,,,,,,,,
main,Agglomerative-complete,10.0,38,-1.0,continuous,0,9691,0.0,100.0,3.2766110530545576,3.281595753859841,5.563816754791158,7.239760507525319,8.71734239281974,True,False,False,True,False,observed_curve,,,,,,,,,,
main,Agglomerative-complete,10.0,39,-1.0,continuous,0,9691,0.0,100.0,3.255609031940411,3.281194099656412,5.452717541850318,7.142508035620501,8.71734239281974,True,False,False,False,False,observed_curve,,,,,,,,,,
main,Agglomerative-complete,10.0,40,-1.0,continuous,0,9691,0.0,100.0,3.226265426404671,3.181508979638492,5.452717541850318,7.112949134260551,8.61340577817708,True,False,False,True,False,observed_curve,,,,,,,,,,
main,Agglomerative-complete,10.0,41,-1.0,continuous,0,9691,0.0,100.0,2.8982016961387207,2.7839463794691013,5.452717541850318,7.112949134260551,8.61340577817708,True,False,False,False,False,observed_curve,,,,,,,,,,
main,Agglomerative-complete,10.0,42,-1.0,continuous,0,9691,0.0,100.0,2.8503044661031165,2.73142304283636,5.35917057303148,7.081547264570739,8.61340577817708,True,False,False,False,False,observed_curve,,,,,,,,,,
main,Agglomerative-complete,10.0,43,-1.0,continuous,0,9691,0.0,100.0,2.8194545654689134,2.7253331593292964,5.226715197761113,6.988525280613314,8.61340577817708,True,False,False,False,False,observed_curve,,,,,,,,,,
main,Agglomerative-complete,10.0,44,-1.0,continuous,0,9691,0.0,100.0,2.785984517465556,2.7069355112346014,5.171945186772431,6.516211031090855,8.61340577817708,True,False,False,False,False,observed_curve,,,,,,,,,,
main,Agglomerative-complete,10.0,45,-1.0,continuous,0,9691,0.0,100.0,2.745575917568139,2.686674483297085,5.000857988573524,6.516211031090855,8.61340577817708,True,False,False,False,False,observed_curve,,,,,,,,,,
main,Agglomerative-complete,10.0,46,-1.0,continuous,0,9691,0.0,100.0,2.738212046071101,2.681354923438629,4.956326182301563,6.290669316822721,8.61340577817708,True,False,False,False,False,observed_curve,,,,,,,,,,
main,Agglomerative-complete,10.0,47,-1.0,continuous,0,9691,0.0,100.0,2.7102890379970237,2.652720470940285,4.929880601782031,6.290669316822721,8.61340577817708,True,False,False,False,False,observed_curve,,,,,,,,,,
main,Agglomerative-complete,10.0,48,-1.0,continuous,0,9691,0.0,100.0,2.692189341219588,2.633102270026048,4.898435161266992,6.290669316822721,8.61340577817708,True,False,False,False,False,observed_curve,,,,,,,,,,
main,Agglomerative-complete,10.0,49,-1.0,continuous,0,9691,0.0,100.0,2.678579282522584,2.633102270026048,4.874301575899311,6.290669316822721,8.11614840695746,True,False,False,False,False,observed_curve,,,,,,,,,,
main,Agglomerative-complete,10.0,50,-1.0,continuous,0,9691,0.0,100.0,2.590168140307284,2.518798861159272,4.657950327350814,5.698286763648096,8.11614840695746,True,False,True,False,False,observed_curve,,,,,,,,,,
main,Agglomerative-complete,10.0,51,-1.0,continuous,0,9691,0.0,100.0,2.5642271430397066,2.491263609226217,4.622436557241412,5.698286763648096,8.11614840695746,True,False,False,False,False,observed_curve,,,,,,,,,,
main,Agglomerative-complete,10.0,52,-1.0,continuous,0,9691,0.0,100.0,2.442729208128537,2.386889988466061,4.581918161810709,5.387688653056392,8.11614840695746,True,False,True,False,False,observed_curve,,,,,,,,,,
main,Agglomerative-complete,10.0,53,-1.0,continuous,0,9691,0.0,100.0,2.4230060836565714,2.359268210428876,4.581918161810709,5.387688653056392,8.11614840695746,True,False,False,False,False,observed_curve,,,,,,,,,,
main,Agglomerative-complete,10.0,54,-1.0,continuous,0,9691,0.0,100.0,2.4162257351721435,2.359268210428876,4.581918161810709,5.384434967599091,8.11614840695746,True,False,True,False,False,observed_curve,,,,,,,,,,
main,Agglomerative-complete,10.0,55,-1.0,continuous,0,9691,0.0,100.0,2.396580806602393,2.3451129161865345,4.510875702482465,5.387688653056392,8.11614840695746,True,False,False,False,False,observed_curve,,,,,,,,,,
main,Agglomerative-complete,10.0,56,-1.0,continuous,0,9691,0.0,100.0,2.3840969272538226,2.331834163383604,4.488217411221128,5.376090467616979,8.11614840695746,True,False,True,False,False,observed_curve,,,,,,,,,,
main,Agglomerative-complete,10.0,57,-1.0,continuous,0,9691,0.0,100.0,2.314906481617168,2.2468093254439587,4.429274503736452,5.35917057303148,8.11614840695746,True,False,False,False,False,observed_curve,,,,,,,,,,
main,Agglomerative-complete,10.0,58,-1.0,continuous,0,9691,0.0,100.0,2.2314045908561044,2.11889399681358,4.34404898806739,4.965308633334256,8.11614840695746,True,False,True,False,False,observed_curve,,,,,,,,,,
main,Agglomerative-complete,10.0,59,-1.0,continuous,0,9691,0.0,100.0,2.217926702574524,2.1125183451956238,4.34404898806739,4.939831093505986,8.11614840695746,True,False,True,False,False,observed_curve,,,,,,,,,,
main,Agglomerative-complete,10.0,60,-1.0,continuous,0,9691,0.0,100.0,2.201041066744646,2.1102378032555342,4.336626293652338,4.939831093505986,6.6061157974916425,True,False,False,False,False,observed_curve,,,,,,,,,,
main,Agglomerative-complete,10.0,61,-1.0,continuous,0,9691,0.0,100.0,2.1174603564065846,2.0413071679770347,4.220452950824643,4.939831093505986,6.6061157974916425,True,False,False,False,False,observed_curve,,,,,,,,,,
main,Agglomerative-complete,10.0,62,-1.0,continuous,0,9691,0.0,100.0,2.1089652420212297,2.038688421061312,4.156312678146318,4.939831093505986,6.6061157974916425,True,False,False,False,False,observed_curve,,,,,,,,,,
main,Agglomerative-complete,10.0,63,-1.0,continuous,0,9691,0.0,100.0,2.0949014788783598,2.006004950068355,4.1390901716454085,4.939831093505986,6.6061157974916425,True,False,False,False,False,observed_curve,,,,,,,,,,
main,Agglomerative-complete,10.0,64,-1.0,continuous,0,9691,0.0,100.0,1.999081319779447,1.909808344535552,3.931736007948405,4.788644176060652,6.6061157974916425,True,False,True,False,False,observed_curve,,,,,,,,,,
main,Agglomerative-complete,10.0,65,-1.0,continuous,0,9691,0.0,100.0,1.987000003458288,1.883267141564131,3.931736007948405,4.748262009585162,6.6061157974916425,True,False,True,False,False,observed_curve,,,,,,,,,,
main,Agglomerative-complete,10.0,66,-1.0,continuous,0,9691,0.0,100.0,1.9806400557580408,1.883267141564131,3.931736007948405,4.730673783781339,6.263756183481887,True,False,True,True,False,observed_curve,,,,,,,,,,
main,Agglomerative-complete,10.0,67,-1.0,continuous,0,9691,0.0,100.0,1.958015540562107,1.878713725785732,3.8732199498063777,4.695639240802461,6.263756183481887,True,False,True,False,False,observed_curve,,,,,,,,,,
main,Agglomerative-complete,10.0,68,-1.0,continuous,0,9691,0.0,100.0,1.9440809273100488,1.8783625665124424,3.8732199498063777,4.6830236732422605,6.263756183481887,True,False,True,False,False,observed_curve,,,,,,,,,,
main,Agglomerative-complete,10.0,69,-1.0,continuous,0,9691,0.0,100.0,1.9341216443824965,1.8704731929560847,3.8201527897651895,4.555392128340315,6.263756183481887,True,False,True,False,False,observed_curve,,,,,,,,,,
main,Agglomerative-complete,10.0,70,-1.0,continuous,0,9691,0.0,100.0,1.9229242260943524,1.8538503950136451,3.8201527897651895,4.555392128340315,6.263756183481887,True,False,False,False,False,observed_curve,,,,,,,,,,
main,Agglomerative-complete,10.0,71,-1.0,continuous,0,9691,0.0,100.0,1.768717946825643,1.7349100582268444,3.276927074043173,4.222112176232479,6.263756183481887,True,False,True,False,False,observed_curve,,,,,,,,,,
main,Agglomerative-complete,10.0,72,-1.0,continuous,0,9691,0.0,100.0,1.7630449629965144,1.7349100582268444,3.276927074043173,4.222112176232479,6.263756183481887,True,False,False,False,False,observed_curve,,,,,,,,,,
main,Agglomerative-complete,10.0,73,-1.0,continuous,0,9691,0.0,100.0,1.7552800817058505,1.7349100582268444,3.276927074043173,4.21591324784172,6.263756183481887,True,False,True,False,False,observed_curve,,,,,,,,,,
main,Agglomerative-complete,10.0,74,-1.0,continuous,0,9691,0.0,100.0,1.7506437043245069,1.7314787936822205,3.267474924527236,4.21591324784172,6.263756183481887,True,False,False,False,False,observed_curve,,,,,,,,,,
main,Agglomerative-complete,10.0,75,-1.0,continuous,0,9691,0.0,100.0,1.748058400435762,1.7285920259970804,3.249751230713476,4.145997670560603,6.2499579229461855,True,False,True,False,False,observed_curve,,,,,,,,,,
main,Agglomerative-complete,10.0,76,-1.0,continuous,0,9691,0.0,100.0,1.7222178327362314,1.7089660660983894,3.209263387374763,3.9849128431935297,6.2499579229461855,True,False,True,False,False,observed_curve,,,,,,,,,,
main,Agglomerative-complete,10.0,77,-1.0,continuous,0,9691,0.0,100.0,1.6880916092678089,1.6831739040189804,3.142501729190218,3.9849128431935297,6.2499579229461855,True,False,False,False,False,observed_curve,,,,,,,,,,
main,Agglomerative-complete,10.0,78,-1.0,continuous,0,9691,0.0,100.0,1.686296634099406,1.679745801862218,3.142501729190218,3.9849128431935297,6.2499579229461855,True,False,False,False,False,observed_curve,,,,,,,,,,
main,Agglomerative-complete,10.0,79,-1.0,continuous,0,9691,0.0,100.0,1.6736128376678097,1.649626352520979,3.142501729190218,3.9849128431935297,6.2499579229461855,True,False,False,False,False,observed_curve,,,,,,,,,,
main,Agglomerative-complete,10.0,80,-1.0,continuous,0,9691,0.0,100.0,1.6610463139081488,1.621959469311916,3.1148027744697355,3.923775151276922,6.2499579229461855,True,False,True,False,False,observed_curve,,,,,,,,,,
main,Agglomerative-complete,10.0,81,-1.0,continuous,0,9691,0.0,100.0,1.6548888988371984,1.6215333739078135,3.102214044033396,3.878079521524128,6.2499579229461855,True,False,True,False,False,observed_curve,,,,,,,,,,
main,Agglomerative-complete,10.0,82,-1.0,continuous,0,9691,0.0,100.0,1.634905364446874,1.5942607243653977,3.0701250666536857,3.8201527897651895,6.2499579229461855,True,False,True,False,False,observed_curve,,,,,,,,,,
main,Agglomerative-complete,10.0,83,-1.0,continuous,0,9691,0.0,100.0,1.6325664231458092,1.5929709198286297,3.0701250666536857,3.8201527897651895,6.2499579229461855,True,False,False,False,False,observed_curve,,,,,,,,,,
main,Agglomerative-complete,10.0,84,-1.0,continuous,0,9691,0.0,100.0,1.6302530032420488,1.5813513857410173,3.0701250666536857,3.8201527897651895,6.151837255478808,True,False,False,False,False,observed_curve,,,,,,,,,,
main,Agglomerative-complete,10.0,85,-1.0,continuous,0,9691,0.0,100.0,1.6264086251598049,1.5813513857410173,3.0701250666536857,3.8201527897651895,5.345896058296031,True,False,False,False,False,observed_curve,,,,,,,,,,
main,Agglomerative-complete,10.0,86,-1.0,continuous,0,9691,0.0,100.0,1.6174562573048028,1.5562602917172577,3.0701250666536857,3.8201527897651895,5.345896058296031,True,False,False,False,False,observed_curve,,,,,,,,,,
main,Agglomerative-complete,10.0,87,-1.0,continuous,0,9691,0.0,100.0,1.6101817994208552,1.549704943002702,3.0688152914433675,3.8201527897651895,5.345896058296031,True,False,False,False,False,observed_curve,,,,,,,,,,
main,Agglomerative-complete,10.0,88,-1.0,continuous,0,9691,0.0,100.0,1.5329910452518838,1.440890418653045,2.950391750983173,3.8201527897651895,5.345896058296031,True,False,False,False,False,observed_curve,,,,,,,,,,
main,Agglomerative-ward,3.0,1,-1.0,continuous,21,279,9412.0,2.878959859663605,18.042663746156027,14.629005418617778,42.16889716983084,54.527968353498565,78.96300548880382,False,False,False,False,False,observed_curve,,,,,,,,,,
main,Agglomerative-ward,3.0,2,-1.0,continuous,21,183,9508.0,1.8883500154782789,13.597584986563447,11.476032182903497,32.844895640216286,49.3486895706488,70.06155558516541,False,False,False,False,False,observed_curve,,,,,,,,,,
main,Agglomerative-ward,3.0,3,-1.0,continuous,20,962,8729.0,9.92673614694046,11.592329443016512,10.54072398691601,27.56159823731534,40.87887788586172,58.3429673034723,False,False,False,False,False,observed_curve,,,,,,,,,,
main,Agglomerative-ward,3.0,4,-1.0,continuous,19,1004,8687.0,10.36012795377154,10.15114766560334,8.717739242450676,21.4348049196734,34.45438550464447,54.507460898897605,False,False,False,False,False,observed_curve,,,,,,,,,,
main,Agglomerative-ward,3.0,5,-1.0,continuous,19,1146,8545.0,11.825405014962335,8.835711935314743,7.780927191435269,18.086706797539176,29.75694539461857,54.507460898897605,False,False,False,False,False,observed_curve,,,,,,,,,,
main,Agglomerative-ward,3.0,6,-1.0,continuous,18,1268,8423.0,13.08430502528119,7.905774031434038,6.918853207453672,16.563908924182215,23.657546152335623,54.507460898897605,False,False,False,False,False,observed_curve,,,,,,,,,,
main,Agglomerative-ward,3.0,7,-1.0,continuous,18,1314,8377.0,13.558972242286655,7.486120756284216,6.619847428101551,15.168856522113735,23.657546152335623,42.8079666521038,False,False,False,False,False,observed_curve,,,,,,,,,,
main,Agglomerative-ward,3.0,8,-1.0,continuous,16,1490,8201.0,15.375090289959756,6.850397181327437,6.429679524052745,13.465476318876425,23.657546152335623,42.8079666521038,False,False,False,False,False,observed_curve,,,,,,,,,,
main,Agglomerative-ward,3.0,9,-1.0,continuous,16,1610,8081.0,16.613352595191415,6.078284557952561,4.945947259919125,13.465476318876425,23.657546152335623,42.8079666521038,False,False,False,False,False,observed_curve,,,,,,,,,,
main,Agglomerative-ward,3.0,10,-1.0,continuous,14,1652,8039.0,17.046744402022494,5.903111271183223,4.88099416264626,12.395759490981067,20.94257626792801,42.8079666521038,False,False,False,False,False,observed_curve,,,,,,,,,,
main,Agglomerative-ward,3.0,11,-1.0,continuous,13,1683,8008.0,17.366628830874006,5.755035111942611,4.843088270627931,11.919191376217462,18.949751572664116,27.093030753803173,False,False,False,False,False,observed_curve,,,,,,,,,,
main,Agglomerative-ward,3.0,12,-1.0,continuous,12,1814,7877.0,18.718398514085237,5.57563645921705,4.675699772641012,11.55399251102508,17.436551507314192,27.093030753803173,False,False,False,False,False,observed_curve,,,,,,,,,,
main,Agglomerative-ward,3.0,13,-1.0,continuous,11,1837,7854.0,18.955732122587968,5.4803700041471615,4.645672379857868,11.299644699057454,17.034134455227026,27.093030753803173,False,False,False,False,False,observed_curve,,,,,,,,,,
main,Agglomerative-ward,3.0,14,-1.0,continuous,11,1817,7874.0,18.749355071716025,5.204697149428896,4.604597663299725,10.846357549316409,17.034134455227026,27.093030753803173,False,False,False,False,False,observed_curve,,,,,,,,,,
main,Agglomerative-ward,3.0,15,-1.0,continuous,11,1848,7843.0,19.069239500567537,5.112430735687412,4.604597663299725,10.299528171505523,14.18690912501696,26.74652534653424,False,False,False,False,False,observed_curve,,,,,,,,,,
main,Agglomerative-ward,3.0,16,-1.0,continuous,11,2351,7340.0,24.259622329996905,4.808293948390304,4.325314804560824,10.043337460314918,12.915441610247258,26.74652534653424,False,False,False,False,False,observed_curve,,,,,,,,,,
main,Agglomerative-ward,3.0,17,-1.0,continuous,11,2560,7131.0,26.41626251160871,4.646861390647375,4.251093514633954,9.873796644510309,12.915441610247258,26.74652534653424,False,False,False,False,False,observed_curve,,,,,,,,,,
main,Agglomerative-ward,3.0,18,-1.0,continuous,10,2591,7100.0,26.73614694046022,4.571626509152129,4.23149112751574,9.873796644510309,12.459848252837356,25.16693052939989,False,False,False,False,False,observed_curve,,,,,,,,,,
main,Agglomerative-ward,3.0,19,-1.0,continuous,8,2698,6993.0,27.840264162625115,4.477224832276452,4.1114721728225545,9.873796644510309,12.459848252837356,25.16693052939989,False,False,False,False,False,observed_curve,,,,,,,,,,
main,Agglomerative-ward,3.0,20,-1.0,continuous,8,2892,6799.0,29.842121556082965,4.27551585289597,3.9813394224912497,9.81447058450188,11.446667741103669,25.16693052939989,False,False,False,False,False,observed_curve,,,,,,,,,,
main,Agglomerative-ward,3.0,21,-1.0,continuous,7,2953,6738.0,30.47157156124239,4.234825927920976,3.954485261035285,9.430330829540056,11.446667741103669,25.16693052939989,False,False,False,False,False,observed_curve,,,,,,,,,,
main,Agglomerative-ward,3.0,22,-1.0,continuous,7,3033,6658.0,31.297079764730164,4.162708934019621,3.9333009104139967,9.311176291914215,11.311222027840348,18.123691003342817,False,False,False,False,False,observed_curve,,,,,,,,,,
main,Agglomerative-ward,3.0,23,-1.0,continuous,7,3323,6368.0,34.28954700237334,3.9932861169329033,3.7368146113299816,8.481284120906004,10.452742788659368,18.123691003342817,False,False,False,False,False,observed_curve,,,,,,,,,,
main,Agglomerative-ward,3.0,24,-1.0,continuous,7,4146,5545.0,42.781962645753794,3.6933893658374455,3.368840689776594,8.44366865454524,10.452742788659368,18.123691003342817,False,False,False,False,False,observed_curve,,,,,,,,,,
main,Agglomerative-ward,3.0,25,-1.0,continuous,7,4182,5509.0,43.15344133732329,3.65882367826309,3.3364458291895303,8.324557780315542,10.452742788659368,17.268296834427396,False,False,False,False,False,observed_curve,,,,,,,,,,
main,Agglomerative-ward,3.0,26,-1.0,continuous,7,4338,5353.0,44.76318233412445,3.6037945446585,3.268011825118023,8.324557780315542,10.452742788659368,17.268296834427396,False,False,False,False,False,observed_curve,,,,,,,,,,
main,Agglomerative-ward,3.0,27,-1.0,continuous,6,4347,5344.0,44.85605200701682,3.5812494721811974,3.267474924527236,7.928745066108682,10.299528171505523,17.268296834427396,False,False,False,False,False,observed_curve,,,,,,,,,,
main,Agglomerative-ward,3.0,28,-1.0,continuous,6,4429,5262.0,45.70219791559179,3.542673696162456,3.211930743888117,7.912075157685663,10.299528171505523,17.268296834427396,False,False,False,False,False,observed_curve,,,,,,,,,,
main,Agglomerative-ward,3.0,29,-1.0,continuous,5,4558,5133.0,47.033329893715816,3.485983236958822,3.148080055338734,7.358796458313008,10.299528171505523,17.268296834427396,False,False,False,False,False,observed_curve,,,,,,,,,,
main,Agglomerative-ward,3.0,30,-1.0,continuous,5,4775,4916.0,49.2725208956764,3.352504257460522,3.046552038389584,7.206357867594351,10.299528171505523,17.268296834427396,False,False,False,False,False,observed_curve,,,,,,,,,,
main,Agglomerative-ward,3.0,31,-1.0,continuous,5,4987,4704.0,51.460117634918994,3.2423465038930828,2.953514591206668,6.5706675312517415,10.299528171505523,17.268296834427396,False,False,False,False,False,observed_curve,,,,,,,,,,
main,Agglomerative-ward,3.0,32,-1.0,continuous,6,5026,4665.0,51.86255288411929,3.2060894407375344,2.9438759425600662,6.400895904132902,9.828117173418317,17.268296834427396,False,False,False,False,False,observed_curve,,,,,,,,,,
main,Agglomerative-ward,3.0,33,-1.0,continuous,6,5375,4316.0,55.463832421834695,2.9443868268503066,2.7587312986278656,5.64334086063038,8.640760124417893,17.268296834427396,False,False,False,False,False,observed_curve,,,,,,,,,,
main,Agglomerative-ward,3.0,34,-1.0,continuous,5,5423,4268.0,55.95913734392735,2.9177813883552486,2.7474430838778736,5.586767091897132,8.640760124417893,17.268296834427396,False,False,False,False,False,observed_curve,,,,,,,,,,
main,Agglomerative-ward,3.0,35,-1.0,continuous,5,5542,4149.0,57.18708079661542,2.886343686773605,2.710980036088571,5.565557530101189,8.640760124417893,17.268296834427396,False,False,False,False,False,observed_curve,,,,,,,,,,
main,Agglomerative-ward,3.0,36,-1.0,continuous,5,5603,4088.0,57.816530801774846,2.847490529567036,2.6931942489318774,5.5042178431648665,8.640760124417893,17.268296834427396,False,False,False,False,False,observed_curve,,,,,,,,,,
main,Agglomerative-ward,3.0,37,-1.0,continuous,5,5744,3947.0,59.27148901042205,2.8105750076640112,2.629545849134264,5.437775869325561,8.640760124417893,17.268296834427396,False,False,False,False,False,observed_curve,,,,,,,,,,
main,Agglomerative-ward,3.0,38,-1.0,continuous,3,5790,3901.0,59.74615622742751,2.752067315318694,2.607377677175443,5.3927900442286845,7.129685121759192,15.264598378487984,False,False,False,False,False,observed_curve,,,,,,,,,,
main,Agglomerative-ward,3.0,39,-1.0,continuous,3,5807,3884.0,59.92157672066866,2.740479678021109,2.6036330737801605,5.35917057303148,6.6061157974916425,15.264598378487984,False,False,False,False,False,observed_curve,,,,,,,,,,
main,Agglomerative-ward,3.0,40,-1.0,continuous,3,5907,3784.0,60.953461975028375,2.710404842557466,2.568310809961546,5.16827765750267,6.471169644502528,15.264598378487984,False,False,False,False,False,observed_curve,,,,,,,,,,
main,Agglomerative-ward,3.0,41,-1.0,continuous,3,6824,2867.0,70.41584975750696,2.4909000853969125,2.225333515941104,5.16827765750267,6.471169644502528,15.264598378487984,False,False,False,False,False,observed_curve,,,,,,,,,,
main,Agglomerative-ward,3.0,42,-1.0,continuous,3,7173,2518.0,74.01712929522238,2.3830952621870543,2.106875182452187,4.92407793510625,6.471169644502528,15.264598378487984,False,False,False,False,False,observed_curve,,,,,,,,,,
main,Agglomerative-ward,3.0,43,-1.0,continuous,3,7230,2461.0,74.60530389020741,2.3604197468626187,2.0789124353021102,4.92407793510625,6.471169644502528,15.264598378487984,False,False,False,False,False,observed_curve,,,,,,,,,,
main,Agglomerative-ward,3.0,44,-1.0,continuous,3,7267,2424.0,74.98710143432051,2.3380134761827573,2.075854426118523,4.845975356970814,6.471169644502528,15.264598378487984,False,False,False,False,False,observed_curve,,,,,,,,,,
main,Agglomerative-ward,3.0,45,-1.0,continuous,3,7305,2386.0,75.3792178309772,2.32609256316502,2.075854426118523,4.6670044582733725,6.471169644502528,15.264598378487984,False,False,False,False,False,observed_curve,,,,,,,,,,
main,Agglomerative-ward,3.0,46,-1.0,continuous,3,7344,2347.0,75.78165308017748,2.302107724811396,2.0712716952867507,4.636295810146419,6.074588939724234,15.264598378487984,False,False,False,False,False,observed_curve,,,,,,,,,,
main,Agglomerative-ward,3.0,47,-1.0,continuous,3,7396,2295.0,76.31823341244454,2.2861142791024123,2.046724933576073,4.536060420724363,6.074588939724234,15.264598378487984,False,False,False,False,False,observed_curve,,,,,,,,,,
main,Agglomerative-ward,3.0,48,-1.0,continuous,2,7449,2242.0,76.86513259725518,2.2582513162347304,2.044491475164578,4.510880951792637,6.074588939724234,15.264598378487984,False,False,False,False,False,observed_curve,,,,,,,,,,
main,Agglomerative-ward,3.0,49,-1.0,continuous,2,7532,2159.0,77.72159735837374,2.233776947727307,2.0194145700390447,4.447733315343407,6.074588939724234,15.264598378487984,False,False,False,False,False,observed_curve,,,,,,,,,,
main,Agglomerative-ward,3.0,50,-1.0,continuous,1,7552,2139.0,77.92797440924569,2.2224326950417246,2.011641654243981,4.440261765669887,6.074588939724234,15.264598378487984,False,False,False,False,False,observed_curve,,,,,,,,,,
main,Agglomerative-ward,3.0,51,-1.0,continuous,1,7557,2134.0,77.97956867196368,2.212765773426581,2.0097752874758714,4.404531690433675,6.074588939724234,15.264598378487984,False,False,False,False,False,observed_curve,,,,,,,,,,
main,Agglomerative-ward,3.0,52,-1.0,continuous,1,7633,2058.0,78.76380146527706,2.186781421788212,1.981763998731454,4.337606393829281,6.074588939724234,15.264598378487984,False,False,False,False,False,observed_curve,,,,,,,,,,
main,Agglomerative-ward,3.0,53,-1.0,continuous,1,7870,1821.0,81.20936951810958,2.1189637214369683,1.941066398094831,4.199926326101654,6.074588939724234,15.264598378487984,False,False,False,False,False,observed_curve,,,,,,,,,,
main,Agglomerative-ward,3.0,54,-1.0,continuous,1,7886,1805.0,81.37447115880714,2.110315216785954,1.9398164375128588,4.199926326101654,6.074588939724234,15.264598378487984,False,False,False,False,False,observed_curve,,,,,,,,,,
main,Agglomerative-ward,3.0,55,-1.0,continuous,1,7896,1795.0,81.47765968424311,2.1070005223958,1.9370122528266245,4.199926326101654,6.074588939724234,15.264598378487984,False,False,False,False,False,observed_curve,,,,,,,,,,
main,Agglomerative-ward,3.0,56,-1.0,continuous,1,7897,1794.0,81.48797853678671,2.10490820052467,1.9248852413924868,4.199926326101654,6.074588939724234,8.476521242362951,False,False,False,False,False,observed_curve,,,,,,,,,,
main,Agglomerative-ward,3.0,57,-1.0,continuous,1,7925,1766.0,81.77690640800743,2.0937449936156507,1.923367933169736,4.199926326101654,6.074588939724234,8.476521242362951,False,False,False,False,False,observed_curve,,,,,,,,,,
main,Agglomerative-ward,3.0,58,-1.0,continuous,1,8035,1656.0,82.91198018780311,2.066742198785613,1.8889378582449448,4.134739333831918,6.074588939724234,8.476521242362951,False,False,False,False,False,observed_curve,,,,,,,,,,
main,Agglomerative-ward,3.0,59,-1.0,continuous,1,8045,1646.0,83.01516871323909,2.059961850301185,1.883821717522946,4.134739333831918,6.074588939724234,8.476521242362951,False,False,False,False,False,observed_curve,,,,,,,,,,
main,Agglomerative-ward,3.0,60,-1.0,continuous,1,8062,1629.0,83.19058920648024,2.048447116159488,1.8716159336747824,4.110150174243761,6.074588939724234,8.476521242362951,False,False,False,False,False,observed_curve,,,,,,,,,,
main,Agglomerative-ward,3.0,61,-1.0,continuous,1,8205,1486.0,84.66618512021464,1.9614155929321653,1.7910361515176252,4.110150174243761,6.074588939724234,8.476521242362951,False,False,False,False,False,observed_curve,,,,,,,,,,
main,Agglomerative-ward,3.0,62,-1.0,continuous,1,8237,1454.0,84.99638840160974,1.948716768077336,1.7701938708143945,4.110150174243761,6.074588939724234,8.476521242362951,False,False,False,False,False,observed_curve,,,,,,,,,,
main,Agglomerative-ward,3.0,63,-1.0,continuous,1,8267,1424.0,85.30595397791765,1.9369414838721817,1.7687119311874917,3.945693455698156,6.074588939724234,8.476521242362951,False,False,False,False,False,observed_curve,,,,,,,,,,
main,Agglomerative-ward,3.0,64,-1.0,continuous,1,8352,1339.0,86.18305644412341,1.9128339269793624,1.7618575827541136,3.945693455698156,6.074588939724234,8.476521242362951,False,False,False,False,False,observed_curve,,,,,,,,,,
main,Agglomerative-ward,3.0,65,-1.0,continuous,1,8416,1275.0,86.84346300691364,1.8964159062064676,1.75745358336226,3.945693455698156,6.074588939724234,8.476521242362951,False,False,False,False,False,observed_curve,,,,,,,,,,
main,Agglomerative-ward,3.0,66,-1.0,continuous,1,8700,991.0,89.77401712929522,1.7975602937906503,1.7349100582268444,3.401604308286464,5.154687798229854,8.476521242362951,False,False,False,False,False,observed_curve,,,,,,,,,,
main,Agglomerative-ward,3.0,67,-1.0,continuous,1,8714,977.0,89.91848106490558,1.7918873099615216,1.7349100582268444,3.372619417478407,5.154687798229854,8.476521242362951,False,False,False,False,False,observed_curve,,,,,,,,,,
main,Agglomerative-ward,3.0,68,-1.0,continuous,1,8722,969.0,90.00103188525436,1.7855273622612744,1.732968431250524,3.3651745961708563,5.154687798229854,8.476521242362951,False,False,False,False,False,observed_curve,,,,,,,,,,
main,Agglomerative-ward,3.0,69,-1.0,continuous,1,8740,951.0,90.1867712310391,1.778290408417803,1.732968431250524,3.3387799871976074,5.154687798229854,8.476521242362951,False,False,False,False,False,observed_curve,,,,,,,,,,
main,Agglomerative-ward,3.0,70,-1.0,continuous,1,8763,928.0,90.42410483954184,1.7674534946961789,1.7216384091698045,3.3387799871976074,5.154687798229854,8.476521242362951,False,False,False,False,False,observed_curve,,,,,,,,,,
main,Agglomerative-ward,3.0,71,-1.0,continuous,1,8808,883.0,90.88845320400372,1.748962914056799,1.7139853882534075,3.3387799871976074,5.154687798229854,8.476521242362951,False,False,False,False,False,observed_curve,,,,,,,,,,
main,Agglomerative-ward,3.0,72,-1.0,continuous,1,8848,843.0,91.3012073057476,1.7281608429465765,1.6702622468067418,3.334563143333576,4.65998641001609,8.476521242362951,False,False,False,False,False,observed_curve,,,,,,,,,,
main,Agglomerative-ward,3.0,73,-1.0,continuous,1,9034,657.0,93.22051387885666,1.6860961052814345,1.6214244402152922,3.11040873304418,4.65998641001609,8.476521242362951,False,False,False,False,False,observed_curve,,,,,,,,,,
main,Agglomerative-ward,3.0,74,-1.0,continuous,1,9053,638.0,93.41657207718502,1.6787322337843964,1.6214244402152922,3.0994236641843584,4.620806684161795,8.476521242362951,False,False,False,False,False,observed_curve,,,,,,,,,,
main,Agglomerative-ward,3.0,75,-1.0,continuous,1,9078,613.0,93.67454339077494,1.6704590488089954,1.608702519506504,3.097871580919675,4.620806684161795,8.476521242362951,False,False,False,False,False,observed_curve,,,,,,,,,,
main,Agglomerative-ward,3.0,76,-1.0,continuous,1,9136,555.0,94.27303683830358,1.656992826646488,1.603359278206533,3.0701250666536857,4.304254684242705,8.476521242362951,False,False,False,False,False,observed_curve,,,,,,,,,,
main,Agglomerative-ward,3.0,77,-1.0,continuous,1,9147,544.0,94.38654421628316,1.6467987937023356,1.5787432538174957,3.0701250666536857,4.304254684242705,8.476521242362951,False,False,False,False,False,observed_curve,,,,,,,,,,
main,Agglomerative-ward,3.0,78,-1.0,continuous,1,9167,524.0,94.59292126715508,1.6342450424513224,1.5419886065517272,3.0701250666536857,4.304254684242705,8.476521242362951,False,False,False,False,False,observed_curve,,,,,,,,,,
main,Agglomerative-ward,3.0,79,-1.0,continuous,1,9167,524.0,94.59292126715508,1.625130981998197,1.527694549498105,3.0701250666536857,4.304254684242705,8.476521242362951,False,False,False,False,False,observed_curve,,,,,,,,,,
main,Agglomerative-ward,3.0,80,-1.0,continuous,1,9216,475.0,95.09854504179135,1.6053351384870709,1.499134313255914,2.996582310684295,4.304254684242705,8.476521242362951,True,True,True,True,True,observed_curve,,,,,,,,,,
main,Agglomerative-ward,5.0,1,-1.0,continuous,21,774,8917.0,7.986791868744196,18.042663746156027,14.629005418617778,42.16889716983084,54.527968353498565,78.96300548880382,False,False,False,False,False,observed_curve,,,,,,,,,,
main,Agglomerative-ward,5.0,2,-1.0,continuous,21,619,9072.0,6.387369724486637,13.597584986563447,11.476032182903497,32.844895640216286,49.3486895706488,70.06155558516541,False,False,False,False,False,observed_curve,,,,,,,,,,
main,Agglomerative-ward,5.0,3,-1.0,continuous,20,1509,8182.0,15.571148488288102,11.592329443016512,10.54072398691601,27.56159823731534,40.87887788586172,58.3429673034723,False,False,False,False,False,observed_curve,,,,,,,,,,
main,Agglomerative-ward,5.0,4,-1.0,continuous,17,1589,8102.0,16.396656691775874,10.15114766560334,8.717739242450676,21.4348049196734,34.45438550464447,54.507460898897605,False,False,False,False,False,observed_curve,,,,,,,,,,
main,Agglomerative-ward,5.0,5,-1.0,continuous,17,2001,7690.0,20.6480239397379,8.835711935314743,7.780927191435269,18.086706797539176,29.75694539461857,54.507460898897605,False,False,False,False,False,observed_curve,,,,,,,,,,
main,Agglomerative-ward,5.0,6,-1.0,continuous,15,2528,7163.0,26.0860592302136,7.905774031434038,6.918853207453672,16.563908924182215,23.657546152335623,54.507460898897605,False,False,False,False,False,observed_curve,,,,,,,,,,
main,Agglomerative-ward,5.0,7,-1.0,continuous,15,2968,6723.0,30.626354349396347,7.486120756284216,6.619847428101551,15.168856522113735,23.657546152335623,42.8079666521038,False,False,False,False,False,observed_curve,,,,,,,,,,
main,Agglomerative-ward,5.0,8,-1.0,continuous,11,3048,6643.0,31.45186255288412,6.850397181327437,6.429679524052745,13.465476318876425,23.657546152335623,42.8079666521038,False,False,False,False,False,observed_curve,,,,,,,,,,
main,Agglomerative-ward,5.0,9,-1.0,continuous,11,4883,4808.0,50.386956970384894,6.078284557952561,4.945947259919125,13.465476318876425,23.657546152335623,42.8079666521038,False,False,False,False,False,observed_curve,,,,,,,,,,
main,Agglomerative-ward,5.0,10,-1.0,continuous,11,4992,4699.0,51.511711897636985,5.903111271183223,4.88099416264626,12.395759490981067,20.94257626792801,42.8079666521038,False,False,False,False,False,observed_curve,,,,,,,,,,
main,Agglomerative-ward,5.0,11,-1.0,continuous,10,5056,4635.0,52.1721184604272,5.755035111942611,4.843088270627931,11.919191376217462,18.949751572664116,27.093030753803173,False,False,False,False,False,observed_curve,,,,,,,,,,
main,Agglomerative-ward,5.0,12,-1.0,continuous,9,5262,4429.0,54.29780208440821,5.57563645921705,4.675699772641012,11.55399251102508,17.436551507314192,27.093030753803173,False,False,False,False,False,observed_curve,,,,,,,,,,
main,Agglomerative-ward,5.0,13,-1.0,continuous,8,5350,4341.0,55.20586110824476,5.4803700041471615,4.645672379857868,11.299644699057454,17.034134455227026,27.093030753803173,False,False,False,False,False,observed_curve,,,,,,,,,,
main,Agglomerative-ward,5.0,14,-1.0,continuous,7,5568,4123.0,57.455370962748944,5.204697149428896,4.604597663299725,10.846357549316409,17.034134455227026,27.093030753803173,False,False,False,False,False,observed_curve,,,,,,,,,,
main,Agglomerative-ward,5.0,15,-1.0,continuous,6,5561,4130.0,57.38313899494376,5.112430735687412,4.604597663299725,10.299528171505523,14.18690912501696,26.74652534653424,False,False,False,False,False,observed_curve,,,,,,,,,,
main,Agglomerative-ward,5.0,16,-1.0,continuous,6,5944,3747.0,61.335259519141474,4.808293948390304,4.325314804560824,10.043337460314918,12.915441610247258,26.74652534653424,False,False,False,False,False,observed_curve,,,,,,,,,,
main,Agglomerative-ward,5.0,17,-1.0,continuous,6,6140,3551.0,63.35775461768651,4.646861390647375,4.251093514633954,9.873796644510309,12.915441610247258,26.74652534653424,False,False,False,False,False,observed_curve,,,,,,,,,,
main,Agglomerative-ward,5.0,18,-1.0,continuous,5,6183,3508.0,63.80146527706119,4.571626509152129,4.23149112751574,9.873796644510309,12.459848252837356,25.16693052939989,False,False,False,False,False,observed_curve,,,,,,,,,,
main,Agglomerative-ward,5.0,19,-1.0,continuous,5,6456,3235.0,66.61851202146322,4.477224832276452,4.1114721728225545,9.873796644510309,12.459848252837356,25.16693052939989,False,False,False,False,False,observed_curve,,,,,,,,,,
main,Agglomerative-ward,5.0,20,-1.0,continuous,5,6855,2836.0,70.73573418635847,4.27551585289597,3.9813394224912497,9.81447058450188,11.446667741103669,25.16693052939989,False,False,False,False,False,observed_curve,,,,,,,,,,
main,Agglomerative-ward,5.0,21,-1.0,continuous,5,6914,2777.0,71.34454648643072,4.234825927920976,3.954485261035285,9.430330829540056,11.446667741103669,25.16693052939989,False,False,False,False,False,observed_curve,,,,,,,,,,
main,Agglomerative-ward,5.0,22,-1.0,continuous,5,7034,2657.0,72.58280879166237,4.162708934019621,3.9333009104139967,9.311176291914215,11.311222027840348,18.123691003342817,False,False,False,False,False,observed_curve,,,,,,,,,,
main,Agglomerative-ward,5.0,23,-1.0,continuous,5,7323,2368.0,75.56495717676195,3.9932861169329033,3.7368146113299816,8.481284120906004,10.452742788659368,18.123691003342817,False,False,False,False,False,observed_curve,,,,,,,,,,
main,Agglomerative-ward,5.0,24,-1.0,continuous,5,7623,2068.0,78.66061293984109,3.6933893658374455,3.368840689776594,8.44366865454524,10.452742788659368,18.123691003342817,False,False,False,False,False,observed_curve,,,,,,,,,,
main,Agglomerative-ward,5.0,25,-1.0,continuous,5,7688,2003.0,79.3313383551749,3.65882367826309,3.3364458291895303,8.324557780315542,10.452742788659368,17.268296834427396,False,False,False,False,False,observed_curve,,,,,,,,,,
main,Agglomerative-ward,5.0,26,-1.0,continuous,5,7771,1920.0,80.18780311629347,3.6037945446585,3.268011825118023,8.324557780315542,10.452742788659368,17.268296834427396,False,False,False,False,False,observed_curve,,,,,,,,,,
main,Agglomerative-ward,5.0,27,-1.0,continuous,4,7797,1894.0,80.45609328242699,3.5812494721811974,3.267474924527236,7.928745066108682,10.299528171505523,17.268296834427396,False,False,False,False,False,observed_curve,,,,,,,,,,
main,Agglomerative-ward,5.0,28,-1.0,continuous,4,7885,1806.0,81.36415230626355,3.542673696162456,3.211930743888117,7.912075157685663,10.299528171505523,17.268296834427396,False,False,False,False,False,observed_curve,,,,,,,,,,
main,Agglomerative-ward,5.0,29,-1.0,continuous,4,7953,1738.0,82.06583427922816,3.485983236958822,3.148080055338734,7.358796458313008,10.299528171505523,17.268296834427396,False,False,False,False,False,observed_curve,,,,,,,,,,
main,Agglomerative-ward,5.0,30,-1.0,continuous,4,8231,1460.0,84.93447528634816,3.352504257460522,3.046552038389584,7.206357867594351,10.299528171505523,17.268296834427396,False,False,False,False,False,observed_curve,,,,,,,,,,
main,Agglomerative-ward,5.0,31,-1.0,continuous,4,8332,1359.0,85.97667939325147,3.2423465038930828,2.953514591206668,6.5706675312517415,10.299528171505523,17.268296834427396,False,False,False,False,False,observed_curve,,,,,,,,,,
main,Agglomerative-ward,5.0,32,-1.0,continuous,3,8406,1285.0,86.74027448147766,3.2060894407375344,2.9438759425600662,6.400895904132902,9.828117173418317,17.268296834427396,False,False,False,False,False,observed_curve,,,,,,,,,,
main,Agglomerative-ward,5.0,33,-1.0,continuous,3,8881,810.0,91.6417294396863,2.9443868268503066,2.7587312986278656,5.64334086063038,8.640760124417893,17.268296834427396,False,False,False,False,False,observed_curve,,,,,,,,,,
main,Agglomerative-ward,5.0,34,-1.0,continuous,3,8926,765.0,92.1060778041482,2.9177813883552486,2.7474430838778736,5.586767091897132,8.640760124417893,17.268296834427396,False,False,False,False,False,observed_curve,,,,,,,,,,
main,Agglomerative-ward,5.0,35,-1.0,continuous,3,8951,740.0,92.3640491177381,2.886343686773605,2.710980036088571,5.565557530101189,8.640760124417893,17.268296834427396,False,False,False,False,False,observed_curve,,,,,,,,,,
main,Agglomerative-ward,5.0,36,-1.0,continuous,3,9020,671.0,93.07604994324632,2.847490529567036,2.6931942489318774,5.5042178431648665,8.640760124417893,17.268296834427396,False,False,False,False,False,observed_curve,,,,,,,,,,
main,Agglomerative-ward,5.0,37,-1.0,continuous,3,9046,645.0,93.34434010937984,2.8105750076640112,2.629545849134264,5.437775869325561,8.640760124417893,17.268296834427396,False,False,False,False,False,observed_curve,,,,,,,,,,
main,Agglomerative-ward,5.0,38,-1.0,continuous,1,9092,599.0,93.8190073263853,2.752067315318694,2.607377677175443,5.3927900442286845,7.129685121759192,15.264598378487984,False,False,False,False,False,observed_curve,,,,,,,,,,
main,Agglomerative-ward,5.0,39,-1.0,continuous,1,9120,571.0,94.10793519760604,2.740479678021109,2.6036330737801605,5.35917057303148,6.6061157974916425,15.264598378487984,False,False,False,False,False,observed_curve,,,,,,,,,,
main,Agglomerative-ward,5.0,40,-1.0,continuous,1,9193,498.0,94.86121143328862,2.710404842557466,2.568310809961546,5.16827765750267,6.471169644502528,15.264598378487984,False,False,False,False,False,observed_curve,,,,,,,,,,
main,Agglomerative-ward,5.0,41,-1.0,continuous,1,9193,498.0,94.86121143328862,2.4909000853969125,2.225333515941104,5.16827765750267,6.471169644502528,15.264598378487984,False,False,False,False,False,observed_curve,,,,,,,,,,
main,Agglomerative-ward,5.0,42,-1.0,continuous,1,9247,444.0,95.41842947064286,2.3830952621870543,2.106875182452187,4.92407793510625,6.471169644502528,15.264598378487984,True,False,True,False,False,observed_curve,,,,,,,,,,
main,Agglomerative-ward,5.0,43,-1.0,continuous,1,9255,436.0,95.50098029099163,2.3604197468626187,2.0789124353021102,4.92407793510625,6.471169644502528,15.264598378487984,True,False,False,False,False,observed_curve,,,,,,,,,,
main,Agglomerative-ward,5.0,44,-1.0,continuous,1,9274,417.0,95.69703848932,2.3380134761827573,2.075854426118523,4.845975356970814,6.471169644502528,15.264598378487984,True,False,False,False,False,observed_curve,,,,,,,,,,
main,Agglomerative-ward,5.0,45,-1.0,continuous,1,9296,395.0,95.92405324527913,2.32609256316502,2.075854426118523,4.6670044582733725,6.471169644502528,15.264598378487984,True,False,False,False,False,observed_curve,,,,,,,,,,
main,Agglomerative-ward,5.0,46,-1.0,continuous,1,9338,353.0,96.3574450521102,2.302107724811396,2.0712716952867507,4.636295810146419,6.074588939724234,15.264598378487984,True,False,True,False,False,observed_curve,,,,,,,,,,
main,Agglomerative-ward,5.0,47,-1.0,continuous,1,9345,346.0,96.4296770199154,2.2861142791024123,2.046724933576073,4.536060420724363,6.074588939724234,15.264598378487984,True,False,False,False,False,observed_curve,,,,,,,,,,
main,Agglomerative-ward,5.0,48,-1.0,continuous,1,9365,326.0,96.63605407078732,2.2582513162347304,2.044491475164578,4.510880951792637,6.074588939724234,15.264598378487984,True,False,False,False,False,observed_curve,,,,,,,,,,
main,Agglomerative-ward,5.0,49,-1.0,continuous,1,9365,326.0,96.63605407078732,2.233776947727307,2.0194145700390447,4.447733315343407,6.074588939724234,15.264598378487984,True,False,False,False,False,observed_curve,,,,,,,,,,
main,Agglomerative-ward,5.0,50,-1.0,continuous,1,9370,321.0,96.68764833350532,2.2224326950417246,2.011641654243981,4.440261765669887,6.074588939724234,15.264598378487984,True,False,False,False,False,observed_curve,,,,,,,,,,
main,Agglomerative-ward,5.0,51,-1.0,continuous,1,9375,316.0,96.7392425962233,2.212765773426581,2.0097752874758714,4.404531690433675,6.074588939724234,15.264598378487984,True,False,False,False,False,observed_curve,,,,,,,,,,
main,Agglomerative-ward,5.0,52,-1.0,continuous,1,9413,278.0,97.13135899288,2.186781421788212,1.981763998731454,4.337606393829281,6.074588939724234,15.264598378487984,True,False,False,False,False,observed_curve,,,,,,,,,,
main,Agglomerative-ward,5.0,53,-1.0,continuous,1,9434,257.0,97.34805489629554,2.1189637214369683,1.941066398094831,4.199926326101654,6.074588939724234,15.264598378487984,True,False,False,False,False,observed_curve,,,,,,,,,,
main,Agglomerative-ward,5.0,54,-1.0,continuous,1,9443,248.0,97.4409245691879,2.110315216785954,1.9398164375128588,4.199926326101654,6.074588939724234,15.264598378487984,True,False,False,False,False,observed_curve,,,,,,,,,,
main,Agglomerative-ward,5.0,55,-1.0,continuous,1,9445,246.0,97.4615622742751,2.1070005223958,1.9370122528266245,4.199926326101654,6.074588939724234,15.264598378487984,True,False,False,False,False,observed_curve,,,,,,,,,,
main,Agglomerative-ward,5.0,56,-1.0,continuous,1,9446,245.0,97.4718811268187,2.10490820052467,1.9248852413924868,4.199926326101654,6.074588939724234,8.476521242362951,True,False,False,False,False,observed_curve,,,,,,,,,,
main,Agglomerative-ward,5.0,57,-1.0,continuous,1,9451,240.0,97.52347538953669,2.0937449936156507,1.923367933169736,4.199926326101654,6.074588939724234,8.476521242362951,True,False,False,False,False,observed_curve,,,,,,,,,,
main,Agglomerative-ward,5.0,58,-1.0,continuous,1,9451,240.0,97.52347538953669,2.066742198785613,1.8889378582449448,4.134739333831918,6.074588939724234,8.476521242362951,True,False,False,False,False,observed_curve,,,,,,,,,,
main,Agglomerative-ward,5.0,59,-1.0,continuous,1,9456,235.0,97.57506965225468,2.059961850301185,1.883821717522946,4.134739333831918,6.074588939724234,8.476521242362951,True,False,False,False,False,observed_curve,,,,,,,,,,
main,Agglomerative-ward,5.0,60,-1.0,continuous,1,9456,235.0,97.57506965225468,2.048447116159488,1.8716159336747824,4.110150174243761,6.074588939724234,8.476521242362951,True,False,False,False,False,observed_curve,,,,,,,,,,
main,Agglomerative-ward,5.0,61,-1.0,continuous,1,9456,235.0,97.57506965225468,1.9614155929321653,1.7910361515176252,4.110150174243761,6.074588939724234,8.476521242362951,True,False,False,False,False,observed_curve,,,,,,,,,,
main,Agglomerative-ward,5.0,62,-1.0,continuous,1,9456,235.0,97.57506965225468,1.948716768077336,1.7701938708143945,4.110150174243761,6.074588939724234,8.476521242362951,True,False,False,False,False,observed_curve,,,,,,,,,,
main,Agglomerative-ward,5.0,63,-1.0,continuous,1,9453,238.0,97.54411309462388,1.9369414838721817,1.7687119311874917,3.945693455698156,6.074588939724234,8.476521242362951,True,False,False,False,False,observed_curve,,,,,,,,,,
main,Agglomerative-ward,5.0,64,-1.0,continuous,1,9461,230.0,97.62666391497264,1.9128339269793624,1.7618575827541136,3.945693455698156,6.074588939724234,8.476521242362951,True,False,False,False,False,observed_curve,,,,,,,,,,
main,Agglomerative-ward,5.0,65,-1.0,continuous,1,9461,230.0,97.62666391497264,1.8964159062064676,1.75745358336226,3.945693455698156,6.074588939724234,8.476521242362951,True,False,False,False,False,observed_curve,,,,,,,,,,
main,Agglomerative-ward,5.0,66,-1.0,continuous,1,9577,114.0,98.82365081002992,1.7975602937906503,1.7349100582268444,3.401604308286464,5.154687798229854,8.476521242362951,True,False,False,False,False,observed_curve,,,,,,,,,,
main,Agglomerative-ward,5.0,67,-1.0,continuous,1,9577,114.0,98.82365081002992,1.7918873099615216,1.7349100582268444,3.372619417478407,5.154687798229854,8.476521242362951,True,False,False,False,False,observed_curve,,,,,,,,,,
main,Agglomerative-ward,5.0,68,-1.0,continuous,1,9581,110.0,98.86492622020432,1.7855273622612744,1.732968431250524,3.3651745961708563,5.154687798229854,8.476521242362951,True,False,False,False,False,observed_curve,,,,,,,,,,
main,Agglomerative-ward,5.0,69,-1.0,continuous,1,9581,110.0,98.86492622020432,1.778290408417803,1.732968431250524,3.3387799871976074,5.154687798229854,8.476521242362951,True,False,False,False,False,observed_curve,,,,,,,,,,
main,Agglomerative-ward,5.0,70,-1.0,continuous,1,9581,110.0,98.86492622020432,1.7674534946961789,1.7216384091698045,3.3387799871976074,5.154687798229854,8.476521242362951,True,False,False,False,False,observed_curve,,,,,,,,,,
main,Agglomerative-ward,5.0,71,-1.0,continuous,1,9581,110.0,98.86492622020432,1.748962914056799,1.7139853882534075,3.3387799871976074,5.154687798229854,8.476521242362951,True,False,False,False,False,observed_curve,,,,,,,,,,
main,Agglomerative-ward,5.0,72,-1.0,continuous,1,9618,73.0,99.2467237643174,1.7281608429465765,1.6702622468067418,3.334563143333576,4.65998641001609,8.476521242362951,True,False,False,False,False,observed_curve,,,,,,,,,,
main,Agglomerative-ward,5.0,73,-1.0,continuous,1,9620,71.0,99.2673614694046,1.6860961052814345,1.6214244402152922,3.11040873304418,4.65998641001609,8.476521242362951,True,False,False,False,False,observed_curve,,,,,,,,,,
main,Agglomerative-ward,5.0,74,-1.0,continuous,1,9630,61.0,99.37054999484056,1.6787322337843964,1.6214244402152922,3.0994236641843584,4.620806684161795,8.476521242362951,True,False,False,False,False,observed_curve,,,,,,,,,,
main,Agglomerative-ward,5.0,75,-1.0,continuous,1,9630,61.0,99.37054999484056,1.6704590488089954,1.608702519506504,3.097871580919675,4.620806684161795,8.476521242362951,True,False,False,False,False,observed_curve,,,,,,,,,,
main,Agglomerative-ward,5.0,76,-1.0,continuous,1,9646,45.0,99.53565163553812,1.656992826646488,1.603359278206533,3.0701250666536857,4.304254684242705,8.476521242362951,True,False,False,False,False,observed_curve,,,,,,,,,,
main,Agglomerative-ward,5.0,77,-1.0,continuous,1,9646,45.0,99.53565163553812,1.6467987937023356,1.5787432538174957,3.0701250666536857,4.304254684242705,8.476521242362951,True,False,False,False,False,observed_curve,,,,,,,,,,
main,Agglomerative-ward,5.0,78,-1.0,continuous,1,9646,45.0,99.53565163553812,1.6342450424513224,1.5419886065517272,3.0701250666536857,4.304254684242705,8.476521242362951,True,False,False,False,False,observed_curve,,,,,,,,,,
main,Agglomerative-ward,5.0,79,-1.0,continuous,1,9646,45.0,99.53565163553812,1.625130981998197,1.527694549498105,3.0701250666536857,4.304254684242705,8.476521242362951,True,False,False,False,False,observed_curve,,,,,,,,,,
main,Agglomerative-ward,5.0,80,-1.0,continuous,1,9646,45.0,99.53565163553812,1.6053351384870709,1.499134313255914,2.996582310684295,4.304254684242705,8.476521242362951,True,False,False,False,False,observed_curve,,,,,,,,,,
main,Agglomerative-ward,10.0,1,-1.0,continuous,20,2478,7213.0,25.570116603033743,18.042663746156027,14.629005418617778,42.16889716983084,54.527968353498565,78.96300548880382,False,False,False,False,False,observed_curve,,,,,,,,,,
main,Agglomerative-ward,10.0,2,-1.0,continuous,17,3747,5944.0,38.664740480858526,13.597584986563447,11.476032182903497,32.844895640216286,49.3486895706488,70.06155558516541,False,False,False,False,False,observed_curve,,,,,,,,,,
main,Agglomerative-ward,10.0,3,-1.0,continuous,17,4594,5097.0,47.40480858528532,11.592329443016512,10.54072398691601,27.56159823731534,40.87887788586172,58.3429673034723,False,False,False,False,False,observed_curve,,,,,,,,,,
main,Agglomerative-ward,10.0,4,-1.0,continuous,13,5513,4178.0,56.8878340728511,10.15114766560334,8.717739242450676,21.4348049196734,34.45438550464447,54.507460898897605,False,False,False,False,False,observed_curve,,,,,,,,,,
main,Agglomerative-ward,10.0,5,-1.0,continuous,11,6755,2936.0,69.70384893199876,8.835711935314743,7.780927191435269,18.086706797539176,29.75694539461857,54.507460898897605,False,False,False,False,False,observed_curve,,,,,,,,,,
main,Agglomerative-ward,10.0,6,-1.0,continuous,11,7270,2421.0,75.0180579919513,7.905774031434038,6.918853207453672,16.563908924182215,23.657546152335623,54.507460898897605,False,False,False,False,False,observed_curve,,,,,,,,,,
main,Agglomerative-ward,10.0,7,-1.0,continuous,10,7329,2362.0,75.62687029202353,7.486120756284216,6.619847428101551,15.168856522113735,23.657546152335623,42.8079666521038,False,False,False,False,False,observed_curve,,,,,,,,,,
main,Agglomerative-ward,10.0,8,-1.0,continuous,8,8250,1441.0,85.1305334846765,6.850397181327437,6.429679524052745,13.465476318876425,23.657546152335623,42.8079666521038,False,False,False,False,False,observed_curve,,,,,,,,,,
main,Agglomerative-ward,10.0,9,-1.0,continuous,8,8373,1318.0,86.39975234753895,6.078284557952561,4.945947259919125,13.465476318876425,23.657546152335623,42.8079666521038,False,False,False,False,False,observed_curve,,,,,,,,,,
main,Agglomerative-ward,10.0,10,-1.0,continuous,8,8511,1180.0,87.82375399855536,5.903111271183223,4.88099416264626,12.395759490981067,20.94257626792801,42.8079666521038,False,False,False,False,False,observed_curve,,,,,,,,,,
main,Agglomerative-ward,10.0,11,-1.0,continuous,6,8604,1087.0,88.7834072851099,5.755035111942611,4.843088270627931,11.919191376217462,18.949751572664116,27.093030753803173,False,False,False,False,False,observed_curve,,,,,,,,,,
main,Agglomerative-ward,10.0,12,-1.0,continuous,4,8649,1042.0,89.24775564957177,5.57563645921705,4.675699772641012,11.55399251102508,17.436551507314192,27.093030753803173,False,False,False,False,False,observed_curve,,,,,,,,,,
main,Agglomerative-ward,10.0,13,-1.0,continuous,3,8705,986.0,89.82561139201322,5.4803700041471615,4.645672379857868,11.299644699057454,17.034134455227026,27.093030753803173,False,False,False,False,False,observed_curve,,,,,,,,,,
main,Agglomerative-ward,10.0,14,-1.0,continuous,3,9022,669.0,93.0966876483335,5.204697149428896,4.604597663299725,10.846357549316409,17.034134455227026,27.093030753803173,False,False,False,False,False,observed_curve,,,,,,,,,,
main,Agglomerative-ward,10.0,15,-1.0,continuous,2,9093,598.0,93.82932617892892,5.112430735687412,4.604597663299725,10.299528171505523,14.18690912501696,26.74652534653424,False,False,False,False,False,observed_curve,,,,,,,,,,
main,Agglomerative-ward,10.0,16,-1.0,continuous,2,9179,512.0,94.71674749767826,4.808293948390304,4.325314804560824,10.043337460314918,12.915441610247258,26.74652534653424,False,False,False,False,False,observed_curve,,,,,,,,,,
main,Agglomerative-ward,10.0,17,-1.0,continuous,2,9230,461.0,95.24300897740171,4.646861390647375,4.251093514633954,9.873796644510309,12.915441610247258,26.74652534653424,True,False,True,False,True,observed_curve,,,,,,,,,,
main,Agglomerative-ward,10.0,18,-1.0,continuous,2,9303,388.0,95.9962852130843,4.571626509152129,4.23149112751574,9.873796644510309,12.459848252837356,25.16693052939989,True,False,True,False,False,observed_curve,,,,,,,,,,
main,Agglomerative-ward,10.0,19,-1.0,continuous,2,9303,388.0,95.9962852130843,4.477224832276452,4.1114721728225545,9.873796644510309,12.459848252837356,25.16693052939989,True,False,False,False,False,observed_curve,,,,,,,,,,
main,Agglomerative-ward,10.0,20,-1.0,continuous,2,9372,319.0,96.7082860385925,4.27551585289597,3.9813394224912497,9.81447058450188,11.446667741103669,25.16693052939989,True,False,True,False,False,observed_curve,,,,,,,,,,
main,Agglomerative-ward,10.0,21,-1.0,continuous,2,9388,303.0,96.87338767929006,4.234825927920976,3.954485261035285,9.430330829540056,11.446667741103669,25.16693052939989,True,False,False,False,False,observed_curve,,,,,,,,,,
main,Agglomerative-ward,10.0,22,-1.0,continuous,2,9408,283.0,97.079764730162,4.162708934019621,3.9333009104139967,9.311176291914215,11.311222027840348,18.123691003342817,True,False,False,False,False,observed_curve,,,,,,,,,,
main,Agglomerative-ward,10.0,23,-1.0,continuous,2,9482,209.0,97.8433598183882,3.9932861169329033,3.7368146113299816,8.481284120906004,10.452742788659368,18.123691003342817,True,False,True,False,False,observed_curve,,,,,,,,,,
main,Agglomerative-ward,10.0,24,-1.0,continuous,2,9482,209.0,97.8433598183882,3.6933893658374455,3.368840689776594,8.44366865454524,10.452742788659368,18.123691003342817,True,False,False,False,False,observed_curve,,,,,,,,,,
main,Agglomerative-ward,10.0,25,-1.0,continuous,2,9484,207.0,97.8639975234754,3.65882367826309,3.3364458291895303,8.324557780315542,10.452742788659368,17.268296834427396,True,False,False,False,False,observed_curve,,,,,,,,,,
main,Agglomerative-ward,10.0,26,-1.0,continuous,2,9484,207.0,97.8639975234754,3.6037945446585,3.268011825118023,8.324557780315542,10.452742788659368,17.268296834427396,True,False,False,False,False,observed_curve,,,,,,,,,,
main,Agglomerative-ward,10.0,27,-1.0,continuous,2,9501,190.0,98.03941801671654,3.5812494721811974,3.267474924527236,7.928745066108682,10.299528171505523,17.268296834427396,True,False,False,False,False,observed_curve,,,,,,,,,,
main,Agglomerative-ward,10.0,28,-1.0,continuous,2,9501,190.0,98.03941801671654,3.542673696162456,3.211930743888117,7.912075157685663,10.299528171505523,17.268296834427396,True,False,False,False,False,observed_curve,,,,,,,,,,
main,Agglomerative-ward,10.0,29,-1.0,continuous,2,9501,190.0,98.03941801671654,3.485983236958822,3.148080055338734,7.358796458313008,10.299528171505523,17.268296834427396,True,False,False,False,False,observed_curve,,,,,,,,,,
main,Agglomerative-ward,10.0,30,-1.0,continuous,2,9584,107.0,98.8958827778351,3.352504257460522,3.046552038389584,7.206357867594351,10.299528171505523,17.268296834427396,True,False,False,False,False,observed_curve,,,,,,,,,,
main,Agglomerative-ward,10.0,31,-1.0,continuous,2,9584,107.0,98.8958827778351,3.2423465038930828,2.953514591206668,6.5706675312517415,10.299528171505523,17.268296834427396,True,False,False,False,False,observed_curve,,,,,,,,,,
main,Agglomerative-ward,10.0,32,-1.0,continuous,1,9628,63.0,99.34991228975338,3.2060894407375344,2.9438759425600662,6.400895904132902,9.828117173418317,17.268296834427396,True,False,False,False,False,observed_curve,,,,,,,,,,
main,Agglomerative-ward,10.0,33,-1.0,continuous,1,9645,46.0,99.52533278299452,2.9443868268503066,2.7587312986278656,5.64334086063038,8.640760124417893,17.268296834427396,True,False,False,False,False,observed_curve,,,,,,,,,,
main,Agglomerative-ward,10.0,34,-1.0,continuous,1,9658,33.0,99.6594778660613,2.9177813883552486,2.7474430838778736,5.586767091897132,8.640760124417893,17.268296834427396,True,False,False,False,False,observed_curve,,,,,,,,,,
main,Agglomerative-ward,10.0,35,-1.0,continuous,1,9658,33.0,99.6594778660613,2.886343686773605,2.710980036088571,5.565557530101189,8.640760124417893,17.268296834427396,True,False,False,False,False,observed_curve,,,,,,,,,,
main,Agglomerative-ward,10.0,36,-1.0,continuous,1,9658,33.0,99.6594778660613,2.847490529567036,2.6931942489318774,5.5042178431648665,8.640760124417893,17.268296834427396,True,False,False,False,False,observed_curve,,,,,,,,,,
main,Agglomerative-ward,10.0,37,-1.0,continuous,1,9658,33.0,99.6594778660613,2.8105750076640112,2.629545849134264,5.437775869325561,8.640760124417893,17.268296834427396,True,False,False,False,False,observed_curve,,,,,,,,,,
main,Agglomerative-ward,10.0,38,-1.0,continuous,0,9682,9.0,99.90713032710762,2.752067315318694,2.607377677175443,5.3927900442286845,7.129685121759192,15.264598378487984,True,False,True,False,False,observed_curve,,,,,,,,,,
main,Agglomerative-ward,10.0,39,-1.0,continuous,0,9682,9.0,99.90713032710762,2.740479678021109,2.6036330737801605,5.35917057303148,6.6061157974916425,15.264598378487984,True,False,True,False,False,observed_curve,,,,,,,,,,
main,Agglomerative-ward,10.0,40,-1.0,continuous,0,9682,9.0,99.90713032710762,2.710404842557466,2.568310809961546,5.16827765750267,6.471169644502528,15.264598378487984,True,False,True,False,False,observed_curve,,,,,,,,,,
main,Agglomerative-ward,10.0,41,-1.0,continuous,0,9682,9.0,99.90713032710762,2.4909000853969125,2.225333515941104,5.16827765750267,6.471169644502528,15.264598378487984,True,False,False,False,False,observed_curve,,,,,,,,,,
main,Agglomerative-ward,10.0,42,-1.0,continuous,0,9682,9.0,99.90713032710762,2.3830952621870543,2.106875182452187,4.92407793510625,6.471169644502528,15.264598378487984,True,False,False,False,False,observed_curve,,,,,,,,,,
main,Agglomerative-ward,10.0,43,-1.0,continuous,0,9682,9.0,99.90713032710762,2.3604197468626187,2.0789124353021102,4.92407793510625,6.471169644502528,15.264598378487984,True,False,False,False,False,observed_curve,,,,,,,,,,
main,Agglomerative-ward,10.0,44,-1.0,continuous,0,9682,9.0,99.90713032710762,2.3380134761827573,2.075854426118523,4.845975356970814,6.471169644502528,15.264598378487984,True,False,False,False,False,observed_curve,,,,,,,,,,
main,Agglomerative-ward,10.0,45,-1.0,continuous,0,9683,8.0,99.91744917965124,2.32609256316502,2.075854426118523,4.6670044582733725,6.471169644502528,15.264598378487984,True,False,False,False,False,observed_curve,,,,,,,,,,
main,Agglomerative-ward,10.0,46,-1.0,continuous,0,9683,8.0,99.91744917965124,2.302107724811396,2.0712716952867507,4.636295810146419,6.074588939724234,15.264598378487984,True,False,True,False,False,observed_curve,,,,,,,,,,
main,Agglomerative-ward,10.0,47,-1.0,continuous,0,9683,8.0,99.91744917965124,2.2861142791024123,2.046724933576073,4.536060420724363,6.074588939724234,15.264598378487984,True,False,False,False,False,observed_curve,,,,,,,,,,
main,Agglomerative-ward,10.0,48,-1.0,continuous,0,9683,8.0,99.91744917965124,2.2582513162347304,2.044491475164578,4.510880951792637,6.074588939724234,15.264598378487984,True,False,False,False,False,observed_curve,,,,,,,,,,
main,Agglomerative-ward,10.0,49,-1.0,continuous,0,9683,8.0,99.91744917965124,2.233776947727307,2.0194145700390447,4.447733315343407,6.074588939724234,15.264598378487984,True,False,False,False,False,observed_curve,,,,,,,,,,
main,Agglomerative-ward,10.0,50,-1.0,continuous,0,9683,8.0,99.91744917965124,2.2224326950417246,2.011641654243981,4.440261765669887,6.074588939724234,15.264598378487984,True,False,False,False,False,observed_curve,,,,,,,,,,
main,Agglomerative-ward,10.0,51,-1.0,continuous,0,9688,3.0,99.9690434423692,2.212765773426581,2.0097752874758714,4.404531690433675,6.074588939724234,15.264598378487984,True,False,False,False,False,observed_curve,,,,,,,,,,
main,Agglomerative-ward,10.0,52,-1.0,continuous,0,9688,3.0,99.9690434423692,2.186781421788212,1.981763998731454,4.337606393829281,6.074588939724234,15.264598378487984,True,False,False,False,False,observed_curve,,,,,,,,,,
main,Agglomerative-ward,10.0,53,-1.0,continuous,0,9688,3.0,99.9690434423692,2.1189637214369683,1.941066398094831,4.199926326101654,6.074588939724234,15.264598378487984,True,False,False,False,False,observed_curve,,,,,,,,,,
main,Agglomerative-ward,10.0,54,-1.0,continuous,0,9688,3.0,99.9690434423692,2.110315216785954,1.9398164375128588,4.199926326101654,6.074588939724234,15.264598378487984,True,False,False,False,False,observed_curve,,,,,,,,,,
main,Agglomerative-ward,10.0,55,-1.0,continuous,0,9690,1.0,99.9896811474564,2.1070005223958,1.9370122528266245,4.199926326101654,6.074588939724234,15.264598378487984,True,False,False,False,False,observed_curve,,,,,,,,,,
main,Agglomerative-ward,10.0,56,-1.0,continuous,0,9691,0.0,100.0,2.10490820052467,1.9248852413924868,4.199926326101654,6.074588939724234,8.476521242362951,True,False,False,False,False,observed_curve,,,,,,,,,,
main,Agglomerative-ward,10.0,57,-1.0,continuous,0,9691,0.0,100.0,2.0937449936156507,1.923367933169736,4.199926326101654,6.074588939724234,8.476521242362951,True,False,False,False,False,observed_curve,,,,,,,,,,
main,Agglomerative-ward,10.0,58,-1.0,continuous,0,9691,0.0,100.0,2.066742198785613,1.8889378582449448,4.134739333831918,6.074588939724234,8.476521242362951,True,False,False,False,False,observed_curve,,,,,,,,,,
main,Agglomerative-ward,10.0,59,-1.0,continuous,0,9691,0.0,100.0,2.059961850301185,1.883821717522946,4.134739333831918,6.074588939724234,8.476521242362951,True,False,False,False,False,observed_curve,,,,,,,,,,
main,Agglomerative-ward,10.0,60,-1.0,continuous,0,9691,0.0,100.0,2.048447116159488,1.8716159336747824,4.110150174243761,6.074588939724234,8.476521242362951,True,False,False,False,False,observed_curve,,,,,,,,,,
main,Agglomerative-ward,10.0,61,-1.0,continuous,0,9691,0.0,100.0,1.9614155929321653,1.7910361515176252,4.110150174243761,6.074588939724234,8.476521242362951,True,False,False,False,False,observed_curve,,,,,,,,,,
main,Agglomerative-ward,10.0,62,-1.0,continuous,0,9691,0.0,100.0,1.948716768077336,1.7701938708143945,4.110150174243761,6.074588939724234,8.476521242362951,True,False,False,False,False,observed_curve,,,,,,,,,,
main,Agglomerative-ward,10.0,63,-1.0,continuous,0,9691,0.0,100.0,1.9369414838721817,1.7687119311874917,3.945693455698156,6.074588939724234,8.476521242362951,True,False,False,False,False,observed_curve,,,,,,,,,,
main,Agglomerative-ward,10.0,64,-1.0,continuous,0,9691,0.0,100.0,1.9128339269793624,1.7618575827541136,3.945693455698156,6.074588939724234,8.476521242362951,True,False,False,False,False,observed_curve,,,,,,,,,,
main,Agglomerative-ward,10.0,65,-1.0,continuous,0,9691,0.0,100.0,1.8964159062064676,1.75745358336226,3.945693455698156,6.074588939724234,8.476521242362951,True,False,False,False,False,observed_curve,,,,,,,,,,
main,Agglomerative-ward,10.0,66,-1.0,continuous,0,9691,0.0,100.0,1.7975602937906503,1.7349100582268444,3.401604308286464,5.154687798229854,8.476521242362951,True,False,False,False,False,observed_curve,,,,,,,,,,
main,Agglomerative-ward,10.0,67,-1.0,continuous,0,9691,0.0,100.0,1.7918873099615216,1.7349100582268444,3.372619417478407,5.154687798229854,8.476521242362951,True,False,False,False,False,observed_curve,,,,,,,,,,
main,Agglomerative-ward,10.0,68,-1.0,continuous,0,9691,0.0,100.0,1.7855273622612744,1.732968431250524,3.3651745961708563,5.154687798229854,8.476521242362951,True,False,False,False,False,observed_curve,,,,,,,,,,
main,Agglomerative-ward,10.0,69,-1.0,continuous,0,9691,0.0,100.0,1.778290408417803,1.732968431250524,3.3387799871976074,5.154687798229854,8.476521242362951,True,False,False,False,False,observed_curve,,,,,,,,,,
main,Agglomerative-ward,10.0,70,-1.0,continuous,0,9691,0.0,100.0,1.7674534946961789,1.7216384091698045,3.3387799871976074,5.154687798229854,8.476521242362951,True,False,False,False,False,observed_curve,,,,,,,,,,
main,Agglomerative-ward,10.0,71,-1.0,continuous,0,9691,0.0,100.0,1.748962914056799,1.7139853882534075,3.3387799871976074,5.154687798229854,8.476521242362951,True,False,False,False,False,observed_curve,,,,,,,,,,
main,Agglomerative-ward,10.0,72,-1.0,continuous,0,9691,0.0,100.0,1.7281608429465765,1.6702622468067418,3.334563143333576,4.65998641001609,8.476521242362951,True,False,False,False,False,observed_curve,,,,,,,,,,
main,Agglomerative-ward,10.0,73,-1.0,continuous,0,9691,0.0,100.0,1.6860961052814345,1.6214244402152922,3.11040873304418,4.65998641001609,8.476521242362951,True,False,False,False,False,observed_curve,,,,,,,,,,
main,Agglomerative-ward,10.0,74,-1.0,continuous,0,9691,0.0,100.0,1.6787322337843964,1.6214244402152922,3.0994236641843584,4.620806684161795,8.476521242362951,True,False,False,False,False,observed_curve,,,,,,,,,,
main,Agglomerative-ward,10.0,75,-1.0,continuous,0,9691,0.0,100.0,1.6704590488089954,1.608702519506504,3.097871580919675,4.620806684161795,8.476521242362951,True,False,False,False,False,observed_curve,,,,,,,,,,
main,Agglomerative-ward,10.0,76,-1.0,continuous,0,9691,0.0,100.0,1.656992826646488,1.603359278206533,3.0701250666536857,4.304254684242705,8.476521242362951,True,False,False,False,False,observed_curve,,,,,,,,,,
main,Agglomerative-ward,10.0,77,-1.0,continuous,0,9691,0.0,100.0,1.6467987937023356,1.5787432538174957,3.0701250666536857,4.304254684242705,8.476521242362951,True,False,False,False,False,observed_curve,,,,,,,,,,
main,Agglomerative-ward,10.0,78,-1.0,continuous,0,9691,0.0,100.0,1.6342450424513224,1.5419886065517272,3.0701250666536857,4.304254684242705,8.476521242362951,True,False,False,False,False,observed_curve,,,,,,,,,,
main,Agglomerative-ward,10.0,79,-1.0,continuous,0,9691,0.0,100.0,1.625130981998197,1.527694549498105,3.0701250666536857,4.304254684242705,8.476521242362951,True,False,False,False,False,observed_curve,,,,,,,,,,
main,Agglomerative-ward,10.0,80,-1.0,continuous,0,9691,0.0,100.0,1.6053351384870709,1.499134313255914,2.996582310684295,4.304254684242705,8.476521242362951,True,False,False,False,False,observed_curve,,,,,,,,,,
main,KMeans-weighted,3.0,1,42.0,continuous,21,279,9412.0,2.878959859663605,18.04266374615605,14.629005418618874,42.16889716983217,54.5279683534975,78.96300548880234,False,False,False,False,False,observed_curve,,,,,,,,,,
main,KMeans-weighted,3.0,2,42.0,continuous,21,182,9509.0,1.8780311629346815,13.609721458996948,11.67622437976312,32.947237109223444,49.31170663823021,69.06575044971149,False,False,False,False,False,observed_curve,,,,,,,,,,
main,KMeans-weighted,3.0,3,42.0,continuous,20,647,9044.0,6.676297595707357,11.75783671578436,10.04727253546688,26.307907017575104,40.93972916873914,58.45341852393412,False,False,False,False,False,observed_curve,,,,,,,,,,
main,KMeans-weighted,3.0,4,42.0,continuous,21,483,9208.0,4.9840057785574245,10.047000407307747,8.886742018529523,20.01582406560075,32.76914240122023,50.34916667200888,False,False,False,False,False,observed_curve,,,,,,,,,,
main,KMeans-weighted,3.0,5,42.0,continuous,18,936,8755.0,9.658445980806937,8.608525143725261,7.24697583726241,17.971647789508502,29.034135309778005,52.202247518832216,False,False,False,False,False,observed_curve,,,,,,,,,,
main,KMeans-weighted,3.0,6,42.0,continuous,15,1310,8381.0,13.51769683211227,7.472783441025342,6.6446737966463525,16.424782043345324,29.48744250865216,49.878154080439394,False,False,False,False,False,observed_curve,,,,,,,,,,
main,KMeans-weighted,3.0,7,42.0,continuous,15,1369,8322.0,14.1265091321845,7.068062429391048,6.328027455621775,14.845215649925148,22.745462289936285,38.84635485996977,False,False,False,False,False,observed_curve,,,,,,,,,,
main,KMeans-weighted,3.0,8,42.0,continuous,18,1596,8095.0,16.468888659581054,6.311383082304183,5.225066340069104,14.358054926598172,20.86462683069884,38.84635485996977,False,False,False,False,False,observed_curve,,,,,,,,,,
main,KMeans-weighted,3.0,9,42.0,continuous,18,1571,8120.0,16.210917345991128,6.048401846889331,5.036387174215364,14.185476711870653,20.55207041210357,38.84635485996977,False,False,False,False,False,observed_curve,,,,,,,,,,
main,KMeans-weighted,3.0,10,42.0,continuous,13,1973,7718.0,20.359096068517182,5.808972668334218,4.889889501195707,12.790305940226409,17.62447479025319,33.64025875706124,False,False,False,False,False,observed_curve,,,,,,,,,,
main,KMeans-weighted,3.0,11,42.0,continuous,13,1898,7793.0,19.585182127747395,5.592018207612895,4.793270031099261,11.64656781359222,17.189131714372458,32.933938233500164,False,False,False,False,False,observed_curve,,,,,,,,,,
main,KMeans-weighted,3.0,12,42.0,continuous,13,2055,7636.0,21.205241977092147,5.385821802886218,4.764592010139717,10.884326896953509,17.0520256309285,27.572229138176187,False,False,False,False,False,observed_curve,,,,,,,,,,
main,KMeans-weighted,3.0,13,42.0,continuous,13,2564,7127.0,26.457537921783096,5.064956295704432,4.250156253283824,11.289577368318488,15.670092436801434,27.572229138176187,False,False,False,False,False,observed_curve,,,,,,,,,,
main,KMeans-weighted,3.0,14,42.0,continuous,14,2633,7058.0,27.169538747291305,4.876334049273165,4.370105198465385,10.670912465283418,16.769218515149223,28.78150000252769,False,False,False,False,False,observed_curve,,,,,,,,,,
main,KMeans-weighted,3.0,15,42.0,continuous,13,2705,6986.0,27.91249613043029,4.662635815521361,4.170071495269784,10.194431462233704,17.119430694803093,27.17346566505804,False,False,False,False,False,observed_curve,,,,,,,,,,
main,KMeans-weighted,3.0,16,42.0,continuous,14,3746,5945.0,38.65442162831493,4.341428045430272,3.6713677906733264,9.635660554207062,16.893137617551627,27.14670265712576,False,False,False,False,False,observed_curve,,,,,,,,,,
main,KMeans-weighted,3.0,17,42.0,continuous,14,3791,5900.0,39.118769992776805,4.184138647479244,3.8134511747178537,9.454689734698537,14.326254166178083,25.166930529399814,False,False,False,False,False,observed_curve,,,,,,,,,,
main,KMeans-weighted,3.0,18,42.0,continuous,14,3574,6117.0,36.87957899081622,4.147197216658173,3.688441132832597,8.665857664269575,14.690837569548558,19.60178239350467,False,False,False,False,False,observed_curve,,,,,,,,,,
main,KMeans-weighted,3.0,19,42.0,continuous,11,3907,5784.0,40.31575688783407,3.982120342648349,3.5377821456784493,8.850339418699182,12.170397668669846,25.166930529399814,False,False,False,False,False,observed_curve,,,,,,,,,,
main,KMeans-weighted,3.0,20,42.0,continuous,11,4267,5424.0,44.03054380352905,3.793960314277979,3.2330041948680446,8.37447587567144,13.756035158363735,25.166930529399814,False,False,False,False,False,observed_curve,,,,,,,,,,
main,KMeans-weighted,3.0,21,42.0,continuous,9,4506,5185.0,46.496749561448766,3.677548898335097,3.2058981705701832,8.233586017470532,12.384332103571833,25.166930529399814,False,False,False,False,False,observed_curve,,,,,,,,,,
main,KMeans-weighted,3.0,22,42.0,continuous,11,4602,5089.0,47.487359405634095,3.4911275395194536,3.056629857785481,7.752046078838192,12.170397668669846,25.166930529399814,False,False,False,False,False,observed_curve,,,,,,,,,,
main,KMeans-weighted,3.0,23,42.0,continuous,7,4448,5243.0,45.89825611392013,3.5150577259747195,3.294492288711463,7.249709169237538,10.606017006807765,25.166930529399814,False,False,False,False,False,observed_curve,,,,,,,,,,
main,KMeans-weighted,3.0,24,42.0,continuous,8,4946,4745.0,51.03704468063152,3.3580362098093683,2.951176882456822,7.038410653311744,11.323635076759665,25.166930529399814,False,False,False,False,False,observed_curve,,,,,,,,,,
main,KMeans-weighted,3.0,25,42.0,continuous,7,5134,4557.0,52.976988958827775,3.212825778683069,2.804790933918887,6.959983915355851,10.606017006807765,25.166930529399814,False,False,False,False,False,observed_curve,,,,,,,,,,
main,KMeans-weighted,3.0,26,42.0,continuous,8,5337,4354.0,55.071716025178,3.1151452478167765,2.7457371960197934,6.44193292392568,10.02548521594604,17.26829683442775,False,False,False,False,False,observed_curve,,,,,,,,,,
main,KMeans-weighted,3.0,27,42.0,continuous,6,5545,4146.0,57.218037354246206,3.0533368107875445,2.6658830794376898,6.374833588543655,9.444849162702722,17.949858814079803,False,False,False,False,False,observed_curve,,,,,,,,,,
main,KMeans-weighted,3.0,28,42.0,continuous,6,5890,3801.0,60.77804148178723,2.9073309878156657,2.5455902097098395,6.095731307948488,10.112464964079871,15.738589550835975,False,False,False,False,False,observed_curve,,,,,,,,,,
main,KMeans-weighted,3.0,29,42.0,continuous,7,5985,3706.0,61.75833247342896,2.826079776837508,2.4554804337714637,6.138838339046947,8.756518774415165,16.299743927271756,False,False,False,False,False,observed_curve,,,,,,,,,,
main,KMeans-weighted,3.0,30,42.0,continuous,6,5726,3965.0,59.08574966463729,2.86474444415449,2.5739051042935017,5.769140126002425,8.666643867612471,15.738589550835975,False,False,False,False,False,observed_curve,,,,,,,,,,
main,KMeans-weighted,3.0,31,42.0,continuous,4,6449,3242.0,66.54628005365804,2.657461124772577,2.2940734258075803,5.656967390696872,8.500303232517032,16.299743927271756,False,False,False,False,False,observed_curve,,,,,,,,,,
main,KMeans-weighted,3.0,32,42.0,continuous,5,6703,2988.0,69.16726859973171,2.557065091924896,2.229879930321811,5.870565834343132,8.7638417096211,16.732826938892167,False,False,False,False,False,observed_curve,,,,,,,,,,
main,KMeans-weighted,3.0,33,42.0,continuous,3,6693,2998.0,69.06408007429575,2.522783781991696,2.236720129277663,5.670176541340034,8.11614840695746,16.299743927271756,False,False,False,False,False,observed_curve,,,,,,,,,,
main,KMeans-weighted,3.0,34,42.0,continuous,5,7001,2690.0,72.24228665772367,2.4151517612898497,2.070987356694918,5.591882470944135,8.837103310698508,16.299743927271756,False,False,False,False,False,observed_curve,,,,,,,,,,
main,KMeans-weighted,3.0,35,42.0,continuous,3,7165,2526.0,73.93457847487359,2.364272263346977,2.0285493563668373,5.671588537081104,8.11614840695746,16.732826938892167,False,False,False,False,False,observed_curve,,,,,,,,,,
main,KMeans-weighted,3.0,36,42.0,continuous,5,7245,2446.0,74.76008667836136,2.344875913621128,1.9977766309612797,5.359170573031727,8.11614840695746,16.732826938892167,False,False,False,False,False,observed_curve,,,,,,,,,,
main,KMeans-weighted,3.0,37,42.0,continuous,4,7180,2511.0,74.08936126302756,2.3269756094369023,2.039660134720713,5.4142533869960525,7.992721898729921,15.738589550835975,False,False,False,False,False,observed_curve,,,,,,,,,,
main,KMeans-weighted,3.0,38,42.0,continuous,3,7205,2486.0,74.34733257661748,2.310573016141963,2.053072529633069,5.114744248684278,7.139859421567164,16.299743927271756,False,False,False,False,False,observed_curve,,,,,,,,,,
main,KMeans-weighted,3.0,39,42.0,continuous,3,7356,2335.0,75.90547931070066,2.2299179168254115,1.9373949829122188,4.795170706933781,7.427376915995516,16.732826938892167,False,False,False,False,False,observed_curve,,,,,,,,,,
main,KMeans-weighted,3.0,40,42.0,continuous,4,7662,2029.0,79.06304818904138,2.187319761580365,1.9037403979434784,4.894576733948815,7.39570894003147,15.264598378487984,False,False,False,False,False,observed_curve,,,,,,,,,,
main,KMeans-weighted,3.0,41,42.0,continuous,3,7615,2076.0,78.57806211949232,2.183223125260696,1.9618915280659657,4.733190023797484,7.427376915995516,16.732826938892167,False,False,False,False,False,observed_curve,,,,,,,,,,
main,KMeans-weighted,3.0,42,42.0,continuous,4,7781,1910.0,80.29099164172943,2.123024535641755,1.854587057499809,4.866883235141887,6.606115797492381,15.264598378487984,False,False,False,False,False,observed_curve,,,,,,,,,,
main,KMeans-weighted,3.0,43,42.0,continuous,4,7773,1918.0,80.20844082138066,2.0868199802108376,1.777232689224366,4.658812344223944,6.875710224651298,15.264598378487984,False,False,False,False,False,observed_curve,,,,,,,,,,
main,KMeans-weighted,3.0,44,42.0,continuous,3,7806,1885.0,80.54896295531937,2.0317656645358944,1.7349100582273138,4.58976911499492,6.322898637331803,15.264598378487984,False,False,False,False,False,observed_curve,,,,,,,,,,
main,KMeans-weighted,3.0,45,42.0,continuous,3,7805,1886.0,80.53864410277578,1.9887681672548416,1.641413607073156,4.625623737982251,6.4310538307002885,16.732826938892167,False,False,False,False,False,observed_curve,,,,,,,,,,
main,KMeans-weighted,3.0,46,42.0,continuous,3,7976,1715.0,82.30316788773088,1.957640584205302,1.6645392183101613,4.555247072972229,6.606115797492381,16.299743927271756,False,False,False,False,False,observed_curve,,,,,,,,,,
main,KMeans-weighted,3.0,47,42.0,continuous,3,8043,1648.0,82.9945310081519,1.9820674556109223,1.7349100582273138,4.309171589070719,6.169055941248935,15.264598378487984,False,False,False,False,False,observed_curve,,,,,,,,,,
main,KMeans-weighted,3.0,48,42.0,continuous,3,8035,1656.0,82.91198018780311,1.938546994235959,1.702971157697066,4.276137748840794,6.125974846528992,15.264598378487984,False,False,False,False,False,observed_curve,,,,,,,,,,
main,KMeans-weighted,3.0,49,42.0,continuous,3,8090,1601.0,83.47951707770096,1.9354432925861795,1.6745713217191445,4.218823674964171,6.078880429811471,15.264598378487984,False,False,False,False,False,observed_curve,,,,,,,,,,
main,KMeans-weighted,3.0,50,42.0,continuous,1,8129,1562.0,83.88195232690124,1.9179410068534304,1.631949940107448,4.29375959172743,5.838455589524835,15.264598378487984,False,False,False,False,False,observed_curve,,,,,,,,,,
main,KMeans-weighted,3.0,51,42.0,continuous,3,8290,1401.0,85.54328758642039,1.8479088811280209,1.621959469311916,4.27498630764577,5.819226003269213,15.264598378487984,False,False,False,False,False,observed_curve,,,,,,,,,,
main,KMeans-weighted,3.0,52,42.0,continuous,3,8213,1478.0,84.7487359405634,1.8182109616609767,1.5450385483547038,4.091564263169562,5.879989238520638,15.264598378487984,False,False,False,False,False,observed_curve,,,,,,,,,,
main,KMeans-weighted,3.0,53,42.0,continuous,1,8261,1430.0,85.24404086265608,1.8545220831034712,1.6138312483986104,4.019966995034089,5.722703036177957,15.264598378487984,False,False,False,False,False,observed_curve,,,,,,,,,,
main,KMeans-weighted,3.0,54,42.0,continuous,2,8342,1349.0,86.07986791868744,1.7571593316643426,1.506778129279755,4.116692419460654,6.167734263443133,15.264598378487984,False,False,False,False,False,observed_curve,,,,,,,,,,
main,KMeans-weighted,3.0,55,42.0,continuous,2,8416,1275.0,86.84346300691364,1.7584034258455332,1.4955103416910136,3.878738266742431,5.525130979803084,15.264598378487984,False,False,False,False,False,observed_curve,,,,,,,,,,
main,KMeans-weighted,3.0,56,42.0,continuous,2,8330,1361.0,85.95604168816428,1.7056697420090767,1.3672602323557213,3.858921493438897,5.788337409596899,15.264598378487984,False,False,False,False,False,observed_curve,,,,,,,,,,
main,KMeans-weighted,3.0,57,42.0,continuous,1,8573,1118.0,88.46352285625838,1.7044234294173684,1.4861871796198782,3.6214298629711656,5.3453206385270775,15.264598378487984,False,False,False,False,False,observed_curve,,,,,,,,,,
main,KMeans-weighted,3.0,58,42.0,continuous,2,8567,1124.0,88.4016097409968,1.6603470272097491,1.332575897113299,3.9407302342027255,5.803836669113962,14.252581573122306,False,False,False,False,False,observed_curve,,,,,,,,,,
main,KMeans-weighted,3.0,59,42.0,continuous,2,8624,1067.0,88.98978433598184,1.6882519717143798,1.4738156293471314,3.6546054254749087,5.142746463955531,15.264598378487984,False,False,False,False,False,observed_curve,,,,,,,,,,
main,KMeans-weighted,3.0,60,42.0,continuous,2,8614,1077.0,88.88659581054587,1.6783606900164747,1.481878620623132,3.535106985808324,5.377944026593517,15.264598378487984,False,False,False,False,False,observed_curve,,,,,,,,,,
main,KMeans-weighted,3.0,61,42.0,continuous,1,8714,977.0,89.91848106490558,1.6007575714360156,1.3354251136227502,3.4979927865876164,5.455106221363536,15.264598378487984,False,False,False,False,False,observed_curve,,,,,,,,,,
main,KMeans-weighted,3.0,62,42.0,continuous,3,8615,1076.0,88.89691466308946,1.6168614867993871,1.332575897113299,3.734060901296568,5.359170573031727,15.264598378487984,False,False,False,False,False,observed_curve,,,,,,,,,,
main,KMeans-weighted,3.0,63,42.0,continuous,1,8766,925.0,90.45506139717264,1.589444727189643,1.4139849845188226,3.478418963454417,4.890440652929784,15.264598378487984,False,False,False,False,False,observed_curve,,,,,,,,,,
main,KMeans-weighted,3.0,64,42.0,continuous,2,8795,896.0,90.75430812093695,1.5905108052028731,1.451565483898538,3.4249151225353094,4.930243342482724,15.264598378487984,False,False,False,False,False,observed_curve,,,,,,,,,,
main,KMeans-weighted,3.0,65,42.0,continuous,3,8958,733.0,92.43628108554329,1.5300766070225302,1.302520056481154,3.254351953137291,5.339102038245566,15.264598378487984,False,False,False,False,False,observed_curve,,,,,,,,,,
main,KMeans-weighted,3.0,66,42.0,continuous,2,8917,774.0,92.0132081312558,1.530587637210777,1.3612704772672033,3.308519785777545,5.059237121120909,15.264598378487984,False,False,False,False,False,observed_curve,,,,,,,,,,
main,KMeans-weighted,3.0,67,42.0,continuous,2,8890,801.0,91.73459911257868,1.5265893246889497,1.3572446148101731,3.2803229993356022,5.27800676108332,15.264598378487984,False,False,False,False,False,observed_curve,,,,,,,,,,
main,KMeans-weighted,3.0,68,42.0,continuous,1,8900,791.0,91.83778763801465,1.536360349970413,1.3672602323557213,3.2992306485570264,4.803614741723829,15.264598378487984,False,False,False,False,False,observed_curve,,,,,,,,,,
main,KMeans-weighted,3.0,69,42.0,continuous,0,8879,812.0,91.62109173459912,1.5069085323827016,1.2524815698149123,3.452359568561921,4.760482264703176,12.996052512646257,False,False,False,False,False,observed_curve,,,,,,,,,,
main,KMeans-weighted,3.0,70,42.0,continuous,2,8984,707.0,92.7045712516768,1.4910433919338637,1.3170037215268224,3.254351953137291,4.853936072039876,15.264598378487984,False,False,False,False,False,observed_curve,,,,,,,,,,
main,KMeans-weighted,3.0,71,42.0,continuous,0,8956,735.0,92.41564338045607,1.4425566940778105,1.1997728436555375,3.2538499319227583,4.789241647872848,12.996052512646257,False,False,False,False,False,observed_curve,,,,,,,,,,
main,KMeans-weighted,3.0,72,42.0,continuous,2,9020,671.0,93.07604994324632,1.4531837525055853,1.2969856550123875,3.238875584967766,5.359170573031727,15.264598378487984,False,False,False,False,False,observed_curve,,,,,,,,,,
main,KMeans-weighted,3.0,73,42.0,continuous,1,9044,647.0,93.32370240429265,1.4466773586716712,1.3248573990781012,3.108255404896404,4.27498630764577,15.264598378487984,False,False,False,False,False,observed_curve,,,,,,,,,,
main,KMeans-weighted,3.0,74,42.0,continuous,1,9063,628.0,93.519760602621,1.4114977206029418,1.1584177223263143,3.1290287894695767,4.628503268886951,15.264598378487984,False,False,False,False,False,observed_curve,,,,,,,,,,
main,KMeans-weighted,3.0,75,42.0,continuous,1,9076,615.0,93.65390568568776,1.3810396011775417,1.1603657868228838,3.131934509984364,4.615468964393815,15.264598378487984,False,False,False,False,False,observed_curve,,,,,,,,,,
main,KMeans-weighted,3.0,76,42.0,continuous,1,9088,603.0,93.77773191621093,1.3859871689236611,1.158940277110253,3.0701250666533686,4.62577438793231,15.264598378487984,False,False,False,False,False,observed_curve,,,,,,,,,,
main,KMeans-weighted,3.0,77,42.0,continuous,0,9101,590.0,93.91187699927768,1.3833759388340094,1.1902514132869693,3.092810015926656,4.530706123384854,12.996052512646257,False,False,False,False,False,observed_curve,,,,,,,,,,
main,KMeans-weighted,3.0,78,42.0,continuous,1,9132,559.0,94.2317614281292,1.3613133332105058,1.126646605955625,3.085367775005313,4.27498630764577,15.264598378487984,False,False,False,False,False,observed_curve,,,,,,,,,,
main,KMeans-weighted,3.0,79,42.0,continuous,0,9139,552.0,94.30399339593436,1.3653698215244905,1.189690152558703,3.0701250666533686,4.274521418324846,12.996052512646257,False,False,False,False,False,observed_curve,,,,,,,,,,
main,KMeans-weighted,3.0,80,42.0,continuous,1,9170,521.0,94.62387782478588,1.339432940660886,1.1615976399739172,3.0654028174495878,4.27498630764577,15.264598378487984,False,False,False,False,False,observed_curve,,,,,,,,,,
main,KMeans-weighted,3.0,81,42.0,continuous,0,9207,484.0,95.00567536889898,1.318414668437812,1.0915064307345623,2.9944963521651955,4.440925680851463,12.996052512646257,True,True,False,False,True,observed_curve,,,,,,,,,,
main,KMeans-weighted,3.0,82,42.0,continuous,1,9263,428.0,95.58353111134042,1.3315743778828384,1.1598275907182487,2.97440048668587,3.878738266742431,15.264598378487984,True,False,True,False,False,observed_curve,,,,,,,,,,
main,KMeans-weighted,5.0,1,42.0,continuous,21,774,8917.0,7.986791868744196,18.04266374615605,14.629005418618874,42.16889716983217,54.5279683534975,78.96300548880234,False,False,False,False,False,observed_curve,,,,,,,,,,
main,KMeans-weighted,5.0,2,42.0,continuous,20,564,9127.0,5.8198328345887935,13.609721458996948,11.67622437976312,32.947237109223444,49.31170663823021,69.06575044971149,False,False,False,False,False,observed_curve,,,,,,,,,,
main,KMeans-weighted,5.0,3,42.0,continuous,20,1334,8357.0,13.7653492931586,11.75783671578436,10.04727253546688,26.307907017575104,40.93972916873914,58.45341852393412,False,False,False,False,False,observed_curve,,,,,,,,,,
main,KMeans-weighted,5.0,4,42.0,continuous,18,1719,7972.0,17.738107522443503,10.047000407307747,8.886742018529523,20.01582406560075,32.76914240122023,50.34916667200888,False,False,False,False,False,observed_curve,,,,,,,,,,
main,KMeans-weighted,5.0,5,42.0,continuous,16,2830,6861.0,29.20235269837994,8.608525143725261,7.24697583726241,17.971647789508502,29.034135309778005,52.202247518832216,False,False,False,False,False,observed_curve,,,,,,,,,,
main,KMeans-weighted,5.0,6,42.0,continuous,13,3302,6389.0,34.0728510989578,7.472783441025342,6.6446737966463525,16.424782043345324,29.48744250865216,49.878154080439394,False,False,False,False,False,observed_curve,,,,,,,,,,
main,KMeans-weighted,5.0,7,42.0,continuous,12,3778,5913.0,38.98462490971004,7.068062429391048,6.328027455621775,14.845215649925148,22.745462289936285,38.84635485996977,False,False,False,False,False,observed_curve,,,,,,,,,,
main,KMeans-weighted,5.0,8,42.0,continuous,15,4643,5048.0,47.91043235992158,6.311383082304183,5.225066340069104,14.358054926598172,20.86462683069884,38.84635485996977,False,False,False,False,False,observed_curve,,,,,,,,,,
main,KMeans-weighted,5.0,9,42.0,continuous,13,4675,5016.0,48.240635641316686,6.048401846889331,5.036387174215364,14.185476711870653,20.55207041210357,38.84635485996977,False,False,False,False,False,observed_curve,,,,,,,,,,
main,KMeans-weighted,5.0,10,42.0,continuous,10,4982,4709.0,51.40852337220101,5.808972668334218,4.889889501195707,12.790305940226409,17.62447479025319,33.64025875706124,False,False,False,False,False,observed_curve,,,,,,,,,,
main,KMeans-weighted,5.0,11,42.0,continuous,10,5216,4475.0,53.82313486740274,5.592018207612895,4.793270031099261,11.64656781359222,17.189131714372458,32.933938233500164,False,False,False,False,False,observed_curve,,,,,,,,,,
main,KMeans-weighted,5.0,12,42.0,continuous,10,5243,4448.0,54.101743886079866,5.385821802886218,4.764592010139717,10.884326896953509,17.0520256309285,27.572229138176187,False,False,False,False,False,observed_curve,,,,,,,,,,
main,KMeans-weighted,5.0,13,42.0,continuous,11,5504,4187.0,56.79496439995872,5.064956295704432,4.250156253283824,11.289577368318488,15.670092436801434,27.572229138176187,False,False,False,False,False,observed_curve,,,,,,,,,,
main,KMeans-weighted,5.0,14,42.0,continuous,9,6148,3543.0,63.44030543803529,4.876334049273165,4.370105198465385,10.670912465283418,16.769218515149223,28.78150000252769,False,False,False,False,False,observed_curve,,,,,,,,,,
main,KMeans-weighted,5.0,15,42.0,continuous,9,6493,3198.0,67.0003095655763,4.662635815521361,4.170071495269784,10.194431462233704,17.119430694803093,27.17346566505804,False,False,False,False,False,observed_curve,,,,,,,,,,
main,KMeans-weighted,5.0,16,42.0,continuous,9,6577,3114.0,67.86709317923847,4.341428045430272,3.6713677906733264,9.635660554207062,16.893137617551627,27.14670265712576,False,False,False,False,False,observed_curve,,,,,,,,,,
main,KMeans-weighted,5.0,17,42.0,continuous,10,6783,2908.0,69.99277680321948,4.184138647479244,3.8134511747178537,9.454689734698537,14.326254166178083,25.166930529399814,False,False,False,False,False,observed_curve,,,,,,,,,,
main,KMeans-weighted,5.0,18,42.0,continuous,9,7034,2657.0,72.58280879166237,4.147197216658173,3.688441132832597,8.665857664269575,14.690837569548558,19.60178239350467,False,False,False,False,False,observed_curve,,,,,,,,,,
main,KMeans-weighted,5.0,19,42.0,continuous,6,6949,2742.0,71.7057063254566,3.982120342648349,3.5377821456784493,8.850339418699182,12.170397668669846,25.166930529399814,False,False,False,False,False,observed_curve,,,,,,,,,,
main,KMeans-weighted,5.0,20,42.0,continuous,6,7582,2109.0,78.23753998555361,3.793960314277979,3.2330041948680446,8.37447587567144,13.756035158363735,25.166930529399814,False,False,False,False,False,observed_curve,,,,,,,,,,
main,KMeans-weighted,5.0,21,42.0,continuous,5,7488,2203.0,77.26756784645548,3.677548898335097,3.2058981705701832,8.233586017470532,12.384332103571833,25.166930529399814,False,False,False,False,False,observed_curve,,,,,,,,,,
main,KMeans-weighted,5.0,22,42.0,continuous,4,7873,1818.0,81.24032607574038,3.4911275395194536,3.056629857785481,7.752046078838192,12.170397668669846,25.166930529399814,False,False,False,False,False,observed_curve,,,,,,,,,,
main,KMeans-weighted,5.0,23,42.0,continuous,3,7859,1832.0,81.09586214013002,3.5150577259747195,3.294492288711463,7.249709169237538,10.606017006807765,25.166930529399814,False,False,False,False,False,observed_curve,,,,,,,,,,
main,KMeans-weighted,5.0,24,42.0,continuous,4,7995,1696.0,82.49922608605922,3.3580362098093683,2.951176882456822,7.038410653311744,11.323635076759665,25.166930529399814,False,False,False,False,False,observed_curve,,,,,,,,,,
main,KMeans-weighted,5.0,25,42.0,continuous,4,8348,1343.0,86.14178103394903,3.212825778683069,2.804790933918887,6.959983915355851,10.606017006807765,25.166930529399814,False,False,False,False,False,observed_curve,,,,,,,,,,
main,KMeans-weighted,5.0,26,42.0,continuous,6,8472,1219.0,87.42131874935507,3.1151452478167765,2.7457371960197934,6.44193292392568,10.02548521594604,17.26829683442775,False,False,False,False,False,observed_curve,,,,,,,,,,
main,KMeans-weighted,5.0,27,42.0,continuous,3,8391,1300.0,86.5854916933237,3.0533368107875445,2.6658830794376898,6.374833588543655,9.444849162702722,17.949858814079803,False,False,False,False,False,observed_curve,,,,,,,,,,
main,KMeans-weighted,5.0,28,42.0,continuous,3,8624,1067.0,88.98978433598184,2.9073309878156657,2.5455902097098395,6.095731307948488,10.112464964079871,15.738589550835975,False,False,False,False,False,observed_curve,,,,,,,,,,
main,KMeans-weighted,5.0,29,42.0,continuous,2,8574,1117.0,88.47384170880198,2.826079776837508,2.4554804337714637,6.138838339046947,8.756518774415165,16.299743927271756,False,False,False,False,False,observed_curve,,,,,,,,,,
main,KMeans-weighted,5.0,30,42.0,continuous,3,8777,914.0,90.5685687751522,2.86474444415449,2.5739051042935017,5.769140126002425,8.666643867612471,15.738589550835975,False,False,False,False,False,observed_curve,,,,,,,,,,
main,KMeans-weighted,5.0,31,42.0,continuous,3,8870,821.0,91.52822206170674,2.657461124772577,2.2940734258075803,5.656967390696872,8.500303232517032,16.299743927271756,False,False,False,False,False,observed_curve,,,,,,,,,,
main,KMeans-weighted,5.0,32,42.0,continuous,3,8974,717.0,92.60138272624084,2.557065091924896,2.229879930321811,5.870565834343132,8.7638417096211,16.732826938892167,False,False,False,False,False,observed_curve,,,,,,,,,,
main,KMeans-weighted,5.0,33,42.0,continuous,3,8979,712.0,92.65297698895884,2.522783781991696,2.236720129277663,5.670176541340034,8.11614840695746,16.299743927271756,False,False,False,False,False,observed_curve,,,,,,,,,,
main,KMeans-weighted,5.0,34,42.0,continuous,3,8992,699.0,92.7871220720256,2.4151517612898497,2.070987356694918,5.591882470944135,8.837103310698508,16.299743927271756,False,False,False,False,False,observed_curve,,,,,,,,,,
main,KMeans-weighted,5.0,35,42.0,continuous,3,8958,733.0,92.43628108554329,2.364272263346977,2.0285493563668373,5.671588537081104,8.11614840695746,16.732826938892167,False,False,False,False,False,observed_curve,,,,,,,,,,
main,KMeans-weighted,5.0,36,42.0,continuous,3,8994,697.0,92.80775977711278,2.344875913621128,1.9977766309612797,5.359170573031727,8.11614840695746,16.732826938892167,False,False,False,False,False,observed_curve,,,,,,,,,,
main,KMeans-weighted,5.0,37,42.0,continuous,1,9034,657.0,93.22051387885666,2.3269756094369023,2.039660134720713,5.4142533869960525,7.992721898729921,15.738589550835975,False,False,False,False,False,observed_curve,,,,,,,,,,
main,KMeans-weighted,5.0,38,42.0,continuous,1,9189,502.0,94.81993602311422,2.310573016141963,2.053072529633069,5.114744248684278,7.139859421567164,16.299743927271756,False,False,False,False,False,observed_curve,,,,,,,,,,
main,KMeans-weighted,5.0,39,42.0,continuous,1,9270,421.0,95.6557630791456,2.2299179168254115,1.9373949829122188,4.795170706933781,7.427376915995516,16.732826938892167,True,True,True,True,True,observed_curve,,,,,,,,,,
main,KMeans-weighted,5.0,40,42.0,continuous,1,9240,451.0,95.34619750283768,2.187319761580365,1.9037403979434784,4.894576733948815,7.39570894003147,15.264598378487984,True,True,True,True,False,observed_curve,,,,,,,,,,
main,KMeans-weighted,5.0,41,42.0,continuous,1,9283,408.0,95.78990816221236,2.183223125260696,1.9618915280659657,4.733190023797484,7.427376915995516,16.732826938892167,True,True,False,False,False,observed_curve,,,,,,,,,,
main,KMeans-weighted,5.0,42,42.0,continuous,2,9273,418.0,95.6867196367764,2.123024535641755,1.854587057499809,4.866883235141887,6.606115797492381,15.264598378487984,True,True,False,False,False,observed_curve,,,,,,,,,,
main,KMeans-weighted,5.0,43,42.0,continuous,1,9337,354.0,96.3471261995666,2.0868199802108376,1.777232689224366,4.658812344223944,6.875710224651298,15.264598378487984,True,True,False,False,False,observed_curve,,,,,,,,,,
main,KMeans-weighted,5.0,44,42.0,continuous,1,9372,319.0,96.7082860385925,2.0317656645358944,1.7349100582273138,4.58976911499492,6.322898637331803,15.264598378487984,True,True,True,False,False,observed_curve,,,,,,,,,,
main,KMeans-weighted,5.0,45,42.0,continuous,1,9324,367.0,96.21298111649983,1.9887681672548416,1.641413607073156,4.625623737982251,6.4310538307002885,16.732826938892167,True,True,False,False,False,observed_curve,,,,,,,,,,
main,KMeans-weighted,5.0,46,42.0,continuous,1,9322,369.0,96.19234341141264,1.957640584205302,1.6645392183101613,4.555247072972229,6.606115797492381,16.299743927271756,True,True,False,False,False,observed_curve,,,,,,,,,,
main,KMeans-weighted,5.0,47,42.0,continuous,1,9410,281.0,97.1004024352492,1.9820674556109223,1.7349100582273138,4.309171589070719,6.169055941248935,15.264598378487984,True,False,False,False,False,observed_curve,,,,,,,,,,
main,KMeans-weighted,5.0,48,42.0,continuous,1,9391,300.0,96.90434423692083,1.938546994235959,1.702971157697066,4.276137748840794,6.125974846528992,15.264598378487984,True,True,False,False,False,observed_curve,,,,,,,,,,
main,KMeans-weighted,5.0,49,42.0,continuous,1,9484,207.0,97.8639975234754,1.9354432925861795,1.6745713217191445,4.218823674964171,6.078880429811471,15.264598378487984,True,True,False,False,False,observed_curve,,,,,,,,,,
main,KMeans-weighted,5.0,50,42.0,continuous,1,9436,255.0,97.36869260138272,1.9179410068534304,1.631949940107448,4.29375959172743,5.838455589524835,15.264598378487984,True,True,False,False,False,observed_curve,,,,,,,,,,
main,KMeans-weighted,5.0,51,42.0,continuous,1,9468,223.0,97.69889588277783,1.8479088811280209,1.621959469311916,4.27498630764577,5.819226003269213,15.264598378487984,True,True,False,False,False,observed_curve,,,,,,,,,,
main,KMeans-weighted,5.0,52,42.0,continuous,1,9491,200.0,97.93622949128056,1.8182109616609767,1.5450385483547038,4.091564263169562,5.879989238520638,15.264598378487984,True,True,False,False,False,observed_curve,,,,,,,,,,
main,KMeans-weighted,5.0,53,42.0,continuous,1,9484,207.0,97.8639975234754,1.8545220831034712,1.6138312483986104,4.019966995034089,5.722703036177957,15.264598378487984,True,False,False,False,False,observed_curve,,,,,,,,,,
main,KMeans-weighted,5.0,54,42.0,continuous,1,9496,195.0,97.98782375399855,1.7571593316643426,1.506778129279755,4.116692419460654,6.167734263443133,15.264598378487984,True,True,False,False,False,observed_curve,,,,,,,,,,
main,KMeans-weighted,5.0,55,42.0,continuous,1,9530,161.0,98.33866474048088,1.7584034258455332,1.4955103416910136,3.878738266742431,5.525130979803084,15.264598378487984,True,False,False,False,False,observed_curve,,,,,,,,,,
main,KMeans-weighted,5.0,56,42.0,continuous,1,9502,189.0,98.04973686926014,1.7056697420090767,1.3672602323557213,3.858921493438897,5.788337409596899,15.264598378487984,True,True,False,False,False,observed_curve,,,,,,,,,,
main,KMeans-weighted,5.0,57,42.0,continuous,1,9514,177.0,98.17356309978332,1.7044234294173684,1.4861871796198782,3.6214298629711656,5.3453206385270775,15.264598378487984,True,True,True,False,False,observed_curve,,,,,,,,,,
main,KMeans-weighted,5.0,58,42.0,continuous,0,9494,197.0,97.96718604891136,1.6603470272097491,1.332575897113299,3.9407302342027255,5.803836669113962,14.252581573122306,True,True,False,False,False,observed_curve,,,,,,,,,,
main,KMeans-weighted,5.0,59,42.0,continuous,1,9581,110.0,98.86492622020432,1.6882519717143798,1.4738156293471314,3.6546054254749087,5.142746463955531,15.264598378487984,True,False,False,False,False,observed_curve,,,,,,,,,,
main,KMeans-weighted,5.0,60,42.0,continuous,1,9576,115.0,98.81333195748633,1.6783606900164747,1.481878620623132,3.535106985808324,5.377944026593517,15.264598378487984,True,False,False,False,False,observed_curve,,,,,,,,,,
main,KMeans-weighted,5.0,61,42.0,continuous,1,9535,156.0,98.39025900319884,1.6007575714360156,1.3354251136227502,3.4979927865876164,5.455106221363536,15.264598378487984,True,True,False,False,False,observed_curve,,,,,,,,,,
main,KMeans-weighted,5.0,62,42.0,continuous,1,9554,137.0,98.5863172015272,1.6168614867993871,1.332575897113299,3.734060901296568,5.359170573031727,15.264598378487984,True,False,False,False,False,observed_curve,,,,,,,,,,
main,KMeans-weighted,5.0,63,42.0,continuous,1,9605,86.0,99.11257868125064,1.589444727189643,1.4139849845188226,3.478418963454417,4.890440652929784,15.264598378487984,True,True,True,False,False,observed_curve,,,,,,,,,,
main,KMeans-weighted,5.0,64,42.0,continuous,1,9601,90.0,99.07130327107626,1.5905108052028731,1.451565483898538,3.4249151225353094,4.930243342482724,15.264598378487984,True,False,False,False,False,observed_curve,,,,,,,,,,
main,KMeans-weighted,5.0,65,42.0,continuous,1,9574,117.0,98.79269425239912,1.5300766070225302,1.302520056481154,3.254351953137291,5.339102038245566,15.264598378487984,True,True,False,False,False,observed_curve,,,,,,,,,,
main,KMeans-weighted,5.0,66,42.0,continuous,1,9584,107.0,98.8958827778351,1.530587637210777,1.3612704772672033,3.308519785777545,5.059237121120909,15.264598378487984,True,False,False,False,False,observed_curve,,,,,,,,,,
main,KMeans-weighted,5.0,67,42.0,continuous,1,9585,106.0,98.9062016303787,1.5265893246889497,1.3572446148101731,3.2803229993356022,5.27800676108332,15.264598378487984,True,True,False,False,False,observed_curve,,,,,,,,,,
main,KMeans-weighted,5.0,68,42.0,continuous,1,9608,83.0,99.14353523888144,1.536360349970413,1.3672602323557213,3.2992306485570264,4.803614741723829,15.264598378487984,True,False,False,False,False,observed_curve,,,,,,,,,,
main,KMeans-weighted,5.0,69,42.0,continuous,0,9598,93.0,99.04034671344546,1.5069085323827016,1.2524815698149123,3.452359568561921,4.760482264703176,12.996052512646257,True,True,False,False,False,observed_curve,,,,,,,,,,
main,KMeans-weighted,5.0,70,42.0,continuous,1,9601,90.0,99.07130327107626,1.4910433919338637,1.3170037215268224,3.254351953137291,4.853936072039876,15.264598378487984,True,True,False,False,False,observed_curve,,,,,,,,,,
main,KMeans-weighted,5.0,71,42.0,continuous,0,9622,69.0,99.2879991744918,1.4425566940778105,1.1997728436555375,3.2538499319227583,4.789241647872848,12.996052512646257,True,True,False,False,False,observed_curve,,,,,,,,,,
main,KMeans-weighted,5.0,72,42.0,continuous,1,9582,109.0,98.87524507274792,1.4531837525055853,1.2969856550123875,3.238875584967766,5.359170573031727,15.264598378487984,True,False,False,False,False,observed_curve,,,,,,,,,,
main,KMeans-weighted,5.0,73,42.0,continuous,1,9640,51.0,99.47373852027654,1.4466773586716712,1.3248573990781012,3.108255404896404,4.27498630764577,15.264598378487984,True,False,False,False,False,observed_curve,,,,,,,,,,
main,KMeans-weighted,5.0,74,42.0,continuous,1,9621,70.0,99.2776803219482,1.4114977206029418,1.1584177223263143,3.1290287894695767,4.628503268886951,15.264598378487984,True,True,False,False,False,observed_curve,,,,,,,,,,
main,KMeans-weighted,5.0,75,42.0,continuous,1,9632,59.0,99.39118769992776,1.3810396011775417,1.1603657868228838,3.131934509984364,4.615468964393815,15.264598378487984,True,True,False,False,False,observed_curve,,,,,,,,,,
main,KMeans-weighted,5.0,76,42.0,continuous,1,9637,54.0,99.44278196264575,1.3859871689236611,1.158940277110253,3.0701250666533686,4.62577438793231,15.264598378487984,True,False,False,False,False,observed_curve,,,,,,,,,,
main,KMeans-weighted,5.0,77,42.0,continuous,0,9629,62.0,99.36023114229698,1.3833759388340094,1.1902514132869693,3.092810015926656,4.530706123384854,12.996052512646257,True,False,False,False,False,observed_curve,,,,,,,,,,
main,KMeans-weighted,5.0,78,42.0,continuous,1,9639,52.0,99.46341966773296,1.3613133332105058,1.126646605955625,3.085367775005313,4.27498630764577,15.264598378487984,True,True,False,False,False,observed_curve,,,,,,,,,,
main,KMeans-weighted,5.0,79,42.0,continuous,0,9638,53.0,99.45310081518934,1.3653698215244905,1.189690152558703,3.0701250666533686,4.274521418324846,12.996052512646257,True,False,False,False,False,observed_curve,,,,,,,,,,
main,KMeans-weighted,5.0,80,42.0,continuous,1,9627,64.0,99.3395934372098,1.339432940660886,1.1615976399739172,3.0654028174495878,4.27498630764577,15.264598378487984,True,True,False,False,False,observed_curve,,,,,,,,,,
main,KMeans-weighted,5.0,81,42.0,continuous,0,9640,51.0,99.47373852027654,1.318414668437812,1.0915064307345623,2.9944963521651955,4.440925680851463,12.996052512646257,True,True,False,False,False,observed_curve,,,,,,,,,,
main,KMeans-weighted,5.0,82,42.0,continuous,1,9645,46.0,99.52533278299452,1.3315743778828384,1.1598275907182487,2.97440048668587,3.878738266742431,15.264598378487984,True,False,False,False,False,observed_curve,,,,,,,,,,
main,KMeans-weighted,10.0,1,42.0,continuous,20,2478,7213.0,25.570116603033743,18.04266374615605,14.629005418618874,42.16889716983217,54.5279683534975,78.96300548880234,False,False,False,False,False,observed_curve,,,,,,,,,,
main,KMeans-weighted,10.0,2,42.0,continuous,17,3739,5952.0,38.58218966050975,13.609721458996948,11.67622437976312,32.947237109223444,49.31170663823021,69.06575044971149,False,False,False,False,False,observed_curve,,,,,,,,,,
main,KMeans-weighted,10.0,3,42.0,continuous,18,4787,4904.0,49.396347126199565,11.75783671578436,10.04727253546688,26.307907017575104,40.93972916873914,58.45341852393412,False,False,False,False,False,observed_curve,,,,,,,,,,
main,KMeans-weighted,10.0,4,42.0,continuous,15,5853,3838.0,60.39624393767413,10.047000407307747,8.886742018529523,20.01582406560075,32.76914240122023,50.34916667200888,False,False,False,False,False,observed_curve,,,,,,,,,,
main,KMeans-weighted,10.0,5,42.0,continuous,11,6950,2741.0,71.71602517800021,8.608525143725261,7.24697583726241,17.971647789508502,29.034135309778005,52.202247518832216,False,False,False,False,False,observed_curve,,,,,,,,,,
main,KMeans-weighted,10.0,6,42.0,continuous,9,7827,1864.0,80.76565885873491,7.472783441025342,6.6446737966463525,16.424782043345324,29.48744250865216,49.878154080439394,False,False,False,False,False,observed_curve,,,,,,,,,,
main,KMeans-weighted,10.0,7,42.0,continuous,8,7847,1844.0,80.97203590960684,7.068062429391048,6.328027455621775,14.845215649925148,22.745462289936285,38.84635485996977,False,False,False,False,False,observed_curve,,,,,,,,,,
main,KMeans-weighted,10.0,8,42.0,continuous,8,8436,1255.0,87.04984005778557,6.311383082304183,5.225066340069104,14.358054926598172,20.86462683069884,38.84635485996977,False,False,False,False,False,observed_curve,,,,,,,,,,
main,KMeans-weighted,10.0,9,42.0,continuous,8,8680,1011.0,89.56764007842328,6.048401846889331,5.036387174215364,14.185476711870653,20.55207041210357,38.84635485996977,False,False,False,False,False,observed_curve,,,,,,,,,,
main,KMeans-weighted,10.0,10,42.0,continuous,4,8539,1152.0,88.11268186977608,5.808972668334218,4.889889501195707,12.790305940226409,17.62447479025319,33.64025875706124,False,False,False,False,False,observed_curve,,,,,,,,,,
main,KMeans-weighted,10.0,11,42.0,continuous,5,8748,943.0,90.26932205138787,5.592018207612895,4.793270031099261,11.64656781359222,17.189131714372458,32.933938233500164,False,False,False,False,False,observed_curve,,,,,,,,,,
main,KMeans-weighted,10.0,12,42.0,continuous,4,8902,789.0,91.85842534310184,5.385821802886218,4.764592010139717,10.884326896953509,17.0520256309285,27.572229138176187,False,False,False,False,False,observed_curve,,,,,,,,,,
main,KMeans-weighted,10.0,13,42.0,continuous,4,9003,688.0,92.90062945000516,5.064956295704432,4.250156253283824,11.289577368318488,15.670092436801434,27.572229138176187,False,False,False,False,False,observed_curve,,,,,,,,,,
main,KMeans-weighted,10.0,14,42.0,continuous,5,9068,623.0,93.57135486533898,4.876334049273165,4.370105198465385,10.670912465283418,16.769218515149223,28.78150000252769,False,False,False,False,False,observed_curve,,,,,,,,,,
main,KMeans-weighted,10.0,15,42.0,continuous,5,9162,529.0,94.54132700443712,4.662635815521361,4.170071495269784,10.194431462233704,17.119430694803093,27.17346566505804,False,False,False,False,False,observed_curve,,,,,,,,,,
main,KMeans-weighted,10.0,16,42.0,continuous,4,9269,422.0,95.645444226602,4.341428045430272,3.6713677906733264,9.635660554207062,16.893137617551627,27.14670265712576,True,True,True,True,True,observed_curve,,,,,,,,,,
main,KMeans-weighted,10.0,17,42.0,continuous,4,9282,409.0,95.77958930966876,4.184138647479244,3.8134511747178537,9.454689734698537,14.326254166178083,25.166930529399814,True,True,False,True,False,observed_curve,,,,,,,,,,
main,KMeans-weighted,10.0,18,42.0,continuous,5,9346,345.0,96.43999587245898,4.147197216658173,3.688441132832597,8.665857664269575,14.690837569548558,19.60178239350467,True,True,False,True,False,observed_curve,,,,,,,,,,
main,KMeans-weighted,10.0,19,42.0,continuous,3,9402,289.0,97.01785161490042,3.982120342648349,3.5377821456784493,8.850339418699182,12.170397668669846,25.166930529399814,True,True,False,False,False,observed_curve,,,,,,,,,,
main,KMeans-weighted,10.0,20,42.0,continuous,2,9466,225.0,97.67825817769064,3.793960314277979,3.2330041948680446,8.37447587567144,13.756035158363735,25.166930529399814,True,True,False,False,False,observed_curve,,,,,,,,,,
main,KMeans-weighted,10.0,21,42.0,continuous,3,9454,237.0,97.55443194716749,3.677548898335097,3.2058981705701832,8.233586017470532,12.384332103571833,25.166930529399814,True,True,False,False,False,observed_curve,,,,,,,,,,
main,KMeans-weighted,10.0,22,42.0,continuous,2,9473,218.0,97.75049014549582,3.4911275395194536,3.056629857785481,7.752046078838192,12.170397668669846,25.166930529399814,True,True,False,False,False,observed_curve,,,,,,,,,,
main,KMeans-weighted,10.0,23,42.0,continuous,1,9566,125.0,98.71014343205036,3.5150577259747195,3.294492288711463,7.249709169237538,10.606017006807765,25.166930529399814,True,False,False,False,False,observed_curve,,,,,,,,,,
main,KMeans-weighted,10.0,24,42.0,continuous,1,9548,143.0,98.5244040862656,3.3580362098093683,2.951176882456822,7.038410653311744,11.323635076759665,25.166930529399814,True,True,False,False,False,observed_curve,,,,,,,,,,
main,KMeans-weighted,10.0,25,42.0,continuous,1,9559,132.0,98.63791146424518,3.212825778683069,2.804790933918887,6.959983915355851,10.606017006807765,25.166930529399814,True,True,False,False,False,observed_curve,,,,,,,,,,
main,KMeans-weighted,10.0,26,42.0,continuous,1,9592,99.0,98.97843359818388,3.1151452478167765,2.7457371960197934,6.44193292392568,10.02548521594604,17.26829683442775,True,True,False,False,False,observed_curve,,,,,,,,,,
main,KMeans-weighted,10.0,27,42.0,continuous,0,9629,62.0,99.36023114229698,3.0533368107875445,2.6658830794376898,6.374833588543655,9.444849162702722,17.949858814079803,True,True,True,False,False,observed_curve,,,,,,,,,,
main,KMeans-weighted,10.0,28,42.0,continuous,1,9573,118.0,98.78237539985554,2.9073309878156657,2.5455902097098395,6.095731307948488,10.112464964079871,15.738589550835975,True,True,False,False,False,observed_curve,,,,,,,,,,
main,KMeans-weighted,10.0,29,42.0,continuous,0,9634,57.0,99.41182540501497,2.826079776837508,2.4554804337714637,6.138838339046947,8.756518774415165,16.299743927271756,True,True,False,False,False,observed_curve,,,,,,,,,,
main,KMeans-weighted,10.0,30,42.0,continuous,0,9638,53.0,99.45310081518934,2.86474444415449,2.5739051042935017,5.769140126002425,8.666643867612471,15.738589550835975,True,False,False,False,False,observed_curve,,,,,,,,,,
main,KMeans-weighted,10.0,31,42.0,continuous,0,9640,51.0,99.47373852027654,2.657461124772577,2.2940734258075803,5.656967390696872,8.500303232517032,16.299743927271756,True,True,False,False,False,observed_curve,,,,,,,,,,
main,KMeans-weighted,10.0,32,42.0,continuous,0,9638,53.0,99.45310081518934,2.557065091924896,2.229879930321811,5.870565834343132,8.7638417096211,16.732826938892167,True,True,False,False,False,observed_curve,,,,,,,,,,
main,KMeans-weighted,10.0,33,42.0,continuous,0,9670,21.0,99.78330409658446,2.522783781991696,2.236720129277663,5.670176541340034,8.11614840695746,16.299743927271756,True,True,False,False,False,observed_curve,,,,,,,,,,
main,KMeans-weighted,10.0,34,42.0,continuous,0,9638,53.0,99.45310081518934,2.4151517612898497,2.070987356694918,5.591882470944135,8.837103310698508,16.299743927271756,True,True,False,False,False,observed_curve,,,,,,,,,,
main,KMeans-weighted,10.0,35,42.0,continuous,0,9670,21.0,99.78330409658446,2.364272263346977,2.0285493563668373,5.671588537081104,8.11614840695746,16.732826938892167,True,True,False,False,False,observed_curve,,,,,,,,,,
main,KMeans-weighted,10.0,36,42.0,continuous,0,9657,34.0,99.6491590135177,2.344875913621128,1.9977766309612797,5.359170573031727,8.11614840695746,16.732826938892167,True,True,False,False,False,observed_curve,,,,,,,,,,
main,KMeans-weighted,10.0,37,42.0,continuous,0,9670,21.0,99.78330409658446,2.3269756094369023,2.039660134720713,5.4142533869960525,7.992721898729921,15.738589550835975,True,True,False,False,False,observed_curve,,,,,,,,,,
main,KMeans-weighted,10.0,38,42.0,continuous,0,9683,8.0,99.91744917965124,2.310573016141963,2.053072529633069,5.114744248684278,7.139859421567164,16.299743927271756,True,True,False,False,False,observed_curve,,,,,,,,,,
main,KMeans-weighted,10.0,39,42.0,continuous,0,9683,8.0,99.91744917965124,2.2299179168254115,1.9373949829122188,4.795170706933781,7.427376915995516,16.732826938892167,True,True,False,False,False,observed_curve,,,,,,,,,,
main,KMeans-weighted,10.0,40,42.0,continuous,0,9670,21.0,99.78330409658446,2.187319761580365,1.9037403979434784,4.894576733948815,7.39570894003147,15.264598378487984,True,True,False,False,False,observed_curve,,,,,,,,,,
main,KMeans-weighted,10.0,41,42.0,continuous,0,9683,8.0,99.91744917965124,2.183223125260696,1.9618915280659657,4.733190023797484,7.427376915995516,16.732826938892167,True,True,False,False,False,observed_curve,,,,,,,,,,
main,KMeans-weighted,10.0,42,42.0,continuous,0,9670,21.0,99.78330409658446,2.123024535641755,1.854587057499809,4.866883235141887,6.606115797492381,15.264598378487984,True,True,False,False,False,observed_curve,,,,,,,,,,
main,KMeans-weighted,10.0,43,42.0,continuous,0,9670,21.0,99.78330409658446,2.0868199802108376,1.777232689224366,4.658812344223944,6.875710224651298,15.264598378487984,True,True,False,False,False,observed_curve,,,,,,,,,,
main,KMeans-weighted,10.0,44,42.0,continuous,0,9683,8.0,99.91744917965124,2.0317656645358944,1.7349100582273138,4.58976911499492,6.322898637331803,15.264598378487984,True,True,True,False,False,observed_curve,,,,,,,,,,
main,KMeans-weighted,10.0,45,42.0,continuous,0,9683,8.0,99.91744917965124,1.9887681672548416,1.641413607073156,4.625623737982251,6.4310538307002885,16.732826938892167,True,True,False,False,False,observed_curve,,,,,,,,,,
main,KMeans-weighted,10.0,46,42.0,continuous,0,9683,8.0,99.91744917965124,1.957640584205302,1.6645392183101613,4.555247072972229,6.606115797492381,16.299743927271756,True,True,False,False,False,observed_curve,,,,,,,,,,
main,KMeans-weighted,10.0,47,42.0,continuous,0,9683,8.0,99.91744917965124,1.9820674556109223,1.7349100582273138,4.309171589070719,6.169055941248935,15.264598378487984,True,False,False,False,False,observed_curve,,,,,,,,,,
main,KMeans-weighted,10.0,48,42.0,continuous,0,9683,8.0,99.91744917965124,1.938546994235959,1.702971157697066,4.276137748840794,6.125974846528992,15.264598378487984,True,True,False,False,False,observed_curve,,,,,,,,,,
main,KMeans-weighted,10.0,49,42.0,continuous,0,9683,8.0,99.91744917965124,1.9354432925861795,1.6745713217191445,4.218823674964171,6.078880429811471,15.264598378487984,True,True,False,False,False,observed_curve,,,,,,,,,,
main,KMeans-weighted,10.0,50,42.0,continuous,0,9688,3.0,99.9690434423692,1.9179410068534304,1.631949940107448,4.29375959172743,5.838455589524835,15.264598378487984,True,True,False,False,False,observed_curve,,,,,,,,,,
main,KMeans-weighted,10.0,51,42.0,continuous,0,9688,3.0,99.9690434423692,1.8479088811280209,1.621959469311916,4.27498630764577,5.819226003269213,15.264598378487984,True,True,False,False,False,observed_curve,,,,,,,,,,
main,KMeans-weighted,10.0,52,42.0,continuous,0,9688,3.0,99.9690434423692,1.8182109616609767,1.5450385483547038,4.091564263169562,5.879989238520638,15.264598378487984,True,True,False,False,False,observed_curve,,,,,,,,,,
main,KMeans-weighted,10.0,53,42.0,continuous,0,9688,3.0,99.9690434423692,1.8545220831034712,1.6138312483986104,4.019966995034089,5.722703036177957,15.264598378487984,True,False,False,False,False,observed_curve,,,,,,,,,,
main,KMeans-weighted,10.0,54,42.0,continuous,0,9688,3.0,99.9690434423692,1.7571593316643426,1.506778129279755,4.116692419460654,6.167734263443133,15.264598378487984,True,True,False,False,False,observed_curve,,,,,,,,,,
main,KMeans-weighted,10.0,55,42.0,continuous,0,9688,3.0,99.9690434423692,1.7584034258455332,1.4955103416910136,3.878738266742431,5.525130979803084,15.264598378487984,True,False,False,False,False,observed_curve,,,,,,,,,,
main,KMeans-weighted,10.0,56,42.0,continuous,0,9688,3.0,99.9690434423692,1.7056697420090767,1.3672602323557213,3.858921493438897,5.788337409596899,15.264598378487984,True,True,False,False,False,observed_curve,,,,,,,,,,
main,KMeans-weighted,10.0,57,42.0,continuous,0,9683,8.0,99.91744917965124,1.7044234294173684,1.4861871796198782,3.6214298629711656,5.3453206385270775,15.264598378487984,True,True,True,False,False,observed_curve,,,,,,,,,,
main,KMeans-weighted,10.0,58,42.0,continuous,0,9688,3.0,99.9690434423692,1.6603470272097491,1.332575897113299,3.9407302342027255,5.803836669113962,14.252581573122306,True,True,False,False,False,observed_curve,,,,,,,,,,
main,KMeans-weighted,10.0,59,42.0,continuous,0,9688,3.0,99.9690434423692,1.6882519717143798,1.4738156293471314,3.6546054254749087,5.142746463955531,15.264598378487984,True,False,False,False,False,observed_curve,,,,,,,,,,
main,KMeans-weighted,10.0,60,42.0,continuous,0,9688,3.0,99.9690434423692,1.6783606900164747,1.481878620623132,3.535106985808324,5.377944026593517,15.264598378487984,True,False,False,False,False,observed_curve,,,,,,,,,,
main,KMeans-weighted,10.0,61,42.0,continuous,0,9683,8.0,99.91744917965124,1.6007575714360156,1.3354251136227502,3.4979927865876164,5.455106221363536,15.264598378487984,True,True,False,False,False,observed_curve,,,,,,,,,,
main,KMeans-weighted,10.0,62,42.0,continuous,0,9688,3.0,99.9690434423692,1.6168614867993871,1.332575897113299,3.734060901296568,5.359170573031727,15.264598378487984,True,False,False,False,False,observed_curve,,,,,,,,,,
main,KMeans-weighted,10.0,63,42.0,continuous,0,9688,3.0,99.9690434423692,1.589444727189643,1.4139849845188226,3.478418963454417,4.890440652929784,15.264598378487984,True,True,True,False,False,observed_curve,,,,,,,,,,
main,KMeans-weighted,10.0,64,42.0,continuous,0,9688,3.0,99.9690434423692,1.5905108052028731,1.451565483898538,3.4249151225353094,4.930243342482724,15.264598378487984,True,False,False,False,False,observed_curve,,,,,,,,,,
main,KMeans-weighted,10.0,65,42.0,continuous,0,9688,3.0,99.9690434423692,1.5300766070225302,1.302520056481154,3.254351953137291,5.339102038245566,15.264598378487984,True,True,False,False,False,observed_curve,,,,,,,,,,
main,KMeans-weighted,10.0,66,42.0,continuous,0,9688,3.0,99.9690434423692,1.530587637210777,1.3612704772672033,3.308519785777545,5.059237121120909,15.264598378487984,True,False,False,False,False,observed_curve,,,,,,,,,,
main,KMeans-weighted,10.0,67,42.0,continuous,0,9688,3.0,99.9690434423692,1.5265893246889497,1.3572446148101731,3.2803229993356022,5.27800676108332,15.264598378487984,True,True,False,False,False,observed_curve,,,,,,,,,,
main,KMeans-weighted,10.0,68,42.0,continuous,0,9688,3.0,99.9690434423692,1.536360349970413,1.3672602323557213,3.2992306485570264,4.803614741723829,15.264598378487984,True,False,False,False,False,observed_curve,,,,,,,,,,
main,KMeans-weighted,10.0,69,42.0,continuous,0,9688,3.0,99.9690434423692,1.5069085323827016,1.2524815698149123,3.452359568561921,4.760482264703176,12.996052512646257,True,True,False,False,False,observed_curve,,,,,,,,,,
main,KMeans-weighted,10.0,70,42.0,continuous,0,9688,3.0,99.9690434423692,1.4910433919338637,1.3170037215268224,3.254351953137291,4.853936072039876,15.264598378487984,True,True,False,False,False,observed_curve,,,,,,,,,,
main,KMeans-weighted,10.0,71,42.0,continuous,0,9688,3.0,99.9690434423692,1.4425566940778105,1.1997728436555375,3.2538499319227583,4.789241647872848,12.996052512646257,True,True,False,False,False,observed_curve,,,,,,,,,,
main,KMeans-weighted,10.0,72,42.0,continuous,0,9688,3.0,99.9690434423692,1.4531837525055853,1.2969856550123875,3.238875584967766,5.359170573031727,15.264598378487984,True,False,False,False,False,observed_curve,,,,,,,,,,
main,KMeans-weighted,10.0,73,42.0,continuous,0,9688,3.0,99.9690434423692,1.4466773586716712,1.3248573990781012,3.108255404896404,4.27498630764577,15.264598378487984,True,False,False,False,False,observed_curve,,,,,,,,,,
main,KMeans-weighted,10.0,74,42.0,continuous,0,9688,3.0,99.9690434423692,1.4114977206029418,1.1584177223263143,3.1290287894695767,4.628503268886951,15.264598378487984,True,True,False,False,False,observed_curve,,,,,,,,,,
main,KMeans-weighted,10.0,75,42.0,continuous,0,9688,3.0,99.9690434423692,1.3810396011775417,1.1603657868228838,3.131934509984364,4.615468964393815,15.264598378487984,True,True,False,False,False,observed_curve,,,,,,,,,,
main,KMeans-weighted,10.0,76,42.0,continuous,0,9688,3.0,99.9690434423692,1.3859871689236611,1.158940277110253,3.0701250666533686,4.62577438793231,15.264598378487984,True,False,False,False,False,observed_curve,,,,,,,,,,
main,KMeans-weighted,10.0,77,42.0,continuous,0,9688,3.0,99.9690434423692,1.3833759388340094,1.1902514132869693,3.092810015926656,4.530706123384854,12.996052512646257,True,False,False,False,False,observed_curve,,,,,,,,,,
main,KMeans-weighted,10.0,78,42.0,continuous,0,9688,3.0,99.9690434423692,1.3613133332105058,1.126646605955625,3.085367775005313,4.27498630764577,15.264598378487984,True,True,False,False,False,observed_curve,,,,,,,,,,
main,KMeans-weighted,10.0,79,42.0,continuous,0,9688,3.0,99.9690434423692,1.3653698215244905,1.189690152558703,3.0701250666533686,4.274521418324846,12.996052512646257,True,False,False,False,False,observed_curve,,,,,,,,,,
main,KMeans-weighted,10.0,80,42.0,continuous,0,9688,3.0,99.9690434423692,1.339432940660886,1.1615976399739172,3.0654028174495878,4.27498630764577,15.264598378487984,True,True,False,False,False,observed_curve,,,,,,,,,,
main,KMeans-weighted,10.0,81,42.0,continuous,0,9688,3.0,99.9690434423692,1.318414668437812,1.0915064307345623,2.9944963521651955,4.440925680851463,12.996052512646257,True,True,False,False,False,observed_curve,,,,,,,,,,
main,KMeans-weighted,10.0,82,42.0,continuous,0,9690,1.0,99.9896811474564,1.3315743778828384,1.1598275907182487,2.97440048668587,3.878738266742431,15.264598378487984,True,False,False,False,False,observed_curve,,,,,,,,,,
main,MCLP,5.0,1,-1.0,J300,21,1971,7720.0,20.338458363429982,19.51844688619721,16.46442007645856,47.79354650825217,63.27162846894999,75.91632448114619,False,False,False,False,False,observed_curve,,,,,,,,,,
main,MCLP,5.0,2,-1.0,J300,21,2852,6839.0,29.42936745433908,15.501248696781664,11.472868230169649,41.50935203655784,54.962532016469495,75.91632448114619,False,False,False,False,False,observed_curve,,,,,,,,,,
main,MCLP,5.0,3,-1.0,J300,21,3578,6113.0,36.920854400990606,12.901400748448486,8.460803985013026,39.05299086412297,52.17597433155382,75.91632448114619,False,False,False,False,False,observed_curve,,,,,,,,,,
main,MCLP,5.0,4,-1.0,J300,19,4287,5404.0,44.23692085440099,11.388719916024588,6.137934231125217,34.6112260822792,50.31502837013558,67.88307213260497,False,False,False,False,False,observed_curve,,,,,,,,,,
main,MCLP,5.0,5,-1.0,J300,19,4855,4836.0,50.09802909916417,10.479000034720316,4.9871383013026005,34.08039786494347,49.96060299834962,67.88307213260497,False,False,False,False,False,observed_curve,,,,,,,,,,
main,MCLP,5.0,6,-1.0,J300,19,5326,4365.0,54.95820864719843,8.445615471127338,4.659839303441408,27.38293376371475,49.96060299834962,67.88307213260497,False,False,False,False,False,observed_curve,,,,,,,,,,
main,MCLP,5.0,7,-1.0,J300,19,5709,3982.0,58.91032917139614,8.286525956588939,4.420528303150724,27.38293376371475,49.96060299834962,67.88307213260497,False,False,False,False,False,observed_curve,,,,,,,,,,
main,MCLP,5.0,8,-1.0,J300,19,6088,3603.0,62.82117428541946,7.9769829895789215,4.292835257400963,27.38293376371475,49.96060299834962,67.88307213260497,False,False,False,False,False,observed_curve,,,,,,,,,,
main,MCLP,5.0,9,-1.0,J300,16,6466,3225.0,66.72170054689919,6.984356057033487,4.164417324784249,26.17863928993314,47.01607467547261,65.38507422206561,False,False,False,False,False,observed_curve,,,,,,,,,,
main,MCLP,5.0,10,-1.0,J300,16,6730,2961.0,69.44587761840883,6.552220184519284,3.949347471827534,22.987157886703898,43.17955599614334,61.35047584425581,False,False,False,False,False,observed_curve,,,,,,,,,,
main,MCLP,5.0,11,-1.0,J300,14,6991,2700.0,72.13909813228769,6.385933150969013,3.878207144667308,22.93843913410475,43.17955599614334,61.35047584425581,False,False,False,False,False,observed_curve,,,,,,,,,,
main,MCLP,5.0,12,-1.0,J300,14,7226,2465.0,74.56402848003302,6.207131728201584,3.8297922068865033,22.93843913410475,43.17955599614334,61.35047584425581,False,False,False,False,False,observed_curve,,,,,,,,,,
main,MCLP,5.0,13,-1.0,J300,14,7454,2237.0,76.91672685997317,6.045454948610407,3.712823220418491,22.93843913410475,43.17955599614334,61.35047584425581,False,False,False,False,False,observed_curve,,,,,,,,,,
main,MCLP,5.0,14,-1.0,J300,14,7647,2044.0,78.90826540088742,5.813171598489304,3.636891740131752,22.606340348714237,43.17955599614334,61.35047584425581,False,False,False,False,False,observed_curve,,,,,,,,,,
main,MCLP,5.0,15,-1.0,J300,13,7820,1871.0,80.69342689092973,4.853609815185265,3.620500182023189,16.299168238446256,27.79552810376862,53.43111241429651,False,False,False,False,False,observed_curve,,,,,,,,,,
main,MCLP,5.0,16,-1.0,J300,12,7969,1722.0,82.2309359199257,4.688513086686392,3.522709794622921,14.463495993886488,27.79552810376862,53.43111241429651,False,False,False,False,False,observed_curve,,,,,,,,,,
main,MCLP,5.0,17,-1.0,J300,12,8116,1575.0,83.74780724383449,4.527236203494581,3.4891062598763534,14.297005939959623,27.79552810376862,53.43111241429651,False,False,False,False,False,observed_curve,,,,,,,,,,
main,MCLP,5.0,18,-1.0,J300,11,8253,1438.0,85.16149004230729,4.366838598461026,3.3842037980743465,13.200655449450236,26.10983679575951,53.43111241429651,False,False,False,False,False,observed_curve,,,,,,,,,,
main,MCLP,5.0,19,-1.0,J300,10,8349,1342.0,86.15209988649262,4.214231930481695,3.364900882537945,12.697166359370346,22.55773476316851,53.43111241429651,False,False,False,False,False,observed_curve,,,,,,,,,,
main,MCLP,5.0,20,-1.0,J300,10,8419,1272.0,86.87441956454443,4.15284282912359,3.349277235200596,12.697166359370346,22.55773476316851,53.43111241429651,False,False,False,False,False,observed_curve,,,,,,,,,,
main,MCLP,5.0,21,-1.0,J300,10,8488,1203.0,87.58642039005262,4.112353980538719,3.314578198549469,12.697166359370346,22.55773476316851,53.43111241429651,False,False,False,False,False,observed_curve,,,,,,,,,,
main,MCLP,5.0,22,-1.0,J300,10,8554,1137.0,88.26746465793003,3.915341025479575,3.305921647148711,11.430701842315088,21.2807436557052,53.30339599552052,False,False,False,False,False,observed_curve,,,,,,,,,,
main,MCLP,5.0,23,-1.0,J300,10,8608,1083.0,88.82468269528428,3.87534090922088,3.25817521979617,11.430701842315088,21.2807436557052,53.30339599552052,False,False,False,False,False,observed_curve,,,,,,,,,,
main,MCLP,5.0,24,-1.0,J300,10,8660,1031.0,89.36126302755133,3.8544789630654734,3.2434853340139584,11.430701842315088,21.2807436557052,53.30339599552052,False,False,False,False,False,observed_curve,,,,,,,,,,
main,MCLP,5.0,25,-1.0,J300,10,8711,980.0,89.88752450727479,3.821158028082579,3.1946205225157502,11.430701842315088,21.2807436557052,53.30339599552052,False,False,False,False,False,observed_curve,,,,,,,,,,
main,MCLP,5.0,26,-1.0,J300,10,8756,935.0,90.35187287173666,3.781460990066716,3.182058278050349,10.61751914573396,21.2807436557052,53.30339599552052,False,False,False,False,False,observed_curve,,,,,,,,,,
main,MCLP,5.0,27,-1.0,J300,10,8799,892.0,90.79558353111136,3.709067397905183,3.1516336845513853,10.238082278310785,20.448218447898217,49.2340699205548,False,False,False,False,False,observed_curve,,,,,,,,,,
main,MCLP,5.0,28,-1.0,J300,9,8840,851.0,91.21865648539882,3.5922596422981394,3.134542319088127,8.08377293400457,20.346572422516328,49.2340699205548,False,False,False,False,False,observed_curve,,,,,,,,,,
main,MCLP,5.0,29,-1.0,J300,9,8880,811.0,91.63141058714272,3.564426854006292,3.1044961985831687,8.08377293400457,20.346572422516328,49.2340699205548,False,False,False,False,False,observed_curve,,,,,,,,,,
main,MCLP,5.0,30,-1.0,J300,9,8918,773.0,92.0235269837994,3.515423342640022,3.1044961985831687,6.947550633677082,20.346572422516328,49.2340699205548,False,False,False,False,False,observed_curve,,,,,,,,,,
main,MCLP,5.0,31,-1.0,J300,9,8956,735.0,92.41564338045607,3.492863023940892,3.0991392941617804,6.852086771279059,20.346572422516328,49.2340699205548,False,False,False,False,False,observed_curve,,,,,,,,,,
main,MCLP,5.0,32,-1.0,J300,8,8994,697.0,92.80775977711278,3.440238481891019,3.0824308739677924,6.470218951306017,20.346572422516328,49.2340699205548,False,False,False,False,False,observed_curve,,,,,,,,,,
main,MCLP,5.0,33,-1.0,J300,7,9031,660.0,93.18955732122588,3.3009064261436185,3.05573075896094,6.05627966651341,20.136948757424012,36.52617815788724,False,False,False,False,False,observed_curve,,,,,,,,,,
main,MCLP,5.0,34,-1.0,J300,6,9066,625.0,93.55071716025178,3.2017015677490206,3.047234288410315,5.654503082157814,14.042661373451416,36.52617815788724,False,False,False,False,False,observed_curve,,,,,,,,,,
main,MCLP,5.0,35,-1.0,J300,6,9100,591.0,93.90155814673408,3.142550535793465,3.0294360402236715,5.53204024320082,12.42928974093915,36.52617815788724,False,False,False,False,False,observed_curve,,,,,,,,,,
main,MCLP,5.0,36,-1.0,J300,6,9130,561.0,94.211123723042,3.1206023298974848,3.021969259963245,5.352611413469411,12.42928974093915,36.52617815788724,False,False,False,False,False,observed_curve,,,,,,,,,,
main,MCLP,5.0,37,-1.0,J300,5,9157,534.0,94.48973274171912,3.0341085429846224,3.008199664816719,5.249879777108853,10.381628712023282,26.950553178813895,False,False,False,False,False,observed_curve,,,,,,,,,,
main,MCLP,5.0,38,-1.0,J300,5,9181,510.0,94.73738520276544,3.01334498002594,3.006813642795855,5.172537433259706,10.381628712023282,26.950553178813895,False,False,False,False,False,observed_curve,,,,,,,,,,
main,MCLP,5.0,39,-1.0,J300,5,9205,486.0,94.98503766381178,2.9861999160671417,2.975039579766665,5.003709456796977,10.381628712023282,26.950553178813895,False,False,False,False,False,observed_curve,,,,,,,,,,
main,MCLP,5.0,40,-1.0,J300,5,9225,466.0,95.19141471468372,2.977517512505512,2.975039579766665,4.93726011141345,10.381628712023282,26.950553178813895,True,True,True,True,True,observed_curve,,,,,,,,,,
main,MCLP,5.0,41,-1.0,J300,4,9244,447.0,95.38747291301208,2.924678743503607,2.962831971288249,4.935511512715816,10.320062325763953,18.21820860109545,True,True,True,True,True,observed_curve,,,,,,,,,,
main,MCLP,5.0,42,-1.0,J300,4,9262,429.0,95.5732122587968,2.9047698024778725,2.962831971288249,4.935511512715816,10.320062325763953,18.21820860109545,True,True,False,False,False,observed_curve,,,,,,,,,,
main,MCLP,5.0,43,-1.0,J300,4,9279,412.0,95.74863275203798,2.8865582981847764,2.934318043674189,4.927320342024503,9.71787786673288,18.21820860109545,True,True,True,False,False,observed_curve,,,,,,,,,,
main,MCLP,5.0,44,-1.0,J300,3,9296,395.0,95.92405324527913,2.858219366766966,2.934318043674189,4.927054534490701,8.587494680742124,16.550308693700245,True,True,True,True,True,observed_curve,,,,,,,,,,
main,MCLP,5.0,45,-1.0,J300,3,9310,381.0,96.06851718088949,2.831919178516164,2.8855074507496985,4.915339334336909,8.587494680742124,16.550308693700245,True,True,False,False,False,observed_curve,,,,,,,,,,
main,MCLP,5.0,46,-1.0,J300,3,9321,370.0,96.18202455886906,2.624235760006653,2.569965686083905,4.882267596554133,8.587494680742124,16.550308693700245,True,True,False,False,False,observed_curve,,,,,,,,,,
main,MCLP,5.0,47,-1.0,J300,3,9331,360.0,96.28521308430504,2.550796523732941,2.44417264641706,4.88109551331443,8.587494680742124,16.550308693700245,True,True,False,False,False,observed_curve,,,,,,,,,,
main,MCLP,5.0,48,-1.0,J300,3,9337,354.0,96.3471261995666,2.5406751092799387,2.44417264641706,4.88109551331443,8.587494680742124,16.550308693700245,True,True,False,False,False,observed_curve,,,,,,,,,,
main,MCLP,5.0,49,-1.0,J300,3,9341,350.0,96.388401609741,2.4266842347055,2.1527995727949927,4.88109551331443,8.587494680742124,16.550308693700245,True,True,False,False,False,observed_curve,,,,,,,,,,
main,MCLP,5.0,50,-1.0,J300,3,9343,348.0,96.4090393148282,2.400593936663848,2.123746720056368,4.88109551331443,8.587494680742124,16.550308693700245,True,True,False,False,False,observed_curve,,,,,,,,,,
main,MCLP,5.0,51,-1.0,J300,3,9344,347.0,96.41935816737178,2.3779449093357816,2.0934933854116955,4.88109551331443,8.587494680742124,16.550308693700245,True,True,False,False,False,observed_curve,,,,,,,,,,
main,MCLP,10.0,1,-1.0,J300,21,3664,6027.0,37.80827571973997,17.952685371209387,14.05485220553068,44.79444910091311,58.16384706889171,79.17901060539485,False,False,False,False,False,observed_curve,,,,,,,,,,
main,MCLP,10.0,2,-1.0,J300,17,5038,4653.0,51.98637911464245,14.09084995270303,9.678548307187034,38.5465041035339,56.51008262706592,79.17901060539485,False,False,False,False,False,observed_curve,,,,,,,,,,
main,MCLP,10.0,3,-1.0,J300,14,6120,3571.0,63.15137756681457,11.859204331459996,8.568500569967284,33.10707234203919,48.551054074394834,70.54029245518277,False,False,False,False,False,observed_curve,,,,,,,,,,
main,MCLP,10.0,4,-1.0,J300,14,6914,2777.0,71.34454648643072,10.965557939035737,7.947338487549384,31.393858351308246,48.551054074394834,70.54029245518277,False,False,False,False,False,observed_curve,,,,,,,,,,
main,MCLP,10.0,5,-1.0,J300,13,7664,2027.0,79.08368589412858,9.466259599312837,7.480684418706016,28.00115129663156,48.551054074394834,70.54029245518277,False,False,False,False,False,observed_curve,,,,,,,,,,
main,MCLP,10.0,6,-1.0,J300,13,8146,1545.0,84.0573728201424,8.56081093290687,7.1124708243289065,25.369799644180727,46.71850668089494,65.0581314509113,False,False,False,False,False,observed_curve,,,,,,,,,,
main,MCLP,10.0,7,-1.0,J300,12,8407,1284.0,86.75059333402126,8.154306937811782,6.743727454837376,23.964068257838303,46.01142765971311,65.0581314509113,False,False,False,False,False,observed_curve,,,,,,,,,,
main,MCLP,10.0,8,-1.0,J300,11,8616,1075.0,88.90723351563307,7.190679020944671,6.615102897958672,17.01461325746569,27.67625312838372,50.4789120536817,False,False,False,False,False,observed_curve,,,,,,,,,,
main,MCLP,10.0,9,-1.0,J300,11,8754,937.0,90.33123516664946,6.9595061671412815,6.520462451294679,15.937866908208177,24.466084661724192,50.4789120536817,False,False,False,False,False,observed_curve,,,,,,,,,,
main,MCLP,10.0,10,-1.0,J300,11,8866,825.0,91.48694665153236,6.779231994964844,6.489376285880765,12.942693744985258,24.466084661724192,50.4789120536817,False,False,False,False,False,observed_curve,,,,,,,,,,
main,MCLP,10.0,11,-1.0,J300,11,8961,730.0,92.46723764317407,6.605816517870659,6.37317584564896,11.941872528689617,23.98286638828881,50.4789120536817,False,False,False,False,False,observed_curve,,,,,,,,,,
main,MCLP,10.0,12,-1.0,J300,11,9045,646.0,93.33402125683624,6.458358486427533,6.324925812527492,11.395084869095994,23.98286638828881,50.4789120536817,False,False,False,False,False,observed_curve,,,,,,,,,,
main,MCLP,10.0,13,-1.0,J300,10,9124,567.0,94.14921060778042,6.3340095342146165,6.263974045250386,10.282495412934002,22.96627395425885,50.4789120536817,False,False,False,False,False,observed_curve,,,,,,,,,,
main,MCLP,10.0,14,-1.0,J300,9,9190,501.0,94.83025487565784,6.252149448109535,6.161876310650398,10.117288499959404,22.96627395425885,50.4789120536817,False,False,False,False,False,observed_curve,,,,,,,,,,
main,MCLP,10.0,15,-1.0,J300,9,9251,440.0,95.45970488081726,6.078534399545696,5.976480406476556,9.810989721000864,22.96627395425885,50.4789120536817,True,True,True,True,True,observed_curve,,,,,,,,,,
main,MCLP,10.0,16,-1.0,J300,8,9311,380.0,96.07883603343308,5.972949027595551,5.9038529265735376,9.77198089660148,21.20152400294965,50.4789120536817,True,True,True,False,True,observed_curve,,,,,,,,,,
main,MCLP,10.0,17,-1.0,J300,7,9367,324.0,96.65669177587452,5.832119841199906,5.864070035019858,9.678548307187034,18.81521672498776,37.75112261106004,True,True,True,True,True,observed_curve,,,,,,,,,,
main,MCLP,10.0,18,-1.0,J300,5,9416,275.0,97.16231555051078,5.713815640068429,5.816354170718122,9.578937624791475,14.618364215385649,37.75112261106004,True,True,True,False,True,observed_curve,,,,,,,,,,
main,MCLP,10.0,19,-1.0,J300,4,9460,231.0,97.61634506242906,5.657916871429873,5.770007793072252,9.380658070651243,14.042661373451416,37.75112261106004,True,True,True,False,True,observed_curve,,,,,,,,,,
main,MCLP,10.0,20,-1.0,J300,4,9492,199.0,97.94654834382416,5.15634120050486,5.228595089459129,8.796223048254255,14.042661373451416,37.75112261106004,True,True,False,False,False,observed_curve,,,,,,,,,,
main,MCLP,10.0,21,-1.0,J300,3,9519,172.0,98.22515736250128,5.067038971310053,5.160439263936177,8.69063636299862,12.08325942760386,26.950553178813895,True,True,True,True,True,observed_curve,,,,,,,,,,
main,MCLP,10.0,22,-1.0,J300,3,9541,150.0,98.45217211846042,5.022593930385397,5.081177969338045,8.629813592082245,12.08325942760386,26.950553178813895,True,True,False,False,False,observed_curve,,,,,,,,,,
main,MCLP,10.0,23,-1.0,J300,3,9562,129.0,98.66886802187597,4.994254998967586,5.050222526077477,8.617048937809704,11.395084869095994,26.950553178813895,True,False,True,False,False,observed_curve,,,,,,,,,,
main,MCLP,10.0,24,-1.0,J300,3,9582,109.0,98.87524507274792,4.957485297963807,5.027376998492832,8.605289376223585,10.360342865340115,26.950553178813895,True,False,True,False,False,observed_curve,,,,,,,,,,
main,MCLP,10.0,25,-1.0,J300,2,9601,90.0,99.07130327107626,4.904646528961901,5.027376998492832,8.530291800239317,9.91353366952201,16.550308693700245,True,False,True,True,True,observed_curve,,,,,,,,,,
main,MCLP,10.0,26,-1.0,J300,2,9615,76.0,99.21576720668662,4.869542749093373,4.986210256748569,8.486065992327747,9.91353366952201,16.550308693700245,True,False,False,False,False,observed_curve,,,,,,,,,,
main,MCLP,10.0,27,-1.0,J300,2,9624,67.0,99.30863687957898,4.835521192186484,4.963935466929743,8.486065992327747,9.745091728114067,16.550308693700245,True,False,True,False,False,observed_curve,,,,,,,,,,
main,MCLP,10.0,28,-1.0,J300,1,9632,59.0,99.39118769992776,4.822781604725544,4.949660752940091,8.486065992327747,9.730211445405722,16.550308693700245,True,False,True,False,True,observed_curve,,,,,,,,,,
main,MCLP,10.0,29,-1.0,J300,1,9635,56.0,99.42214425755856,4.71453071357083,4.827215412666264,8.486065992327747,9.615270244532228,16.550308693700245,True,False,True,False,False,observed_curve,,,,,,,,,,
main,MCLP,10.0,30,-1.0,J300,1,9636,55.0,99.43246311010216,4.67478032481292,4.76716933606324,8.42197292458974,9.433251074836722,16.550308693700245,True,False,True,False,False,observed_curve,,,,,,,,,,
main,P-Median,3.0,1,-1.0,J300,21,376,9315.0,3.879888556392529,17.81364762685249,13.83446945173028,43.39674631089937,56.13726760472635,78.87587931383399,False,False,False,False,False,observed_curve,,,,,,,,,,
main,P-Median,3.0,2,-1.0,J300,21,977,8714.0,10.081518935094415,12.9220693044411,10.229540605171644,35.77161555705096,54.21576821597446,73.80657643112575,False,False,False,False,False,observed_curve,,,,,,,,,,
main,P-Median,3.0,3,-1.0,J300,21,1420,8271.0,14.652770611907956,11.073461390802322,7.962310565840589,33.31774234794633,52.95777672282012,74.08287023321586,False,False,False,False,False,observed_curve,,,,,,,,,,
main,P-Median,3.0,4,-1.0,J300,20,1525,8166.0,15.736250128985656,9.666353613499766,7.783263730407075,21.683381776931128,37.439427256119735,59.67316208885642,False,False,False,False,False,observed_curve,,,,,,,,,,
main,P-Median,3.0,5,-1.0,J300,18,1772,7919.0,18.285006707254155,8.382091957797977,6.541563848613607,19.999036236662285,30.691336965427137,53.75830158262533,False,False,False,False,False,observed_curve,,,,,,,,,,
main,P-Median,3.0,6,-1.0,J300,15,1988,7703.0,20.513878856671138,7.263516035757777,5.838099922750437,17.20002522683018,30.691336965427137,53.75830158262533,False,False,False,False,False,observed_curve,,,,,,,,,,
main,P-Median,3.0,7,-1.0,J300,16,2223,7468.0,22.93880920441647,6.539635074254122,5.179008804457528,17.20002522683018,30.552136561477475,53.75830158262533,False,False,False,False,False,observed_curve,,,,,,,,,,
main,P-Median,3.0,8,-1.0,J300,16,3103,6588.0,32.01939944278196,6.13624522586564,4.732743587258944,17.13119169534484,30.552136561477475,53.75830158262533,False,False,False,False,False,observed_curve,,,,,,,,,,
main,P-Median,3.0,9,-1.0,J300,16,2614,7077.0,26.973480548962957,5.778283639351625,4.5527497215265065,15.67848864574144,26.031163469053983,52.82595594585596,False,False,False,False,False,observed_curve,,,,,,,,,,
main,P-Median,3.0,10,-1.0,J300,16,3704,5987.0,38.22102982148385,5.389008752331704,4.081704243915837,15.623129793098103,26.031163469053983,52.82595594585596,False,False,False,False,False,observed_curve,,,,,,,,,,
main,P-Median,3.0,11,-1.0,J300,16,4256,5435.0,43.91703642554948,5.174205463089414,3.6133936950559327,15.623129793098103,26.031163469053983,52.82595594585596,False,False,False,False,False,observed_curve,,,,,,,,,,
main,P-Median,3.0,12,-1.0,J300,16,4343,5348.0,44.81477659684243,4.953646405627787,3.4461411123517824,15.249815667038591,24.91759538078833,52.82595594585596,False,False,False,False,False,observed_curve,,,,,,,,,,
main,P-Median,3.0,13,-1.0,J300,16,4588,5103.0,47.34289547002373,4.739759989592031,3.267500128849236,15.249815667038591,24.91759538078833,52.82595594585596,False,False,False,False,False,observed_curve,,,,,,,,,,
main,P-Median,3.0,14,-1.0,J300,15,4651,5040.0,47.99298318027036,4.53582275352746,3.2188436842229744,13.556593029545915,23.946669378325986,53.30339599552052,False,False,False,False,False,observed_curve,,,,,,,,,,
main,P-Median,3.0,15,-1.0,J300,15,4854,4837.0,50.087710246620574,4.372349769253669,2.993742953511284,13.262241123856388,23.946669378325986,53.30339599552052,False,False,False,False,False,observed_curve,,,,,,,,,,
main,P-Median,3.0,16,-1.0,J300,13,4660,5031.0,48.08585285316273,4.198056705465321,3.1218717844357537,12.771879674796844,21.74033084005331,53.30339599552052,False,False,False,False,False,observed_curve,,,,,,,,,,
main,P-Median,3.0,17,-1.0,J300,13,5131,4560.0,52.94603240119699,4.053320762607017,2.8258790542219328,12.771879674796844,21.74033084005331,53.30339599552052,False,False,False,False,False,observed_curve,,,,,,,,,,
main,P-Median,3.0,18,-1.0,J300,14,5442,4249.0,56.1551955422557,3.8802495686015854,2.6434634844540024,12.1722980861503,23.946669378325986,53.30339599552052,False,False,False,False,False,observed_curve,,,,,,,,,,
main,P-Median,3.0,19,-1.0,J300,13,5437,4254.0,56.10360127953771,3.715985344442504,2.639548053547475,11.761925245227314,19.519201221675583,53.30339599552052,False,False,False,False,False,observed_curve,,,,,,,,,,
main,P-Median,3.0,20,-1.0,J300,12,5520,4171.0,56.96006604065628,3.581129401499205,2.62937674429977,11.484943190121134,18.95046947037582,28.687629604511976,False,False,False,False,False,observed_curve,,,,,,,,,,
main,P-Median,3.0,21,-1.0,J300,12,5853,3838.0,60.39624393767413,3.4455252844551705,2.507880086102327,11.484943190121134,18.95046947037582,28.687629604511976,False,False,False,False,False,observed_curve,,,,,,,,,,
main,P-Median,3.0,22,-1.0,J300,10,5947,3744.0,61.36621607677226,3.3409886461755787,2.44417264641706,11.382671014047254,18.95046947037582,28.687629604511976,False,False,False,False,False,observed_curve,,,,,,,,,,
main,P-Median,3.0,23,-1.0,J300,9,5981,3710.0,61.717057063254565,3.2230405932518127,2.443233127282843,9.568198139105784,17.73728270898471,28.687629604511976,False,False,False,False,False,observed_curve,,,,,,,,,,
main,P-Median,3.0,24,-1.0,J300,8,6078,3613.0,62.71798575998349,3.13961684989155,2.376438560451072,9.053876266375925,17.73728270898471,28.687629604511976,False,False,False,False,False,observed_curve,,,,,,,,,,
main,P-Median,3.0,25,-1.0,J300,9,6277,3414.0,64.77143741615933,3.0331176608009534,2.248583976289717,9.053876266375925,17.73728270898471,28.687629604511976,False,False,False,False,False,observed_curve,,,,,,,,,,
main,P-Median,3.0,26,-1.0,J300,10,6499,3192.0,67.06222268083789,2.94382760698722,2.059087187647578,7.919187881290632,17.73728270898471,28.687629604511976,False,False,False,False,False,observed_curve,,,,,,,,,,
main,P-Median,3.0,27,-1.0,J300,8,6626,3065.0,68.37271695387473,2.845090561074778,2.011116505552299,7.919187881290632,17.73728270898471,28.687629604511976,False,False,False,False,False,observed_curve,,,,,,,,,,
main,P-Median,3.0,28,-1.0,J300,7,6675,3016.0,68.87834072851099,2.761071604249728,2.012619837648251,7.198713556110408,14.618364215385649,28.687629604511976,False,False,False,False,False,observed_curve,,,,,,,,,,
main,P-Median,3.0,29,-1.0,J300,7,6675,3016.0,68.87834072851099,2.7009648746827835,1.9329024952667448,7.198713556110408,14.618364215385649,28.687629604511976,False,False,False,False,False,observed_curve,,,,,,,,,,
main,P-Median,3.0,30,-1.0,J300,7,6899,2792.0,71.18976369827675,2.6318299174054167,1.8656365932153816,7.198713556110408,14.618364215385649,28.687629604511976,False,False,False,False,False,observed_curve,,,,,,,,,,
main,P-Median,3.0,31,-1.0,J300,7,6938,2753.0,71.59219894747704,2.567263706307326,1.853666302314802,6.932343588454078,14.042661373451416,26.950553178813895,False,False,False,False,False,observed_curve,,,,,,,,,,
main,P-Median,3.0,32,-1.0,J300,7,7062,2629.0,72.8717366628831,2.516054712667056,1.8096129159227223,6.932343588454078,14.042661373451416,26.950553178813895,False,False,False,False,False,observed_curve,,,,,,,,,,
main,P-Median,3.0,33,-1.0,J300,6,7095,2596.0,73.2122587968218,2.45572008325492,1.8096129159227223,6.643533740574133,12.918502115738656,26.950553178813895,False,False,False,False,False,observed_curve,,,,,,,,,,
main,P-Median,3.0,34,-1.0,J300,6,7111,2580.0,73.37736043751934,2.3911248192169388,1.7861262456447786,6.381402798556995,11.04070565218598,26.950553178813895,False,False,False,False,False,observed_curve,,,,,,,,,,
main,P-Median,3.0,35,-1.0,J300,5,6995,2696.0,72.18037354246208,2.332994340556984,1.734521548562822,6.2033089083584665,10.737611259610295,18.21820860109545,False,False,False,False,False,observed_curve,,,,,,,,,,
main,P-Median,3.0,36,-1.0,J300,5,7124,2567.0,73.51150552058611,2.285289738592461,1.734521548562822,6.2033089083584665,10.737611259610295,18.21820860109545,False,False,False,False,False,observed_curve,,,,,,,,,,
main,P-Median,3.0,37,-1.0,J300,5,7235,2456.0,74.6568981529254,2.237075947312195,1.714178347030153,6.18398788521521,10.737611259610295,18.21820860109545,False,False,False,False,False,observed_curve,,,,,,,,,,
main,P-Median,3.0,38,-1.0,J300,5,7351,2340.0,75.85388504798266,2.187492778435428,1.6622325629078911,6.18398788521521,10.737611259610295,18.21820860109545,False,False,False,False,False,observed_curve,,,,,,,,,,
main,P-Median,3.0,39,-1.0,J300,5,7460,2231.0,76.97863997523476,2.141036527311769,1.6239575771244976,6.18398788521521,10.737611259610295,18.21820860109545,False,False,False,False,False,observed_curve,,,,,,,,,,
main,P-Median,3.0,40,-1.0,J300,5,7580,2111.0,78.21690228046641,2.102026730505557,1.5635091222298605,6.038456051529888,10.737611259610295,18.21820860109545,False,False,False,False,False,observed_curve,,,,,,,,,,
main,P-Median,3.0,41,-1.0,J300,5,7614,2077.0,78.56774326694871,2.057575229783072,1.556599009612125,5.813262314691926,9.921070220632696,18.21820860109545,False,False,False,False,False,observed_curve,,,,,,,,,,
main,P-Median,3.0,42,-1.0,J300,5,7614,2077.0,78.56774326694871,2.0215570269166814,1.5188543609535086,5.813262314691926,9.921070220632696,18.21820860109545,False,False,False,False,False,observed_curve,,,,,,,,,,
main,P-Median,3.0,43,-1.0,J300,5,7646,2045.0,78.89794654834382,1.9882765641632745,1.503153284114911,5.728987041671982,9.859389562668044,18.21820860109545,False,False,False,False,False,observed_curve,,,,,,,,,,
main,P-Median,3.0,44,-1.0,J300,5,7702,1989.0,79.47580229078527,1.960008647587108,1.5006111461378586,5.651251723106653,9.859389562668044,18.21820860109545,False,False,False,False,False,observed_curve,,,,,,,,,,
main,P-Median,3.0,45,-1.0,J300,4,7719,1972.0,79.65122278402642,1.9316697161692984,1.4982228349801148,5.53204024320082,9.010586105722185,16.550308693700245,False,False,False,False,False,observed_curve,,,,,,,,,,
main,P-Median,3.0,46,-1.0,J300,4,7806,1885.0,80.54896295531937,1.9048840319421472,1.467496862312899,5.53204024320082,8.897232022872103,16.550308693700245,False,False,False,False,False,observed_curve,,,,,,,,,,
main,P-Median,3.0,47,-1.0,J300,4,7850,1841.0,81.00299246723765,1.878861035204326,1.4641339905402546,5.372258303903576,8.897232022872103,16.550308693700245,False,False,False,False,False,observed_curve,,,,,,,,,,
main,P-Median,3.0,48,-1.0,J300,4,7875,1816.0,81.26096378082757,1.855326540846019,1.4523038313445036,5.288815248490521,8.897232022872103,16.550308693700245,False,False,False,False,False,observed_curve,,,,,,,,,,
main,P-Median,3.0,49,-1.0,J300,4,7948,1743.0,82.01424001651016,1.830973014961155,1.4344254348379668,5.288815248490521,8.897232022872103,16.550308693700245,False,False,False,False,False,observed_curve,,,,,,,,,,
main,P-Median,3.0,50,-1.0,J300,4,8023,1668.0,82.78815395727995,1.8081780094664903,1.4344254348379668,5.216055695851447,8.743826266691455,16.550308693700245,False,False,False,False,False,observed_curve,,,,,,,,,,
main,P-Median,3.0,51,-1.0,J300,4,8047,1644.0,83.03580641832629,1.7834407218993298,1.4341400356132157,5.003709456796977,8.743826266691455,16.550308693700245,False,False,False,False,False,observed_curve,,,,,,,,,,
main,P-Median,3.0,52,-1.0,J300,4,8144,1547.0,84.03673511505521,1.763871391904828,1.4310716415606315,5.003709456796977,8.743826266691455,16.550308693700245,False,False,False,False,False,observed_curve,,,,,,,,,,
main,P-Median,3.0,53,-1.0,J300,4,8144,1547.0,84.03673511505521,1.7460441969193758,1.402001229980834,5.003709456796977,8.743826266691455,16.550308693700245,False,False,False,False,False,observed_curve,,,,,,,,,,
main,P-Median,3.0,54,-1.0,J300,4,8155,1536.0,84.15024249303478,1.7283661302374544,1.3964546112870102,5.003709456796977,8.743826266691455,16.550308693700245,False,False,False,False,False,observed_curve,,,,,,,,,,
main,P-Median,3.0,55,-1.0,J300,4,8255,1436.0,85.18212774739449,1.7114825088873502,1.4119980094677078,4.919192756936556,8.587494680742124,16.550308693700245,False,False,False,False,False,observed_curve,,,,,,,,,,
main,P-Median,5.0,1,-1.0,J300,21,966,8725.0,9.968011557114847,17.81364762685249,13.83446945173028,43.39674631089937,56.13726760472635,78.87587931383399,False,False,False,False,False,observed_curve,,,,,,,,,,
main,P-Median,5.0,2,-1.0,J300,21,1693,7998.0,17.469817356309978,12.9220693044411,10.229540605171644,35.77161555705096,54.21576821597446,73.80657643112575,False,False,False,False,False,observed_curve,,,,,,,,,,
main,P-Median,5.0,3,-1.0,J300,21,2575,7116.0,26.571045299762662,11.073461390802322,7.962310565840589,33.31774234794633,52.95777672282012,74.08287023321586,False,False,False,False,False,observed_curve,,,,,,,,,,
main,P-Median,5.0,4,-1.0,J300,20,2734,6957.0,28.21174285419461,9.666353613499766,7.783263730407075,21.683381776931128,37.439427256119735,59.67316208885642,False,False,False,False,False,observed_curve,,,,,,,,,,
main,P-Median,5.0,5,-1.0,J300,18,3808,5883.0,39.29419048601795,8.382091957797977,6.541563848613607,19.999036236662285,30.691336965427137,53.75830158262533,False,False,False,False,False,observed_curve,,,,,,,,,,
main,P-Median,5.0,6,-1.0,J300,14,4217,5474.0,43.51460117634919,7.263516035757777,5.838099922750437,17.20002522683018,30.691336965427137,53.75830158262533,False,False,False,False,False,observed_curve,,,,,,,,,,
main,P-Median,5.0,7,-1.0,J300,15,4604,5087.0,47.50799711072129,6.539635074254122,5.179008804457528,17.20002522683018,30.552136561477475,53.75830158262533,False,False,False,False,False,observed_curve,,,,,,,,,,
main,P-Median,5.0,8,-1.0,J300,15,5193,4498.0,53.58580125890001,6.13624522586564,4.732743587258944,17.13119169534484,30.552136561477475,53.75830158262533,False,False,False,False,False,observed_curve,,,,,,,,,,
main,P-Median,5.0,9,-1.0,J300,15,5467,4224.0,56.41316685584563,5.778283639351625,4.5527497215265065,15.67848864574144,26.031163469053983,52.82595594585596,False,False,False,False,False,observed_curve,,,,,,,,,,
main,P-Median,5.0,10,-1.0,J300,14,5887,3804.0,60.74708492415643,5.389008752331704,4.081704243915837,15.623129793098103,26.031163469053983,52.82595594585596,False,False,False,False,False,observed_curve,,,,,,,,,,
main,P-Median,5.0,11,-1.0,J300,15,6126,3565.0,63.21329068207616,5.174205463089414,3.6133936950559327,15.623129793098103,26.031163469053983,52.82595594585596,False,False,False,False,False,observed_curve,,,,,,,,,,
main,P-Median,5.0,12,-1.0,J300,15,6360,3331.0,65.62790217727789,4.953646405627787,3.4461411123517824,15.249815667038591,24.91759538078833,52.82595594585596,False,False,False,False,False,observed_curve,,,,,,,,,,
main,P-Median,5.0,13,-1.0,J300,14,6719,2972.0,69.33237024042927,4.739759989592031,3.267500128849236,15.249815667038591,24.91759538078833,52.82595594585596,False,False,False,False,False,observed_curve,,,,,,,,,,
main,P-Median,5.0,14,-1.0,J300,13,6810,2881.0,70.2713858218966,4.53582275352746,3.2188436842229744,13.556593029545915,23.946669378325986,53.30339599552052,False,False,False,False,False,observed_curve,,,,,,,,,,
main,P-Median,5.0,15,-1.0,J300,14,6834,2857.0,70.51903828294293,4.372349769253669,2.993742953511284,13.262241123856388,23.946669378325986,53.30339599552052,False,False,False,False,False,observed_curve,,,,,,,,,,
main,P-Median,5.0,16,-1.0,J300,11,7028,2663.0,72.52089567640078,4.198056705465321,3.1218717844357537,12.771879674796844,21.74033084005331,53.30339599552052,False,False,False,False,False,observed_curve,,,,,,,,,,
main,P-Median,5.0,17,-1.0,J300,11,7229,2462.0,74.59498503766382,4.053320762607017,2.8258790542219328,12.771879674796844,21.74033084005331,53.30339599552052,False,False,False,False,False,observed_curve,,,,,,,,,,
main,P-Median,5.0,18,-1.0,J300,12,7617,2074.0,78.59869982457951,3.8802495686015854,2.6434634844540024,12.1722980861503,23.946669378325986,53.30339599552052,False,False,False,False,False,observed_curve,,,,,,,,,,
main,P-Median,5.0,19,-1.0,J300,11,7669,2022.0,79.13528015684656,3.715985344442504,2.639548053547475,11.761925245227314,19.519201221675583,53.30339599552052,False,False,False,False,False,observed_curve,,,,,,,,,,
main,P-Median,5.0,20,-1.0,J300,9,7635,2056.0,78.78443917036425,3.581129401499205,2.62937674429977,11.484943190121134,18.95046947037582,28.687629604511976,False,False,False,False,False,observed_curve,,,,,,,,,,
main,P-Median,5.0,21,-1.0,J300,10,7812,1879.0,80.61087607058096,3.4455252844551705,2.507880086102327,11.484943190121134,18.95046947037582,28.687629604511976,False,False,False,False,False,observed_curve,,,,,,,,,,
main,P-Median,5.0,22,-1.0,J300,9,8021,1670.0,82.76751625219276,3.3409886461755787,2.44417264641706,11.382671014047254,18.95046947037582,28.687629604511976,False,False,False,False,False,observed_curve,,,,,,,,,,
main,P-Median,5.0,23,-1.0,J300,8,8062,1629.0,83.19058920648024,3.2230405932518127,2.443233127282843,9.568198139105784,17.73728270898471,28.687629604511976,False,False,False,False,False,observed_curve,,,,,,,,,,
main,P-Median,5.0,24,-1.0,J300,8,8225,1466.0,84.87256217108657,3.13961684989155,2.376438560451072,9.053876266375925,17.73728270898471,28.687629604511976,False,False,False,False,False,observed_curve,,,,,,,,,,
main,P-Median,5.0,25,-1.0,J300,8,8382,1309.0,86.49262202043133,3.0331176608009534,2.248583976289717,9.053876266375925,17.73728270898471,28.687629604511976,False,False,False,False,False,observed_curve,,,,,,,,,,
main,P-Median,5.0,26,-1.0,J300,8,8327,1364.0,85.92508513053349,2.94382760698722,2.059087187647578,7.919187881290632,17.73728270898471,28.687629604511976,False,False,False,False,False,observed_curve,,,,,,,,,,
main,P-Median,5.0,27,-1.0,J300,7,8515,1176.0,87.86502940872975,2.845090561074778,2.011116505552299,7.919187881290632,17.73728270898471,28.687629604511976,False,False,False,False,False,observed_curve,,,,,,,,,,
main,P-Median,5.0,28,-1.0,J300,6,8580,1111.0,88.53575482406356,2.761071604249728,2.012619837648251,7.198713556110408,14.618364215385649,28.687629604511976,False,False,False,False,False,observed_curve,,,,,,,,,,
main,P-Median,5.0,29,-1.0,J300,6,8580,1111.0,88.53575482406356,2.7009648746827835,1.9329024952667448,7.198713556110408,14.618364215385649,28.687629604511976,False,False,False,False,False,observed_curve,,,,,,,,,,
main,P-Median,5.0,30,-1.0,J300,6,8630,1061.0,89.05169745124343,2.6318299174054167,1.8656365932153816,7.198713556110408,14.618364215385649,28.687629604511976,False,False,False,False,False,observed_curve,,,,,,,,,,
main,P-Median,5.0,31,-1.0,J300,6,8651,1040.0,89.26839335465897,2.567263706307326,1.853666302314802,6.932343588454078,14.042661373451416,26.950553178813895,False,False,False,False,False,observed_curve,,,,,,,,,,
main,P-Median,5.0,32,-1.0,J300,6,8653,1038.0,89.28903105974615,2.516054712667056,1.8096129159227223,6.932343588454078,14.042661373451416,26.950553178813895,False,False,False,False,False,observed_curve,,,,,,,,,,
main,P-Median,5.0,33,-1.0,J300,5,8691,1000.0,89.68114745640285,2.45572008325492,1.8096129159227223,6.643533740574133,12.918502115738656,26.950553178813895,False,False,False,False,False,observed_curve,,,,,,,,,,
main,P-Median,5.0,34,-1.0,J300,5,8722,969.0,90.00103188525436,2.3911248192169388,1.7861262456447786,6.381402798556995,11.04070565218598,26.950553178813895,False,False,False,False,False,observed_curve,,,,,,,,,,
main,P-Median,5.0,35,-1.0,J300,4,8747,944.0,90.25900319884428,2.332994340556984,1.734521548562822,6.2033089083584665,10.737611259610295,18.21820860109545,False,False,False,False,False,observed_curve,,,,,,,,,,
main,P-Median,5.0,36,-1.0,J300,4,8749,942.0,90.27964090393148,2.285289738592461,1.734521548562822,6.2033089083584665,10.737611259610295,18.21820860109545,False,False,False,False,False,observed_curve,,,,,,,,,,
main,P-Median,5.0,37,-1.0,J300,4,8820,871.0,91.01227943452687,2.237075947312195,1.714178347030153,6.18398788521521,10.737611259610295,18.21820860109545,False,False,False,False,False,observed_curve,,,,,,,,,,
main,P-Median,5.0,38,-1.0,J300,4,8820,871.0,91.01227943452687,2.187492778435428,1.6622325629078911,6.18398788521521,10.737611259610295,18.21820860109545,False,False,False,False,False,observed_curve,,,,,,,,,,
main,P-Median,5.0,39,-1.0,J300,4,8912,779.0,91.96161386853782,2.141036527311769,1.6239575771244976,6.18398788521521,10.737611259610295,18.21820860109545,False,False,False,False,False,observed_curve,,,,,,,,,,
main,P-Median,5.0,40,-1.0,J300,4,8972,719.0,92.58074502115365,2.102026730505557,1.5635091222298605,6.038456051529888,10.737611259610295,18.21820860109545,False,False,False,False,False,observed_curve,,,,,,,,,,
main,P-Median,5.0,41,-1.0,J300,4,9013,678.0,93.00381797544114,2.057575229783072,1.556599009612125,5.813262314691926,9.921070220632696,18.21820860109545,False,False,False,False,False,observed_curve,,,,,,,,,,
main,P-Median,5.0,42,-1.0,J300,4,9013,678.0,93.00381797544114,2.0215570269166814,1.5188543609535086,5.813262314691926,9.921070220632696,18.21820860109545,False,False,False,False,False,observed_curve,,,,,,,,,,
main,P-Median,5.0,43,-1.0,J300,4,9025,666.0,93.1276442059643,1.9882765641632745,1.503153284114911,5.728987041671982,9.859389562668044,18.21820860109545,False,False,False,False,False,observed_curve,,,,,,,,,,
main,P-Median,5.0,44,-1.0,J300,4,9074,617.0,93.63326798060056,1.960008647587108,1.5006111461378586,5.651251723106653,9.859389562668044,18.21820860109545,False,False,False,False,False,observed_curve,,,,,,,,,,
main,P-Median,5.0,45,-1.0,J300,3,9091,600.0,93.80868847384173,1.9316697161692984,1.4982228349801148,5.53204024320082,9.010586105722185,16.550308693700245,False,False,False,False,False,observed_curve,,,,,,,,,,
main,P-Median,5.0,46,-1.0,J300,3,9091,600.0,93.80868847384173,1.9048840319421472,1.467496862312899,5.53204024320082,8.897232022872103,16.550308693700245,False,False,False,False,False,observed_curve,,,,,,,,,,
main,P-Median,5.0,47,-1.0,J300,3,9110,581.0,94.00474667217006,1.878861035204326,1.4641339905402546,5.372258303903576,8.897232022872103,16.550308693700245,False,False,False,False,False,observed_curve,,,,,,,,,,
main,P-Median,5.0,48,-1.0,J300,3,9143,548.0,94.34526880610876,1.855326540846019,1.4523038313445036,5.288815248490521,8.897232022872103,16.550308693700245,False,False,False,False,False,observed_curve,,,,,,,,,,
main,P-Median,5.0,49,-1.0,J300,3,9143,548.0,94.34526880610876,1.830973014961155,1.4344254348379668,5.288815248490521,8.897232022872103,16.550308693700245,False,False,False,False,False,observed_curve,,,,,,,,,,
main,P-Median,5.0,50,-1.0,J300,3,9167,524.0,94.59292126715508,1.8081780094664903,1.4344254348379668,5.216055695851447,8.743826266691455,16.550308693700245,False,False,False,False,False,observed_curve,,,,,,,,,,
main,P-Median,5.0,51,-1.0,J300,3,9199,492.0,94.9231245485502,1.7834407218993298,1.4341400356132157,5.003709456796977,8.743826266691455,16.550308693700245,False,False,False,False,False,observed_curve,,,,,,,,,,
main,P-Median,5.0,52,-1.0,J300,3,9201,490.0,94.9437622536374,1.763871391904828,1.4310716415606315,5.003709456796977,8.743826266691455,16.550308693700245,False,False,False,False,False,observed_curve,,,,,,,,,,
main,P-Median,5.0,53,-1.0,J300,3,9201,490.0,94.9437622536374,1.7460441969193758,1.402001229980834,5.003709456796977,8.743826266691455,16.550308693700245,False,False,False,False,False,observed_curve,,,,,,,,,,
main,P-Median,5.0,54,-1.0,J300,3,9202,489.0,94.954081106181,1.7283661302374544,1.3964546112870102,5.003709456796977,8.743826266691455,16.550308693700245,False,False,False,False,False,observed_curve,,,,,,,,,,
main,P-Median,5.0,55,-1.0,J300,3,9234,457.0,95.28428438757612,1.7114825088873502,1.4119980094677078,4.919192756936556,8.587494680742124,16.550308693700245,True,True,False,False,False,observed_curve,,,,,,,,,,
main,P-Median,10.0,1,-1.0,J300,21,2941,6750.0,30.347745330719224,17.81364762685249,13.83446945173028,43.39674631089937,56.13726760472635,78.87587931383399,False,False,False,False,False,observed_curve,,,,,,,,,,
main,P-Median,10.0,2,-1.0,J300,17,4658,5033.0,48.06521514807553,12.9220693044411,10.229540605171644,35.77161555705096,54.21576821597446,73.80657643112575,False,False,False,False,False,observed_curve,,,,,,,,,,
main,P-Median,10.0,3,-1.0,J300,16,5913,3778.0,61.01537509028996,11.073461390802322,7.962310565840589,33.31774234794633,52.95777672282012,74.08287023321586,False,False,False,False,False,observed_curve,,,,,,,,,,
main,P-Median,10.0,4,-1.0,J300,15,6120,3571.0,63.15137756681457,9.666353613499766,7.783263730407075,21.683381776931128,37.439427256119735,59.67316208885642,False,False,False,False,False,observed_curve,,,,,,,,,,
main,P-Median,10.0,5,-1.0,J300,14,6826,2865.0,70.43648746259416,8.382091957797977,6.541563848613607,19.999036236662285,30.691336965427137,53.75830158262533,False,False,False,False,False,observed_curve,,,,,,,,,,
main,P-Median,10.0,6,-1.0,J300,12,7536,2155.0,77.76287276854814,7.263516035757777,5.838099922750437,17.20002522683018,30.691336965427137,53.75830158262533,False,False,False,False,False,observed_curve,,,,,,,,,,
main,P-Median,10.0,7,-1.0,J300,10,8175,1516.0,84.35661954390672,6.539635074254122,5.179008804457528,17.20002522683018,30.552136561477475,53.75830158262533,False,False,False,False,False,observed_curve,,,,,,,,,,
main,P-Median,10.0,8,-1.0,J300,10,8219,1472.0,84.810649055825,6.13624522586564,4.732743587258944,17.13119169534484,30.552136561477475,53.75830158262533,False,False,False,False,False,observed_curve,,,,,,,,,,
main,P-Median,10.0,9,-1.0,J300,10,8443,1248.0,87.12207202559075,5.778283639351625,4.5527497215265065,15.67848864574144,26.031163469053983,52.82595594585596,False,False,False,False,False,observed_curve,,,,,,,,,,
main,P-Median,10.0,10,-1.0,J300,9,8458,1233.0,87.2768548137447,5.389008752331704,4.081704243915837,15.623129793098103,26.031163469053983,52.82595594585596,False,False,False,False,False,observed_curve,,,,,,,,,,
main,P-Median,10.0,11,-1.0,J300,9,8452,1239.0,87.21494169848313,5.174205463089414,3.6133936950559327,15.623129793098103,26.031163469053983,52.82595594585596,False,False,False,False,False,observed_curve,,,,,,,,,,
main,P-Median,10.0,12,-1.0,J300,9,8662,1029.0,89.38190073263853,4.953646405627787,3.4461411123517824,15.249815667038591,24.91759538078833,52.82595594585596,False,False,False,False,False,observed_curve,,,,,,,,,,
main,P-Median,10.0,13,-1.0,J300,9,8721,970.0,89.99071303271076,4.739759989592031,3.267500128849236,15.249815667038591,24.91759538078833,52.82595594585596,False,False,False,False,False,observed_curve,,,,,,,,,,
main,P-Median,10.0,14,-1.0,J300,9,8815,876.0,90.96068517180888,4.53582275352746,3.2188436842229744,13.556593029545915,23.946669378325986,53.30339599552052,False,False,False,False,False,observed_curve,,,,,,,,,,
main,P-Median,10.0,15,-1.0,J300,9,8921,770.0,92.0544835414302,4.372349769253669,2.993742953511284,13.262241123856388,23.946669378325986,53.30339599552052,False,False,False,False,False,observed_curve,,,,,,,,,,
main,P-Median,10.0,16,-1.0,J300,8,9015,676.0,93.02445568052832,4.198056705465321,3.1218717844357537,12.771879674796844,21.74033084005331,53.30339599552052,False,False,False,False,False,observed_curve,,,,,,,,,,
main,P-Median,10.0,17,-1.0,J300,8,9032,659.0,93.19987617376948,4.053320762607017,2.8258790542219328,12.771879674796844,21.74033084005331,53.30339599552052,False,False,False,False,False,observed_curve,,,,,,,,,,
main,P-Median,10.0,18,-1.0,J300,9,9066,625.0,93.55071716025178,3.8802495686015854,2.6434634844540024,12.1722980861503,23.946669378325986,53.30339599552052,False,False,False,False,False,observed_curve,,,,,,,,,,
main,P-Median,10.0,19,-1.0,J300,7,9115,576.0,94.05634093488804,3.715985344442504,2.639548053547475,11.761925245227314,19.519201221675583,53.30339599552052,False,False,False,False,False,observed_curve,,,,,,,,,,
main,P-Median,10.0,20,-1.0,J300,6,9142,549.0,94.33494995356516,3.581129401499205,2.62937674429977,11.484943190121134,18.95046947037582,28.687629604511976,False,False,False,False,False,observed_curve,,,,,,,,,,
main,P-Median,10.0,21,-1.0,J300,6,9142,549.0,94.33494995356516,3.4455252844551705,2.507880086102327,11.484943190121134,18.95046947037582,28.687629604511976,False,False,False,False,False,observed_curve,,,,,,,,,,
main,P-Median,10.0,22,-1.0,J300,6,9140,551.0,94.31431224847798,3.3409886461755787,2.44417264641706,11.382671014047254,18.95046947037582,28.687629604511976,False,False,False,False,False,observed_curve,,,,,,,,,,
main,P-Median,10.0,23,-1.0,J300,6,9223,468.0,95.17077700959652,3.2230405932518127,2.443233127282843,9.568198139105784,17.73728270898471,28.687629604511976,True,True,False,False,False,observed_curve,,,,,,,,,,
main,P-Median,10.0,24,-1.0,J300,7,9263,428.0,95.58353111134042,3.13961684989155,2.376438560451072,9.053876266375925,17.73728270898471,28.687629604511976,True,True,False,False,False,observed_curve,,,,,,,,,,
main,P-Median,10.0,25,-1.0,J300,6,9262,429.0,95.5732122587968,3.0331176608009534,2.248583976289717,9.053876266375925,17.73728270898471,28.687629604511976,True,True,False,False,False,observed_curve,,,,,,,,,,
main,P-Median,10.0,26,-1.0,J300,6,9329,362.0,96.26457537921785,2.94382760698722,2.059087187647578,7.919187881290632,17.73728270898471,28.687629604511976,True,True,False,False,False,observed_curve,,,,,,,,,,
main,P-Median,10.0,27,-1.0,J300,6,9330,361.0,96.27489423176142,2.845090561074778,2.011116505552299,7.919187881290632,17.73728270898471,28.687629604511976,True,True,False,False,False,observed_curve,,,,,,,,,,
main,P-Median,10.0,28,-1.0,J300,5,9386,305.0,96.85274997420288,2.761071604249728,2.012619837648251,7.198713556110408,14.618364215385649,28.687629604511976,True,True,False,False,False,observed_curve,,,,,,,,,,
main,P-Median,10.0,29,-1.0,J300,5,9386,305.0,96.85274997420288,2.7009648746827835,1.9329024952667448,7.198713556110408,14.618364215385649,28.687629604511976,True,True,False,False,False,observed_curve,,,,,,,,,,
main,P-Median,10.0,30,-1.0,J300,5,9386,305.0,96.85274997420288,2.6318299174054167,1.8656365932153816,7.198713556110408,14.618364215385649,28.687629604511976,True,True,False,False,False,observed_curve,,,,,,,,,,
main,P-Median,10.0,31,-1.0,J300,5,9424,267.0,97.24486637085955,2.567263706307326,1.853666302314802,6.932343588454078,14.042661373451416,26.950553178813895,True,True,False,False,False,observed_curve,,,,,,,,,,
main,P-Median,10.0,32,-1.0,J300,5,9424,267.0,97.24486637085955,2.516054712667056,1.8096129159227223,6.932343588454078,14.042661373451416,26.950553178813895,True,True,False,False,False,observed_curve,,,,,,,,,,
main,P-Median,10.0,33,-1.0,J300,4,9470,221.0,97.71953358786504,2.45572008325492,1.8096129159227223,6.643533740574133,12.918502115738656,26.950553178813895,True,True,False,False,False,observed_curve,,,,,,,,,,
main,P-Median,10.0,34,-1.0,J300,3,9533,158.0,98.36962129811164,2.3911248192169388,1.7861262456447786,6.381402798556995,11.04070565218598,26.950553178813895,True,True,False,False,False,observed_curve,,,,,,,,,,
main,P-Median,10.0,35,-1.0,J300,2,9552,139.0,98.56567949644,2.332994340556984,1.734521548562822,6.2033089083584665,10.737611259610295,18.21820860109545,True,True,False,False,False,observed_curve,,,,,,,,,,
main,P-Median,10.0,36,-1.0,J300,2,9552,139.0,98.56567949644,2.285289738592461,1.734521548562822,6.2033089083584665,10.737611259610295,18.21820860109545,True,True,False,False,False,observed_curve,,,,,,,,,,
main,P-Median,10.0,37,-1.0,J300,2,9552,139.0,98.56567949644,2.237075947312195,1.714178347030153,6.18398788521521,10.737611259610295,18.21820860109545,True,True,False,False,False,observed_curve,,,,,,,,,,
main,P-Median,10.0,38,-1.0,J300,2,9552,139.0,98.56567949644,2.187492778435428,1.6622325629078911,6.18398788521521,10.737611259610295,18.21820860109545,True,True,False,False,False,observed_curve,,,,,,,,,,
main,P-Median,10.0,39,-1.0,J300,2,9552,139.0,98.56567949644,2.141036527311769,1.6239575771244976,6.18398788521521,10.737611259610295,18.21820860109545,True,True,False,False,False,observed_curve,,,,,,,,,,
main,P-Median,10.0,40,-1.0,J300,2,9552,139.0,98.56567949644,2.102026730505557,1.5635091222298605,6.038456051529888,10.737611259610295,18.21820860109545,True,True,False,False,False,observed_curve,,,,,,,,,,
main,P-Median,10.0,41,-1.0,J300,2,9596,95.0,99.01970900835828,2.057575229783072,1.556599009612125,5.813262314691926,9.921070220632696,18.21820860109545,True,True,False,False,False,observed_curve,,,,,,,,,,
main,P-Median,10.0,42,-1.0,J300,2,9596,95.0,99.01970900835828,2.0215570269166814,1.5188543609535086,5.813262314691926,9.921070220632696,18.21820860109545,True,True,False,False,False,observed_curve,,,,,,,,,,
main,P-Median,10.0,43,-1.0,J300,2,9598,93.0,99.04034671344546,1.9882765641632745,1.503153284114911,5.728987041671982,9.859389562668044,18.21820860109545,True,True,False,False,False,observed_curve,,,,,,,,,,
main,P-Median,10.0,44,-1.0,J300,2,9598,93.0,99.04034671344546,1.960008647587108,1.5006111461378586,5.651251723106653,9.859389562668044,18.21820860109545,True,True,False,False,False,observed_curve,,,,,,,,,,
main,P-Median,10.0,45,-1.0,J300,2,9619,72.0,99.257042616861,1.9316697161692984,1.4982228349801148,5.53204024320082,9.010586105722185,16.550308693700245,True,True,True,False,False,observed_curve,,,,,,,,,,
main,P-Median,10.0,46,-1.0,J300,2,9623,68.0,99.2983180270354,1.9048840319421472,1.467496862312899,5.53204024320082,8.897232022872103,16.550308693700245,True,True,True,False,False,observed_curve,,,,,,,,,,
main,P-Median,10.0,47,-1.0,J300,2,9623,68.0,99.2983180270354,1.878861035204326,1.4641339905402546,5.372258303903576,8.897232022872103,16.550308693700245,True,True,False,False,False,observed_curve,,,,,,,,,,
main,P-Median,10.0,48,-1.0,J300,2,9623,68.0,99.2983180270354,1.855326540846019,1.4523038313445036,5.288815248490521,8.897232022872103,16.550308693700245,True,True,False,False,False,observed_curve,,,,,,,,,,
main,P-Median,10.0,49,-1.0,J300,2,9623,68.0,99.2983180270354,1.830973014961155,1.4344254348379668,5.288815248490521,8.897232022872103,16.550308693700245,True,True,False,False,False,observed_curve,,,,,,,,,,
main,P-Median,10.0,50,-1.0,J300,2,9628,63.0,99.34991228975338,1.8081780094664903,1.4344254348379668,5.216055695851447,8.743826266691455,16.550308693700245,True,True,True,False,False,observed_curve,,,,,,,,,,
main,P-Median,10.0,51,-1.0,J300,2,9628,63.0,99.34991228975338,1.7834407218993298,1.4341400356132157,5.003709456796977,8.743826266691455,16.550308693700245,True,True,False,False,False,observed_curve,,,,,,,,,,
main,P-Median,10.0,52,-1.0,J300,2,9628,63.0,99.34991228975338,1.763871391904828,1.4310716415606315,5.003709456796977,8.743826266691455,16.550308693700245,True,True,False,False,False,observed_curve,,,,,,,,,,
main,P-Median,10.0,53,-1.0,J300,2,9628,63.0,99.34991228975338,1.7460441969193758,1.402001229980834,5.003709456796977,8.743826266691455,16.550308693700245,True,True,False,False,False,observed_curve,,,,,,,,,,
main,P-Median,10.0,54,-1.0,J300,2,9628,63.0,99.34991228975338,1.7283661302374544,1.3964546112870102,5.003709456796977,8.743826266691455,16.550308693700245,True,True,False,False,False,observed_curve,,,,,,,,,,
main,P-Median,10.0,55,-1.0,J300,2,9628,63.0,99.34991228975338,1.7114825088873502,1.4119980094677078,4.919192756936556,8.587494680742124,16.550308693700245,True,True,True,False,False,observed_curve,,,,,,,,,,
,,5.0,35,,,6,9228,,95.22237127231452,3.021608154986084,2.9202114421056438,4.93726011141345,13.291079712245425,36.526178157887244,,,,,,certified_exact_reference,partial_J300_R5,J300,partial_cover,0.0,True,,9691.0,9207.0,True,False
,,10.0,12,,,9,9212,,95.05726963161696,6.003501522088649,5.651251723106653,9.946857539413896,22.55773476316851,50.4789120536817,,,,,,certified_exact_reference,partial_J300_R10,J300,partial_cover,0.0,True,,9691.0,9207.0,True,False
,,5.0,35,,,6,9208,,95.01599422144258,3.049023372158336,2.939375805442713,4.989007203569308,13.291079712245425,36.526178157887244,,,,,,certified_exact_reference,partial_J300_reverse_R5,J300_reverse,partial_cover,0.0,True,,9691.0,9207.0,True,False
,,10.0,12,,,8,9240,,95.34619750283768,6.0742761747705,5.8158168062066675,9.946857539413896,22.55773476316851,50.4789120536817,,,,,,certified_exact_reference,partial_J300_reverse_R10,J300_reverse,partial_cover,0.0,True,,9691.0,9207.0,True,False
,,3.0,61,,,5,9208,,95.01599422144258,1.9811175110497676,1.9604576104760019,2.9992824574219865,9.730211445405722,26.950553178813895,,,,,,certified_exact_reference,partial_J828_R3,J828,partial_cover,0.0,True,,9691.0,9207.0,True,False
,,5.0,29,,,7,9221,,95.15013930450934,3.452332461033845,3.112060794677386,4.963935466929743,20.980251855288525,39.46953633205768,,,,,,certified_exact_reference,partial_J828_R5,J828,partial_cover,0.0,True,,9691.0,9207.0,True,False
,,10.0,11,,,7,9250,,95.44938602827365,6.527054190528721,6.326726363381239,9.970570200379786,21.721042658849402,51.880329773104854,,,,,,certified_exact_reference,partial_J828_R10,J828,partial_cover,0.0,True,,9691.0,9207.0,True,False
,,3.0,61,,,5,9208,,95.01599422144258,1.9811175110497676,1.9604576104760019,2.9992824574219865,9.730211445405722,26.950553178813895,,,,,,certified_exact_reference,partial_J825_R3,J825,partial_cover,0.0,True,,9691.0,9207.0,True,False
,,5.0,29,,,7,9221,,95.15013930450934,3.461131279386186,3.1212902765810218,4.983905289200703,20.980251855288525,39.46953633205768,,,,,,certified_exact_reference,partial_J825_R5,J825,partial_cover,0.0,True,,9691.0,9207.0,True,False
,,10.0,11,,,7,9275,,95.70735734186358,6.204596771765372,5.810546204588812,9.946857539413896,21.721042658849402,51.880329773104854,,,,,,certified_exact_reference,partial_J825_R10,J825,partial_cover,0.0,True,,9691.0,9207.0,True,False
,,3.0,55,,,6,9218,,95.11918274687855,2.2054871641959024,1.9604688929401473,2.9953604792777133,12.891355309296642,36.115359549337896,,,,,,certified_exact_reference,partial_J828_grid1000_R3,J828_grid1000,partial_cover,0.0,True,,9691.0,9207.0,True,False
,,5.0,27,,,6,9207,,95.00567536889898,3.5901489793438115,3.29360667337452,4.99409201768597,18.951497816101895,38.92163082588659,,,,,,certified_exact_reference,partial_J828_grid1000_R5,J828_grid1000,partial_cover,0.0,True,,9691.0,9207.0,True,False
,,10.0,10,,,8,9259,,95.54225570116603,7.339016749438782,7.269717190947503,9.927684226719753,20.966112071862547,50.39938371141701,,,,,,certified_exact_reference,partial_J828_grid1000_R10,J828_grid1000,partial_cover,0.0,True,,9691.0,9207.0,True,False
,,3.0,55,,,6,9218,,95.11918274687855,2.2054871641959024,1.9604688929401473,2.9953604792777133,12.891355309296642,36.115359549337896,,,,,,certified_exact_reference,partial_J825_grid1000_R3,J825_grid1000,partial_cover,0.0,True,,9691.0,9207.0,True,False
,,5.0,27,,,6,9207,,95.00567536889898,3.5901489793438115,3.29360667337452,4.99409201768597,18.951497816101895,38.92163082588659,,,,,,certified_exact_reference,partial_J825_grid1000_R5,J825_grid1000,partial_cover,0.0,True,,9691.0,9207.0,True,False
,,10.0,10,,,8,9259,,95.54225570116603,7.360777453915189,7.291836808414515,9.931650955542809,20.966112071862547,50.39938371141701,,,,,,certified_exact_reference,partial_J825_grid1000_R10,J825_grid1000,partial_cover,0.0,True,,9691.0,9207.0,True,False
,,3.0,52,,,6,9213,,95.06758848416057,2.2503858279419178,2.012814844139322,2.9981574452767523,12.621257622034726,35.81813515840818,,,,,,certified_exact_reference,partial_J828_grid500_R3,J828_grid500,partial_cover,0.0,True,,9691.0,9207.0,True,False
,,5.0,27,,,6,9235,,95.2946032401197,3.714575036559583,3.5018488376350914,4.990955175401151,16.456502384525603,38.441156809621326,,,,,,certified_exact_reference,partial_J828_grid500_R5,J828_grid500,partial_cover,0.0,True,,9691.0,9207.0,True,False
,,10.0,10,,,8,9261,,95.56289340625322,7.266348377882783,7.0931400994533345,9.960386719729586,20.785159762236454,50.39938371141701,,,,,,certified_exact_reference,partial_J828_grid500_R10,J828_grid500,partial_cover,0.0,True,,9691.0,9207.0,True,False
,,3.0,52,,,6,9213,,95.06758848416057,2.2503858279419178,2.012814844139322,2.9981574452767523,12.621257622034726,35.81813515840818,,,,,,certified_exact_reference,partial_J825_grid500_R3,J825_grid500,partial_cover,0.0,True,,9691.0,9207.0,True,False
,,5.0,27,,,6,9235,,95.2946032401197,3.714575036559583,3.5018488376350914,4.990955175401151,16.456502384525603,38.441156809621326,,,,,,certified_exact_reference,partial_J825_grid500_R5,J825_grid500,partial_cover,0.0,True,,9691.0,9207.0,True,False
,,10.0,10,,,8,9264,,95.59384996388401,7.344256991400145,7.2689596156472325,9.967065372545989,21.047938641450102,50.39938371141701,,,,,,certified_exact_reference,partial_J825_grid500_R10,J825_grid500,partial_cover,0.0,True,,9691.0,9207.0,True,False
,,5.0,39,,,3,9315,,96.12011144360747,2.809945567914094,2.837253540417379,4.8822675965540805,9.206283272614339,16.550308693700245,,,,,,certified_exact_reference,maximal_J300_R5_K39,J300,maximal_cover,0.0,True,,9691.0,9207.0,True,False
,,10.0,14,,,6,9351,,96.49159013517696,5.978062536343399,6.030380904939012,9.816220999726234,18.411919746517366,36.526178157887244,,,,,,certified_exact_reference,maximal_J300_R10_K14,J300,maximal_cover,0.0,True,,9691.0,9207.0,True,False
,,3.0,63,,,5,9254,,95.49066143844804,1.9545727061522473,1.9462968146704682,2.9873448150199233,9.730211445405722,26.950553178813895,,,,,,certified_exact_reference,maximal_J828_R3_K63,J828,maximal_cover,0.0,True,,9691.0,9207.0,True,False
,,3.0,300,,,0,9691,,100.0,0.7281625462272079,0.596925217929542,2.1597517344969805,2.678361927211665,2.999851786916445,,,,,,certified_exact_reference,existence_J825_R3_K300,J825,maximal_cover,0.0,True,,9691.0,9207.0,True,False
,,3.0,61,,,5,9208,,95.01599422144258,1.9811175110497676,1.9604576104760019,2.9992824574219865,9.730211445405722,26.950553178813895,,,,,,certified_exact_reference,proximity_J828_R3_Tnone,J828,partial_cover,0.0,True,,9691.0,9207.0,True,False
,,3.0,63,,,2,9212,,95.05726963161696,1.8997020117285173,1.9604576104760019,2.9992824574219865,7.918090060874419,14.686243442503162,,,,,,certified_exact_reference,proximity_J828_R3_T15,J828,partial_cover,0.0,True,15.0,9691.0,9207.0,True,False
,,3.0,65,,,1,9207,,95.00567536889898,1.8754449548132732,1.9462968146704682,2.9992824574219865,7.2019453688523996,9.742452884601027,,,,,,certified_exact_reference,proximity_J828_R3_T10,J828,partial_cover,0.0,True,10.0,9691.0,9207.0,True,False
,,3.0,67,,,1,9211,,95.04695077907337,1.85997564219701,1.937643302876497,2.9992824574219865,6.705932682755194,7.958941237349202,,,,,,certified_exact_reference,proximity_J828_R3_T8,J828,partial_cover,0.0,True,8.0,9691.0,9207.0,True,False
,,3.0,76,,,0,9215,,95.08822618924775,1.7906213664765143,1.9558577388063034,2.9992824574219865,4.523320741756038,4.998153004588749,,,,,,certified_exact_reference,proximity_J828_R3_T5,J828,partial_cover,0.0,True,5.0,9691.0,9207.0,True,False
,,5.0,29,,,7,9221,,95.15013930450934,3.452332461033845,3.112060794677386,4.963935466929743,20.980251855288525,39.46953633205768,,,,,,certified_exact_reference,proximity_J828_R5_Tnone,J828,partial_cover,0.0,True,,9691.0,9207.0,True,False
,,5.0,32,,,3,9238,,95.32555979775049,3.195402480982862,3.112060794677386,4.957229675267759,12.03537286329598,14.692513294317518,,,,,,certified_exact_reference,proximity_J828_R5_T15,J828,partial_cover,0.0,True,15.0,9691.0,9207.0,True,False
,,5.0,37,,,2,9222,,95.16045815705293,3.230672698626983,3.282296876815682,4.963935466929743,7.79635709419785,9.851494006668085,,,,,,certified_exact_reference,proximity_J828_R5_T10,J828,partial_cover,0.0,True,10.0,9691.0,9207.0,True,False
,,5.0,39,,,1,9249,,95.43906717573006,3.1521831435865453,3.232920314910892,4.963935466929743,7.111290430786833,7.924471886252309,,,,,,certified_exact_reference,proximity_J828_R5_T8,J828,partial_cover,0.0,True,8.0,9691.0,9207.0,True,False
,,10.0,11,,,7,9250,,95.44938602827365,6.527054190528721,6.326726363381239,9.970570200379786,21.721042658849402,51.880329773104854,,,,,,certified_exact_reference,proximity_J828_R10_Tnone,J828,partial_cover,0.0,True,,9691.0,9207.0,True,False
,,10.0,12,,,7,9247,,95.41842947064286,6.173544022037904,5.786114898486631,9.97165116480169,20.446713793215395,27.021167576072415,,,,,,certified_exact_reference,proximity_J828_R10_T30,J828,partial_cover,0.0,True,30.0,9691.0,9207.0,True,False
,,10.0,13,,,6,9274,,95.69703848932,6.062072532494373,6.017586261000917,9.946857539413896,18.11890615453263,19.959656237681255,,,,,,certified_exact_reference,proximity_J828_R10_T20,J828,partial_cover,0.0,True,20.0,9691.0,9207.0,True,False
,,10.0,16,,,3,9313,,96.09947373852027,5.824304990776539,5.859274489841024,9.929840530344427,12.381821817142125,14.696871043718403,,,,,,certified_exact_reference,proximity_J828_R10_T15,J828,partial_cover,0.0,True,15.0,9691.0,9207.0,True,False
,,5.0,54,,,3,9223,,95.17077700959653,1.7178934999156896,1.4119980094677078,4.93726011141345,8.743826266691455,16.550308693700245,,,,,,certified_exact_reference,pmedian_J300_R5_K54,J300,pmedian,0.0,True,,9691.0,9207.0,True,False
,,5.0,55,,,3,9223,,95.17077700959653,1.697388976792854,1.3978898938764108,4.930784028022416,8.743826266691455,16.550308693700245,,,,,,certified_exact_reference,pmedian_J300_R5_K55,J300,pmedian,0.0,True,,9691.0,9207.0,True,False
,,10.0,22,,,6,9193,,94.86121143328862,3.326134347435365,2.44417264641706,10.305222759760541,17.73728270898471,28.687629604511976,,,,,,certified_exact_reference,pmedian_J300_R10_K22,J300,pmedian,0.0,True,,9691.0,9207.0,True,False
,,10.0,23,,,6,9223,,95.17077700959653,3.2230405932518167,2.443233127282843,9.568198139105784,17.73728270898471,28.687629604511976,,,,,,certified_exact_reference,pmedian_J300_R10_K23,J300,pmedian,0.0,True,,9691.0,9207.0,True,False
