job_id,candidate_set,facility_id,candidate_id,source_kind,source_position,postal_prefix,lat,lng,inside_union,nearest_assigned_orders
partial_J300_R5,J300,0,postal_22710,postal_mean,267,22710,-22.934576022997884,-43.37578841332682,True,665
partial_J300_R5,J300,1,postal_22783,postal_mean,292,22783,-22.984082408782115,-43.44889019919411,True,379
partial_J300_R5,J300,2,postal_22450,postal_mean,252,22450,-22.986493696399247,-43.23306806247369,True,462
partial_J300_R5,J300,3,postal_24120,postal_mean,401,24120,-22.88327023685682,-43.09227400558896,True,653
partial_J300_R5,J300,4,postal_26600,postal_mean,824,26600,-22.61483382699214,-43.705683375748585,True,73
partial_J300_R5,J300,5,postal_20950,postal_mean,76,20950,-22.90399569141674,-43.25558609559154,True,1054
partial_J300_R5,J300,6,postal_22640,postal_mean,265,22640,-23.001267617010637,-43.3355988370672,True,282
partial_J300_R5,J300,7,postal_21310,postal_mean,116,21310,-22.879083342003987,-43.33935560703397,True,452
partial_J300_R5,J300,8,postal_24440,postal_mean,442,24440,-22.827149190613213,-43.0539481412297,True,165
partial_J300_R5,J300,9,postal_25730,postal_mean,633,25730,-22.408608081087024,-43.13140914649253,True,61
partial_J300_R5,J300,10,postal_25900,postal_mean,638,25900,-22.651419516496585,-43.06655787630402,True,69
partial_J300_R5,J300,11,postal_21011,postal_mean,84,21011,-22.827727546600816,-43.2864223207302,True,433
partial_J300_R5,J300,12,postal_23059,postal_mean,324,23059,-22.913307945677737,-43.59042985137216,True,458
partial_J300_R5,J300,13,postal_23550,postal_mean,362,23550,-22.930711174851965,-43.68946380025854,True,141
partial_J300_R5,J300,14,postal_22245,postal_mean,233,22245,-22.941061091973182,-43.191231191173394,True,1522
partial_J300_R5,J300,15,postal_25935,postal_mean,658,25935,-22.615933155012947,-43.17975719830376,True,75
partial_J300_R5,J300,16,postal_24900,postal_mean,511,24900,-22.919618105516072,-42.83978957558533,True,102
partial_J300_R5,J300,17,postal_25035,postal_mean,542,25035,-22.755338688692213,-43.308531682770784,True,182
partial_J300_R5,J300,18,postal_25520,postal_mean,594,25520,-22.803670156230325,-43.3754619382363,True,127
partial_J300_R5,J300,19,postal_25620,postal_mean,614,25620,-22.510230788197468,-43.17544387445511,True,173
partial_J300_R5,J300,20,postal_26020,postal_mean,672,26020,-22.73307786504663,-43.4496138786291,True,277
partial_J300_R5,J300,21,postal_26087,postal_mean,698,26087,-22.716288877191023,-43.51530571258531,True,111
partial_J300_R5,J300,22,postal_21921,postal_mean,203,21921,-22.8083044291334,-43.18564856697721,True,147
partial_J300_R5,J300,23,postal_24710,postal_mean,461,24710,-22.822624306841355,-43.00309374212156,True,172
partial_J300_R5,J300,24,postal_25250,postal_mean,577,25250,-22.60728606434383,-43.29857473776487,True,85
partial_J300_R5,J300,25,postal_26130,postal_mean,708,26130,-22.76452043290213,-43.40324268558952,True,190
partial_J300_R5,J300,26,postal_24346,postal_mean,419,24346,-22.94923036239725,-43.02805520804324,True,159
partial_J300_R5,J300,27,postal_26290,postal_mean,758,26290,-22.7692389862532,-43.52530849381608,True,95
partial_J300_R5,J300,28,postal_21625,postal_mean,149,21625,-22.832605349060035,-43.40280856194904,True,186
partial_J300_R5,J300,29,postal_21715,postal_mean,161,21715,-22.87947674705333,-43.44026398123803,True,193
partial_J300_R5,J300,30,postal_23032,postal_mean,310,23032,-22.972563998366837,-43.64295047031437,True,95
partial_J300_R5,J300,31,postal_23010,postal_mean,297,23010,-22.885872200386764,-43.51372891804045,True,205
partial_J300_R5,J300,32,postal_23810,postal_mean,373,23810,-22.87093410934107,-43.76901268302672,True,48
partial_J300_R5,J300,33,postal_24756,postal_mean,493,24756,-22.88593339499682,-43.011983104667294,True,91
partial_J300_R5,J300,34,postal_24800,postal_mean,494,24800,-22.74248129310771,-42.85721075258665,True,109
partial_J300_R10,J300,0,postal_22775,postal_mean,289,22775,-22.969148201152677,-43.38306523796816,True,1384
partial_J300_R10,J300,1,postal_21021,postal_mean,87,21021,-22.84207289300327,-43.265065434319375,True,1107
partial_J300_R10,J300,2,postal_25710,postal_mean,629,25710,-22.475562635890437,-43.148370152985294,True,316
partial_J300_R10,J300,3,postal_22245,postal_mean,233,22245,-22.941061091973182,-43.191231191173394,True,3015
partial_J300_R10,J300,4,postal_25515,postal_mean,593,25515,-22.79765605749528,-43.364274956523175,True,927
partial_J300_R10,J300,5,postal_24900,postal_mean,511,24900,-22.919618105516072,-42.83978957558533,True,175
partial_J300_R10,J300,6,postal_26087,postal_mean,698,26087,-22.716288877191023,-43.51530571258531,True,518
partial_J300_R10,J300,7,postal_25250,postal_mean,577,25250,-22.60728606434383,-43.29857473776487,True,188
partial_J300_R10,J300,8,postal_23595,postal_mean,372,23595,-22.92668402323646,-43.62933031069839,True,449
partial_J300_R10,J300,9,postal_21820,postal_mean,179,21820,-22.88188843504765,-43.46899760400734,True,289
partial_J300_R10,J300,10,postal_23042,postal_mean,315,23042,-22.92777932523722,-43.554503392883646,True,443
partial_J300_R10,J300,11,postal_24756,postal_mean,493,24756,-22.88593339499682,-43.011983104667294,True,880
partial_J300_reverse_R5,J300_reverse,0,postal_22451,postal_mean,253,22451,-22.97841522971715,-43.23772919271784,True,462
partial_J300_reverse_R5,J300_reverse,1,postal_22710,postal_mean,267,22710,-22.934576022997884,-43.37578841332682,True,647
partial_J300_reverse_R5,J300_reverse,2,postal_22783,postal_mean,292,22783,-22.984082408782115,-43.44889019919411,True,379
partial_J300_reverse_R5,J300_reverse,3,postal_26600,postal_mean,824,26600,-22.61483382699214,-43.705683375748585,True,73
partial_J300_reverse_R5,J300_reverse,4,postal_20950,postal_mean,76,20950,-22.90399569141674,-43.25558609559154,True,1066
partial_J300_reverse_R5,J300_reverse,5,postal_22640,postal_mean,265,22640,-23.001267617010637,-43.3355988370672,True,282
partial_J300_reverse_R5,J300_reverse,6,postal_21341,postal_mean,123,21341,-22.882442915756783,-43.34947007028445,True,512
partial_J300_reverse_R5,J300_reverse,7,postal_26510,postal_mean,797,26510,-22.81662825484205,-43.41632496803764,True,206
partial_J300_reverse_R5,J300_reverse,8,postal_24241,postal_mean,409,24241,-22.904219800443407,-43.09158065028214,True,672
partial_J300_reverse_R5,J300_reverse,9,postal_26070,postal_mean,691,26070,-22.712261582859316,-43.43397796646818,True,178
partial_J300_reverse_R5,J300_reverse,10,postal_25900,postal_mean,638,25900,-22.651419516496585,-43.06655787630402,True,69
partial_J300_reverse_R5,J300_reverse,11,postal_25730,postal_mean,633,25730,-22.408608081087024,-43.13140914649253,True,61
partial_J300_reverse_R5,J300_reverse,12,postal_24440,postal_mean,442,24440,-22.827149190613213,-43.0539481412297,True,173
partial_J300_reverse_R5,J300_reverse,13,postal_23550,postal_mean,362,23550,-22.930711174851965,-43.68946380025854,True,141
partial_J300_reverse_R5,J300_reverse,14,postal_21011,postal_mean,84,21011,-22.827727546600816,-43.2864223207302,True,434
partial_J300_reverse_R5,J300_reverse,15,postal_25935,postal_mean,658,25935,-22.615933155012947,-43.17975719830376,True,75
partial_J300_reverse_R5,J300_reverse,16,postal_22241,postal_mean,232,22241,-22.93845834691675,-43.1963680762055,True,1522
partial_J300_reverse_R5,J300_reverse,17,postal_26087,postal_mean,698,26087,-22.716288877191023,-43.51530571258531,True,112
partial_J300_reverse_R5,J300_reverse,18,postal_25620,postal_mean,614,25620,-22.510230788197468,-43.17544387445511,True,173
partial_J300_reverse_R5,J300_reverse,19,postal_25035,postal_mean,542,25035,-22.755338688692213,-43.308531682770784,True,173
partial_J300_reverse_R5,J300_reverse,20,postal_24900,postal_mean,511,24900,-22.919618105516072,-42.83978957558533,True,102
partial_J300_reverse_R5,J300_reverse,21,postal_25250,postal_mean,577,25250,-22.60728606434383,-43.29857473776487,True,85
partial_J300_reverse_R5,J300_reverse,22,postal_24710,postal_mean,461,24710,-22.822624306841355,-43.00309374212156,True,154
partial_J300_reverse_R5,J300_reverse,23,postal_21921,postal_mean,203,21921,-22.8083044291334,-43.18564856697721,True,147
partial_J300_reverse_R5,J300_reverse,24,postal_26290,postal_mean,758,26290,-22.7692389862532,-43.52530849381608,True,59
partial_J300_reverse_R5,J300_reverse,25,postal_24346,postal_mean,419,24346,-22.94923036239725,-43.02805520804324,True,159
partial_J300_reverse_R5,J300_reverse,26,postal_23032,postal_mean,310,23032,-22.972563998366837,-43.64295047031437,True,95
partial_J300_reverse_R5,J300_reverse,27,postal_21715,postal_mean,161,21715,-22.87947674705333,-43.44026398123803,True,187
partial_J300_reverse_R5,J300_reverse,28,postal_26261,postal_mean,740,26261,-22.75945387444939,-43.48287991446073,True,182
partial_J300_reverse_R5,J300_reverse,29,postal_25550,postal_mean,600,25550,-22.77519333195786,-43.382929842060825,True,209
partial_J300_reverse_R5,J300_reverse,30,postal_24800,postal_mean,494,24800,-22.74248129310771,-42.85721075258665,True,109
partial_J300_reverse_R5,J300_reverse,31,postal_24751,postal_mean,488,24751,-22.86782548778561,-43.002749069555286,True,82
partial_J300_reverse_R5,J300_reverse,32,postal_23810,postal_mean,373,23810,-22.87093410934107,-43.76901268302672,True,48
partial_J300_reverse_R5,J300_reverse,33,postal_23058,postal_mean,323,23058,-22.914787266177115,-43.59078039553711,True,458
partial_J300_reverse_R5,J300_reverse,34,postal_23010,postal_mean,297,23010,-22.885872200386764,-43.51372891804045,True,205
partial_J300_reverse_R10,J300_reverse,0,postal_22775,postal_mean,289,22775,-22.969148201152677,-43.38306523796816,True,1384
partial_J300_reverse_R10,J300_reverse,1,postal_22251,postal_mean,235,22251,-22.945344203574265,-43.185010548945066,True,2997
partial_J300_reverse_R10,J300_reverse,2,postal_21021,postal_mean,87,21021,-22.84207289300327,-43.265065434319375,True,1134
partial_J300_reverse_R10,J300_reverse,3,postal_25710,postal_mean,629,25710,-22.475562635890437,-43.148370152985294,True,268
partial_J300_reverse_R10,J300_reverse,4,postal_25515,postal_mean,593,25515,-22.79765605749528,-43.364274956523175,True,927
partial_J300_reverse_R10,J300_reverse,5,postal_26087,postal_mean,698,26087,-22.716288877191023,-43.51530571258531,True,518
partial_J300_reverse_R10,J300_reverse,6,postal_24900,postal_mean,511,24900,-22.919618105516072,-42.83978957558533,True,175
partial_J300_reverse_R10,J300_reverse,7,postal_25250,postal_mean,577,25250,-22.60728606434383,-43.29857473776487,True,108
partial_J300_reverse_R10,J300_reverse,8,postal_25931,postal_mean,655,25931,-22.615268497162027,-43.171211569125255,True,128
partial_J300_reverse_R10,J300_reverse,9,postal_23595,postal_mean,372,23595,-22.92668402323646,-43.62933031069839,True,758
partial_J300_reverse_R10,J300_reverse,10,postal_21820,postal_mean,179,21820,-22.88188843504765,-43.46899760400734,True,423
partial_J300_reverse_R10,J300_reverse,11,postal_24756,postal_mean,493,24756,-22.88593339499682,-43.011983104667294,True,871
partial_J828_R3,J828,0,postal_20211,postal_mean,19,20211,-22.91148503866567,-43.19844247973102,True,667
partial_J828_R3,J828,1,postal_20560,postal_mean,43,20560,-22.91863600041784,-43.25724486396328,True,616
partial_J828_R3,J828,2,postal_20755,postal_mean,55,20755,-22.888719129958837,-43.29710870135924,True,325
partial_J828_R3,J828,3,postal_20911,postal_mean,67,20911,-22.89314885311464,-43.242201014642525,True,112
partial_J828_R3,J828,4,postal_21073,postal_mean,103,21073,-22.850770856037,-43.27052152360208,True,215
partial_J828_R3,J828,5,postal_21250,postal_mean,115,21250,-22.824619091439565,-43.30674667488387,True,246
partial_J828_R3,J828,6,postal_21351,postal_mean,125,21351,-22.87044820264357,-43.34296526816304,True,273
partial_J828_R3,J828,7,postal_21665,postal_mean,157,21665,-22.83427156601059,-43.377978641515625,True,105
partial_J828_R3,J828,8,postal_21745,postal_mean,169,21745,-22.879549301241177,-43.41011862496182,True,96
partial_J828_R3,J828,9,postal_21833,postal_mean,184,21833,-22.8814818751053,-43.49448328547964,True,67
partial_J828_R3,J828,10,postal_21870,postal_mean,198,21870,-22.871019283986563,-43.45851442872575,True,124
partial_J828_R3,J828,11,postal_21921,postal_mean,203,21921,-22.8083044291334,-43.18564856697721,True,147
partial_J828_R3,J828,12,postal_22280,postal_mean,240,22280,-22.95440868548141,-43.185650031057385,True,899
partial_J828_R3,J828,13,postal_22430,postal_mean,248,22430,-22.98210232841188,-43.22013314970181,True,457
partial_J828_R3,J828,14,postal_22610,postal_mean,259,22610,-22.99599813649958,-43.261663703422506,True,37
partial_J828_R3,J828,15,postal_22640,postal_mean,265,22640,-23.001267617010637,-43.3355988370672,True,228
partial_J828_R3,J828,16,postal_22725,postal_mean,273,22725,-22.91150171276762,-43.37652610722419,True,231
partial_J828_R3,J828,17,postal_22755,postal_mean,282,22755,-22.947502549436848,-43.33814210193203,True,289
partial_J828_R3,J828,18,postal_22763,postal_mean,284,22763,-22.949418433889697,-43.38717689639774,True,256
partial_J828_R3,J828,19,postal_22783,postal_mean,292,22783,-22.984082408782115,-43.44889019919411,True,59
partial_J828_R3,J828,20,postal_22793,postal_mean,295,22793,-23.00061899109568,-43.40471828456725,True,116
partial_J828_R3,J828,21,postal_22795,postal_mean,296,22795,-23.020470737334893,-43.46265642068304,True,204
partial_J828_R3,J828,22,postal_23035,postal_mean,312,23035,-22.945894102935657,-43.594457021538446,True,71
partial_J828_R3,J828,23,postal_23052,postal_mean,319,23052,-22.906619343447986,-43.55224985960651,True,182
partial_J828_R3,J828,24,postal_23060,postal_mean,325,23060,-22.896089584185965,-43.59889671190928,True,232
partial_J828_R3,J828,25,postal_23092,postal_mean,347,23092,-22.87085601200714,-43.54384874896292,True,122
partial_J828_R3,J828,26,postal_23530,postal_mean,357,23530,-22.97383432126233,-43.6810761924786,True,73
partial_J828_R3,J828,27,postal_23555,postal_mean,363,23555,-22.91750488776345,-43.69308722014739,True,49
partial_J828_R3,J828,28,postal_23573,postal_mean,367,23573,-22.913149027532867,-43.65356967363749,True,119
partial_J828_R3,J828,29,postal_23820,postal_mean,377,23820,-22.862780471644363,-43.78526762819197,True,46
partial_J828_R3,J828,30,postal_24060,postal_mean,396,24060,-22.88593419631651,-43.1106543708203,True,552
partial_J828_R3,J828,31,postal_24315,postal_mean,411,24315,-22.901684792085454,-43.06891496088816,True,120
partial_J828_R3,J828,32,postal_24355,postal_mean,422,24355,-22.9411555966564,-43.043134176624925,True,135
partial_J828_R3,J828,33,postal_24416,postal_mean,431,24416,-22.840098124434224,-43.06778333387412,True,123
partial_J828_R3,J828,34,postal_24451,postal_mean,445,24451,-22.829351276710405,-43.01399541493803,True,141
partial_J828_R3,J828,35,postal_24470,postal_mean,455,24470,-22.79629033350867,-43.04531393855412,True,31
partial_J828_R3,J828,36,postal_24725,postal_mean,471,24725,-22.811456217228336,-42.97220863173352,True,66
partial_J828_R3,J828,37,postal_24756,postal_mean,493,24756,-22.88593339499682,-43.011983104667294,True,50
partial_J828_R3,J828,38,postal_24804,postal_mean,497,24804,-22.747090526611107,-42.84342210737453,True,47
partial_J828_R3,J828,39,postal_24902,postal_mean,513,24902,-22.92700535031622,-42.8293157127626,True,62
partial_J828_R3,J828,40,postal_24934,postal_mean,528,24934,-22.946221164792775,-42.88645951724069,True,40
partial_J828_R3,J828,41,postal_24936,postal_mean,530,24936,-22.954278207609654,-42.96711894755224,True,31
partial_J828_R3,J828,42,postal_25035,postal_mean,542,25035,-22.755338688692213,-43.308531682770784,True,108
partial_J828_R3,J828,43,postal_25215,postal_mean,564,25215,-22.682590790490558,-43.27404135699872,True,47
partial_J828_R3,J828,44,postal_25261,postal_mean,582,25261,-22.64530376193324,-43.26203372616665,True,75
partial_J828_R3,J828,45,postal_25565,postal_mean,604,25565,-22.78315358395092,-43.35979003562612,True,112
partial_J828_R3,J828,46,postal_25615,postal_mean,613,25615,-22.496114223843747,-43.15620443994322,True,47
partial_J828_R3,J828,47,postal_25655,postal_mean,622,25655,-22.52044984882392,-43.19101234595281,True,126
partial_J828_R3,J828,48,postal_25730,postal_mean,633,25730,-22.408608081087024,-43.13140914649253,True,61
partial_J828_R3,J828,49,postal_25904,postal_mean,642,25904,-22.65181465633809,-43.05361261025339,True,68
partial_J828_R3,J828,50,postal_25935,postal_mean,658,25935,-22.615933155012947,-43.17975719830376,True,58
partial_J828_R3,J828,51,postal_26010,postal_mean,667,26010,-22.7551063244127,-43.42858334530357,True,203
partial_J828_R3,J828,52,postal_26031,postal_mean,677,26031,-22.733144913944965,-43.47564299726109,True,93
partial_J828_R3,J828,53,postal_26060,postal_mean,688,26060,-22.70596026208645,-43.44426093479684,True,64
partial_J828_R3,J828,54,postal_26167,postal_mean,716,26167,-22.73381526820578,-43.37869831571142,True,46
partial_J828_R3,J828,55,postal_26183,postal_mean,723,26183,-22.71884157108849,-43.3359503631358,True,38
partial_J828_R3,J828,56,postal_26278,postal_mean,751,26278,-22.750950306589704,-43.5104936361956,True,100
partial_J828_R3,J828,57,postal_26323,postal_mean,773,26323,-22.721880392950524,-43.56120106689918,True,95
partial_J828_R3,J828,58,postal_26535,postal_mean,804,26535,-22.799760130437143,-43.41047447797409,True,167
partial_J828_R3,J828,59,postal_26600,postal_mean,824,26600,-22.61483382699214,-43.705683375748585,True,69
partial_J828_R3,J828,60,postal_28800,postal_mean,827,28800,-22.711927870432564,-42.63004113951235,True,53
partial_J828_R5,J828,0,postal_20961,postal_mean,78,20961,-22.89892108854126,-43.26048783057711,True,1113
partial_J828_R5,J828,1,postal_21011,postal_mean,84,21011,-22.827727546600816,-43.2864223207302,True,412
partial_J828_R5,J828,2,postal_21351,postal_mean,125,21351,-22.87044820264357,-43.34296526816304,True,461
partial_J828_R5,J828,3,postal_21730,postal_mean,165,21730,-22.86435505255422,-43.434757144170185,True,248
partial_J828_R5,J828,4,postal_21940,postal_mean,207,21940,-22.81388871143013,-43.20247749638257,True,147
partial_J828_R5,J828,5,postal_22245,postal_mean,233,22245,-22.941061091973182,-43.191231191173394,True,1522
partial_J828_R5,J828,6,postal_22450,postal_mean,252,22450,-22.986493696399247,-43.23306806247369,True,462
partial_J828_R5,J828,7,postal_22641,postal_mean,266,22641,-22.986105098852665,-43.31152067063231,True,282
partial_J828_R5,J828,8,postal_22710,postal_mean,267,22710,-22.934576022997884,-43.37578841332682,True,665
partial_J828_R5,J828,9,postal_22783,postal_mean,292,22783,-22.984082408782115,-43.44889019919411,True,379
partial_J828_R5,J828,10,postal_23032,postal_mean,310,23032,-22.972563998366837,-43.64295047031437,True,95
partial_J828_R5,J828,11,postal_23058,postal_mean,323,23058,-22.914787266177115,-43.59078039553711,True,437
partial_J828_R5,J828,12,postal_23094,postal_mean,349,23094,-22.876209770242788,-43.51981673638026,True,239
partial_J828_R5,J828,13,postal_23550,postal_mean,362,23550,-22.930711174851965,-43.68946380025854,True,141
partial_J828_R5,J828,14,postal_23831,postal_mean,383,23831,-22.876635031970025,-43.80985126698182,True,46
partial_J828_R5,J828,15,postal_24120,postal_mean,401,24120,-22.88327023685682,-43.09227400558896,True,697
partial_J828_R5,J828,16,postal_24348,postal_mean,420,24348,-22.970402738373885,-43.03213294708582,True,137
partial_J828_R5,J828,17,postal_24460,postal_mean,450,24460,-22.814787634492188,-43.04329935349616,True,191
partial_J828_R5,J828,18,postal_24746,postal_mean,486,24746,-22.83906700788218,-42.98789279135017,True,177
partial_J828_R5,J828,19,postal_24813,postal_mean,501,24813,-22.75411758328793,-42.88883553024611,True,113
partial_J828_R5,J828,20,postal_24914,postal_mean,520,24914,-22.92345398569025,-42.85760247749489,True,86
partial_J828_R5,J828,21,postal_24940,postal_mean,532,24940,-22.92600502136488,-42.940013982950965,True,54
partial_J828_R5,J828,22,postal_25040,postal_mean,544,25040,-22.74090063654044,-43.31546716030017,True,172
partial_J828_R5,J828,23,postal_25268,postal_mean,587,25268,-22.652696249418973,-43.2761256498613,True,106
partial_J828_R5,J828,24,postal_25540,postal_mean,598,25540,-22.784015528679777,-43.39703232529075,True,368
partial_J828_R5,J828,25,postal_25685,postal_mean,628,25685,-22.50813163708028,-43.18141468751699,True,256
partial_J828_R5,J828,26,postal_25936,postal_mean,659,25936,-22.62086490867415,-43.19203787685941,True,112
partial_J828_R5,J828,27,postal_26022,postal_mean,674,26022,-22.73223237271496,-43.460676715526674,True,333
partial_J828_R5,J828,28,postal_26330,postal_mean,775,26330,-22.73569440043516,-43.542197211853576,True,240
partial_J828_R10,J828,0,postal_20530,postal_mean,36,20530,-22.93768625306417,-43.24886943417944,True,2388
partial_J828_R10,J828,1,postal_20931,postal_mean,71,20931,-22.880476502680093,-43.21772315263865,True,1143
partial_J828_R10,J828,2,postal_21650,postal_mean,154,21650,-22.816850689474528,-43.374314532417216,True,1342
partial_J828_R10,J828,3,postal_22775,postal_mean,289,22775,-22.969148201152677,-43.38306523796816,True,1370
partial_J828_R10,J828,4,postal_23017,postal_mean,302,23017,-22.91957476261591,-43.52855570225305,True,733
partial_J828_R10,J828,5,postal_23565,postal_mean,365,23565,-22.897761741341185,-43.69665951306267,True,360
partial_J828_R10,J828,6,postal_24754,postal_mean,491,24754,-22.872354587681084,-43.027432812835386,True,1156
partial_J828_R10,J828,7,postal_24930,postal_mean,525,24930,-22.92610775291927,-42.89850356371279,True,203
partial_J828_R10,J828,8,postal_25265,postal_mean,584,25265,-22.649550626444302,-43.23034128992175,True,228
partial_J828_R10,J828,9,postal_25715,postal_mean,630,25715,-22.47150966453406,-43.1620277638875,True,282
partial_J828_R10,J828,10,postal_26088,postal_mean,699,26088,-22.709994584521123,-43.52081425760519,True,486
partial_J825_R3,J825,0,postal_20211,postal_mean,19,20211,-22.91148503866567,-43.19844247973102,True,667
partial_J825_R3,J825,1,postal_20560,postal_mean,43,20560,-22.91863600041784,-43.25724486396328,True,616
partial_J825_R3,J825,2,postal_20755,postal_mean,55,20755,-22.888719129958837,-43.29710870135924,True,325
partial_J825_R3,J825,3,postal_20911,postal_mean,67,20911,-22.89314885311464,-43.242201014642525,True,112
partial_J825_R3,J825,4,postal_21073,postal_mean,103,21073,-22.850770856037,-43.27052152360208,True,215
partial_J825_R3,J825,5,postal_21250,postal_mean,115,21250,-22.824619091439565,-43.30674667488387,True,246
partial_J825_R3,J825,6,postal_21351,postal_mean,125,21351,-22.87044820264357,-43.34296526816304,True,273
partial_J825_R3,J825,7,postal_21665,postal_mean,157,21665,-22.83427156601059,-43.377978641515625,True,105
partial_J825_R3,J825,8,postal_21745,postal_mean,169,21745,-22.879549301241177,-43.41011862496182,True,96
partial_J825_R3,J825,9,postal_21833,postal_mean,184,21833,-22.8814818751053,-43.49448328547964,True,67
partial_J825_R3,J825,10,postal_21870,postal_mean,198,21870,-22.871019283986563,-43.45851442872575,True,124
partial_J825_R3,J825,11,postal_21921,postal_mean,203,21921,-22.8083044291334,-43.18564856697721,True,147
partial_J825_R3,J825,12,postal_22280,postal_mean,240,22280,-22.95440868548141,-43.185650031057385,True,899
partial_J825_R3,J825,13,postal_22430,postal_mean,248,22430,-22.98210232841188,-43.22013314970181,True,457
partial_J825_R3,J825,14,postal_22610,postal_mean,259,22610,-22.99599813649958,-43.261663703422506,True,37
partial_J825_R3,J825,15,postal_22640,postal_mean,265,22640,-23.001267617010637,-43.3355988370672,True,228
partial_J825_R3,J825,16,postal_22725,postal_mean,273,22725,-22.91150171276762,-43.37652610722419,True,231
partial_J825_R3,J825,17,postal_22755,postal_mean,282,22755,-22.947502549436848,-43.33814210193203,True,289
partial_J825_R3,J825,18,postal_22763,postal_mean,284,22763,-22.949418433889697,-43.38717689639774,True,256
partial_J825_R3,J825,19,postal_22783,postal_mean,292,22783,-22.984082408782115,-43.44889019919411,True,59
partial_J825_R3,J825,20,postal_22793,postal_mean,295,22793,-23.00061899109568,-43.40471828456725,True,116
partial_J825_R3,J825,21,postal_22795,postal_mean,296,22795,-23.020470737334893,-43.46265642068304,True,204
partial_J825_R3,J825,22,postal_23035,postal_mean,312,23035,-22.945894102935657,-43.594457021538446,True,71
partial_J825_R3,J825,23,postal_23052,postal_mean,319,23052,-22.906619343447986,-43.55224985960651,True,182
partial_J825_R3,J825,24,postal_23060,postal_mean,325,23060,-22.896089584185965,-43.59889671190928,True,232
partial_J825_R3,J825,25,postal_23092,postal_mean,347,23092,-22.87085601200714,-43.54384874896292,True,122
partial_J825_R3,J825,26,postal_23530,postal_mean,357,23530,-22.97383432126233,-43.6810761924786,True,73
partial_J825_R3,J825,27,postal_23555,postal_mean,363,23555,-22.91750488776345,-43.69308722014739,True,49
partial_J825_R3,J825,28,postal_23573,postal_mean,367,23573,-22.913149027532867,-43.65356967363749,True,119
partial_J825_R3,J825,29,postal_23820,postal_mean,377,23820,-22.862780471644363,-43.78526762819197,True,46
partial_J825_R3,J825,30,postal_24060,postal_mean,396,24060,-22.88593419631651,-43.1106543708203,True,552
partial_J825_R3,J825,31,postal_24315,postal_mean,411,24315,-22.901684792085454,-43.06891496088816,True,120
partial_J825_R3,J825,32,postal_24355,postal_mean,422,24355,-22.9411555966564,-43.043134176624925,True,135
partial_J825_R3,J825,33,postal_24416,postal_mean,431,24416,-22.840098124434224,-43.06778333387412,True,123
partial_J825_R3,J825,34,postal_24451,postal_mean,445,24451,-22.829351276710405,-43.01399541493803,True,141
partial_J825_R3,J825,35,postal_24470,postal_mean,455,24470,-22.79629033350867,-43.04531393855412,True,31
partial_J825_R3,J825,36,postal_24725,postal_mean,471,24725,-22.811456217228336,-42.97220863173352,True,66
partial_J825_R3,J825,37,postal_24756,postal_mean,493,24756,-22.88593339499682,-43.011983104667294,True,50
partial_J825_R3,J825,38,postal_24804,postal_mean,497,24804,-22.747090526611107,-42.84342210737453,True,47
partial_J825_R3,J825,39,postal_24902,postal_mean,513,24902,-22.92700535031622,-42.8293157127626,True,62
partial_J825_R3,J825,40,postal_24934,postal_mean,528,24934,-22.946221164792775,-42.88645951724069,True,40
partial_J825_R3,J825,41,postal_24936,postal_mean,530,24936,-22.954278207609654,-42.96711894755224,True,31
partial_J825_R3,J825,42,postal_25035,postal_mean,542,25035,-22.755338688692213,-43.308531682770784,True,108
partial_J825_R3,J825,43,postal_25215,postal_mean,564,25215,-22.682590790490558,-43.27404135699872,True,47
partial_J825_R3,J825,44,postal_25261,postal_mean,582,25261,-22.64530376193324,-43.26203372616665,True,75
partial_J825_R3,J825,45,postal_25565,postal_mean,604,25565,-22.78315358395092,-43.35979003562612,True,112
partial_J825_R3,J825,46,postal_25615,postal_mean,613,25615,-22.496114223843747,-43.15620443994322,True,47
partial_J825_R3,J825,47,postal_25655,postal_mean,622,25655,-22.52044984882392,-43.19101234595281,True,126
partial_J825_R3,J825,48,postal_25730,postal_mean,633,25730,-22.408608081087024,-43.13140914649253,True,61
partial_J825_R3,J825,49,postal_25904,postal_mean,642,25904,-22.65181465633809,-43.05361261025339,True,68
partial_J825_R3,J825,50,postal_25935,postal_mean,658,25935,-22.615933155012947,-43.17975719830376,True,58
partial_J825_R3,J825,51,postal_26010,postal_mean,667,26010,-22.7551063244127,-43.42858334530357,True,203
partial_J825_R3,J825,52,postal_26031,postal_mean,677,26031,-22.733144913944965,-43.47564299726109,True,93
partial_J825_R3,J825,53,postal_26060,postal_mean,688,26060,-22.70596026208645,-43.44426093479684,True,64
partial_J825_R3,J825,54,postal_26167,postal_mean,716,26167,-22.73381526820578,-43.37869831571142,True,46
partial_J825_R3,J825,55,postal_26183,postal_mean,723,26183,-22.71884157108849,-43.3359503631358,True,38
partial_J825_R3,J825,56,postal_26278,postal_mean,751,26278,-22.750950306589704,-43.5104936361956,True,100
partial_J825_R3,J825,57,postal_26323,postal_mean,773,26323,-22.721880392950524,-43.56120106689918,True,95
partial_J825_R3,J825,58,postal_26535,postal_mean,804,26535,-22.799760130437143,-43.41047447797409,True,167
partial_J825_R3,J825,59,postal_26600,postal_mean,824,26600,-22.61483382699214,-43.705683375748585,True,69
partial_J825_R3,J825,60,postal_28800,postal_mean,827,28800,-22.711927870432564,-42.63004113951235,True,53
partial_J825_R5,J825,0,postal_20961,postal_mean,78,20961,-22.89892108854126,-43.26048783057711,True,1113
partial_J825_R5,J825,1,postal_21011,postal_mean,84,21011,-22.827727546600816,-43.2864223207302,True,412
partial_J825_R5,J825,2,postal_21351,postal_mean,125,21351,-22.87044820264357,-43.34296526816304,True,461
partial_J825_R5,J825,3,postal_21730,postal_mean,165,21730,-22.86435505255422,-43.434757144170185,True,243
partial_J825_R5,J825,4,postal_21940,postal_mean,207,21940,-22.81388871143013,-43.20247749638257,True,147
partial_J825_R5,J825,5,postal_22245,postal_mean,233,22245,-22.941061091973182,-43.191231191173394,True,1522
partial_J825_R5,J825,6,postal_22450,postal_mean,252,22450,-22.986493696399247,-43.23306806247369,True,462
partial_J825_R5,J825,7,postal_22641,postal_mean,266,22641,-22.986105098852665,-43.31152067063231,True,282
partial_J825_R5,J825,8,postal_22710,postal_mean,267,22710,-22.934576022997884,-43.37578841332682,True,665
partial_J825_R5,J825,9,postal_22783,postal_mean,292,22783,-22.984082408782115,-43.44889019919411,True,379
partial_J825_R5,J825,10,postal_23010,postal_mean,297,23010,-22.885872200386764,-43.51372891804045,True,215
partial_J825_R5,J825,11,postal_23032,postal_mean,310,23032,-22.972563998366837,-43.64295047031437,True,95
partial_J825_R5,J825,12,postal_23058,postal_mean,323,23058,-22.914787266177115,-43.59078039553711,True,466
partial_J825_R5,J825,13,postal_23550,postal_mean,362,23550,-22.930711174851965,-43.68946380025854,True,141
partial_J825_R5,J825,14,postal_23831,postal_mean,383,23831,-22.876635031970025,-43.80985126698182,True,46
partial_J825_R5,J825,15,postal_24120,postal_mean,401,24120,-22.88327023685682,-43.09227400558896,True,685
partial_J825_R5,J825,16,postal_24348,postal_mean,420,24348,-22.970402738373885,-43.03213294708582,True,137
partial_J825_R5,J825,17,postal_24421,postal_mean,434,24421,-22.83065608217072,-43.04204141088677,True,235
partial_J825_R5,J825,18,postal_24746,postal_mean,486,24746,-22.83906700788218,-42.98789279135017,True,145
partial_J825_R5,J825,19,postal_24813,postal_mean,501,24813,-22.75411758328793,-42.88883553024611,True,113
partial_J825_R5,J825,20,postal_24914,postal_mean,520,24914,-22.92345398569025,-42.85760247749489,True,86
partial_J825_R5,J825,21,postal_24940,postal_mean,532,24940,-22.92600502136488,-42.940013982950965,True,54
partial_J825_R5,J825,22,postal_25040,postal_mean,544,25040,-22.74090063654044,-43.31546716030017,True,172
partial_J825_R5,J825,23,postal_25268,postal_mean,587,25268,-22.652696249418973,-43.2761256498613,True,106
partial_J825_R5,J825,24,postal_25540,postal_mean,598,25540,-22.784015528679777,-43.39703232529075,True,381
partial_J825_R5,J825,25,postal_25685,postal_mean,628,25685,-22.50813163708028,-43.18141468751699,True,256
partial_J825_R5,J825,26,postal_25936,postal_mean,659,25936,-22.62086490867415,-43.19203787685941,True,112
partial_J825_R5,J825,27,postal_26030,postal_mean,676,26030,-22.72927766291159,-43.46322545433846,True,321
partial_J825_R5,J825,28,postal_26330,postal_mean,775,26330,-22.73569440043516,-43.542197211853576,True,239
partial_J825_R10,J825,0,postal_20931,postal_mean,71,20931,-22.880476502680093,-43.21772315263865,True,1501
partial_J825_R10,J825,1,postal_21650,postal_mean,154,21650,-22.816850689474528,-43.374314532417216,True,1282
partial_J825_R10,J825,2,postal_22251,postal_mean,235,22251,-22.945344203574265,-43.185010548945066,True,2091
partial_J825_R10,J825,3,postal_22775,postal_mean,289,22775,-22.969148201152677,-43.38306523796816,True,1380
partial_J825_R10,J825,4,postal_23017,postal_mean,302,23017,-22.91957476261591,-43.52855570225305,True,733
partial_J825_R10,J825,5,postal_23565,postal_mean,365,23565,-22.897761741341185,-43.69665951306267,True,360
partial_J825_R10,J825,6,postal_24754,postal_mean,491,24754,-22.872354587681084,-43.027432812835386,True,1085
partial_J825_R10,J825,7,postal_24930,postal_mean,525,24930,-22.92610775291927,-42.89850356371279,True,203
partial_J825_R10,J825,8,postal_25223,postal_mean,566,25223,-22.683322481003053,-43.25395359470418,True,287
partial_J825_R10,J825,9,postal_25715,postal_mean,630,25715,-22.47150966453406,-43.1620277638875,True,283
partial_J825_R10,J825,10,postal_26088,postal_mean,699,26088,-22.709994584521123,-43.52081425760519,True,486
partial_J828_grid1000_R3,J828_grid1000,0,postal_20241,postal_mean,25,20241,-22.92200642517056,-43.18565741850953,True,798
partial_J828_grid1000_R3,J828_grid1000,1,postal_20560,postal_mean,43,20560,-22.91863600041784,-43.25724486396328,True,548
partial_J828_grid1000_R3,J828_grid1000,2,postal_21875,postal_mean,199,21875,-22.873409010490445,-43.4537411569272,True,133
partial_J828_grid1000_R3,J828_grid1000,3,postal_23052,postal_mean,319,23052,-22.906619343447986,-43.55224985960651,True,187
partial_J828_grid1000_R3,J828_grid1000,4,postal_23095,postal_mean,350,23095,-22.86940966621501,-43.55658717782943,True,141
partial_J828_grid1000_R3,J828_grid1000,5,postal_24355,postal_mean,422,24355,-22.9411555966564,-43.043134176624925,True,137
partial_J828_grid1000_R3,J828_grid1000,6,postal_24460,postal_mean,450,24460,-22.814787634492188,-43.04329935349616,True,122
partial_J828_grid1000_R3,J828_grid1000,7,postal_24751,postal_mean,488,24751,-22.86782548778561,-43.002749069555286,True,73
partial_J828_grid1000_R3,J828_grid1000,8,postal_26115,postal_mean,703,26115,-22.74102601762666,-43.39058910287586,True,78
partial_J828_grid1000_R3,J828_grid1000,9,grid_1000_700,municipal_grid,700,,-23.002614041533985,-43.483983641318765,True,236
partial_J828_grid1000_R3,J828_grid1000,10,grid_1000_848,municipal_grid,848,,-22.99201333901825,-43.32802781494853,True,282
partial_J828_grid1000_R3,J828_grid1000,11,grid_1000_970,municipal_grid,970,,-22.98398282618852,-43.42566633953689,True,160
partial_J828_grid1000_R3,J828_grid1000,12,grid_1000_989,municipal_grid,989,,-22.982033292593062,-43.240369156958224,True,255
partial_J828_grid1000_R3,J828_grid1000,13,grid_1000_1208,municipal_grid,1208,,-22.96823757408635,-43.67943690507418,True,54
partial_J828_grid1000_R3,J828_grid1000,14,grid_1000_1214,municipal_grid,1214,,-22.96773934780537,-43.62091988489109,True,41
partial_J828_grid1000_R3,J828_grid1000,15,grid_1000_1258,municipal_grid,1258,,-22.963426363496865,-43.191850488610015,True,839
partial_J828_grid1000_R3,J828_grid1000,16,grid_1000_1503,municipal_grid,1503,,-22.94737139867637,-43.37733317599373,True,282
partial_J828_grid1000_R3,J828_grid1000,17,grid_1000_1552,municipal_grid,1552,,-22.941765974275846,-42.89964757902065,True,69
partial_J828_grid1000_R3,J828_grid1000,18,grid_1000_1612,municipal_grid,1612,,-22.940476088083795,-43.60169310377211,True,37
partial_J828_grid1000_R3,J828_grid1000,19,grid_1000_1769,municipal_grid,1769,,-22.929111153302227,-43.358050842632075,True,316
partial_J828_grid1000_R3,J828_grid1000,20,grid_1000_1823,municipal_grid,1823,,-22.922793907471757,-42.831707245854496,True,62
partial_J828_grid1000_R3,J828_grid1000,21,grid_1000_2000,municipal_grid,2000,,-22.91405094834017,-43.67996250513623,True,84
partial_J828_grid1000_R3,J828_grid1000,22,grid_1000_2003,municipal_grid,2003,,-22.913805179435602,-43.65071542815919,True,84
partial_J828_grid1000_R3,J828_grid1000,23,grid_1000_2160,municipal_grid,2160,,-22.902517788190202,-43.40711194783002,True,129
partial_J828_grid1000_R3,J828_grid1000,24,grid_1000_2178,municipal_grid,2178,,-22.900661991616733,-43.23167342720307,True,311
partial_J828_grid1000_R3,J828_grid1000,25,grid_1000_2191,municipal_grid,2191,,-22.899201356554066,-43.10497964444942,True,564
partial_J828_grid1000_R3,J828_grid1000,26,grid_1000_2197,municipal_grid,2197,,-22.898493186958078,-43.04650916207733,True,66
partial_J828_grid1000_R3,J828_grid1000,27,grid_1000_2272,municipal_grid,2272,,-22.89532189589139,-43.60215637652881,True,200
partial_J828_grid1000_R3,J828_grid1000,28,grid_1000_2436,municipal_grid,2436,,-22.883243036143135,-43.29037722253311,True,350
partial_J828_grid1000_R3,J828_grid1000,29,grid_1000_2547,municipal_grid,2547,,-22.876281779375212,-43.49513661690223,True,86
partial_J828_grid1000_R3,J828_grid1000,30,grid_1000_2562,municipal_grid,2562,,-22.874831278362496,-43.34895823464657,True,290
partial_J828_grid1000_R3,J828_grid1000,31,grid_1000_2781,municipal_grid,2781,,-22.860716796753888,-43.78768658785773,True,64
partial_J828_grid1000_R3,J828_grid1000,32,grid_1000_2835,municipal_grid,2835,,-22.8558377012718,-43.261486940861985,True,227
partial_J828_grid1000_R3,J828_grid1000,33,grid_1000_2854,municipal_grid,2854,,-22.85370760406732,-43.07638029328883,True,127
partial_J828_grid1000_R3,J828_grid1000,34,grid_1000_2960,municipal_grid,2960,,-22.84753849178447,-43.32979986778476,True,123
partial_J828_grid1000_R3,J828_grid1000,35,grid_1000_3086,municipal_grid,3086,,-22.839111133675395,-43.38836398014441,True,98
partial_J828_grid1000_R3,J828_grid1000,36,grid_1000_3226,municipal_grid,3226,,-22.829273464609454,-43.31053748416033,True,182
partial_J828_grid1000_R3,J828_grid1000,37,grid_1000_3391,municipal_grid,3391,,-22.81651137710191,-42.98923705452495,True,122
partial_J828_grid1000_R3,J828_grid1000,38,grid_1000_3635,municipal_grid,3635,,-22.80079253394632,-43.184263555103875,True,147
partial_J828_grid1000_R3,J828_grid1000,39,grid_1000_3743,municipal_grid,3743,,-22.794253325690462,-43.41811330794743,True,180
partial_J828_grid1000_R3,J828_grid1000,40,grid_1000_3881,municipal_grid,3881,,-22.784632965946187,-43.35978576738493,True,122
partial_J828_grid1000_R3,J828_grid1000,41,grid_1000_4019,municipal_grid,4019,,-22.774991741126296,-43.301467828536545,True,94
partial_J828_grid1000_R3,J828_grid1000,42,grid_1000_4394,municipal_grid,4394,,-22.7499456989648,-43.50626174498181,True,99
partial_J828_grid1000_R3,J828_grid1000,43,grid_1000_4400,municipal_grid,4400,,-22.74938862748299,-43.4478425634531,True,193
partial_J828_grid1000_R3,J828_grid1000,44,grid_1000_4592,municipal_grid,4592,,-22.733616746633217,-42.86390508835465,True,109
partial_J828_grid1000_R3,J828_grid1000,45,grid_1000_4676,municipal_grid,4676,,-22.730150653063998,-43.331229134535185,True,63
partial_J828_grid1000_R3,J828_grid1000,46,grid_1000_4919,municipal_grid,4919,,-22.714093081349503,-43.535856691389135,True,102
partial_J828_grid1000_R3,J828_grid1000,47,grid_1000_4927,municipal_grid,4927,,-22.7133611005979,-43.457984085481506,True,96
partial_J828_grid1000_R3,J828_grid1000,48,grid_1000_5606,municipal_grid,5606,,-22.666322416420787,-43.273615895302164,True,104
partial_J828_grid1000_R3,J828_grid1000,49,grid_1000_5893,municipal_grid,5893,,-22.645696868953287,-43.050104832320855,True,68
partial_J828_grid1000_R3,J828_grid1000,50,grid_1000_6011,municipal_grid,6011,,-22.638266704288586,-43.186407302070066,True,72
partial_J828_grid1000_R3,J828_grid1000,51,grid_1000_6750,municipal_grid,6750,,-22.589081546250377,-43.70253499960955,True,51
partial_J828_grid1000_R3,J828_grid1000,52,grid_1000_7726,municipal_grid,7726,,-22.520993893405173,-43.19766242882265,True,109
partial_J828_grid1000_R3,J828_grid1000,53,grid_1000_8126,municipal_grid,8126,,-22.493465931603556,-43.1591454263965,True,64
partial_J828_grid1000_R3,J828_grid1000,54,grid_1000_9317,municipal_grid,9317,,-22.41186711830448,-43.131084771999596,True,61
partial_J828_grid1000_R5,J828_grid1000,0,postal_20261,postal_mean,29,20261,-22.92401542829238,-43.213547671608914,True,1267
partial_J828_grid1000_R5,J828_grid1000,1,postal_20760,postal_mean,57,20760,-22.879177245162506,-43.28592690942743,True,714
partial_J828_grid1000_R5,J828_grid1000,2,postal_23087,postal_mean,344,23087,-22.886393425025823,-43.558872618395576,True,468
partial_J828_grid1000_R5,J828_grid1000,3,postal_23573,postal_mean,367,23573,-22.913149027532867,-43.65356967363749,True,277
partial_J828_grid1000_R5,J828_grid1000,4,postal_24110,postal_mean,398,24110,-22.867915276400392,-43.09960548772942,True,638
partial_J828_grid1000_R5,J828_grid1000,5,postal_26330,postal_mean,775,26330,-22.73569440043516,-43.542197211853576,True,168
partial_J828_grid1000_R5,J828_grid1000,6,grid_1000_851,municipal_grid,851,,-22.991701783173433,-43.298768744880604,True,256
partial_J828_grid1000_R5,J828_grid1000,7,grid_1000_968,municipal_grid,968,,-22.984175445625183,-43.44517245393418,True,379
partial_J828_grid1000_R5,J828_grid1000,8,grid_1000_1211,municipal_grid,1211,,-22.96799115904741,-43.65017819129593,True,83
partial_J828_grid1000_R5,J828_grid1000,9,grid_1000_1219,municipal_grid,1219,,-22.967307671679272,-43.57215697011433,True,78
partial_J828_grid1000_R5,J828_grid1000,10,grid_1000_1389,municipal_grid,1389,,-22.954508244968675,-43.201720279916124,True,1356
partial_J828_grid1000_R5,J828_grid1000,11,grid_1000_1504,municipal_grid,1504,,-22.947271365396205,-43.3675830548858,True,710
partial_J828_grid1000_R5,J828_grid1000,12,grid_1000_1810,municipal_grid,1810,,-22.924474006502606,-42.95840218726734,True,67
partial_J828_grid1000_R5,J828_grid1000,13,grid_1000_1821,municipal_grid,1821,,-22.923058955499286,-42.85119799477913,True,86
partial_J828_grid1000_R5,J828_grid1000,14,grid_1000_1933,municipal_grid,1933,,-22.916549739447554,-43.0462503725401,True,258
partial_J828_grid1000_R5,J828_grid1000,15,grid_1000_2551,municipal_grid,2551,,-22.87590810623222,-43.456154562107024,True,244
partial_J828_grid1000_R5,J828_grid1000,16,grid_1000_2693,municipal_grid,2693,,-22.865902284284367,-43.358811600658136,True,476
partial_J828_grid1000_R5,J828_grid1000,17,grid_1000_3388,municipal_grid,3388,,-22.81687744350662,-43.018453470354245,True,305
partial_J828_grid1000_R5,J828_grid1000,18,grid_1000_3500,municipal_grid,3500,,-22.810151887836554,-43.21336217935516,True,168
partial_J828_grid1000_R5,J828_grid1000,19,grid_1000_3613,municipal_grid,3613,,-22.803089035801687,-43.39852906026154,True,324
partial_J828_grid1000_R5,J828_grid1000,20,grid_1000_3754,municipal_grid,3754,,-22.793154597660006,-43.31098294674119,True,260
partial_J828_grid1000_R5,J828_grid1000,21,grid_1000_4326,municipal_grid,4326,,-22.751930899829958,-42.883091181074455,True,114
partial_J828_grid1000_R5,J828_grid1000,22,grid_1000_4663,municipal_grid,4663,,-22.731422049258946,-43.457781628648014,True,327
partial_J828_grid1000_R5,J828_grid1000,23,grid_1000_4673,municipal_grid,4673,,-22.730452938727556,-43.36043274798269,True,131
partial_J828_grid1000_R5,J828_grid1000,24,grid_1000_5609,municipal_grid,5609,,-22.66600511951769,-43.24442719172241,True,198
partial_J828_grid1000_R5,J828_grid1000,25,grid_1000_6490,municipal_grid,6490,,-22.606825407559217,-43.66345635171361,True,76
partial_J828_grid1000_R5,J828_grid1000,26,grid_1000_7992,municipal_grid,7992,,-22.502716239978472,-43.178461131973016,True,263
partial_J828_grid1000_R10,J828_grid1000,0,postal_25515,postal_mean,593,25515,-22.79765605749528,-43.364274956523175,True,1210
partial_J828_grid1000_R10,J828_grid1000,1,grid_1000_1513,municipal_grid,1513,,-22.94634412635414,-43.279834465641336,True,2105
partial_J828_grid1000_R10,J828_grid1000,2,grid_1000_1626,municipal_grid,1626,,-22.939214500324706,-43.46518851927217,True,1059
partial_J828_grid1000_R10,J828_grid1000,3,grid_1000_1874,municipal_grid,1874,,-22.922584941567436,-43.621377394493955,True,823
partial_J828_grid1000_R10,J828_grid1000,4,grid_1000_2332,municipal_grid,2332,,-22.889102909893086,-43.01740602751586,True,1076
partial_J828_grid1000_R10,J828_grid1000,5,grid_1000_2444,municipal_grid,2444,,-22.882385541521526,-43.21241803965564,True,2214
partial_J828_grid1000_R10,J828_grid1000,6,grid_1000_2609,municipal_grid,2609,,-22.869417400309626,-42.891018153204115,True,235
partial_J828_grid1000_R10,J828_grid1000,7,grid_1000_5052,municipal_grid,5052,,-22.704972882411155,-43.526219127248986,True,484
partial_J828_grid1000_R10,J828_grid1000,8,grid_1000_5875,municipal_grid,5875,,-22.647731674634944,-43.22520061012788,True,229
partial_J828_grid1000_R10,J828_grid1000,9,grid_1000_8653,municipal_grid,8653,,-22.457459044648235,-43.16933729215842,True,256
partial_J825_grid1000_R3,J825_grid1000,0,postal_20241,postal_mean,25,20241,-22.92200642517056,-43.18565741850953,True,798
partial_J825_grid1000_R3,J825_grid1000,1,postal_20560,postal_mean,43,20560,-22.91863600041784,-43.25724486396328,True,548
partial_J825_grid1000_R3,J825_grid1000,2,postal_21875,postal_mean,199,21875,-22.873409010490445,-43.4537411569272,True,133
partial_J825_grid1000_R3,J825_grid1000,3,postal_23052,postal_mean,319,23052,-22.906619343447986,-43.55224985960651,True,187
partial_J825_grid1000_R3,J825_grid1000,4,postal_23095,postal_mean,350,23095,-22.86940966621501,-43.55658717782943,True,141
partial_J825_grid1000_R3,J825_grid1000,5,postal_24355,postal_mean,422,24355,-22.9411555966564,-43.043134176624925,True,137
partial_J825_grid1000_R3,J825_grid1000,6,postal_24460,postal_mean,450,24460,-22.814787634492188,-43.04329935349616,True,122
partial_J825_grid1000_R3,J825_grid1000,7,postal_24751,postal_mean,488,24751,-22.86782548778561,-43.002749069555286,True,73
partial_J825_grid1000_R3,J825_grid1000,8,postal_26115,postal_mean,703,26115,-22.74102601762666,-43.39058910287586,True,78
partial_J825_grid1000_R3,J825_grid1000,9,grid_1000_700,municipal_grid,700,,-23.002614041533985,-43.483983641318765,True,236
partial_J825_grid1000_R3,J825_grid1000,10,grid_1000_848,municipal_grid,848,,-22.99201333901825,-43.32802781494853,True,282
partial_J825_grid1000_R3,J825_grid1000,11,grid_1000_970,municipal_grid,970,,-22.98398282618852,-43.42566633953689,True,160
partial_J825_grid1000_R3,J825_grid1000,12,grid_1000_989,municipal_grid,989,,-22.982033292593062,-43.240369156958224,True,255
partial_J825_grid1000_R3,J825_grid1000,13,grid_1000_1208,municipal_grid,1208,,-22.96823757408635,-43.67943690507418,True,54
partial_J825_grid1000_R3,J825_grid1000,14,grid_1000_1214,municipal_grid,1214,,-22.96773934780537,-43.62091988489109,True,41
partial_J825_grid1000_R3,J825_grid1000,15,grid_1000_1258,municipal_grid,1258,,-22.963426363496865,-43.191850488610015,True,839
partial_J825_grid1000_R3,J825_grid1000,16,grid_1000_1503,municipal_grid,1503,,-22.94737139867637,-43.37733317599373,True,282
partial_J825_grid1000_R3,J825_grid1000,17,grid_1000_1552,municipal_grid,1552,,-22.941765974275846,-42.89964757902065,True,69
partial_J825_grid1000_R3,J825_grid1000,18,grid_1000_1612,municipal_grid,1612,,-22.940476088083795,-43.60169310377211,True,37
partial_J825_grid1000_R3,J825_grid1000,19,grid_1000_1769,municipal_grid,1769,,-22.929111153302227,-43.358050842632075,True,316
partial_J825_grid1000_R3,J825_grid1000,20,grid_1000_1823,municipal_grid,1823,,-22.922793907471757,-42.831707245854496,True,62
partial_J825_grid1000_R3,J825_grid1000,21,grid_1000_2000,municipal_grid,2000,,-22.91405094834017,-43.67996250513623,True,84
partial_J825_grid1000_R3,J825_grid1000,22,grid_1000_2003,municipal_grid,2003,,-22.913805179435602,-43.65071542815919,True,84
partial_J825_grid1000_R3,J825_grid1000,23,grid_1000_2160,municipal_grid,2160,,-22.902517788190202,-43.40711194783002,True,129
partial_J825_grid1000_R3,J825_grid1000,24,grid_1000_2178,municipal_grid,2178,,-22.900661991616733,-43.23167342720307,True,311
partial_J825_grid1000_R3,J825_grid1000,25,grid_1000_2191,municipal_grid,2191,,-22.899201356554066,-43.10497964444942,True,564
partial_J825_grid1000_R3,J825_grid1000,26,grid_1000_2197,municipal_grid,2197,,-22.898493186958078,-43.04650916207733,True,66
partial_J825_grid1000_R3,J825_grid1000,27,grid_1000_2272,municipal_grid,2272,,-22.89532189589139,-43.60215637652881,True,200
partial_J825_grid1000_R3,J825_grid1000,28,grid_1000_2436,municipal_grid,2436,,-22.883243036143135,-43.29037722253311,True,350
partial_J825_grid1000_R3,J825_grid1000,29,grid_1000_2547,municipal_grid,2547,,-22.876281779375212,-43.49513661690223,True,86
partial_J825_grid1000_R3,J825_grid1000,30,grid_1000_2562,municipal_grid,2562,,-22.874831278362496,-43.34895823464657,True,290
partial_J825_grid1000_R3,J825_grid1000,31,grid_1000_2781,municipal_grid,2781,,-22.860716796753888,-43.78768658785773,True,64
partial_J825_grid1000_R3,J825_grid1000,32,grid_1000_2835,municipal_grid,2835,,-22.8558377012718,-43.261486940861985,True,227
partial_J825_grid1000_R3,J825_grid1000,33,grid_1000_2854,municipal_grid,2854,,-22.85370760406732,-43.07638029328883,True,127
partial_J825_grid1000_R3,J825_grid1000,34,grid_1000_2960,municipal_grid,2960,,-22.84753849178447,-43.32979986778476,True,123
partial_J825_grid1000_R3,J825_grid1000,35,grid_1000_3086,municipal_grid,3086,,-22.839111133675395,-43.38836398014441,True,98
partial_J825_grid1000_R3,J825_grid1000,36,grid_1000_3226,municipal_grid,3226,,-22.829273464609454,-43.31053748416033,True,182
partial_J825_grid1000_R3,J825_grid1000,37,grid_1000_3391,municipal_grid,3391,,-22.81651137710191,-42.98923705452495,True,122
partial_J825_grid1000_R3,J825_grid1000,38,grid_1000_3635,municipal_grid,3635,,-22.80079253394632,-43.184263555103875,True,147
partial_J825_grid1000_R3,J825_grid1000,39,grid_1000_3743,municipal_grid,3743,,-22.794253325690462,-43.41811330794743,True,180
partial_J825_grid1000_R3,J825_grid1000,40,grid_1000_3881,municipal_grid,3881,,-22.784632965946187,-43.35978576738493,True,122
partial_J825_grid1000_R3,J825_grid1000,41,grid_1000_4019,municipal_grid,4019,,-22.774991741126296,-43.301467828536545,True,94
partial_J825_grid1000_R3,J825_grid1000,42,grid_1000_4394,municipal_grid,4394,,-22.7499456989648,-43.50626174498181,True,99
partial_J825_grid1000_R3,J825_grid1000,43,grid_1000_4400,municipal_grid,4400,,-22.74938862748299,-43.4478425634531,True,193
partial_J825_grid1000_R3,J825_grid1000,44,grid_1000_4592,municipal_grid,4592,,-22.733616746633217,-42.86390508835465,True,109
partial_J825_grid1000_R3,J825_grid1000,45,grid_1000_4676,municipal_grid,4676,,-22.730150653063998,-43.331229134535185,True,63
partial_J825_grid1000_R3,J825_grid1000,46,grid_1000_4919,municipal_grid,4919,,-22.714093081349503,-43.535856691389135,True,102
partial_J825_grid1000_R3,J825_grid1000,47,grid_1000_4927,municipal_grid,4927,,-22.7133611005979,-43.457984085481506,True,96
partial_J825_grid1000_R3,J825_grid1000,48,grid_1000_5606,municipal_grid,5606,,-22.666322416420787,-43.273615895302164,True,104
partial_J825_grid1000_R3,J825_grid1000,49,grid_1000_5893,municipal_grid,5893,,-22.645696868953287,-43.050104832320855,True,68
partial_J825_grid1000_R3,J825_grid1000,50,grid_1000_6011,municipal_grid,6011,,-22.638266704288586,-43.186407302070066,True,72
partial_J825_grid1000_R3,J825_grid1000,51,grid_1000_6750,municipal_grid,6750,,-22.589081546250377,-43.70253499960955,True,51
partial_J825_grid1000_R3,J825_grid1000,52,grid_1000_7726,municipal_grid,7726,,-22.520993893405173,-43.19766242882265,True,109
partial_J825_grid1000_R3,J825_grid1000,53,grid_1000_8126,municipal_grid,8126,,-22.493465931603556,-43.1591454263965,True,64
partial_J825_grid1000_R3,J825_grid1000,54,grid_1000_9317,municipal_grid,9317,,-22.41186711830448,-43.131084771999596,True,61
partial_J825_grid1000_R5,J825_grid1000,0,postal_20261,postal_mean,29,20261,-22.92401542829238,-43.213547671608914,True,1267
partial_J825_grid1000_R5,J825_grid1000,1,postal_20760,postal_mean,57,20760,-22.879177245162506,-43.28592690942743,True,714
partial_J825_grid1000_R5,J825_grid1000,2,postal_23087,postal_mean,344,23087,-22.886393425025823,-43.558872618395576,True,468
partial_J825_grid1000_R5,J825_grid1000,3,postal_23573,postal_mean,367,23573,-22.913149027532867,-43.65356967363749,True,277
partial_J825_grid1000_R5,J825_grid1000,4,postal_24110,postal_mean,398,24110,-22.867915276400392,-43.09960548772942,True,638
partial_J825_grid1000_R5,J825_grid1000,5,postal_26330,postal_mean,775,26330,-22.73569440043516,-43.542197211853576,True,168
partial_J825_grid1000_R5,J825_grid1000,6,grid_1000_851,municipal_grid,851,,-22.991701783173433,-43.298768744880604,True,256
partial_J825_grid1000_R5,J825_grid1000,7,grid_1000_968,municipal_grid,968,,-22.984175445625183,-43.44517245393418,True,379
partial_J825_grid1000_R5,J825_grid1000,8,grid_1000_1211,municipal_grid,1211,,-22.96799115904741,-43.65017819129593,True,83
partial_J825_grid1000_R5,J825_grid1000,9,grid_1000_1219,municipal_grid,1219,,-22.967307671679272,-43.57215697011433,True,78
partial_J825_grid1000_R5,J825_grid1000,10,grid_1000_1389,municipal_grid,1389,,-22.954508244968675,-43.201720279916124,True,1356
partial_J825_grid1000_R5,J825_grid1000,11,grid_1000_1504,municipal_grid,1504,,-22.947271365396205,-43.3675830548858,True,710
partial_J825_grid1000_R5,J825_grid1000,12,grid_1000_1810,municipal_grid,1810,,-22.924474006502606,-42.95840218726734,True,67
partial_J825_grid1000_R5,J825_grid1000,13,grid_1000_1821,municipal_grid,1821,,-22.923058955499286,-42.85119799477913,True,86
partial_J825_grid1000_R5,J825_grid1000,14,grid_1000_1933,municipal_grid,1933,,-22.916549739447554,-43.0462503725401,True,258
partial_J825_grid1000_R5,J825_grid1000,15,grid_1000_2551,municipal_grid,2551,,-22.87590810623222,-43.456154562107024,True,244
partial_J825_grid1000_R5,J825_grid1000,16,grid_1000_2693,municipal_grid,2693,,-22.865902284284367,-43.358811600658136,True,476
partial_J825_grid1000_R5,J825_grid1000,17,grid_1000_3388,municipal_grid,3388,,-22.81687744350662,-43.018453470354245,True,305
partial_J825_grid1000_R5,J825_grid1000,18,grid_1000_3500,municipal_grid,3500,,-22.810151887836554,-43.21336217935516,True,168
partial_J825_grid1000_R5,J825_grid1000,19,grid_1000_3613,municipal_grid,3613,,-22.803089035801687,-43.39852906026154,True,324
partial_J825_grid1000_R5,J825_grid1000,20,grid_1000_3754,municipal_grid,3754,,-22.793154597660006,-43.31098294674119,True,260
partial_J825_grid1000_R5,J825_grid1000,21,grid_1000_4326,municipal_grid,4326,,-22.751930899829958,-42.883091181074455,True,114
partial_J825_grid1000_R5,J825_grid1000,22,grid_1000_4663,municipal_grid,4663,,-22.731422049258946,-43.457781628648014,True,327
partial_J825_grid1000_R5,J825_grid1000,23,grid_1000_4673,municipal_grid,4673,,-22.730452938727556,-43.36043274798269,True,131
partial_J825_grid1000_R5,J825_grid1000,24,grid_1000_5609,municipal_grid,5609,,-22.66600511951769,-43.24442719172241,True,198
partial_J825_grid1000_R5,J825_grid1000,25,grid_1000_6490,municipal_grid,6490,,-22.606825407559217,-43.66345635171361,True,76
partial_J825_grid1000_R5,J825_grid1000,26,grid_1000_7992,municipal_grid,7992,,-22.502716239978472,-43.178461131973016,True,263
partial_J825_grid1000_R10,J825_grid1000,0,postal_25515,postal_mean,593,25515,-22.79765605749528,-43.364274956523175,True,1213
partial_J825_grid1000_R10,J825_grid1000,1,grid_1000_1513,municipal_grid,1513,,-22.94634412635414,-43.279834465641336,True,2105
partial_J825_grid1000_R10,J825_grid1000,2,grid_1000_1626,municipal_grid,1626,,-22.939214500324706,-43.46518851927217,True,1059
partial_J825_grid1000_R10,J825_grid1000,3,grid_1000_1874,municipal_grid,1874,,-22.922584941567436,-43.621377394493955,True,823
partial_J825_grid1000_R10,J825_grid1000,4,grid_1000_2332,municipal_grid,2332,,-22.889102909893086,-43.01740602751586,True,1076
partial_J825_grid1000_R10,J825_grid1000,5,grid_1000_2444,municipal_grid,2444,,-22.882385541521526,-43.21241803965564,True,2214
partial_J825_grid1000_R10,J825_grid1000,6,grid_1000_2609,municipal_grid,2609,,-22.869417400309626,-42.891018153204115,True,235
partial_J825_grid1000_R10,J825_grid1000,7,grid_1000_5052,municipal_grid,5052,,-22.704972882411155,-43.526219127248986,True,484
partial_J825_grid1000_R10,J825_grid1000,8,grid_1000_6140,municipal_grid,6140,,-22.629564733909405,-43.215705844574344,True,233
partial_J825_grid1000_R10,J825_grid1000,9,grid_1000_8784,municipal_grid,8784,,-22.4485395161109,-43.17916973357902,True,249
partial_J828_grid500_R3,J828_grid500,0,postal_20241,postal_mean,25,20241,-22.92200642517056,-43.18565741850953,True,833
partial_J828_grid500_R3,J828_grid500,1,postal_23042,postal_mean,315,23042,-22.92777932523722,-43.554503392883646,True,120
partial_J828_grid500_R3,J828_grid500,2,grid_500_2975,municipal_grid,2975,,-22.998005235032988,-43.47427981431356,True,236
partial_J828_grid500_R3,J828_grid500,3,grid_500_3268,municipal_grid,3268,,-22.99201333901825,-43.32802781494853,True,282
partial_J828_grid500_R3,J828_grid500,4,grid_500_3997,municipal_grid,3997,,-22.981285617888652,-43.6207824066495,True,41
partial_J828_grid500_R3,J828_grid500,5,grid_500_4038,municipal_grid,4038,,-22.979419286180846,-43.42084233333386,True,208
partial_J828_grid500_R3,J828_grid500,6,grid_500_4336,municipal_grid,4336,,-22.973112056607217,-43.25023742494442,True,195
partial_J828_grid500_R3,J828_grid500,7,grid_500_4347,municipal_grid,4347,,-22.972510878642677,-43.19660587506481,True,864
partial_J828_grid500_R3,J828_grid500,8,grid_500_5301,municipal_grid,5301,,-22.959165819639797,-43.674648459166065,True,54
partial_J828_grid500_R3,J828_grid500,9,grid_500_5694,municipal_grid,5694,,-22.948088472180007,-43.04092265243293,True,153
partial_J828_grid500_R3,J828_grid500,10,grid_500_6151,municipal_grid,6151,,-22.942856463792122,-43.37738701387703,True,268
partial_J828_grid500_R3,J828_grid500,11,grid_500_6513,municipal_grid,6513,,-22.932673980798,-42.89491366998233,True,53
partial_J828_grid500_R3,J828_grid500,12,grid_500_6892,municipal_grid,6892,,-22.931530856709536,-43.611535895221344,True,92
partial_J828_grid500_R3,J828_grid500,13,grid_500_6944,municipal_grid,6944,,-22.929111153302227,-43.358050842632075,True,307
partial_J828_grid500_R3,J828_grid500,14,grid_500_7315,municipal_grid,7315,,-22.918280388185224,-42.83177909356541,True,62
partial_J828_grid500_R3,J828_grid500,15,grid_500_7667,municipal_grid,7667,,-22.918566515041924,-43.67991876595197,True,116
partial_J828_grid500_R3,J828_grid500,16,grid_500_7757,municipal_grid,7757,,-22.914314083232867,-43.24124479604319,True,812
partial_J828_grid500_R3,J828_grid500,17,grid_500_8537,municipal_grid,8537,,-22.90124957269384,-43.28527769519686,True,353
partial_J828_grid500_R3,J828_grid500,18,grid_500_8838,municipal_grid,8838,,-22.894628875895815,-43.10016990127528,True,611
partial_J828_grid500_R3,J828_grid500,19,grid_500_9036,municipal_grid,9036,,-22.89358511462275,-43.416963868416424,True,146
partial_J828_grid500_R3,J828_grid500,20,grid_500_9111,municipal_grid,9111,,-22.8895247029921,-43.0515105880826,True,69
partial_J828_grid500_R3,J828_grid500,21,grid_500_9262,municipal_grid,9262,,-22.890763529446513,-43.59732908737769,True,234
partial_J828_grid500_R3,J828_grid500,22,grid_500_9274,municipal_grid,9274,,-22.890236691181507,-43.53884738959843,True,192
partial_J828_grid500_R3,J828_grid500,23,grid_500_10077,municipal_grid,10077,,-22.87604935255133,-43.47077273694337,True,156
partial_J828_grid500_R3,J828_grid500,24,grid_500_10104,municipal_grid,10104,,-22.874729805217697,-43.33921343880099,True,314
partial_J828_grid500_R3,J828_grid500,25,grid_500_10699,municipal_grid,10699,,-22.8618356769586,-43.003186217799694,True,74
partial_J828_grid500_R3,J828_grid500,26,grid_500_11064,municipal_grid,11064,,-22.860716796753888,-43.78768658785773,True,64
partial_J828_grid500_R3,J828_grid500,27,grid_500_11434,municipal_grid,11434,,-22.851376122417282,-43.266415724917145,True,244
partial_J828_grid500_R3,J828_grid500,28,grid_500_11937,municipal_grid,11937,,-22.84352721724664,-43.378568012113405,True,149
partial_J828_grid500_R3,J828_grid500,29,grid_500_12263,municipal_grid,12263,,-22.835591678503523,-43.07176403335872,True,118
partial_J828_grid500_R3,J828_grid500,30,grid_500_12477,municipal_grid,12477,,-22.833788310893596,-43.31048173786207,True,252
partial_J828_grid500_R3,J828_grid500,31,grid_500_13072,municipal_grid,13072,,-22.820840328735915,-42.974562288924034,True,71
partial_J828_grid500_R3,J828_grid500,32,grid_500_13587,municipal_grid,13587,,-22.81248413524273,-43.02825741231712,True,137
partial_J828_grid500_R3,J828_grid500,33,grid_500_14341,municipal_grid,14341,,-22.800958251762392,-43.198871674002696,True,147
partial_J828_grid500_R3,J828_grid500,34,grid_500_14560,municipal_grid,14560,,-22.798720042165485,-43.41319133546519,True,171
partial_J828_grid500_R3,J828_grid500,35,grid_500_15360,municipal_grid,15360,,-22.784632965946187,-43.35978576738493,True,120
partial_J828_grid500_R3,J828_grid500,36,grid_500_16423,municipal_grid,16423,,-22.766013752333304,-43.306448008983615,True,98
partial_J828_grid500_R3,J828_grid500,37,grid_500_16920,municipal_grid,16920,,-22.758419023067017,-43.4477405155886,True,191
partial_J828_grid500_R3,J828_grid500,38,grid_500_17434,municipal_grid,17434,,-22.7499456989648,-43.50626174498181,True,96
partial_J828_grid500_R3,J828_grid500,39,grid_500_17721,municipal_grid,17721,,-22.744295131954182,-43.389478167264635,True,78
partial_J828_grid500_R3,J828_grid500,40,grid_500_18093,municipal_grid,18093,,-22.73355161070264,-42.85903907208394,True,103
partial_J828_grid500_R3,J828_grid500,41,grid_500_19048,municipal_grid,19048,,-22.72112074434425,-43.331338688387525,True,59
partial_J828_grid500_R3,J828_grid500,42,grid_500_19268,municipal_grid,19268,,-22.71865298433867,-43.540675952047295,True,105
partial_J828_grid500_R3,J828_grid500,43,grid_500_19285,municipal_grid,19285,,-22.717876341746155,-43.457933490541855,True,87
partial_J828_grid500_R3,J828_grid500,44,grid_500_20337,municipal_grid,20337,,-22.699815361227135,-43.45813579325188,True,27
partial_J828_grid500_R3,J828_grid500,45,grid_500_22217,municipal_grid,22217,,-22.66626990262694,-43.26875107523799,True,106
partial_J828_grid500_R3,J828_grid500,46,grid_500_23841,municipal_grid,23841,,-22.63660904787629,-43.04536914358387,True,65
partial_J828_grid500_R3,J828_grid500,47,grid_500_24075,municipal_grid,24075,,-22.63375204809214,-43.18646657126586,True,73
partial_J828_grid500_R3,J828_grid500,48,grid_500_26863,municipal_grid,26863,,-22.589042185696908,-43.69767192959002,True,51
partial_J828_grid500_R3,J828_grid500,49,grid_500_30912,municipal_grid,30912,,-22.51642466739717,-43.192861631690654,True,123
partial_J828_grid500_R3,J828_grid500,50,grid_500_31971,municipal_grid,31971,,-22.497980597484624,-43.159085678511666,True,50
partial_J828_grid500_R3,J828_grid500,51,grid_500_37237,municipal_grid,37237,,-22.40735247610949,-43.1311451708435,True,61
partial_J828_grid500_R5,J828_grid500,0,postal_20760,postal_mean,57,20760,-22.879177245162506,-43.28592690942743,True,654
partial_J828_grid500_R5,J828_grid500,1,postal_26330,postal_mean,775,26330,-22.73569440043516,-43.542197211853576,True,170
partial_J828_grid500_R5,J828_grid500,2,grid_500_3799,municipal_grid,3799,,-22.982724600196107,-43.30375801377153,True,308
partial_J828_grid500_R5,J828_grid500,3,grid_500_4033,municipal_grid,4033,,-22.979660382690454,-43.44522413380576,True,396
partial_J828_grid500_R5,J828_grid500,4,grid_500_5043,municipal_grid,5043,,-22.963475675329295,-43.65022302323227,True,144
partial_J828_grid500_R5,J828_grid500,5,grid_500_5659,municipal_grid,5659,,-22.9501039626073,-43.2115294331901,True,1712
partial_J828_grid500_R5,J828_grid500,6,grid_500_5890,municipal_grid,5890,,-22.947271365396205,-43.3675830548858,True,676
partial_J828_grid500_R5,J828_grid500,7,grid_500_7017,municipal_grid,7017,,-22.925032053600273,-43.00226085623248,True,140
partial_J828_grid500_R5,J828_grid500,8,grid_500_7048,municipal_grid,7048,,-22.923058955499286,-42.85119799477913,True,102
partial_J828_grid500_R5,J828_grid500,9,grid_500_7524,municipal_grid,7524,,-22.917141891609788,-43.094982059347,True,671
partial_J828_grid500_R5,J828_grid500,10,grid_500_8461,municipal_grid,8461,,-22.90481546288114,-43.6556789715787,True,249
partial_J828_grid500_R5,J828_grid500,11,grid_500_8744,municipal_grid,8744,,-22.899445386172317,-43.55824565789134,True,493
partial_J828_grid500_R5,J828_grid500,12,grid_500_8814,municipal_grid,8814,,-22.8959840226636,-43.21711340927305,True,954
partial_J828_grid500_R5,J828_grid500,13,grid_500_10343,municipal_grid,10343,,-22.87139295826249,-43.45620560773013,True,244
partial_J828_grid500_R5,J828_grid500,14,grid_500_11214,municipal_grid,11214,,-22.85347087315969,-43.05689669451194,True,207
partial_J828_grid500_R5,J828_grid500,15,grid_500_11414,municipal_grid,11414,,-22.852407617713762,-43.36384591213808,True,458
partial_J828_grid500_R5,J828_grid500,16,grid_500_12805,municipal_grid,12805,,-22.825600847439702,-42.99397411359542,True,222
partial_J828_grid500_R5,J828_grid500,17,grid_500_14337,municipal_grid,14337,,-22.801177128935652,-43.218349376115704,True,168
partial_J828_grid500_R5,J828_grid500,18,grid_500_14564,municipal_grid,14564,,-22.798524984552632,-43.39371201230528,True,317
partial_J828_grid500_R5,J828_grid500,19,grid_500_14584,municipal_grid,14584,,-22.79751403400807,-43.296318665933455,True,282
partial_J828_grid500_R5,J828_grid500,20,grid_500_17561,municipal_grid,17561,,-22.742967785185435,-42.88809671517738,True,113
partial_J828_grid500_R5,J828_grid500,21,grid_500_18233,municipal_grid,18233,,-22.73593727978447,-43.457730982318836,True,332
partial_J828_grid500_R5,J828_grid500,22,grid_500_18253,municipal_grid,18253,,-22.734967955690436,-43.36037890811149,True,125
partial_J828_grid500_R5,J828_grid500,23,grid_500_23267,municipal_grid,23267,,-22.648315305113385,-43.27870599882629,True,110
partial_J828_grid500_R5,J828_grid500,24,grid_500_23287,municipal_grid,23287,,-22.64724088681947,-43.181424799423205,True,113
partial_J828_grid500_R5,J828_grid500,25,grid_500_25819,municipal_grid,25819,,-22.60678483382731,-43.658592735192734,True,76
partial_J828_grid500_R5,J828_grid500,26,grid_500_31965,municipal_grid,31965,,-22.498311114574623,-43.18823764897605,True,255
partial_J828_grid500_R10,J828_grid500,0,grid_500_5645,municipal_grid,5645,,-22.950858833857776,-43.27977738225172,True,1857
partial_J828_grid500_R10,J828_grid500,1,grid_500_6664,municipal_grid,6664,,-22.934461791178112,-43.44086544654608,True,1266
partial_J828_grid500_R10,J828_grid500,2,grid_500_7679,municipal_grid,7679,,-22.918069486347395,-43.62142308193481,True,865
partial_J828_grid500_R10,J828_grid500,3,grid_500_9118,municipal_grid,9118,,-22.889102909893086,-43.01740602751586,True,1076
partial_J828_grid500_R10,J828_grid500,4,grid_500_9604,municipal_grid,9604,,-22.882385541521526,-43.21241803965564,True,2273
partial_J828_grid500_R10,J828_grid500,5,grid_500_10196,municipal_grid,10196,,-22.869417400309626,-42.891018153204115,True,235
partial_J828_grid500_R10,J828_grid500,6,grid_500_14833,municipal_grid,14833,,-22.793712949549143,-43.3645473016605,True,1185
partial_J828_grid500_R10,J828_grid500,7,grid_500_19796,municipal_grid,19796,,-22.709533047341015,-43.531037749817884,True,449
partial_J828_grid500_R10,J828_grid500,8,grid_500_22488,municipal_grid,22488,,-22.66132973015603,-43.22989096531436,True,229
partial_J828_grid500_R10,J828_grid500,9,grid_500_34336,municipal_grid,34336,,-22.457459044648235,-43.16933729215842,True,256
partial_J825_grid500_R3,J825_grid500,0,postal_20241,postal_mean,25,20241,-22.92200642517056,-43.18565741850953,True,833
partial_J825_grid500_R3,J825_grid500,1,postal_23042,postal_mean,315,23042,-22.92777932523722,-43.554503392883646,True,120
partial_J825_grid500_R3,J825_grid500,2,grid_500_2975,municipal_grid,2975,,-22.998005235032988,-43.47427981431356,True,236
partial_J825_grid500_R3,J825_grid500,3,grid_500_3268,municipal_grid,3268,,-22.99201333901825,-43.32802781494853,True,282
partial_J825_grid500_R3,J825_grid500,4,grid_500_3997,municipal_grid,3997,,-22.981285617888652,-43.6207824066495,True,41
partial_J825_grid500_R3,J825_grid500,5,grid_500_4038,municipal_grid,4038,,-22.979419286180846,-43.42084233333386,True,208
partial_J825_grid500_R3,J825_grid500,6,grid_500_4336,municipal_grid,4336,,-22.973112056607217,-43.25023742494442,True,195
partial_J825_grid500_R3,J825_grid500,7,grid_500_4347,municipal_grid,4347,,-22.972510878642677,-43.19660587506481,True,864
partial_J825_grid500_R3,J825_grid500,8,grid_500_5301,municipal_grid,5301,,-22.959165819639797,-43.674648459166065,True,54
partial_J825_grid500_R3,J825_grid500,9,grid_500_5694,municipal_grid,5694,,-22.948088472180007,-43.04092265243293,True,153
partial_J825_grid500_R3,J825_grid500,10,grid_500_6151,municipal_grid,6151,,-22.942856463792122,-43.37738701387703,True,268
partial_J825_grid500_R3,J825_grid500,11,grid_500_6513,municipal_grid,6513,,-22.932673980798,-42.89491366998233,True,53
partial_J825_grid500_R3,J825_grid500,12,grid_500_6892,municipal_grid,6892,,-22.931530856709536,-43.611535895221344,True,92
partial_J825_grid500_R3,J825_grid500,13,grid_500_6944,municipal_grid,6944,,-22.929111153302227,-43.358050842632075,True,307
partial_J825_grid500_R3,J825_grid500,14,grid_500_7315,municipal_grid,7315,,-22.918280388185224,-42.83177909356541,True,62
partial_J825_grid500_R3,J825_grid500,15,grid_500_7667,municipal_grid,7667,,-22.918566515041924,-43.67991876595197,True,116
partial_J825_grid500_R3,J825_grid500,16,grid_500_7757,municipal_grid,7757,,-22.914314083232867,-43.24124479604319,True,812
partial_J825_grid500_R3,J825_grid500,17,grid_500_8537,municipal_grid,8537,,-22.90124957269384,-43.28527769519686,True,353
partial_J825_grid500_R3,J825_grid500,18,grid_500_8838,municipal_grid,8838,,-22.894628875895815,-43.10016990127528,True,611
partial_J825_grid500_R3,J825_grid500,19,grid_500_9036,municipal_grid,9036,,-22.89358511462275,-43.416963868416424,True,146
partial_J825_grid500_R3,J825_grid500,20,grid_500_9111,municipal_grid,9111,,-22.8895247029921,-43.0515105880826,True,69
partial_J825_grid500_R3,J825_grid500,21,grid_500_9262,municipal_grid,9262,,-22.890763529446513,-43.59732908737769,True,234
partial_J825_grid500_R3,J825_grid500,22,grid_500_9274,municipal_grid,9274,,-22.890236691181507,-43.53884738959843,True,192
partial_J825_grid500_R3,J825_grid500,23,grid_500_10077,municipal_grid,10077,,-22.87604935255133,-43.47077273694337,True,156
partial_J825_grid500_R3,J825_grid500,24,grid_500_10104,municipal_grid,10104,,-22.874729805217697,-43.33921343880099,True,314
partial_J825_grid500_R3,J825_grid500,25,grid_500_10699,municipal_grid,10699,,-22.8618356769586,-43.003186217799694,True,74
partial_J825_grid500_R3,J825_grid500,26,grid_500_11064,municipal_grid,11064,,-22.860716796753888,-43.78768658785773,True,64
partial_J825_grid500_R3,J825_grid500,27,grid_500_11434,municipal_grid,11434,,-22.851376122417282,-43.266415724917145,True,244
partial_J825_grid500_R3,J825_grid500,28,grid_500_11937,municipal_grid,11937,,-22.84352721724664,-43.378568012113405,True,149
partial_J825_grid500_R3,J825_grid500,29,grid_500_12263,municipal_grid,12263,,-22.835591678503523,-43.07176403335872,True,118
partial_J825_grid500_R3,J825_grid500,30,grid_500_12477,municipal_grid,12477,,-22.833788310893596,-43.31048173786207,True,252
partial_J825_grid500_R3,J825_grid500,31,grid_500_13072,municipal_grid,13072,,-22.820840328735915,-42.974562288924034,True,71
partial_J825_grid500_R3,J825_grid500,32,grid_500_13587,municipal_grid,13587,,-22.81248413524273,-43.02825741231712,True,137
partial_J825_grid500_R3,J825_grid500,33,grid_500_14341,municipal_grid,14341,,-22.800958251762392,-43.198871674002696,True,147
partial_J825_grid500_R3,J825_grid500,34,grid_500_14560,municipal_grid,14560,,-22.798720042165485,-43.41319133546519,True,171
partial_J825_grid500_R3,J825_grid500,35,grid_500_15360,municipal_grid,15360,,-22.784632965946187,-43.35978576738493,True,120
partial_J825_grid500_R3,J825_grid500,36,grid_500_16423,municipal_grid,16423,,-22.766013752333304,-43.306448008983615,True,98
partial_J825_grid500_R3,J825_grid500,37,grid_500_16920,municipal_grid,16920,,-22.758419023067017,-43.4477405155886,True,191
partial_J825_grid500_R3,J825_grid500,38,grid_500_17434,municipal_grid,17434,,-22.7499456989648,-43.50626174498181,True,96
partial_J825_grid500_R3,J825_grid500,39,grid_500_17721,municipal_grid,17721,,-22.744295131954182,-43.389478167264635,True,78
partial_J825_grid500_R3,J825_grid500,40,grid_500_18093,municipal_grid,18093,,-22.73355161070264,-42.85903907208394,True,103
partial_J825_grid500_R3,J825_grid500,41,grid_500_19048,municipal_grid,19048,,-22.72112074434425,-43.331338688387525,True,59
partial_J825_grid500_R3,J825_grid500,42,grid_500_19268,municipal_grid,19268,,-22.71865298433867,-43.540675952047295,True,105
partial_J825_grid500_R3,J825_grid500,43,grid_500_19285,municipal_grid,19285,,-22.717876341746155,-43.457933490541855,True,87
partial_J825_grid500_R3,J825_grid500,44,grid_500_20337,municipal_grid,20337,,-22.699815361227135,-43.45813579325188,True,27
partial_J825_grid500_R3,J825_grid500,45,grid_500_22217,municipal_grid,22217,,-22.66626990262694,-43.26875107523799,True,106
partial_J825_grid500_R3,J825_grid500,46,grid_500_23841,municipal_grid,23841,,-22.63660904787629,-43.04536914358387,True,65
partial_J825_grid500_R3,J825_grid500,47,grid_500_24075,municipal_grid,24075,,-22.63375204809214,-43.18646657126586,True,73
partial_J825_grid500_R3,J825_grid500,48,grid_500_26863,municipal_grid,26863,,-22.589042185696908,-43.69767192959002,True,51
partial_J825_grid500_R3,J825_grid500,49,grid_500_30912,municipal_grid,30912,,-22.51642466739717,-43.192861631690654,True,123
partial_J825_grid500_R3,J825_grid500,50,grid_500_31971,municipal_grid,31971,,-22.497980597484624,-43.159085678511666,True,50
partial_J825_grid500_R3,J825_grid500,51,grid_500_37237,municipal_grid,37237,,-22.40735247610949,-43.1311451708435,True,61
partial_J825_grid500_R5,J825_grid500,0,postal_20760,postal_mean,57,20760,-22.879177245162506,-43.28592690942743,True,654
partial_J825_grid500_R5,J825_grid500,1,postal_26330,postal_mean,775,26330,-22.73569440043516,-43.542197211853576,True,170
partial_J825_grid500_R5,J825_grid500,2,grid_500_3799,municipal_grid,3799,,-22.982724600196107,-43.30375801377153,True,308
partial_J825_grid500_R5,J825_grid500,3,grid_500_4033,municipal_grid,4033,,-22.979660382690454,-43.44522413380576,True,396
partial_J825_grid500_R5,J825_grid500,4,grid_500_5043,municipal_grid,5043,,-22.963475675329295,-43.65022302323227,True,144
partial_J825_grid500_R5,J825_grid500,5,grid_500_5659,municipal_grid,5659,,-22.9501039626073,-43.2115294331901,True,1712
partial_J825_grid500_R5,J825_grid500,6,grid_500_5890,municipal_grid,5890,,-22.947271365396205,-43.3675830548858,True,676
partial_J825_grid500_R5,J825_grid500,7,grid_500_7017,municipal_grid,7017,,-22.925032053600273,-43.00226085623248,True,140
partial_J825_grid500_R5,J825_grid500,8,grid_500_7048,municipal_grid,7048,,-22.923058955499286,-42.85119799477913,True,102
partial_J825_grid500_R5,J825_grid500,9,grid_500_7524,municipal_grid,7524,,-22.917141891609788,-43.094982059347,True,671
partial_J825_grid500_R5,J825_grid500,10,grid_500_8461,municipal_grid,8461,,-22.90481546288114,-43.6556789715787,True,249
partial_J825_grid500_R5,J825_grid500,11,grid_500_8744,municipal_grid,8744,,-22.899445386172317,-43.55824565789134,True,493
partial_J825_grid500_R5,J825_grid500,12,grid_500_8814,municipal_grid,8814,,-22.8959840226636,-43.21711340927305,True,954
partial_J825_grid500_R5,J825_grid500,13,grid_500_10343,municipal_grid,10343,,-22.87139295826249,-43.45620560773013,True,244
partial_J825_grid500_R5,J825_grid500,14,grid_500_11214,municipal_grid,11214,,-22.85347087315969,-43.05689669451194,True,207
partial_J825_grid500_R5,J825_grid500,15,grid_500_11414,municipal_grid,11414,,-22.852407617713762,-43.36384591213808,True,458
partial_J825_grid500_R5,J825_grid500,16,grid_500_12805,municipal_grid,12805,,-22.825600847439702,-42.99397411359542,True,222
partial_J825_grid500_R5,J825_grid500,17,grid_500_14337,municipal_grid,14337,,-22.801177128935652,-43.218349376115704,True,168
partial_J825_grid500_R5,J825_grid500,18,grid_500_14564,municipal_grid,14564,,-22.798524984552632,-43.39371201230528,True,317
partial_J825_grid500_R5,J825_grid500,19,grid_500_14584,municipal_grid,14584,,-22.79751403400807,-43.296318665933455,True,282
partial_J825_grid500_R5,J825_grid500,20,grid_500_17561,municipal_grid,17561,,-22.742967785185435,-42.88809671517738,True,113
partial_J825_grid500_R5,J825_grid500,21,grid_500_18233,municipal_grid,18233,,-22.73593727978447,-43.457730982318836,True,332
partial_J825_grid500_R5,J825_grid500,22,grid_500_18253,municipal_grid,18253,,-22.734967955690436,-43.36037890811149,True,125
partial_J825_grid500_R5,J825_grid500,23,grid_500_23267,municipal_grid,23267,,-22.648315305113385,-43.27870599882629,True,110
partial_J825_grid500_R5,J825_grid500,24,grid_500_23287,municipal_grid,23287,,-22.64724088681947,-43.181424799423205,True,113
partial_J825_grid500_R5,J825_grid500,25,grid_500_25819,municipal_grid,25819,,-22.60678483382731,-43.658592735192734,True,76
partial_J825_grid500_R5,J825_grid500,26,grid_500_31965,municipal_grid,31965,,-22.498311114574623,-43.18823764897605,True,255
partial_J825_grid500_R10,J825_grid500,0,grid_500_5908,municipal_grid,5908,,-22.94634412635414,-43.279834465641336,True,2127
partial_J825_grid500_R10,J825_grid500,1,grid_500_6659,municipal_grid,6659,,-22.93469936907355,-43.46523942276579,True,1069
partial_J825_grid500_R10,J825_grid500,2,grid_500_7679,municipal_grid,7679,,-22.918069486347395,-43.62142308193481,True,820
partial_J825_grid500_R10,J825_grid500,3,grid_500_9118,municipal_grid,9118,,-22.889102909893086,-43.01740602751586,True,1076
partial_J825_grid500_R10,J825_grid500,4,grid_500_9604,municipal_grid,9604,,-22.882385541521526,-43.21241803965564,True,2214
partial_J825_grid500_R10,J825_grid500,5,grid_500_10196,municipal_grid,10196,,-22.869417400309626,-42.891018153204115,True,235
partial_J825_grid500_R10,J825_grid500,6,grid_500_14833,municipal_grid,14833,,-22.793712949549143,-43.3645473016605,True,1187
partial_J825_grid500_R10,J825_grid500,7,grid_500_19533,municipal_grid,19533,,-22.714048442700488,-43.53098956033728,True,478
partial_J825_grid500_R10,J825_grid500,8,grid_500_22488,municipal_grid,22488,,-22.66132973015603,-43.22989096531436,True,229
partial_J825_grid500_R10,J825_grid500,9,grid_500_34336,municipal_grid,34336,,-22.457459044648235,-43.16933729215842,True,256
maximal_J300_R5_K39,J300,0,postal_22710,postal_mean,267,22710,-22.934576022997884,-43.37578841332682,True,665
maximal_J300_R5_K39,J300,1,postal_22783,postal_mean,292,22783,-22.984082408782115,-43.44889019919411,True,379
maximal_J300_R5_K39,J300,2,postal_22221,postal_mean,228,22221,-22.928999413639037,-43.18145032839962,True,1384
maximal_J300_R5_K39,J300,3,postal_22450,postal_mean,252,22450,-22.986493696399247,-43.23306806247369,True,600
maximal_J300_R5_K39,J300,4,postal_26600,postal_mean,824,26600,-22.61483382699214,-43.705683375748585,True,73
maximal_J300_R5_K39,J300,5,postal_20950,postal_mean,76,20950,-22.90399569141674,-43.25558609559154,True,1036
maximal_J300_R5_K39,J300,6,postal_21020,postal_mean,86,21020,-22.835828487618876,-43.27614378416555,True,445
maximal_J300_R5_K39,J300,7,postal_28800,postal_mean,827,28800,-22.711927870432564,-42.63004113951235,True,34
maximal_J300_R5_K39,J300,8,postal_22640,postal_mean,265,22640,-23.001267617010637,-43.3355988370672,True,282
maximal_J300_R5_K39,J300,9,postal_24241,postal_mean,409,24241,-22.904219800443407,-43.09158065028214,True,662
maximal_J300_R5_K39,J300,10,postal_28680,postal_mean,825,28680,-22.470849051492323,-42.657121037845286,True,19
maximal_J300_R5_K39,J300,11,postal_21310,postal_mean,116,21310,-22.879083342003987,-43.33935560703397,True,451
maximal_J300_R5_K39,J300,12,postal_25730,postal_mean,633,25730,-22.408608081087024,-43.13140914649253,True,61
maximal_J300_R5_K39,J300,13,postal_25900,postal_mean,638,25900,-22.651419516496585,-43.06655787630402,True,48
maximal_J300_R5_K39,J300,14,postal_23550,postal_mean,362,23550,-22.930711174851965,-43.68946380025854,True,141
maximal_J300_R5_K39,J300,15,postal_24936,postal_mean,530,24936,-22.954278207609654,-42.96711894755224,True,47
maximal_J300_R5_K39,J300,16,postal_25515,postal_mean,593,25515,-22.79765605749528,-43.364274956523175,True,133
maximal_J300_R5_K39,J300,17,postal_25935,postal_mean,658,25935,-22.615933155012947,-43.17975719830376,True,75
maximal_J300_R5_K39,J300,18,postal_24900,postal_mean,511,24900,-22.919618105516072,-42.83978957558533,True,86
maximal_J300_R5_K39,J300,19,postal_25035,postal_mean,542,25035,-22.755338688692213,-43.308531682770784,True,177
maximal_J300_R5_K39,J300,20,postal_25620,postal_mean,614,25620,-22.510230788197468,-43.17544387445511,True,173
maximal_J300_R5_K39,J300,21,postal_26020,postal_mean,672,26020,-22.73307786504663,-43.4496138786291,True,277
maximal_J300_R5_K39,J300,22,postal_26087,postal_mean,698,26087,-22.716288877191023,-43.51530571258531,True,111
maximal_J300_R5_K39,J300,23,postal_21921,postal_mean,203,21921,-22.8083044291334,-43.18564856697721,True,147
maximal_J300_R5_K39,J300,24,postal_24710,postal_mean,461,24710,-22.822624306841355,-43.00309374212156,True,201
maximal_J300_R5_K39,J300,25,postal_25250,postal_mean,577,25250,-22.60728606434383,-43.29857473776487,True,85
maximal_J300_R5_K39,J300,26,postal_26130,postal_mean,708,26130,-22.76452043290213,-43.40324268558952,True,204
maximal_J300_R5_K39,J300,27,postal_21620,postal_mean,148,21620,-22.839350559609453,-43.40486056012263,True,178
maximal_J300_R5_K39,J300,28,postal_26290,postal_mean,758,26290,-22.7692389862532,-43.52530849381608,True,95
maximal_J300_R5_K39,J300,29,postal_21715,postal_mean,161,21715,-22.87947674705333,-43.44026398123803,True,193
maximal_J300_R5_K39,J300,30,postal_23032,postal_mean,310,23032,-22.972563998366837,-43.64295047031437,True,95
maximal_J300_R5_K39,J300,31,postal_24355,postal_mean,422,24355,-22.9411555966564,-43.043134176624925,True,135
maximal_J300_R5_K39,J300,32,postal_25946,postal_mean,665,25946,-22.527718078493137,-42.97826627951071,True,21
maximal_J300_R5_K39,J300,33,postal_23010,postal_mean,297,23010,-22.885872200386764,-43.51372891804045,True,205
maximal_J300_R5_K39,J300,34,postal_23058,postal_mean,323,23058,-22.914787266177115,-43.59078039553711,True,458
maximal_J300_R5_K39,J300,35,postal_23810,postal_mean,373,23810,-22.87093410934107,-43.76901268302672,True,48
maximal_J300_R5_K39,J300,36,postal_24436,postal_mean,441,24436,-22.82124753376768,-43.066948767903845,True,144
maximal_J300_R5_K39,J300,37,postal_24756,postal_mean,493,24756,-22.88593339499682,-43.011983104667294,True,67
maximal_J300_R5_K39,J300,38,postal_24800,postal_mean,494,24800,-22.74248129310771,-42.85721075258665,True,56
maximal_J300_R10_K14,J300,0,postal_22775,postal_mean,289,22775,-22.969148201152677,-43.38306523796816,True,1450
maximal_J300_R10_K14,J300,1,postal_22290,postal_mean,242,22290,-22.954428429403357,-43.17707420858368,True,2876
maximal_J300_R10_K14,J300,2,postal_21021,postal_mean,87,21021,-22.84207289300327,-43.265065434319375,True,1346
maximal_J300_R10_K14,J300,3,postal_26525,postal_mean,801,26525,-22.805706631753832,-43.42307905240664,True,864
maximal_J300_R10_K14,J300,4,postal_23040,postal_mean,314,23040,-22.9331056624521,-43.55411381012552,True,649
maximal_J300_R10_K14,J300,5,postal_23560,postal_mean,364,23560,-22.898979722466947,-43.69930833968601,True,323
maximal_J300_R10_K14,J300,6,postal_25710,postal_mean,629,25710,-22.475562635890437,-43.148370152985294,True,249
maximal_J300_R10_K14,J300,7,postal_24900,postal_mean,511,24900,-22.919618105516072,-42.83978957558533,True,102
maximal_J300_R10_K14,J300,8,postal_25035,postal_mean,542,25035,-22.755338688692213,-43.308531682770784,True,245
maximal_J300_R10_K14,J300,9,postal_26087,postal_mean,698,26087,-22.716288877191023,-43.51530571258531,True,401
maximal_J300_R10_K14,J300,10,postal_25250,postal_mean,577,25250,-22.60728606434383,-43.29857473776487,True,86
maximal_J300_R10_K14,J300,11,postal_25931,postal_mean,655,25931,-22.615268497162027,-43.171211569125255,True,128
maximal_J300_R10_K14,J300,12,postal_24756,postal_mean,493,24756,-22.88593339499682,-43.011983104667294,True,862
maximal_J300_R10_K14,J300,13,postal_24800,postal_mean,494,24800,-22.74248129310771,-42.85721075258665,True,110
maximal_J828_R3_K63,J828,0,postal_20211,postal_mean,19,20211,-22.91148503866567,-43.19844247973102,True,667
maximal_J828_R3_K63,J828,1,postal_20560,postal_mean,43,20560,-22.91863600041784,-43.25724486396328,True,616
maximal_J828_R3_K63,J828,2,postal_20755,postal_mean,55,20755,-22.888719129958837,-43.29710870135924,True,330
maximal_J828_R3_K63,J828,3,postal_20911,postal_mean,67,20911,-22.89314885311464,-43.242201014642525,True,112
maximal_J828_R3_K63,J828,4,postal_21030,postal_mean,88,21030,-22.850002554499312,-43.263354020176415,True,210
maximal_J828_R3_K63,J828,5,postal_21250,postal_mean,115,21250,-22.824619091439565,-43.30674667488387,True,242
maximal_J828_R3_K63,J828,6,postal_21351,postal_mean,125,21351,-22.87044820264357,-43.34296526816304,True,273
maximal_J828_R3_K63,J828,7,postal_21665,postal_mean,157,21665,-22.83427156601059,-43.377978641515625,True,105
maximal_J828_R3_K63,J828,8,postal_21745,postal_mean,169,21745,-22.879549301241177,-43.41011862496182,True,96
maximal_J828_R3_K63,J828,9,postal_21833,postal_mean,184,21833,-22.8814818751053,-43.49448328547964,True,80
maximal_J828_R3_K63,J828,10,postal_21875,postal_mean,199,21875,-22.873409010490445,-43.4537411569272,True,111
maximal_J828_R3_K63,J828,11,postal_21921,postal_mean,203,21921,-22.8083044291334,-43.18564856697721,True,147
maximal_J828_R3_K63,J828,12,postal_22280,postal_mean,240,22280,-22.95440868548141,-43.185650031057385,True,899
maximal_J828_R3_K63,J828,13,postal_22430,postal_mean,248,22430,-22.98210232841188,-43.22013314970181,True,457
maximal_J828_R3_K63,J828,14,postal_22610,postal_mean,259,22610,-22.99599813649958,-43.261663703422506,True,37
maximal_J828_R3_K63,J828,15,postal_22640,postal_mean,265,22640,-23.001267617010637,-43.3355988370672,True,228
maximal_J828_R3_K63,J828,16,postal_22725,postal_mean,273,22725,-22.91150171276762,-43.37652610722419,True,312
maximal_J828_R3_K63,J828,17,postal_22755,postal_mean,282,22755,-22.947502549436848,-43.33814210193203,True,298
maximal_J828_R3_K63,J828,18,postal_22780,postal_mean,291,22780,-22.962843790439337,-43.40116578306731,True,166
maximal_J828_R3_K63,J828,19,postal_22783,postal_mean,292,22783,-22.984082408782115,-43.44889019919411,True,59
maximal_J828_R3_K63,J828,20,postal_22793,postal_mean,295,22793,-23.00061899109568,-43.40471828456725,True,116
maximal_J828_R3_K63,J828,21,postal_22795,postal_mean,296,22795,-23.020470737334893,-43.46265642068304,True,204
maximal_J828_R3_K63,J828,22,postal_23026,postal_mean,305,23026,-22.99073734829478,-43.63045092144838,True,23
maximal_J828_R3_K63,J828,23,postal_23035,postal_mean,312,23035,-22.945894102935657,-43.594457021538446,True,67
maximal_J828_R3_K63,J828,24,postal_23052,postal_mean,319,23052,-22.906619343447986,-43.55224985960651,True,182
maximal_J828_R3_K63,J828,25,postal_23060,postal_mean,325,23060,-22.896089584185965,-43.59889671190928,True,232
maximal_J828_R3_K63,J828,26,postal_23092,postal_mean,347,23092,-22.87085601200714,-43.54384874896292,True,119
maximal_J828_R3_K63,J828,27,postal_23530,postal_mean,357,23530,-22.97383432126233,-43.6810761924786,True,54
maximal_J828_R3_K63,J828,28,postal_23555,postal_mean,363,23555,-22.91750488776345,-43.69308722014739,True,49
maximal_J828_R3_K63,J828,29,postal_23573,postal_mean,367,23573,-22.913149027532867,-43.65356967363749,True,119
maximal_J828_R3_K63,J828,30,postal_23820,postal_mean,377,23820,-22.862780471644363,-43.78526762819197,True,46
maximal_J828_R3_K63,J828,31,postal_24060,postal_mean,396,24060,-22.88593419631651,-43.1106543708203,True,552
maximal_J828_R3_K63,J828,32,postal_24315,postal_mean,411,24315,-22.901684792085454,-43.06891496088816,True,120
maximal_J828_R3_K63,J828,33,postal_24355,postal_mean,422,24355,-22.9411555966564,-43.043134176624925,True,135
maximal_J828_R3_K63,J828,34,postal_24416,postal_mean,431,24416,-22.840098124434224,-43.06778333387412,True,123
maximal_J828_R3_K63,J828,35,postal_24451,postal_mean,445,24451,-22.829351276710405,-43.01399541493803,True,141
maximal_J828_R3_K63,J828,36,postal_24470,postal_mean,455,24470,-22.79629033350867,-43.04531393855412,True,31
maximal_J828_R3_K63,J828,37,postal_24725,postal_mean,471,24725,-22.811456217228336,-42.97220863173352,True,66
maximal_J828_R3_K63,J828,38,postal_24756,postal_mean,493,24756,-22.88593339499682,-43.011983104667294,True,50
maximal_J828_R3_K63,J828,39,postal_24804,postal_mean,497,24804,-22.747090526611107,-42.84342210737453,True,47
maximal_J828_R3_K63,J828,40,postal_24902,postal_mean,513,24902,-22.92700535031622,-42.8293157127626,True,62
maximal_J828_R3_K63,J828,41,postal_24934,postal_mean,528,24934,-22.946221164792775,-42.88645951724069,True,40
maximal_J828_R3_K63,J828,42,postal_24936,postal_mean,530,24936,-22.954278207609654,-42.96711894755224,True,31
maximal_J828_R3_K63,J828,43,postal_25046,postal_mean,548,25046,-22.72351123290818,-43.32148642883789,True,60
maximal_J828_R3_K63,J828,44,postal_25075,postal_mean,556,25075,-22.77412502707916,-43.29092658055662,True,94
maximal_J828_R3_K63,J828,45,postal_25215,postal_mean,564,25215,-22.682590790490558,-43.27404135699872,True,43
maximal_J828_R3_K63,J828,46,postal_25261,postal_mean,582,25261,-22.64530376193324,-43.26203372616665,True,75
maximal_J828_R3_K63,J828,47,postal_25565,postal_mean,604,25565,-22.78315358395092,-43.35979003562612,True,112
maximal_J828_R3_K63,J828,48,postal_25615,postal_mean,613,25615,-22.496114223843747,-43.15620443994322,True,47
maximal_J828_R3_K63,J828,49,postal_25655,postal_mean,622,25655,-22.52044984882392,-43.19101234595281,True,126
maximal_J828_R3_K63,J828,50,postal_25730,postal_mean,633,25730,-22.408608081087024,-43.13140914649253,True,61
maximal_J828_R3_K63,J828,51,postal_25904,postal_mean,642,25904,-22.65181465633809,-43.05361261025339,True,68
maximal_J828_R3_K63,J828,52,postal_25935,postal_mean,658,25935,-22.615933155012947,-43.17975719830376,True,58
maximal_J828_R3_K63,J828,53,postal_26010,postal_mean,667,26010,-22.7551063244127,-43.42858334530357,True,170
maximal_J828_R3_K63,J828,54,postal_26040,postal_mean,681,26040,-22.715476981048564,-43.45497446506072,True,101
maximal_J828_R3_K63,J828,55,postal_26086,postal_mean,697,26086,-22.727495091333505,-43.52334987524174,True,50
maximal_J828_R3_K63,J828,56,postal_26167,postal_mean,716,26167,-22.73381526820578,-43.37869831571142,True,46
maximal_J828_R3_K63,J828,57,postal_26263,postal_mean,742,26263,-22.7511163216362,-43.4803664070067,True,128
maximal_J828_R3_K63,J828,58,postal_26291,postal_mean,759,26291,-22.775922205954583,-43.53552518598715,True,37
maximal_J828_R3_K63,J828,59,postal_26321,postal_mean,772,26321,-22.7081915940706,-43.57351771589113,True,90
maximal_J828_R3_K63,J828,60,postal_26535,postal_mean,804,26535,-22.799760130437143,-43.41047447797409,True,167
maximal_J828_R3_K63,J828,61,postal_26600,postal_mean,824,26600,-22.61483382699214,-43.705683375748585,True,51
maximal_J828_R3_K63,J828,62,postal_28800,postal_mean,827,28800,-22.711927870432564,-42.63004113951235,True,53
existence_J825_R3_K300,J825,0,postal_20051,postal_mean,9,20051,-22.90306310094257,-43.18298926875737,True,48
existence_J825_R3_K300,J825,1,postal_20060,postal_mean,10,20060,-22.90742646003482,-43.22111290328188,True,35
existence_J825_R3_K300,J825,2,postal_20071,postal_mean,13,20071,-22.902076954244112,-43.18149783382578,True,165
existence_J825_R3_K300,J825,3,postal_20211,postal_mean,19,20211,-22.91148503866567,-43.19844247973102,True,40
existence_J825_R3_K300,J825,4,postal_20220,postal_mean,20,20220,-22.899829533909223,-43.20080433539784,True,22
existence_J825_R3_K300,J825,5,postal_20230,postal_mean,22,20230,-22.91285701073433,-43.18834911843799,True,59
existence_J825_R3_K300,J825,6,postal_20231,postal_mean,23,20231,-22.91259168660638,-43.18629265033459,True,36
existence_J825_R3_K300,J825,7,postal_20241,postal_mean,25,20241,-22.92200642517056,-43.18565741850953,True,31
existence_J825_R3_K300,J825,8,postal_20250,postal_mean,26,20250,-22.919337655136697,-43.21247470976231,True,101
existence_J825_R3_K300,J825,9,postal_20270,postal_mean,30,20270,-22.916244564738715,-43.21795033526529,True,83
existence_J825_R3_K300,J825,10,postal_20511,postal_mean,33,20511,-22.9284131316606,-43.240538180114825,True,117
existence_J825_R3_K300,J825,11,postal_20520,postal_mean,34,20520,-22.926258825257275,-43.231846424609145,True,177
existence_J825_R3_K300,J825,12,postal_20531,postal_mean,37,20531,-22.958246852875916,-43.27033293203977,True,8
existence_J825_R3_K300,J825,13,postal_20535,postal_mean,38,20535,-22.877802617547648,-43.27309285397244,True,75
existence_J825_R3_K300,J825,14,postal_20540,postal_mean,39,20540,-22.92255591041081,-43.243901231317686,True,244
existence_J825_R3_K300,J825,15,postal_20561,postal_mean,44,20561,-22.923671061855,-43.27951061325535,True,44
existence_J825_R3_K300,J825,16,postal_20730,postal_mean,49,20730,-22.902290913852568,-43.29839517326879,True,141
existence_J825_R3_K300,J825,17,postal_20750,postal_mean,53,20750,-22.87518071840644,-43.30082797736797,True,18
existence_J825_R3_K300,J825,18,postal_20760,postal_mean,57,20760,-22.879177245162506,-43.28592690942743,True,80
existence_J825_R3_K300,J825,19,postal_20761,postal_mean,58,20761,-22.870098149013963,-43.2972179170696,True,1
existence_J825_R3_K300,J825,20,postal_20911,postal_mean,67,20911,-22.89314885311464,-43.242201014642525,True,54
existence_J825_R3_K300,J825,21,postal_20930,postal_mean,70,20930,-22.889979653251217,-43.22883289161473,True,41
existence_J825_R3_K300,J825,22,postal_20943,postal_mean,75,20943,-22.907619844963776,-43.23590445490212,True,14
existence_J825_R3_K300,J825,23,postal_21010,postal_mean,83,21010,-22.82383918425472,-43.3063018523626,True,7
existence_J825_R3_K300,J825,24,postal_21012,postal_mean,85,21012,-22.835042850775064,-43.31263647240438,True,42
existence_J825_R3_K300,J825,25,postal_21020,postal_mean,86,21020,-22.835828487618876,-43.27614378416555,True,42
existence_J825_R3_K300,J825,26,postal_21021,postal_mean,87,21021,-22.84207289300327,-43.265065434319375,True,92
existence_J825_R3_K300,J825,27,postal_21061,postal_mean,100,21061,-22.866391297064204,-43.27158801093624,True,71
existence_J825_R3_K300,J825,28,postal_21071,postal_mean,102,21071,-22.860726267312923,-43.28764650581979,True,9
existence_J825_R3_K300,J825,29,postal_21215,postal_mean,106,21215,-22.833788776762518,-43.29604433389999,True,51
existence_J825_R3_K300,J825,30,postal_21230,postal_mean,109,21230,-22.82666297562433,-43.3225314634884,True,56
existence_J825_R3_K300,J825,31,postal_21235,postal_mean,111,21235,-22.83791177652518,-43.322271046058205,True,69
existence_J825_R3_K300,J825,32,postal_21241,postal_mean,114,21241,-22.81349696231808,-43.30803677134236,True,4
existence_J825_R3_K300,J825,33,postal_21250,postal_mean,115,21250,-22.824619091439565,-43.30674667488387,True,22
existence_J825_R3_K300,J825,34,postal_21321,postal_mean,119,21321,-22.89512617328995,-43.357502145957,True,91
existence_J825_R3_K300,J825,35,postal_21340,postal_mean,122,21340,-22.871018134717986,-43.35684491471535,True,120
existence_J825_R3_K300,J825,36,postal_21350,postal_mean,124,21350,-22.87793235260004,-43.33016620442746,True,30
existence_J825_R3_K300,J825,37,postal_21351,postal_mean,125,21351,-22.87044820264357,-43.34296526816304,True,10
existence_J825_R3_K300,J825,38,postal_21360,postal_mean,126,21360,-22.866945338258187,-43.33478170506691,True,20
existence_J825_R3_K300,J825,39,postal_21380,postal_mean,130,21380,-22.88331793518069,-43.31951190668025,True,46
existence_J825_R3_K300,J825,40,postal_21381,postal_mean,131,21381,-22.87907528708003,-43.314672063074205,True,22
existence_J825_R3_K300,J825,41,postal_21510,postal_mean,132,21510,-22.84251003329592,-43.35349069066133,True,36
existence_J825_R3_K300,J825,42,postal_21530,postal_mean,137,21530,-22.828811915352887,-43.346307609440586,True,9
existence_J825_R3_K300,J825,43,postal_21557,postal_mean,144,21557,-22.85620371453252,-43.37495578967732,True,36
existence_J825_R3_K300,J825,44,postal_21635,postal_mean,151,21635,-22.83290297152516,-43.41230278119793,True,30
existence_J825_R3_K300,J825,45,postal_21645,postal_mean,153,21645,-22.821385636314904,-43.39760318048674,True,4
existence_J825_R3_K300,J825,46,postal_21660,postal_mean,156,21660,-22.839960552960555,-43.37703910572291,True,7
existence_J825_R3_K300,J825,47,postal_21665,postal_mean,157,21665,-22.83427156601059,-43.377978641515625,True,3
existence_J825_R3_K300,J825,48,postal_21670,postal_mean,158,21670,-22.84984365215036,-43.3808702413711,True,41
existence_J825_R3_K300,J825,49,postal_21745,postal_mean,169,21745,-22.879549301241177,-43.41011862496182,True,35
existence_J825_R3_K300,J825,50,postal_21755,postal_mean,172,21755,-22.88385334415563,-43.41913635549757,True,51
existence_J825_R3_K300,J825,51,postal_21820,postal_mean,179,21820,-22.88188843504765,-43.46899760400734,True,24
existence_J825_R3_K300,J825,52,postal_21830,postal_mean,181,21830,-22.880118655848957,-43.483604754804006,True,27
existence_J825_R3_K300,J825,53,postal_21831,postal_mean,182,21831,-22.88976260419128,-43.48390785134509,True,7
existence_J825_R3_K300,J825,54,postal_21832,postal_mean,183,21832,-22.894998640111965,-43.490836960215546,True,9
existence_J825_R3_K300,J825,55,postal_21854,postal_mean,191,21854,-22.845556518964184,-43.49501645648064,True,14
existence_J825_R3_K300,J825,56,postal_21864,postal_mean,195,21864,-22.853845962536496,-43.46103565025077,True,31
existence_J825_R3_K300,J825,57,postal_21870,postal_mean,198,21870,-22.871019283986563,-43.45851442872575,True,62
existence_J825_R3_K300,J825,58,postal_21911,postal_mean,201,21911,-22.7900819429952,-43.17257319356364,True,49
existence_J825_R3_K300,J825,59,postal_21930,postal_mean,204,21930,-22.819481062981133,-43.1783585853495,True,94
existence_J825_R3_K300,J825,60,postal_21932,postal_mean,206,21932,-22.80486286271774,-43.22572822631956,True,4
existence_J825_R3_K300,J825,61,postal_22010,postal_mean,209,22010,-22.96271293881479,-43.1708107829536,True,99
existence_J825_R3_K300,J825,62,postal_22041,postal_mean,216,22041,-22.96767360462037,-43.19002828343284,True,140
existence_J825_R3_K300,J825,63,postal_22070,postal_mean,221,22070,-22.980688017563597,-43.18955936508214,True,183
existence_J825_R3_K300,J825,64,postal_22211,postal_mean,226,22211,-22.923384297280904,-43.179530436549925,True,4
existence_J825_R3_K300,J825,65,postal_22220,postal_mean,227,22220,-22.92956446372173,-43.17684636890966,True,60
existence_J825_R3_K300,J825,66,postal_22221,postal_mean,228,22221,-22.928999413639037,-43.18145032839962,True,43
existence_J825_R3_K300,J825,67,postal_22231,postal_mean,230,22231,-22.93615390975268,-43.18183226783302,True,239
existence_J825_R3_K300,J825,68,postal_22271,postal_mean,239,22271,-22.95610379641452,-43.19395105535185,True,62
existence_J825_R3_K300,J825,69,postal_22280,postal_mean,240,22280,-22.95440868548141,-43.185650031057385,True,158
existence_J825_R3_K300,J825,70,postal_22290,postal_mean,242,22290,-22.954428429403357,-43.17707420858368,True,56
existence_J825_R3_K300,J825,71,postal_22430,postal_mean,248,22430,-22.98210232841188,-43.22013314970181,True,106
existence_J825_R3_K300,J825,72,postal_22431,postal_mean,249,22431,-22.98284371340203,-43.22474000720175,True,78
existence_J825_R3_K300,J825,73,postal_22441,postal_mean,251,22441,-22.98416017609255,-43.22495474880264,True,65
existence_J825_R3_K300,J825,74,postal_22452,postal_mean,254,22452,-22.952645498107493,-43.30267070542142,True,2
existence_J825_R3_K300,J825,75,postal_22460,postal_mean,255,22460,-22.96483495864169,-43.22490223070295,True,15
existence_J825_R3_K300,J825,76,postal_22461,postal_mean,256,22461,-22.96134503409605,-43.21364138805082,True,32
existence_J825_R3_K300,J825,77,postal_22470,postal_mean,257,22470,-22.96550432697566,-43.21544841322038,True,35
existence_J825_R3_K300,J825,78,postal_22471,postal_mean,258,22471,-22.967625971408516,-43.203212882392485,True,28
existence_J825_R3_K300,J825,79,postal_22610,postal_mean,259,22610,-22.99599813649958,-43.261663703422506,True,29
existence_J825_R3_K300,J825,80,postal_22611,postal_mean,260,22611,-23.008068841447862,-43.29861176534447,True,41
existence_J825_R3_K300,J825,81,postal_22640,postal_mean,265,22640,-23.001267617010637,-43.3355988370672,True,187
existence_J825_R3_K300,J825,82,postal_22713,postal_mean,269,22713,-22.930174584016687,-43.39608391214564,True,71
existence_J825_R3_K300,J825,83,postal_22715,postal_mean,270,22715,-22.923355641776094,-43.383046917508274,True,86
existence_J825_R3_K300,J825,84,postal_22730,postal_mean,274,22730,-22.920002522357752,-43.3695754073506,True,80
existence_J825_R3_K300,J825,85,postal_22743,postal_mean,278,22743,-22.930174278267923,-43.34644038809006,True,48
existence_J825_R3_K300,J825,86,postal_22755,postal_mean,282,22755,-22.947502549436848,-43.33814210193203,True,120
existence_J825_R3_K300,J825,87,postal_22760,postal_mean,283,22760,-22.938856559491374,-43.34583380346626,True,47
existence_J825_R3_K300,J825,88,postal_22772,postal_mean,287,22772,-22.95005017710918,-43.36084751104725,True,81
existence_J825_R3_K300,J825,89,postal_22775,postal_mean,289,22775,-22.969148201152677,-43.38306523796816,True,166
existence_J825_R3_K300,J825,90,postal_22783,postal_mean,292,22783,-22.984082408782115,-43.44889019919411,True,44
existence_J825_R3_K300,J825,91,postal_22785,postal_mean,293,22785,-22.979900329721087,-43.49176475913368,True,15
existence_J825_R3_K300,J825,92,postal_22793,postal_mean,295,22793,-23.00061899109568,-43.40471828456725,True,116
existence_J825_R3_K300,J825,93,postal_22795,postal_mean,296,22795,-23.020470737334893,-43.46265642068304,True,204
existence_J825_R3_K300,J825,94,postal_23013,postal_mean,299,23013,-22.90125781010044,-43.541434503067336,True,71
existence_J825_R3_K300,J825,95,postal_23020,postal_mean,303,23020,-23.0049905225767,-43.54784520457546,True,17
existence_J825_R3_K300,J825,96,postal_23026,postal_mean,305,23026,-22.99073734829478,-43.63045092144838,True,12
existence_J825_R3_K300,J825,97,postal_23030,postal_mean,308,23030,-22.96669955681108,-43.6017686687425,True,12
existence_J825_R3_K300,J825,98,postal_23031,postal_mean,309,23031,-22.964378631240205,-43.61186736926677,True,14
existence_J825_R3_K300,J825,99,postal_23032,postal_mean,310,23032,-22.972563998366837,-43.64295047031437,True,18
existence_J825_R3_K300,J825,100,postal_23036,postal_mean,313,23036,-22.937899966329617,-43.578646142633474,True,57
existence_J825_R3_K300,J825,101,postal_23060,postal_mean,325,23060,-22.896089584185965,-43.59889671190928,True,32
existence_J825_R3_K300,J825,102,postal_23062,postal_mean,327,23062,-22.90265768897671,-43.59917193270753,True,41
existence_J825_R3_K300,J825,103,postal_23063,postal_mean,328,23063,-22.897521961702388,-43.591752252623216,True,21
existence_J825_R3_K300,J825,104,postal_23065,postal_mean,330,23065,-22.88293828358117,-43.625086210988606,True,9
existence_J825_R3_K300,J825,105,postal_23066,postal_mean,331,23066,-22.888192458215805,-43.62473650428692,True,15
existence_J825_R3_K300,J825,106,postal_23067,postal_mean,332,23067,-22.88243614479021,-43.61658346798473,True,2
existence_J825_R3_K300,J825,107,postal_23070,postal_mean,334,23070,-22.896407842881192,-43.57751001381104,True,93
existence_J825_R3_K300,J825,108,postal_23071,postal_mean,335,23071,-22.888368672611158,-43.58090949448299,True,24
existence_J825_R3_K300,J825,109,postal_23075,postal_mean,337,23075,-22.877775179542617,-43.57771051289783,True,61
existence_J825_R3_K300,J825,110,postal_23078,postal_mean,339,23078,-22.87216705136316,-43.58925307377246,True,12
existence_J825_R3_K300,J825,111,postal_23092,postal_mean,347,23092,-22.87085601200714,-43.54384874896292,True,58
existence_J825_R3_K300,J825,112,postal_23093,postal_mean,348,23093,-22.87751529574331,-43.53029348075376,True,37
existence_J825_R3_K300,J825,113,postal_23515,postal_mean,354,23515,-22.92368923724333,-43.68292592394352,True,13
existence_J825_R3_K300,J825,114,postal_23525,postal_mean,356,23525,-22.94503552262656,-43.67692431410214,True,32
existence_J825_R3_K300,J825,115,postal_23530,postal_mean,357,23530,-22.97383432126233,-43.6810761924786,True,42
existence_J825_R3_K300,J825,116,postal_23550,postal_mean,362,23550,-22.930711174851965,-43.68946380025854,True,16
existence_J825_R3_K300,J825,117,postal_23555,postal_mean,363,23555,-22.91750488776345,-43.69308722014739,True,27
existence_J825_R3_K300,J825,118,postal_23573,postal_mean,367,23573,-22.913149027532867,-43.65356967363749,True,5
existence_J825_R3_K300,J825,119,postal_23575,postal_mean,368,23575,-22.89798974016889,-43.6685591848473,True,28
existence_J825_R3_K300,J825,120,postal_23587,postal_mean,371,23587,-22.922380751135307,-43.629510536912335,True,58
existence_J825_R3_K300,J825,121,postal_23595,postal_mean,372,23595,-22.92668402323646,-43.62933031069839,True,14
existence_J825_R3_K300,J825,122,postal_23825,postal_mean,380,23825,-22.885828313712477,-43.82785584819327,True,8
existence_J825_R3_K300,J825,123,postal_23831,postal_mean,383,23831,-22.876635031970025,-43.80985126698182,True,5
existence_J825_R3_K300,J825,124,postal_23832,postal_mean,384,23832,-22.85534509298971,-43.76583456328473,True,11
existence_J825_R3_K300,J825,125,postal_23855,postal_mean,385,23855,-22.86387076999147,-43.7592342671893,True,22
existence_J825_R3_K300,J825,126,postal_23893,postal_mean,387,23893,-22.71072154468618,-43.69140232860298,True,2
existence_J825_R3_K300,J825,127,postal_23894,postal_mean,388,23894,-22.74100679492528,-43.6998298199384,True,9
existence_J825_R3_K300,J825,128,postal_23895,postal_mean,389,23895,-22.746274001626645,-43.708503424610186,True,9
existence_J825_R3_K300,J825,129,postal_23898,postal_mean,391,23898,-22.80791081625367,-43.644304412473865,True,13
existence_J825_R3_K300,J825,130,postal_24020,postal_mean,392,24020,-22.893701145563103,-43.12041784927668,True,81
existence_J825_R3_K300,J825,131,postal_24110,postal_mean,398,24110,-22.867915276400392,-43.09960548772942,True,49
existence_J825_R3_K300,J825,132,postal_24130,postal_mean,402,24130,-22.87922689320265,-43.09157186572144,True,62
existence_J825_R3_K300,J825,133,postal_24210,postal_mean,405,24210,-22.9019529825833,-43.12388455257632,True,69
existence_J825_R3_K300,J825,134,postal_24220,postal_mean,406,24220,-22.90324481661885,-43.107023598220486,True,347
existence_J825_R3_K300,J825,135,postal_24315,postal_mean,411,24315,-22.901684792085454,-43.06891496088816,True,33
existence_J825_R3_K300,J825,136,postal_24320,postal_mean,412,24320,-22.902823180776025,-43.05085812937721,True,21
existence_J825_R3_K300,J825,137,postal_24322,postal_mean,413,24322,-22.89632305663318,-43.03845772727727,True,18
existence_J825_R3_K300,J825,138,postal_24330,postal_mean,415,24330,-22.901199547746405,-42.991174595669065,True,25
existence_J825_R3_K300,J825,139,postal_24344,postal_mean,418,24344,-22.93685983573083,-43.01491522990823,True,31
existence_J825_R3_K300,J825,140,postal_24346,postal_mean,419,24346,-22.94923036239725,-43.02805520804324,True,48
existence_J825_R3_K300,J825,141,postal_24350,postal_mean,421,24350,-22.94061686421916,-43.06545401112341,True,36
existence_J825_R3_K300,J825,142,postal_24358,postal_mean,423,24358,-22.954105582144187,-43.0680054361715,True,20
existence_J825_R3_K300,J825,143,postal_24410,postal_mean,427,24410,-22.859653314312613,-43.08078230203989,True,8
existence_J825_R3_K300,J825,144,postal_24417,postal_mean,432,24417,-22.845410939224823,-43.05013967578183,True,4
existence_J825_R3_K300,J825,145,postal_24426,postal_mean,437,24426,-22.840411171156656,-43.08660279046403,True,20
existence_J825_R3_K300,J825,146,postal_24430,postal_mean,438,24430,-22.830092235510783,-43.0856527985238,True,6
existence_J825_R3_K300,J825,147,postal_24431,postal_mean,439,24431,-22.828438640757533,-43.08064705902956,True,18
existence_J825_R3_K300,J825,148,postal_24435,postal_mean,440,24435,-22.827481947170185,-43.0698152344756,True,26
existence_J825_R3_K300,J825,149,postal_24436,postal_mean,441,24436,-22.82124753376768,-43.066948767903845,True,28
existence_J825_R3_K300,J825,150,postal_24445,postal_mean,443,24445,-22.81926169355244,-43.03476520349312,True,53
existence_J825_R3_K300,J825,151,postal_24461,postal_mean,451,24461,-22.803350481704697,-43.0358182822438,True,14
existence_J825_R3_K300,J825,152,postal_24466,postal_mean,453,24466,-22.811123478295585,-43.06236954792932,True,10
existence_J825_R3_K300,J825,153,postal_24473,postal_mean,458,24473,-22.787988229533347,-43.03235624966042,True,7
existence_J825_R3_K300,J825,154,postal_24710,postal_mean,461,24710,-22.822624306841355,-43.00309374212156,True,63
existence_J825_R3_K300,J825,155,postal_24715,postal_mean,463,24715,-22.80276772976624,-42.99028180866455,True,26
existence_J825_R3_K300,J825,156,postal_24723,postal_mean,469,24723,-22.81762359087853,-42.94676360586466,True,5
existence_J825_R3_K300,J825,157,postal_24724,postal_mean,470,24724,-22.805769003517707,-42.95726724972363,True,14
existence_J825_R3_K300,J825,158,postal_24737,postal_mean,479,24737,-22.84162388029282,-42.96231323222136,True,8
existence_J825_R3_K300,J825,159,postal_24746,postal_mean,486,24746,-22.83906700788218,-42.98789279135017,True,21
existence_J825_R3_K300,J825,160,postal_24750,postal_mean,487,24750,-22.854636691924167,-43.02258437303882,True,38
existence_J825_R3_K300,J825,161,postal_24800,postal_mean,494,24800,-22.74248129310771,-42.85721075258665,True,22
existence_J825_R3_K300,J825,162,postal_24801,postal_mean,495,24801,-22.7395793666599,-42.84701335677763,True,4
existence_J825_R3_K300,J825,163,postal_24804,postal_mean,497,24804,-22.747090526611107,-42.84342210737453,True,3
existence_J825_R3_K300,J825,164,postal_24812,postal_mean,500,24812,-22.75019628085652,-42.87187716603211,True,7
existence_J825_R3_K300,J825,165,postal_24846,postal_mean,503,24846,-22.71538558398837,-42.80638584132024,True,2
existence_J825_R3_K300,J825,166,postal_24855,postal_mean,504,24855,-22.773459679480904,-42.91565441771825,True,3
existence_J825_R3_K300,J825,167,postal_24856,postal_mean,505,24856,-22.75807913856637,-42.91063311206234,True,1
existence_J825_R3_K300,J825,168,postal_24858,postal_mean,506,24858,-22.77209935726771,-42.92264307986124,True,6
existence_J825_R3_K300,J825,169,postal_24859,postal_mean,507,24859,-22.77340230558587,-42.90984766620826,True,2
existence_J825_R3_K300,J825,170,postal_24866,postal_mean,508,24866,-22.73373117887529,-42.93276530734327,True,2
existence_J825_R3_K300,J825,171,postal_24876,postal_mean,509,24876,-22.7125342435385,-42.89540473111652,True,4
existence_J825_R3_K300,J825,172,postal_24890,postal_mean,510,24890,-22.73521870942802,-42.727847609078914,True,6
existence_J825_R3_K300,J825,173,postal_24912,postal_mean,518,24912,-22.911125479829508,-42.83377563947568,True,16
existence_J825_R3_K300,J825,174,postal_24913,postal_mean,519,24913,-22.91428296653683,-42.83456332388645,True,38
existence_J825_R3_K300,J825,175,postal_24916,postal_mean,522,24916,-22.94457633335577,-42.82844129113664,True,6
existence_J825_R3_K300,J825,176,postal_24922,postal_mean,524,24922,-22.94856570290517,-42.70343236618995,True,2
existence_J825_R3_K300,J825,177,postal_24931,postal_mean,526,24931,-22.93464894999394,-42.88228044187334,True,13
existence_J825_R3_K300,J825,178,postal_24933,postal_mean,527,24933,-22.9565929719624,-42.88349437707549,True,8
existence_J825_R3_K300,J825,179,postal_24934,postal_mean,528,24934,-22.946221164792775,-42.88645951724069,True,3
existence_J825_R3_K300,J825,180,postal_24936,postal_mean,530,24936,-22.954278207609654,-42.96711894755224,True,22
existence_J825_R3_K300,J825,181,postal_24937,postal_mean,531,24937,-22.95115200845083,-42.99376127553226,True,2
existence_J825_R3_K300,J825,182,postal_24942,postal_mean,534,24942,-22.93102569180272,-42.92272114486791,True,13
existence_J825_R3_K300,J825,183,postal_24943,postal_mean,535,24943,-22.909483056983007,-42.92582680004856,True,10
existence_J825_R3_K300,J825,184,postal_25010,postal_mean,537,25010,-22.79046925687479,-43.31481452785819,True,17
existence_J825_R3_K300,J825,185,postal_25035,postal_mean,542,25035,-22.755338688692213,-43.308531682770784,True,19
existence_J825_R3_K300,J825,186,postal_25041,postal_mean,545,25041,-22.73578083363829,-43.31812761723224,True,26
existence_J825_R3_K300,J825,187,postal_25051,postal_mean,550,25051,-22.761267896992525,-43.29298558604593,True,5
existence_J825_R3_K300,J825,188,postal_25060,postal_mean,552,25060,-22.76405759011258,-43.30041310063685,True,13
existence_J825_R3_K300,J825,189,postal_25071,postal_mean,555,25071,-22.78540692093292,-43.301837011358415,True,23
existence_J825_R3_K300,J825,190,postal_25080,postal_mean,557,25080,-22.759685746162333,-43.29297061113347,True,21
existence_J825_R3_K300,J825,191,postal_25220,postal_mean,565,25220,-22.685430142678285,-43.24665539237965,True,27
existence_J825_R3_K300,J825,192,postal_25231,postal_mean,569,25231,-22.683563816603137,-43.29906896652288,True,16
existence_J825_R3_K300,J825,193,postal_25233,postal_mean,570,25233,-22.70350739511343,-43.29957916081139,True,4
existence_J825_R3_K300,J825,194,postal_25235,postal_mean,571,25235,-22.70286437220505,-43.31600017753463,True,3
existence_J825_R3_K300,J825,195,postal_25245,postal_mean,576,25245,-22.59128608480469,-43.312298090959736,True,5
existence_J825_R3_K300,J825,196,postal_25253,postal_mean,579,25253,-22.612060153892077,-43.28185276890751,True,15
existence_J825_R3_K300,J825,197,postal_25261,postal_mean,582,25261,-22.64530376193324,-43.26203372616665,True,35
existence_J825_R3_K300,J825,198,postal_25266,postal_mean,585,25266,-22.63876728053192,-43.2218184372897,True,4
existence_J825_R3_K300,J825,199,postal_25270,postal_mean,588,25270,-22.623874594466177,-43.23981472381287,True,3
existence_J825_R3_K300,J825,200,postal_25271,postal_mean,589,25271,-22.63746113941411,-43.22617580587021,True,5
existence_J825_R3_K300,J825,201,postal_25272,postal_mean,590,25272,-22.62425914893622,-43.21652128956865,True,1
existence_J825_R3_K300,J825,202,postal_25275,postal_mean,591,25275,-22.63887775891837,-43.22692540844416,True,8
existence_J825_R3_K300,J825,203,postal_25520,postal_mean,594,25520,-22.803670156230325,-43.3754619382363,True,38
existence_J825_R3_K300,J825,204,postal_25525,postal_mean,595,25525,-22.79612913604517,-43.38275185182584,True,27
existence_J825_R3_K300,J825,205,postal_25530,postal_mean,596,25530,-22.80597341277987,-43.3903648173854,True,2
existence_J825_R3_K300,J825,206,postal_25535,postal_mean,597,25535,-22.791159022004333,-43.40261092456814,True,6
existence_J825_R3_K300,J825,207,postal_25550,postal_mean,600,25550,-22.77519333195786,-43.382929842060825,True,10
existence_J825_R3_K300,J825,208,postal_25560,postal_mean,602,25560,-22.770034075258486,-43.36986192895572,True,16
existence_J825_R3_K300,J825,209,postal_25565,postal_mean,604,25565,-22.78315358395092,-43.35979003562612,True,17
existence_J825_R3_K300,J825,210,postal_25581,postal_mean,610,25581,-22.788457368960326,-43.34709777532829,True,7
existence_J825_R3_K300,J825,211,postal_25585,postal_mean,611,25585,-22.79367354642019,-43.33816809639405,True,9
existence_J825_R3_K300,J825,212,postal_25610,postal_mean,612,25610,-22.50218363248224,-43.16843451995522,True,13
existence_J825_R3_K300,J825,213,postal_25635,postal_mean,617,25635,-22.529027105018844,-43.17661101657757,True,16
existence_J825_R3_K300,J825,214,postal_25650,postal_mean,620,25650,-22.531038247576937,-43.212309414991445,True,16
existence_J825_R3_K300,J825,215,postal_25651,postal_mean,621,25651,-22.524744277401208,-43.21160357990256,True,18
existence_J825_R3_K300,J825,216,postal_25655,postal_mean,622,25655,-22.52044984882392,-43.19101234595281,True,27
existence_J825_R3_K300,J825,217,postal_25665,postal_mean,624,25665,-22.509186267903694,-43.219827486060126,True,16
existence_J825_R3_K300,J825,218,postal_25670,postal_mean,625,25670,-22.489507019910214,-43.210414436144696,True,7
existence_J825_R3_K300,J825,219,postal_25685,postal_mean,628,25685,-22.50813163708028,-43.18141468751699,True,38
existence_J825_R3_K300,J825,220,postal_25715,postal_mean,630,25715,-22.47150966453406,-43.1620277638875,True,22
existence_J825_R3_K300,J825,221,postal_25725,postal_mean,632,25725,-22.427894024726776,-43.20138979903541,True,3
existence_J825_R3_K300,J825,222,postal_25730,postal_mean,633,25730,-22.408608081087024,-43.13140914649253,True,33
existence_J825_R3_K300,J825,223,postal_25745,postal_mean,635,25745,-22.3915193770552,-43.10829358749547,True,10
existence_J825_R3_K300,J825,224,postal_25750,postal_mean,636,25750,-22.33852928975817,-43.12899883949998,True,10
existence_J825_R3_K300,J825,225,postal_25770,postal_mean,637,25770,-22.26889273967007,-43.07681259121553,True,5
existence_J825_R3_K300,J825,226,postal_25902,postal_mean,640,25902,-22.65954574226225,-43.116827376350194,True,1
existence_J825_R3_K300,J825,227,postal_25904,postal_mean,642,25904,-22.65181465633809,-43.05361261025339,True,33
existence_J825_R3_K300,J825,228,postal_25908,postal_mean,645,25908,-22.65815606716074,-43.11902674370239,True,2
existence_J825_R3_K300,J825,229,postal_25912,postal_mean,647,25912,-22.57019403842886,-43.058745435694526,True,8
existence_J825_R3_K300,J825,230,postal_25921,postal_mean,649,25921,-22.6525357703222,-43.12650100805483,True,1
existence_J825_R3_K300,J825,231,postal_25922,postal_mean,650,25922,-22.66003863059351,-43.1347885471764,True,6
existence_J825_R3_K300,J825,232,postal_25925,postal_mean,651,25925,-22.69368277179141,-43.10979273572445,True,2
existence_J825_R3_K300,J825,233,postal_25930,postal_mean,654,25930,-22.68358467046409,-43.160534715770886,True,10
existence_J825_R3_K300,J825,234,postal_25935,postal_mean,658,25935,-22.615933155012947,-43.17975719830376,True,34
existence_J825_R3_K300,J825,235,postal_25937,postal_mean,660,25937,-22.64373828349399,-43.182944105487344,True,6
existence_J825_R3_K300,J825,236,postal_25940,postal_mean,662,25940,-22.617931893774944,-43.00412879602773,True,5
existence_J825_R3_K300,J825,237,postal_25943,postal_mean,663,25943,-22.55101493109428,-42.98442049906716,True,3
existence_J825_R3_K300,J825,238,postal_25946,postal_mean,665,25946,-22.527718078493137,-42.97826627951071,True,14
existence_J825_R3_K300,J825,239,postal_26013,postal_mean,670,26013,-22.745675146224823,-43.44388802788447,True,65
existence_J825_R3_K300,J825,240,postal_26035,postal_mean,680,26035,-22.72277955303024,-43.46645519648206,True,32
existence_J825_R3_K300,J825,241,postal_26040,postal_mean,681,26040,-22.715476981048564,-43.45497446506072,True,20
existence_J825_R3_K300,J825,242,postal_26051,postal_mean,685,26051,-22.69370930904985,-43.45569367309577,True,10
existence_J825_R3_K300,J825,243,postal_26052,postal_mean,686,26052,-22.682661738953115,-43.44763426447411,True,9
existence_J825_R3_K300,J825,244,postal_26060,postal_mean,688,26060,-22.70596026208645,-43.44426093479684,True,24
existence_J825_R3_K300,J825,245,postal_26062,postal_mean,689,26062,-22.6632991804878,-43.42190649887993,True,1
existence_J825_R3_K300,J825,246,postal_26080,postal_mean,692,26080,-22.72546659818089,-43.5110829974867,True,25
existence_J825_R3_K300,J825,247,postal_26083,postal_mean,694,26083,-22.73962521457062,-43.51130348349012,True,9
existence_J825_R3_K300,J825,248,postal_26084,postal_mean,695,26084,-22.7288301166658,-43.51662859381047,True,10
existence_J825_R3_K300,J825,249,postal_26112,postal_mean,701,26112,-22.748890763540413,-43.40218859295182,True,13
existence_J825_R3_K300,J825,250,postal_26115,postal_mean,703,26115,-22.74102601762666,-43.39058910287586,True,21
existence_J825_R3_K300,J825,251,postal_26120,postal_mean,705,26120,-22.74095127698239,-43.407375755677286,True,14
existence_J825_R3_K300,J825,252,postal_26155,postal_mean,712,26155,-22.72149589575073,-43.40236747175682,True,3
existence_J825_R3_K300,J825,253,postal_26170,postal_mean,717,26170,-22.735308724256505,-43.3689986253974,True,5
existence_J825_R3_K300,J825,254,postal_26172,postal_mean,718,26172,-22.727797274174065,-43.36988532052452,True,1
existence_J825_R3_K300,J825,255,postal_26173,postal_mean,719,26173,-22.7293974724831,-43.35646929692585,True,10
existence_J825_R3_K300,J825,256,postal_26178,postal_mean,721,26178,-22.71708005610544,-43.37621943740937,True,5
existence_J825_R3_K300,J825,257,postal_26180,postal_mean,722,26180,-22.709309871783464,-43.340396840703605,True,12
existence_J825_R3_K300,J825,258,postal_26190,postal_mean,726,26190,-22.738054149192973,-43.33784294353118,True,1
existence_J825_R3_K300,J825,259,postal_26193,postal_mean,727,26193,-22.74371498675422,-43.34181565153629,True,7
existence_J825_R3_K300,J825,260,postal_26210,postal_mean,729,26210,-22.75587652233678,-43.45011309119682,True,58
existence_J825_R3_K300,J825,261,postal_26216,postal_mean,731,26216,-22.751111606071024,-43.46011896476947,True,16
existence_J825_R3_K300,J825,262,postal_26250,postal_mean,736,26250,-22.76580597634655,-43.44413388623215,True,18
existence_J825_R3_K300,J825,263,postal_26263,postal_mean,742,26263,-22.7511163216362,-43.4803664070067,True,31
existence_J825_R3_K300,J825,264,postal_26266,postal_mean,744,26266,-22.76149082223366,-43.49983733727016,True,9
existence_J825_R3_K300,J825,265,postal_26270,postal_mean,745,26270,-22.771786935706576,-43.513737001536,True,14
existence_J825_R3_K300,J825,266,postal_26271,postal_mean,746,26271,-22.76538805577464,-43.513740263369385,True,3
existence_J825_R3_K300,J825,267,postal_26272,postal_mean,747,26272,-22.761268184110865,-43.504602353534416,True,2
existence_J825_R3_K300,J825,268,postal_26275,postal_mean,748,26275,-22.758522248481707,-43.5081270171475,True,13
existence_J825_R3_K300,J825,269,postal_26276,postal_mean,749,26276,-22.747655366540023,-43.50045199921573,True,8
existence_J825_R3_K300,J825,270,postal_26285,postal_mean,756,26285,-22.749261034645645,-43.457434797409576,True,10
existence_J825_R3_K300,J825,271,postal_26291,postal_mean,759,26291,-22.775922205954583,-43.53552518598715,True,10
existence_J825_R3_K300,J825,272,postal_26297,postal_mean,763,26297,-22.81315246690653,-43.58884053145267,True,12
existence_J825_R3_K300,J825,273,postal_26299,postal_mean,765,26299,-22.84103615023977,-43.61515804577371,True,1
existence_J825_R3_K300,J825,274,postal_26310,postal_mean,766,26310,-22.71769036507631,-43.56406590011273,True,17
existence_J825_R3_K300,J825,275,postal_26313,postal_mean,768,26313,-22.72398694854633,-43.56859220120247,True,8
existence_J825_R3_K300,J825,276,postal_26320,postal_mean,771,26320,-22.70950681506173,-43.580279131181264,True,3
existence_J825_R3_K300,J825,277,postal_26321,postal_mean,772,26321,-22.7081915940706,-43.57351771589113,True,2
existence_J825_R3_K300,J825,278,postal_26323,postal_mean,773,26323,-22.721880392950524,-43.56120106689918,True,11
existence_J825_R3_K300,J825,279,postal_26381,postal_mean,777,26381,-22.6969098294197,-43.55741624112584,True,11
existence_J825_R3_K300,J825,280,postal_26420,postal_mean,782,26420,-22.68450772983073,-43.61532318330367,True,3
existence_J825_R3_K300,J825,281,postal_26423,postal_mean,783,26423,-22.6809778671,-43.61135654272859,True,12
existence_J825_R3_K300,J825,282,postal_26425,postal_mean,784,26425,-22.68320829858776,-43.6136513869842,True,1
existence_J825_R3_K300,J825,283,postal_26430,postal_mean,785,26430,-22.68817178316981,-43.60645936527142,True,5
existence_J825_R3_K300,J825,284,postal_26443,postal_mean,789,26443,-22.644806809224903,-43.65794599414254,True,14
existence_J825_R3_K300,J825,285,postal_26521,postal_mean,800,26521,-22.809500731742084,-43.43250149322672,True,28
existence_J825_R3_K300,J825,286,postal_26525,postal_mean,801,26525,-22.805706631753832,-43.42307905240664,True,30
existence_J825_R3_K300,J825,287,postal_26540,postal_mean,805,26540,-22.80794794860136,-43.40773098670876,True,47
existence_J825_R3_K300,J825,288,postal_26551,postal_mean,808,26551,-22.781707096310384,-43.42552236371597,True,21
existence_J825_R3_K300,J825,289,postal_26557,postal_mean,812,26557,-22.771105803454297,-43.43638870513932,True,10
existence_J825_R3_K300,J825,290,postal_26562,postal_mean,814,26562,-22.770064916804248,-43.422339662467735,True,25
existence_J825_R3_K300,J825,291,postal_26564,postal_mean,815,26564,-22.77328132742342,-43.41781714536901,True,6
existence_J825_R3_K300,J825,292,postal_26570,postal_mean,816,26570,-22.77814678640116,-43.4171342747468,True,2
existence_J825_R3_K300,J825,293,postal_26572,postal_mean,817,26572,-22.7846703338512,-43.41150550604952,True,9
existence_J825_R3_K300,J825,294,postal_26574,postal_mean,818,26574,-22.77767719983202,-43.4038669735974,True,17
existence_J825_R3_K300,J825,295,postal_26584,postal_mean,821,26584,-22.79705192396206,-43.42658602251409,True,9
existence_J825_R3_K300,J825,296,postal_26600,postal_mean,824,26600,-22.61483382699214,-43.705683375748585,True,35
existence_J825_R3_K300,J825,297,postal_28680,postal_mean,825,28680,-22.470849051492323,-42.657121037845286,True,19
existence_J825_R3_K300,J825,298,postal_28695,postal_mean,826,28695,-22.60367916043864,-42.74073968432629,True,1
existence_J825_R3_K300,J825,299,postal_28800,postal_mean,827,28800,-22.711927870432564,-42.63004113951235,True,27
proximity_J828_R3_Tnone,J828,0,postal_20211,postal_mean,19,20211,-22.91148503866567,-43.19844247973102,True,667
proximity_J828_R3_Tnone,J828,1,postal_20560,postal_mean,43,20560,-22.91863600041784,-43.25724486396328,True,616
proximity_J828_R3_Tnone,J828,2,postal_20755,postal_mean,55,20755,-22.888719129958837,-43.29710870135924,True,325
proximity_J828_R3_Tnone,J828,3,postal_20911,postal_mean,67,20911,-22.89314885311464,-43.242201014642525,True,112
proximity_J828_R3_Tnone,J828,4,postal_21073,postal_mean,103,21073,-22.850770856037,-43.27052152360208,True,215
proximity_J828_R3_Tnone,J828,5,postal_21250,postal_mean,115,21250,-22.824619091439565,-43.30674667488387,True,246
proximity_J828_R3_Tnone,J828,6,postal_21351,postal_mean,125,21351,-22.87044820264357,-43.34296526816304,True,273
proximity_J828_R3_Tnone,J828,7,postal_21665,postal_mean,157,21665,-22.83427156601059,-43.377978641515625,True,105
proximity_J828_R3_Tnone,J828,8,postal_21745,postal_mean,169,21745,-22.879549301241177,-43.41011862496182,True,96
proximity_J828_R3_Tnone,J828,9,postal_21833,postal_mean,184,21833,-22.8814818751053,-43.49448328547964,True,67
proximity_J828_R3_Tnone,J828,10,postal_21870,postal_mean,198,21870,-22.871019283986563,-43.45851442872575,True,124
proximity_J828_R3_Tnone,J828,11,postal_21921,postal_mean,203,21921,-22.8083044291334,-43.18564856697721,True,147
proximity_J828_R3_Tnone,J828,12,postal_22280,postal_mean,240,22280,-22.95440868548141,-43.185650031057385,True,899
proximity_J828_R3_Tnone,J828,13,postal_22430,postal_mean,248,22430,-22.98210232841188,-43.22013314970181,True,457
proximity_J828_R3_Tnone,J828,14,postal_22610,postal_mean,259,22610,-22.99599813649958,-43.261663703422506,True,37
proximity_J828_R3_Tnone,J828,15,postal_22640,postal_mean,265,22640,-23.001267617010637,-43.3355988370672,True,228
proximity_J828_R3_Tnone,J828,16,postal_22725,postal_mean,273,22725,-22.91150171276762,-43.37652610722419,True,231
proximity_J828_R3_Tnone,J828,17,postal_22755,postal_mean,282,22755,-22.947502549436848,-43.33814210193203,True,289
proximity_J828_R3_Tnone,J828,18,postal_22763,postal_mean,284,22763,-22.949418433889697,-43.38717689639774,True,256
proximity_J828_R3_Tnone,J828,19,postal_22783,postal_mean,292,22783,-22.984082408782115,-43.44889019919411,True,59
proximity_J828_R3_Tnone,J828,20,postal_22793,postal_mean,295,22793,-23.00061899109568,-43.40471828456725,True,116
proximity_J828_R3_Tnone,J828,21,postal_22795,postal_mean,296,22795,-23.020470737334893,-43.46265642068304,True,204
proximity_J828_R3_Tnone,J828,22,postal_23035,postal_mean,312,23035,-22.945894102935657,-43.594457021538446,True,71
proximity_J828_R3_Tnone,J828,23,postal_23052,postal_mean,319,23052,-22.906619343447986,-43.55224985960651,True,182
proximity_J828_R3_Tnone,J828,24,postal_23060,postal_mean,325,23060,-22.896089584185965,-43.59889671190928,True,232
proximity_J828_R3_Tnone,J828,25,postal_23092,postal_mean,347,23092,-22.87085601200714,-43.54384874896292,True,122
proximity_J828_R3_Tnone,J828,26,postal_23530,postal_mean,357,23530,-22.97383432126233,-43.6810761924786,True,73
proximity_J828_R3_Tnone,J828,27,postal_23555,postal_mean,363,23555,-22.91750488776345,-43.69308722014739,True,49
proximity_J828_R3_Tnone,J828,28,postal_23573,postal_mean,367,23573,-22.913149027532867,-43.65356967363749,True,119
proximity_J828_R3_Tnone,J828,29,postal_23820,postal_mean,377,23820,-22.862780471644363,-43.78526762819197,True,46
proximity_J828_R3_Tnone,J828,30,postal_24060,postal_mean,396,24060,-22.88593419631651,-43.1106543708203,True,552
proximity_J828_R3_Tnone,J828,31,postal_24315,postal_mean,411,24315,-22.901684792085454,-43.06891496088816,True,120
proximity_J828_R3_Tnone,J828,32,postal_24355,postal_mean,422,24355,-22.9411555966564,-43.043134176624925,True,135
proximity_J828_R3_Tnone,J828,33,postal_24416,postal_mean,431,24416,-22.840098124434224,-43.06778333387412,True,123
proximity_J828_R3_Tnone,J828,34,postal_24451,postal_mean,445,24451,-22.829351276710405,-43.01399541493803,True,141
proximity_J828_R3_Tnone,J828,35,postal_24470,postal_mean,455,24470,-22.79629033350867,-43.04531393855412,True,31
proximity_J828_R3_Tnone,J828,36,postal_24725,postal_mean,471,24725,-22.811456217228336,-42.97220863173352,True,66
proximity_J828_R3_Tnone,J828,37,postal_24756,postal_mean,493,24756,-22.88593339499682,-43.011983104667294,True,50
proximity_J828_R3_Tnone,J828,38,postal_24804,postal_mean,497,24804,-22.747090526611107,-42.84342210737453,True,47
proximity_J828_R3_Tnone,J828,39,postal_24902,postal_mean,513,24902,-22.92700535031622,-42.8293157127626,True,62
proximity_J828_R3_Tnone,J828,40,postal_24934,postal_mean,528,24934,-22.946221164792775,-42.88645951724069,True,40
proximity_J828_R3_Tnone,J828,41,postal_24936,postal_mean,530,24936,-22.954278207609654,-42.96711894755224,True,31
proximity_J828_R3_Tnone,J828,42,postal_25035,postal_mean,542,25035,-22.755338688692213,-43.308531682770784,True,108
proximity_J828_R3_Tnone,J828,43,postal_25215,postal_mean,564,25215,-22.682590790490558,-43.27404135699872,True,47
proximity_J828_R3_Tnone,J828,44,postal_25261,postal_mean,582,25261,-22.64530376193324,-43.26203372616665,True,75
proximity_J828_R3_Tnone,J828,45,postal_25565,postal_mean,604,25565,-22.78315358395092,-43.35979003562612,True,112
proximity_J828_R3_Tnone,J828,46,postal_25615,postal_mean,613,25615,-22.496114223843747,-43.15620443994322,True,47
proximity_J828_R3_Tnone,J828,47,postal_25655,postal_mean,622,25655,-22.52044984882392,-43.19101234595281,True,126
proximity_J828_R3_Tnone,J828,48,postal_25730,postal_mean,633,25730,-22.408608081087024,-43.13140914649253,True,61
proximity_J828_R3_Tnone,J828,49,postal_25904,postal_mean,642,25904,-22.65181465633809,-43.05361261025339,True,68
proximity_J828_R3_Tnone,J828,50,postal_25935,postal_mean,658,25935,-22.615933155012947,-43.17975719830376,True,58
proximity_J828_R3_Tnone,J828,51,postal_26010,postal_mean,667,26010,-22.7551063244127,-43.42858334530357,True,203
proximity_J828_R3_Tnone,J828,52,postal_26031,postal_mean,677,26031,-22.733144913944965,-43.47564299726109,True,93
proximity_J828_R3_Tnone,J828,53,postal_26060,postal_mean,688,26060,-22.70596026208645,-43.44426093479684,True,64
proximity_J828_R3_Tnone,J828,54,postal_26167,postal_mean,716,26167,-22.73381526820578,-43.37869831571142,True,46
proximity_J828_R3_Tnone,J828,55,postal_26183,postal_mean,723,26183,-22.71884157108849,-43.3359503631358,True,38
proximity_J828_R3_Tnone,J828,56,postal_26278,postal_mean,751,26278,-22.750950306589704,-43.5104936361956,True,100
proximity_J828_R3_Tnone,J828,57,postal_26323,postal_mean,773,26323,-22.721880392950524,-43.56120106689918,True,95
proximity_J828_R3_Tnone,J828,58,postal_26535,postal_mean,804,26535,-22.799760130437143,-43.41047447797409,True,167
proximity_J828_R3_Tnone,J828,59,postal_26600,postal_mean,824,26600,-22.61483382699214,-43.705683375748585,True,69
proximity_J828_R3_Tnone,J828,60,postal_28800,postal_mean,827,28800,-22.711927870432564,-42.63004113951235,True,53
proximity_J828_R3_T15,J828,0,postal_20211,postal_mean,19,20211,-22.91148503866567,-43.19844247973102,True,667
proximity_J828_R3_T15,J828,1,postal_20560,postal_mean,43,20560,-22.91863600041784,-43.25724486396328,True,616
proximity_J828_R3_T15,J828,2,postal_20755,postal_mean,55,20755,-22.888719129958837,-43.29710870135924,True,330
proximity_J828_R3_T15,J828,3,postal_20911,postal_mean,67,20911,-22.89314885311464,-43.242201014642525,True,112
proximity_J828_R3_T15,J828,4,postal_21030,postal_mean,88,21030,-22.850002554499312,-43.263354020176415,True,210
proximity_J828_R3_T15,J828,5,postal_21250,postal_mean,115,21250,-22.824619091439565,-43.30674667488387,True,246
proximity_J828_R3_T15,J828,6,postal_21351,postal_mean,125,21351,-22.87044820264357,-43.34296526816304,True,273
proximity_J828_R3_T15,J828,7,postal_21665,postal_mean,157,21665,-22.83427156601059,-43.377978641515625,True,105
proximity_J828_R3_T15,J828,8,postal_21745,postal_mean,169,21745,-22.879549301241177,-43.41011862496182,True,96
proximity_J828_R3_T15,J828,9,postal_21833,postal_mean,184,21833,-22.8814818751053,-43.49448328547964,True,80
proximity_J828_R3_T15,J828,10,postal_21875,postal_mean,199,21875,-22.873409010490445,-43.4537411569272,True,111
proximity_J828_R3_T15,J828,11,postal_21921,postal_mean,203,21921,-22.8083044291334,-43.18564856697721,True,147
proximity_J828_R3_T15,J828,12,postal_22280,postal_mean,240,22280,-22.95440868548141,-43.185650031057385,True,899
proximity_J828_R3_T15,J828,13,postal_22430,postal_mean,248,22430,-22.98210232841188,-43.22013314970181,True,457
proximity_J828_R3_T15,J828,14,postal_22610,postal_mean,259,22610,-22.99599813649958,-43.261663703422506,True,37
proximity_J828_R3_T15,J828,15,postal_22640,postal_mean,265,22640,-23.001267617010637,-43.3355988370672,True,228
proximity_J828_R3_T15,J828,16,postal_22725,postal_mean,273,22725,-22.91150171276762,-43.37652610722419,True,231
proximity_J828_R3_T15,J828,17,postal_22755,postal_mean,282,22755,-22.947502549436848,-43.33814210193203,True,289
proximity_J828_R3_T15,J828,18,postal_22763,postal_mean,284,22763,-22.949418433889697,-43.38717689639774,True,256
proximity_J828_R3_T15,J828,19,postal_22783,postal_mean,292,22783,-22.984082408782115,-43.44889019919411,True,59
proximity_J828_R3_T15,J828,20,postal_22790,postal_mean,294,22790,-23.01298650422646,-43.46551954103294,True,204
proximity_J828_R3_T15,J828,21,postal_22793,postal_mean,295,22793,-23.00061899109568,-43.40471828456725,True,116
proximity_J828_R3_T15,J828,22,postal_23035,postal_mean,312,23035,-22.945894102935657,-43.594457021538446,True,71
proximity_J828_R3_T15,J828,23,postal_23052,postal_mean,319,23052,-22.906619343447986,-43.55224985960651,True,182
proximity_J828_R3_T15,J828,24,postal_23060,postal_mean,325,23060,-22.896089584185965,-43.59889671190928,True,232
proximity_J828_R3_T15,J828,25,postal_23092,postal_mean,347,23092,-22.87085601200714,-43.54384874896292,True,122
proximity_J828_R3_T15,J828,26,postal_23530,postal_mean,357,23530,-22.97383432126233,-43.6810761924786,True,73
proximity_J828_R3_T15,J828,27,postal_23555,postal_mean,363,23555,-22.91750488776345,-43.69308722014739,True,49
proximity_J828_R3_T15,J828,28,postal_23573,postal_mean,367,23573,-22.913149027532867,-43.65356967363749,True,119
proximity_J828_R3_T15,J828,29,postal_23820,postal_mean,377,23820,-22.862780471644363,-43.78526762819197,True,46
proximity_J828_R3_T15,J828,30,postal_24060,postal_mean,396,24060,-22.88593419631651,-43.1106543708203,True,552
proximity_J828_R3_T15,J828,31,postal_24315,postal_mean,411,24315,-22.901684792085454,-43.06891496088816,True,120
proximity_J828_R3_T15,J828,32,postal_24355,postal_mean,422,24355,-22.9411555966564,-43.043134176624925,True,153
proximity_J828_R3_T15,J828,33,postal_24416,postal_mean,431,24416,-22.840098124434224,-43.06778333387412,True,128
proximity_J828_R3_T15,J828,34,postal_24451,postal_mean,445,24451,-22.829351276710405,-43.01399541493803,True,168
proximity_J828_R3_T15,J828,35,postal_24736,postal_mean,478,24736,-22.820033389763783,-42.969922193443765,True,62
proximity_J828_R3_T15,J828,36,postal_24756,postal_mean,493,24756,-22.88593339499682,-43.011983104667294,True,50
proximity_J828_R3_T15,J828,37,postal_24800,postal_mean,494,24800,-22.74248129310771,-42.85721075258665,True,50
proximity_J828_R3_T15,J828,38,postal_24890,postal_mean,510,24890,-22.73521870942802,-42.727847609078914,True,7
proximity_J828_R3_T15,J828,39,postal_24902,postal_mean,513,24902,-22.92700535031622,-42.8293157127626,True,62
proximity_J828_R3_T15,J828,40,postal_24934,postal_mean,528,24934,-22.946221164792775,-42.88645951724069,True,53
proximity_J828_R3_T15,J828,41,postal_25035,postal_mean,542,25035,-22.755338688692213,-43.308531682770784,True,108
proximity_J828_R3_T15,J828,42,postal_25215,postal_mean,564,25215,-22.682590790490558,-43.27404135699872,True,47
proximity_J828_R3_T15,J828,43,postal_25261,postal_mean,582,25261,-22.64530376193324,-43.26203372616665,True,75
proximity_J828_R3_T15,J828,44,postal_25565,postal_mean,604,25565,-22.78315358395092,-43.35979003562612,True,112
proximity_J828_R3_T15,J828,45,postal_25615,postal_mean,613,25615,-22.496114223843747,-43.15620443994322,True,47
proximity_J828_R3_T15,J828,46,postal_25655,postal_mean,622,25655,-22.52044984882392,-43.19101234595281,True,126
proximity_J828_R3_T15,J828,47,postal_25720,postal_mean,631,25720,-22.43222926280023,-43.14086038411682,True,42
proximity_J828_R3_T15,J828,48,postal_25750,postal_mean,636,25750,-22.33852928975817,-43.12899883949998,True,19
proximity_J828_R3_T15,J828,49,postal_25904,postal_mean,642,25904,-22.65181465633809,-43.05361261025339,True,47
proximity_J828_R3_T15,J828,50,postal_25935,postal_mean,658,25935,-22.615933155012947,-43.17975719830376,True,58
proximity_J828_R3_T15,J828,51,postal_25946,postal_mean,665,25946,-22.527718078493137,-42.97826627951071,True,21
proximity_J828_R3_T15,J828,52,postal_26010,postal_mean,667,26010,-22.7551063244127,-43.42858334530357,True,203
proximity_J828_R3_T15,J828,53,postal_26031,postal_mean,677,26031,-22.733144913944965,-43.47564299726109,True,93
proximity_J828_R3_T15,J828,54,postal_26060,postal_mean,688,26060,-22.70596026208645,-43.44426093479684,True,64
proximity_J828_R3_T15,J828,55,postal_26167,postal_mean,716,26167,-22.73381526820578,-43.37869831571142,True,46
proximity_J828_R3_T15,J828,56,postal_26183,postal_mean,723,26183,-22.71884157108849,-43.3359503631358,True,38
proximity_J828_R3_T15,J828,57,postal_26278,postal_mean,751,26278,-22.750950306589704,-43.5104936361956,True,100
proximity_J828_R3_T15,J828,58,postal_26323,postal_mean,773,26323,-22.721880392950524,-43.56120106689918,True,95
proximity_J828_R3_T15,J828,59,postal_26535,postal_mean,804,26535,-22.799760130437143,-43.41047447797409,True,167
proximity_J828_R3_T15,J828,60,postal_26600,postal_mean,824,26600,-22.61483382699214,-43.705683375748585,True,69
proximity_J828_R3_T15,J828,61,postal_28680,postal_mean,825,28680,-22.470849051492323,-42.657121037845286,True,19
proximity_J828_R3_T15,J828,62,postal_28800,postal_mean,827,28800,-22.711927870432564,-42.63004113951235,True,27
proximity_J828_R3_T10,J828,0,postal_20211,postal_mean,19,20211,-22.91148503866567,-43.19844247973102,True,667
proximity_J828_R3_T10,J828,1,postal_20560,postal_mean,43,20560,-22.91863600041784,-43.25724486396328,True,616
proximity_J828_R3_T10,J828,2,postal_20755,postal_mean,55,20755,-22.888719129958837,-43.29710870135924,True,325
proximity_J828_R3_T10,J828,3,postal_20911,postal_mean,67,20911,-22.89314885311464,-43.242201014642525,True,112
proximity_J828_R3_T10,J828,4,postal_21073,postal_mean,103,21073,-22.850770856037,-43.27052152360208,True,215
proximity_J828_R3_T10,J828,5,postal_21250,postal_mean,115,21250,-22.824619091439565,-43.30674667488387,True,246
proximity_J828_R3_T10,J828,6,postal_21351,postal_mean,125,21351,-22.87044820264357,-43.34296526816304,True,273
proximity_J828_R3_T10,J828,7,postal_21665,postal_mean,157,21665,-22.83427156601059,-43.377978641515625,True,110
proximity_J828_R3_T10,J828,8,postal_21745,postal_mean,169,21745,-22.879549301241177,-43.41011862496182,True,96
proximity_J828_R3_T10,J828,9,postal_21833,postal_mean,184,21833,-22.8814818751053,-43.49448328547964,True,80
proximity_J828_R3_T10,J828,10,postal_21875,postal_mean,199,21875,-22.873409010490445,-43.4537411569272,True,111
proximity_J828_R3_T10,J828,11,postal_21920,postal_mean,202,21920,-22.79811558143935,-43.19569772270941,True,147
proximity_J828_R3_T10,J828,12,postal_22280,postal_mean,240,22280,-22.95440868548141,-43.185650031057385,True,899
proximity_J828_R3_T10,J828,13,postal_22430,postal_mean,248,22430,-22.98210232841188,-43.22013314970181,True,457
proximity_J828_R3_T10,J828,14,postal_22610,postal_mean,259,22610,-22.99599813649958,-43.261663703422506,True,37
proximity_J828_R3_T10,J828,15,postal_22640,postal_mean,265,22640,-23.001267617010637,-43.3355988370672,True,228
proximity_J828_R3_T10,J828,16,postal_22725,postal_mean,273,22725,-22.91150171276762,-43.37652610722419,True,231
proximity_J828_R3_T10,J828,17,postal_22755,postal_mean,282,22755,-22.947502549436848,-43.33814210193203,True,289
proximity_J828_R3_T10,J828,18,postal_22763,postal_mean,284,22763,-22.949418433889697,-43.38717689639774,True,256
proximity_J828_R3_T10,J828,19,postal_22783,postal_mean,292,22783,-22.984082408782115,-43.44889019919411,True,59
proximity_J828_R3_T10,J828,20,postal_22793,postal_mean,295,22793,-23.00061899109568,-43.40471828456725,True,116
proximity_J828_R3_T10,J828,21,postal_22795,postal_mean,296,22795,-23.020470737334893,-43.46265642068304,True,204
proximity_J828_R3_T10,J828,22,postal_23035,postal_mean,312,23035,-22.945894102935657,-43.594457021538446,True,71
proximity_J828_R3_T10,J828,23,postal_23052,postal_mean,319,23052,-22.906619343447986,-43.55224985960651,True,182
proximity_J828_R3_T10,J828,24,postal_23060,postal_mean,325,23060,-22.896089584185965,-43.59889671190928,True,224
proximity_J828_R3_T10,J828,25,postal_23092,postal_mean,347,23092,-22.87085601200714,-43.54384874896292,True,122
proximity_J828_R3_T10,J828,26,postal_23530,postal_mean,357,23530,-22.97383432126233,-43.6810761924786,True,73
proximity_J828_R3_T10,J828,27,postal_23555,postal_mean,363,23555,-22.91750488776345,-43.69308722014739,True,49
proximity_J828_R3_T10,J828,28,postal_23573,postal_mean,367,23573,-22.913149027532867,-43.65356967363749,True,119
proximity_J828_R3_T10,J828,29,postal_23820,postal_mean,377,23820,-22.862780471644363,-43.78526762819197,True,46
proximity_J828_R3_T10,J828,30,postal_23894,postal_mean,388,23894,-22.74100679492528,-43.6998298199384,True,33
proximity_J828_R3_T10,J828,31,postal_24060,postal_mean,396,24060,-22.88593419631651,-43.1106543708203,True,552
proximity_J828_R3_T10,J828,32,postal_24315,postal_mean,411,24315,-22.901684792085454,-43.06891496088816,True,120
proximity_J828_R3_T10,J828,33,postal_24355,postal_mean,422,24355,-22.9411555966564,-43.043134176624925,True,153
proximity_J828_R3_T10,J828,34,postal_24416,postal_mean,431,24416,-22.840098124434224,-43.06778333387412,True,128
proximity_J828_R3_T10,J828,35,postal_24451,postal_mean,445,24451,-22.829351276710405,-43.01399541493803,True,167
proximity_J828_R3_T10,J828,36,postal_24725,postal_mean,471,24725,-22.811456217228336,-42.97220863173352,True,66
proximity_J828_R3_T10,J828,37,postal_24756,postal_mean,493,24756,-22.88593339499682,-43.011983104667294,True,50
proximity_J828_R3_T10,J828,38,postal_24804,postal_mean,497,24804,-22.747090526611107,-42.84342210737453,True,47
proximity_J828_R3_T10,J828,39,postal_24890,postal_mean,510,24890,-22.73521870942802,-42.727847609078914,True,6
proximity_J828_R3_T10,J828,40,postal_24902,postal_mean,513,24902,-22.92700535031622,-42.8293157127626,True,60
proximity_J828_R3_T10,J828,41,postal_24922,postal_mean,524,24922,-22.94856570290517,-42.70343236618995,True,2
proximity_J828_R3_T10,J828,42,postal_24934,postal_mean,528,24934,-22.946221164792775,-42.88645951724069,True,53
proximity_J828_R3_T10,J828,43,postal_25035,postal_mean,542,25035,-22.755338688692213,-43.308531682770784,True,108
proximity_J828_R3_T10,J828,44,postal_25215,postal_mean,564,25215,-22.682590790490558,-43.27404135699872,True,47
proximity_J828_R3_T10,J828,45,postal_25261,postal_mean,582,25261,-22.64530376193324,-43.26203372616665,True,75
proximity_J828_R3_T10,J828,46,postal_25565,postal_mean,604,25565,-22.78315358395092,-43.35979003562612,True,119
proximity_J828_R3_T10,J828,47,postal_25615,postal_mean,613,25615,-22.496114223843747,-43.15620443994322,True,47
proximity_J828_R3_T10,J828,48,postal_25655,postal_mean,622,25655,-22.52044984882392,-43.19101234595281,True,126
proximity_J828_R3_T10,J828,49,postal_25730,postal_mean,633,25730,-22.408608081087024,-43.13140914649253,True,46
proximity_J828_R3_T10,J828,50,postal_25750,postal_mean,636,25750,-22.33852928975817,-43.12899883949998,True,15
proximity_J828_R3_T10,J828,51,postal_25904,postal_mean,642,25904,-22.65181465633809,-43.05361261025339,True,47
proximity_J828_R3_T10,J828,52,postal_25935,postal_mean,658,25935,-22.615933155012947,-43.17975719830376,True,58
proximity_J828_R3_T10,J828,53,postal_25946,postal_mean,665,25946,-22.527718078493137,-42.97826627951071,True,21
proximity_J828_R3_T10,J828,54,postal_26060,postal_mean,688,26060,-22.70596026208645,-43.44426093479684,True,68
proximity_J828_R3_T10,J828,55,postal_26112,postal_mean,701,26112,-22.748890763540413,-43.40218859295182,True,84
proximity_J828_R3_T10,J828,56,postal_26183,postal_mean,723,26183,-22.71884157108849,-43.3359503631358,True,46
proximity_J828_R3_T10,J828,57,postal_26216,postal_mean,731,26216,-22.751111606071024,-43.46011896476947,True,225
proximity_J828_R3_T10,J828,58,postal_26278,postal_mean,751,26278,-22.750950306589704,-43.5104936361956,True,90
proximity_J828_R3_T10,J828,59,postal_26323,postal_mean,773,26323,-22.721880392950524,-43.56120106689918,True,90
proximity_J828_R3_T10,J828,60,postal_26582,postal_mean,820,26582,-22.791786349943763,-43.41589366647349,True,186
proximity_J828_R3_T10,J828,61,postal_26600,postal_mean,824,26600,-22.61483382699214,-43.705683375748585,True,49
proximity_J828_R3_T10,J828,62,postal_28680,postal_mean,825,28680,-22.470849051492323,-42.657121037845286,True,19
proximity_J828_R3_T10,J828,63,postal_28695,postal_mean,826,28695,-22.60367916043864,-42.74073968432629,True,1
proximity_J828_R3_T10,J828,64,postal_28800,postal_mean,827,28800,-22.711927870432564,-42.63004113951235,True,27
proximity_J828_R3_T8,J828,0,postal_20210,postal_mean,18,20210,-22.90869650356516,-43.201016378284464,True,624
proximity_J828_R3_T8,J828,1,postal_20560,postal_mean,43,20560,-22.91863600041784,-43.25724486396328,True,616
proximity_J828_R3_T8,J828,2,postal_20755,postal_mean,55,20755,-22.888719129958837,-43.29710870135924,True,325
proximity_J828_R3_T8,J828,3,postal_20911,postal_mean,67,20911,-22.89314885311464,-43.242201014642525,True,112
proximity_J828_R3_T8,J828,4,postal_21073,postal_mean,103,21073,-22.850770856037,-43.27052152360208,True,215
proximity_J828_R3_T8,J828,5,postal_21250,postal_mean,115,21250,-22.824619091439565,-43.30674667488387,True,246
proximity_J828_R3_T8,J828,6,postal_21351,postal_mean,125,21351,-22.87044820264357,-43.34296526816304,True,273
proximity_J828_R3_T8,J828,7,postal_21665,postal_mean,157,21665,-22.83427156601059,-43.377978641515625,True,110
proximity_J828_R3_T8,J828,8,postal_21745,postal_mean,169,21745,-22.879549301241177,-43.41011862496182,True,96
proximity_J828_R3_T8,J828,9,postal_21833,postal_mean,184,21833,-22.8814818751053,-43.49448328547964,True,67
proximity_J828_R3_T8,J828,10,postal_21870,postal_mean,198,21870,-22.871019283986563,-43.45851442872575,True,124
proximity_J828_R3_T8,J828,11,postal_21921,postal_mean,203,21921,-22.8083044291334,-43.18564856697721,True,147
proximity_J828_R3_T8,J828,12,postal_22280,postal_mean,240,22280,-22.95440868548141,-43.185650031057385,True,942
proximity_J828_R3_T8,J828,13,postal_22430,postal_mean,248,22430,-22.98210232841188,-43.22013314970181,True,457
proximity_J828_R3_T8,J828,14,postal_22610,postal_mean,259,22610,-22.99599813649958,-43.261663703422506,True,37
proximity_J828_R3_T8,J828,15,postal_22640,postal_mean,265,22640,-23.001267617010637,-43.3355988370672,True,228
proximity_J828_R3_T8,J828,16,postal_22725,postal_mean,273,22725,-22.91150171276762,-43.37652610722419,True,231
proximity_J828_R3_T8,J828,17,postal_22755,postal_mean,282,22755,-22.947502549436848,-43.33814210193203,True,289
proximity_J828_R3_T8,J828,18,postal_22763,postal_mean,284,22763,-22.949418433889697,-43.38717689639774,True,256
proximity_J828_R3_T8,J828,19,postal_22783,postal_mean,292,22783,-22.984082408782115,-43.44889019919411,True,59
proximity_J828_R3_T8,J828,20,postal_22793,postal_mean,295,22793,-23.00061899109568,-43.40471828456725,True,116
proximity_J828_R3_T8,J828,21,postal_22795,postal_mean,296,22795,-23.020470737334893,-43.46265642068304,True,204
proximity_J828_R3_T8,J828,22,postal_23031,postal_mean,309,23031,-22.964378631240205,-43.61186736926677,True,80
proximity_J828_R3_T8,J828,23,postal_23052,postal_mean,319,23052,-22.906619343447986,-43.55224985960651,True,192
proximity_J828_R3_T8,J828,24,postal_23060,postal_mean,325,23060,-22.896089584185965,-43.59889671190928,True,224
proximity_J828_R3_T8,J828,25,postal_23092,postal_mean,347,23092,-22.87085601200714,-43.54384874896292,True,119
proximity_J828_R3_T8,J828,26,postal_23530,postal_mean,357,23530,-22.97383432126233,-43.6810761924786,True,54
proximity_J828_R3_T8,J828,27,postal_23555,postal_mean,363,23555,-22.91750488776345,-43.69308722014739,True,49
proximity_J828_R3_T8,J828,28,postal_23573,postal_mean,367,23573,-22.913149027532867,-43.65356967363749,True,119
proximity_J828_R3_T8,J828,29,postal_23820,postal_mean,377,23820,-22.862780471644363,-43.78526762819197,True,46
proximity_J828_R3_T8,J828,30,postal_23890,postal_mean,386,23890,-22.787688375690134,-43.64890166112607,True,20
proximity_J828_R3_T8,J828,31,postal_23895,postal_mean,389,23895,-22.746274001626645,-43.708503424610186,True,20
proximity_J828_R3_T8,J828,32,postal_24060,postal_mean,396,24060,-22.88593419631651,-43.1106543708203,True,552
proximity_J828_R3_T8,J828,33,postal_24315,postal_mean,411,24315,-22.901684792085454,-43.06891496088816,True,120
proximity_J828_R3_T8,J828,34,postal_24355,postal_mean,422,24355,-22.9411555966564,-43.043134176624925,True,153
proximity_J828_R3_T8,J828,35,postal_24416,postal_mean,431,24416,-22.840098124434224,-43.06778333387412,True,128
proximity_J828_R3_T8,J828,36,postal_24451,postal_mean,445,24451,-22.829351276710405,-43.01399541493803,True,167
proximity_J828_R3_T8,J828,37,postal_24725,postal_mean,471,24725,-22.811456217228336,-42.97220863173352,True,63
proximity_J828_R3_T8,J828,38,postal_24756,postal_mean,493,24756,-22.88593339499682,-43.011983104667294,True,50
proximity_J828_R3_T8,J828,39,postal_24800,postal_mean,494,24800,-22.74248129310771,-42.85721075258665,True,50
proximity_J828_R3_T8,J828,40,postal_24890,postal_mean,510,24890,-22.73521870942802,-42.727847609078914,True,6
proximity_J828_R3_T8,J828,41,postal_24902,postal_mean,513,24902,-22.92700535031622,-42.8293157127626,True,60
proximity_J828_R3_T8,J828,42,postal_24922,postal_mean,524,24922,-22.94856570290517,-42.70343236618995,True,2
proximity_J828_R3_T8,J828,43,postal_24934,postal_mean,528,24934,-22.946221164792775,-42.88645951724069,True,53
proximity_J828_R3_T8,J828,44,postal_25035,postal_mean,542,25035,-22.755338688692213,-43.308531682770784,True,108
proximity_J828_R3_T8,J828,45,postal_25211,postal_mean,560,25211,-22.67066808633434,-43.26255563331919,True,80
proximity_J828_R3_T8,J828,46,postal_25250,postal_mean,577,25250,-22.60728606434383,-43.29857473776487,True,20
proximity_J828_R3_T8,J828,47,postal_25565,postal_mean,604,25565,-22.78315358395092,-43.35979003562612,True,119
proximity_J828_R3_T8,J828,48,postal_25615,postal_mean,613,25615,-22.496114223843747,-43.15620443994322,True,47
proximity_J828_R3_T8,J828,49,postal_25655,postal_mean,622,25655,-22.52044984882392,-43.19101234595281,True,126
proximity_J828_R3_T8,J828,50,postal_25730,postal_mean,633,25730,-22.408608081087024,-43.13140914649253,True,56
proximity_J828_R3_T8,J828,51,postal_25770,postal_mean,637,25770,-22.26889273967007,-43.07681259121553,True,5
proximity_J828_R3_T8,J828,52,postal_25901,postal_mean,639,25901,-22.648338600540264,-43.0583437917855,True,46
proximity_J828_R3_T8,J828,53,postal_25935,postal_mean,658,25935,-22.615933155012947,-43.17975719830376,True,42
proximity_J828_R3_T8,J828,54,postal_25938,postal_mean,661,25938,-22.6545713161462,-43.20333179891331,True,34
proximity_J828_R3_T8,J828,55,postal_25943,postal_mean,663,25943,-22.55101493109428,-42.98442049906716,True,22
proximity_J828_R3_T8,J828,56,postal_26060,postal_mean,688,26060,-22.70596026208645,-43.44426093479684,True,68
proximity_J828_R3_T8,J828,57,postal_26112,postal_mean,701,26112,-22.748890763540413,-43.40218859295182,True,84
proximity_J828_R3_T8,J828,58,postal_26183,postal_mean,723,26183,-22.71884157108849,-43.3359503631358,True,50
proximity_J828_R3_T8,J828,59,postal_26216,postal_mean,731,26216,-22.751111606071024,-43.46011896476947,True,225
proximity_J828_R3_T8,J828,60,postal_26278,postal_mean,751,26278,-22.750950306589704,-43.5104936361956,True,105
proximity_J828_R3_T8,J828,61,postal_26321,postal_mean,772,26321,-22.7081915940706,-43.57351771589113,True,71
proximity_J828_R3_T8,J828,62,postal_26582,postal_mean,820,26582,-22.791786349943763,-43.41589366647349,True,186
proximity_J828_R3_T8,J828,63,postal_26600,postal_mean,824,26600,-22.61483382699214,-43.705683375748585,True,49
proximity_J828_R3_T8,J828,64,postal_28680,postal_mean,825,28680,-22.470849051492323,-42.657121037845286,True,19
proximity_J828_R3_T8,J828,65,postal_28695,postal_mean,826,28695,-22.60367916043864,-42.74073968432629,True,1
proximity_J828_R3_T8,J828,66,postal_28800,postal_mean,827,28800,-22.711927870432564,-42.63004113951235,True,27
proximity_J828_R3_T5,J828,0,postal_20211,postal_mean,19,20211,-22.91148503866567,-43.19844247973102,True,667
proximity_J828_R3_T5,J828,1,postal_20560,postal_mean,43,20560,-22.91863600041784,-43.25724486396328,True,624
proximity_J828_R3_T5,J828,2,postal_20755,postal_mean,55,20755,-22.888719129958837,-43.29710870135924,True,325
proximity_J828_R3_T5,J828,3,postal_20911,postal_mean,67,20911,-22.89314885311464,-43.242201014642525,True,112
proximity_J828_R3_T5,J828,4,postal_21010,postal_mean,83,21010,-22.82383918425472,-43.3063018523626,True,246
proximity_J828_R3_T5,J828,5,postal_21073,postal_mean,103,21073,-22.850770856037,-43.27052152360208,True,215
proximity_J828_R3_T5,J828,6,postal_21351,postal_mean,125,21351,-22.87044820264357,-43.34296526816304,True,260
proximity_J828_R3_T5,J828,7,postal_21660,postal_mean,156,21660,-22.839960552960555,-43.37703910572291,True,131
proximity_J828_R3_T5,J828,8,postal_21755,postal_mean,172,21755,-22.88385334415563,-43.41913635549757,True,103
proximity_J828_R3_T5,J828,9,postal_21840,postal_mean,185,21840,-22.868363814263653,-43.46923216795061,True,147
proximity_J828_R3_T5,J828,10,postal_21921,postal_mean,203,21921,-22.8083044291334,-43.18564856697721,True,147
proximity_J828_R3_T5,J828,11,postal_22280,postal_mean,240,22280,-22.95440868548141,-43.185650031057385,True,899
proximity_J828_R3_T5,J828,12,postal_22430,postal_mean,248,22430,-22.98210232841188,-43.22013314970181,True,486
proximity_J828_R3_T5,J828,13,postal_22640,postal_mean,265,22640,-23.001267617010637,-43.3355988370672,True,228
proximity_J828_R3_T5,J828,14,postal_22725,postal_mean,273,22725,-22.91150171276762,-43.37652610722419,True,241
proximity_J828_R3_T5,J828,15,postal_22755,postal_mean,282,22755,-22.947502549436848,-43.33814210193203,True,289
proximity_J828_R3_T5,J828,16,postal_22763,postal_mean,284,22763,-22.949418433889697,-43.38717689639774,True,256
proximity_J828_R3_T5,J828,17,postal_22783,postal_mean,292,22783,-22.984082408782115,-43.44889019919411,True,59
proximity_J828_R3_T5,J828,18,postal_22790,postal_mean,294,22790,-23.01298650422646,-43.46551954103294,True,204
proximity_J828_R3_T5,J828,19,postal_22793,postal_mean,295,22793,-23.00061899109568,-43.40471828456725,True,116
proximity_J828_R3_T5,J828,20,postal_23020,postal_mean,303,23020,-23.0049905225767,-43.54784520457546,True,17
proximity_J828_R3_T5,J828,21,postal_23025,postal_mean,304,23025,-22.99046924798533,-43.61550570181899,True,49
proximity_J828_R3_T5,J828,22,postal_23042,postal_mean,315,23042,-22.92777932523722,-43.554503392883646,True,130
proximity_J828_R3_T5,J828,23,postal_23070,postal_mean,334,23070,-22.896407842881192,-43.57751001381104,True,254
proximity_J828_R3_T5,J828,24,postal_23093,postal_mean,348,23093,-22.87751529574331,-43.53029348075376,True,116
proximity_J828_R3_T5,J828,25,postal_23510,postal_mean,353,23510,-22.91973437055113,-43.67148457968753,True,121
proximity_J828_R3_T5,J828,26,postal_23530,postal_mean,357,23530,-22.97383432126233,-43.6810761924786,True,49
proximity_J828_R3_T5,J828,27,postal_23580,postal_mean,369,23580,-22.911119400069488,-43.62264162522756,True,105
proximity_J828_R3_T5,J828,28,postal_23820,postal_mean,377,23820,-22.862780471644363,-43.78526762819197,True,35
proximity_J828_R3_T5,J828,29,postal_23825,postal_mean,380,23825,-22.885828313712477,-43.82785584819327,True,11
proximity_J828_R3_T5,J828,30,postal_23895,postal_mean,389,23895,-22.746274001626645,-43.708503424610186,True,20
proximity_J828_R3_T5,J828,31,postal_23898,postal_mean,391,23898,-22.80791081625367,-43.644304412473865,True,13
proximity_J828_R3_T5,J828,32,postal_24060,postal_mean,396,24060,-22.88593419631651,-43.1106543708203,True,552
proximity_J828_R3_T5,J828,33,postal_24315,postal_mean,411,24315,-22.901684792085454,-43.06891496088816,True,125
proximity_J828_R3_T5,J828,34,postal_24355,postal_mean,422,24355,-22.9411555966564,-43.043134176624925,True,135
proximity_J828_R3_T5,J828,35,postal_24416,postal_mean,431,24416,-22.840098124434224,-43.06778333387412,True,126
proximity_J828_R3_T5,J828,36,postal_24455,postal_mean,447,24455,-22.80878018901832,-43.0258667651288,True,129
proximity_J828_R3_T5,J828,37,postal_24736,postal_mean,478,24736,-22.820033389763783,-42.969922193443765,True,65
proximity_J828_R3_T5,J828,38,postal_24751,postal_mean,488,24751,-22.86782548778561,-43.002749069555286,True,77
proximity_J828_R3_T5,J828,39,postal_24801,postal_mean,495,24801,-22.7395793666599,-42.84701335677763,True,39
proximity_J828_R3_T5,J828,40,postal_24866,postal_mean,508,24866,-22.73373117887529,-42.93276530734327,True,17
proximity_J828_R3_T5,J828,41,postal_24890,postal_mean,510,24890,-22.73521870942802,-42.727847609078914,True,6
proximity_J828_R3_T5,J828,42,postal_24902,postal_mean,513,24902,-22.92700535031622,-42.8293157127626,True,60
proximity_J828_R3_T5,J828,43,postal_24922,postal_mean,524,24922,-22.94856570290517,-42.70343236618995,True,2
proximity_J828_R3_T5,J828,44,postal_24936,postal_mean,530,24936,-22.954278207609654,-42.96711894755224,True,24
proximity_J828_R3_T5,J828,45,postal_24942,postal_mean,534,24942,-22.93102569180272,-42.92272114486791,True,47
proximity_J828_R3_T5,J828,46,postal_25035,postal_mean,542,25035,-22.755338688692213,-43.308531682770784,True,108
proximity_J828_R3_T5,J828,47,postal_25211,postal_mean,560,25211,-22.67066808633434,-43.26255563331919,True,85
proximity_J828_R3_T5,J828,48,postal_25250,postal_mean,577,25250,-22.60728606434383,-43.29857473776487,True,20
proximity_J828_R3_T5,J828,49,postal_25565,postal_mean,604,25565,-22.78315358395092,-43.35979003562612,True,123
proximity_J828_R3_T5,J828,50,postal_25615,postal_mean,613,25615,-22.496114223843747,-43.15620443994322,True,47
proximity_J828_R3_T5,J828,51,postal_25655,postal_mean,622,25655,-22.52044984882392,-43.19101234595281,True,126
proximity_J828_R3_T5,J828,52,postal_25725,postal_mean,632,25725,-22.427894024726776,-43.20138979903541,True,3
proximity_J828_R3_T5,J828,53,postal_25730,postal_mean,633,25730,-22.408608081087024,-43.13140914649253,True,43
proximity_J828_R3_T5,J828,54,postal_25750,postal_mean,636,25750,-22.33852928975817,-43.12899883949998,True,10
proximity_J828_R3_T5,J828,55,postal_25770,postal_mean,637,25770,-22.26889273967007,-43.07681259121553,True,5
proximity_J828_R3_T5,J828,56,postal_25912,postal_mean,647,25912,-22.57019403842886,-43.058745435694526,True,8
proximity_J828_R3_T5,J828,57,postal_25922,postal_mean,650,25922,-22.66003863059351,-43.1347885471764,True,13
proximity_J828_R3_T5,J828,58,postal_25928,postal_mean,653,25928,-22.63601681822644,-43.02534331618508,True,38
proximity_J828_R3_T5,J828,59,postal_25930,postal_mean,654,25930,-22.68358467046409,-43.160534715770886,True,10
proximity_J828_R3_T5,J828,60,postal_25936,postal_mean,659,25936,-22.62086490867415,-43.19203787685941,True,53
proximity_J828_R3_T5,J828,61,postal_25946,postal_mean,665,25946,-22.527718078493137,-42.97826627951071,True,17
proximity_J828_R3_T5,J828,62,postal_26051,postal_mean,685,26051,-22.69370930904985,-43.45569367309577,True,61
proximity_J828_R3_T5,J828,63,postal_26086,postal_mean,697,26086,-22.727495091333505,-43.52334987524174,True,44
proximity_J828_R3_T5,J828,64,postal_26112,postal_mean,701,26112,-22.748890763540413,-43.40218859295182,True,84
proximity_J828_R3_T5,J828,65,postal_26183,postal_mean,723,26183,-22.71884157108849,-43.3359503631358,True,50
proximity_J828_R3_T5,J828,66,postal_26216,postal_mean,731,26216,-22.751111606071024,-43.46011896476947,True,232
proximity_J828_R3_T5,J828,67,postal_26271,postal_mean,746,26271,-22.76538805577464,-43.513740263369385,True,62
proximity_J828_R3_T5,J828,68,postal_26297,postal_mean,763,26297,-22.81315246690653,-43.58884053145267,True,13
proximity_J828_R3_T5,J828,69,postal_26320,postal_mean,771,26320,-22.70950681506173,-43.580279131181264,True,66
proximity_J828_R3_T5,J828,70,postal_26440,postal_mean,788,26440,-22.6438955448154,-43.64300824279504,True,18
proximity_J828_R3_T5,J828,71,postal_26582,postal_mean,820,26582,-22.791786349943763,-43.41589366647349,True,191
proximity_J828_R3_T5,J828,72,postal_26600,postal_mean,824,26600,-22.61483382699214,-43.705683375748585,True,35
proximity_J828_R3_T5,J828,73,postal_28680,postal_mean,825,28680,-22.470849051492323,-42.657121037845286,True,19
proximity_J828_R3_T5,J828,74,postal_28695,postal_mean,826,28695,-22.60367916043864,-42.74073968432629,True,1
proximity_J828_R3_T5,J828,75,postal_28800,postal_mean,827,28800,-22.711927870432564,-42.63004113951235,True,27
proximity_J828_R5_Tnone,J828,0,postal_20961,postal_mean,78,20961,-22.89892108854126,-43.26048783057711,True,1113
proximity_J828_R5_Tnone,J828,1,postal_21011,postal_mean,84,21011,-22.827727546600816,-43.2864223207302,True,412
proximity_J828_R5_Tnone,J828,2,postal_21351,postal_mean,125,21351,-22.87044820264357,-43.34296526816304,True,461
proximity_J828_R5_Tnone,J828,3,postal_21730,postal_mean,165,21730,-22.86435505255422,-43.434757144170185,True,248
proximity_J828_R5_Tnone,J828,4,postal_21940,postal_mean,207,21940,-22.81388871143013,-43.20247749638257,True,147
proximity_J828_R5_Tnone,J828,5,postal_22245,postal_mean,233,22245,-22.941061091973182,-43.191231191173394,True,1522
proximity_J828_R5_Tnone,J828,6,postal_22450,postal_mean,252,22450,-22.986493696399247,-43.23306806247369,True,462
proximity_J828_R5_Tnone,J828,7,postal_22641,postal_mean,266,22641,-22.986105098852665,-43.31152067063231,True,282
proximity_J828_R5_Tnone,J828,8,postal_22710,postal_mean,267,22710,-22.934576022997884,-43.37578841332682,True,665
proximity_J828_R5_Tnone,J828,9,postal_22783,postal_mean,292,22783,-22.984082408782115,-43.44889019919411,True,379
proximity_J828_R5_Tnone,J828,10,postal_23032,postal_mean,310,23032,-22.972563998366837,-43.64295047031437,True,95
proximity_J828_R5_Tnone,J828,11,postal_23058,postal_mean,323,23058,-22.914787266177115,-43.59078039553711,True,437
proximity_J828_R5_Tnone,J828,12,postal_23094,postal_mean,349,23094,-22.876209770242788,-43.51981673638026,True,239
proximity_J828_R5_Tnone,J828,13,postal_23550,postal_mean,362,23550,-22.930711174851965,-43.68946380025854,True,141
proximity_J828_R5_Tnone,J828,14,postal_23831,postal_mean,383,23831,-22.876635031970025,-43.80985126698182,True,46
proximity_J828_R5_Tnone,J828,15,postal_24120,postal_mean,401,24120,-22.88327023685682,-43.09227400558896,True,697
proximity_J828_R5_Tnone,J828,16,postal_24348,postal_mean,420,24348,-22.970402738373885,-43.03213294708582,True,137
proximity_J828_R5_Tnone,J828,17,postal_24460,postal_mean,450,24460,-22.814787634492188,-43.04329935349616,True,191
proximity_J828_R5_Tnone,J828,18,postal_24746,postal_mean,486,24746,-22.83906700788218,-42.98789279135017,True,177
proximity_J828_R5_Tnone,J828,19,postal_24813,postal_mean,501,24813,-22.75411758328793,-42.88883553024611,True,113
proximity_J828_R5_Tnone,J828,20,postal_24914,postal_mean,520,24914,-22.92345398569025,-42.85760247749489,True,86
proximity_J828_R5_Tnone,J828,21,postal_24940,postal_mean,532,24940,-22.92600502136488,-42.940013982950965,True,54
proximity_J828_R5_Tnone,J828,22,postal_25040,postal_mean,544,25040,-22.74090063654044,-43.31546716030017,True,172
proximity_J828_R5_Tnone,J828,23,postal_25268,postal_mean,587,25268,-22.652696249418973,-43.2761256498613,True,106
proximity_J828_R5_Tnone,J828,24,postal_25540,postal_mean,598,25540,-22.784015528679777,-43.39703232529075,True,368
proximity_J828_R5_Tnone,J828,25,postal_25685,postal_mean,628,25685,-22.50813163708028,-43.18141468751699,True,256
proximity_J828_R5_Tnone,J828,26,postal_25936,postal_mean,659,25936,-22.62086490867415,-43.19203787685941,True,112
proximity_J828_R5_Tnone,J828,27,postal_26022,postal_mean,674,26022,-22.73223237271496,-43.460676715526674,True,333
proximity_J828_R5_Tnone,J828,28,postal_26330,postal_mean,775,26330,-22.73569440043516,-43.542197211853576,True,240
proximity_J828_R5_T15,J828,0,postal_20961,postal_mean,78,20961,-22.89892108854126,-43.26048783057711,True,1113
proximity_J828_R5_T15,J828,1,postal_21011,postal_mean,84,21011,-22.827727546600816,-43.2864223207302,True,412
proximity_J828_R5_T15,J828,2,postal_21351,postal_mean,125,21351,-22.87044820264357,-43.34296526816304,True,461
proximity_J828_R5_T15,J828,3,postal_21730,postal_mean,165,21730,-22.86435505255422,-43.434757144170185,True,243
proximity_J828_R5_T15,J828,4,postal_21940,postal_mean,207,21940,-22.81388871143013,-43.20247749638257,True,147
proximity_J828_R5_T15,J828,5,postal_22245,postal_mean,233,22245,-22.941061091973182,-43.191231191173394,True,1522
proximity_J828_R5_T15,J828,6,postal_22450,postal_mean,252,22450,-22.986493696399247,-43.23306806247369,True,462
proximity_J828_R5_T15,J828,7,postal_22641,postal_mean,266,22641,-22.986105098852665,-43.31152067063231,True,282
proximity_J828_R5_T15,J828,8,postal_22710,postal_mean,267,22710,-22.934576022997884,-43.37578841332682,True,665
proximity_J828_R5_T15,J828,9,postal_22783,postal_mean,292,22783,-22.984082408782115,-43.44889019919411,True,379
proximity_J828_R5_T15,J828,10,postal_23010,postal_mean,297,23010,-22.885872200386764,-43.51372891804045,True,215
proximity_J828_R5_T15,J828,11,postal_23032,postal_mean,310,23032,-22.972563998366837,-43.64295047031437,True,95
proximity_J828_R5_T15,J828,12,postal_23058,postal_mean,323,23058,-22.914787266177115,-43.59078039553711,True,466
proximity_J828_R5_T15,J828,13,postal_23550,postal_mean,362,23550,-22.930711174851965,-43.68946380025854,True,141
proximity_J828_R5_T15,J828,14,postal_23831,postal_mean,383,23831,-22.876635031970025,-43.80985126698182,True,46
proximity_J828_R5_T15,J828,15,postal_24120,postal_mean,401,24120,-22.88327023685682,-43.09227400558896,True,697
proximity_J828_R5_T15,J828,16,postal_24340,postal_mean,416,24340,-22.947654432561997,-43.03365087049761,True,170
proximity_J828_R5_T15,J828,17,postal_24460,postal_mean,450,24460,-22.814787634492188,-43.04329935349616,True,191
proximity_J828_R5_T15,J828,18,postal_24746,postal_mean,486,24746,-22.83906700788218,-42.98789279135017,True,182
proximity_J828_R5_T15,J828,19,postal_24813,postal_mean,501,24813,-22.75411758328793,-42.88883553024611,True,54
proximity_J828_R5_T15,J828,20,postal_24890,postal_mean,510,24890,-22.73521870942802,-42.727847609078914,True,36
proximity_J828_R5_T15,J828,21,postal_24900,postal_mean,511,24900,-22.919618105516072,-42.83978957558533,True,102
proximity_J828_R5_T15,J828,22,postal_25040,postal_mean,544,25040,-22.74090063654044,-43.31546716030017,True,172
proximity_J828_R5_T15,J828,23,postal_25261,postal_mean,582,25261,-22.64530376193324,-43.26203372616665,True,164
proximity_J828_R5_T15,J828,24,postal_25540,postal_mean,598,25540,-22.784015528679777,-43.39703232529075,True,396
proximity_J828_R5_T15,J828,25,postal_25620,postal_mean,614,25620,-22.510230788197468,-43.17544387445511,True,178
proximity_J828_R5_T15,J828,26,postal_25740,postal_mean,634,25740,-22.374645351841945,-43.12909370218015,True,61
proximity_J828_R5_T15,J828,27,postal_25928,postal_mean,653,25928,-22.63601681822644,-43.02534331618508,True,75
proximity_J828_R5_T15,J828,28,postal_26031,postal_mean,677,26031,-22.733144913944965,-43.47564299726109,True,315
proximity_J828_R5_T15,J828,29,postal_26316,postal_mean,770,26316,-22.691702991594585,-43.594666387857934,True,105
proximity_J828_R5_T15,J828,30,postal_26330,postal_mean,775,26330,-22.73569440043516,-43.542197211853576,True,125
proximity_J828_R5_T15,J828,31,postal_28680,postal_mean,825,28680,-22.470849051492323,-42.657121037845286,True,19
proximity_J828_R5_T10,J828,0,postal_20785,postal_mean,65,20785,-22.88659325431333,-43.26783420069855,True,884
proximity_J828_R5_T10,J828,1,postal_21361,postal_mean,127,21361,-22.85332826176321,-43.32822806263115,True,534
proximity_J828_R5_T10,J828,2,postal_21735,postal_mean,166,21735,-22.871537517256936,-43.429726914847,True,223
proximity_J828_R5_T10,J828,3,postal_21932,postal_mean,206,21932,-22.80486286271774,-43.22572822631956,True,168
proximity_J828_R5_T10,J828,4,postal_22241,postal_mean,232,22241,-22.93845834691675,-43.1963680762055,True,1860
proximity_J828_R5_T10,J828,5,postal_22451,postal_mean,253,22451,-22.97841522971715,-43.23772919271784,True,494
proximity_J828_R5_T10,J828,6,postal_22641,postal_mean,266,22641,-22.986105098852665,-43.31152067063231,True,282
proximity_J828_R5_T10,J828,7,postal_22710,postal_mean,267,22710,-22.934576022997884,-43.37578841332682,True,722
proximity_J828_R5_T10,J828,8,postal_22783,postal_mean,292,22783,-22.984082408782115,-43.44889019919411,True,379
proximity_J828_R5_T10,J828,9,postal_23025,postal_mean,304,23025,-22.99046924798533,-43.61550570181899,True,95
proximity_J828_R5_T10,J828,10,postal_23058,postal_mean,323,23058,-22.914787266177115,-43.59078039553711,True,338
proximity_J828_R5_T10,J828,11,postal_23094,postal_mean,349,23094,-22.876209770242788,-43.51981673638026,True,247
proximity_J828_R5_T10,J828,12,postal_23573,postal_mean,367,23573,-22.913149027532867,-43.65356967363749,True,232
proximity_J828_R5_T10,J828,13,postal_23831,postal_mean,383,23831,-22.876635031970025,-43.80985126698182,True,46
proximity_J828_R5_T10,J828,14,postal_23894,postal_mean,388,23894,-22.74100679492528,-43.6998298199384,True,33
proximity_J828_R5_T10,J828,15,postal_24120,postal_mean,401,24120,-22.88327023685682,-43.09227400558896,True,685
proximity_J828_R5_T10,J828,16,postal_24340,postal_mean,416,24340,-22.947654432561997,-43.03365087049761,True,168
proximity_J828_R5_T10,J828,17,postal_24421,postal_mean,434,24421,-22.83065608217072,-43.04204141088677,True,323
proximity_J828_R5_T10,J828,18,postal_24726,postal_mean,472,24726,-22.78851170276054,-42.958565788861314,True,72
proximity_J828_R5_T10,J828,19,postal_24846,postal_mean,503,24846,-22.71538558398837,-42.80638584132024,True,47
proximity_J828_R5_T10,J828,20,postal_24914,postal_mean,520,24914,-22.92345398569025,-42.85760247749489,True,107
proximity_J828_R5_T10,J828,21,postal_24922,postal_mean,524,24922,-22.94856570290517,-42.70343236618995,True,2
proximity_J828_R5_T10,J828,22,postal_25085,postal_mean,558,25085,-22.79583417251553,-43.291526151554045,True,195
proximity_J828_R5_T10,J828,23,postal_25261,postal_mean,582,25261,-22.64530376193324,-43.26203372616665,True,119
proximity_J828_R5_T10,J828,24,postal_25530,postal_mean,596,25530,-22.80597341277987,-43.3903648173854,True,295
proximity_J828_R5_T10,J828,25,postal_25685,postal_mean,628,25685,-22.50813163708028,-43.18141468751699,True,191
proximity_J828_R5_T10,J828,26,postal_25750,postal_mean,636,25750,-22.33852928975817,-43.12899883949998,True,43
proximity_J828_R5_T10,J828,27,postal_25907,postal_mean,644,25907,-22.63855440197675,-43.16000184562523,True,62
proximity_J828_R5_T10,J828,28,postal_25928,postal_mean,653,25928,-22.63601681822644,-43.02534331618508,True,41
proximity_J828_R5_T10,J828,29,postal_25943,postal_mean,663,25943,-22.55101493109428,-42.98442049906716,True,22
proximity_J828_R5_T10,J828,30,postal_26015,postal_mean,671,26015,-22.74498697417717,-43.43911485622618,True,402
proximity_J828_R5_T10,J828,31,postal_26173,postal_mean,719,26173,-22.7293974724831,-43.35646929692585,True,109
proximity_J828_R5_T10,J828,32,postal_26330,postal_mean,775,26330,-22.73569440043516,-43.542197211853576,True,154
proximity_J828_R5_T10,J828,33,postal_26440,postal_mean,788,26440,-22.6438955448154,-43.64300824279504,True,70
proximity_J828_R5_T10,J828,34,postal_28680,postal_mean,825,28680,-22.470849051492323,-42.657121037845286,True,19
proximity_J828_R5_T10,J828,35,postal_28695,postal_mean,826,28695,-22.60367916043864,-42.74073968432629,True,1
proximity_J828_R5_T10,J828,36,postal_28800,postal_mean,827,28800,-22.711927870432564,-42.63004113951235,True,27
proximity_J828_R5_T8,J828,0,postal_20260,postal_mean,28,20260,-22.91934258444981,-43.21542322502569,True,1273
proximity_J828_R5_T8,J828,1,postal_20760,postal_mean,57,20760,-22.879177245162506,-43.28592690942743,True,691
proximity_J828_R5_T8,J828,2,postal_21555,postal_mean,143,21555,-22.855135850026095,-43.36350730842812,True,469
proximity_J828_R5_T8,J828,3,postal_21730,postal_mean,165,21730,-22.86435505255422,-43.434757144170185,True,210
proximity_J828_R5_T8,J828,4,postal_21932,postal_mean,206,21932,-22.80486286271774,-43.22572822631956,True,168
proximity_J828_R5_T8,J828,5,postal_22261,postal_mean,237,22261,-22.95721825808972,-43.20026060905936,True,1356
proximity_J828_R5_T8,J828,6,postal_22641,postal_mean,266,22641,-22.986105098852665,-43.31152067063231,True,319
proximity_J828_R5_T8,J828,7,postal_22710,postal_mean,267,22710,-22.934576022997884,-43.37578841332682,True,665
proximity_J828_R5_T8,J828,8,postal_22783,postal_mean,292,22783,-22.984082408782115,-43.44889019919411,True,379
proximity_J828_R5_T8,J828,9,postal_23010,postal_mean,297,23010,-22.885872200386764,-43.51372891804045,True,210
proximity_J828_R5_T8,J828,10,postal_23025,postal_mean,304,23025,-22.99046924798533,-43.61550570181899,True,73
proximity_J828_R5_T8,J828,11,postal_23059,postal_mean,324,23059,-22.913307945677737,-43.59042985137216,True,457
proximity_J828_R5_T8,J828,12,postal_23550,postal_mean,362,23550,-22.930711174851965,-43.68946380025854,True,163
proximity_J828_R5_T8,J828,13,postal_23831,postal_mean,383,23831,-22.876635031970025,-43.80985126698182,True,46
proximity_J828_R5_T8,J828,14,postal_23890,postal_mean,386,23890,-22.787688375690134,-43.64890166112607,True,43
proximity_J828_R5_T8,J828,15,postal_24110,postal_mean,398,24110,-22.867915276400392,-43.09960548772942,True,648
proximity_J828_R5_T8,J828,16,postal_24330,postal_mean,415,24330,-22.901199547746405,-42.991174595669065,True,100
proximity_J828_R5_T8,J828,17,postal_24350,postal_mean,421,24350,-22.94061686421916,-43.06545401112341,True,214
proximity_J828_R5_T8,J828,18,postal_24450,postal_mean,444,24450,-22.82316908005648,-43.02002823624667,True,283
proximity_J828_R5_T8,J828,19,postal_24812,postal_mean,500,24812,-22.75019628085652,-42.87187716603211,True,56
proximity_J828_R5_T8,J828,20,postal_24890,postal_mean,510,24890,-22.73521870942802,-42.727847609078914,True,6
proximity_J828_R5_T8,J828,21,postal_24914,postal_mean,520,24914,-22.92345398569025,-42.85760247749489,True,95
proximity_J828_R5_T8,J828,22,postal_24922,postal_mean,524,24922,-22.94856570290517,-42.70343236618995,True,2
proximity_J828_R5_T8,J828,23,postal_25085,postal_mean,558,25085,-22.79583417251553,-43.291526151554045,True,277
proximity_J828_R5_T8,J828,24,postal_25253,postal_mean,579,25253,-22.612060153892077,-43.28185276890751,True,72
proximity_J828_R5_T8,J828,25,postal_25685,postal_mean,628,25685,-22.50813163708028,-43.18141468751699,True,173
proximity_J828_R5_T8,J828,26,postal_25730,postal_mean,633,25730,-22.408608081087024,-43.13140914649253,True,56
proximity_J828_R5_T8,J828,27,postal_25770,postal_mean,637,25770,-22.26889273967007,-43.07681259121553,True,5
proximity_J828_R5_T8,J828,28,postal_25903,postal_mean,641,25903,-22.641865834980965,-43.07245208309176,True,53
proximity_J828_R5_T8,J828,29,postal_25938,postal_mean,661,25938,-22.6545713161462,-43.20333179891331,True,92
proximity_J828_R5_T8,J828,30,postal_25943,postal_mean,663,25943,-22.55101493109428,-42.98442049906716,True,22
proximity_J828_R5_T8,J828,31,postal_26033,postal_mean,679,26033,-22.722956089481777,-43.4618987093067,True,287
proximity_J828_R5_T8,J828,32,postal_26175,postal_mean,720,26175,-22.723712605507256,-43.34218222243037,True,101
proximity_J828_R5_T8,J828,33,postal_26330,postal_mean,775,26330,-22.73569440043516,-43.542197211853576,True,148
proximity_J828_R5_T8,J828,34,postal_26433,postal_mean,786,26433,-22.650250797954484,-43.65355119895557,True,71
proximity_J828_R5_T8,J828,35,postal_26574,postal_mean,818,26574,-22.77767719983202,-43.4038669735974,True,361
proximity_J828_R5_T8,J828,36,postal_28680,postal_mean,825,28680,-22.470849051492323,-42.657121037845286,True,19
proximity_J828_R5_T8,J828,37,postal_28695,postal_mean,826,28695,-22.60367916043864,-42.74073968432629,True,1
proximity_J828_R5_T8,J828,38,postal_28800,postal_mean,827,28800,-22.711927870432564,-42.63004113951235,True,27
proximity_J828_R10_Tnone,J828,0,postal_20530,postal_mean,36,20530,-22.93768625306417,-43.24886943417944,True,2388
proximity_J828_R10_Tnone,J828,1,postal_20931,postal_mean,71,20931,-22.880476502680093,-43.21772315263865,True,1143
proximity_J828_R10_Tnone,J828,2,postal_21650,postal_mean,154,21650,-22.816850689474528,-43.374314532417216,True,1342
proximity_J828_R10_Tnone,J828,3,postal_22775,postal_mean,289,22775,-22.969148201152677,-43.38306523796816,True,1370
proximity_J828_R10_Tnone,J828,4,postal_23017,postal_mean,302,23017,-22.91957476261591,-43.52855570225305,True,733
proximity_J828_R10_Tnone,J828,5,postal_23565,postal_mean,365,23565,-22.897761741341185,-43.69665951306267,True,360
proximity_J828_R10_Tnone,J828,6,postal_24754,postal_mean,491,24754,-22.872354587681084,-43.027432812835386,True,1156
proximity_J828_R10_Tnone,J828,7,postal_24930,postal_mean,525,24930,-22.92610775291927,-42.89850356371279,True,203
proximity_J828_R10_Tnone,J828,8,postal_25265,postal_mean,584,25265,-22.649550626444302,-43.23034128992175,True,228
proximity_J828_R10_Tnone,J828,9,postal_25715,postal_mean,630,25715,-22.47150966453406,-43.1620277638875,True,282
proximity_J828_R10_Tnone,J828,10,postal_26088,postal_mean,699,26088,-22.709994584521123,-43.52081425760519,True,486
proximity_J828_R10_T30,J828,0,postal_20931,postal_mean,71,20931,-22.880476502680093,-43.21772315263865,True,2156
proximity_J828_R10_T30,J828,1,postal_21650,postal_mean,154,21650,-22.816850689474528,-43.374314532417216,True,1226
proximity_J828_R10_T30,J828,2,postal_22430,postal_mean,248,22430,-22.98210232841188,-43.22013314970181,True,1373
proximity_J828_R10_T30,J828,3,postal_22775,postal_mean,289,22775,-22.969148201152677,-43.38306523796816,True,1372
proximity_J828_R10_T30,J828,4,postal_23017,postal_mean,302,23017,-22.91957476261591,-43.52855570225305,True,733
proximity_J828_R10_T30,J828,5,postal_23565,postal_mean,365,23565,-22.897761741341185,-43.69665951306267,True,362
proximity_J828_R10_T30,J828,6,postal_24325,postal_mean,414,24325,-22.882411375017146,-43.023744808929656,True,1155
proximity_J828_R10_T30,J828,7,postal_24930,postal_mean,525,24930,-22.92610775291927,-42.89850356371279,True,166
proximity_J828_R10_T30,J828,8,postal_25265,postal_mean,584,25265,-22.649550626444302,-43.23034128992175,True,228
proximity_J828_R10_T30,J828,9,postal_25715,postal_mean,630,25715,-22.47150966453406,-43.1620277638875,True,263
proximity_J828_R10_T30,J828,10,postal_26031,postal_mean,677,26031,-22.733144913944965,-43.47564299726109,True,600
proximity_J828_R10_T30,J828,11,postal_28800,postal_mean,827,28800,-22.711927870432564,-42.63004113951235,True,57
proximity_J828_R10_T20,J828,0,postal_20250,postal_mean,26,20250,-22.919337655136697,-43.21247470976231,True,2867
proximity_J828_R10_T20,J828,1,postal_21021,postal_mean,87,21021,-22.84207289300327,-43.265065434319375,True,1084
proximity_J828_R10_T20,J828,2,postal_22775,postal_mean,289,22775,-22.969148201152677,-43.38306523796816,True,1478
proximity_J828_R10_T20,J828,3,postal_23057,postal_mean,322,23057,-22.917530927853,-43.52832489679447,True,753
proximity_J828_R10_T20,J828,4,postal_23565,postal_mean,365,23565,-22.897761741341185,-43.69665951306267,True,360
proximity_J828_R10_T20,J828,5,postal_24325,postal_mean,414,24325,-22.882411375017146,-43.023744808929656,True,1134
proximity_J828_R10_T20,J828,6,postal_24914,postal_mean,520,24914,-22.92345398569025,-42.85760247749489,True,134
proximity_J828_R10_T20,J828,7,postal_25223,postal_mean,566,25223,-22.683322481003053,-43.25395359470418,True,196
proximity_J828_R10_T20,J828,8,postal_25525,postal_mean,595,25525,-22.79612913604517,-43.38275185182584,True,885
proximity_J828_R10_T20,J828,9,postal_25720,postal_mean,631,25720,-22.43222926280023,-43.14086038411682,True,179
proximity_J828_R10_T20,J828,10,postal_25932,postal_mean,656,25932,-22.606414625881992,-43.16479917404288,True,169
proximity_J828_R10_T20,J828,11,postal_26382,postal_mean,778,26382,-22.692331349282565,-43.531816681604255,True,376
proximity_J828_R10_T20,J828,12,postal_28695,postal_mean,826,28695,-22.60367916043864,-42.74073968432629,True,76
proximity_J828_R10_T15,J828,0,postal_20250,postal_mean,26,20250,-22.919337655136697,-43.21247470976231,True,3024
proximity_J828_R10_T15,J828,1,postal_21011,postal_mean,84,21011,-22.827727546600816,-43.2864223207302,True,1135
proximity_J828_R10_T15,J828,2,postal_22775,postal_mean,289,22775,-22.969148201152677,-43.38306523796816,True,1489
proximity_J828_R10_T15,J828,3,postal_23061,postal_mean,326,23061,-22.908445285088447,-43.60810021286953,True,846
proximity_J828_R10_T15,J828,4,postal_23855,postal_mean,385,23855,-22.86387076999147,-43.7592342671893,True,69
proximity_J828_R10_T15,J828,5,postal_24325,postal_mean,414,24325,-22.882411375017146,-43.023744808929656,True,1093
proximity_J828_R10_T15,J828,6,postal_24855,postal_mean,504,24855,-22.773459679480904,-42.91565441771825,True,94
proximity_J828_R10_T15,J828,7,postal_24890,postal_mean,510,24890,-22.73521870942802,-42.727847609078914,True,36
proximity_J828_R10_T15,J828,8,postal_24941,postal_mean,533,24941,-22.9132211037494,-42.83795907003351,True,102
proximity_J828_R10_T15,J828,9,postal_25231,postal_mean,569,25231,-22.683563816603137,-43.29906896652288,True,221
proximity_J828_R10_T15,J828,10,postal_25645,postal_mean,619,25645,-22.54079651100627,-43.20123507158808,True,212
proximity_J828_R10_T15,J828,11,postal_25740,postal_mean,634,25740,-22.374645351841945,-43.12909370218015,True,61
proximity_J828_R10_T15,J828,12,postal_25912,postal_mean,647,25912,-22.57019403842886,-43.058745435694526,True,75
proximity_J828_R10_T15,J828,13,postal_26316,postal_mean,770,26316,-22.691702991594585,-43.594666387857934,True,200
proximity_J828_R10_T15,J828,14,postal_26585,postal_mean,822,26585,-22.79835084305232,-43.434750437897016,True,1015
proximity_J828_R10_T15,J828,15,postal_28680,postal_mean,825,28680,-22.470849051492323,-42.657121037845286,True,19
pmedian_J300_R5_K54,J300,0,postal_22790,postal_mean,294,22790,-23.01298650422646,-43.46551954103294,True,263
pmedian_J300_R5_K54,J300,1,postal_22793,postal_mean,295,22793,-23.00061899109568,-43.40471828456725,True,116
pmedian_J300_R5_K54,J300,2,postal_24220,postal_mean,406,24220,-22.90324481661885,-43.107023598220486,True,500
pmedian_J300_R5_K54,J300,3,postal_22775,postal_mean,289,22775,-22.969148201152677,-43.38306523796816,True,166
pmedian_J300_R5_K54,J300,4,postal_22631,postal_mean,264,22631,-23.00365666838398,-43.34075885321385,True,228
pmedian_J300_R5_K54,J300,5,postal_20540,postal_mean,39,20540,-22.92255591041081,-43.243901231317686,True,529
pmedian_J300_R5_K54,J300,6,postal_21330,postal_mean,120,21330,-22.8828767826158,-43.36417448357049,True,310
pmedian_J300_R5_K54,J300,7,postal_22750,postal_mean,280,22750,-22.94338467090066,-43.33437919544068,True,169
pmedian_J300_R5_K54,J300,8,postal_22770,postal_mean,286,22770,-22.93691091371265,-43.36097335035081,True,217
pmedian_J300_R5_K54,J300,9,postal_22231,postal_mean,230,22231,-22.93615390975268,-43.18183226783302,True,377
pmedian_J300_R5_K54,J300,10,postal_20270,postal_mean,30,20270,-22.916244564738715,-43.21795033526529,True,382
pmedian_J300_R5_K54,J300,11,postal_21931,postal_mean,205,21931,-22.809517664348768,-43.200203165434935,True,147
pmedian_J300_R5_K54,J300,12,postal_20735,postal_mean,50,20735,-22.900247004009792,-43.28620954651436,True,313
pmedian_J300_R5_K54,J300,13,postal_21235,postal_mean,111,21235,-22.83791177652518,-43.322271046058205,True,292
pmedian_J300_R5_K54,J300,14,postal_20040,postal_mean,6,20040,-22.90568600024909,-43.177156307060464,True,330
pmedian_J300_R5_K54,J300,15,postal_26600,postal_mean,824,26600,-22.61483382699214,-43.705683375748585,True,73
pmedian_J300_R5_K54,J300,16,postal_22071,postal_mean,222,22071,-22.980184787318848,-43.19459066773997,True,329
pmedian_J300_R5_K54,J300,17,postal_22280,postal_mean,240,22280,-22.95440868548141,-43.185650031057385,True,443
pmedian_J300_R5_K54,J300,18,postal_28800,postal_mean,827,28800,-22.711927870432564,-42.63004113951235,True,34
pmedian_J300_R5_K54,J300,19,postal_21073,postal_mean,103,21073,-22.850770856037,-43.27052152360208,True,260
pmedian_J300_R5_K54,J300,20,postal_24130,postal_mean,402,24130,-22.87922689320265,-43.09157186572144,True,119
pmedian_J300_R5_K54,J300,21,postal_22720,postal_mean,271,22720,-22.91816741998529,-43.38651552844117,True,149
pmedian_J300_R5_K54,J300,22,postal_23045,postal_mean,316,23045,-22.916840745702157,-43.56234010712124,True,173
pmedian_J300_R5_K54,J300,23,postal_22431,postal_mean,249,22431,-22.98284371340203,-43.22474000720175,True,314
pmedian_J300_R5_K54,J300,24,postal_23092,postal_mean,347,23092,-22.87085601200714,-43.54384874896292,True,146
pmedian_J300_R5_K54,J300,25,postal_24320,postal_mean,412,24320,-22.902823180776025,-43.05085812937721,True,96
pmedian_J300_R5_K54,J300,26,postal_25655,postal_mean,622,25655,-22.52044984882392,-43.19101234595281,True,173
pmedian_J300_R5_K54,J300,27,postal_26525,postal_mean,801,26525,-22.805706631753832,-43.42307905240664,True,187
pmedian_J300_R5_K54,J300,28,postal_21380,postal_mean,130,21380,-22.88331793518069,-43.31951190668025,True,125
pmedian_J300_R5_K54,J300,29,postal_28680,postal_mean,825,28680,-22.470849051492323,-42.657121037845286,True,19
pmedian_J300_R5_K54,J300,30,postal_23587,postal_mean,371,23587,-22.922380751135307,-43.629510536912335,True,72
pmedian_J300_R5_K54,J300,31,postal_25730,postal_mean,633,25730,-22.408608081087024,-43.13140914649253,True,61
pmedian_J300_R5_K54,J300,32,postal_25900,postal_mean,638,25900,-22.651419516496585,-43.06655787630402,True,48
pmedian_J300_R5_K54,J300,33,postal_26070,postal_mean,691,26070,-22.712261582859316,-43.43397796646818,True,110
pmedian_J300_R5_K54,J300,34,postal_24936,postal_mean,530,24936,-22.954278207609654,-42.96711894755224,True,47
pmedian_J300_R5_K54,J300,35,postal_25935,postal_mean,658,25935,-22.615933155012947,-43.17975719830376,True,75
pmedian_J300_R5_K54,J300,36,postal_23535,postal_mean,358,23535,-22.9790211808901,-43.69012245165258,True,54
pmedian_J300_R5_K54,J300,37,postal_24900,postal_mean,511,24900,-22.919618105516072,-42.83978957558533,True,86
pmedian_J300_R5_K54,J300,38,postal_25035,postal_mean,542,25035,-22.755338688692213,-43.308531682770784,True,178
pmedian_J300_R5_K54,J300,39,postal_25510,postal_mean,592,25510,-22.790646777654263,-43.375643445446975,True,158
pmedian_J300_R5_K54,J300,40,postal_26087,postal_mean,698,26087,-22.716288877191023,-43.51530571258531,True,170
pmedian_J300_R5_K54,J300,41,postal_23063,postal_mean,328,23063,-22.897521961702388,-43.591752252623216,True,226
pmedian_J300_R5_K54,J300,42,postal_24435,postal_mean,440,24435,-22.827481947170185,-43.0698152344756,True,128
pmedian_J300_R5_K54,J300,43,postal_24710,postal_mean,461,24710,-22.822624306841355,-43.00309374212156,True,231
pmedian_J300_R5_K54,J300,44,postal_25250,postal_mean,577,25250,-22.60728606434383,-43.29857473776487,True,85
pmedian_J300_R5_K54,J300,45,postal_26210,postal_mean,729,26210,-22.75587652233678,-43.45011309119682,True,274
pmedian_J300_R5_K54,J300,46,postal_23030,postal_mean,308,23030,-22.96669955681108,-43.6017686687425,True,78
pmedian_J300_R5_K54,J300,47,postal_21710,postal_mean,160,21710,-22.876979699775763,-43.42527912676291,True,102
pmedian_J300_R5_K54,J300,48,postal_21820,postal_mean,179,21820,-22.88188843504765,-43.46899760400734,True,153
pmedian_J300_R5_K54,J300,49,postal_24355,postal_mean,422,24355,-22.9411555966564,-43.043134176624925,True,135
pmedian_J300_R5_K54,J300,50,postal_25946,postal_mean,665,25946,-22.527718078493137,-42.97826627951071,True,21
pmedian_J300_R5_K54,J300,51,postal_23570,postal_mean,366,23570,-22.909310774242133,-43.67111972773999,True,118
pmedian_J300_R5_K54,J300,52,postal_23810,postal_mean,373,23810,-22.87093410934107,-43.76901268302672,True,46
pmedian_J300_R5_K54,J300,53,postal_24800,postal_mean,494,24800,-22.74248129310771,-42.85721075258665,True,56
pmedian_J300_R5_K55,J300,0,postal_22790,postal_mean,294,22790,-23.01298650422646,-43.46551954103294,True,263
pmedian_J300_R5_K55,J300,1,postal_22793,postal_mean,295,22793,-23.00061899109568,-43.40471828456725,True,116
pmedian_J300_R5_K55,J300,2,postal_24220,postal_mean,406,24220,-22.90324481661885,-43.107023598220486,True,500
pmedian_J300_R5_K55,J300,3,postal_22775,postal_mean,289,22775,-22.969148201152677,-43.38306523796816,True,166
pmedian_J300_R5_K55,J300,4,postal_22631,postal_mean,264,22631,-23.00365666838398,-43.34075885321385,True,228
pmedian_J300_R5_K55,J300,5,postal_20540,postal_mean,39,20540,-22.92255591041081,-43.243901231317686,True,529
pmedian_J300_R5_K55,J300,6,postal_21321,postal_mean,119,21321,-22.89512617328995,-43.357502145957,True,163
pmedian_J300_R5_K55,J300,7,postal_22750,postal_mean,280,22750,-22.94338467090066,-43.33437919544068,True,169
pmedian_J300_R5_K55,J300,8,postal_22770,postal_mean,286,22770,-22.93691091371265,-43.36097335035081,True,217
pmedian_J300_R5_K55,J300,9,postal_22231,postal_mean,230,22231,-22.93615390975268,-43.18183226783302,True,377
pmedian_J300_R5_K55,J300,10,postal_20270,postal_mean,30,20270,-22.916244564738715,-43.21795033526529,True,382
pmedian_J300_R5_K55,J300,11,postal_21931,postal_mean,205,21931,-22.809517664348768,-43.200203165434935,True,147
pmedian_J300_R5_K55,J300,12,postal_20735,postal_mean,50,20735,-22.900247004009792,-43.28620954651436,True,313
pmedian_J300_R5_K55,J300,13,postal_21235,postal_mean,111,21235,-22.83791177652518,-43.322271046058205,True,287
pmedian_J300_R5_K55,J300,14,postal_20040,postal_mean,6,20040,-22.90568600024909,-43.177156307060464,True,330
pmedian_J300_R5_K55,J300,15,postal_26600,postal_mean,824,26600,-22.61483382699214,-43.705683375748585,True,73
pmedian_J300_R5_K55,J300,16,postal_22071,postal_mean,222,22071,-22.980184787318848,-43.19459066773997,True,329
pmedian_J300_R5_K55,J300,17,postal_22280,postal_mean,240,22280,-22.95440868548141,-43.185650031057385,True,443
pmedian_J300_R5_K55,J300,18,postal_28800,postal_mean,827,28800,-22.711927870432564,-42.63004113951235,True,34
pmedian_J300_R5_K55,J300,19,postal_21073,postal_mean,103,21073,-22.850770856037,-43.27052152360208,True,260
pmedian_J300_R5_K55,J300,20,postal_24130,postal_mean,402,24130,-22.87922689320265,-43.09157186572144,True,119
pmedian_J300_R5_K55,J300,21,postal_22720,postal_mean,271,22720,-22.91816741998529,-43.38651552844117,True,155
pmedian_J300_R5_K55,J300,22,postal_23045,postal_mean,316,23045,-22.916840745702157,-43.56234010712124,True,173
pmedian_J300_R5_K55,J300,23,postal_22431,postal_mean,249,22431,-22.98284371340203,-43.22474000720175,True,314
pmedian_J300_R5_K55,J300,24,postal_23092,postal_mean,347,23092,-22.87085601200714,-43.54384874896292,True,146
pmedian_J300_R5_K55,J300,25,postal_24320,postal_mean,412,24320,-22.902823180776025,-43.05085812937721,True,96
pmedian_J300_R5_K55,J300,26,postal_21610,postal_mean,145,21610,-22.867011045510356,-43.371883316604816,True,150
pmedian_J300_R5_K55,J300,27,postal_25655,postal_mean,622,25655,-22.52044984882392,-43.19101234595281,True,173
pmedian_J300_R5_K55,J300,28,postal_26525,postal_mean,801,26525,-22.805706631753832,-43.42307905240664,True,185
pmedian_J300_R5_K55,J300,29,postal_21380,postal_mean,130,21380,-22.88331793518069,-43.31951190668025,True,135
pmedian_J300_R5_K55,J300,30,postal_28680,postal_mean,825,28680,-22.470849051492323,-42.657121037845286,True,19
pmedian_J300_R5_K55,J300,31,postal_23587,postal_mean,371,23587,-22.922380751135307,-43.629510536912335,True,72
pmedian_J300_R5_K55,J300,32,postal_25730,postal_mean,633,25730,-22.408608081087024,-43.13140914649253,True,61
pmedian_J300_R5_K55,J300,33,postal_25900,postal_mean,638,25900,-22.651419516496585,-43.06655787630402,True,48
pmedian_J300_R5_K55,J300,34,postal_26070,postal_mean,691,26070,-22.712261582859316,-43.43397796646818,True,110
pmedian_J300_R5_K55,J300,35,postal_24936,postal_mean,530,24936,-22.954278207609654,-42.96711894755224,True,47
pmedian_J300_R5_K55,J300,36,postal_25935,postal_mean,658,25935,-22.615933155012947,-43.17975719830376,True,75
pmedian_J300_R5_K55,J300,37,postal_23535,postal_mean,358,23535,-22.9790211808901,-43.69012245165258,True,54
pmedian_J300_R5_K55,J300,38,postal_24900,postal_mean,511,24900,-22.919618105516072,-42.83978957558533,True,86
pmedian_J300_R5_K55,J300,39,postal_25035,postal_mean,542,25035,-22.755338688692213,-43.308531682770784,True,178
pmedian_J300_R5_K55,J300,40,postal_25510,postal_mean,592,25510,-22.790646777654263,-43.375643445446975,True,157
pmedian_J300_R5_K55,J300,41,postal_26087,postal_mean,698,26087,-22.716288877191023,-43.51530571258531,True,170
pmedian_J300_R5_K55,J300,42,postal_23063,postal_mean,328,23063,-22.897521961702388,-43.591752252623216,True,226
pmedian_J300_R5_K55,J300,43,postal_24435,postal_mean,440,24435,-22.827481947170185,-43.0698152344756,True,128
pmedian_J300_R5_K55,J300,44,postal_24710,postal_mean,461,24710,-22.822624306841355,-43.00309374212156,True,231
pmedian_J300_R5_K55,J300,45,postal_25250,postal_mean,577,25250,-22.60728606434383,-43.29857473776487,True,85
pmedian_J300_R5_K55,J300,46,postal_26210,postal_mean,729,26210,-22.75587652233678,-43.45011309119682,True,274
pmedian_J300_R5_K55,J300,47,postal_23030,postal_mean,308,23030,-22.96669955681108,-43.6017686687425,True,78
pmedian_J300_R5_K55,J300,48,postal_21710,postal_mean,160,21710,-22.876979699775763,-43.42527912676291,True,91
pmedian_J300_R5_K55,J300,49,postal_21820,postal_mean,179,21820,-22.88188843504765,-43.46899760400734,True,153
pmedian_J300_R5_K55,J300,50,postal_24355,postal_mean,422,24355,-22.9411555966564,-43.043134176624925,True,135
pmedian_J300_R5_K55,J300,51,postal_25946,postal_mean,665,25946,-22.527718078493137,-42.97826627951071,True,21
pmedian_J300_R5_K55,J300,52,postal_23570,postal_mean,366,23570,-22.909310774242133,-43.67111972773999,True,118
pmedian_J300_R5_K55,J300,53,postal_23810,postal_mean,373,23810,-22.87093410934107,-43.76901268302672,True,46
pmedian_J300_R5_K55,J300,54,postal_24800,postal_mean,494,24800,-22.74248129310771,-42.85721075258665,True,56
pmedian_J300_R10_K22,J300,0,postal_22790,postal_mean,294,22790,-23.01298650422646,-43.46551954103294,True,396
pmedian_J300_R10_K22,J300,1,postal_24220,postal_mean,406,24220,-22.90324481661885,-43.107023598220486,True,822
pmedian_J300_R10_K22,J300,2,postal_22631,postal_mean,264,22631,-23.00365666838398,-43.34075885321385,True,280
pmedian_J300_R10_K22,J300,3,postal_20550,postal_mean,41,20550,-22.91679214318689,-43.2315503991291,True,888
pmedian_J300_R10_K22,J300,4,postal_21330,postal_mean,120,21330,-22.8828767826158,-43.36417448357049,True,401
pmedian_J300_R10_K22,J300,5,postal_22770,postal_mean,286,22770,-22.93691091371265,-43.36097335035081,True,649
pmedian_J300_R10_K22,J300,6,postal_22221,postal_mean,228,22221,-22.928999413639037,-43.18145032839962,True,814
pmedian_J300_R10_K22,J300,7,postal_21931,postal_mean,205,21931,-22.809517664348768,-43.200203165434935,True,168
pmedian_J300_R10_K22,J300,8,postal_26600,postal_mean,824,26600,-22.61483382699214,-43.705683375748585,True,90
pmedian_J300_R10_K22,J300,9,postal_23520,postal_mean,355,23520,-22.936255491866653,-43.661399065747545,True,332
pmedian_J300_R10_K22,J300,10,postal_28800,postal_mean,827,28800,-22.711927870432564,-42.63004113951235,True,56
pmedian_J300_R10_K22,J300,11,postal_22061,postal_mean,220,22061,-22.975419252327107,-43.19263365219479,True,1002
pmedian_J300_R10_K22,J300,12,postal_23080,postal_mean,340,23080,-22.89853933540845,-43.56542140516348,True,564
pmedian_J300_R10_K22,J300,13,postal_25935,postal_mean,658,25935,-22.615933155012947,-43.17975719830376,True,222
pmedian_J300_R10_K22,J300,14,postal_24900,postal_mean,511,24900,-22.919618105516072,-42.83978957558533,True,147
pmedian_J300_R10_K22,J300,15,postal_25510,postal_mean,592,25510,-22.790646777654263,-43.375643445446975,True,431
pmedian_J300_R10_K22,J300,16,postal_25620,postal_mean,614,25620,-22.510230788197468,-43.17544387445511,True,255
pmedian_J300_R10_K22,J300,17,postal_21211,postal_mean,105,21211,-22.836828071243165,-43.30804460963914,True,471
pmedian_J300_R10_K22,J300,18,postal_26210,postal_mean,729,26210,-22.75587652233678,-43.45011309119682,True,556
pmedian_J300_R10_K22,J300,19,postal_20770,postal_mean,61,20770,-22.89263110411781,-43.28601357326318,True,486
pmedian_J300_R10_K22,J300,20,postal_21810,postal_mean,177,21810,-22.87922054417216,-43.45931046493799,True,235
pmedian_J300_R10_K22,J300,21,postal_24450,postal_mean,444,24450,-22.82316908005648,-43.02002823624667,True,426
pmedian_J300_R10_K23,J300,0,postal_22790,postal_mean,294,22790,-23.01298650422646,-43.46551954103294,True,396
pmedian_J300_R10_K23,J300,1,postal_24220,postal_mean,406,24220,-22.90324481661885,-43.107023598220486,True,822
pmedian_J300_R10_K23,J300,2,postal_22631,postal_mean,264,22631,-23.00365666838398,-43.34075885321385,True,280
pmedian_J300_R10_K23,J300,3,postal_20550,postal_mean,41,20550,-22.91679214318689,-43.2315503991291,True,888
pmedian_J300_R10_K23,J300,4,postal_21330,postal_mean,120,21330,-22.8828767826158,-43.36417448357049,True,402
pmedian_J300_R10_K23,J300,5,postal_22770,postal_mean,286,22770,-22.93691091371265,-43.36097335035081,True,649
pmedian_J300_R10_K23,J300,6,postal_22221,postal_mean,228,22221,-22.928999413639037,-43.18145032839962,True,814
pmedian_J300_R10_K23,J300,7,postal_21931,postal_mean,205,21931,-22.809517664348768,-43.200203165434935,True,168
pmedian_J300_R10_K23,J300,8,postal_26600,postal_mean,824,26600,-22.61483382699214,-43.705683375748585,True,90
pmedian_J300_R10_K23,J300,9,postal_23520,postal_mean,355,23520,-22.936255491866653,-43.661399065747545,True,332
pmedian_J300_R10_K23,J300,10,postal_28800,postal_mean,827,28800,-22.711927870432564,-42.63004113951235,True,56
pmedian_J300_R10_K23,J300,11,postal_22061,postal_mean,220,22061,-22.975419252327107,-43.19263365219479,True,1002
pmedian_J300_R10_K23,J300,12,postal_26525,postal_mean,801,26525,-22.805706631753832,-43.42307905240664,True,315
pmedian_J300_R10_K23,J300,13,postal_23080,postal_mean,340,23080,-22.89853933540845,-43.56542140516348,True,564
pmedian_J300_R10_K23,J300,14,postal_25935,postal_mean,658,25935,-22.615933155012947,-43.17975719830376,True,183
pmedian_J300_R10_K23,J300,15,postal_24900,postal_mean,511,24900,-22.919618105516072,-42.83978957558533,True,147
pmedian_J300_R10_K23,J300,16,postal_25035,postal_mean,542,25035,-22.755338688692213,-43.308531682770784,True,244
pmedian_J300_R10_K23,J300,17,postal_25620,postal_mean,614,25620,-22.510230788197468,-43.17544387445511,True,255
pmedian_J300_R10_K23,J300,18,postal_26020,postal_mean,672,26020,-22.73307786504663,-43.4496138786291,True,521
pmedian_J300_R10_K23,J300,19,postal_21211,postal_mean,105,21211,-22.836828071243165,-43.30804460963914,True,416
pmedian_J300_R10_K23,J300,20,postal_20770,postal_mean,61,20770,-22.89263110411781,-43.28601357326318,True,486
pmedian_J300_R10_K23,J300,21,postal_21810,postal_mean,177,21810,-22.87922054417216,-43.45931046493799,True,235
pmedian_J300_R10_K23,J300,22,postal_24450,postal_mean,444,24450,-22.82316908005648,-43.02002823624667,True,426
