method,CEP,lat,lng,n_pedidos,native_label,nearest_facility,distance_km,native_distance_km
Agglomerative-average,20010,-22.902565933548235,-43.17859890530714,7,5,5,3.722527280944864,3.722527280944864
Agglomerative-average,20011,-22.904993445903926,-43.17607769647398,15,5,5,3.815453047707268,3.815453047707268
Agglomerative-average,20020,-22.90749454533334,-43.17316912947846,9,5,5,3.9757381612361553,3.9757381612361553
Agglomerative-average,20021,-22.912369544913428,-43.17350079335496,13,5,5,3.7814096892951694,3.7814096892951694
Agglomerative-average,20030,-22.909873939082548,-43.17365036548527,21,5,5,3.841419664743346,3.841419664743346
Agglomerative-average,20031,-22.909572437655488,-43.1777031129869,38,5,5,3.4596607753446142,3.4596607753446142
Agglomerative-average,20040,-22.90568600024909,-43.177156307060464,35,5,5,3.682239262765678,3.682239262765678
Agglomerative-average,20041,-22.90320075238725,-43.17864558233141,2,5,5,3.6814148294625295,3.6814148294625295
Agglomerative-average,20050,-22.905696239420447,-43.179258208124025,8,5,5,3.4899915299375395,3.4899915299375395
Agglomerative-average,20051,-22.90306310094257,-43.18298926875737,3,5,5,3.3177516875273936,3.3177516875273936
Agglomerative-average,20060,-22.90742646003482,-43.22111290328188,2,5,5,1.8726916948588055,1.8726916948588055
Agglomerative-average,20061,-22.905811724167148,-43.18562902375168,1,5,5,2.921744702995749,2.921744702995749
Agglomerative-average,20070,-22.902331574261797,-43.17927884154506,6,5,5,3.6778483174665486,3.6778483174665486
Agglomerative-average,20071,-22.902076954244112,-43.18149783382578,14,5,5,3.5057972787143283,3.5057972787143283
Agglomerative-average,20080,-22.901209379401656,-43.18495724281751,6,5,5,3.2852821085150765,3.2852821085150765
Agglomerative-average,20081,-22.897715083300223,-43.18332992060644,15,5,5,3.668824226855344,3.668824226855344
Agglomerative-average,20090,-22.899054123828943,-43.17942063171785,20,5,5,3.876942956396447,3.876942956396447
Agglomerative-average,20091,-22.900151286264816,-43.17827587439508,13,5,5,3.8988774477670205,3.8988774477670205
Agglomerative-average,20210,-22.90869650356516,-43.201016378284464,7,5,5,1.554059388606992,1.554059388606992
Agglomerative-average,20211,-22.91148503866567,-43.19844247973102,19,5,5,1.4930629518428151,1.4930629518428151
Agglomerative-average,20220,-22.899829533909223,-43.20080433539784,17,5,5,2.44551132555627,2.44551132555627
Agglomerative-average,20221,-22.89945802156581,-43.19708452216502,5,5,5,2.643112069934535,2.643112069934535
Agglomerative-average,20230,-22.91285701073433,-43.18834911843799,46,5,5,2.3105338964649316,2.3105338964649316
Agglomerative-average,20231,-22.91259168660638,-43.18629265033459,23,5,5,2.5180879469697652,2.5180879469697652
Agglomerative-average,20240,-22.917770340408847,-43.18905754157791,13,5,5,2.102114369293193,2.102114369293193
Agglomerative-average,20241,-22.92200642517056,-43.18565741850953,31,5,5,2.437581821508355,2.437581821508355
Agglomerative-average,20250,-22.919337655136697,-43.21247470976231,10,5,5,0.3353855974492482,0.3353855974492482
Agglomerative-average,20251,-22.922200558918448,-43.20015626664134,14,5,5,0.9678169615057718,0.9678169615057718
Agglomerative-average,20260,-22.91934258444981,-43.21542322502569,50,5,5,0.6279537199050763,0.6279537199050763
Agglomerative-average,20261,-22.92401542829238,-43.213547671608914,41,5,5,0.5893012937891113,0.5893012937891113
Agglomerative-average,20270,-22.916244564738715,-43.21795033526529,42,5,5,0.9884831440839095,0.9884831440839095
Agglomerative-average,20271,-22.91566933091613,-43.2252134823305,41,5,5,1.7021302166771384,1.7021302166771384
Agglomerative-average,20510,-22.930347789330725,-43.24275226487902,42,5,5,3.5929247325245064,3.5929247325245064
Agglomerative-average,20511,-22.9284131316606,-43.240538180114825,43,5,5,3.3134952995852993,3.3134952995852993
Agglomerative-average,20520,-22.926258825257275,-43.231846424609145,64,5,5,2.3917744573962647,2.3917744573962647
Agglomerative-average,20521,-22.927918848210943,-43.23197212177495,42,5,5,2.460990538601442,2.460990538601442
Agglomerative-average,20530,-22.93768625306417,-43.24886943417944,32,5,5,4.479006711218427,4.479006711218427
Agglomerative-average,20531,-22.958246852875916,-43.27033293203977,8,28,28,3.362867047064172,3.362867047064172
Agglomerative-average,20535,-22.877802617547648,-43.27309285397244,4,9,9,0.8019999715355957,0.8019999715355957
Agglomerative-average,20540,-22.92255591041081,-43.243901231317686,73,5,5,3.542916757942099,3.542916757942099
Agglomerative-average,20541,-22.92275898098941,-43.246104027508025,72,5,5,3.769541542524765,3.769541542524765
Agglomerative-average,20550,-22.91679214318689,-43.2315503991291,71,5,5,2.3038094431384226,2.3038094431384226
Agglomerative-average,20551,-22.91439065092508,-43.24569874883489,52,5,5,3.7772352494102375,3.7772352494102375
Agglomerative-average,20560,-22.91863600041784,-43.25724486396328,46,5,9,4.2266843426450365,4.904795353664824
Agglomerative-average,20561,-22.923671061855,-43.27951061325535,28,9,9,4.360452432289148,4.360452432289148
Agglomerative-average,20710,-22.90830858763459,-43.2764243094503,10,9,9,2.635482657009885,2.635482657009885
Agglomerative-average,20715,-22.91224198054703,-43.26872667336991,6,9,9,3.1526132039765717,3.1526132039765717
Agglomerative-average,20720,-22.906575946931888,-43.28819167590577,50,9,9,2.7587312986278656,2.7587312986278656
Agglomerative-average,20725,-22.906412217480728,-43.28249517700716,9,9,9,2.5226776202631407,2.5226776202631407
Agglomerative-average,20730,-22.902290913852568,-43.29839517326879,13,9,9,3.0475831926944563,3.0475831926944563
Agglomerative-average,20735,-22.900247004009792,-43.28620954651436,36,9,9,2.0467249335760735,2.0467249335760735
Agglomerative-average,20740,-22.89620288125079,-43.31266061354411,11,9,9,4.003640689895725,4.003640689895725
Agglomerative-average,20745,-22.903600471965063,-43.306901589519335,18,9,9,3.834044303209128,3.834044303209128
Agglomerative-average,20750,-22.87518071840644,-43.30082797736797,5,9,9,2.784136672243655,2.784136672243655
Agglomerative-average,20751,-22.883894678436565,-43.30538425605098,13,9,9,3.0465520383895837,3.0465520383895837
Agglomerative-average,20755,-22.888719129958837,-43.29710870135924,8,9,9,2.24449860546805,2.24449860546805
Agglomerative-average,20756,-22.889303208418365,-43.30454037225461,10,9,9,3.0044993505304896,3.0044993505304896
Agglomerative-average,20760,-22.879177245162506,-43.28592690942743,4,9,9,1.2137437866598606,1.2137437866598606
Agglomerative-average,20761,-22.870098149013963,-43.2972179170696,1,9,9,2.7361267615591296,2.7361267615591296
Agglomerative-average,20765,-22.87067512100277,-43.28612468627153,8,9,9,1.8851816069164162,1.8851816069164162
Agglomerative-average,20766,-22.865673065092224,-43.28931782004312,5,9,9,2.5291692562177768,2.5291692562177768
Agglomerative-average,20770,-22.89263110411781,-43.28601357326318,12,9,9,1.3855753780158233,1.3855753780158233
Agglomerative-average,20771,-22.88654522617883,-43.28157899070825,31,9,9,0.6435373516884412,0.6435373516884412
Agglomerative-average,20775,-22.894787607705087,-43.27754555337602,23,9,9,1.147292034103466,1.147292034103466
Agglomerative-average,20780,-22.8964631877728,-43.27217170225893,32,9,9,1.364650861100641,1.364650861100641
Agglomerative-average,20785,-22.88659325431333,-43.26783420069855,16,9,9,0.8308141231120076,0.8308141231120076
Agglomerative-average,20910,-22.89952439510988,-43.23052438041678,11,5,5,3.169971542012696,3.169971542012696
Agglomerative-average,20911,-22.89314885311464,-43.242201014642525,8,9,9,3.5559499553036016,3.5559499553036016
Agglomerative-average,20920,-22.89524485967227,-43.231902550437,8,5,5,3.6208307747092543,3.6208307747092543
Agglomerative-average,20921,-22.893703236582244,-43.23151762119004,19,5,5,3.7305104427673443,3.7305104427673443
Agglomerative-average,20930,-22.889979653251217,-43.22883289161473,3,5,5,3.9206052376301437,3.9206052376301437
Agglomerative-average,20931,-22.880476502680093,-43.21772315263865,11,5,5,4.51528439238484,4.51528439238484
Agglomerative-average,20932,-22.85332248950828,-43.397360098269154,1,43,43,3.0304056841082296,3.0304056841082296
Agglomerative-average,20940,-22.90178148194564,-43.21920005325752,18,5,5,2.2963383756355733,2.2963383756355733
Agglomerative-average,20941,-22.90503857930972,-43.218289836880224,15,5,5,1.931319121975374,1.931319121975374
Agglomerative-average,20943,-22.907619844963776,-43.23590445490212,3,5,5,3.0624385304134214,3.0624385304134214
Agglomerative-average,20950,-22.90399569141674,-43.25558609559154,34,9,9,2.9781448940923707,2.9781448940923707
Agglomerative-average,20960,-22.899105988671952,-43.24932163781583,6,9,9,3.142035434425486,3.142035434425486
Agglomerative-average,20961,-22.89892108854126,-43.26048783057711,3,9,9,2.223449214841787,2.223449214841787
Agglomerative-average,20970,-22.89490962921127,-43.29895518595955,4,9,9,2.6469581406972913,2.6469581406972913
Agglomerative-average,20972,-22.908149571852817,-43.26020630971305,1,9,9,3.0579659293651487,3.0579659293651487
Agglomerative-average,20973,-22.89480299365888,-43.30460678807501,3,9,9,3.174617873885843,3.174617873885843
Agglomerative-average,20975,-22.89442355697212,-43.251622708261415,3,9,9,2.6925672274402346,2.6925672274402346
Agglomerative-average,21010,-22.82383918425472,-43.3063018523626,7,58,58,1.3501574701541328,1.3501574701541328
Agglomerative-average,21011,-22.827727546600816,-43.2864223207302,16,58,58,2.3942261563715292,2.3942261563715292
Agglomerative-average,21012,-22.835042850775064,-43.31263647240438,7,58,58,0.4792527175351987,0.4792527175351987
Agglomerative-average,21020,-22.835828487618876,-43.27614378416555,33,58,58,3.26951380683571,3.26951380683571
Agglomerative-average,21021,-22.84207289300327,-43.265065434319375,25,9,58,4.458315125934264,4.853618831925894
Agglomerative-average,21030,-22.850002554499312,-43.263354020176415,3,9,9,4.0501409266484885,4.0501409266484885
Agglomerative-average,21031,-22.84825657231105,-43.25613344368642,17,9,9,4.510880951792637,4.510880951792637
Agglomerative-average,21032,-22.86037660176917,-43.2556698277572,9,9,9,3.3850135355785245,3.3850135355785245
Agglomerative-average,21040,-22.858267172627272,-43.25269222978843,9,9,9,3.7576937670822286,3.7576937670822286
Agglomerative-average,21041,-22.87144109880102,-43.258727578503766,10,9,9,2.2703204696820345,2.2703204696820345
Agglomerative-average,21042,-22.86486541105725,-43.24870050352791,4,9,9,3.528490987565862,3.528490987565862
Agglomerative-average,21043,-22.88658041606038,-43.2773189390998,1,9,9,0.27687795654806713,0.27687795654806713
Agglomerative-average,21044,-22.857706333465654,-43.267186202026345,4,9,9,3.1156848950623797,3.1156848950623797
Agglomerative-average,21046,-22.87178460618622,-43.25004020994305,4,9,9,2.987128928120524,2.987128928120524
Agglomerative-average,21050,-22.87598170475497,-43.26005615466438,17,9,9,1.8644305198614464,1.8644305198614464
Agglomerative-average,21051,-22.874222414375385,-43.26728790044959,5,9,9,1.4390982473277758,1.4390982473277758
Agglomerative-average,21060,-22.857331891254034,-43.26363956816405,17,9,9,3.274300776942698,3.274300776942698
Agglomerative-average,21061,-22.866391297064204,-43.27158801093624,14,9,9,2.0690909607950076,2.0690909607950076
Agglomerative-average,21070,-22.843914411682647,-43.283779066776354,9,58,58,2.6427847331261254,2.6427847331261254
Agglomerative-average,21071,-22.860726267312923,-43.28764650581979,4,9,9,2.9269044861820417,2.9269044861820417
Agglomerative-average,21073,-22.850770856037,-43.27052152360208,26,9,9,3.800188451728191,3.800188451728191
Agglomerative-average,21210,-22.84373140637614,-43.30242672582638,17,58,58,1.046471556052804,1.046471556052804
Agglomerative-average,21211,-22.836828071243165,-43.30804460963914,13,58,58,0.10605211735934998,0.10605211735934998
Agglomerative-average,21215,-22.833788776762518,-43.29604433389999,18,58,58,1.251785843032672,1.251785843032672
Agglomerative-average,21220,-22.84942286859225,-43.31350882748824,24,58,58,1.607112253685423,1.607112253685423
Agglomerative-average,21221,-22.84606476402831,-43.31053536227519,22,58,58,1.1614467898898173,1.1614467898898173
Agglomerative-average,21230,-22.82666297562433,-43.3225314634884,42,58,58,1.8034272162801361,1.8034272162801361
Agglomerative-average,21231,-22.831527268945862,-43.32219671997402,7,58,58,1.5284486429094564,1.5284486429094564
Agglomerative-average,21235,-22.83791177652518,-43.322271046058205,36,58,58,1.4750870668346856,1.4750870668346856
Agglomerative-average,21236,-22.8396852659843,-43.33712480023102,1,43,58,3.009742859670709,3.34833619062704
Agglomerative-average,21240,-22.8111210300632,-43.32621279907767,7,58,58,3.3229407855692097,3.3229407855692097
Agglomerative-average,21241,-22.81349696231808,-43.30803677134236,4,58,58,2.48825316161518,2.48825316161518
Agglomerative-average,21250,-22.824619091439565,-43.30674667488387,22,58,58,1.258610111722683,1.258610111722683
Agglomerative-average,21310,-22.879083342003987,-43.33935560703397,18,34,34,1.1880734203496963,1.1880734203496963
Agglomerative-average,21311,-22.88918177352332,-43.32763594596467,16,34,34,2.5752085924896124,2.5752085924896124
Agglomerative-average,21320,-22.892905876006864,-43.347644389533606,16,34,34,1.4354158193325774,1.4354158193325774
Agglomerative-average,21321,-22.89512617328995,-43.357502145957,57,34,34,1.7785243657310024,1.7785243657310024
Agglomerative-average,21330,-22.8828767826158,-43.36417448357049,50,34,34,1.3916125580117074,1.3916125580117074
Agglomerative-average,21331,-22.87350715228709,-43.36567754387448,25,34,34,1.69669078943649,1.69669078943649
Agglomerative-average,21340,-22.871018134717986,-43.35684491471535,9,34,34,1.2040903225776431,1.2040903225776431
Agglomerative-average,21341,-22.882442915756783,-43.34947007028445,22,34,34,0.2740240967090582,0.2740240967090582
Agglomerative-average,21350,-22.87793235260004,-43.33016620442746,12,34,34,2.1380901009905666,2.1380901009905666
Agglomerative-average,21351,-22.87044820264357,-43.34296526816304,10,34,34,1.3663426338679574,1.3663426338679574
Agglomerative-average,21360,-22.866945338258187,-43.33478170506691,8,34,34,2.221935982982054,2.221935982982054
Agglomerative-average,21361,-22.85332826176321,-43.32822806263115,12,58,58,2.836024260802912,2.836024260802912
Agglomerative-average,21370,-22.87000636720115,-43.32004486324283,4,34,34,3.3608859950175343,3.3608859950175343
Agglomerative-average,21371,-22.85106228596877,-43.32617884775252,9,58,58,2.510808515816789,2.510808515816789
Agglomerative-average,21380,-22.88331793518069,-43.31951190668025,19,34,34,3.2296201078619444,3.2296201078619444
Agglomerative-average,21381,-22.87907528708003,-43.314672063074205,8,34,34,3.711202763536149,3.711202763536149
Agglomerative-average,21510,-22.84251003329592,-43.35349069066133,7,43,43,1.6431163046586563,1.6431163046586563
Agglomerative-average,21511,-22.84410299270375,-43.35219269222594,5,43,43,1.7617112367232564,1.7617112367232564
Agglomerative-average,21512,-22.84146868829085,-43.36195292092932,5,43,43,0.8322801049038686,0.8322801049038686
Agglomerative-average,21515,-22.83902730987094,-43.35587746226516,5,43,43,1.5114756314130546,1.5114756314130546
Agglomerative-average,21520,-22.810998397638027,-43.3618771585306,3,43,55,2.6857388522721215,3.803653344679918
Agglomerative-average,21530,-22.828811915352887,-43.346307609440586,6,43,43,2.9381929374351157,2.9381929374351157
Agglomerative-average,21532,-22.8130814021041,-43.36036408098235,1,43,55,2.9431772419803144,3.6136241521440717
Agglomerative-average,21535,-22.8194481093076,-43.35408490190018,2,43,43,3.1962707686813805,3.1962707686813805
Agglomerative-average,21540,-22.852143526409453,-43.34281302027885,10,43,43,2.851862398040879,2.851862398040879
Agglomerative-average,21545,-22.8432861377694,-43.34344431819371,4,43,43,2.6610641459882056,2.6610641459882056
Agglomerative-average,21550,-22.86207117720982,-43.35623041492665,14,34,34,2.104710939093947,2.104710939093947
Agglomerative-average,21555,-22.855135850026095,-43.36350730842812,13,34,43,1.3269826870723775,3.0875363907388684
Agglomerative-average,21557,-22.85620371453252,-43.37495578967732,3,43,43,1.4213922755652797,1.4213922755652797
Agglomerative-average,21610,-22.867011045510356,-43.371883316604816,20,34,43,2.51631004968666,2.6138025795395836
Agglomerative-average,21615,-22.86209078632198,-43.39136925868886,17,43,43,2.98385246091723,2.98385246091723
Agglomerative-average,21616,-22.85387973916863,-43.39680943222229,10,43,43,2.9980595450691765,2.9980595450691765
Agglomerative-average,21620,-22.839350559609453,-43.40486056012263,12,24,43,3.680751768888459,4.063843725557145
Agglomerative-average,21625,-22.832605349060035,-43.40280856194904,11,24,24,3.437991407002272,3.437991407002272
Agglomerative-average,21630,-22.825649495444644,-43.41164984676431,5,24,24,2.410608857990862,2.410608857990862
Agglomerative-average,21635,-22.83290297152516,-43.41230278119793,2,24,24,3.1924125676791593,3.1924125676791593
Agglomerative-average,21640,-22.83463324022867,-43.39275636997285,2,24,43,2.6348660488899083,4.1579761133861535
Agglomerative-average,21645,-22.821385636314904,-43.39760318048674,2,24,24,2.7177552211718266,2.7177552211718266
Agglomerative-average,21650,-22.816850689474528,-43.374314532417216,5,43,43,3.115717999056596,3.115717999056596
Agglomerative-average,21655,-22.818616394359942,-43.382598700728,2,43,43,3.180973397394594,3.180973397394594
Agglomerative-average,21660,-22.839960552960555,-43.37703910572291,7,43,43,0.9331931274676385,0.9331931274676385
Agglomerative-average,21665,-22.83427156601059,-43.377978641515625,1,43,43,1.4387436151160724,1.4387436151160724
Agglomerative-average,21670,-22.84984365215036,-43.3808702413711,5,43,43,1.3189589312246808,1.3189589312246808
Agglomerative-average,21675,-22.849034554602184,-43.3744236468128,8,43,43,0.7221574346354606,0.7221574346354606
Agglomerative-average,21710,-22.876979699775763,-43.42527912676291,11,17,17,0.6666160076382562,0.6666160076382562
Agglomerative-average,21715,-22.87947674705333,-43.44026398123803,11,17,17,1.781719846978057,1.781719846978057
Agglomerative-average,21720,-22.865120805735398,-43.4470342137163,3,32,32,2.7402363318013703,2.7402363318013703
Agglomerative-average,21721,-22.8753558465787,-43.28063646200473,2,9,9,1.149354282550561,1.149354282550561
Agglomerative-average,21725,-22.85918299393417,-43.456665616338015,6,32,32,2.1859720215861946,2.1859720215861946
Agglomerative-average,21730,-22.86435505255422,-43.434757144170185,7,17,17,2.354362265847406,2.354362265847406
Agglomerative-average,21735,-22.871537517256936,-43.429726914847,6,17,17,1.4056266400497488,1.4056266400497488
Agglomerative-average,21740,-22.88433305340309,-43.387504877344114,10,17,17,3.6635048603757574,3.6635048603757574
Agglomerative-average,21741,-22.88962788350659,-43.395124429249634,6,17,17,2.980452759303213,2.980452759303213
Agglomerative-average,21745,-22.879549301241177,-43.41011862496182,8,17,17,1.3862422345969265,1.3862422345969265
Agglomerative-average,21746,-22.885775526693383,-43.4110256032492,1,17,17,1.296204164440045,1.296204164440045
Agglomerative-average,21750,-22.87873543265548,-43.415788362287785,10,17,17,0.8779335505594026,0.8779335505594026
Agglomerative-average,21755,-22.88385334415563,-43.41913635549757,4,17,17,0.4386842464761667,0.4386842464761667
Agglomerative-average,21760,-22.89044829208524,-43.42058389455041,11,17,17,0.9064429746107654,0.9064429746107654
Agglomerative-average,21765,-22.890938364362235,-43.43068537741355,12,17,17,1.1961591078801859,1.1961591078801859
Agglomerative-average,21770,-22.892257517452293,-43.44208696544872,7,17,17,2.2074257502855805,2.2074257502855805
Agglomerative-average,21775,-22.886952911633603,-43.446644127201374,9,17,17,2.4464801696772858,2.4464801696772858
Agglomerative-average,21810,-22.87922054417216,-43.45931046493799,11,32,32,1.573952738829156,1.573952738829156
Agglomerative-average,21815,-22.88548385187386,-43.45769280672658,8,32,32,2.1283414244477425,2.1283414244477425
Agglomerative-average,21820,-22.88188843504765,-43.46899760400734,11,32,32,1.140302551010693,1.140302551010693
Agglomerative-average,21825,-22.892248480036507,-43.47086620332721,5,32,32,2.2365697938177185,2.2365697938177185
Agglomerative-average,21830,-22.880118655848957,-43.483604754804006,9,32,32,1.4261924618378607,1.4261924618378607
Agglomerative-average,21831,-22.88976260419128,-43.48390785134509,7,32,32,2.2677143129419233,2.2677143129419233
Agglomerative-average,21832,-22.894998640111965,-43.490836960215546,9,32,32,3.1458089767907356,3.1458089767907356
Agglomerative-average,21833,-22.8814818751053,-43.49448328547964,3,32,32,2.4631447248552454,2.4631447248552454
Agglomerative-average,21840,-22.868363814263653,-43.46923216795061,6,32,32,0.5521860991191337,0.5521860991191337
Agglomerative-average,21842,-22.868421364534367,-43.47985554134832,9,32,32,0.8493537870252775,0.8493537870252775
Agglomerative-average,21843,-22.870893429404216,-43.48330150443216,6,32,32,1.100724988784422,1.100724988784422
Agglomerative-average,21850,-22.859425219557973,-43.486817054989416,2,32,32,2.0309368250017594,2.0309368250017594
Agglomerative-average,21852,-22.86305592280701,-43.4696365930169,1,32,32,1.0628865468523663,1.0628865468523663
Agglomerative-average,21853,-22.85708276487565,-43.486439191165495,11,32,32,2.195862300048471,2.195862300048471
Agglomerative-average,21854,-22.845556518964184,-43.49501645648064,1,32,32,3.745589826445892,3.745589826445892
Agglomerative-average,21860,-22.862369101863525,-43.46728646117796,5,32,32,1.2237884358387399,1.2237884358387399
Agglomerative-average,21862,-22.864698795351657,-43.46636013974529,6,32,32,1.054343346984817,1.054343346984817
Agglomerative-average,21863,-22.850951552039938,-43.46693512747451,6,32,32,2.434461018841567,2.434461018841567
Agglomerative-average,21864,-22.853845962536496,-43.46103565025077,3,32,32,2.3627668926829553,2.3627668926829553
Agglomerative-average,21865,-22.853042262633373,-43.47042497115219,2,32,32,2.1426490820135746,2.1426490820135746
Agglomerative-average,21866,-22.859130493251165,-43.47880605689346,8,32,32,1.5843515636060452,1.5843515636060452
Agglomerative-average,21870,-22.871019283986563,-43.45851442872575,7,32,32,1.4543954925342133,1.4543954925342133
Agglomerative-average,21875,-22.873409010490445,-43.4537411569272,2,32,32,1.942098831233442,1.942098831233442
Agglomerative-average,21910,-22.79777839220466,-43.18136086251543,15,20,20,1.621959469311916,1.621959469311916
Agglomerative-average,21911,-22.7900819429952,-43.17257319356364,9,20,20,2.860634006391245,2.860634006391245
Agglomerative-average,21920,-22.79811558143935,-43.19569772270941,25,20,20,0.9678235495116148,0.9678235495116148
Agglomerative-average,21921,-22.8083044291334,-43.18564856697721,13,20,20,0.866367681158201,0.866367681158201
Agglomerative-average,21930,-22.819481062981133,-43.1783585853495,12,20,20,2.138415667136614,2.138415667136614
Agglomerative-average,21931,-22.809517664348768,-43.200203165434935,39,20,20,0.7188783087948389,0.7188783087948389
Agglomerative-average,21932,-22.80486286271774,-43.22572822631956,4,20,20,3.267474924527236,3.267474924527236
Agglomerative-average,21940,-22.81388871143013,-43.20247749638257,30,20,20,1.1902514132869693,1.1902514132869693
Agglomerative-average,21941,-22.8338340042933,-43.24885668973881,21,9,58,6.070167755809706,6.279119102063728
Agglomerative-average,22010,-22.96271293881479,-43.1708107829536,24,52,52,2.998413494359941,2.998413494359941
Agglomerative-average,22011,-22.96400610563266,-43.17658358618979,30,52,52,2.3901491063476894,2.3901491063476894
Agglomerative-average,22020,-22.965453849156813,-43.17847566804375,23,52,52,2.1657445594566505,2.1657445594566505
Agglomerative-average,22021,-22.96571567280818,-43.178905752541766,22,52,52,2.1169750486379533,2.1169750486379533
Agglomerative-average,22030,-22.965586191842657,-43.18405306861811,26,52,52,1.6057319436794668,1.6057319436794668
Agglomerative-average,22031,-22.966933621230865,-43.18792165085605,22,52,52,1.1854405468502727,1.1854405468502727
Agglomerative-average,22040,-22.968389299018032,-43.1849944726417,20,52,52,1.4599424135473142,1.4599424135473142
Agglomerative-average,22041,-22.96767360462037,-43.19002828343284,24,52,52,0.9576217049989301,0.9576217049989301
Agglomerative-average,22050,-22.972595655601555,-43.18771945633724,27,52,52,1.235172205424995,1.235172205424995
Agglomerative-average,22051,-22.972873846317363,-43.19052130370873,21,52,52,0.9778580455102562,0.9778580455102562
Agglomerative-average,22060,-22.97702862454598,-43.19034089760792,17,52,52,1.2550798442833193,1.2550798442833193
Agglomerative-average,22061,-22.975419252327107,-43.19263365219479,21,52,52,0.9622088053025711,0.9622088053025711
Agglomerative-average,22070,-22.980688017563597,-43.18955936508214,19,52,52,1.6114067379728052,1.6114067379728052
Agglomerative-average,22071,-22.980184787318848,-43.19459066773997,32,52,52,1.3051751230432318,1.3051751230432318
Agglomerative-average,22080,-22.98466377656021,-43.1925284491284,21,52,52,1.8459507087388334,1.8459507087388334
Agglomerative-average,22081,-22.984441149894824,-43.19341592390328,28,52,52,1.7908080898659653,1.7908080898659653
Agglomerative-average,22210,-22.931070810893203,-43.176115962189314,33,5,5,3.6101512770031037,3.6101512770031037
Agglomerative-average,22211,-22.923384297280904,-43.179530436549925,4,5,5,3.076645639649297,3.076645639649297
Agglomerative-average,22220,-22.92956446372173,-43.17684636890966,27,5,5,3.4868118084597253,3.4868118084597253
Agglomerative-average,22221,-22.928999413639037,-43.18145032839962,43,5,5,3.0186850144850634,3.0186850144850634
Agglomerative-average,22230,-22.937297973252814,-43.176889612976375,52,5,5,3.8248038376779947,3.8248038376779947
Agglomerative-average,22231,-22.93615390975268,-43.18183226783302,45,5,5,3.3245522996047394,3.3245522996047394
Agglomerative-average,22240,-22.935263476239665,-43.18726357297116,47,5,5,2.8079072809766257,2.8079072809766257
Agglomerative-average,22241,-22.93845834691675,-43.1963680762055,15,5,5,2.415027407623611,2.415027407623611
Agglomerative-average,22245,-22.941061091973182,-43.191231191173394,15,5,5,2.9599551186821675,2.9599551186821675
Agglomerative-average,22250,-22.942211644081578,-43.17758693818259,55,5,52,3.734567288145137,4.064007455816531
Agglomerative-average,22251,-22.945344203574265,-43.185010548945066,35,52,52,3.0304641025269223,3.0304641025269223
Agglomerative-average,22260,-22.94921626511125,-43.19021396256844,49,52,52,2.4110746298334895,2.4110746298334895
Agglomerative-average,22261,-22.95721825808972,-43.20026060905936,22,52,52,1.342036514926844,1.342036514926844
Agglomerative-average,22270,-22.953082188232276,-43.18924536490677,45,52,52,2.0677693144323674,2.0677693144323674
Agglomerative-average,22271,-22.95610379641452,-43.19395105535185,22,52,52,1.5582617227321847,1.5582617227321847
Agglomerative-average,22280,-22.95440868548141,-43.185650031057385,29,52,52,2.1574845068740243,2.1574845068740243
Agglomerative-average,22281,-22.95685190582306,-43.19364574140023,18,52,52,1.492189886538178,1.492189886538178
Agglomerative-average,22290,-22.954428429403357,-43.17707420858368,56,52,52,2.803380934544161,2.803380934544161
Agglomerative-average,22291,-22.942311951383264,-43.166780906762526,10,5,52,4.472865748211993,5.000344965622266
Agglomerative-average,22410,-22.98392343049867,-43.207101465917965,38,52,52,1.8200658549034732,1.8200658549034732
Agglomerative-average,22411,-22.98194469977677,-43.20241313570824,21,52,52,1.4488897965132854,1.4488897965132854
Agglomerative-average,22420,-22.985312022606557,-43.20414276378719,24,52,52,1.8556825472375065,1.8556825472375065
Agglomerative-average,22421,-22.982140216547386,-43.20687525073036,8,52,52,1.633427809139181,1.633427809139181
Agglomerative-average,22430,-22.98210232841188,-43.22013314970181,35,52,52,2.573803978382571,2.573803978382571
Agglomerative-average,22431,-22.98284371340203,-43.22474000720175,22,52,52,3.0180057555194253,3.0180057555194253
Agglomerative-average,22440,-22.984439128577424,-43.22151271315892,25,52,52,2.8388682641203773,2.8388682641203773
Agglomerative-average,22441,-22.98416017609255,-43.22495474880264,26,52,52,3.112491036087457,3.112491036087457
Agglomerative-average,22450,-22.986493696399247,-43.23306806247369,39,52,28,3.122646551400562,3.9598956655686104
Agglomerative-average,22451,-22.97841522971715,-43.23772919271784,56,52,28,2.84210220906826,4.071606915872419
Agglomerative-average,22452,-22.952645498107493,-43.30267070542142,2,4,28,5.600178259855259,6.234944249235736
Agglomerative-average,22460,-22.96483495864169,-43.22490223070295,15,52,52,2.674394482962384,2.674394482962384
Agglomerative-average,22461,-22.96134503409605,-43.21364138805082,32,52,52,1.717959689217956,1.717959689217956
Agglomerative-average,22470,-22.96550432697566,-43.21544841322038,35,52,52,1.7124767543590058,1.7124767543590058
Agglomerative-average,22471,-22.967625971408516,-43.203212882392485,28,52,52,0.4465133762935066,0.4465133762935066
Agglomerative-average,22610,-22.99599813649958,-43.261663703422506,29,28,28,0.9276819164658326,0.9276819164658326
Agglomerative-average,22611,-23.008068841447862,-43.29861176534447,8,48,48,3.607200488906092,3.607200488906092
Agglomerative-average,22620,-23.00947497991475,-43.33453004891496,35,48,48,0.5035016216792603,0.5035016216792603
Agglomerative-average,22621,-23.010803499326403,-43.3098866524811,27,48,48,2.52078033216021,2.52078033216021
Agglomerative-average,22630,-23.01013125796049,-43.33867951997416,30,48,48,0.7641509252539056,0.7641509252539056
Agglomerative-average,22631,-23.00365666838398,-43.34075885321385,85,48,48,0.7381916003627218,0.7381916003627218
Agglomerative-average,22640,-23.001267617010637,-43.3355988370672,26,48,48,0.4595536343462571,0.4595536343462571
Agglomerative-average,22641,-22.986105098852665,-43.31152067063231,6,48,48,3.094070326983273,3.094070326983273
Agglomerative-average,22710,-22.934576022997884,-43.37578841332682,51,4,4,1.593513167730934,1.593513167730934
Agglomerative-average,22711,-22.91373119718309,-43.39089712057767,1,4,4,3.8889211238244625,3.8889211238244625
Agglomerative-average,22713,-22.930174584016687,-43.39608391214564,30,4,4,3.701061131156907,3.701061131156907
Agglomerative-average,22715,-22.923355641776094,-43.383046917508274,9,4,4,2.6374807761896,2.6374807761896
Agglomerative-average,22720,-22.91816741998529,-43.38651552844117,25,4,4,3.238351102749964,3.238351102749964
Agglomerative-average,22723,-22.91689708484027,-43.40278883313536,41,4,17,4.343665904027622,4.7713585351197745
Agglomerative-average,22725,-22.91150171276762,-43.37652610722419,21,4,4,3.040285612958806,3.040285612958806
Agglomerative-average,22730,-22.920002522357752,-43.3695754073506,22,4,4,1.8609649455222648,1.8609649455222648
Agglomerative-average,22733,-22.906015750671408,-43.364980246342064,18,4,4,3.1885632373100905,3.1885632373100905
Agglomerative-average,22735,-22.920928532759326,-43.3584654815096,15,4,4,1.5038815286511096,1.5038815286511096
Agglomerative-average,22740,-22.92625659532195,-43.35975777828106,22,4,4,0.9018326894949137,0.9018326894949137
Agglomerative-average,22743,-22.930174278267923,-43.34644038809006,48,4,4,1.4866544920623315,1.4866544920623315
Agglomerative-average,22745,-22.93505848017408,-43.33359407042855,31,4,4,2.728713127888982,2.728713127888982
Agglomerative-average,22750,-22.94338467090066,-43.33437919544068,49,4,4,2.831121505787879,2.831121505787879
Agglomerative-average,22753,-22.96619236089961,-43.33073451387544,52,4,48,4.327208320611379,4.6533147977171865
Agglomerative-average,22755,-22.947502549436848,-43.33814210193203,19,4,4,2.6930788132464483,2.6930788132464483
Agglomerative-average,22760,-22.938856559491374,-43.34583380346626,16,4,4,1.556813394675921,1.556813394675921
Agglomerative-average,22763,-22.949418433889697,-43.38717689639774,15,14,4,3.2279713466534568,3.496934258527922
Agglomerative-average,22765,-22.954431333815165,-43.35527342221761,25,4,4,2.2893101439203702,2.2893101439203702
Agglomerative-average,22770,-22.93691091371265,-43.36097335035081,46,4,4,0.2942042519293975,0.2942042519293975
Agglomerative-average,22772,-22.95005017710918,-43.36084751104725,1,4,4,1.7463381828099391,1.7463381828099391
Agglomerative-average,22773,-22.94846910030558,-43.364489898207424,9,4,4,1.6288947396535038,1.6288947396535038
Agglomerative-average,22775,-22.969148201152677,-43.38306523796816,103,14,14,1.7349100582268444,1.7349100582268444
Agglomerative-average,22776,-22.99004850815858,-43.35448107201586,11,48,48,2.7006789668162314,2.7006789668162314
Agglomerative-average,22780,-22.962843790439337,-43.40116578306731,48,14,14,1.9977766309614764,1.9977766309614764
Agglomerative-average,22783,-22.984082408782115,-43.44889019919411,44,7,7,3.0701250666536857,3.0701250666536857
Agglomerative-average,22785,-22.979900329721087,-43.49176475913368,15,7,7,4.27498630764533,4.27498630764533
Agglomerative-average,22790,-23.01298650422646,-43.46551954103294,136,7,7,0.5712989359305483,0.5712989359305483
Agglomerative-average,22793,-23.00061899109568,-43.40471828456725,116,14,14,2.491263609226217,2.491263609226217
Agglomerative-average,22795,-23.020470737334893,-43.46265642068304,68,7,7,1.3672602323557623,1.3672602323557623
Agglomerative-average,23010,-22.885872200386764,-43.51372891804045,10,13,32,4.474325978399838,5.190667919166168
Agglomerative-average,23012,-22.891289709125683,-43.528538034861306,5,13,13,3.5878074176532695,3.5878074176532695
Agglomerative-average,23013,-22.90125781010044,-43.541434503067336,11,13,13,2.300612091437898,2.300612091437898
Agglomerative-average,23015,-22.908174032805224,-43.53967787825952,4,13,13,2.757760848791132,2.757760848791132
Agglomerative-average,23016,-22.912595307197087,-43.53593879115358,5,13,13,3.3407405410471194,3.3407405410471194
Agglomerative-average,23017,-22.91957476261591,-43.52855570225305,16,13,13,4.40523306267075,4.40523306267075
Agglomerative-average,23020,-23.0049905225767,-43.54784520457546,17,40,40,0.0,0.0
Agglomerative-average,23025,-22.99046924798533,-43.61550570181899,4,46,46,2.702341729021513,2.702341729021513
Agglomerative-average,23026,-22.99073734829478,-43.63045092144838,7,46,46,1.3957672943417492,1.3957672943417492
Agglomerative-average,23027,-23.00123690831294,-43.64009513690838,1,46,46,2.137555463321435,2.137555463321435
Agglomerative-average,23028,-22.98056296317437,-43.65998986714787,7,46,46,2.0266577456458834,2.0266577456458834
Agglomerative-average,23030,-22.96669955681108,-43.6017686687425,12,31,31,1.549704943002702,1.549704943002702
Agglomerative-average,23031,-22.964378631240205,-43.61186736926677,6,31,31,1.9349987466957412,1.9349987466957412
Agglomerative-average,23032,-22.972563998366837,-43.64295047031437,11,46,46,1.08641432650771,1.08641432650771
Agglomerative-average,23033,-22.955943986568656,-43.60659613358818,8,31,31,1.0032440672958027,1.0032440672958027
Agglomerative-average,23035,-22.945894102935657,-43.594457021538446,12,31,31,0.8819404679699889,0.8819404679699889
Agglomerative-average,23036,-22.937899966329617,-43.578646142633474,10,31,31,2.565592151483424,2.565592151483424
Agglomerative-average,23040,-22.9331056624521,-43.55411381012552,19,13,13,4.221607862283872,4.221607862283872
Agglomerative-average,23042,-22.92777932523722,-43.554503392883646,10,13,13,3.6362160471547895,3.6362160471547895
Agglomerative-average,23045,-22.916840745702157,-43.56234010712124,23,13,13,2.3113108425288074,2.3113108425288074
Agglomerative-average,23047,-22.925942886418497,-43.56135750790765,6,13,13,3.3270564198701753,3.3270564198701753
Agglomerative-average,23050,-22.906374170614946,-43.566410061329776,16,13,13,1.192797807783811,1.192797807783811
Agglomerative-average,23052,-22.906619343447986,-43.55224985960651,18,13,13,1.6214026732872961,1.6214026732872961
Agglomerative-average,23055,-22.9099494896574,-43.5764230099429,13,13,13,2.055043321392405,2.055043321392405
Agglomerative-average,23056,-22.91818988167744,-43.61235085654186,5,19,19,1.5762093827811805,1.5762093827811805
Agglomerative-average,23057,-22.917530927853,-43.52832489679447,7,13,13,4.2939634312337285,4.2939634312337285
Agglomerative-average,23058,-22.914787266177115,-43.59078039553711,10,13,13,3.510879558626097,3.510879558626097
Agglomerative-average,23059,-22.913307945677737,-43.59042985137216,16,13,13,3.386284702376,3.386284702376
Agglomerative-average,23060,-22.896089584185965,-43.59889671190928,24,13,19,3.3049630303478823,3.6589698987170527
Agglomerative-average,23061,-22.908445285088447,-43.60810021286953,7,19,19,1.8922637753711038,1.8922637753711038
Agglomerative-average,23062,-22.90265768897671,-43.59917193270753,8,13,19,2.953119504602766,3.7591562355280885
Agglomerative-average,23063,-22.897521961702388,-43.591752252623216,13,13,13,2.931572116205892,2.931572116205892
Agglomerative-average,23064,-22.90074270257361,-43.58463842554154,8,13,13,2.2589879372633317,2.2589879372633317
Agglomerative-average,23065,-22.88293828358117,-43.625086210988606,9,19,19,3.2293220170717456,3.2293220170717456
Agglomerative-average,23066,-22.888192458215805,-43.62473650428692,15,19,19,2.6472634478996886,2.6472634478996886
Agglomerative-average,23067,-22.88243614479021,-43.61658346798473,2,19,19,3.4271117566805915,3.4271117566805915
Agglomerative-average,23068,-22.88645864857024,-43.59762968190717,8,13,13,3.687540083395272,3.687540083395272
Agglomerative-average,23070,-22.896407842881192,-43.57751001381104,17,13,13,1.4687207050418298,1.4687207050418298
Agglomerative-average,23071,-22.888368672611158,-43.58090949448299,13,13,13,2.008197104707093,2.008197104707093
Agglomerative-average,23073,-22.88998422832266,-43.57939758303769,11,13,13,1.7940963811528816,1.7940963811528816
Agglomerative-average,23075,-22.877775179542617,-43.57771051289783,31,13,13,2.5208389042277037,2.5208389042277037
Agglomerative-average,23076,-22.88245539011392,-43.57494224901807,1,13,13,1.9349807504357093,1.9349807504357093
Agglomerative-average,23078,-22.87216705136316,-43.58925307377246,12,13,13,3.7682821109225535,3.7682821109225535
Agglomerative-average,23080,-22.89853933540845,-43.56542140516348,15,13,13,0.3582379428393507,0.3582379428393507
Agglomerative-average,23081,-22.89433959920376,-43.56722290454661,5,13,13,0.45692282622778047,0.45692282622778047
Agglomerative-average,23082,-22.8942153041908,-43.57129087148408,4,13,13,0.8563660428913371,0.8563660428913371
Agglomerative-average,23085,-22.893920459110284,-43.54642397807567,10,13,13,1.7325989669386803,1.7325989669386803
Agglomerative-average,23087,-22.886393425025823,-43.558872618395576,17,13,13,1.1627015084267212,1.1627015084267212
Agglomerative-average,23088,-22.88543771705454,-43.54971957423268,13,13,13,1.8159676681675425,1.8159676681675425
Agglomerative-average,23090,-22.878043319496523,-43.562917395844295,12,13,13,2.0045362087379237,2.0045362087379237
Agglomerative-average,23092,-22.87085601200714,-43.54384874896292,22,13,13,3.432252659363912,3.432252659363912
Agglomerative-average,23093,-22.87751529574331,-43.53029348075376,11,13,13,3.9501413043784246,3.9501413043784246
Agglomerative-average,23094,-22.876209770242788,-43.51981673638026,9,13,32,4.852564556731594,4.960483637438683
Agglomerative-average,23095,-22.86940966621501,-43.55658717782943,15,13,13,3.0402684241906486,3.0402684241906486
Agglomerative-average,23097,-22.85109676327036,-43.53613869095038,8,13,13,5.716649673626987,5.716649673626987
Agglomerative-average,23098,-22.870188890670534,-43.52187688533317,2,13,32,5.048198286439761,5.116824100204326
Agglomerative-average,23510,-22.91973437055113,-43.67148457968753,7,57,57,0.6016979998081675,0.6016979998081675
Agglomerative-average,23515,-22.92368923724333,-43.68292592394352,6,57,57,0.8717756567019364,0.8717756567019364
Agglomerative-average,23520,-22.936255491866653,-43.661399065747545,27,57,57,2.5855775948913706,2.5855775948913706
Agglomerative-average,23525,-22.94503552262656,-43.67692431410214,5,57,57,3.004807101915167,3.004807101915167
Agglomerative-average,23530,-22.97383432126233,-43.6810761924786,8,45,45,1.1625077473443692,1.1625077473443692
Agglomerative-average,23535,-22.9790211808901,-43.69012245165258,14,45,45,0.6131540422886118,0.6131540422886118
Agglomerative-average,23540,-22.974468021753417,-43.696539704365605,9,45,45,0.42481206401126875,0.42481206401126875
Agglomerative-average,23545,-22.967091308000946,-43.700265635554,11,45,45,1.1054937639610773,1.1054937639610773
Agglomerative-average,23547,-22.93249321644976,-43.62300753113864,2,19,19,2.3058219480299003,2.3058219480299003
Agglomerative-average,23550,-22.930711174851965,-43.68946380025854,16,57,57,1.8996957348989842,1.8996957348989842
Agglomerative-average,23555,-22.91750488776345,-43.69308722014739,6,57,57,1.643023766454817,1.643023766454817
Agglomerative-average,23560,-22.898979722466947,-43.69930833968601,19,57,57,3.1104087330441796,3.1104087330441796
Agglomerative-average,23565,-22.897761741341185,-43.69665951306267,2,57,57,3.0171316097972642,3.0171316097972642
Agglomerative-average,23570,-22.909310774242133,-43.67111972773999,10,57,57,1.1427080844261575,1.1427080844261575
Agglomerative-average,23573,-22.913149027532867,-43.65356967363749,5,57,57,2.46534554106837,2.46534554106837
Agglomerative-average,23575,-22.89798974016889,-43.6685591848473,18,57,57,2.3904664493623424,2.3904664493623424
Agglomerative-average,23580,-22.911119400069488,-43.62264162522756,13,19,19,0.37396280836016166,0.37396280836016166
Agglomerative-average,23585,-22.924510509727508,-43.63529705731422,22,19,19,1.6790798079453049,1.6790798079453049
Agglomerative-average,23587,-22.922380751135307,-43.629510536912335,18,19,19,1.2077069945309857,1.2077069945309857
Agglomerative-average,23595,-22.92668402323646,-43.62933031069839,12,19,19,1.6684909394435494,1.6684909394435494
Agglomerative-average,23810,-22.87093410934107,-43.76901268302672,10,30,30,0.6887002725760931,0.6887002725760931
Agglomerative-average,23811,-22.864749343835488,-43.76730098420256,5,30,30,0.6782234083085585,0.6782234083085585
Agglomerative-average,23812,-22.872059666972863,-43.77093362835852,5,30,30,0.6827056739604644,0.6827056739604644
Agglomerative-average,23815,-22.86867015326329,-43.78013952780047,4,30,30,0.7084199653962605,0.7084199653962605
Agglomerative-average,23820,-22.862780471644363,-43.78526762819197,4,30,30,1.2579208502093342,1.2579208502093342
Agglomerative-average,23821,-22.870305329108017,-43.79064137470553,1,30,30,1.7920888741781298,1.7920888741781298
Agglomerative-average,23822,-22.861638585933974,-43.79342663064544,1,30,30,2.0952724070278514,2.0952724070278514
Agglomerative-average,23825,-22.885828313712477,-43.82785584819327,4,39,39,0.20448322983912387,0.20448322983912387
Agglomerative-average,23826,-22.89560484133116,-43.84587026303256,4,39,39,1.9378997077532094,1.9378997077532094
Agglomerative-average,23830,-22.8458671869452,-43.78333380428192,2,30,30,2.4948809975565074,2.4948809975565074
Agglomerative-average,23831,-22.876635031970025,-43.80985126698182,3,39,39,2.3123676332400884,2.3123676332400884
Agglomerative-average,23832,-22.85534509298971,-43.76583456328473,1,30,30,1.4726223731053285,1.4726223731053285
Agglomerative-average,23855,-22.86387076999147,-43.7592342671893,2,30,30,1.5053355648034459,1.5053355648034459
Agglomerative-average,23890,-22.787688375690134,-43.64890166112607,3,53,53,1.4656465414202937,1.4656465414202937
Agglomerative-average,23893,-22.71072154468618,-43.69140232860298,2,25,25,3.498729457991359,3.498729457991359
Agglomerative-average,23894,-22.74100679492528,-43.6998298199384,9,25,25,0.32226782658197545,0.32226782658197545
Agglomerative-average,23895,-22.746274001626645,-43.708503424610186,9,25,25,0.8749186106807401,0.8749186106807401
Agglomerative-average,23897,-22.792366849451536,-43.662640119980665,2,53,53,1.7566086064149466,1.7566086064149466
Agglomerative-average,23898,-22.80791081625367,-43.644304412473865,8,53,53,0.8799273671823538,0.8799273671823538
Agglomerative-average,24020,-22.893701145563103,-43.12041784927668,34,0,0,2.015418957971417,2.015418957971417
Agglomerative-average,24030,-22.88869745778228,-43.11830702093674,33,0,0,1.9957114708304626,1.9957114708304626
Agglomerative-average,24040,-22.882735624308985,-43.12349628123474,4,0,0,2.7962092551381685,2.7962092551381685
Agglomerative-average,24050,-22.87517503985885,-43.109560284753925,2,0,0,2.587745352937213,2.587745352937213
Agglomerative-average,24060,-22.88593419631651,-43.1106543708203,9,0,0,1.5815172572693155,1.5815172572693155
Agglomerative-average,24070,-22.89348624508981,-43.11089097581806,1,0,0,1.0812361588220913,1.0812361588220913
Agglomerative-average,24110,-22.867915276400392,-43.09960548772942,44,0,0,3.2488169409839305,3.2488169409839305
Agglomerative-average,24111,-22.86398451494475,-43.09252306679081,2,0,0,3.7855162815242833,3.7855162815242833
Agglomerative-average,24119,-22.86343492846253,-43.09725737403164,1,0,0,3.76399383333216,3.76399383333216
Agglomerative-average,24120,-22.88327023685682,-43.09227400558896,36,0,0,1.7835105319237936,1.7835105319237936
Agglomerative-average,24130,-22.87922689320265,-43.09157186572144,26,0,0,2.213826257225409,2.213826257225409
Agglomerative-average,24140,-22.889267493261837,-43.04860885808703,6,0,44,4.394090428657799,5.446264225281188
Agglomerative-average,24141,-22.87816915718994,-43.05564163085743,4,0,0,5.109709715229598,5.109709715229598
Agglomerative-average,24210,-22.9019529825833,-43.12388455257632,69,0,0,2.3962374287239214,2.3962374287239214
Agglomerative-average,24220,-22.90324481661885,-43.107023598220486,115,0,0,0.9143147591178679,0.9143147591178679
Agglomerative-average,24230,-22.90630099451813,-43.105973880660926,117,0,0,1.1387331926756614,1.1387331926756614
Agglomerative-average,24240,-22.897237232548903,-43.09915756428693,59,0,0,0.1987157784586889,0.1987157784586889
Agglomerative-average,24241,-22.904219800443407,-43.09158065028214,21,0,0,1.2553198528957552,1.2553198528957552
Agglomerative-average,24310,-22.9110328213164,-43.06742681237905,8,0,0,3.7802731554216877,3.7802731554216877
Agglomerative-average,24315,-22.901684792085454,-43.06891496088816,22,0,0,3.335119351696453,3.335119351696453
Agglomerative-average,24320,-22.902823180776025,-43.05085812937721,21,0,49,4.715188240259613,5.184701822537574
Agglomerative-average,24322,-22.89632305663318,-43.03845772727727,5,0,44,3.5076216174316244,6.416428722976803
Agglomerative-average,24325,-22.882411375017146,-43.023744808929656,3,44,44,1.9041212986458256,1.9041212986458256
Agglomerative-average,24330,-22.901199547746405,-42.991174595669065,9,44,44,2.187848825598432,2.187848825598432
Agglomerative-average,24340,-22.947654432561997,-43.03365087049761,20,49,49,1.132341936919278,1.132341936919278
Agglomerative-average,24342,-22.937391616620623,-43.022146384113576,21,49,49,2.4095496439900583,2.4095496439900583
Agglomerative-average,24344,-22.93685983573083,-43.01491522990823,10,49,49,3.1319345099837386,3.1319345099837386
Agglomerative-average,24346,-22.94923036239725,-43.02805520804324,12,49,49,1.7314787936822205,1.7314787936822205
Agglomerative-average,24348,-22.970402738373885,-43.03213294708582,5,49,49,3.106978510106694,3.106978510106694
Agglomerative-average,24350,-22.94061686421916,-43.06545401112341,36,49,49,2.219015137979191,2.219015137979191
Agglomerative-average,24355,-22.9411555966564,-43.043134176624925,11,49,49,0.42038747259096626,0.42038747259096626
Agglomerative-average,24358,-22.954105582144187,-43.0680054361715,20,49,49,2.6425427649092876,2.6425427649092876
Agglomerative-average,24360,-22.918111396951545,-43.09214145186893,31,0,0,2.509739394628094,2.509739394628094
Agglomerative-average,24365,-22.912243204052235,-43.08150933080395,3,0,0,2.618851198531244,2.618851198531244
Agglomerative-average,24370,-22.92466477380604,-43.09986986144608,4,0,0,3.0675724627661634,3.0675724627661634
Agglomerative-average,24410,-22.859653314312613,-43.08078230203989,1,0,23,4.492412636621009,4.654838210086229
Agglomerative-average,24411,-22.85753738472352,-43.08169034540716,1,0,23,4.342634491870014,4.827407831844446
Agglomerative-average,24412,-22.847500221583047,-43.07542461651588,8,23,23,3.0585686848412927,3.0585686848412927
Agglomerative-average,24415,-22.84085769372568,-43.07623548195782,8,23,23,2.5485593447367734,2.5485593447367734
Agglomerative-average,24416,-22.840098124434224,-43.06778333387412,13,23,23,1.9428463788546821,1.9428463788546821
Agglomerative-average,24417,-22.845410939224823,-43.05013967578183,2,23,23,2.4245790110736816,2.4245790110736816
Agglomerative-average,24420,-22.835696540771,-43.046659352747774,2,23,23,1.6902752074676364,1.6902752074676364
Agglomerative-average,24421,-22.83065608217072,-43.04204141088677,8,23,23,1.785544079496967,1.785544079496967
Agglomerative-average,24422,-22.8277265510171,-43.02889904539707,10,16,16,2.579698169539543,2.579698169539543
Agglomerative-average,24425,-22.852695605444847,-43.09014618727886,6,0,23,4.488570327615892,5.063337444778237
Agglomerative-average,24426,-22.840411171156656,-43.08660279046403,4,23,23,3.369041529532832,3.369041529532832
Agglomerative-average,24430,-22.830092235510783,-43.0856527985238,6,23,23,2.858070577636817,2.858070577636817
Agglomerative-average,24431,-22.828438640757533,-43.08064705902956,18,23,23,2.319962387019569,2.319962387019569
Agglomerative-average,24435,-22.827481947170185,-43.0698152344756,13,23,23,1.2103580526880722,1.2103580526880722
Agglomerative-average,24436,-22.82124753376768,-43.066948767903845,10,23,23,0.974900632190075,0.974900632190075
Agglomerative-average,24440,-22.827149190613213,-43.0539481412297,18,23,23,0.5109875159509767,0.5109875159509767
Agglomerative-average,24445,-22.81926169355244,-43.03476520349312,19,23,23,2.496547760234984,2.496547760234984
Agglomerative-average,24450,-22.82316908005648,-43.02002823624667,11,16,16,1.7077150436464064,1.7077150436464064
Agglomerative-average,24451,-22.829351276710405,-43.01399541493803,19,16,16,1.0954740770723321,1.0954740770723321
Agglomerative-average,24452,-22.819291471555072,-43.00635838364597,8,16,16,0.8448267781460389,0.8448267781460389
Agglomerative-average,24455,-22.80878018901832,-43.0258667651288,7,23,16,3.0026608095902847,3.7820666644304155
Agglomerative-average,24456,-22.80929567410273,-43.016040373940605,8,16,16,2.290048761018143,2.290048761018143
Agglomerative-average,24457,-22.806624227141477,-43.012656807667405,6,16,16,2.3909810111068373,2.3909810111068373
Agglomerative-average,24460,-22.814787634492188,-43.04329935349616,5,23,23,1.9106376752120555,1.9106376752120555
Agglomerative-average,24461,-22.803350481704697,-43.0358182822438,6,23,23,3.3307096990681737,3.3307096990681737
Agglomerative-average,24465,-22.81949144895205,-43.0551638057087,5,23,23,0.6885613156065655,0.6885613156065655
Agglomerative-average,24466,-22.811123478295585,-43.06236954792932,3,23,23,1.5926742135799485,1.5926742135799485
Agglomerative-average,24467,-22.805308252046,-43.05264792957123,2,23,23,2.2607503746687483,2.2607503746687483
Agglomerative-average,24470,-22.79629033350867,-43.04531393855412,1,23,23,3.4551351851116667,3.4551351851116667
Agglomerative-average,24471,-22.785600785156785,-43.04593640228686,2,23,23,4.5564950178826376,4.5564950178826376
Agglomerative-average,24472,-22.789315227589743,-43.03850388360695,2,23,23,4.453453707792392,4.453453707792392
Agglomerative-average,24473,-22.787988229533347,-43.03235624966042,1,23,23,4.897200488745648,4.897200488745648
Agglomerative-average,24474,-22.794969261024608,-43.02441434660769,1,23,16,4.095753180108903,4.8166503717978895
Agglomerative-average,24475,-22.777267778897787,-43.027446308928425,1,23,16,5.988801571476473,6.175514813741177
Agglomerative-average,24710,-22.822624306841355,-43.00309374212156,13,16,16,0.4366802455847733,0.4366802455847733
Agglomerative-average,24711,-22.818906926534805,-42.99751196239111,7,16,16,1.0601030371315456,1.0601030371315456
Agglomerative-average,24715,-22.80276772976624,-42.99028180866455,6,16,16,2.97904389714024,2.97904389714024
Agglomerative-average,24716,-22.78988059417565,-43.00428047982366,3,16,16,4.072546151680372,4.072546151680372
Agglomerative-average,24717,-22.808029904019023,-43.00303400236285,4,16,16,2.055444869634557,2.055444869634557
Agglomerative-average,24720,-22.813217838338208,-42.98741033222329,3,16,16,2.2340892327256148,2.2340892327256148
Agglomerative-average,24721,-22.801495702866447,-42.98390861201865,1,16,16,3.44575710868615,3.44575710868615
Agglomerative-average,24722,-22.796501747075485,-42.97622988470504,9,16,38,4.219155585143614,4.369528601750661
Agglomerative-average,24723,-22.81762359087853,-42.94676360586466,5,38,38,1.067025799915542,1.067025799915542
Agglomerative-average,24724,-22.805769003517707,-42.95726724972363,4,38,38,2.3870787921734675,2.3870787921734675
Agglomerative-average,24725,-22.811456217228336,-42.97220863173352,4,16,38,2.74443812102296,3.6412213045996134
Agglomerative-average,24726,-22.78851170276054,-42.958565788861314,1,38,38,4.2878410362418,4.2878410362418
Agglomerative-average,24730,-22.829046912919456,-42.98784246443976,3,16,16,1.6559645613629452,1.6559645613629452
Agglomerative-average,24731,-22.822811422053213,-42.98685114650694,2,16,16,1.781193382733151,1.781193382733151
Agglomerative-average,24732,-22.827064469158785,-42.9738976624395,3,16,38,2.356320237183233,3.0614235307591624
Agglomerative-average,24734,-22.829471848017025,-42.9607569973706,1,38,38,1.0639479768274538,1.0639479768274538
Agglomerative-average,24735,-22.845883873637536,-42.95426308031982,1,38,38,2.1909585537932936,2.1909585537932936
Agglomerative-average,24736,-22.820033389763783,-42.969922193443765,5,16,38,2.073391987771502,3.542122831650837
Agglomerative-average,24737,-22.84162388029282,-42.96231323222136,1,38,38,2.054519250680963,2.054519250680963
Agglomerative-average,24738,-22.851785749069546,-42.94354284297728,5,38,38,2.919693213404312,2.919693213404312
Agglomerative-average,24740,-22.832952987571836,-42.99724674575654,2,16,16,0.9799973579500146,0.9799973579500146
Agglomerative-average,24742,-22.838766642599392,-43.00379523173135,4,16,16,1.363691471903358,1.363691471903358
Agglomerative-average,24743,-22.845998417596405,-42.99706758921929,7,16,16,2.2738175272170706,2.2738175272170706
Agglomerative-average,24744,-22.84230016004733,-43.01214322773478,9,16,16,1.9553017081522344,1.9553017081522344
Agglomerative-average,24745,-22.85280103675185,-43.00454397099252,5,16,16,2.9253381961932585,2.9253381961932585
Agglomerative-average,24746,-22.83906700788218,-42.98789279135017,2,16,16,2.144070226722562,2.144070226722562
Agglomerative-average,24750,-22.854636691924167,-43.02258437303882,7,16,16,3.6751462711367275,3.6751462711367275
Agglomerative-average,24751,-22.86782548778561,-43.002749069555286,10,16,44,2.138972468729758,4.596062422567534
Agglomerative-average,24752,-22.882259138501706,-42.98436172867216,4,44,44,2.254362433850578,2.254362433850578
Agglomerative-average,24753,-22.88628701436756,-42.99166865896655,2,44,44,1.4484683125097337,1.4484683125097337
Agglomerative-average,24754,-22.872354587681084,-43.027432812835386,6,44,44,2.7411873522889985,2.7411873522889985
Agglomerative-average,24755,-22.85926645726612,-43.015307855881765,1,16,44,3.218916107206571,3.830442219396739
Agglomerative-average,24756,-22.88593339499682,-43.011983104667294,10,44,44,0.6422014585943225,0.6422014585943225
Agglomerative-average,24800,-22.74248129310771,-42.85721075258665,10,3,3,0.4190198857463879,0.4190198857463879
Agglomerative-average,24801,-22.7395793666599,-42.84701335677763,2,3,3,1.4905069176945824,1.4905069176945824
Agglomerative-average,24802,-22.729006918491564,-42.83466835876695,1,3,3,3.1715406836317737,3.1715406836317737
Agglomerative-average,24804,-22.747090526611107,-42.84342210737453,3,3,3,1.7547106610693437,1.7547106610693437
Agglomerative-average,24805,-22.73533148939793,-42.83883774259336,1,3,3,2.4495183045647524,2.4495183045647524
Agglomerative-average,24808,-22.75677623430587,-42.855419742696405,12,3,3,1.4168995273593548,1.4168995273593548
Agglomerative-average,24812,-22.75019628085652,-42.87187716603211,6,3,3,1.3204528547958136,1.3204528547958136
Agglomerative-average,24813,-22.75411758328793,-42.88883553024611,1,3,3,3.095086156427375,3.095086156427375
Agglomerative-average,24830,-22.7113078008679,-42.87331425316652,1,3,3,3.962037443854263,3.962037443854263
Agglomerative-average,24846,-22.71538558398837,-42.80638584132024,2,56,56,0.0,0.0
Agglomerative-average,24855,-22.773459679480904,-42.91565441771825,3,22,22,0.9277584488895855,0.9277584488895855
Agglomerative-average,24856,-22.75807913856637,-42.91063311206234,1,22,22,1.3031905954978782,1.3031905954978782
Agglomerative-average,24858,-22.77209935726771,-42.92264307986124,6,22,22,0.7243088637224786,0.7243088637224786
Agglomerative-average,24859,-22.77340230558587,-42.90984766620826,2,22,22,1.3129383306685927,1.3129383306685927
Agglomerative-average,24866,-22.73373117887529,-42.93276530734327,2,22,22,3.832626062335142,3.832626062335142
Agglomerative-average,24876,-22.7125342435385,-42.89540473111652,3,3,3,5.084221165101133,5.084221165101133
Agglomerative-average,24890,-22.73521870942802,-42.727847609078914,6,63,63,0.0,0.0
Agglomerative-average,24900,-22.919618105516072,-42.83978957558533,14,29,29,0.9043991646754257,0.9043991646754257
Agglomerative-average,24901,-22.923608277456783,-42.81985709837894,7,29,29,1.1891838359361815,1.1891838359361815
Agglomerative-average,24902,-22.92700535031622,-42.8293157127626,2,29,29,0.7186706379773955,0.7186706379773955
Agglomerative-average,24903,-22.91166963475216,-42.80609731472158,6,29,29,2.746880478013217,2.746880478013217
Agglomerative-average,24904,-22.910596890425232,-42.81704615497582,3,29,29,1.824167793535378,1.824167793535378
Agglomerative-average,24905,-22.934535219557365,-42.911752855372335,6,6,6,0.7983031539640031,0.7983031539640031
Agglomerative-average,24910,-22.895953023136546,-42.84243328776303,1,29,29,2.9930333495982375,2.9930333495982375
Agglomerative-average,24912,-22.911125479829508,-42.83377563947568,6,29,29,1.1052269242454316,1.1052269242454316
Agglomerative-average,24913,-22.91428296653683,-42.83456332388645,6,29,29,0.8035242800714226,0.8035242800714226
Agglomerative-average,24914,-22.92345398569025,-42.85760247749489,7,29,29,2.736699833538947,2.736699833538947
Agglomerative-average,24915,-22.955984494690547,-42.80761537855785,3,29,29,4.594922403142545,4.594922403142545
Agglomerative-average,24916,-22.94457633335577,-42.82844129113664,2,29,29,2.663716099115792,2.663716099115792
Agglomerative-average,24921,-22.95260981760148,-42.808872638137295,1,29,29,4.208559699825089,4.208559699825089
Agglomerative-average,24922,-22.94856570290517,-42.70343236618995,2,59,59,0.0,0.0
Agglomerative-average,24930,-22.92610775291927,-42.89850356371279,4,6,6,0.8530442885370858,0.8530442885370858
Agglomerative-average,24931,-22.93464894999394,-42.88228044187334,9,6,6,2.376320300124211,2.376320300124211
Agglomerative-average,24933,-22.9565929719624,-42.88349437707549,8,6,6,3.6234531233901413,3.6234531233901413
Agglomerative-average,24934,-22.946221164792775,-42.88645951724069,3,6,6,2.5670696098184727,2.5670696098184727
Agglomerative-average,24935,-22.95097062040013,-42.94683341061871,6,50,50,1.8021256550679843,1.8021256550679843
Agglomerative-average,24936,-22.954278207609654,-42.96711894755224,16,50,50,0.31598517932783377,0.31598517932783377
Agglomerative-average,24937,-22.95115200845083,-42.99376127553226,2,50,50,3.0283930213251473,3.0283930213251473
Agglomerative-average,24940,-22.92600502136488,-42.940013982950965,2,6,6,3.6145315445335804,3.6145315445335804
Agglomerative-average,24941,-22.9132211037494,-42.83795907003351,2,29,29,1.0958473957860324,1.0958473957860324
Agglomerative-average,24942,-22.93102569180272,-42.92272114486791,5,6,6,1.8043896727055377,1.8043896727055377
Agglomerative-average,24943,-22.909483056983007,-42.92582680004856,5,6,6,3.1807081761653233,3.1807081761653233
Agglomerative-average,24944,-22.895520218492944,-42.93694066986552,5,6,6,5.100202209430759,5.100202209430759
Agglomerative-average,25010,-22.79046925687479,-43.31481452785819,3,69,69,2.736860330180454,2.736860330180454
Agglomerative-average,25015,-22.780222493712092,-43.31660541678868,9,69,69,1.9027962621167294,1.9027962621167294
Agglomerative-average,25020,-22.778944166984587,-43.30862350738487,5,69,69,1.307164802027063,1.307164802027063
Agglomerative-average,25025,-22.78456265700059,-43.3231360919681,5,69,69,2.721546558934189,2.721546558934189
Agglomerative-average,25030,-22.7735214191938,-43.311396817507145,1,69,69,1.012172890777033,1.012172890777033
Agglomerative-average,25035,-22.755338688692213,-43.308531682770784,14,69,69,1.5293084332242832,1.5293084332242832
Agglomerative-average,25036,-22.749595823587462,-43.316204756652816,4,69,69,2.4560704704062366,2.4560704704062366
Agglomerative-average,25040,-22.74090063654044,-43.31546716030017,9,15,15,2.181975786782912,2.181975786782912
Agglomerative-average,25041,-22.73578083363829,-43.31812761723224,4,15,15,1.6734744838897078,1.6734744838897078
Agglomerative-average,25042,-22.73591992474976,-43.3119360459995,1,15,15,2.2788239550816094,2.2788239550816094
Agglomerative-average,25045,-22.722818281793867,-43.3139157796674,6,15,15,2.143060271278334,2.143060271278334
Agglomerative-average,25046,-22.72351123290818,-43.32148642883789,6,15,15,1.4131144724110332,1.4131144724110332
Agglomerative-average,25050,-22.753304486524154,-43.29699642294105,3,69,69,1.7840525452293903,1.7840525452293903
Agglomerative-average,25051,-22.761267896992525,-43.29298558604593,2,69,69,1.3159470759676821,1.3159470759676821
Agglomerative-average,25055,-22.75739662652191,-43.28166913009442,4,69,69,2.529567818206242,2.529567818206242
Agglomerative-average,25060,-22.76405759011258,-43.30041310063685,12,69,69,0.5542928484057463,0.5542928484057463
Agglomerative-average,25065,-22.7574077930847,-43.28687072573676,9,69,69,2.075581352352787,2.075581352352787
Agglomerative-average,25070,-22.78016279197431,-43.30430364671711,15,69,69,1.3295143872879525,1.3295143872879525
Agglomerative-average,25071,-22.78540692093292,-43.301837011358415,2,69,69,1.9154505509639654,1.9154505509639654
Agglomerative-average,25075,-22.77412502707916,-43.29092658055662,3,69,69,1.432823813020661,1.432823813020661
Agglomerative-average,25080,-22.759685746162333,-43.29297061113347,3,69,69,1.4278138059740526,1.4278138059740526
Agglomerative-average,25085,-22.79583417251553,-43.291526151554045,1,69,69,3.299597315287572,3.299597315287572
Agglomerative-average,25086,-22.754121943948885,-43.28647151207924,2,69,69,2.3370248796863202,2.3370248796863202
Agglomerative-average,25211,-22.67066808633434,-43.26255563331919,3,8,8,1.2506264484213538,1.2506264484213538
Agglomerative-average,25212,-22.676473601000435,-43.25702002542332,9,8,8,1.9921121269472941,1.9921121269472941
Agglomerative-average,25213,-22.6749107167218,-43.27620037015547,8,8,8,0.6961060065772969,0.6961060065772969
Agglomerative-average,25214,-22.689731933072384,-43.26636955304457,6,8,8,2.472011582322852,2.472011582322852
Agglomerative-average,25215,-22.682590790490558,-43.27404135699872,4,8,8,1.5309696293698312,1.5309696293698312
Agglomerative-average,25220,-22.685430142678285,-43.24665539237965,4,8,8,3.4081490843844526,3.4081490843844526
Agglomerative-average,25223,-22.683322481003053,-43.25395359470418,2,8,8,2.659945703720302,2.659945703720302
Agglomerative-average,25225,-22.696323342560508,-43.271184575072574,3,8,8,3.0767548497933177,3.0767548497933177
Agglomerative-average,25230,-22.689741624685315,-43.2826886930124,1,8,8,2.469429143825842,2.469429143825842
Agglomerative-average,25231,-22.683563816603137,-43.29906896652288,1,8,8,2.9993469947545606,2.9993469947545606
Agglomerative-average,25233,-22.70350739511343,-43.29957916081139,4,8,15,4.548524534967349,4.630815277419574
Agglomerative-average,25235,-22.70286437220505,-43.31600017753463,3,8,15,3.5100716798820253,5.690117912728164
Agglomerative-average,25237,-22.753574853365865,-43.305893071458286,1,69,69,1.6510684414043826,1.6510684414043826
Agglomerative-average,25240,-22.645633194906285,-43.28709135535513,9,8,8,2.8813205927868526,2.8813205927868526
Agglomerative-average,25241,-22.571208,-43.31268449999998,1,33,33,3.7298301050495635,3.7298301050495635
Agglomerative-average,25243,-22.659524930411084,-43.296332311051046,2,8,8,2.4601233965666602,2.4601233965666602
Agglomerative-average,25245,-22.59128608480469,-43.312298090959736,4,33,33,1.7695933504633765,1.7695933504633765
Agglomerative-average,25250,-22.60728606434383,-43.29857473776487,13,33,33,0.5353926773010035,0.5353926773010035
Agglomerative-average,25251,-22.65410603965445,-43.27799273062863,3,8,8,1.6744044802564053,1.6744044802564053
Agglomerative-average,25253,-22.612060153892077,-43.28185276890751,2,33,33,2.1623732913226674,2.1623732913226674
Agglomerative-average,25255,-22.644539050348147,-43.27860193918141,9,8,8,2.7325307349830217,2.7325307349830217
Agglomerative-average,25260,-22.65362737697551,-43.27588967098969,3,8,8,1.6959462242604997,1.6959462242604997
Agglomerative-average,25261,-22.64530376193324,-43.26203372616665,6,8,8,2.9158188008583044,2.9158188008583044
Agglomerative-average,25264,-22.64520106741496,-43.23736687845677,4,62,62,1.064728391924521,1.064728391924521
Agglomerative-average,25265,-22.649550626444302,-43.23034128992175,1,62,62,1.2328069993142585,1.2328069993142585
Agglomerative-average,25266,-22.63876728053192,-43.2218184372897,4,62,62,0.8392388250159335,0.8392388250159335
Agglomerative-average,25267,-22.63517083859032,-43.24735328154284,2,62,62,1.819357142301009,1.819357142301009
Agglomerative-average,25268,-22.652696249418973,-43.2761256498613,5,8,8,1.8011459243232404,1.8011459243232404
Agglomerative-average,25270,-22.623874594466177,-43.23981472381287,1,62,62,1.9105580515886242,1.9105580515886242
Agglomerative-average,25271,-22.63746113941411,-43.22617580587021,5,62,62,0.4071094983386724,0.4071094983386724
Agglomerative-average,25272,-22.62425914893622,-43.21652128956865,1,62,62,2.099321014489235,2.099321014489235
Agglomerative-average,25275,-22.63887775891837,-43.22692540844416,3,62,62,0.31774039233762524,0.31774039233762524
Agglomerative-average,25510,-22.790646777654263,-43.375643445446975,14,55,55,1.0126193577764913,1.0126193577764913
Agglomerative-average,25515,-22.79765605749528,-43.364274956523175,15,55,55,1.182196794556577,1.182196794556577
Agglomerative-average,25520,-22.803670156230325,-43.3754619382363,14,55,55,2.047112349943594,2.047112349943594
Agglomerative-average,25525,-22.79612913604517,-43.38275185182584,9,55,55,1.9389958507445102,1.9389958507445102
Agglomerative-average,25530,-22.80597341277987,-43.3903648173854,2,24,24,2.710784076081833,2.710784076081833
Agglomerative-average,25535,-22.791159022004333,-43.40261092456814,1,24,24,2.0738957759417302,2.0738957759417302
Agglomerative-average,25540,-22.784015528679777,-43.39703232529075,5,24,24,3.0451462401672735,3.0451462401672735
Agglomerative-average,25545,-22.788068271999396,-43.38724739844827,4,55,55,2.129977600099347,2.129977600099347
Agglomerative-average,25550,-22.77519333195786,-43.382929842060825,10,55,55,2.1516369557454254,2.1516369557454254
Agglomerative-average,25555,-22.78130043658109,-43.37040843885934,9,55,55,0.7713192401455281,0.7713192401455281
Agglomerative-average,25560,-22.770034075258486,-43.36986192895572,4,55,55,1.9422575012043526,1.9422575012043526
Agglomerative-average,25561,-22.77327727501097,-43.36365900401443,4,55,55,1.5775690015033612,1.5775690015033612
Agglomerative-average,25565,-22.78315358395092,-43.35979003562612,5,55,55,0.8225367923662428,0.8225367923662428
Agglomerative-average,25570,-22.767755472400367,-43.351648773854414,5,55,55,2.645938790435803,2.645938790435803
Agglomerative-average,25571,-22.764428655824528,-43.34634958376359,4,55,55,3.2692502478373693,3.2692502478373693
Agglomerative-average,25575,-22.770524738786182,-43.34087058368249,2,55,55,3.2166002451343436,3.2166002451343436
Agglomerative-average,25576,-22.778287142653923,-43.35224410736812,3,55,55,1.7664519959569873,1.7664519959569873
Agglomerative-average,25580,-22.78335138297888,-43.34124145850288,3,55,55,2.624031381333037,2.624031381333037
Agglomerative-average,25581,-22.788457368960326,-43.34709777532829,2,55,55,1.9928105822605577,1.9928105822605577
Agglomerative-average,25585,-22.79367354642019,-43.33816809639405,9,55,55,2.990752404221554,2.990752404221554
Agglomerative-average,25610,-22.50218363248224,-43.16843451995522,4,27,67,2.84682740286231,2.905206643488774
Agglomerative-average,25615,-22.496114223843747,-43.15620443994322,9,67,67,1.7350739564140059,1.7350739564140059
Agglomerative-average,25620,-22.510230788197468,-43.17544387445511,14,27,27,1.876726955795433,1.876726955795433
Agglomerative-average,25625,-22.515824878742336,-43.17136715693798,3,27,27,2.2064468405250843,2.2064468405250843
Agglomerative-average,25630,-22.52424789468128,-43.161617138310994,3,27,27,3.355402364681587,3.355402364681587
Agglomerative-average,25635,-22.529027105018844,-43.17661101657757,13,27,27,2.2542231676422393,2.2542231676422393
Agglomerative-average,25640,-22.52279907282805,-43.183566224490704,7,27,27,1.2601552707735157,1.2601552707735157
Agglomerative-average,25645,-22.54079651100627,-43.20123507158808,6,27,27,2.9545079276226365,2.9545079276226365
Agglomerative-average,25650,-22.531038247576937,-43.212309414991445,10,27,27,2.651202888892141,2.651202888892141
Agglomerative-average,25651,-22.524744277401208,-43.21160357990256,10,27,27,2.1903037576702116,2.1903037576702116
Agglomerative-average,25655,-22.52044984882392,-43.19101234595281,20,27,27,0.5940241378624728,0.5940241378624728
Agglomerative-average,25660,-22.512038240121388,-43.20472585759976,8,27,27,1.2760733538784208,1.2760733538784208
Agglomerative-average,25665,-22.509186267903694,-43.219827486060126,16,27,27,2.8563117475737303,2.8563117475737303
Agglomerative-average,25670,-22.489507019910214,-43.210414436144696,1,27,27,3.3965982111451596,3.3965982111451596
Agglomerative-average,25675,-22.49698456394848,-43.20060728812907,6,27,27,2.195737738000788,2.195737738000788
Agglomerative-average,25680,-22.48963724197897,-43.18376265001703,12,27,27,3.0108251579469067,3.0108251579469067
Agglomerative-average,25685,-22.50813163708028,-43.18141468751699,9,27,27,1.4240528406339363,1.4240528406339363
Agglomerative-average,25710,-22.475562635890437,-43.148370152985294,16,67,67,0.7663977514144974,0.7663977514144974
Agglomerative-average,25715,-22.47150966453406,-43.1620277638875,6,67,67,1.364154483109305,1.364154483109305
Agglomerative-average,25720,-22.43222926280023,-43.14086038411682,15,10,10,2.5271610276745187,2.5271610276745187
Agglomerative-average,25725,-22.427894024726776,-43.20138979903541,3,36,36,0.0,0.0
Agglomerative-average,25730,-22.408608081087024,-43.13140914649253,18,10,10,0.30016355314679244,0.30016355314679244
Agglomerative-average,25740,-22.374645351841945,-43.12909370218015,4,10,51,4.015940269896818,4.0823967856842245
Agglomerative-average,25745,-22.3915193770552,-43.10829358749547,6,10,10,3.2275321868900413,3.2275321868900413
Agglomerative-average,25750,-22.33852928975817,-43.12899883949998,10,51,51,0.0,0.0
Agglomerative-average,25770,-22.26889273967007,-43.07681259121553,5,47,47,0.0,0.0
Agglomerative-average,25900,-22.651419516496585,-43.06655787630402,18,1,1,1.2639604575704895,1.2639604575704895
Agglomerative-average,25901,-22.648338600540264,-43.0583437917855,9,1,1,0.35942630169701273,0.35942630169701273
Agglomerative-average,25902,-22.65954574226225,-43.116827376350194,1,2,2,3.4212818057727667,3.4212818057727667
Agglomerative-average,25903,-22.641865834980965,-43.07245208309176,3,1,1,1.8222358654369002,1.8222358654369002
Agglomerative-average,25904,-22.65181465633809,-43.05361261025339,1,1,1,0.6155081619491793,0.6155081619491793
Agglomerative-average,25905,-22.661390928999936,-43.03525083599993,2,1,1,2.648777227114074,2.648777227114074
Agglomerative-average,25907,-22.63855440197675,-43.16000184562523,1,18,18,3.0246160672378593,3.0246160672378593
Agglomerative-average,25908,-22.65815606716074,-43.11902674370239,2,2,2,3.372619417478407,3.372619417478407
Agglomerative-average,25911,-22.55907208815268,-43.044923138517305,4,42,42,1.9534886826311226,1.9534886826311226
Agglomerative-average,25912,-22.57019403842886,-43.058745435694526,1,42,42,0.4756114210478359,0.4756114210478359
Agglomerative-average,25914,-22.59381281247852,-43.06930284283151,3,42,42,2.6514922613646594,2.6514922613646594
Agglomerative-average,25921,-22.6525357703222,-43.12650100805483,1,2,2,3.46138788594982,3.46138788594982
Agglomerative-average,25922,-22.66003863059351,-43.1347885471764,6,2,2,2.3745857301923845,2.3745857301923845
Agglomerative-average,25925,-22.69368277179141,-43.10979273572445,2,2,2,3.535106985808919,3.535106985808919
Agglomerative-average,25926,-22.70142395223432,-43.15952521180791,9,2,2,2.9870604545367003,2.9870604545367003
Agglomerative-average,25928,-22.63601681822644,-43.02534331618508,1,1,1,3.3022823301131683,3.3022823301131683
Agglomerative-average,25930,-22.68358467046409,-43.160534715770886,1,2,2,2.0139195857394956,2.0139195857394956
Agglomerative-average,25931,-22.615268497162027,-43.171211569125255,12,18,18,0.8804716227113216,0.8804716227113216
Agglomerative-average,25932,-22.606414625881992,-43.16479917404288,1,18,18,1.964611251357454,1.964611251357454
Agglomerative-average,25933,-22.589725437213616,-43.18381309691644,4,18,18,3.1756308293938296,3.1756308293938296
Agglomerative-average,25935,-22.615933155012947,-43.17975719830376,15,18,18,0.23245311720906942,0.23245311720906942
Agglomerative-average,25936,-22.62086490867415,-43.19203787685941,2,18,18,1.349061961255209,1.349061961255209
Agglomerative-average,25937,-22.64373828349399,-43.182944105487344,2,18,18,2.8893962904913466,2.8893962904913466
Agglomerative-average,25938,-22.6545713161462,-43.20333179891331,3,18,62,3.269546965591106,4.759831277871572
Agglomerative-average,25940,-22.617931893774944,-43.00412879602773,4,1,1,6.151837255478808,6.151837255478808
Agglomerative-average,25943,-22.55101493109428,-42.98442049906716,3,68,68,2.3719374407124385,2.3719374407124385
Agglomerative-average,25945,-22.528934117386,-42.98544280263765,1,68,68,0.7114928696590731,0.7114928696590731
Agglomerative-average,25946,-22.527718078493137,-42.97826627951071,11,68,68,0.29597447075553157,0.29597447075553157
Agglomerative-average,25949,-22.51454665728784,-42.96902750677734,2,68,68,2.0181511381086428,2.0181511381086428
Agglomerative-average,26010,-22.7551063244127,-43.42858334530357,13,11,11,2.8440917789280027,2.8440917789280027
Agglomerative-average,26011,-22.748785105742307,-43.43168107136049,9,11,11,2.221654239247887,2.221654239247887
Agglomerative-average,26012,-22.739120145317514,-43.438923776976765,9,11,11,1.2989142245086145,1.2989142245086145
Agglomerative-average,26013,-22.745675146224823,-43.44388802788447,13,11,11,0.9568729617799542,0.9568729617799542
Agglomerative-average,26015,-22.74498697417717,-43.43911485622618,7,11,11,1.355669945894218,1.355669945894218
Agglomerative-average,26020,-22.73307786504663,-43.4496138786291,14,11,11,0.8655204308164036,0.8655204308164036
Agglomerative-average,26021,-22.7265203412345,-43.43963538573774,5,11,11,1.9875527764801257,1.9875527764801257
Agglomerative-average,26022,-22.73223237271496,-43.460676715526674,10,11,11,1.3304620100524278,1.3304620100524278
Agglomerative-average,26023,-22.71845447873864,-43.45333006616676,1,11,11,2.477490283254708,2.477490283254708
Agglomerative-average,26030,-22.72927766291159,-43.46322545433846,9,11,11,1.7481605795572186,1.7481605795572186
Agglomerative-average,26031,-22.733144913944965,-43.47564299726109,4,11,11,2.6156668698947607,2.6156668698947607
Agglomerative-average,26032,-22.73116848461293,-43.4796971945155,5,11,11,3.0808333215090005,3.0808333215090005
Agglomerative-average,26033,-22.722956089481777,-43.4618987093067,1,11,11,2.2409139416364785,2.2409139416364785
Agglomerative-average,26035,-22.72277955303024,-43.46645519648206,1,11,11,2.5132927920929466,2.5132927920929466
Agglomerative-average,26040,-22.715476981048564,-43.45497446506072,5,11,11,2.82414147987554,2.82414147987554
Agglomerative-average,26041,-22.709788663568432,-43.465657949741065,9,11,11,3.729085384598361,3.729085384598361
Agglomerative-average,26042,-22.708401272321503,-43.47914027612773,1,11,11,4.574236749069008,4.574236749069008
Agglomerative-average,26050,-22.692333946397017,-43.4678329284204,4,11,11,5.630382609076319,5.630382609076319
Agglomerative-average,26051,-22.69370930904985,-43.45569367309577,6,11,61,4.8426023270780005,5.239611402447576
Agglomerative-average,26052,-22.682661738953115,-43.44763426447411,7,11,61,3.406407555327308,6.4622102784195254
Agglomerative-average,26053,-22.676424784708487,-43.46514837118791,2,11,61,4.67068970696044,7.280018448458522
Agglomerative-average,26060,-22.70596026208645,-43.44426093479684,6,11,11,3.929830120008898,3.929830120008898
Agglomerative-average,26062,-22.6632991804878,-43.42190649887993,1,61,61,0.0,0.0
Agglomerative-average,26063,-22.71869874105048,-43.47704074319361,1,11,11,3.5835512555882056,3.5835512555882056
Agglomerative-average,26070,-22.712261582859316,-43.43397796646818,18,11,11,3.6331098191300835,3.6331098191300835
Agglomerative-average,26080,-22.72546659818089,-43.5110829974867,5,21,21,2.236583637027066,2.236583637027066
Agglomerative-average,26082,-22.73084992306352,-43.501629004388285,1,21,21,1.9143273150567195,1.9143273150567195
Agglomerative-average,26083,-22.73962521457062,-43.51130348349012,6,21,21,0.6621136539252975,0.6621136539252975
Agglomerative-average,26084,-22.7288301166658,-43.51662859381047,3,21,21,1.9412240477342915,1.9412240477342915
Agglomerative-average,26085,-22.7378823853966,-43.540626520424674,2,21,21,3.1276725056005743,3.1276725056005743
Agglomerative-average,26086,-22.727495091333505,-43.52334987524174,5,21,21,2.360718797631004,2.360718797631004
Agglomerative-average,26087,-22.716288877191023,-43.51530571258531,14,21,21,3.2829101277943304,3.2829101277943304
Agglomerative-average,26088,-22.709994584521123,-43.52081425760519,5,21,21,4.0756347498884615,4.0756347498884615
Agglomerative-average,26110,-22.755672493046596,-43.36930490702333,3,15,60,3.2696822982933624,4.662522320568672
Agglomerative-average,26112,-22.748890763540413,-43.40218859295182,6,60,60,0.8885548333458415,0.8885548333458415
Agglomerative-average,26113,-22.75249988943649,-43.39489689201624,4,60,60,1.1876758945237564,1.1876758945237564
Agglomerative-average,26115,-22.74102601762666,-43.39058910287586,7,60,60,0.7288690392609684,0.7288690392609684
Agglomerative-average,26116,-22.744030405639823,-43.38686162276392,3,60,60,1.1214569535195251,1.1214569535195251
Agglomerative-average,26120,-22.74095127698239,-43.407375755677286,3,60,60,1.011003514162347,1.011003514162347
Agglomerative-average,26123,-22.73755924382916,-43.40715915370587,3,60,60,1.1035596120990965,1.1035596120990965
Agglomerative-average,26125,-22.733091514554367,-43.40118902114117,2,60,60,1.0686511640296887,1.0686511640296887
Agglomerative-average,26130,-22.76452043290213,-43.40324268558952,13,60,60,2.557897883520864,2.557897883520864
Agglomerative-average,26135,-22.748837947683032,-43.4110954882984,3,60,60,1.5731899294099685,1.5731899294099685
Agglomerative-average,26140,-22.738645489116468,-43.41773917384008,6,60,60,2.1011905612667725,2.1011905612667725
Agglomerative-average,26143,-22.72777921195433,-43.41907983538552,1,60,60,2.7191993617514094,2.7191993617514094
Agglomerative-average,26155,-22.72149589575073,-43.40236747175682,2,60,60,2.3441687523160386,2.3441687523160386
Agglomerative-average,26160,-22.73036490590292,-43.39084713564882,5,60,60,1.4784957465976607,1.4784957465976607
Agglomerative-average,26163,-22.71802861019754,-43.38866458565219,1,60,60,2.8304986501045946,2.8304986501045946
Agglomerative-average,26165,-22.73004862963322,-43.38401397146633,6,60,60,1.934036444467878,1.934036444467878
Agglomerative-average,26167,-22.73381526820578,-43.37869831571142,3,60,60,2.1466547228226758,2.1466547228226758
Agglomerative-average,26170,-22.735308724256505,-43.3689986253974,1,15,60,3.028975124523576,3.7112578388687107
Agglomerative-average,26172,-22.727797274174065,-43.36988532052452,1,15,60,3.2575421581092114,3.7662300173386636
Agglomerative-average,26173,-22.7293974724831,-43.35646929692585,3,15,15,2.382728369863599,2.382728369863599
Agglomerative-average,26175,-22.723712605507256,-43.34218222243037,4,15,15,1.1610432103623305,1.1610432103623305
Agglomerative-average,26178,-22.71708005610544,-43.37621943740937,4,60,60,3.543410556685783,3.543410556685783
Agglomerative-average,26180,-22.709309871783464,-43.340396840703605,1,15,15,2.4281026445549236,2.4281026445549236
Agglomerative-average,26183,-22.71884157108849,-43.3359503631358,8,15,15,1.2851324971579896,1.2851324971579896
Agglomerative-average,26185,-22.71230675457505,-43.3346366040831,3,15,15,1.9866722645957475,1.9866722645957475
Agglomerative-average,26187,-22.731683227835816,-43.34902267341827,3,15,15,1.6268344920256315,1.6268344920256315
Agglomerative-average,26190,-22.738054149192973,-43.33784294353118,1,15,15,0.999370659454473,0.999370659454473
Agglomerative-average,26193,-22.74371498675422,-43.34181565153629,3,15,15,1.7476705069872767,1.7476705069872767
Agglomerative-average,26196,-22.74788950490292,-43.365239469417695,1,15,60,3.379890607313635,3.829239645136219
Agglomerative-average,26210,-22.75587652233678,-43.45011309119682,13,11,11,1.6967318148333481,1.6967318148333481
Agglomerative-average,26215,-22.749383783452853,-43.44373182064543,12,11,11,1.2529607728028704,1.2529607728028704
Agglomerative-average,26216,-22.751111606071024,-43.46011896476947,3,11,11,1.4606195042828354,1.4606195042828354
Agglomerative-average,26220,-22.7584056941374,-43.442957719272016,12,11,11,2.1570431336412046,2.1570431336412046
Agglomerative-average,26221,-22.761895289271685,-43.44132518888005,6,11,11,2.5796192055012592,2.5796192055012592
Agglomerative-average,26225,-22.764974904450163,-43.43867207315254,6,11,11,3.004762655691784,3.004762655691784
Agglomerative-average,26230,-22.754343447271268,-43.42874379900237,1,11,11,2.7832976301216745,2.7832976301216745
Agglomerative-average,26250,-22.76580597634655,-43.44413388623215,6,11,11,2.894726629622885,2.894726629622885
Agglomerative-average,26255,-22.760838936119494,-43.45665101381061,33,11,11,2.3046301333579966,2.3046301333579966
Agglomerative-average,26256,-22.75641397681851,-43.468057858785166,1,11,11,2.4404293349989468,2.4404293349989468
Agglomerative-average,26260,-22.757514514925703,-43.47418414534944,1,11,11,2.9883085520533776,2.9883085520533776
Agglomerative-average,26261,-22.75945387444939,-43.48287991446073,10,21,21,3.296678956742711,3.296678956742711
Agglomerative-average,26262,-22.75865949445597,-43.46865496838731,4,11,11,2.665374566740855,2.665374566740855
Agglomerative-average,26263,-22.7511163216362,-43.4803664070067,9,11,11,3.182058965852955,3.182058965852955
Agglomerative-average,26265,-22.76240169452735,-43.49189992116156,8,21,21,2.7299943216387708,2.7299943216387708
Agglomerative-average,26266,-22.76149082223366,-43.49983733727016,1,21,21,2.12362793437747,2.12362793437747
Agglomerative-average,26270,-22.771786935706576,-43.513737001536,2,21,21,2.9248781707971983,2.9248781707971983
Agglomerative-average,26271,-22.76538805577464,-43.513740263369385,3,21,21,2.2168508195669463,2.2168508195669463
Agglomerative-average,26272,-22.761268184110865,-43.504602353534416,2,21,21,1.8744969426039815,1.8744969426039815
Agglomerative-average,26275,-22.758522248481707,-43.5081270171475,3,21,21,1.475282277966338,1.475282277966338
Agglomerative-average,26276,-22.747655366540023,-43.50045199921573,8,21,21,1.1353001978410373,1.1353001978410373
Agglomerative-average,26277,-22.75365868027963,-43.50568209999401,7,21,21,1.066736491496959,1.066736491496959
Agglomerative-average,26278,-22.750950306589704,-43.5104936361956,3,21,21,0.6027655933072565,0.6027655933072565
Agglomerative-average,26279,-22.746340793942444,-43.51599943467023,3,21,21,0.490110442892977,0.490110442892977
Agglomerative-average,26280,-22.74345546985677,-43.48205928698698,5,11,21,3.0070427828916824,3.1513987740923106
Agglomerative-average,26281,-22.739051517422563,-43.47469667232987,4,11,11,2.3879229806459543,2.3879229806459543
Agglomerative-average,26282,-22.743267765418626,-43.47080427462203,2,11,11,2.0028812171310295,2.0028812171310295
Agglomerative-average,26285,-22.749261034645645,-43.457434797409576,10,11,11,1.133951767358522,1.133951767358522
Agglomerative-average,26286,-22.74919369674164,-43.469546131254496,8,11,11,2.0812384290695465,2.0812384290695465
Agglomerative-average,26290,-22.7692389862532,-43.52530849381608,12,21,21,2.997791019611057,2.997791019611057
Agglomerative-average,26291,-22.775922205954583,-43.53552518598715,4,21,65,2.6927343101808767,4.190181737439284
Agglomerative-average,26292,-22.765111723156878,-43.559026201122336,6,65,65,0.0,0.0
Agglomerative-average,26293,-22.79249083598364,-43.57524682495404,1,12,12,2.761205095326484,2.761205095326484
Agglomerative-average,26296,-22.80012558975328,-43.59358340822262,3,12,12,1.5941892241954398,1.5941892241954398
Agglomerative-average,26297,-22.81315246690653,-43.58884053145267,3,12,12,0.07771436165350581,0.07771436165350581
Agglomerative-average,26298,-22.821289601573383,-43.58391704635197,5,12,12,0.9804668331070922,0.9804668331070922
Agglomerative-average,26299,-22.84103615023977,-43.61515804577371,1,12,12,4.04061686876213,4.04061686876213
Agglomerative-average,26310,-22.71769036507631,-43.56406590011273,9,64,64,0.4083996285928454,0.4083996285928454
Agglomerative-average,26311,-22.7230667989856,-43.577531170720725,2,64,64,1.6702622468067418,1.6702622468067418
Agglomerative-average,26313,-22.72398694854633,-43.56859220120247,4,64,64,1.182394690209895,1.182394690209895
Agglomerative-average,26315,-22.726749869469312,-43.58842644869943,2,64,64,2.830578027412645,2.830578027412645
Agglomerative-average,26316,-22.691702991594585,-43.594666387857934,1,26,26,1.9089211118302265,1.9089211118302265
Agglomerative-average,26320,-22.70950681506173,-43.580279131181264,3,64,64,1.6938080411634393,1.6938080411634393
Agglomerative-average,26321,-22.7081915940706,-43.57351771589113,2,64,64,1.12955484434283,1.12955484434283
Agglomerative-average,26323,-22.721880392950524,-43.56120106689918,6,64,64,0.9356137586529103,0.9356137586529103
Agglomerative-average,26325,-22.720466020617074,-43.55679725976077,3,64,64,1.0662813485932947,1.0662813485932947
Agglomerative-average,26330,-22.73569440043516,-43.542197211853576,2,21,64,3.3221171400932876,3.354582475057967
Agglomerative-average,26380,-22.707476317323948,-43.55071081533383,1,64,64,1.5929709198286297,1.5929709198286297
Agglomerative-average,26381,-22.6969098294197,-43.55741624112584,3,64,64,2.039304800840907,2.039304800840907
Agglomerative-average,26382,-22.692331349282565,-43.531816681604255,1,21,64,4.132485097847283,6.284068856533357
Agglomerative-average,26383,-22.707869677714925,-43.561315648938425,8,64,64,0.7606186336598708,0.7606186336598708
Agglomerative-average,26385,-22.705743887793957,-43.55656212344719,6,64,64,1.2314770033113025,1.2314770033113025
Agglomerative-average,26413,-22.696333434498968,-43.626641384369336,1,26,26,2.8848958693531483,2.8848958693531483
Agglomerative-average,26420,-22.68450772983073,-43.61532318330367,2,26,26,1.1455679122246252,1.1455679122246252
Agglomerative-average,26423,-22.6809778671,-43.61135654272859,1,26,26,0.5891379575777875,0.5891379575777875
Agglomerative-average,26425,-22.68320829858776,-43.6136513869842,1,26,26,0.9218050286228885,0.9218050286228885
Agglomerative-average,26430,-22.68817178316981,-43.60645936527142,3,26,26,1.0916208804909846,1.0916208804909846
Agglomerative-average,26433,-22.650250797954484,-43.65355119895557,4,41,41,0.3462810130565113,0.3462810130565113
Agglomerative-average,26435,-22.648997352455527,-43.65813095170957,4,41,41,0.6103356214325736,0.6103356214325736
Agglomerative-average,26440,-22.6438955448154,-43.64300824279504,4,41,41,1.0426420347175513,1.0426420347175513
Agglomerative-average,26443,-22.644806809224903,-43.65794599414254,2,41,41,0.6260962249006016,0.6260962249006016
Agglomerative-average,26445,-22.674494004101163,-43.60813218912923,3,26,26,0.46594639667965615,0.46594639667965615
Agglomerative-average,26450,-22.663207630218253,-43.610776285393406,1,26,26,1.7440038741168584,1.7440038741168584
Agglomerative-average,26453,-22.66951051838989,-43.61452547990683,3,26,26,1.291445178169615,1.291445178169615
Agglomerative-average,26455,-22.67373240752545,-43.59804565833488,1,26,26,0.9965804850764076,0.9965804850764076
Agglomerative-average,26460,-22.67164263350668,-43.59088177051566,2,26,26,1.755401893024153,1.755401893024153
Agglomerative-average,26470,-22.679545467450534,-43.593041196799824,1,26,26,1.3736171476769794,1.3736171476769794
Agglomerative-average,26480,-22.667916878063743,-43.58577332849087,1,26,26,2.4107719455499153,2.4107719455499153
Agglomerative-average,26510,-22.81662825484205,-43.41632496803764,21,24,24,1.3506057924226542,1.3506057924226542
Agglomerative-average,26515,-22.82027720659127,-43.42270906150816,3,24,24,1.8584301034623134,1.8584301034623134
Agglomerative-average,26520,-22.81249234447968,-43.42909625891298,17,24,24,1.5461215482537778,1.5461215482537778
Agglomerative-average,26521,-22.809500731742084,-43.43250149322672,6,24,24,1.7068991131824705,1.7068991131824705
Agglomerative-average,26525,-22.805706631753832,-43.42307905240664,20,24,24,0.661557797884326,0.661557797884326
Agglomerative-average,26526,-22.804257068335087,-43.42109060717076,2,24,24,0.4444743455595878,0.4444743455595878
Agglomerative-average,26530,-22.80164222999227,-43.41601787718497,8,24,24,0.32556242312922823,0.32556242312922823
Agglomerative-average,26535,-22.799760130437143,-43.41047447797409,10,24,24,0.8317437207206333,0.8317437207206333
Agglomerative-average,26540,-22.80794794860136,-43.40773098670876,7,24,24,1.0024058561303735,1.0024058561303735
Agglomerative-average,26545,-22.81382105979965,-43.40235279737406,9,24,24,1.8050255695822512,1.8050255695822512
Agglomerative-average,26550,-22.77075741016515,-43.4312991356195,4,11,11,3.933765626523427,3.933765626523427
Agglomerative-average,26551,-22.781707096310384,-43.42552236371597,10,24,24,2.687679595460572,2.687679595460572
Agglomerative-average,26553,-22.786322478605623,-43.43138510904005,6,24,24,2.5154523314394495,2.5154523314394495
Agglomerative-average,26554,-22.79089221312869,-43.43692215015001,4,24,24,2.5605882373658106,2.5605882373658106
Agglomerative-average,26556,-22.77776602762561,-43.43662348759625,4,11,24,3.602091019826617,4.3971766791659626
Agglomerative-average,26557,-22.771105803454297,-43.43638870513932,2,11,11,3.7212773527125345,3.7212773527125345
Agglomerative-average,26560,-22.772872235146963,-43.42497545965702,4,24,24,3.6150240191880205,3.6150240191880205
Agglomerative-average,26562,-22.770064916804248,-43.422339662467735,8,24,24,3.8702279449643737,3.8702279449643737
Agglomerative-average,26564,-22.77328132742342,-43.41781714536901,6,24,24,3.4717877509847015,3.4717877509847015
Agglomerative-average,26570,-22.77814678640116,-43.4171342747468,2,24,24,2.929335217595573,2.929335217595573
Agglomerative-average,26572,-22.7846703338512,-43.41150550604952,4,24,24,2.2686153559154034,2.2686153559154034
Agglomerative-average,26574,-22.77767719983202,-43.4038669735974,4,24,24,3.261216272044894,3.261216272044894
Agglomerative-average,26580,-22.78727630139065,-43.42104793086865,5,24,24,1.9637158142360902,1.9637158142360902
Agglomerative-average,26582,-22.791786349943763,-43.41589366647349,5,24,24,1.4152338506984554,1.4152338506984554
Agglomerative-average,26584,-22.79705192396206,-43.42658602251409,2,24,24,1.3030599833349894,1.3030599833349894
Agglomerative-average,26585,-22.79835084305232,-43.434750437897016,3,24,24,1.9661984710403535,1.9661984710403535
Agglomerative-average,26587,-22.80462139272945,-43.4357429099578,2,24,24,1.9456913689594966,1.9456913689594966
Agglomerative-average,26600,-22.61483382699214,-43.705683375748585,35,54,54,0.0,0.0
Agglomerative-average,28680,-22.470849051492323,-42.657121037845286,19,66,66,0.0,0.0
Agglomerative-average,28695,-22.60367916043864,-42.74073968432629,1,37,37,0.0,0.0
Agglomerative-average,28800,-22.711927870432564,-42.63004113951235,27,35,35,0.0,0.0
Agglomerative-complete,20010,-22.902565933548235,-43.17859890530714,7,0,0,4.385967619790303,4.385967619790303
Agglomerative-complete,20011,-22.904993445903926,-43.17607769647398,15,0,0,4.555392128340315,4.555392128340315
Agglomerative-complete,20020,-22.90749454533334,-43.17316912947846,9,0,0,4.785698381581813,4.785698381581813
Agglomerative-complete,20021,-22.912369544913428,-43.17350079335496,13,0,0,4.6830236732422605,4.6830236732422605
Agglomerative-complete,20030,-22.909873939082548,-43.17365036548527,21,0,0,4.695639240802461,4.695639240802461
Agglomerative-complete,20031,-22.909572437655488,-43.1777031129869,38,0,0,4.289285556537078,4.289285556537078
Agglomerative-complete,20040,-22.90568600024909,-43.177156307060464,35,0,0,4.429274503736452,4.429274503736452
Agglomerative-complete,20041,-22.90320075238725,-43.17864558233141,2,0,0,4.359049121470989,4.359049121470989
Agglomerative-complete,20050,-22.905696239420447,-43.179258208124025,8,0,0,4.220452950824643,4.220452950824643
Agglomerative-complete,20051,-22.90306310094257,-43.18298926875737,3,0,0,3.9437378027823606,3.9437378027823606
Agglomerative-complete,20060,-22.90742646003482,-43.22111290328188,2,0,0,0.9043993378131786,0.9043993378131786
Agglomerative-complete,20061,-22.905811724167148,-43.18562902375168,1,0,0,3.5893993316527233,3.5893993316527233
Agglomerative-complete,20070,-22.902331574261797,-43.17927884154506,6,0,0,4.328789012962593,4.328789012962593
Agglomerative-complete,20071,-22.902076954244112,-43.18149783382578,14,0,0,4.125337698975941,4.125337698975941
Agglomerative-complete,20080,-22.901209379401656,-43.18495724281751,6,0,0,3.83510592748333,3.83510592748333
Agglomerative-complete,20081,-22.897715083300223,-43.18332992060644,15,0,0,4.156312678146318,4.156312678146318
Agglomerative-complete,20090,-22.899054123828943,-43.17942063171785,20,0,0,4.450648538431955,4.450648538431955
Agglomerative-complete,20091,-22.900151286264816,-43.17827587439508,13,0,0,4.510875702482465,4.510875702482465
Agglomerative-complete,20210,-22.90869650356516,-43.201016378284464,7,0,0,1.9952914071451844,1.9952914071451844
Agglomerative-complete,20211,-22.91148503866567,-43.19844247973102,19,0,0,2.159897366771737,2.159897366771737
Agglomerative-complete,20220,-22.899829533909223,-43.20080433539784,17,0,0,2.5481238821538885,2.5481238821538885
Agglomerative-complete,20221,-22.89945802156581,-43.19708452216502,5,0,0,2.8655020086603296,2.8655020086603296
Agglomerative-complete,20230,-22.91285701073433,-43.18834911843799,46,0,0,3.162666910655374,3.162666910655374
Agglomerative-complete,20231,-22.91259168660638,-43.18629265033459,23,0,0,3.375087149944875,3.375087149944875
Agglomerative-complete,20240,-22.917770340408847,-43.18905754157791,13,0,0,3.089667828371213,3.089667828371213
Agglomerative-complete,20241,-22.92200642517056,-43.18565741850953,31,0,0,3.5051761355259226,3.5051761355259226
Agglomerative-complete,20250,-22.919337655136697,-43.21247470976231,10,0,0,0.8115417106855934,0.8115417106855934
Agglomerative-complete,20251,-22.922200558918448,-43.20015626664134,14,0,0,2.0853545302031624,2.0853545302031624
Agglomerative-complete,20260,-22.91934258444981,-43.21542322502569,50,0,0,0.5829764060469684,0.5829764060469684
Agglomerative-complete,20261,-22.92401542829238,-43.213547671608914,41,0,0,1.1195481222661434,1.1195481222661434
Agglomerative-complete,20270,-22.916244564738715,-43.21795033526529,42,0,0,0.1550527441766687,0.1550527441766687
Agglomerative-complete,20271,-22.91566933091613,-43.2252134823305,41,0,0,0.6261702801297094,0.6261702801297094
Agglomerative-complete,20510,-22.930347789330725,-43.24275226487902,42,0,0,2.940205752638806,2.940205752638806
Agglomerative-complete,20511,-22.9284131316606,-43.240538180114825,43,0,0,2.6318934212857803,2.6318934212857803
Agglomerative-complete,20520,-22.926258825257275,-43.231846424609145,64,0,0,1.7814424568879874,1.7814424568879874
Agglomerative-complete,20521,-22.927918848210943,-43.23197212177495,42,0,0,1.9207386524820411,1.9207386524820411
Agglomerative-complete,20530,-22.93768625306417,-43.24886943417944,32,0,0,3.9317360079484054,3.9317360079484054
Agglomerative-complete,20531,-22.958246852875916,-43.27033293203977,8,25,25,4.730673783781339,4.730673783781339
Agglomerative-complete,20535,-22.877802617547648,-43.27309285397244,4,8,8,1.8597813312895004,1.8597813312895004
Agglomerative-complete,20540,-22.92255591041081,-43.243901231317686,73,0,0,2.662575988405724,2.662575988405724
Agglomerative-complete,20541,-22.92275898098941,-43.246104027508025,72,0,0,2.8848834752084107,2.8848834752084107
Agglomerative-complete,20550,-22.91679214318689,-43.2315503991291,71,0,0,1.2842493259808896,1.2842493259808896
Agglomerative-complete,20551,-22.91439065092508,-43.24569874883489,52,0,0,2.7253331593292964,2.7253331593292964
Agglomerative-complete,20560,-22.91863600041784,-43.25724486396328,46,0,8,3.8732199498063777,3.9228229099742125
Agglomerative-complete,20561,-22.923671061855,-43.27951061325535,28,8,8,3.4926728710435806,3.4926728710435806
Agglomerative-complete,20710,-22.90830858763459,-43.2764243094503,10,8,8,1.866056312388666,1.866056312388666
Agglomerative-complete,20715,-22.91224198054703,-43.26872667336991,6,8,8,2.5994114410259925,2.5994114410259925
Agglomerative-complete,20720,-22.906575946931888,-43.28819167590577,50,8,8,1.7023777633997714,1.7023777633997714
Agglomerative-complete,20725,-22.906412217480728,-43.28249517700716,9,8,8,1.5644948142780124,1.5644948142780124
Agglomerative-complete,20730,-22.902290913852568,-43.29839517326879,13,8,8,2.006004950068355,2.006004950068355
Agglomerative-complete,20735,-22.900247004009792,-43.28620954651436,36,8,8,0.9760016289316368,0.9760016289316368
Agglomerative-complete,20740,-22.89620288125079,-43.31266061354411,11,8,8,3.1643355839005074,3.1643355839005074
Agglomerative-complete,20745,-22.903600471965063,-43.306901589519335,18,8,8,2.8360872060502427,2.8360872060502427
Agglomerative-complete,20750,-22.87518071840644,-43.30082797736797,5,8,8,2.709782544517209,2.709782544517209
Agglomerative-complete,20751,-22.883894678436565,-43.30538425605098,13,8,8,2.5681367090215157,2.5681367090215157
Agglomerative-complete,20755,-22.888719129958837,-43.29710870135924,8,8,8,1.5940700378712203,1.5940700378712203
Agglomerative-complete,20756,-22.889303208418365,-43.30454037225461,10,8,8,2.328182580340461,2.328182580340461
Agglomerative-complete,20760,-22.879177245162506,-43.28592690942743,4,8,8,1.5173314650667755,1.5173314650667755
Agglomerative-complete,20761,-22.870098149013963,-43.2972179170696,1,8,8,2.921362872846017,2.921362872846017
Agglomerative-complete,20765,-22.87067512100277,-43.28612468627153,8,8,8,2.445755591122097,2.445755591122097
Agglomerative-complete,20766,-22.865673065092224,-43.28931782004312,5,8,8,3.058065925195514,3.058065925195514
Agglomerative-complete,20770,-22.89263110411781,-43.28601357326318,12,8,8,0.4067900799532117,0.4067900799532117
Agglomerative-complete,20771,-22.88654522617883,-43.28157899070825,31,8,8,0.647103368726592,0.647103368726592
Agglomerative-complete,20775,-22.894787607705087,-43.27754555337602,23,8,8,0.5356208099892693,0.5356208099892693
Agglomerative-complete,20780,-22.8964631877728,-43.27217170225893,32,8,8,1.110935589066524,1.110935589066524
Agglomerative-complete,20785,-22.88659325431333,-43.26783420069855,16,8,8,1.5910630664884944,1.5910630664884944
Agglomerative-complete,20910,-22.89952439510988,-43.23052438041678,11,0,0,2.1125183451956233,2.1125183451956233
Agglomerative-complete,20911,-22.89314885311464,-43.242201014642525,8,0,0,3.418664113799127,3.418664113799127
Agglomerative-complete,20920,-22.89524485967227,-43.231902550437,8,0,0,2.5910980946670916,2.5910980946670916
Agglomerative-complete,20921,-22.893703236582244,-43.23151762119004,19,0,0,2.721726187953953,2.721726187953953
Agglomerative-complete,20930,-22.889979653251217,-43.22883289161473,3,0,0,2.9914730862635905,2.9914730862635905
Agglomerative-complete,20931,-22.880476502680093,-43.21772315263865,11,0,0,3.8801212789188226,3.8801212789188226
Agglomerative-complete,20932,-22.85332248950828,-43.397360098269154,1,19,19,2.2120747194691193,2.2120747194691193
Agglomerative-complete,20940,-22.90178148194564,-43.21920005325752,18,0,0,1.5085406141008373,1.5085406141008373
Agglomerative-complete,20941,-22.90503857930972,-43.218289836880224,15,0,0,1.1494104004938468,1.1494104004938468
Agglomerative-complete,20943,-22.907619844963776,-43.23590445490212,3,0,0,1.9228597082054566,1.9228597082054566
Agglomerative-complete,20950,-22.90399569141674,-43.25558609559154,34,0,8,3.0046716656937993,3.943545607383727
Agglomerative-complete,20960,-22.899105988671952,-43.24932163781583,6,0,8,3.4361267322923066,3.5829489549018225
Agglomerative-complete,20961,-22.89892108854126,-43.26048783057711,3,0,8,2.326915250995371,4.615047492246108
Agglomerative-complete,20970,-22.89490962921127,-43.29895518595955,4,8,8,1.754528319286822,1.754528319286822
Agglomerative-complete,20972,-22.908149571852817,-43.26020630971305,1,0,8,2.845245345807116,4.284642241606288
Agglomerative-complete,20973,-22.89480299365888,-43.30460678807501,3,8,8,2.3262555176023927,2.3262555176023927
Agglomerative-complete,20975,-22.89442355697212,-43.251622708261415,3,0,8,3.1258320979173955,4.062495378548449
Agglomerative-complete,21010,-22.82383918425472,-43.3063018523626,7,56,56,2.1503479642685464,2.1503479642685464
Agglomerative-complete,21011,-22.827727546600816,-43.2864223207302,16,57,57,2.241989339618394,2.241989339618394
Agglomerative-complete,21012,-22.835042850775064,-43.31263647240438,7,56,56,0.9307448627042116,0.9307448627042116
Agglomerative-complete,21020,-22.835828487618876,-43.27614378416555,33,57,57,0.8625957669725777,0.8625957669725777
Agglomerative-complete,21021,-22.84207289300327,-43.265065434319375,25,57,57,0.5770906690085055,0.5770906690085055
Agglomerative-complete,21030,-22.850002554499312,-43.263354020176415,3,57,57,1.1873354337896893,1.1873354337896893
Agglomerative-complete,21031,-22.84825657231105,-43.25613344368642,17,57,57,1.658184990183039,1.658184990183039
Agglomerative-complete,21032,-22.86037660176917,-43.2556698277572,9,8,57,2.5815933823350123,4.466011295685873
Agglomerative-complete,21040,-22.858267172627272,-43.25269222978843,9,8,57,2.6036816367870594,4.838427234854961
Agglomerative-complete,21041,-22.87144109880102,-43.258727578503766,10,8,8,3.3339581535268157,3.3339581535268157
Agglomerative-complete,21042,-22.86486541105725,-43.24870050352791,4,8,57,3.4191371325318642,4.584197039237103
Agglomerative-complete,21043,-22.88658041606038,-43.2773189390998,1,8,8,0.8041453412531828,0.8041453412531828
Agglomerative-complete,21044,-22.857706333465654,-43.267186202026345,4,57,57,1.8119262985007878,1.8119262985007878
Agglomerative-complete,21046,-22.87178460618622,-43.25004020994305,4,8,57,3.954811028405862,3.998092465772487
Agglomerative-complete,21050,-22.87598170475497,-43.26005615466438,17,8,8,2.8966391311901387,2.8966391311901387
Agglomerative-complete,21051,-22.874222414375385,-43.26728790044959,5,8,8,2.520042580490663,2.520042580490663
Agglomerative-complete,21060,-22.857331891254034,-43.26363956816405,17,57,57,1.8787137257857316,1.8787137257857316
Agglomerative-complete,21061,-22.866391297064204,-43.27158801093624,14,8,57,2.7433912590930816,3.079018049783519
Agglomerative-complete,21070,-22.843914411682647,-43.283779066776354,9,57,57,1.3635560992069338,1.3635560992069338
Agglomerative-complete,21071,-22.860726267312923,-43.28764650581979,4,8,57,2.7351188277716694,3.5625778074603334
Agglomerative-complete,21073,-22.850770856037,-43.27052152360208,26,57,57,1.0050533380755495,1.0050533380755495
Agglomerative-complete,21210,-22.84373140637614,-43.30242672582638,17,56,56,2.0713527573391235,2.0713527573391235
Agglomerative-complete,21211,-22.836828071243165,-43.30804460963914,13,56,56,1.368390897701753,1.368390897701753
Agglomerative-complete,21215,-22.833788776762518,-43.29604433389999,18,57,56,2.6261131162741034,2.744835607623009
Agglomerative-complete,21220,-22.84942286859225,-43.31350882748824,24,56,56,1.573319495797928,1.573319495797928
Agglomerative-complete,21221,-22.84606476402831,-43.31053536227519,22,56,56,1.4803014543850623,1.4803014543850623
Agglomerative-complete,21230,-22.82666297562433,-43.3225314634884,42,56,56,1.1862769423738824,1.1862769423738824
Agglomerative-complete,21231,-22.831527268945862,-43.32219671997402,7,56,56,0.6449349043664889,0.6449349043664889
Agglomerative-complete,21235,-22.83791177652518,-43.322271046058205,36,56,56,0.11456516817701178,0.11456516817701178
Agglomerative-complete,21236,-22.8396852659843,-43.33712480023102,1,56,56,1.6346555534280867,1.6346555534280867
Agglomerative-complete,21240,-22.8111210300632,-43.32621279907767,7,56,56,2.950391750983173,2.950391750983173
Agglomerative-complete,21241,-22.81349696231808,-43.30803677134236,4,56,56,2.9775408866011475,2.9775408866011475
Agglomerative-complete,21250,-22.824619091439565,-43.30674667488387,22,56,56,2.057524648705703,2.057524648705703
Agglomerative-complete,21310,-22.879083342003987,-43.33935560703397,18,37,37,1.1880734203496963,1.1880734203496963
Agglomerative-complete,21311,-22.88918177352332,-43.32763594596467,16,37,37,2.5752085924896124,2.5752085924896124
Agglomerative-complete,21320,-22.892905876006864,-43.347644389533606,16,37,37,1.4354158193325774,1.4354158193325774
Agglomerative-complete,21321,-22.89512617328995,-43.357502145957,57,37,37,1.7785243657310024,1.7785243657310024
Agglomerative-complete,21330,-22.8828767826158,-43.36417448357049,50,37,37,1.3916125580117074,1.3916125580117074
Agglomerative-complete,21331,-22.87350715228709,-43.36567754387448,25,37,37,1.69669078943649,1.69669078943649
Agglomerative-complete,21340,-22.871018134717986,-43.35684491471535,9,37,37,1.2040903225776431,1.2040903225776431
Agglomerative-complete,21341,-22.882442915756783,-43.34947007028445,22,37,37,0.2740240967090582,0.2740240967090582
Agglomerative-complete,21350,-22.87793235260004,-43.33016620442746,12,37,37,2.1380901009905666,2.1380901009905666
Agglomerative-complete,21351,-22.87044820264357,-43.34296526816304,10,37,37,1.3663426338679574,1.3663426338679574
Agglomerative-complete,21360,-22.866945338258187,-43.33478170506691,8,37,37,2.221935982982054,2.221935982982054
Agglomerative-complete,21361,-22.85332826176321,-43.32822806263115,12,56,56,1.917261385484619,1.917261385484619
Agglomerative-complete,21370,-22.87000636720115,-43.32004486324283,4,37,37,3.3608859950175343,3.3608859950175343
Agglomerative-complete,21371,-22.85106228596877,-43.32617884775252,9,56,56,1.6092956682116943,1.6092956682116943
Agglomerative-complete,21380,-22.88331793518069,-43.31951190668025,19,37,37,3.2296201078619444,3.2296201078619444
Agglomerative-complete,21381,-22.87907528708003,-43.314672063074205,8,37,8,3.652860289988271,3.711202763536149
Agglomerative-complete,21510,-22.84251003329592,-43.35349069066133,7,56,56,3.340740369327177,3.340740369327177
Agglomerative-complete,21511,-22.84410299270375,-43.35219269222594,5,56,56,3.2465960095228663,3.2465960095228663
Agglomerative-complete,21512,-22.84146868829085,-43.36195292092932,5,56,19,3.625937990646668,4.182935818349056
Agglomerative-complete,21515,-22.83902730987094,-43.35587746226516,5,56,56,3.5396927460286376,3.5396927460286376
Agglomerative-complete,21520,-22.810998397638027,-43.3618771585306,3,19,14,2.7041387102968404,4.318131472006548
Agglomerative-complete,21530,-22.828811915352887,-43.346307609440586,6,56,56,2.7217845678774095,2.7217845678774095
Agglomerative-complete,21532,-22.8130814021041,-43.36036408098235,1,19,14,2.9310435730077913,4.319679516108733
Agglomerative-complete,21535,-22.8194481093076,-43.35408490190018,2,19,14,3.694675857237057,4.593508546746511
Agglomerative-complete,21540,-22.852143526409453,-43.34281302027885,10,56,56,2.7480467890984377,2.7480467890984377
Agglomerative-complete,21545,-22.8432861377694,-43.34344431819371,4,56,56,2.35682218976698,2.35682218976698
Agglomerative-complete,21550,-22.86207117720982,-43.35623041492665,14,37,37,2.104710939093947,2.104710939093947
Agglomerative-complete,21555,-22.855135850026095,-43.36350730842812,13,37,37,3.0875363907388684,3.0875363907388684
Agglomerative-complete,21557,-22.85620371453252,-43.37495578967732,3,19,19,3.3406772704574488,3.3406772704574488
Agglomerative-complete,21610,-22.867011045510356,-43.371883316604816,20,37,37,2.6138025795395836,2.6138025795395836
Agglomerative-complete,21615,-22.86209078632198,-43.39136925868886,17,19,19,3.2231847203337716,3.2231847203337716
Agglomerative-complete,21616,-22.85387973916863,-43.39680943222229,10,19,19,2.271835514438493,2.271835514438493
Agglomerative-complete,21620,-22.839350559609453,-43.40486056012263,12,19,19,1.0992317101637274,1.0992317101637274
Agglomerative-complete,21625,-22.832605349060035,-43.40280856194904,11,19,19,0.678710433824625,0.678710433824625
Agglomerative-complete,21630,-22.825649495444644,-43.41164984676431,5,19,19,1.8011357372465175,1.8011357372465175
Agglomerative-complete,21635,-22.83290297152516,-43.41230278119793,2,19,19,1.6462283835549951,1.6462283835549951
Agglomerative-complete,21640,-22.83463324022867,-43.39275636997285,2,19,19,0.381274019338372,0.381274019338372
Agglomerative-complete,21645,-22.821385636314904,-43.39760318048674,2,19,19,1.3492143262084597,1.3492143262084597
Agglomerative-complete,21650,-22.816850689474528,-43.374314532417216,5,19,19,2.909145567598671,2.909145567598671
Agglomerative-complete,21655,-22.818616394359942,-43.382598700728,2,19,19,2.1633337936232597,2.1633337936232597
Agglomerative-complete,21660,-22.839960552960555,-43.37703910572291,7,19,19,2.097432799067276,2.097432799067276
Agglomerative-complete,21665,-22.83427156601059,-43.377978641515625,1,19,19,1.8747023160587672,1.8747023160587672
Agglomerative-complete,21670,-22.84984365215036,-43.3808702413711,5,19,19,2.409330360296489,2.409330360296489
Agglomerative-complete,21675,-22.849034554602184,-43.3744236468128,8,19,19,2.8291127028534055,2.8291127028534055
Agglomerative-complete,21710,-22.876979699775763,-43.42527912676291,11,10,10,0.736041584136879,0.736041584136879
Agglomerative-complete,21715,-22.87947674705333,-43.44026398123803,11,10,10,1.022462190120431,1.022462190120431
Agglomerative-complete,21720,-22.865120805735398,-43.4470342137163,3,10,10,2.48529884435448,2.48529884435448
Agglomerative-complete,21721,-22.8753558465787,-43.28063646200473,2,8,8,1.8950474851711654,1.8950474851711654
Agglomerative-complete,21725,-22.85918299393417,-43.456665616338015,6,46,46,2.43636533404179,2.43636533404179
Agglomerative-complete,21730,-22.86435505255422,-43.434757144170185,7,10,10,1.9550129746790907,1.9550129746790907
Agglomerative-complete,21735,-22.871537517256936,-43.429726914847,6,10,10,1.1107761050224847,1.1107761050224847
Agglomerative-complete,21740,-22.88433305340309,-43.387504877344114,10,10,37,3.7790037476955374,4.418714655719027
Agglomerative-complete,21741,-22.88962788350659,-43.395124429249634,6,10,10,3.7377404911790606,3.7377404911790606
Agglomerative-complete,21745,-22.879549301241177,-43.41011862496182,8,10,10,2.1020752098316176,2.1020752098316176
Agglomerative-complete,21746,-22.885775526693383,-43.4110256032492,1,10,10,2.0536912371937635,2.0536912371937635
Agglomerative-complete,21750,-22.87873543265548,-43.415788362287785,10,10,10,1.5409859576718843,1.5409859576718843
Agglomerative-complete,21755,-22.88385334415563,-43.41913635549757,4,10,10,1.1959966154921382,1.1959966154921382
Agglomerative-complete,21760,-22.89044829208524,-43.42058389455041,11,10,10,1.4240256021949926,1.4240256021949926
Agglomerative-complete,21765,-22.890938364362235,-43.43068537741355,12,10,10,1.0496625014213452,1.0496625014213452
Agglomerative-complete,21770,-22.892257517452293,-43.44208696544872,7,10,10,1.6831739040189804,1.6831739040189804
Agglomerative-complete,21775,-22.886952911633603,-43.446644127201374,9,10,10,1.7588214329945124,1.7588214329945124
Agglomerative-complete,21810,-22.87922054417216,-43.45931046493799,11,10,46,2.0180639503236306,2.959522381913631
Agglomerative-complete,21815,-22.88548385187386,-43.45769280672658,8,10,46,2.544469633405093,2.817908346640069
Agglomerative-complete,21820,-22.88188843504765,-43.46899760400734,11,46,46,1.463850160411027,1.463850160411027
Agglomerative-complete,21825,-22.892248480036507,-43.47086620332721,5,46,46,2.455149585074956,2.455149585074956
Agglomerative-complete,21830,-22.880118655848957,-43.483604754804006,9,46,46,1.2444332302018155,1.2444332302018155
Agglomerative-complete,21831,-22.88976260419128,-43.48390785134509,7,46,46,2.225372581030933,2.225372581030933
Agglomerative-complete,21832,-22.894998640111965,-43.490836960215546,9,46,46,3.0460689954865,3.0460689954865
Agglomerative-complete,21833,-22.8814818751053,-43.49448328547964,3,46,46,2.163811833880719,2.163811833880719
Agglomerative-complete,21840,-22.868363814263653,-43.46923216795061,6,46,46,0.822411456745134,0.822411456745134
Agglomerative-complete,21842,-22.868421364534367,-43.47985554134832,9,46,46,0.41446557290665453,0.41446557290665453
Agglomerative-complete,21843,-22.870893429404216,-43.48330150443216,6,46,46,0.667079149108879,0.667079149108879
Agglomerative-complete,21850,-22.859425219557973,-43.486817054989416,2,46,46,1.634118323102284,1.634118323102284
Agglomerative-complete,21852,-22.86305592280701,-43.4696365930169,1,46,46,1.1354039190659715,1.1354039190659715
Agglomerative-complete,21853,-22.85708276487565,-43.486439191165495,11,46,46,1.822686839415952,1.822686839415952
Agglomerative-complete,21854,-22.845556518964184,-43.49501645648064,1,46,46,3.3764241940386013,3.3764241940386013
Agglomerative-complete,21860,-22.862369101863525,-43.46728646117796,5,46,46,1.3558689621761404,1.3558689621761404
Agglomerative-complete,21862,-22.864698795351657,-43.46636013974529,6,46,46,1.2690496250879562,1.2690496250879562
Agglomerative-complete,21863,-22.850951552039938,-43.46693512747451,6,46,46,2.4325605736049782,2.4325605736049782
Agglomerative-complete,21864,-22.853845962536496,-43.46103565025077,3,46,46,2.486464940551218,2.486464940551218
Agglomerative-complete,21865,-22.853042262633373,-43.47042497115219,2,46,46,2.0852155543044013,2.0852155543044013
Agglomerative-complete,21866,-22.859130493251165,-43.47880605689346,8,46,46,1.319861667366683,1.319861667366683
Agglomerative-complete,21870,-22.871019283986563,-43.45851442872575,7,10,46,1.8725412980398572,3.094970303536689
Agglomerative-complete,21875,-22.873409010490445,-43.4537411569272,2,10,46,2.378494868520218,2.5426252102498483
Agglomerative-complete,21910,-22.79777839220466,-43.18136086251543,15,28,28,1.621959469311916,1.621959469311916
Agglomerative-complete,21911,-22.7900819429952,-43.17257319356364,9,28,28,2.860634006391245,2.860634006391245
Agglomerative-complete,21920,-22.79811558143935,-43.19569772270941,25,28,28,0.9678235495116148,0.9678235495116148
Agglomerative-complete,21921,-22.8083044291334,-43.18564856697721,13,28,28,0.866367681158201,0.866367681158201
Agglomerative-complete,21930,-22.819481062981133,-43.1783585853495,12,28,28,2.138415667136614,2.138415667136614
Agglomerative-complete,21931,-22.809517664348768,-43.200203165434935,39,28,28,0.7188783087948389,0.7188783087948389
Agglomerative-complete,21932,-22.80486286271774,-43.22572822631956,4,28,28,3.267474924527236,3.267474924527236
Agglomerative-complete,21940,-22.81388871143013,-43.20247749638257,30,28,28,1.1902514132869693,1.1902514132869693
Agglomerative-complete,21941,-22.8338340042933,-43.24885668973881,21,57,57,2.4031945924658467,2.4031945924658467
Agglomerative-complete,22010,-22.96271293881479,-43.1708107829536,24,17,17,1.7703789161872254,1.7703789161872254
Agglomerative-complete,22011,-22.96400610563266,-43.17658358618979,30,17,17,1.322052770801796,1.322052770801796
Agglomerative-complete,22020,-22.965453849156813,-43.17847566804375,23,17,17,1.28835852831582,1.28835852831582
Agglomerative-complete,22021,-22.96571567280818,-43.178905752541766,22,17,17,1.281693358108541,1.281693358108541
Agglomerative-complete,22030,-22.965586191842657,-43.18405306861811,26,17,17,1.0158411202429456,1.0158411202429456
Agglomerative-complete,22031,-22.966933621230865,-43.18792165085605,22,17,17,1.1287055507643287,1.1287055507643287
Agglomerative-complete,22040,-22.968389299018032,-43.1849944726417,20,17,17,1.2998767505418671,1.2998767505418671
Agglomerative-complete,22041,-22.96767360462037,-43.19002828343284,24,17,17,1.2483129396711279,1.2483129396711279
Agglomerative-complete,22050,-22.972595655601555,-43.18771945633724,27,17,17,1.7553405285850392,1.7553405285850392
Agglomerative-complete,22051,-22.972873846317363,-43.19052130370873,21,17,17,1.8227387541642706,1.8227387541642706
Agglomerative-complete,22060,-22.97702862454598,-43.19034089760792,17,17,17,2.2739607744753374,2.2739607744753374
Agglomerative-complete,22061,-22.975419252327107,-43.19263365219479,21,17,17,2.149550659318575,2.149550659318575
Agglomerative-complete,22070,-22.980688017563597,-43.18955936508214,19,17,17,2.667222276449341,2.667222276449341
Agglomerative-complete,22071,-22.980184787318848,-43.19459066773997,32,17,17,2.7144917491253673,2.7144917491253673
Agglomerative-complete,22080,-22.98466377656021,-43.1925284491284,21,17,17,3.148740074647,3.148740074647
Agglomerative-complete,22081,-22.984441149894824,-43.19341592390328,28,17,17,3.142501729190218,3.142501729190218
Agglomerative-complete,22210,-22.931070810893203,-43.176115962189314,33,17,17,3.0688152914433675,3.0688152914433675
Agglomerative-complete,22211,-22.923384297280904,-43.179530436549925,4,17,17,3.7941803857894802,3.7941803857894802
Agglomerative-complete,22220,-22.92956446372173,-43.17684636890966,27,17,17,3.200925739049242,3.200925739049242
Agglomerative-complete,22221,-22.928999413639037,-43.18145032839962,43,17,17,3.1439738064362506,3.1439738064362506
Agglomerative-complete,22230,-22.937297973252814,-43.176889612976375,52,17,17,2.400477233473114,2.400477233473114
Agglomerative-complete,22231,-22.93615390975268,-43.18183226783302,45,17,17,2.3562549907413177,2.3562549907413177
Agglomerative-complete,22240,-22.935263476239665,-43.18726357297116,47,17,17,2.398256632380076,2.398256632380076
Agglomerative-complete,22241,-22.93845834691675,-43.1963680762055,15,17,17,2.2620498397517035,2.2620498397517035
Agglomerative-complete,22245,-22.941061091973182,-43.191231191173394,15,17,17,1.809047249165589,1.809047249165589
Agglomerative-complete,22250,-22.942211644081578,-43.17758693818259,55,17,17,1.883267141564131,1.883267141564131
Agglomerative-complete,22251,-22.945344203574265,-43.185010548945066,35,17,17,1.2912354142940625,1.2912354142940625
Agglomerative-complete,22260,-22.94921626511125,-43.19021396256844,49,17,17,0.9127821772967964,0.9127821772967964
Agglomerative-complete,22261,-22.95721825808972,-43.20026060905936,22,17,17,1.3709382005310355,1.3709382005310355
Agglomerative-complete,22270,-22.953082188232276,-43.18924536490677,45,17,17,0.4819830727564102,0.4819830727564102
Agglomerative-complete,22271,-22.95610379641452,-43.19395105535185,22,17,17,0.7287026085148642,0.7287026085148642
Agglomerative-complete,22280,-22.95440868548141,-43.185650031057385,29,17,17,0.29699004301567716,0.29699004301567716
Agglomerative-complete,22281,-22.95685190582306,-43.19364574140023,18,17,17,0.692974798292078,0.692974798292078
Agglomerative-complete,22290,-22.954428429403357,-43.17707420858368,56,17,17,1.0386438873435755,1.0386438873435755
Agglomerative-complete,22291,-22.942311951383264,-43.166780906762526,10,17,17,2.61534773963816,2.61534773963816
Agglomerative-complete,22410,-22.98392343049867,-43.207101465917965,38,17,25,2.3868899884660615,3.655668903995955
Agglomerative-complete,22411,-22.98194469977677,-43.20241313570824,21,17,25,2.8139284094595585,3.2139347763026374
Agglomerative-complete,22420,-22.985312022606557,-43.20414276378719,24,17,25,2.720288847899885,3.627057238292404
Agglomerative-complete,22421,-22.982140216547386,-43.20687525073036,8,17,25,2.3663180729308344,3.4803923962414
Agglomerative-complete,22430,-22.98210232841188,-43.22013314970181,35,25,25,1.0563679125849474,1.0563679125849474
Agglomerative-complete,22431,-22.98284371340203,-43.22474000720175,22,25,25,0.7047948004038372,0.7047948004038372
Agglomerative-complete,22440,-22.984439128577424,-43.22151271315892,25,25,25,1.0695977446549314,1.0695977446549314
Agglomerative-complete,22441,-22.98416017609255,-43.22495474880264,26,25,25,0.8012543993618753,0.8012543993618753
Agglomerative-complete,22450,-22.986493696399247,-43.23306806247369,39,25,25,0.9686895324785628,0.9686895324785628
Agglomerative-complete,22451,-22.97841522971715,-43.23772919271784,56,25,25,0.8294983471766249,0.8294983471766249
Agglomerative-complete,22452,-22.952645498107493,-43.30267070542142,2,40,40,3.8780795215241275,3.8780795215241275
Agglomerative-complete,22460,-22.96483495864169,-43.22490223070295,15,25,25,1.581752705937421,1.581752705937421
Agglomerative-complete,22461,-22.96134503409605,-43.21364138805082,32,25,25,2.503134742406578,2.503134742406578
Agglomerative-complete,22470,-22.96550432697566,-43.21544841322038,35,25,25,2.038688421061312,2.038688421061312
Agglomerative-complete,22471,-22.967625971408516,-43.203212882392485,28,17,17,2.0587936375660516,2.0587936375660516
Agglomerative-complete,22610,-22.99599813649958,-43.261663703422506,29,25,25,3.8201527897651895,3.8201527897651895
Agglomerative-complete,22611,-23.008068841447862,-43.29861176534447,8,31,31,3.607200488906092,3.607200488906092
Agglomerative-complete,22620,-23.00947497991475,-43.33453004891496,35,31,31,0.5035016216792603,0.5035016216792603
Agglomerative-complete,22621,-23.010803499326403,-43.3098866524811,27,31,31,2.52078033216021,2.52078033216021
Agglomerative-complete,22630,-23.01013125796049,-43.33867951997416,30,31,31,0.7641509252539056,0.7641509252539056
Agglomerative-complete,22631,-23.00365666838398,-43.34075885321385,85,31,31,0.7381916003627218,0.7381916003627218
Agglomerative-complete,22640,-23.001267617010637,-43.3355988370672,26,31,31,0.4595536343462571,0.4595536343462571
Agglomerative-complete,22641,-22.986105098852665,-43.31152067063231,6,31,31,3.094070326983273,3.094070326983273
Agglomerative-complete,22710,-22.934576022997884,-43.37578841332682,51,29,29,1.1148040358374434,1.1148040358374434
Agglomerative-complete,22711,-22.91373119718309,-43.39089712057767,1,29,29,1.8473946390509268,1.8473946390509268
Agglomerative-complete,22713,-22.930174584016687,-43.39608391214564,30,29,29,2.019544795679296,2.019544795679296
Agglomerative-complete,22715,-22.923355641776094,-43.383046917508274,9,29,29,0.6059141346705951,0.6059141346705951
Agglomerative-complete,22720,-22.91816741998529,-43.38651552844117,25,29,29,1.1874811331006807,1.1874811331006807
Agglomerative-complete,22723,-22.91689708484027,-43.40278883313536,41,29,29,2.7491080927908684,2.7491080927908684
Agglomerative-complete,22725,-22.91150171276762,-43.37652610722419,21,29,29,1.4638768231702728,1.4638768231702728
Agglomerative-complete,22730,-22.920002522357752,-43.3695754073506,22,29,29,0.9447117913138582,0.9447117913138582
Agglomerative-complete,22733,-22.906015750671408,-43.364980246342064,18,29,29,2.425700747615437,2.425700747615437
Agglomerative-complete,22735,-22.920928532759326,-43.3584654815096,15,29,29,1.9726649477921743,1.9726649477921743
Agglomerative-complete,22740,-22.92625659532195,-43.35975777828106,22,29,29,1.8053412220832226,1.8053412220832226
Agglomerative-complete,22743,-22.930174278267923,-43.34644038809006,48,40,40,1.8799680486633885,1.8799680486633885
Agglomerative-complete,22745,-22.93505848017408,-43.33359407042855,31,40,40,1.3697099217697097,1.3697099217697097
Agglomerative-complete,22750,-22.94338467090066,-43.33437919544068,49,40,40,0.6278195313155285,0.6278195313155285
Agglomerative-complete,22753,-22.96619236089961,-43.33073451387544,52,40,40,2.436216836489288,2.436216836489288
Agglomerative-complete,22755,-22.947502549436848,-43.33814210193203,19,40,40,0.24497411308542053,0.24497411308542053
Agglomerative-complete,22760,-22.938856559491374,-43.34583380346626,16,40,40,0.9994677460518756,0.9994677460518756
Agglomerative-complete,22763,-22.949418433889697,-43.38717689639774,15,11,29,2.934275979601274,3.496934258527922
Agglomerative-complete,22765,-22.954431333815165,-43.35527342221761,25,40,40,1.8402004408469894,1.8402004408469894
Agglomerative-complete,22770,-22.93691091371265,-43.36097335035081,46,29,29,2.1574901810681295,2.1574901810681295
Agglomerative-complete,22772,-22.95005017710918,-43.36084751104725,1,40,40,2.1987790620087506,2.1987790620087506
Agglomerative-complete,22773,-22.94846910030558,-43.364489898207424,9,40,40,2.5394750920554543,2.5394750920554543
Agglomerative-complete,22775,-22.969148201152677,-43.38306523796816,103,11,11,1.7349100582268444,1.7349100582268444
Agglomerative-complete,22776,-22.99004850815858,-43.35448107201586,11,31,31,2.7006789668162314,2.7006789668162314
Agglomerative-complete,22780,-22.962843790439337,-43.40116578306731,48,11,11,1.9977766309614764,1.9977766309614764
Agglomerative-complete,22783,-22.984082408782115,-43.44889019919411,44,26,26,3.0701250666536857,3.0701250666536857
Agglomerative-complete,22785,-22.979900329721087,-43.49176475913368,15,26,26,4.27498630764533,4.27498630764533
Agglomerative-complete,22790,-23.01298650422646,-43.46551954103294,136,26,26,0.5712989359305483,0.5712989359305483
Agglomerative-complete,22793,-23.00061899109568,-43.40471828456725,116,11,11,2.491263609226217,2.491263609226217
Agglomerative-complete,22795,-23.020470737334893,-43.46265642068304,68,26,26,1.3672602323557623,1.3672602323557623
Agglomerative-complete,23010,-22.885872200386764,-43.51372891804045,10,66,66,3.1714360511574182,3.1714360511574182
Agglomerative-complete,23012,-22.891289709125683,-43.528538034861306,5,66,66,2.196266486377425,2.196266486377425
Agglomerative-complete,23013,-22.90125781010044,-43.541434503067336,11,9,9,2.4506402709202084,2.4506402709202084
Agglomerative-complete,23015,-22.908174032805224,-43.53967787825952,4,9,9,2.7041373961955233,2.7041373961955233
Agglomerative-complete,23016,-22.912595307197087,-43.53593879115358,5,9,9,3.216007848940192,3.216007848940192
Agglomerative-complete,23017,-22.91957476261591,-43.52855570225305,16,9,9,4.222112176232479,4.222112176232479
Agglomerative-complete,23020,-23.0049905225767,-43.54784520457546,17,59,59,0.0,0.0
Agglomerative-complete,23025,-22.99046924798533,-43.61550570181899,4,68,68,2.702341729021513,2.702341729021513
Agglomerative-complete,23026,-22.99073734829478,-43.63045092144838,7,68,68,1.3957672943417492,1.3957672943417492
Agglomerative-complete,23027,-23.00123690831294,-43.64009513690838,1,68,68,2.137555463321435,2.137555463321435
Agglomerative-complete,23028,-22.98056296317437,-43.65998986714787,7,68,68,2.0266577456458834,2.0266577456458834
Agglomerative-complete,23030,-22.96669955681108,-43.6017686687425,12,7,68,4.292316902208911,4.788644176060652
Agglomerative-complete,23031,-22.964378631240205,-43.61186736926677,6,7,68,3.505940249931338,4.477664792454276
Agglomerative-complete,23032,-22.972563998366837,-43.64295047031437,11,68,68,1.08641432650771,1.08641432650771
Agglomerative-complete,23033,-22.955943986568656,-43.60659613358818,8,7,7,3.5417305237506276,3.5417305237506276
Agglomerative-complete,23035,-22.945894102935657,-43.594457021538446,12,7,7,2.8482204567439733,2.8482204567439733
Agglomerative-complete,23036,-22.937899966329617,-43.578646142633474,10,7,7,3.482465144679537,3.482465144679537
Agglomerative-complete,23040,-22.9331056624521,-43.55411381012552,19,9,9,3.60099917371407,3.60099917371407
Agglomerative-complete,23042,-22.92777932523722,-43.554503392883646,10,9,9,3.0307124925456757,3.0307124925456757
Agglomerative-complete,23045,-22.916840745702157,-43.56234010712124,23,9,9,1.6332937398566234,1.6332937398566234
Agglomerative-complete,23047,-22.925942886418497,-43.56135750790765,6,9,9,2.6478981828240746,2.6478981828240746
Agglomerative-complete,23050,-22.906374170614946,-43.566410061329776,16,9,9,0.4543199759562321,0.4543199759562321
Agglomerative-complete,23052,-22.906619343447986,-43.55224985960651,18,9,9,1.4187818560102552,1.4187818560102552
Agglomerative-complete,23055,-22.9099494896574,-43.5764230099429,13,9,9,1.4121621626885703,1.4121621626885703
Agglomerative-complete,23056,-22.91818988167744,-43.61235085654186,5,7,7,0.7397582314747175,0.7397582314747175
Agglomerative-complete,23057,-22.917530927853,-43.52832489679447,7,9,9,4.145997670560603,4.145997670560603
Agglomerative-complete,23058,-22.914787266177115,-43.59078039553711,10,7,7,2.15807477156401,2.15807477156401
Agglomerative-complete,23059,-22.913307945677737,-43.59042985137216,16,7,7,2.272665403281506,2.272665403281506
Agglomerative-complete,23060,-22.896089584185965,-43.59889671190928,24,7,48,2.878403780285445,3.2979720866018325
Agglomerative-complete,23061,-22.908445285088447,-43.60810021286953,7,7,7,1.753814238745386,1.753814238745386
Agglomerative-complete,23062,-22.90265768897671,-43.59917193270753,8,7,7,2.6053861606592474,2.6053861606592474
Agglomerative-complete,23063,-22.897521961702388,-43.591752252623216,13,9,9,2.7608798194515267,2.7608798194515267
Agglomerative-complete,23064,-22.90074270257361,-43.58463842554154,8,9,9,1.986791544833758,1.986791544833758
Agglomerative-complete,23065,-22.88293828358117,-43.625086210988606,9,48,48,0.19176501510181426,0.19176501510181426
Agglomerative-complete,23066,-22.888192458215805,-43.62473650428692,15,48,48,0.44481024713685696,0.44481024713685696
Agglomerative-complete,23067,-22.88243614479021,-43.61658346798473,2,48,48,0.77616787469305,0.77616787469305
Agglomerative-complete,23068,-22.88645864857024,-43.59762968190717,8,9,48,2.7016201835757894,3.754487357417664
Agglomerative-complete,23070,-22.896407842881192,-43.57751001381104,17,9,9,1.4153258428782296,1.4153258428782296
Agglomerative-complete,23071,-22.888368672611158,-43.58090949448299,13,9,9,2.233022872192336,2.233022872192336
Agglomerative-complete,23073,-22.88998422832266,-43.57939758303769,11,9,9,1.9967871762907787,1.9967871762907787
Agglomerative-complete,23075,-22.877775179542617,-43.57771051289783,31,9,9,3.018972623501708,3.018972623501708
Agglomerative-complete,23076,-22.88245539011392,-43.57494224901807,1,9,9,2.427871696768569,2.427871696768569
Agglomerative-complete,23078,-22.87216705136316,-43.58925307377246,12,9,48,3.795451298705599,4.161495740703728
Agglomerative-complete,23080,-22.89853933540845,-43.56542140516348,15,9,9,0.43074405383029474,0.43074405383029474
Agglomerative-complete,23081,-22.89433959920376,-43.56722290454661,5,9,9,0.9183987645253177,0.9183987645253177
Agglomerative-complete,23082,-22.8942153041908,-43.57129087148408,4,9,9,1.097251864290252,1.097251864290252
Agglomerative-complete,23085,-22.893920459110284,-43.54642397807567,10,9,66,1.9384770153264916,2.1542205041035705
Agglomerative-complete,23087,-22.886393425025823,-43.558872618395576,17,66,9,1.8999382699739769,1.9413543869184284
Agglomerative-complete,23088,-22.88543771705454,-43.54971957423268,13,66,66,1.1810559845497737,1.1810559845497737
Agglomerative-complete,23090,-22.878043319496523,-43.562917395844295,12,66,66,2.0387801716387117,2.0387801716387117
Agglomerative-complete,23092,-22.87085601200714,-43.54384874896292,22,66,66,0.6618404842722233,0.6618404842722233
Agglomerative-complete,23093,-22.87751529574331,-43.53029348075376,11,66,66,1.3111192202220554,1.3111192202220554
Agglomerative-complete,23094,-22.876209770242788,-43.51981673638026,9,66,66,2.3825922924392167,2.3825922924392167
Agglomerative-complete,23095,-22.86940966621501,-43.55658717782943,15,66,66,1.608702519506504,1.608702519506504
Agglomerative-complete,23097,-22.85109676327036,-43.53613869095038,8,66,66,2.9409988273402377,2.9409988273402377
Agglomerative-complete,23098,-22.870188890670534,-43.52187688533317,2,66,66,2.290601898278546,2.290601898278546
Agglomerative-complete,23510,-22.91973437055113,-43.67148457968753,7,43,43,1.4388829129484773,1.4388829129484773
Agglomerative-complete,23515,-22.92368923724333,-43.68292592394352,6,43,43,1.419964050564238,1.419964050564238
Agglomerative-complete,23520,-22.936255491866653,-43.661399065747545,27,51,51,3.1022140440333956,3.1022140440333956
Agglomerative-complete,23525,-22.94503552262656,-43.67692431410214,5,51,51,1.502256387526972,1.502256387526972
Agglomerative-complete,23530,-22.97383432126233,-43.6810761924786,8,51,51,1.7378697991748853,1.7378697991748853
Agglomerative-complete,23535,-22.9790211808901,-43.69012245165258,14,51,51,2.5306520844857245,2.5306520844857245
Agglomerative-complete,23540,-22.974468021753417,-43.696539704365605,9,51,51,2.470875940461652,2.470875940461652
Agglomerative-complete,23545,-22.967091308000946,-43.700265635554,11,51,51,2.2911726585354377,2.2911726585354377
Agglomerative-complete,23547,-22.93249321644976,-43.62300753113864,2,7,7,1.687627701916273,1.687627701916273
Agglomerative-complete,23550,-22.930711174851965,-43.68946380025854,16,43,43,2.3318341633836037,2.3318341633836037
Agglomerative-complete,23555,-22.91750488776345,-43.69308722014739,6,43,43,1.365053349874372,1.365053349874372
Agglomerative-complete,23560,-22.898979722466947,-43.69930833968601,19,43,43,2.2331134520750635,2.2331134520750635
Agglomerative-complete,23565,-22.897761741341185,-43.69665951306267,2,43,43,2.113557085617299,2.113557085617299
Agglomerative-complete,23570,-22.909310774242133,-43.67111972773999,10,43,43,1.1103002726137812,1.1103002726137812
Agglomerative-complete,23573,-22.913149027532867,-43.65356967363749,5,43,43,2.9027576983973664,2.9027576983973664
Agglomerative-complete,23575,-22.89798974016889,-43.6685591848473,18,43,43,1.9805617875951222,1.9805617875951222
Agglomerative-complete,23580,-22.911119400069488,-43.62264162522756,13,7,7,2.0001793787515227,2.0001793787515227
Agglomerative-complete,23585,-22.924510509727508,-43.63529705731422,22,7,7,2.6711381516756054,2.6711381516756054
Agglomerative-complete,23587,-22.922380751135307,-43.629510536912335,18,7,7,2.087944809739405,2.087944809739405
Agglomerative-complete,23595,-22.92668402323646,-43.62933031069839,12,7,7,2.0784760018407273,2.0784760018407273
Agglomerative-complete,23810,-22.87093410934107,-43.76901268302672,10,65,65,0.6887002725760931,0.6887002725760931
Agglomerative-complete,23811,-22.864749343835488,-43.76730098420256,5,65,65,0.6782234083085585,0.6782234083085585
Agglomerative-complete,23812,-22.872059666972863,-43.77093362835852,5,65,65,0.6827056739604644,0.6827056739604644
Agglomerative-complete,23815,-22.86867015326329,-43.78013952780047,4,65,65,0.7084199653962605,0.7084199653962605
Agglomerative-complete,23820,-22.862780471644363,-43.78526762819197,4,65,65,1.2579208502093342,1.2579208502093342
Agglomerative-complete,23821,-22.870305329108017,-43.79064137470553,1,65,65,1.7920888741781298,1.7920888741781298
Agglomerative-complete,23822,-22.861638585933974,-43.79342663064544,1,65,65,2.0952724070278514,2.0952724070278514
Agglomerative-complete,23825,-22.885828313712477,-43.82785584819327,4,52,52,0.20448322983912387,0.20448322983912387
Agglomerative-complete,23826,-22.89560484133116,-43.84587026303256,4,52,52,1.9378997077532094,1.9378997077532094
Agglomerative-complete,23830,-22.8458671869452,-43.78333380428192,2,65,65,2.4948809975565074,2.4948809975565074
Agglomerative-complete,23831,-22.876635031970025,-43.80985126698182,3,52,52,2.3123676332400884,2.3123676332400884
Agglomerative-complete,23832,-22.85534509298971,-43.76583456328473,1,65,65,1.4726223731053285,1.4726223731053285
Agglomerative-complete,23855,-22.86387076999147,-43.7592342671893,2,65,65,1.5053355648034459,1.5053355648034459
Agglomerative-complete,23890,-22.787688375690134,-43.64890166112607,3,1,1,3.7016568654452895,3.7016568654452895
Agglomerative-complete,23893,-22.71072154468618,-43.69140232860298,2,69,69,3.498729457991359,3.498729457991359
Agglomerative-complete,23894,-22.74100679492528,-43.6998298199384,9,69,69,0.32226782658197545,0.32226782658197545
Agglomerative-complete,23895,-22.746274001626645,-43.708503424610186,9,69,69,0.8749186106807401,0.8749186106807401
Agglomerative-complete,23897,-22.792366849451536,-43.662640119980665,2,1,1,4.748262009585162,4.748262009585162
Agglomerative-complete,23898,-22.80791081625367,-43.644304412473865,8,1,1,2.6289398492968936,2.6289398492968936
Agglomerative-complete,24020,-22.893701145563103,-43.12041784927668,34,3,3,1.7274387584449564,1.7274387584449564
Agglomerative-complete,24030,-22.88869745778228,-43.11830702093674,33,3,3,1.7416849667887762,1.7416849667887762
Agglomerative-complete,24040,-22.882735624308985,-43.12349628123474,4,3,3,2.560835324706409,2.560835324706409
Agglomerative-complete,24050,-22.87517503985885,-43.109560284753925,2,3,3,2.5055408934208145,2.5055408934208145
Agglomerative-complete,24060,-22.88593419631651,-43.1106543708203,9,3,3,1.419128999333944,1.419128999333944
Agglomerative-complete,24070,-22.89348624508981,-43.11089097581806,1,3,3,0.8159113487216545,0.8159113487216545
Agglomerative-complete,24110,-22.867915276400392,-43.09960548772942,44,3,3,3.276927074043173,3.276927074043173
Agglomerative-complete,24111,-22.86398451494475,-43.09252306679081,2,3,3,3.8654488210764573,3.8654488210764573
Agglomerative-complete,24119,-22.86343492846253,-43.09725737403164,1,3,3,3.8070739912226617,3.8070739912226617
Agglomerative-complete,24120,-22.88327023685682,-43.09227400558896,36,3,3,1.9500455668027654,1.9500455668027654
Agglomerative-complete,24130,-22.87922689320265,-43.09157186572144,26,3,3,2.3592682104288754,2.3592682104288754
Agglomerative-complete,24140,-22.889267493261837,-43.04860885808703,6,21,21,2.116690321270867,2.116690321270867
Agglomerative-complete,24141,-22.87816915718994,-43.05564163085743,4,21,21,3.209263387374763,3.209263387374763
Agglomerative-complete,24210,-22.9019529825833,-43.12388455257632,69,3,3,2.1102378032555342,2.1102378032555342
Agglomerative-complete,24220,-22.90324481661885,-43.107023598220486,115,3,3,0.7506241547054816,0.7506241547054816
Agglomerative-complete,24230,-22.90630099451813,-43.105973880660926,117,3,3,1.0424615453219843,1.0424615453219843
Agglomerative-complete,24240,-22.897237232548903,-43.09915756428693,59,3,3,0.49265755390407534,0.49265755390407534
Agglomerative-complete,24241,-22.904219800443407,-43.09158065028214,21,3,3,1.494714349440131,1.494714349440131
Agglomerative-complete,24310,-22.9110328213164,-43.06742681237905,8,3,3,4.050106099415134,4.050106099415134
Agglomerative-complete,24315,-22.901684792085454,-43.06891496088816,22,3,3,3.6261032120726893,3.6261032120726893
Agglomerative-complete,24320,-22.902823180776025,-43.05085812937721,21,21,21,2.615934046190551,2.615934046190551
Agglomerative-complete,24322,-22.89632305663318,-43.03845772727727,5,21,21,1.1572574888506533,1.1572574888506533
Agglomerative-complete,24325,-22.882411375017146,-43.023744808929656,3,21,21,1.1617171629453737,1.1617171629453737
Agglomerative-complete,24330,-22.901199547746405,-42.991174595669065,9,21,21,3.923775151276922,3.923775151276922
Agglomerative-complete,24340,-22.947654432561997,-43.03365087049761,20,24,24,1.132341936919278,1.132341936919278
Agglomerative-complete,24342,-22.937391616620623,-43.022146384113576,21,24,24,2.4095496439900583,2.4095496439900583
Agglomerative-complete,24344,-22.93685983573083,-43.01491522990823,10,24,24,3.1319345099837386,3.1319345099837386
Agglomerative-complete,24346,-22.94923036239725,-43.02805520804324,12,24,24,1.7314787936822205,1.7314787936822205
Agglomerative-complete,24348,-22.970402738373885,-43.03213294708582,5,24,24,3.106978510106694,3.106978510106694
Agglomerative-complete,24350,-22.94061686421916,-43.06545401112341,36,24,24,2.219015137979191,2.219015137979191
Agglomerative-complete,24355,-22.9411555966564,-43.043134176624925,11,24,24,0.42038747259096626,0.42038747259096626
Agglomerative-complete,24358,-22.954105582144187,-43.0680054361715,20,24,24,2.6425427649092876,2.6425427649092876
Agglomerative-complete,24360,-22.918111396951545,-43.09214145186893,31,3,3,2.6305613879653165,2.6305613879653165
Agglomerative-complete,24365,-22.912243204052235,-43.08150933080395,3,3,3,2.849898553524299,2.849898553524299
Agglomerative-complete,24370,-22.92466477380604,-43.09986986144608,4,3,3,3.092494213800458,3.092494213800458
Agglomerative-complete,24410,-22.859653314312613,-43.08078230203989,1,3,50,3.447929154720941,4.794610394877844
Agglomerative-complete,24411,-22.85753738472352,-43.08169034540716,1,3,50,3.260866952491263,4.956854569075144
Agglomerative-complete,24412,-22.847500221583047,-43.07542461651588,8,50,50,1.9923221386259673,1.9923221386259673
Agglomerative-complete,24415,-22.84085769372568,-43.07623548195782,8,50,50,1.345180047417277,1.345180047417277
Agglomerative-complete,24416,-22.840098124434224,-43.06778333387412,13,50,50,1.0964337091224017,1.0964337091224017
Agglomerative-complete,24417,-22.845410939224823,-43.05013967578183,2,4,50,2.6056992783413615,4.386219516325128
Agglomerative-complete,24420,-22.835696540771,-43.046659352747774,2,4,50,2.4294559294085643,3.735303206457887
Agglomerative-complete,24421,-22.83065608217072,-43.04204141088677,8,4,62,2.6548233948912343,3.2088979888067555
Agglomerative-complete,24422,-22.8277265510171,-43.02889904539707,10,4,4,1.8783625665124422,1.8783625665124422
Agglomerative-complete,24425,-22.852695605444847,-43.09014618727886,6,3,50,3.2497512307134757,5.1376190649391384
Agglomerative-complete,24426,-22.840411171156656,-43.08660279046403,4,50,50,2.0634862609033373,2.0634862609033373
Agglomerative-complete,24430,-22.830092235510783,-43.0856527985238,6,50,50,1.6397794534632617,1.6397794534632617
Agglomerative-complete,24431,-22.828438640757533,-43.08064705902956,18,50,50,1.147149060741929,1.147149060741929
Agglomerative-complete,24435,-22.827481947170185,-43.0698152344756,13,50,50,0.32375663038038177,0.32375663038038177
Agglomerative-complete,24436,-22.82124753376768,-43.066948767903845,10,50,50,1.0537546598570167,1.0537546598570167
Agglomerative-complete,24440,-22.827149190613213,-43.0539481412297,18,50,50,1.649626352520979,1.649626352520979
Agglomerative-complete,24445,-22.81926169355244,-43.03476520349312,19,62,62,1.2343031941425275,1.2343031941425275
Agglomerative-complete,24450,-22.82316908005648,-43.02002823624667,11,4,4,1.2182257358953157,1.2182257358953157
Agglomerative-complete,24451,-22.829351276710405,-43.01399541493803,19,4,4,0.34161024510840543,0.34161024510840543
Agglomerative-complete,24452,-22.819291471555072,-43.00635838364597,8,4,4,1.272915864031286,1.272915864031286
Agglomerative-complete,24455,-22.80878018901832,-43.0258667651288,7,62,62,0.7338317918368279,0.7338317918368279
Agglomerative-complete,24456,-22.80929567410273,-43.016040373940605,8,4,62,1.7425893520975362,2.3658868637095587
Agglomerative-complete,24457,-22.806624227141477,-43.012656807667405,6,4,62,2.0938805661880937,2.607107505362801
Agglomerative-complete,24460,-22.814787634492188,-43.04329935349616,5,62,62,1.2793624454831025,1.2793624454831025
Agglomerative-complete,24461,-22.803350481704697,-43.0358182822438,6,62,62,0.6193875259715098,0.6193875259715098
Agglomerative-complete,24465,-22.81949144895205,-43.0551638057087,5,50,50,1.9169040305496854,1.9169040305496854
Agglomerative-complete,24466,-22.811123478295585,-43.06236954792932,3,50,50,2.2687469524703516,2.2687469524703516
Agglomerative-complete,24467,-22.805308252046,-43.05264792957123,2,50,62,2.0403216425380224,3.28890809269186
Agglomerative-complete,24470,-22.79629033350867,-43.04531393855412,1,62,62,1.8355832458971866,1.8355832458971866
Agglomerative-complete,24471,-22.785600785156785,-43.04593640228686,2,62,62,2.8490123128834086,2.8490123128834086
Agglomerative-complete,24472,-22.789315227589743,-43.03850388360695,2,62,62,2.1828644731567595,2.1828644731567595
Agglomerative-complete,24473,-22.787988229533347,-43.03235624966042,1,62,62,2.2573819751953597,2.2573819751953597
Agglomerative-complete,24474,-22.794969261024608,-43.02441434660769,1,62,62,1.7223121730508337,1.7223121730508337
Agglomerative-complete,24475,-22.777267778897787,-43.027446308928425,1,62,62,3.4952341287477284,3.4952341287477284
Agglomerative-complete,24710,-22.822624306841355,-43.00309374212156,13,4,4,1.1345037275699892,1.1345037275699892
Agglomerative-complete,24711,-22.818906926534805,-42.99751196239111,7,4,4,1.8330245738363105,1.8330245738363105
Agglomerative-complete,24715,-22.80276772976624,-42.99028180866455,6,4,13,3.211861801689279,3.6834514459889007
Agglomerative-complete,24716,-22.78988059417565,-43.00428047982366,3,62,62,3.585565324269591,3.585565324269591
Agglomerative-complete,24717,-22.808029904019023,-43.00303400236285,4,4,4,2.567796839691992,2.567796839691992
Agglomerative-complete,24720,-22.813217838338208,-42.98741033222329,3,4,13,2.526311296611323,3.0331712448309474
Agglomerative-complete,24721,-22.801495702866447,-42.98390861201865,1,4,13,2.753796540325805,4.196480566213493
Agglomerative-complete,24722,-22.796501747075485,-42.97622988470504,9,13,13,2.6650261406522513,2.6650261406522513
Agglomerative-complete,24723,-22.81762359087853,-42.94676360586466,5,13,13,1.679745801862218,1.679745801862218
Agglomerative-complete,24724,-22.805769003517707,-42.95726724972363,4,13,13,1.4080047833586897,1.4080047833586897
Agglomerative-complete,24725,-22.811456217228336,-42.97220863173352,4,13,13,1.1280714658173683,1.1280714658173683
Agglomerative-complete,24726,-22.78851170276054,-42.958565788861314,1,13,13,3.2258193843816145,3.2258193843816145
Agglomerative-complete,24730,-22.829046912919456,-42.98784246443976,3,4,4,2.3488617853091633,2.3488617853091633
Agglomerative-complete,24731,-22.822811422053213,-42.98685114650694,2,4,13,2.508021755660907,2.5754210590246105
Agglomerative-complete,24732,-22.827064469158785,-42.9738976624395,3,13,13,1.5537422146386444,1.5537422146386444
Agglomerative-complete,24734,-22.829471848017025,-42.9607569973706,1,13,13,1.3849229696363332,1.3849229696363332
Agglomerative-complete,24735,-22.845883873637536,-42.95426308031982,1,13,13,3.315475934417299,3.315475934417299
Agglomerative-complete,24736,-22.820033389763783,-42.969922193443765,5,13,13,0.7619927004469095,0.7619927004469095
Agglomerative-complete,24737,-22.84162388029282,-42.96231323222136,1,13,13,2.7156896252940297,2.7156896252940297
Agglomerative-complete,24738,-22.851785749069546,-42.94354284297728,5,13,13,4.337582693191947,4.337582693191947
Agglomerative-complete,24740,-22.832952987571836,-42.99724674575654,2,4,4,1.4209998124516658,1.4209998124516658
Agglomerative-complete,24742,-22.838766642599392,-43.00379523173135,4,4,4,1.2065263103647286,1.2065263103647286
Agglomerative-complete,24743,-22.845998417596405,-42.99706758921929,7,4,4,2.2640231206998025,2.2640231206998025
Agglomerative-complete,24744,-22.84230016004733,-43.01214322773478,9,4,4,1.374868699860103,1.374868699860103
Agglomerative-complete,24745,-22.85280103675185,-43.00454397099252,5,4,4,2.613216175222491,2.613216175222491
Agglomerative-complete,24746,-22.83906700788218,-42.98789279135017,2,4,4,2.548903000049317,2.548903000049317
Agglomerative-complete,24750,-22.854636691924167,-43.02258437303882,7,4,4,2.9960222785421897,2.9960222785421897
Agglomerative-complete,24751,-22.86782548778561,-43.002749069555286,10,4,21,3.74498963661324,4.284533824108852
Agglomerative-complete,24752,-22.882259138501706,-42.98436172867216,4,21,21,4.616972913719784,4.616972913719784
Agglomerative-complete,24753,-22.88628701436756,-42.99166865896655,2,21,21,3.7928571353880165,3.7928571353880165
Agglomerative-complete,24754,-22.872354587681084,-43.027432812835386,6,21,21,2.1893892938727637,2.1893892938727637
Agglomerative-complete,24755,-22.85926645726612,-43.015307855881765,1,4,4,3.2873987560386513,3.2873987560386513
Agglomerative-complete,24756,-22.88593339499682,-43.011983104667294,10,21,21,1.7910361515176252,1.7910361515176252
Agglomerative-complete,24800,-22.74248129310771,-42.85721075258665,10,22,22,0.4190198857463879,0.4190198857463879
Agglomerative-complete,24801,-22.7395793666599,-42.84701335677763,2,22,22,1.4905069176945824,1.4905069176945824
Agglomerative-complete,24802,-22.729006918491564,-42.83466835876695,1,22,22,3.1715406836317737,3.1715406836317737
Agglomerative-complete,24804,-22.747090526611107,-42.84342210737453,3,22,22,1.7547106610693437,1.7547106610693437
Agglomerative-complete,24805,-22.73533148939793,-42.83883774259336,1,22,22,2.4495183045647524,2.4495183045647524
Agglomerative-complete,24808,-22.75677623430587,-42.855419742696405,12,22,22,1.4168995273593548,1.4168995273593548
Agglomerative-complete,24812,-22.75019628085652,-42.87187716603211,6,22,22,1.3204528547958136,1.3204528547958136
Agglomerative-complete,24813,-22.75411758328793,-42.88883553024611,1,22,22,3.095086156427375,3.095086156427375
Agglomerative-complete,24830,-22.7113078008679,-42.87331425316652,1,22,22,3.962037443854263,3.962037443854263
Agglomerative-complete,24846,-22.71538558398837,-42.80638584132024,2,5,5,6.2637561834818865,6.2637561834818865
Agglomerative-complete,24855,-22.773459679480904,-42.91565441771825,3,30,30,0.9277584488895855,0.9277584488895855
Agglomerative-complete,24856,-22.75807913856637,-42.91063311206234,1,30,30,1.3031905954978782,1.3031905954978782
Agglomerative-complete,24858,-22.77209935726771,-42.92264307986124,6,30,30,0.7243088637224786,0.7243088637224786
Agglomerative-complete,24859,-22.77340230558587,-42.90984766620826,2,30,30,1.3129383306685927,1.3129383306685927
Agglomerative-complete,24866,-22.73373117887529,-42.93276530734327,2,30,30,3.832626062335142,3.832626062335142
Agglomerative-complete,24876,-22.7125342435385,-42.89540473111652,3,22,22,5.084221165101133,5.084221165101133
Agglomerative-complete,24890,-22.73521870942802,-42.727847609078914,6,5,5,2.087777936477248,2.087777936477248
Agglomerative-complete,24900,-22.919618105516072,-42.83978957558533,14,16,16,0.9043991646754257,0.9043991646754257
Agglomerative-complete,24901,-22.923608277456783,-42.81985709837894,7,16,16,1.1891838359361815,1.1891838359361815
Agglomerative-complete,24902,-22.92700535031622,-42.8293157127626,2,16,16,0.7186706379773955,0.7186706379773955
Agglomerative-complete,24903,-22.91166963475216,-42.80609731472158,6,16,16,2.746880478013217,2.746880478013217
Agglomerative-complete,24904,-22.910596890425232,-42.81704615497582,3,16,16,1.824167793535378,1.824167793535378
Agglomerative-complete,24905,-22.934535219557365,-42.911752855372335,6,2,64,2.772916090053685,3.4234977860880047
Agglomerative-complete,24910,-22.895953023136546,-42.84243328776303,1,16,16,2.9930333495982375,2.9930333495982375
Agglomerative-complete,24912,-22.911125479829508,-42.83377563947568,6,16,16,1.1052269242454316,1.1052269242454316
Agglomerative-complete,24913,-22.91428296653683,-42.83456332388645,6,16,16,0.8035242800714226,0.8035242800714226
Agglomerative-complete,24914,-22.92345398569025,-42.85760247749489,7,16,16,2.736699833538947,2.736699833538947
Agglomerative-complete,24915,-22.955984494690547,-42.80761537855785,3,16,16,4.594922403142545,4.594922403142545
Agglomerative-complete,24916,-22.94457633335577,-42.82844129113664,2,16,16,2.663716099115792,2.663716099115792
Agglomerative-complete,24921,-22.95260981760148,-42.808872638137295,1,16,16,4.208559699825089,4.208559699825089
Agglomerative-complete,24922,-22.94856570290517,-42.70343236618995,2,47,47,0.0,0.0
Agglomerative-complete,24930,-22.92610775291927,-42.89850356371279,4,64,64,2.186406929992798,2.186406929992798
Agglomerative-complete,24931,-22.93464894999394,-42.88228044187334,9,64,64,0.8966363069717261,0.8966363069717261
Agglomerative-complete,24933,-22.9565929719624,-42.88349437707549,8,64,64,1.6429015046009727,1.6429015046009727
Agglomerative-complete,24934,-22.946221164792775,-42.88645951724069,3,64,64,0.4741949656647055,0.4741949656647055
Agglomerative-complete,24935,-22.95097062040013,-42.94683341061871,6,2,2,1.6176051699178768,1.6176051699178768
Agglomerative-complete,24936,-22.954278207609654,-42.96711894755224,16,2,2,2.9967159223917275,2.9967159223917275
Agglomerative-complete,24937,-22.95115200845083,-42.99376127553226,2,2,24,5.219278194433229,5.240610505965334
Agglomerative-complete,24940,-22.92600502136488,-42.940013982950965,2,2,2,1.2795432502887139,1.2795432502887139
Agglomerative-complete,24941,-22.9132211037494,-42.83795907003351,2,16,16,1.0958473957860324,1.0958473957860324
Agglomerative-complete,24942,-22.93102569180272,-42.92272114486791,5,2,2,2.3729629770720884,2.3729629770720884
Agglomerative-complete,24943,-22.909483056983007,-42.92582680004856,5,2,2,3.596312122601752,3.596312122601752
Agglomerative-complete,24944,-22.895520218492944,-42.93694066986552,5,2,2,4.634061341035878,4.634061341035878
Agglomerative-complete,25010,-22.79046925687479,-43.31481452785819,3,14,44,3.1946318843164265,4.68351849449885
Agglomerative-complete,25015,-22.780222493712092,-43.31660541678868,9,14,44,2.377383875587475,4.5394206446322505
Agglomerative-complete,25020,-22.778944166984587,-43.30862350738487,5,44,44,1.7654755289852937,1.7654755289852937
Agglomerative-complete,25025,-22.78456265700059,-43.3231360919681,5,14,44,3.1946151537959038,3.8194959995107234
Agglomerative-complete,25030,-22.7735214191938,-43.311396817507145,1,44,44,1.4799978616794727,1.4799978616794727
Agglomerative-complete,25035,-22.755338688692213,-43.308531682770784,14,44,44,1.3765573030173017,1.3765573030173017
Agglomerative-complete,25036,-22.749595823587462,-43.316204756652816,4,44,44,2.375348211868995,2.375348211868995
Agglomerative-complete,25040,-22.74090063654044,-43.31546716030017,9,20,20,2.0413071679770347,2.0413071679770347
Agglomerative-complete,25041,-22.73578083363829,-43.31812761723224,4,20,20,1.4114073065564043,1.4114073065564043
Agglomerative-complete,25042,-22.73591992474976,-43.3119360459995,1,20,20,1.7547293046348038,1.7547293046348038
Agglomerative-complete,25045,-22.722818281793867,-43.3139157796674,6,20,20,0.9462706160326131,0.9462706160326131
Agglomerative-complete,25046,-22.72351123290818,-43.32148642883789,6,20,20,0.16828782580407894,0.16828782580407894
Agglomerative-complete,25050,-22.753304486524154,-43.29699642294105,3,44,44,1.3504751822328027,1.3504751822328027
Agglomerative-complete,25051,-22.761267896992525,-43.29298558604593,2,44,44,0.8559302048722675,0.8559302048722675
Agglomerative-complete,25055,-22.75739662652191,-43.28166913009442,4,44,44,2.086906438390224,2.086906438390224
Agglomerative-complete,25060,-22.76405759011258,-43.30041310063685,12,44,44,0.11454578395631325,0.11454578395631325
Agglomerative-complete,25065,-22.7574077930847,-43.28687072573676,9,44,44,1.6143938975846204,1.6143938975846204
Agglomerative-complete,25070,-22.78016279197431,-43.30430364671711,15,44,44,1.7285920259970804,1.7285920259970804
Agglomerative-complete,25071,-22.78540692093292,-43.301837011358415,2,44,44,2.2666850236972644,2.2666850236972644
Agglomerative-complete,25075,-22.77412502707916,-43.29092658055662,3,44,44,1.3872812876301732,1.3872812876301732
Agglomerative-complete,25080,-22.759685746162333,-43.29297061113347,3,44,44,0.9564652562723447,0.9564652562723447
Agglomerative-complete,25085,-22.79583417251553,-43.291526151554045,1,44,44,3.53498969963458,3.53498969963458
Agglomerative-complete,25086,-22.754121943948885,-43.28647151207924,2,44,44,1.8646032146600513,1.8646032146600513
Agglomerative-complete,25211,-22.67066808633434,-43.26255563331919,3,41,41,1.069077385771138,1.069077385771138
Agglomerative-complete,25212,-22.676473601000435,-43.25702002542332,9,41,41,1.9098083445355516,1.9098083445355516
Agglomerative-complete,25213,-22.6749107167218,-43.27620037015547,8,41,41,1.157430603690524,1.157430603690524
Agglomerative-complete,25214,-22.689731933072384,-43.26636955304457,6,41,41,2.741102601698697,2.741102601698697
Agglomerative-complete,25215,-22.682590790490558,-43.27404135699872,4,41,41,1.9189492578228757,1.9189492578228757
Agglomerative-complete,25220,-22.685430142678285,-43.24665539237965,4,41,41,3.3652105780912147,3.3652105780912147
Agglomerative-complete,25223,-22.683322481003053,-43.25395359470418,2,41,41,2.6660372568298527,2.6660372568298527
Agglomerative-complete,25225,-22.696323342560508,-43.271184575072574,3,41,41,3.4260188642915512,3.4260188642915512
Agglomerative-complete,25230,-22.689741624685315,-43.2826886930124,1,41,41,2.934539667512176,2.934539667512176
Agglomerative-complete,25231,-22.683563816603137,-43.29906896652288,1,20,41,3.4809136348014564,5.119223179965057
Agglomerative-complete,25233,-22.70350739511343,-43.29957916081139,4,20,20,3.3105738542075005,3.3105738542075005
Agglomerative-complete,25235,-22.70286437220505,-43.31600017753463,3,20,20,2.452056028531782,2.452056028531782
Agglomerative-complete,25237,-22.753574853365865,-43.305893071458286,1,44,44,1.4040131375368687,1.4040131375368687
Agglomerative-complete,25240,-22.645633194906285,-43.28709135535513,9,41,41,2.7377773277804893,2.7377773277804893
Agglomerative-complete,25241,-22.571208,-43.31268449999998,1,55,55,3.7298301050495635,3.7298301050495635
Agglomerative-complete,25243,-22.659524930411084,-43.296332311051046,2,41,41,2.64844170915793,2.64844170915793
Agglomerative-complete,25245,-22.59128608480469,-43.312298090959736,4,55,55,1.7695933504633765,1.7695933504633765
Agglomerative-complete,25250,-22.60728606434383,-43.29857473776487,13,55,55,0.5353926773010035,0.5353926773010035
Agglomerative-complete,25251,-22.65410603965445,-43.27799273062863,3,41,41,1.4399065146310333,1.4399065146310333
Agglomerative-complete,25253,-22.612060153892077,-43.28185276890751,2,55,55,2.1623732913226674,2.1623732913226674
Agglomerative-complete,25255,-22.644539050348147,-43.27860193918141,9,41,41,2.448014602331177,2.448014602331177
Agglomerative-complete,25260,-22.65362737697551,-43.27588967098969,3,41,41,1.401280383103036,1.401280383103036
Agglomerative-complete,25261,-22.64530376193324,-43.26203372616665,6,41,41,2.4420669496279848,2.4420669496279848
Agglomerative-complete,25264,-22.64520106741496,-43.23736687845677,4,35,35,1.796811712859135,1.796811712859135
Agglomerative-complete,25265,-22.649550626444302,-43.23034128992175,1,35,35,1.4841617676065904,1.4841617676065904
Agglomerative-complete,25266,-22.63876728053192,-43.2218184372897,4,35,35,0.09850963811640985,0.09850963811640985
Agglomerative-complete,25267,-22.63517083859032,-43.24735328154284,2,35,35,2.737250149169842,2.737250149169842
Agglomerative-complete,25268,-22.652696249418973,-43.2761256498613,5,41,41,1.507023839512716,1.507023839512716
Agglomerative-complete,25270,-22.623874594466177,-43.23981472381287,1,35,35,2.5789742751871456,2.5789742751871456
Agglomerative-complete,25271,-22.63746113941411,-43.22617580587021,5,35,35,0.5637496297495508,0.5637496297495508
Agglomerative-complete,25272,-22.62425914893622,-43.21652128956865,1,35,35,1.737559007387332,1.737559007387332
Agglomerative-complete,25275,-22.63887775891837,-43.22692540844416,3,35,35,0.6036732085411988,0.6036732085411988
Agglomerative-complete,25510,-22.790646777654263,-43.375643445446975,14,14,14,1.6304366729810682,1.6304366729810682
Agglomerative-complete,25515,-22.79765605749528,-43.364274956523175,15,14,14,1.2816530195552167,1.2816530195552167
Agglomerative-complete,25520,-22.803670156230325,-43.3754619382363,14,14,14,2.4415294112985166,2.4415294112985166
Agglomerative-complete,25525,-22.79612913604517,-43.38275185182584,9,14,14,2.5263442255327577,2.5263442255327577
Agglomerative-complete,25530,-22.80597341277987,-43.3903648173854,2,19,19,3.1148027744697355,3.1148027744697355
Agglomerative-complete,25535,-22.791159022004333,-43.40261092456814,1,54,54,2.107560837681939,2.107560837681939
Agglomerative-complete,25540,-22.784015528679777,-43.39703232529075,5,54,54,2.852255733673851,2.852255733673851
Agglomerative-complete,25545,-22.788068271999396,-43.38724739844827,4,14,14,2.7646060855584724,2.7646060855584724
Agglomerative-complete,25550,-22.77519333195786,-43.382929842060825,10,14,14,2.648895428255099,2.648895428255099
Agglomerative-complete,25555,-22.78130043658109,-43.37040843885934,9,14,14,1.1971729818177634,1.1971729818177634
Agglomerative-complete,25560,-22.770034075258486,-43.36986192895572,4,14,14,2.097715223334386,2.097715223334386
Agglomerative-complete,25561,-22.77327727501097,-43.36365900401443,4,14,14,1.5336873785069454,1.5336873785069454
Agglomerative-complete,25565,-22.78315358395092,-43.35979003562612,5,14,14,0.4004807751846729,0.4004807751846729
Agglomerative-complete,25570,-22.767755472400367,-43.351648773854414,5,14,14,2.288674092349649,2.288674092349649
Agglomerative-complete,25571,-22.764428655824528,-43.34634958376359,4,14,14,2.862925542066025,2.862925542066025
Agglomerative-complete,25575,-22.770524738786182,-43.34087058368249,2,14,14,2.6869353902453534,2.6869353902453534
Agglomerative-complete,25576,-22.778287142653923,-43.35224410736812,3,14,14,1.2510251120290081,1.2510251120290081
Agglomerative-complete,25580,-22.78335138297888,-43.34124145850288,3,14,14,1.9914210374759347,1.9914210374759347
Agglomerative-complete,25581,-22.788457368960326,-43.34709777532829,2,14,14,1.36909917185376,1.36909917185376
Agglomerative-complete,25585,-22.79367354642019,-43.33816809639405,9,14,14,2.39877869863726,2.39877869863726
Agglomerative-complete,25610,-22.50218363248224,-43.16843451995522,4,67,67,2.0270789076546114,2.0270789076546114
Agglomerative-complete,25615,-22.496114223843747,-43.15620443994322,9,67,67,1.4040415418941579,1.4040415418941579
Agglomerative-complete,25620,-22.510230788197468,-43.17544387445511,14,42,42,2.1494171630191166,2.1494171630191166
Agglomerative-complete,25625,-22.515824878742336,-43.17136715693798,3,42,42,2.389590006678947,2.389590006678947
Agglomerative-complete,25630,-22.52424789468128,-43.161617138310994,3,42,42,3.440876468979643,3.440876468979643
Agglomerative-complete,25635,-22.529027105018844,-43.17661101657757,13,42,42,2.1919265861339845,2.1919265861339845
Agglomerative-complete,25640,-22.52279907282805,-43.183566224490704,7,42,42,1.2298786142809568,1.2298786142809568
Agglomerative-complete,25645,-22.54079651100627,-43.20123507158808,6,42,42,2.600920188613861,2.600920188613861
Agglomerative-complete,25650,-22.531038247576937,-43.212309414991445,10,42,42,2.318215459660783,2.318215459660783
Agglomerative-complete,25651,-22.524744277401208,-43.21160357990256,10,42,42,1.9010268364651768,1.9010268364651768
Agglomerative-complete,25655,-22.52044984882392,-43.19101234595281,20,42,42,0.43204758548214556,0.43204758548214556
Agglomerative-complete,25660,-22.512038240121388,-43.20472585759976,8,42,42,1.2589016614849882,1.2589016614849882
Agglomerative-complete,25665,-22.509186267903694,-43.219827486060126,16,42,42,2.791918443684672,2.791918443684672
Agglomerative-complete,25670,-22.489507019910214,-43.210414436144696,1,42,42,3.591095708337827,3.591095708337827
Agglomerative-complete,25675,-22.49698456394848,-43.20060728812907,6,42,42,2.447230564207975,2.447230564207975
Agglomerative-complete,25680,-22.48963724197897,-43.18376265001703,12,67,67,2.262912879475219,2.262912879475219
Agglomerative-complete,25685,-22.50813163708028,-43.18141468751699,9,42,42,1.751656186086094,1.751656186086094
Agglomerative-complete,25710,-22.475562635890437,-43.148370152985294,16,67,67,1.769070363659011,1.769070363659011
Agglomerative-complete,25715,-22.47150966453406,-43.1620277638875,6,67,67,1.4826310959142333,1.4826310959142333
Agglomerative-complete,25720,-22.43222926280023,-43.14086038411682,15,15,15,1.3538468898853921,1.3538468898853921
Agglomerative-complete,25725,-22.427894024726776,-43.20138979903541,3,15,15,6.2499579229461855,6.2499579229461855
Agglomerative-complete,25730,-22.408608081087024,-43.13140914649253,18,15,15,1.6215333739078135,1.6215333739078135
Agglomerative-complete,25740,-22.374645351841945,-43.12909370218015,4,45,45,1.5831089744000082,1.5831089744000082
Agglomerative-complete,25745,-22.3915193770552,-43.10829358749547,6,45,45,3.641194567365517,3.641194567365517
Agglomerative-complete,25750,-22.33852928975817,-43.12899883949998,10,45,45,2.6485644465713425,2.6485644465713425
Agglomerative-complete,25770,-22.26889273967007,-43.07681259121553,5,49,49,0.0,0.0
Agglomerative-complete,25900,-22.651419516496585,-43.06655787630402,18,32,32,1.2639604575704895,1.2639604575704895
Agglomerative-complete,25901,-22.648338600540264,-43.0583437917855,9,32,32,0.35942630169701273,0.35942630169701273
Agglomerative-complete,25902,-22.65954574226225,-43.116827376350194,1,33,33,3.4212818057727667,3.4212818057727667
Agglomerative-complete,25903,-22.641865834980965,-43.07245208309176,3,32,32,1.8222358654369002,1.8222358654369002
Agglomerative-complete,25904,-22.65181465633809,-43.05361261025339,1,32,32,0.6155081619491793,0.6155081619491793
Agglomerative-complete,25905,-22.661390928999936,-43.03525083599993,2,32,32,2.648777227114074,2.648777227114074
Agglomerative-complete,25907,-22.63855440197675,-43.16000184562523,1,34,34,3.294917129205323,3.294917129205323
Agglomerative-complete,25908,-22.65815606716074,-43.11902674370239,2,33,33,3.372619417478407,3.372619417478407
Agglomerative-complete,25911,-22.55907208815268,-43.044923138517305,4,53,53,1.9534886826311226,1.9534886826311226
Agglomerative-complete,25912,-22.57019403842886,-43.058745435694526,1,53,53,0.4756114210478359,0.4756114210478359
Agglomerative-complete,25914,-22.59381281247852,-43.06930284283151,3,53,53,2.6514922613646594,2.6514922613646594
Agglomerative-complete,25921,-22.6525357703222,-43.12650100805483,1,33,33,3.46138788594982,3.46138788594982
Agglomerative-complete,25922,-22.66003863059351,-43.1347885471764,6,33,33,2.3745857301923845,2.3745857301923845
Agglomerative-complete,25925,-22.69368277179141,-43.10979273572445,2,33,33,3.535106985808919,3.535106985808919
Agglomerative-complete,25926,-22.70142395223432,-43.15952521180791,9,33,33,2.9870604545367003,2.9870604545367003
Agglomerative-complete,25928,-22.63601681822644,-43.02534331618508,1,32,32,3.3022823301131683,3.3022823301131683
Agglomerative-complete,25930,-22.68358467046409,-43.160534715770886,1,33,33,2.0139195857394956,2.0139195857394956
Agglomerative-complete,25931,-22.615268497162027,-43.171211569125255,12,34,34,0.5651200086150303,0.5651200086150303
Agglomerative-complete,25932,-22.606414625881992,-43.16479917404288,1,34,34,1.3656750750339202,1.3656750750339202
Agglomerative-complete,25933,-22.589725437213616,-43.18381309691644,4,34,34,2.6973753258387214,2.6973753258387214
Agglomerative-complete,25935,-22.615933155012947,-43.17975719830376,15,34,34,0.5045863468518414,0.5045863468518414
Agglomerative-complete,25936,-22.62086490867415,-43.19203787685941,2,35,34,1.8606116420558467,3.616848614388128
Agglomerative-complete,25937,-22.64373828349399,-43.182944105487344,2,35,34,3.4992053875324087,3.942708819160487
Agglomerative-complete,25938,-22.6545713161462,-43.20333179891331,3,35,35,2.4878330777098134,2.4878330777098134
Agglomerative-complete,25940,-22.617931893774944,-43.00412879602773,4,32,32,6.151837255478808,6.151837255478808
Agglomerative-complete,25943,-22.55101493109428,-42.98442049906716,3,61,61,2.3719374407124385,2.3719374407124385
Agglomerative-complete,25945,-22.528934117386,-42.98544280263765,1,61,61,0.7114928696590731,0.7114928696590731
Agglomerative-complete,25946,-22.527718078493137,-42.97826627951071,11,61,61,0.29597447075553157,0.29597447075553157
Agglomerative-complete,25949,-22.51454665728784,-42.96902750677734,2,61,61,2.0181511381086428,2.0181511381086428
Agglomerative-complete,26010,-22.7551063244127,-43.42858334530357,13,27,27,0.36011248754779956,0.36011248754779956
Agglomerative-complete,26011,-22.748785105742307,-43.43168107136049,9,27,27,0.5277958131532813,0.5277958131532813
Agglomerative-complete,26012,-22.739120145317514,-43.438923776976765,9,27,27,1.8235007756072399,1.8235007756072399
Agglomerative-complete,26013,-22.745675146224823,-43.44388802788447,13,27,39,1.687568192685031,1.7873588099731996
Agglomerative-complete,26015,-22.74498697417717,-43.43911485622618,7,27,27,1.3912131599475557,1.3912131599475557
Agglomerative-complete,26020,-22.73307786504663,-43.4496138786291,14,39,39,1.0709259221860588,1.0709259221860588
Agglomerative-complete,26021,-22.7265203412345,-43.43963538573774,5,39,39,2.3271607928961138,2.3271607928961138
Agglomerative-complete,26022,-22.73223237271496,-43.460676715526674,10,39,39,0.7259694148218429,0.7259694148218429
Agglomerative-complete,26023,-22.71845447873864,-43.45333006616676,1,39,39,2.2751473862596945,2.2751473862596945
Agglomerative-complete,26030,-22.72927766291159,-43.46322545433846,9,39,39,1.1310833642850957,1.1310833642850957
Agglomerative-complete,26031,-22.733144913944965,-43.47564299726109,4,39,39,1.8694351104858202,1.8694351104858202
Agglomerative-complete,26032,-22.73116848461293,-43.4796971945155,5,39,39,2.334379778840678,2.334379778840678
Agglomerative-complete,26033,-22.722956089481777,-43.4618987093067,1,39,39,1.7549024275637037,1.7549024275637037
Agglomerative-complete,26035,-22.72277955303024,-43.46645519648206,1,39,39,1.9257330107060469,1.9257330107060469
Agglomerative-complete,26040,-22.715476981048564,-43.45497446506072,5,39,39,2.570883615546669,2.570883615546669
Agglomerative-complete,26041,-22.709788663568432,-43.465657949741065,9,39,23,2.847392303268821,3.268075104495232
Agglomerative-complete,26042,-22.708401272321503,-43.47914027612773,1,39,23,3.5198240567406542,3.95951548292189
Agglomerative-complete,26050,-22.692333946397017,-43.4678329284204,4,23,23,1.5173686747215744,1.5173686747215744
Agglomerative-complete,26051,-22.69370930904985,-43.45569367309577,6,23,23,0.8300416159144,0.8300416159144
Agglomerative-complete,26052,-22.682661738953115,-43.44763426447411,7,23,23,0.818379416860015,0.818379416860015
Agglomerative-complete,26053,-22.676424784708487,-43.46514837118791,2,23,23,1.5463245239264696,1.5463245239264696
Agglomerative-complete,26060,-22.70596026208645,-43.44426093479684,6,39,23,2.4260356998153307,3.8838161581497816
Agglomerative-complete,26062,-22.6632991804878,-43.42190649887993,1,23,23,4.21591324784172,4.21591324784172
Agglomerative-complete,26063,-22.71869874105048,-43.47704074319361,1,39,39,2.9118763124605826,2.9118763124605826
Agglomerative-complete,26070,-22.712261582859316,-43.43397796646818,18,39,23,3.574646224011097,3.8309558798767647
Agglomerative-complete,26080,-22.72546659818089,-43.5110829974867,5,6,12,3.5780612295993595,3.687440375595563
Agglomerative-complete,26082,-22.73084992306352,-43.501629004388285,1,12,12,3.1732320115359816,3.1732320115359816
Agglomerative-complete,26083,-22.73962521457062,-43.51130348349012,6,12,12,2.0041866995919584,2.0041866995919584
Agglomerative-complete,26084,-22.7288301166658,-43.51662859381047,3,6,12,3.231833123974917,3.2910546167294576
Agglomerative-complete,26085,-22.7378823853966,-43.540626520424674,2,12,6,2.4877503486496955,3.637844241755788
Agglomerative-complete,26086,-22.727495091333505,-43.52334987524174,5,6,6,2.6109314473182526,2.6109314473182526
Agglomerative-complete,26087,-22.716288877191023,-43.51530571258531,14,6,6,3.1002490809130903,3.1002490809130903
Agglomerative-complete,26088,-22.709994584521123,-43.52081425760519,5,6,6,2.6207624171515316,2.6207624171515316
Agglomerative-complete,26110,-22.755672493046596,-43.36930490702333,3,58,58,2.56487159857038,2.56487159857038
Agglomerative-complete,26112,-22.748890763540413,-43.40218859295182,6,27,27,2.6518947194115787,2.6518947194115787
Agglomerative-complete,26113,-22.75249988943649,-43.39489689201624,4,27,58,2.6550737748914304,3.378350594358048
Agglomerative-complete,26115,-22.74102601762666,-43.39058910287586,7,58,58,1.4717931948485192,1.4717931948485192
Agglomerative-complete,26116,-22.744030405639823,-43.38686162276392,3,58,58,1.404409414327146,1.404409414327146
Agglomerative-complete,26120,-22.74095127698239,-43.407375755677286,3,27,27,2.4282000781190014,2.4282000781190014
Agglomerative-complete,26123,-22.73755924382916,-43.40715915370587,3,27,27,2.655959081211715,2.655959081211715
Agglomerative-complete,26125,-22.733091514554367,-43.40118902114117,2,27,58,2.3482090925389874,3.4440405327276697
Agglomerative-complete,26130,-22.76452043290213,-43.40324268558952,13,27,27,2.883777422216986,2.883777422216986
Agglomerative-complete,26135,-22.748837947683032,-43.4110954882984,3,27,27,1.7511047945767948,1.7511047945767948
Agglomerative-complete,26140,-22.738645489116468,-43.41773917384008,6,27,27,1.8050487975603795,1.8050487975603795
Agglomerative-complete,26143,-22.72777921195433,-43.41907983538552,1,27,27,2.832874294807764,2.832874294807764
Agglomerative-complete,26155,-22.72149589575073,-43.40236747175682,2,27,58,2.8397380673946424,4.275952272936666
Agglomerative-complete,26160,-22.73036490590292,-43.39084713564882,5,58,58,1.3520392362093898,1.3520392362093898
Agglomerative-complete,26163,-22.71802861019754,-43.38866458565219,1,58,58,2.083656600616461,2.083656600616461
Agglomerative-complete,26165,-22.73004862963322,-43.38401397146633,6,58,58,0.741306986823149,0.741306986823149
Agglomerative-complete,26167,-22.73381526820578,-43.37869831571142,3,58,58,0.05420540573931199,0.05420540573931199
Agglomerative-complete,26170,-22.735308724256505,-43.3689986253974,1,58,58,0.9646463491823719,0.9646463491823719
Agglomerative-complete,26172,-22.727797274174065,-43.36988532052452,1,58,58,1.1174363168379244,1.1174363168379244
Agglomerative-complete,26173,-22.7293974724831,-43.35646929692585,3,58,58,2.302753512290811,2.302753512290811
Agglomerative-complete,26175,-22.723712605507256,-43.34218222243037,4,20,20,1.961136915635444,1.961136915635444
Agglomerative-complete,26178,-22.71708005610544,-43.37621943740937,4,58,58,1.911077668989115,1.911077668989115
Agglomerative-complete,26180,-22.709309871783464,-43.340396840703605,1,20,20,2.4092967966773355,2.4092967966773355
Agglomerative-complete,26183,-22.71884157108849,-43.3359503631358,8,20,20,1.4379354519096308,1.4379354519096308
Agglomerative-complete,26185,-22.71230675457505,-43.3346366040831,3,20,20,1.7550640466339829,1.7550640466339829
Agglomerative-complete,26187,-22.731683227835816,-43.34902267341827,3,58,20,2.7985240005618826,3.0173601871246407
Agglomerative-complete,26190,-22.738054149192973,-43.33784294353118,1,20,20,2.182593481512929,2.182593481512929
Agglomerative-complete,26193,-22.74371498675422,-43.34181565153629,3,20,20,2.9219688553304364,2.9219688553304364
Agglomerative-complete,26196,-22.74788950490292,-43.365239469417695,1,58,58,2.0326037851695125,2.0326037851695125
Agglomerative-complete,26210,-22.75587652233678,-43.45011309119682,13,39,39,2.1188939968135796,2.1188939968135796
Agglomerative-complete,26215,-22.749383783452853,-43.44373182064543,12,27,27,1.6545272586745259,1.6545272586745259
Agglomerative-complete,26216,-22.751111606071024,-43.46011896476947,3,39,39,1.4264929089968104,1.4264929089968104
Agglomerative-complete,26220,-22.7584056941374,-43.442957719272016,12,27,27,1.7089660660983894,1.7089660660983894
Agglomerative-complete,26221,-22.761895289271685,-43.44132518888005,6,27,27,1.7713848665702119,1.7713848665702119
Agglomerative-complete,26225,-22.764974904450163,-43.43867207315254,6,27,27,1.8260760609016922,1.8260760609016922
Agglomerative-complete,26230,-22.754343447271268,-43.42874379900237,1,27,27,0.2827807482465367,0.2827807482465367
Agglomerative-complete,26250,-22.76580597634655,-43.44413388623215,6,27,27,2.2735378476599584,2.2735378476599584
Agglomerative-complete,26255,-22.760838936119494,-43.45665101381061,33,39,39,2.5020911007256834,2.5020911007256834
Agglomerative-complete,26256,-22.75641397681851,-43.468057858785166,1,39,39,2.238969829810755,2.238969829810755
Agglomerative-complete,26260,-22.757514514925703,-43.47418414534944,1,39,39,2.677172716934062,2.677172716934062
Agglomerative-complete,26261,-22.75945387444939,-43.48287991446073,10,12,12,3.0273998237373037,3.0273998237373037
Agglomerative-complete,26262,-22.75865949445597,-43.46865496838731,4,39,39,2.4904098181074326,2.4904098181074326
Agglomerative-complete,26263,-22.7511163216362,-43.4803664070067,9,39,39,2.666802390376328,2.666802390376328
Agglomerative-complete,26265,-22.76240169452735,-43.49189992116156,8,12,12,2.161929509377694,2.161929509377694
Agglomerative-complete,26266,-22.76149082223366,-43.49983733727016,1,12,12,1.3519628714587055,1.3519628714587055
Agglomerative-complete,26270,-22.771786935706576,-43.513737001536,2,12,12,1.5813678006454126,1.5813678006454126
Agglomerative-complete,26271,-22.76538805577464,-43.513740263369385,3,12,12,0.8752166738948842,0.8752166738948842
Agglomerative-complete,26272,-22.761268184110865,-43.504602353534416,2,12,12,0.8906905685491081,0.8906905685491081
Agglomerative-complete,26275,-22.758522248481707,-43.5081270171475,3,12,12,0.4431751850200933,0.4431751850200933
Agglomerative-complete,26276,-22.747655366540023,-43.50045199921573,8,12,12,1.647475892634371,1.647475892634371
Agglomerative-complete,26277,-22.75365868027963,-43.50568209999401,7,12,12,0.8125258161651984,0.8125258161651984
Agglomerative-complete,26278,-22.750950306589704,-43.5104936361956,3,12,12,0.7658003574577398,0.7658003574577398
Agglomerative-complete,26279,-22.746340793942444,-43.51599943467023,3,12,12,1.309615420125247,1.309615420125247
Agglomerative-complete,26280,-22.74345546985677,-43.48205928698698,5,39,39,2.498373753415933,2.498373753415933
Agglomerative-complete,26281,-22.739051517422563,-43.47469667232987,4,39,39,1.6806489096909778,1.6806489096909778
Agglomerative-complete,26282,-22.743267765418626,-43.47080427462203,2,39,39,1.3900244741874972,1.3900244741874972
Agglomerative-complete,26285,-22.749261034645645,-43.457434797409576,10,39,39,1.2122317946881962,1.2122317946881962
Agglomerative-complete,26286,-22.74919369674164,-43.469546131254496,8,39,39,1.6635710375856114,1.6635710375856114
Agglomerative-complete,26290,-22.7692389862532,-43.52530849381608,12,12,12,1.8538503950136453,1.8538503950136453
Agglomerative-complete,26291,-22.775922205954583,-43.53552518598715,4,12,12,3.1292273733902314,3.1292273733902314
Agglomerative-complete,26292,-22.765111723156878,-43.559026201122336,6,12,12,4.859082712118994,4.859082712118994
Agglomerative-complete,26293,-22.79249083598364,-43.57524682495404,1,1,1,4.704516383988669,4.704516383988669
Agglomerative-complete,26296,-22.80012558975328,-43.59358340822262,3,1,1,2.6600485136085794,2.6600485136085794
Agglomerative-complete,26297,-22.81315246690653,-43.58884053145267,3,1,1,3.1664499301448443,3.1664499301448443
Agglomerative-complete,26298,-22.821289601573383,-43.58391704635197,5,1,1,3.9538175747681756,3.9538175747681756
Agglomerative-complete,26299,-22.84103615023977,-43.61515804577371,1,48,1,3.9137425173984686,4.8898126913288396
Agglomerative-complete,26310,-22.71769036507631,-43.56406590011273,9,6,6,1.9108399557684428,1.9108399557684428
Agglomerative-complete,26311,-22.7230667989856,-43.577531170720725,2,6,6,3.375804331975955,3.375804331975955
Agglomerative-complete,26313,-22.72398694854633,-43.56859220120247,4,6,6,2.52780605375903,2.52780605375903
Agglomerative-complete,26315,-22.726749869469312,-43.58842644869943,2,6,6,4.560069598952204,4.560069598952204
Agglomerative-complete,26316,-22.691702991594585,-43.594666387857934,1,38,38,1.9089211118302265,1.9089211118302265
Agglomerative-complete,26320,-22.70950681506173,-43.580279131181264,3,6,6,3.6360997727600166,3.6360997727600166
Agglomerative-complete,26321,-22.7081915940706,-43.57351771589113,2,6,6,2.9983254428741177,2.9983254428741177
Agglomerative-complete,26323,-22.721880392950524,-43.56120106689918,6,6,6,1.7364952732412708,1.7364952732412708
Agglomerative-complete,26325,-22.720466020617074,-43.55679725976077,3,6,6,1.2591425256359285,1.2591425256359285
Agglomerative-complete,26330,-22.73569440043516,-43.542197211853576,2,12,6,2.21957510207272,3.914309004065849
Agglomerative-complete,26380,-22.707476317323948,-43.55071081533383,1,6,6,1.0838499548050033,1.0838499548050033
Agglomerative-complete,26381,-22.6969098294197,-43.55741624112584,3,6,6,2.445236195352563,2.445236195352563
Agglomerative-complete,26382,-22.692331349282565,-43.531816681604255,1,6,6,2.981355239246045,2.981355239246045
Agglomerative-complete,26383,-22.707869677714925,-43.561315648938425,8,6,6,1.852956339819887,1.852956339819887
Agglomerative-complete,26385,-22.705743887793957,-43.55656212344719,6,6,6,1.6043561701118383,1.6043561701118383
Agglomerative-complete,26413,-22.696333434498968,-43.626641384369336,1,38,38,2.8848958693531483,2.8848958693531483
Agglomerative-complete,26420,-22.68450772983073,-43.61532318330367,2,38,38,1.1455679122246252,1.1455679122246252
Agglomerative-complete,26423,-22.6809778671,-43.61135654272859,1,38,38,0.5891379575777875,0.5891379575777875
Agglomerative-complete,26425,-22.68320829858776,-43.6136513869842,1,38,38,0.9218050286228885,0.9218050286228885
Agglomerative-complete,26430,-22.68817178316981,-43.60645936527142,3,38,38,1.0916208804909846,1.0916208804909846
Agglomerative-complete,26433,-22.650250797954484,-43.65355119895557,4,18,18,4.776387221046233,4.776387221046233
Agglomerative-complete,26435,-22.648997352455527,-43.65813095170957,4,18,18,4.322184253588063,4.322184253588063
Agglomerative-complete,26440,-22.6438955448154,-43.64300824279504,4,18,18,5.345896058296031,5.345896058296031
Agglomerative-complete,26443,-22.644806809224903,-43.65794599414254,2,18,18,4.0553811089775635,4.0553811089775635
Agglomerative-complete,26445,-22.674494004101163,-43.60813218912923,3,38,38,0.46594639667965615,0.46594639667965615
Agglomerative-complete,26450,-22.663207630218253,-43.610776285393406,1,38,38,1.7440038741168584,1.7440038741168584
Agglomerative-complete,26453,-22.66951051838989,-43.61452547990683,3,38,38,1.291445178169615,1.291445178169615
Agglomerative-complete,26455,-22.67373240752545,-43.59804565833488,1,38,38,0.9965804850764076,0.9965804850764076
Agglomerative-complete,26460,-22.67164263350668,-43.59088177051566,2,38,38,1.755401893024153,1.755401893024153
Agglomerative-complete,26470,-22.679545467450534,-43.593041196799824,1,38,38,1.3736171476769794,1.3736171476769794
Agglomerative-complete,26480,-22.667916878063743,-43.58577332849087,1,38,38,2.4107719455499153,2.4107719455499153
Agglomerative-complete,26510,-22.81662825484205,-43.41632496803764,21,19,54,2.709565721207728,2.7809745876879886
Agglomerative-complete,26515,-22.82027720659127,-43.42270906150816,3,19,54,3.025956802868025,3.08225276043702
Agglomerative-complete,26520,-22.81249234447968,-43.42909625891298,17,54,54,2.2468093254439587,2.2468093254439587
Agglomerative-complete,26521,-22.809500731742084,-43.43250149322672,6,54,54,2.067628629439355,2.067628629439355
Agglomerative-complete,26525,-22.805706631753832,-43.42307905240664,20,54,54,1.4055605004909717,1.4055605004909717
Agglomerative-complete,26526,-22.804257068335087,-43.42109060717076,2,54,54,1.2607372860220671,1.2607372860220671
Agglomerative-complete,26530,-22.80164222999227,-43.41601787718497,8,54,54,1.1963821644738304,1.1963821644738304
Agglomerative-complete,26535,-22.799760130437143,-43.41047447797409,10,54,54,1.4899577407536784,1.4899577407536784
Agglomerative-complete,26540,-22.80794794860136,-43.40773098670876,7,19,54,2.2823602914466763,3.0706684333257845
Agglomerative-complete,26545,-22.81382105979965,-43.40235279737406,9,19,19,2.2710346006636626,2.2710346006636626
Agglomerative-complete,26550,-22.77075741016515,-43.4312991356195,4,54,27,2.122113554553281,2.6203034171267765
Agglomerative-complete,26551,-22.781707096310384,-43.42552236371597,10,54,54,1.287935433903405,1.287935433903405
Agglomerative-complete,26553,-22.786322478605623,-43.43138510904005,6,54,54,1.1356384197173397,1.1356384197173397
Agglomerative-complete,26554,-22.79089221312869,-43.43692215015001,4,54,54,1.4408904186530447,1.4408904186530447
Agglomerative-complete,26556,-22.77776602762561,-43.43662348759625,4,54,54,2.1968816945395213,2.1968816945395213
Agglomerative-complete,26557,-22.771105803454297,-43.43638870513932,2,54,27,2.3043012392248903,2.7979321240053627
Agglomerative-complete,26560,-22.772872235146963,-43.42497545965702,4,54,54,2.2539835775872654,2.2539835775872654
Agglomerative-complete,26562,-22.770064916804248,-43.422339662467735,8,54,27,2.0925651698550745,2.55870620601161
Agglomerative-complete,26564,-22.77328132742342,-43.41781714536901,6,54,54,2.2648197171115263,2.2648197171115263
Agglomerative-complete,26570,-22.77814678640116,-43.4171342747468,2,54,54,1.7668878418827765,1.7668878418827765
Agglomerative-complete,26572,-22.7846703338512,-43.41150550604952,4,54,54,1.508638010134319,1.508638010134319
Agglomerative-complete,26574,-22.77767719983202,-43.4038669735974,4,27,54,2.6080522345383486,3.7722116590972927
Agglomerative-complete,26580,-22.78727630139065,-43.42104793086865,5,54,54,0.6762138924682307,0.6762138924682307
Agglomerative-complete,26582,-22.791786349943763,-43.41589366647349,5,54,54,0.7488607352541485,0.7488607352541485
Agglomerative-complete,26584,-22.79705192396206,-43.42658602251409,2,54,54,0.5715392373233001,0.5715392373233001
Agglomerative-complete,26585,-22.79835084305232,-43.434750437897016,3,54,54,1.3341872559673227,1.3341872559673227
Agglomerative-complete,26587,-22.80462139272945,-43.4357429099578,2,54,54,1.827478051111647,1.827478051111647
Agglomerative-complete,26600,-22.61483382699214,-43.705683375748585,35,18,18,1.8704731929560847,1.8704731929560847
Agglomerative-complete,28680,-22.470849051492323,-42.657121037845286,19,60,60,0.0,0.0
Agglomerative-complete,28695,-22.60367916043864,-42.74073968432629,1,36,36,0.0,0.0
Agglomerative-complete,28800,-22.711927870432564,-42.63004113951235,27,63,63,0.0,0.0
Agglomerative-ward,20010,-22.902565933548235,-43.17859890530714,7,17,17,2.0194145700390447,2.0194145700390447
Agglomerative-ward,20011,-22.904993445903926,-43.17607769647398,15,17,17,1.8227143415699643,1.8227143415699643
Agglomerative-ward,20020,-22.90749454533334,-43.17316912947846,9,17,17,1.7005801408480743,1.7005801408480743
Agglomerative-ward,20021,-22.912369544913428,-43.17350079335496,13,17,17,1.2501416820950104,1.2501416820950104
Agglomerative-ward,20030,-22.909873939082548,-43.17365036548527,21,17,17,1.4535055244612851,1.4535055244612851
Agglomerative-ward,20031,-22.909572437655488,-43.1777031129869,38,17,17,1.2872082358032733,1.2872082358032733
Agglomerative-ward,20040,-22.90568600024909,-43.177156307060464,35,17,17,1.715237330696432,1.715237330696432
Agglomerative-ward,20041,-22.90320075238725,-43.17864558233141,2,17,17,1.9490649682257015,1.9490649682257015
Agglomerative-ward,20050,-22.905696239420447,-43.179258208124025,8,17,17,1.6649302543402478,1.6649302543402478
Agglomerative-ward,20051,-22.90306310094257,-43.18298926875737,3,17,17,1.9370122528266243,1.9370122528266243
Agglomerative-ward,20060,-22.90742646003482,-43.22111290328188,2,19,19,1.9003007607840565,1.9003007607840565
Agglomerative-ward,20061,-22.905811724167148,-43.18562902375168,1,17,17,1.6709773050192047,1.6709773050192047
Agglomerative-ward,20070,-22.902331574261797,-43.17927884154506,6,17,17,2.0344641850519,2.0344641850519
Agglomerative-ward,20071,-22.902076954244112,-43.18149783382578,14,17,17,2.0444914751645786,2.0444914751645786
Agglomerative-ward,20080,-22.901209379401656,-43.18495724281751,6,17,17,2.1620030931905667,2.1620030931905667
Agglomerative-ward,20081,-22.897715083300223,-43.18332992060644,15,17,17,2.532702304140585,2.532702304140585
Agglomerative-ward,20090,-22.899054123828943,-43.17942063171785,20,17,17,2.394398767026159,2.394398767026159
Agglomerative-ward,20091,-22.900151286264816,-43.17827587439508,13,17,17,2.2896487883310996,2.2896487883310996
Agglomerative-ward,20210,-22.90869650356516,-43.201016378284464,7,17,17,2.3478500320533153,2.3478500320533153
Agglomerative-ward,20211,-22.91148503866567,-43.19844247973102,19,17,17,1.9593090832676605,1.9593090832676605
Agglomerative-ward,20220,-22.899829533909223,-43.20080433539784,17,17,17,2.996582310684295,2.996582310684295
Agglomerative-ward,20221,-22.89945802156581,-43.19708452216502,5,17,17,2.8011802908490435,2.8011802908490435
Agglomerative-ward,20230,-22.91285701073433,-43.18834911843799,46,17,17,1.067751329224726,1.067751329224726
Agglomerative-ward,20231,-22.91259168660638,-43.18629265033459,23,17,17,0.9799746271389768,0.9799746271389768
Agglomerative-ward,20240,-22.917770340408847,-43.18905754157791,13,17,17,0.7841963969434933,0.7841963969434933
Agglomerative-ward,20241,-22.92200642517056,-43.18565741850953,31,17,17,0.41424427190580304,0.41424427190580304
Agglomerative-ward,20250,-22.919337655136697,-43.21247470976231,10,19,19,2.225333515941104,2.225333515941104
Agglomerative-ward,20251,-22.922200558918448,-43.20015626664134,14,17,17,1.871730910191048,1.871730910191048
Agglomerative-ward,20260,-22.91934258444981,-43.21542322502569,50,19,19,1.923367933169736,1.923367933169736
Agglomerative-ward,20261,-22.92401542829238,-43.213547671608914,41,19,19,2.173074580494987,2.173074580494987
Agglomerative-ward,20270,-22.916244564738715,-43.21795033526529,42,19,19,1.7042767888057972,1.7042767888057972
Agglomerative-ward,20271,-22.91566933091613,-43.2252134823305,41,19,19,1.0161623796060146,1.0161623796060146
Agglomerative-ward,20510,-22.930347789330725,-43.24275226487902,42,19,19,1.487063957810696,1.487063957810696
Agglomerative-ward,20511,-22.9284131316606,-43.240538180114825,43,19,19,1.1810283150075787,1.1810283150075787
Agglomerative-ward,20520,-22.926258825257275,-43.231846424609145,64,19,19,0.7852016231002317,0.7852016231002317
Agglomerative-ward,20521,-22.927918848210943,-43.23197212177495,42,19,19,0.9593874562674617,0.9593874562674617
Agglomerative-ward,20530,-22.93768625306417,-43.24886943417944,32,19,19,2.515598463189908,2.515598463189908
Agglomerative-ward,20531,-22.958246852875916,-43.27033293203977,8,2,19,5.675808309781929,7.010707837924868
Agglomerative-ward,20535,-22.877802617547648,-43.27309285397244,4,52,64,2.59446228144195,2.75691664929001
Agglomerative-ward,20540,-22.92255591041081,-43.243901231317686,73,19,19,1.0484853667952594,1.0484853667952594
Agglomerative-ward,20541,-22.92275898098941,-43.246104027508025,72,19,19,1.2704652287443605,1.2704652287443605
Agglomerative-ward,20550,-22.91679214318689,-43.2315503991291,71,19,19,0.40868627916002803,0.40868627916002803
Agglomerative-ward,20551,-22.91439065092508,-43.24569874883489,52,19,19,1.3092727833620486,1.3092727833620486
Agglomerative-ward,20560,-22.91863600041784,-43.25724486396328,46,19,19,2.3621263658328533,2.3621263658328533
Agglomerative-ward,20561,-22.923671061855,-43.27951061325535,28,64,64,2.549647604645157,2.549647604645157
Agglomerative-ward,20710,-22.90830858763459,-43.2764243094503,10,64,64,0.814836354515482,0.814836354515482
Agglomerative-ward,20715,-22.91224198054703,-43.26872667336991,6,64,64,1.4394171680443526,1.4394171680443526
Agglomerative-ward,20720,-22.906575946931888,-43.28819167590577,50,64,64,1.4201339330407006,1.4201339330407006
Agglomerative-ward,20725,-22.906412217480728,-43.28249517700716,9,64,64,0.9183913924330651,0.9183913924330651
Agglomerative-ward,20730,-22.902290913852568,-43.29839517326879,13,25,25,1.5323274931526014,1.5323274931526014
Agglomerative-ward,20735,-22.900247004009792,-43.28620954651436,36,64,64,1.078514729698887,1.078514729698887
Agglomerative-ward,20740,-22.89620288125079,-43.31266061354411,11,25,25,1.517384441154787,1.517384441154787
Agglomerative-ward,20745,-22.903600471965063,-43.306901589519335,18,25,25,1.7954921513096767,1.7954921513096767
Agglomerative-ward,20750,-22.87518071840644,-43.30082797736797,5,25,25,1.4960330575330065,1.4960330575330065
Agglomerative-ward,20751,-22.883894678436565,-43.30538425605098,13,25,25,0.7375401940361137,0.7375401940361137
Agglomerative-ward,20755,-22.888719129958837,-43.29710870135924,8,25,25,0.33116481393832864,0.33116481393832864
Agglomerative-ward,20756,-22.889303208418365,-43.30454037225461,10,25,25,0.4368046096631974,0.4368046096631974
Agglomerative-ward,20760,-22.879177245162506,-43.28592690942743,4,25,25,1.8122636990620862,1.8122636990620862
Agglomerative-ward,20761,-22.870098149013963,-43.2972179170696,1,25,25,2.085031768878412,2.085031768878412
Agglomerative-ward,20765,-22.87067512100277,-43.28612468627153,8,25,25,2.470957136571693,2.470957136571693
Agglomerative-ward,20766,-22.865673065092224,-43.28931782004312,5,25,25,2.7910296737129103,2.7910296737129103
Agglomerative-ward,20770,-22.89263110411781,-43.28601357326318,12,64,64,1.407599776175849,1.407599776175849
Agglomerative-ward,20771,-22.88654522617883,-43.28157899070825,31,64,64,1.716986352343334,1.716986352343334
Agglomerative-ward,20775,-22.894787607705087,-43.27754555337602,23,64,64,0.7169066693069008,0.7169066693069008
Agglomerative-ward,20780,-22.8964631877728,-43.27217170225893,32,64,64,0.6222453294048361,0.6222453294048361
Agglomerative-ward,20785,-22.88659325431333,-43.26783420069855,16,64,64,1.7947649460531068,1.7947649460531068
Agglomerative-ward,20910,-22.89952439510988,-43.23052438041678,11,19,19,2.257158655371431,2.257158655371431
Agglomerative-ward,20911,-22.89314885311464,-43.242201014642525,8,64,19,3.046673536759157,3.5422911109379616
Agglomerative-ward,20920,-22.89524485967227,-43.231902550437,8,19,19,2.7116188262281025,2.7116188262281025
Agglomerative-ward,20921,-22.893703236582244,-43.23151762119004,19,19,19,2.885919454254797,2.885919454254797
Agglomerative-ward,20930,-22.889979653251217,-43.22883289161473,3,19,19,3.3325251977336565,3.3325251977336565
Agglomerative-ward,20931,-22.880476502680093,-43.21772315263865,11,19,19,4.65998641001609,4.65998641001609
Agglomerative-ward,20932,-22.85332248950828,-43.397360098269154,1,8,8,2.0182639843661394,2.0182639843661394
Agglomerative-ward,20940,-22.90178148194564,-43.21920005325752,18,19,19,2.501941816277166,2.501941816277166
Agglomerative-ward,20941,-22.90503857930972,-43.218289836880224,15,19,19,2.2925440871383937,2.2925440871383937
Agglomerative-ward,20943,-22.907619844963776,-43.23590445490212,3,19,19,1.3367577367253847,1.3367577367253847
Agglomerative-ward,20950,-22.90399569141674,-43.25558609559154,34,64,64,2.088145112326464,2.088145112326464
Agglomerative-ward,20960,-22.899105988671952,-43.24932163781583,6,64,64,2.711574338784866,2.711574338784866
Agglomerative-ward,20961,-22.89892108854126,-43.26048783057711,3,64,64,1.5767328967631145,1.5767328967631145
Agglomerative-ward,20970,-22.89490962921127,-43.29895518595955,4,25,25,0.712817154521351,0.712817154521351
Agglomerative-ward,20972,-22.908149571852817,-43.26020630971305,1,64,64,1.7756693377947286,1.7756693377947286
Agglomerative-ward,20973,-22.89480299365888,-43.30460678807501,3,25,25,0.8140054561391985,0.8140054561391985
Agglomerative-ward,20975,-22.89442355697212,-43.251622708261415,3,64,64,2.574025968372437,2.574025968372437
Agglomerative-ward,21010,-22.82383918425472,-43.3063018523626,7,41,41,1.203167566459037,1.203167566459037
Agglomerative-ward,21011,-22.827727546600816,-43.2864223207302,16,41,41,2.2086746215789947,2.2086746215789947
Agglomerative-ward,21012,-22.835042850775064,-43.31263647240438,7,41,41,0.6180212561744294,0.6180212561744294
Agglomerative-ward,21020,-22.835828487618876,-43.27614378416555,33,41,52,2.663224007145066,3.125980341802074
Agglomerative-ward,21021,-22.84207289300327,-43.265065434319375,25,52,52,1.5419886065517272,1.5419886065517272
Agglomerative-ward,21030,-22.850002554499312,-43.263354020176415,3,52,52,0.6462048373627344,0.6462048373627344
Agglomerative-ward,21031,-22.84825657231105,-43.25613344368642,17,52,52,0.9658088167768257,0.9658088167768257
Agglomerative-ward,21032,-22.86037660176917,-43.2556698277572,9,52,52,0.7932723951591549,0.7932723951591549
Agglomerative-ward,21040,-22.858267172627272,-43.25269222978843,9,52,52,0.9364451856563504,0.9364451856563504
Agglomerative-ward,21041,-22.87144109880102,-43.258727578503766,10,52,52,1.7918669764719863,1.7918669764719863
Agglomerative-ward,21042,-22.86486541105725,-43.24870050352791,4,52,52,1.6603425748790064,1.6603425748790064
Agglomerative-ward,21043,-22.88658041606038,-43.2773189390998,1,64,64,1.612905036377417,1.612905036377417
Agglomerative-ward,21044,-22.857706333465654,-43.267186202026345,4,52,52,0.6484131397893336,0.6484131397893336
Agglomerative-ward,21046,-22.87178460618622,-43.25004020994305,4,52,52,2.1479853473464767,2.1479853473464767
Agglomerative-ward,21050,-22.87598170475497,-43.26005615466438,17,52,52,2.28058508096076,2.28058508096076
Agglomerative-ward,21051,-22.874222414375385,-43.26728790044959,5,52,52,2.169033071963186,2.169033071963186
Agglomerative-ward,21060,-22.857331891254034,-43.26363956816405,17,52,52,0.3121592385041412,0.3121592385041412
Agglomerative-ward,21061,-22.866391297064204,-43.27158801093624,14,52,52,1.6033592782065327,1.6033592782065327
Agglomerative-ward,21070,-22.843914411682647,-43.283779066776354,9,41,41,2.5571362489799285,2.5571362489799285
Agglomerative-ward,21071,-22.860726267312923,-43.28764650581979,4,25,52,2.758644428366796,3.363990012479269
Agglomerative-ward,21073,-22.850770856037,-43.27052152360208,26,52,52,1.0793248284689785,1.0793248284689785
Agglomerative-ward,21210,-22.84373140637614,-43.30242672582638,17,41,41,1.0968909495999624,1.0968909495999624
Agglomerative-ward,21211,-22.836828071243165,-43.30804460963914,13,41,41,0.28223747396054366,0.28223747396054366
Agglomerative-ward,21215,-22.833788776762518,-43.29604433389999,18,41,41,1.0881321854258148,1.0881321854258148
Agglomerative-ward,21220,-22.84942286859225,-43.31350882748824,24,41,41,1.7873483398141936,1.7873483398141936
Agglomerative-ward,21221,-22.84606476402831,-43.31053536227519,22,41,41,1.3305713975129518,1.3305713975129518
Agglomerative-ward,21230,-22.82666297562433,-43.3225314634884,42,41,41,1.857078476172279,1.857078476172279
Agglomerative-ward,21231,-22.831527268945862,-43.32219671997402,7,41,41,1.6337379474359413,1.6337379474359413
Agglomerative-ward,21235,-22.83791177652518,-43.322271046058205,36,41,41,1.6442196696902505,1.6442196696902505
Agglomerative-ward,21236,-22.8396852659843,-43.33712480023102,1,0,41,3.175676244998876,4.082254502387541
Agglomerative-ward,21240,-22.8111210300632,-43.32621279907767,7,41,41,3.298537273474672,3.298537273474672
Agglomerative-ward,21241,-22.81349696231808,-43.30803677134236,4,41,41,2.35720175628131,2.35720175628131
Agglomerative-ward,21250,-22.824619091439565,-43.30674667488387,22,41,41,1.1160773485716255,1.1160773485716255
Agglomerative-ward,21310,-22.879083342003987,-43.33935560703397,18,0,0,1.1502248151919499,1.1502248151919499
Agglomerative-ward,21311,-22.88918177352332,-43.32763594596467,16,0,0,2.7631411638817798,2.7631411638817798
Agglomerative-ward,21320,-22.892905876006864,-43.347644389533606,16,0,0,2.045063658120909,2.045063658120909
Agglomerative-ward,21321,-22.89512617328995,-43.357502145957,57,0,0,2.4271579414847197,2.4271579414847197
Agglomerative-ward,21330,-22.8828767826158,-43.36417448357049,50,0,0,1.7659231453352116,1.7659231453352116
Agglomerative-ward,21331,-22.87350715228709,-43.36567754387448,25,0,0,1.6649494350258345,1.6649494350258345
Agglomerative-ward,21340,-22.871018134717986,-43.35684491471535,9,0,0,0.8537557962720779,0.8537557962720779
Agglomerative-ward,21341,-22.882442915756783,-43.34947007028445,22,0,0,0.8730738636574307,0.8730738636574307
Agglomerative-ward,21350,-22.87793235260004,-43.33016620442746,12,0,0,2.012151240429217,2.012151240429217
Agglomerative-ward,21351,-22.87044820264357,-43.34296526816304,10,0,0,0.8100661897218142,0.8100661897218142
Agglomerative-ward,21360,-22.866945338258187,-43.33478170506691,8,0,0,1.7283271098853568,1.7283271098853568
Agglomerative-ward,21361,-22.85332826176321,-43.32822806263115,12,0,41,3.035421175773489,3.2134728123259872
Agglomerative-ward,21370,-22.87000636720115,-43.32004486324283,4,0,25,2.891781654812677,3.057370825641019
Agglomerative-ward,21371,-22.85106228596877,-43.32617884775252,9,0,41,2.7102010212086745,3.5411024799881847
Agglomerative-ward,21380,-22.88331793518069,-43.31951190668025,19,0,25,2.0508270523352166,3.218772512732196
Agglomerative-ward,21381,-22.87907528708003,-43.314672063074205,8,0,25,1.8121394564787106,3.5996031068434577
Agglomerative-ward,21510,-22.84251003329592,-43.35349069066133,7,0,0,3.590987726588986,3.590987726588986
Agglomerative-ward,21511,-22.84410299270375,-43.35219269222594,5,0,0,3.401604308286464,3.401604308286464
Agglomerative-ward,21512,-22.84146868829085,-43.36195292092932,5,0,8,3.8657459579416744,3.8988614688526804
Agglomerative-ward,21515,-22.83902730987094,-43.35587746226516,5,0,0,4.008673452256931,4.008673452256931
Agglomerative-ward,21520,-22.810998397638027,-43.3618771585306,3,33,33,1.689282400341422,1.689282400341422
Agglomerative-ward,21530,-22.828811915352887,-43.346307609440586,6,0,41,4.118821450367934,5.100726393938661
Agglomerative-ward,21532,-22.8130814021041,-43.36036408098235,1,33,33,1.9639900489470568,1.9639900489470568
Agglomerative-ward,21535,-22.8194481093076,-43.35408490190018,2,33,33,2.92071398436912,2.92071398436912
Agglomerative-ward,21540,-22.852143526409453,-43.34281302027885,10,0,0,2.587554017502908,2.587554017502908
Agglomerative-ward,21545,-22.8432861377694,-43.34344431819371,4,0,0,3.535278507390243,3.535278507390243
Agglomerative-ward,21550,-22.86207117720982,-43.35623041492665,14,0,0,1.5549955565962699,1.5549955565962699
Agglomerative-ward,21555,-22.855135850026095,-43.36350730842812,13,0,0,2.597852355428547,2.597852355428547
Agglomerative-ward,21557,-22.85620371453252,-43.37495578967732,3,8,0,3.3165220844348693,3.3966904886957834
Agglomerative-ward,21610,-22.867011045510356,-43.371883316604816,20,0,0,2.4462197620338624,2.4462197620338624
Agglomerative-ward,21615,-22.86209078632198,-43.39136925868886,17,8,8,3.0880705213020865,3.0880705213020865
Agglomerative-ward,21616,-22.85387973916863,-43.39680943222229,10,8,8,2.0855002688308963,2.0855002688308963
Agglomerative-ward,21620,-22.839350559609453,-43.40486056012263,12,8,8,0.7494143669109405,0.7494143669109405
Agglomerative-ward,21625,-22.832605349060035,-43.40280856194904,11,8,8,0.4826834004614235,0.4826834004614235
Agglomerative-ward,21630,-22.825649495444644,-43.41164984676431,5,8,8,1.673497513710242,1.673497513710242
Agglomerative-ward,21635,-22.83290297152516,-43.41230278119793,2,8,8,1.3812543557789152,1.3812543557789152
Agglomerative-ward,21640,-22.83463324022867,-43.39275636997285,2,8,8,0.6500532378417251,0.6500532378417251
Agglomerative-ward,21645,-22.821385636314904,-43.39760318048674,2,8,8,1.5478061608206155,1.5478061608206155
Agglomerative-ward,21650,-22.816850689474528,-43.374314532417216,5,33,33,1.8613175356637968,1.8613175356637968
Agglomerative-ward,21655,-22.818616394359942,-43.382598700728,2,33,33,2.2614134179460295,2.2614134179460295
Agglomerative-ward,21660,-22.839960552960555,-43.37703910572291,7,8,8,2.317437725217311,2.317437725217311
Agglomerative-ward,21665,-22.83427156601059,-43.377978641515625,1,8,8,2.1636536847965107,2.1636536847965107
Agglomerative-ward,21670,-22.84984365215036,-43.3808702413711,5,8,8,2.4725272984715505,2.4725272984715505
Agglomerative-ward,21675,-22.849034554602184,-43.3744236468128,8,8,8,2.9545236774218337,2.9545236774218337
Agglomerative-ward,21710,-22.876979699775763,-43.42527912676291,11,48,48,1.2311644215973236,1.2311644215973236
Agglomerative-ward,21715,-22.87947674705333,-43.44026398123803,11,12,48,2.5756609943901587,2.7839586810600365
Agglomerative-ward,21720,-22.865120805735398,-43.4470342137163,3,12,12,2.2404031582957087,2.2404031582957087
Agglomerative-ward,21721,-22.8753558465787,-43.28063646200473,2,25,25,2.500437085254777,2.500437085254777
Agglomerative-ward,21725,-22.85918299393417,-43.456665616338015,6,12,12,1.9302181513561811,1.9302181513561811
Agglomerative-ward,21730,-22.86435505255422,-43.434757144170185,7,12,48,2.8950134489317003,3.442951880095025
Agglomerative-ward,21735,-22.871537517256936,-43.429726914847,6,48,48,1.966598362627196,1.966598362627196
Agglomerative-ward,21740,-22.88433305340309,-43.387504877344114,10,48,48,2.868229131158655,2.868229131158655
Agglomerative-ward,21741,-22.88962788350659,-43.395124429249634,6,48,48,2.1978439649778303,2.1978439649778303
Agglomerative-ward,21745,-22.879549301241177,-43.41011862496182,8,48,48,0.6964720745089619,0.6964720745089619
Agglomerative-ward,21746,-22.885775526693383,-43.4110256032492,1,48,48,0.5279235291718466,0.5279235291718466
Agglomerative-ward,21750,-22.87873543265548,-43.415788362287785,10,48,48,0.5190885784044276,0.5190885784044276
Agglomerative-ward,21755,-22.88385334415563,-43.41913635549757,4,48,48,0.37755694315656485,0.37755694315656485
Agglomerative-ward,21760,-22.89044829208524,-43.42058389455041,11,48,48,0.9423086896436141,0.9423086896436141
Agglomerative-ward,21765,-22.890938364362235,-43.43068537741355,12,48,48,1.7687119311874915,1.7687119311874915
Agglomerative-ward,21770,-22.892257517452293,-43.44208696544872,7,12,48,2.897862916160376,3.25108590999516
Agglomerative-ward,21775,-22.886952911633603,-43.446644127201374,9,12,12,2.5224044158685817,2.5224044158685817
Agglomerative-ward,21810,-22.87922054417216,-43.45931046493799,11,12,12,0.9677071953052843,0.9677071953052843
Agglomerative-ward,21815,-22.88548385187386,-43.45769280672658,8,12,12,1.591591238375721,1.591591238375721
Agglomerative-ward,21820,-22.88188843504765,-43.46899760400734,11,12,12,0.9232314170420602,0.9232314170420602
Agglomerative-ward,21825,-22.892248480036507,-43.47086620332721,5,12,12,2.0890061357113305,2.0890061357113305
Agglomerative-ward,21830,-22.880118655848957,-43.483604754804006,9,12,12,1.8628179685214046,1.8628179685214046
Agglomerative-ward,21831,-22.88976260419128,-43.48390785134509,7,12,12,2.494615570111224,2.494615570111224
Agglomerative-ward,21832,-22.894998640111965,-43.490836960215546,9,12,12,3.409201562858121,3.409201562858121
Agglomerative-ward,21833,-22.8814818751053,-43.49448328547964,3,12,12,2.9659603571467175,2.9659603571467175
Agglomerative-ward,21840,-22.868363814263653,-43.46923216795061,6,12,12,0.6611714633512265,0.6611714633512265
Agglomerative-ward,21842,-22.868421364534367,-43.47985554134832,9,12,12,1.4728031539024034,1.4728031539024034
Agglomerative-ward,21843,-22.870893429404216,-43.48330150443216,6,12,12,1.7280212352607407,1.7280212352607407
Agglomerative-ward,21850,-22.859425219557973,-43.486817054989416,2,12,12,2.60820448867506,2.60820448867506
Agglomerative-ward,21852,-22.86305592280701,-43.4696365930169,1,12,12,1.236290639201838,1.236290639201838
Agglomerative-ward,21853,-22.85708276487565,-43.486439191165495,11,12,12,2.7474430838778736,2.7474430838778736
Agglomerative-ward,21854,-22.845556518964184,-43.49501645648064,1,12,12,4.276690294180205,4.276690294180205
Agglomerative-ward,21860,-22.862369101863525,-43.46728646117796,5,12,12,1.2778006571481157,1.2778006571481157
Agglomerative-ward,21862,-22.864698795351657,-43.46636013974529,6,12,12,1.0182912598575264,1.0182912598575264
Agglomerative-ward,21863,-22.850951552039938,-43.46693512747451,6,12,12,2.5462379574874663,2.5462379574874663
Agglomerative-ward,21864,-22.853845962536496,-43.46103565025077,3,12,12,2.2998970635248313,2.2998970635248313
Agglomerative-ward,21865,-22.853042262633373,-43.47042497115219,2,12,12,2.344240971582932,2.344240971582932
Agglomerative-ward,21866,-22.859130493251165,-43.47880605689346,8,12,12,2.050945129908666,2.050945129908666
Agglomerative-ward,21870,-22.871019283986563,-43.45851442872575,7,12,12,0.8998557042346446,0.8998557042346446
Agglomerative-ward,21875,-22.873409010490445,-43.4537411569272,2,12,12,1.3329430260450987,1.3329430260450987
Agglomerative-ward,21910,-22.79777839220466,-43.18136086251543,15,45,45,1.621959469311916,1.621959469311916
Agglomerative-ward,21911,-22.7900819429952,-43.17257319356364,9,45,45,2.860634006391245,2.860634006391245
Agglomerative-ward,21920,-22.79811558143935,-43.19569772270941,25,45,45,0.9678235495116148,0.9678235495116148
Agglomerative-ward,21921,-22.8083044291334,-43.18564856697721,13,45,45,0.866367681158201,0.866367681158201
Agglomerative-ward,21930,-22.819481062981133,-43.1783585853495,12,45,45,2.138415667136614,2.138415667136614
Agglomerative-ward,21931,-22.809517664348768,-43.200203165434935,39,45,45,0.7188783087948389,0.7188783087948389
Agglomerative-ward,21932,-22.80486286271774,-43.22572822631956,4,45,45,3.267474924527236,3.267474924527236
Agglomerative-ward,21940,-22.81388871143013,-43.20247749638257,30,45,45,1.1902514132869693,1.1902514132869693
Agglomerative-ward,21941,-22.8338340042933,-43.24885668973881,21,52,52,2.7275611075841066,2.7275611075841066
Agglomerative-ward,22010,-22.96271293881479,-43.1708107829536,24,60,60,1.6862447560209302,1.6862447560209302
Agglomerative-ward,22011,-22.96400610563266,-43.17658358618979,30,60,60,1.1617361956799215,1.1617361956799215
Agglomerative-ward,22020,-22.965453849156813,-43.17847566804375,23,60,60,1.0728046056092588,1.0728046056092588
Agglomerative-ward,22021,-22.96571567280818,-43.178905752541766,22,60,60,1.0552563697998059,1.0552563697998059
Agglomerative-ward,22030,-22.965586191842657,-43.18405306861811,26,60,60,0.7082819346510474,0.7082819346510474
Agglomerative-ward,22031,-22.966933621230865,-43.18792165085605,22,60,60,0.7976479340866057,0.7976479340866057
Agglomerative-ward,22040,-22.968389299018032,-43.1849944726417,20,60,60,0.9749735506708986,0.9749735506708986
Agglomerative-ward,22041,-22.96767360462037,-43.19002828343284,24,60,60,0.9282069710687753,0.9282069710687753
Agglomerative-ward,22050,-22.972595655601555,-43.18771945633724,27,60,60,1.423380926758273,1.423380926758273
Agglomerative-ward,22051,-22.972873846317363,-43.19052130370873,21,60,60,1.4969395857427419,1.4969395857427419
Agglomerative-ward,22060,-22.97702862454598,-43.19034089760792,17,60,60,1.9450130667996275,1.9450130667996275
Agglomerative-ward,22061,-22.975419252327107,-43.19263365219479,21,60,60,1.8294183436578084,1.8294183436578084
Agglomerative-ward,22070,-22.980688017563597,-43.18955936508214,19,31,60,2.336191001483422,2.5671195817784245
Agglomerative-ward,22071,-22.980184787318848,-43.19459066773997,32,31,31,2.050084986198346,2.050084986198346
Agglomerative-ward,22080,-22.98466377656021,-43.1925284491284,21,31,31,2.331462043488012,2.331462043488012
Agglomerative-ward,22081,-22.984441149894824,-43.19341592390328,28,31,31,2.2373162498964314,2.2373162498964314
Agglomerative-ward,22210,-22.931070810893203,-43.176115962189314,33,17,17,1.3240293731220598,1.3240293731220598
Agglomerative-ward,22211,-22.923384297280904,-43.179530436549925,4,17,17,0.4107656968256969,0.4107656968256969
Agglomerative-ward,22220,-22.92956446372173,-43.17684636890966,27,17,17,1.1408612659968664,1.1408612659968664
Agglomerative-ward,22221,-22.928999413639037,-43.18145032839962,43,17,17,0.9512857113910839,0.9512857113910839
Agglomerative-ward,22230,-22.937297973252814,-43.176889612976375,52,17,17,1.9436761791388921,1.9436761791388921
Agglomerative-ward,22231,-22.93615390975268,-43.18183226783302,45,17,17,1.7453554929989072,1.7453554929989072
Agglomerative-ward,22240,-22.935263476239665,-43.18726357297116,47,17,17,1.732968431250524,1.732968431250524
Agglomerative-ward,22241,-22.93845834691675,-43.1963680762055,15,60,17,2.4854960279751417,2.5618847583058812
Agglomerative-ward,22245,-22.941061091973182,-43.191231191173394,15,60,60,2.130164831455189,2.130164831455189
Agglomerative-ward,22250,-22.942211644081578,-43.17758693818259,55,17,60,2.1805947877692398,2.4603346441626512
Agglomerative-ward,22251,-22.945344203574265,-43.185010548945066,35,60,60,1.6214244402152922,1.6214244402152922
Agglomerative-ward,22260,-22.94921626511125,-43.19021396256844,49,60,60,1.2240634386639697,1.2240634386639697
Agglomerative-ward,22261,-22.95721825808972,-43.20026060905936,22,60,60,1.3903868622315239,1.3903868622315239
Agglomerative-ward,22270,-22.953082188232276,-43.18924536490677,45,60,60,0.7836760961809798,0.7836760961809798
Agglomerative-ward,22271,-22.95610379641452,-43.19395105535185,22,60,60,0.8246648547946996,0.8246648547946996
Agglomerative-ward,22280,-22.95440868548141,-43.185650031057385,29,60,60,0.6161109965469126,0.6161109965469126
Agglomerative-ward,22281,-22.95685190582306,-43.19364574140023,18,60,60,0.7580880885860244,0.7580880885860244
Agglomerative-ward,22290,-22.954428429403357,-43.17707420858368,56,60,60,1.1774828325756306,1.1774828325756306
Agglomerative-ward,22291,-22.942311951383264,-43.166780906762526,10,17,60,2.8395886989932393,2.8857062079257827
Agglomerative-ward,22410,-22.98392343049867,-43.207101465917965,38,31,31,0.911719870369323,0.911719870369323
Agglomerative-ward,22411,-22.98194469977677,-43.20241313570824,21,31,31,1.2770597623460511,1.2770597623460511
Agglomerative-ward,22420,-22.985312022606557,-43.20414276378719,24,31,31,1.2504975460499677,1.2504975460499677
Agglomerative-ward,22421,-22.982140216547386,-43.20687525073036,8,31,31,0.8436661219378971,0.8436661219378971
Agglomerative-ward,22430,-22.98210232841188,-43.22013314970181,35,31,31,0.6355892961876112,0.6355892961876112
Agglomerative-ward,22431,-22.98284371340203,-43.22474000720175,22,31,31,1.1021708970307578,1.1021708970307578
Agglomerative-ward,22440,-22.984439128577424,-43.22151271315892,25,31,31,0.8952566211991396,0.8952566211991396
Agglomerative-ward,22441,-22.98416017609255,-43.22495474880264,26,31,31,1.1794208228624847,1.1794208228624847
Agglomerative-ward,22450,-22.986493696399247,-43.23306806247369,39,31,31,2.0437921422776335,2.0437921422776335
Agglomerative-ward,22451,-22.97841522971715,-43.23772919271784,56,31,31,2.3705509870591954,2.3705509870591954
Agglomerative-ward,22452,-22.952645498107493,-43.30267070542142,2,2,2,5.366803251431434,5.366803251431434
Agglomerative-ward,22460,-22.96483495864169,-43.22490223070295,15,31,31,1.9422306130298237,1.9422306130298237
Agglomerative-ward,22461,-22.96134503409605,-43.21364138805082,32,31,31,2.021568377196102,2.021568377196102
Agglomerative-ward,22470,-22.96550432697566,-43.21544841322038,35,31,31,1.5590805006197563,1.5590805006197563
Agglomerative-ward,22471,-22.967625971408516,-43.203212882392485,28,60,31,1.7618575827541136,1.8756457195617684
Agglomerative-ward,22610,-22.99599813649958,-43.261663703422506,29,2,31,5.154687798229854,6.471169644502528
Agglomerative-ward,22611,-23.008068841447862,-43.29861176534447,8,2,2,2.987419527936607,2.987419527936607
Agglomerative-ward,22620,-23.00947497991475,-43.33453004891496,35,2,2,1.7608287913454084,1.7608287913454084
Agglomerative-ward,22621,-23.010803499326403,-43.3098866524811,27,2,2,2.221291497694381,2.221291497694381
Agglomerative-ward,22630,-23.01013125796049,-43.33867951997416,30,2,2,2.082719422045532,2.082719422045532
Agglomerative-ward,22631,-23.00365666838398,-43.34075885321385,85,2,2,1.816094359269641,1.816094359269641
Agglomerative-ward,22640,-23.001267617010637,-43.3355988370672,26,2,2,1.2249054461457964,1.2249054461457964
Agglomerative-ward,22641,-22.986105098852665,-43.31152067063231,6,2,2,1.78102787725072,1.78102787725072
Agglomerative-ward,22710,-22.934576022997884,-43.37578841332682,51,5,5,1.3176540369976109,1.3176540369976109
Agglomerative-ward,22711,-22.91373119718309,-43.39089712057767,1,5,5,3.394916241148357,3.394916241148357
Agglomerative-ward,22713,-22.930174584016687,-43.39608391214564,30,5,5,3.334563143333576,3.334563143333576
Agglomerative-ward,22715,-22.923355641776094,-43.383046917508274,9,5,5,2.170080242488427,2.170080242488427
Agglomerative-ward,22720,-22.91816741998529,-43.38651552844117,25,5,5,2.7503399863091826,2.7503399863091826
Agglomerative-ward,22723,-22.91689708484027,-43.40278883313536,41,5,48,3.945693455698156,4.313826132275528
Agglomerative-ward,22725,-22.91150171276762,-43.37652610722419,21,5,5,2.540487856194816,2.540487856194816
Agglomerative-ward,22730,-22.920002522357752,-43.3695754073506,22,5,5,1.3669511902031204,1.3669511902031204
Agglomerative-ward,22733,-22.906015750671408,-43.364980246342064,18,5,5,2.778111881607471,2.778111881607471
Agglomerative-ward,22735,-22.920928532759326,-43.3584654815096,15,5,5,1.2307358209901882,1.2307358209901882
Agglomerative-ward,22740,-22.92625659532195,-43.35975777828106,22,5,5,0.6508138269089948,0.6508138269089948
Agglomerative-ward,22743,-22.930174278267923,-43.34644038809006,48,5,5,1.752699548679019,1.752699548679019
Agglomerative-ward,22745,-22.93505848017408,-43.33359407042855,31,5,5,3.09962346891291,3.09962346891291
Agglomerative-ward,22750,-22.94338467090066,-43.33437919544068,49,5,5,3.289481688879203,3.289481688879203
Agglomerative-ward,22753,-22.96619236089961,-43.33073451387544,52,2,2,3.407940236990491,3.407940236990491
Agglomerative-ward,22755,-22.947502549436848,-43.33814210193203,19,5,5,3.184736843525745,3.184736843525745
Agglomerative-ward,22760,-22.938856559491374,-43.34583380346626,16,5,5,2.0138291063394815,2.0138291063394815
Agglomerative-ward,22763,-22.949418433889697,-43.38717689639774,15,32,5,3.1737001759048686,3.496934258527922
Agglomerative-ward,22765,-22.954431333815165,-43.35527342221761,25,5,5,2.743083300588169,2.743083300588169
Agglomerative-ward,22770,-22.93691091371265,-43.36097335035081,46,5,5,0.7113180996205328,0.7113180996205328
Agglomerative-ward,22772,-22.95005017710918,-43.36084751104725,1,5,5,2.140004603255091,2.140004603255091
Agglomerative-ward,22773,-22.94846910030558,-43.364489898207424,9,5,5,1.9489059827552113,1.9489059827552113
Agglomerative-ward,22775,-22.969148201152677,-43.38306523796816,103,32,32,1.7349100582268444,1.7349100582268444
Agglomerative-ward,22776,-22.99004850815858,-43.35448107201586,11,2,2,3.109982783121561,3.109982783121561
Agglomerative-ward,22780,-22.962843790439337,-43.40116578306731,48,32,32,1.9977766309614764,1.9977766309614764
Agglomerative-ward,22783,-22.984082408782115,-43.44889019919411,44,65,65,3.0701250666536857,3.0701250666536857
Agglomerative-ward,22785,-22.979900329721087,-43.49176475913368,15,65,65,4.27498630764533,4.27498630764533
Agglomerative-ward,22790,-23.01298650422646,-43.46551954103294,136,65,65,0.5712989359305483,0.5712989359305483
Agglomerative-ward,22793,-23.00061899109568,-43.40471828456725,116,32,32,2.491263609226217,2.491263609226217
Agglomerative-ward,22795,-23.020470737334893,-43.46265642068304,68,65,65,1.3672602323557623,1.3672602323557623
Agglomerative-ward,23010,-22.885872200386764,-43.51372891804045,10,38,38,3.1714360511574182,3.1714360511574182
Agglomerative-ward,23012,-22.891289709125683,-43.528538034861306,5,38,38,2.196266486377425,2.196266486377425
Agglomerative-ward,23013,-22.90125781010044,-43.541434503067336,11,63,63,1.7750053364037122,1.7750053364037122
Agglomerative-ward,23015,-22.908174032805224,-43.53967787825952,4,63,63,1.232690679960606,1.232690679960606
Agglomerative-ward,23016,-22.912595307197087,-43.53593879115358,5,63,63,1.317782261291783,1.317782261291783
Agglomerative-ward,23017,-22.91957476261591,-43.52855570225305,16,63,63,2.0614921873231657,2.0614921873231657
Agglomerative-ward,23020,-23.0049905225767,-43.54784520457546,17,10,10,5.643528018758917,5.643528018758917
Agglomerative-ward,23025,-22.99046924798533,-43.61550570181899,4,46,46,2.702341729021513,2.702341729021513
Agglomerative-ward,23026,-22.99073734829478,-43.63045092144838,7,46,46,1.3957672943417492,1.3957672943417492
Agglomerative-ward,23027,-23.00123690831294,-43.64009513690838,1,46,46,2.137555463321435,2.137555463321435
Agglomerative-ward,23028,-22.98056296317437,-43.65998986714787,7,46,46,2.0266577456458834,2.0266577456458834
Agglomerative-ward,23030,-22.96669955681108,-43.6017686687425,12,10,10,1.7901576559079515,1.7901576559079515
Agglomerative-ward,23031,-22.964378631240205,-43.61186736926677,6,10,10,2.8378813260808955,2.8378813260808955
Agglomerative-ward,23032,-22.972563998366837,-43.64295047031437,11,46,46,1.08641432650771,1.08641432650771
Agglomerative-ward,23033,-22.955943986568656,-43.60659613358818,8,10,10,2.5891236447540877,2.5891236447540877
Agglomerative-ward,23035,-22.945894102935657,-43.594457021538446,12,10,10,2.557888160139583,2.557888160139583
Agglomerative-ward,23036,-22.937899966329617,-43.578646142633474,10,10,10,3.276420312343672,3.276420312343672
Agglomerative-ward,23040,-22.9331056624521,-43.55411381012552,19,63,63,2.002003654673099,2.002003654673099
Agglomerative-ward,23042,-22.92777932523722,-43.554503392883646,10,63,63,1.464346402570926,1.464346402570926
Agglomerative-ward,23045,-22.916840745702157,-43.56234010712124,23,63,63,1.4427664612800912,1.4427664612800912
Agglomerative-ward,23047,-22.925942886418497,-43.56135750790765,6,63,63,1.7417625472950011,1.7417625472950011
Agglomerative-ward,23050,-22.906374170614946,-43.566410061329776,16,28,28,2.0798743276383984,2.0798743276383984
Agglomerative-ward,23052,-22.906619343447986,-43.55224985960651,18,63,63,1.1108298790611466,1.1108298790611466
Agglomerative-ward,23055,-22.9099494896574,-43.5764230099429,13,28,28,1.7520572569606765,1.7520572569606765
Agglomerative-ward,23056,-22.91818988167744,-43.61235085654186,5,3,3,1.6009312870717936,1.6009312870717936
Agglomerative-ward,23057,-22.917530927853,-43.52832489679447,7,63,63,2.052512872488234,2.052512872488234
Agglomerative-ward,23058,-22.914787266177115,-43.59078039553711,10,28,28,2.3132586076099564,2.3132586076099564
Agglomerative-ward,23059,-22.913307945677737,-43.59042985137216,16,28,28,2.14683694404052,2.14683694404052
Agglomerative-ward,23060,-22.896089584185965,-43.59889671190928,24,28,28,1.651475994029014,1.651475994029014
Agglomerative-ward,23061,-22.908445285088447,-43.60810021286953,7,3,3,1.8678070789046646,1.8678070789046646
Agglomerative-ward,23062,-22.90265768897671,-43.59917193270753,8,28,28,1.8650049466345144,1.8650049466345144
Agglomerative-ward,23063,-22.897521961702388,-43.591752252623216,13,28,28,0.9493575820287038,0.9493575820287038
Agglomerative-ward,23064,-22.90074270257361,-43.58463842554154,8,28,28,0.6310624753363626,0.6310624753363626
Agglomerative-ward,23065,-22.88293828358117,-43.625086210988606,9,3,3,3.1546058734664912,3.1546058734664912
Agglomerative-ward,23066,-22.888192458215805,-43.62473650428692,15,3,3,2.572391231577523,2.572391231577523
Agglomerative-ward,23067,-22.88243614479021,-43.61658346798473,2,3,3,3.3527990689014064,3.3527990689014064
Agglomerative-ward,23068,-22.88645864857024,-43.59762968190717,8,28,28,1.8115074902474053,1.8115074902474053
Agglomerative-ward,23070,-22.896407842881192,-43.57751001381104,17,28,28,0.5546091863024203,0.5546091863024203
Agglomerative-ward,23071,-22.888368672611158,-43.58090949448299,13,28,28,0.7975189206678032,0.7975189206678032
Agglomerative-ward,23073,-22.88998422832266,-43.57939758303769,11,28,28,0.6885810232698589,0.6885810232698589
Agglomerative-ward,23075,-22.877775179542617,-43.57771051289783,31,28,28,2.0200293329876158,2.0200293329876158
Agglomerative-ward,23076,-22.88245539011392,-43.57494224901807,1,28,28,1.641892595447931,1.641892595447931
Agglomerative-ward,23078,-22.87216705136316,-43.58925307377246,12,28,28,2.658904132265642,2.658904132265642
Agglomerative-ward,23080,-22.89853933540845,-43.56542140516348,15,28,28,1.8151981978227356,1.8151981978227356
Agglomerative-ward,23081,-22.89433959920376,-43.56722290454661,5,28,28,1.5989785376231445,1.5989785376231445
Agglomerative-ward,23082,-22.8942153041908,-43.57129087148408,4,28,28,1.184968500250833,1.184968500250833
Agglomerative-ward,23085,-22.893920459110284,-43.54642397807567,10,63,38,1.9384770153264916,2.4535913372870226
Agglomerative-ward,23087,-22.886393425025823,-43.558872618395576,17,38,38,1.9413543869184284,1.9413543869184284
Agglomerative-ward,23088,-22.88543771705454,-43.54971957423268,13,38,38,1.1810559845497737,1.1810559845497737
Agglomerative-ward,23090,-22.878043319496523,-43.562917395844295,12,38,38,2.0387801716387117,2.0387801716387117
Agglomerative-ward,23092,-22.87085601200714,-43.54384874896292,22,38,38,0.6618404842722233,0.6618404842722233
Agglomerative-ward,23093,-22.87751529574331,-43.53029348075376,11,38,38,1.3111192202220554,1.3111192202220554
Agglomerative-ward,23094,-22.876209770242788,-43.51981673638026,9,38,38,2.3825922924392167,2.3825922924392167
Agglomerative-ward,23095,-22.86940966621501,-43.55658717782943,15,38,38,1.608702519506504,1.608702519506504
Agglomerative-ward,23097,-22.85109676327036,-43.53613869095038,8,38,38,2.9409988273402377,2.9409988273402377
Agglomerative-ward,23098,-22.870188890670534,-43.52187688533317,2,38,38,2.290601898278546,2.290601898278546
Agglomerative-ward,23510,-22.91973437055113,-43.67148457968753,7,39,39,0.6016979998081675,0.6016979998081675
Agglomerative-ward,23515,-22.92368923724333,-43.68292592394352,6,39,39,0.8717756567019364,0.8717756567019364
Agglomerative-ward,23520,-22.936255491866653,-43.661399065747545,27,39,39,2.5855775948913706,2.5855775948913706
Agglomerative-ward,23525,-22.94503552262656,-43.67692431410214,5,39,39,3.004807101915167,3.004807101915167
Agglomerative-ward,23530,-22.97383432126233,-43.6810761924786,8,69,69,1.1625077473443692,1.1625077473443692
Agglomerative-ward,23535,-22.9790211808901,-43.69012245165258,14,69,69,0.6131540422886118,0.6131540422886118
Agglomerative-ward,23540,-22.974468021753417,-43.696539704365605,9,69,69,0.42481206401126875,0.42481206401126875
Agglomerative-ward,23545,-22.967091308000946,-43.700265635554,11,69,69,1.1054937639610773,1.1054937639610773
Agglomerative-ward,23547,-22.93249321644976,-43.62300753113864,2,3,3,2.3780790555601334,2.3780790555601334
Agglomerative-ward,23550,-22.930711174851965,-43.68946380025854,16,39,39,1.8996957348989842,1.8996957348989842
Agglomerative-ward,23555,-22.91750488776345,-43.69308722014739,6,39,39,1.643023766454817,1.643023766454817
Agglomerative-ward,23560,-22.898979722466947,-43.69930833968601,19,39,39,3.1104087330441796,3.1104087330441796
Agglomerative-ward,23565,-22.897761741341185,-43.69665951306267,2,39,39,3.0171316097972642,3.0171316097972642
Agglomerative-ward,23570,-22.909310774242133,-43.67111972773999,10,39,39,1.1427080844261575,1.1427080844261575
Agglomerative-ward,23573,-22.913149027532867,-43.65356967363749,5,39,39,2.46534554106837,2.46534554106837
Agglomerative-ward,23575,-22.89798974016889,-43.6685591848473,18,39,39,2.3904664493623424,2.3904664493623424
Agglomerative-ward,23580,-22.911119400069488,-43.62264162522756,13,3,3,0.35189960446920804,0.35189960446920804
Agglomerative-ward,23585,-22.924510509727508,-43.63529705731422,22,3,3,1.747132146963839,1.747132146963839
Agglomerative-ward,23587,-22.922380751135307,-43.629510536912335,18,3,3,1.282129532494719,1.282129532494719
Agglomerative-ward,23595,-22.92668402323646,-43.62933031069839,12,3,3,1.743551722195298,1.743551722195298
Agglomerative-ward,23810,-22.87093410934107,-43.76901268302672,10,42,42,0.6887002725760931,0.6887002725760931
Agglomerative-ward,23811,-22.864749343835488,-43.76730098420256,5,42,42,0.6782234083085585,0.6782234083085585
Agglomerative-ward,23812,-22.872059666972863,-43.77093362835852,5,42,42,0.6827056739604644,0.6827056739604644
Agglomerative-ward,23815,-22.86867015326329,-43.78013952780047,4,42,42,0.7084199653962605,0.7084199653962605
Agglomerative-ward,23820,-22.862780471644363,-43.78526762819197,4,42,42,1.2579208502093342,1.2579208502093342
Agglomerative-ward,23821,-22.870305329108017,-43.79064137470553,1,42,42,1.7920888741781298,1.7920888741781298
Agglomerative-ward,23822,-22.861638585933974,-43.79342663064544,1,42,42,2.0952724070278514,2.0952724070278514
Agglomerative-ward,23825,-22.885828313712477,-43.82785584819327,4,68,68,0.20448322983912387,0.20448322983912387
Agglomerative-ward,23826,-22.89560484133116,-43.84587026303256,4,68,68,1.9378997077532094,1.9378997077532094
Agglomerative-ward,23830,-22.8458671869452,-43.78333380428192,2,42,42,2.4948809975565074,2.4948809975565074
Agglomerative-ward,23831,-22.876635031970025,-43.80985126698182,3,68,68,2.3123676332400884,2.3123676332400884
Agglomerative-ward,23832,-22.85534509298971,-43.76583456328473,1,42,42,1.4726223731053285,1.4726223731053285
Agglomerative-ward,23855,-22.86387076999147,-43.7592342671893,2,42,42,1.5053355648034459,1.5053355648034459
Agglomerative-ward,23890,-22.787688375690134,-43.64890166112607,3,66,66,1.4656465414202937,1.4656465414202937
Agglomerative-ward,23893,-22.71072154468618,-43.69140232860298,2,47,47,3.498729457991359,3.498729457991359
Agglomerative-ward,23894,-22.74100679492528,-43.6998298199384,9,47,47,0.32226782658197545,0.32226782658197545
Agglomerative-ward,23895,-22.746274001626645,-43.708503424610186,9,47,47,0.8749186106807401,0.8749186106807401
Agglomerative-ward,23897,-22.792366849451536,-43.662640119980665,2,66,66,1.7566086064149466,1.7566086064149466
Agglomerative-ward,23898,-22.80791081625367,-43.644304412473865,8,66,66,0.8799273671823538,0.8799273671823538
Agglomerative-ward,24020,-22.893701145563103,-43.12041784927668,34,14,14,1.7216384091698045,1.7216384091698045
Agglomerative-ward,24030,-22.88869745778228,-43.11830702093674,33,14,14,1.75745358336226,1.75745358336226
Agglomerative-ward,24040,-22.882735624308985,-43.12349628123474,4,14,14,2.58268110615553,2.58268110615553
Agglomerative-ward,24050,-22.87517503985885,-43.109560284753925,2,14,14,2.5590783992705037,2.5590783992705037
Agglomerative-ward,24060,-22.88593419631651,-43.1106543708203,9,14,14,1.4621534927989228,1.4621534927989228
Agglomerative-ward,24070,-22.89348624508981,-43.11089097581806,1,14,14,0.8298202194049223,0.8298202194049223
Agglomerative-ward,24110,-22.867915276400392,-43.09960548772942,44,14,14,3.3387799871976074,3.3387799871976074
Agglomerative-ward,24111,-22.86398451494475,-43.09252306679081,2,14,14,3.928454558796586,3.928454558796586
Agglomerative-ward,24119,-22.86343492846253,-43.09725737403164,1,14,14,3.8694002857635423,3.8694002857635423
Agglomerative-ward,24120,-22.88327023685682,-43.09227400558896,36,14,14,2.0097752874758714,2.0097752874758714
Agglomerative-ward,24130,-22.87922689320265,-43.09157186572144,26,14,14,2.420578718201191,2.420578718201191
Agglomerative-ward,24140,-22.889267493261837,-43.04860885808703,6,16,16,2.116690321270867,2.116690321270867
Agglomerative-ward,24141,-22.87816915718994,-43.05564163085743,4,16,16,3.209263387374763,3.209263387374763
Agglomerative-ward,24210,-22.9019529825833,-43.12388455257632,69,14,14,2.075854426118523,2.075854426118523
Agglomerative-ward,24220,-22.90324481661885,-43.107023598220486,115,14,14,0.6879381508857133,0.6879381508857133
Agglomerative-ward,24230,-22.90630099451813,-43.105973880660926,117,14,14,0.9800298797273135,0.9800298797273135
Agglomerative-ward,24240,-22.897237232548903,-43.09915756428693,59,14,14,0.5149809134710057,0.5149809134710057
Agglomerative-ward,24241,-22.904219800443407,-43.09158065028214,21,14,14,1.4818786206233063,1.4818786206233063
Agglomerative-ward,24310,-22.9110328213164,-43.06742681237905,8,14,14,4.0467656017537825,4.0467656017537825
Agglomerative-ward,24315,-22.901684792085454,-43.06891496088816,22,14,14,3.6385740981343644,3.6385740981343644
Agglomerative-ward,24320,-22.902823180776025,-43.05085812937721,21,16,16,2.615934046190551,2.615934046190551
Agglomerative-ward,24322,-22.89632305663318,-43.03845772727727,5,16,16,1.1572574888506533,1.1572574888506533
Agglomerative-ward,24325,-22.882411375017146,-43.023744808929656,3,16,16,1.1617171629453737,1.1617171629453737
Agglomerative-ward,24330,-22.901199547746405,-42.991174595669065,9,16,16,3.923775151276922,3.923775151276922
Agglomerative-ward,24340,-22.947654432561997,-43.03365087049761,20,51,51,1.132341936919278,1.132341936919278
Agglomerative-ward,24342,-22.937391616620623,-43.022146384113576,21,51,51,2.4095496439900583,2.4095496439900583
Agglomerative-ward,24344,-22.93685983573083,-43.01491522990823,10,51,51,3.1319345099837386,3.1319345099837386
Agglomerative-ward,24346,-22.94923036239725,-43.02805520804324,12,51,51,1.7314787936822205,1.7314787936822205
Agglomerative-ward,24348,-22.970402738373885,-43.03213294708582,5,51,51,3.106978510106694,3.106978510106694
Agglomerative-ward,24350,-22.94061686421916,-43.06545401112341,36,51,51,2.219015137979191,2.219015137979191
Agglomerative-ward,24355,-22.9411555966564,-43.043134176624925,11,51,51,0.42038747259096626,0.42038747259096626
Agglomerative-ward,24358,-22.954105582144187,-43.0680054361715,20,51,51,2.6425427649092876,2.6425427649092876
Agglomerative-ward,24360,-22.918111396951545,-43.09214145186893,31,14,14,2.587506279380834,2.587506279380834
Agglomerative-ward,24365,-22.912243204052235,-43.08150933080395,3,14,14,2.8319056688089423,2.8319056688089423
Agglomerative-ward,24370,-22.92466477380604,-43.09986986144608,4,14,14,3.03636919082068,3.03636919082068
Agglomerative-ward,24410,-22.859653314312613,-43.08078230203989,1,23,23,3.304526886886176,3.304526886886176
Agglomerative-ward,24411,-22.85753738472352,-43.08169034540716,1,23,23,3.1279401787529872,3.1279401787529872
Agglomerative-ward,24412,-22.847500221583047,-43.07542461651588,8,23,23,1.8459925309964393,1.8459925309964393
Agglomerative-ward,24415,-22.84085769372568,-43.07623548195782,8,23,23,1.2522662016599824,1.2522662016599824
Agglomerative-ward,24416,-22.840098124434224,-43.06778333387412,13,23,23,0.8794019972972368,0.8794019972972368
Agglomerative-ward,24417,-22.845410939224823,-43.05013967578183,2,23,23,2.378839203234372,2.378839203234372
Agglomerative-ward,24420,-22.835696540771,-43.046659352747774,2,23,23,2.262181300383298,2.262181300383298
Agglomerative-ward,24421,-22.83065608217072,-43.04204141088677,8,23,20,2.4859282804694627,2.707544774814482
Agglomerative-ward,24422,-22.8277265510171,-43.02889904539707,10,20,20,1.4483259147180882,1.4483259147180882
Agglomerative-ward,24425,-22.852695605444847,-43.09014618727886,6,23,23,3.186118089100805,3.186118089100805
Agglomerative-ward,24426,-22.840411171156656,-43.08660279046403,4,23,23,2.0757211916137344,2.0757211916137344
Agglomerative-ward,24430,-22.830092235510783,-43.0856527985238,6,23,23,1.7830307906629543,1.7830307906629543
Agglomerative-ward,24431,-22.828438640757533,-43.08064705902956,18,23,23,1.3226641718602807,1.3226641718602807
Agglomerative-ward,24435,-22.827481947170185,-43.0698152344756,13,23,23,0.545228555924833,0.545228555924833
Agglomerative-ward,24436,-22.82124753376768,-43.066948767903845,10,23,23,1.2281431690209075,1.2281431690209075
Agglomerative-ward,24440,-22.827149190613213,-43.0539481412297,18,23,23,1.5850765628287626,1.5850765628287626
Agglomerative-ward,24445,-22.81926169355244,-43.03476520349312,19,20,20,1.1548777939029207,1.1548777939029207
Agglomerative-ward,24450,-22.82316908005648,-43.02002823624667,11,20,20,0.967506387165152,0.967506387165152
Agglomerative-ward,24451,-22.829351276710405,-43.01399541493803,19,20,56,1.4728741026561214,1.8757810445861383
Agglomerative-ward,24452,-22.819291471555072,-43.00635838364597,8,56,20,1.8889378582449452,2.1778895841731813
Agglomerative-ward,24455,-22.80878018901832,-43.0258667651288,7,20,20,0.754509304490517,0.754509304490517
Agglomerative-ward,24456,-22.80929567410273,-43.016040373940605,8,20,20,1.085879148641534,1.085879148641534
Agglomerative-ward,24457,-22.806624227141477,-43.012656807667405,6,20,20,1.5423608916577018,1.5423608916577018
Agglomerative-ward,24460,-22.814787634492188,-43.04329935349616,5,20,20,1.9484981118698292,1.9484981118698292
Agglomerative-ward,24461,-22.803350481704697,-43.0358182822438,6,20,20,1.7866022466048548,1.7866022466048548
Agglomerative-ward,24465,-22.81949144895205,-43.0551638057087,5,23,23,1.960190052054518,1.960190052054518
Agglomerative-ward,24466,-22.811123478295585,-43.06236954792932,3,23,23,2.425034918118766,2.425034918118766
Agglomerative-ward,24467,-22.805308252046,-43.05264792957123,2,23,20,3.1151316771341486,3.399590440995133
Agglomerative-ward,24470,-22.79629033350867,-43.04531393855412,1,20,20,3.026444118896727,3.026444118896727
Agglomerative-ward,24471,-22.785600785156785,-43.04593640228686,2,20,20,3.9881893828581503,3.9881893828581503
Agglomerative-ward,24472,-22.789315227589743,-43.03850388360695,2,20,20,3.2464082533475223,3.2464082533475223
Agglomerative-ward,24473,-22.787988229533347,-43.03235624966042,1,20,20,3.1590289821442283,3.1590289821442283
Agglomerative-ward,24474,-22.794969261024608,-43.02441434660769,1,20,20,2.2729750966482856,2.2729750966482856
Agglomerative-ward,24475,-22.777267778897787,-43.027446308928425,1,20,20,4.253502732673368,4.253502732673368
Agglomerative-ward,24710,-22.822624306841355,-43.00309374212156,13,56,56,1.7938962862333698,1.7938962862333698
Agglomerative-ward,24711,-22.818906926534805,-42.99751196239111,7,56,56,2.29946091290199,2.29946091290199
Agglomerative-ward,24715,-22.80276772976624,-42.99028180866455,6,24,24,2.618041015427405,2.618041015427405
Agglomerative-ward,24716,-22.78988059417565,-43.00428047982366,3,20,20,3.502866905867794,3.502866905867794
Agglomerative-ward,24717,-22.808029904019023,-43.00303400236285,4,20,20,2.3291630203894877,2.3291630203894877
Agglomerative-ward,24720,-22.813217838338208,-42.98741033222329,3,24,24,1.9594310996895883,1.9594310996895883
Agglomerative-ward,24721,-22.801495702866447,-42.98390861201865,1,24,24,2.179135196947149,2.179135196947149
Agglomerative-ward,24722,-22.796501747075485,-42.97622988470504,9,24,24,2.196231477149997,2.196231477149997
Agglomerative-ward,24723,-22.81762359087853,-42.94676360586466,5,24,24,2.23631080078231,2.23631080078231
Agglomerative-ward,24724,-22.805769003517707,-42.95726724972363,4,24,24,1.5241958460281884,1.5241958460281884
Agglomerative-ward,24725,-22.811456217228336,-42.97220863173352,4,24,24,0.546792932856501,0.546792932856501
Agglomerative-ward,24726,-22.78851170276054,-42.958565788861314,1,24,24,3.099648862001312,3.099648862001312
Agglomerative-ward,24730,-22.829046912919456,-42.98784246443976,3,56,56,1.963755924257088,1.963755924257088
Agglomerative-ward,24731,-22.822811422053213,-42.98685114650694,2,56,24,2.0887040822785146,2.4851450593167783
Agglomerative-ward,24732,-22.827064469158785,-42.9738976624395,3,24,24,1.4683070964426568,1.4683070964426568
Agglomerative-ward,24734,-22.829471848017025,-42.9607569973706,1,24,24,1.8008717020595588,1.8008717020595588
Agglomerative-ward,24735,-22.845883873637536,-42.95426308031982,1,24,24,3.7387813263557224,3.7387813263557224
Agglomerative-ward,24736,-22.820033389763783,-42.969922193443765,5,24,24,0.5945858747488016,0.5945858747488016
Agglomerative-ward,24737,-22.84162388029282,-42.96231323222136,1,24,24,3.0381653235693733,3.0381653235693733
Agglomerative-ward,24738,-22.851785749069546,-42.94354284297728,5,24,24,4.829029224490068,4.829029224490068
Agglomerative-ward,24740,-22.832952987571836,-42.99724674575654,2,56,56,0.9346205626001551,0.9346205626001551
Agglomerative-ward,24742,-22.838766642599392,-43.00379523173135,4,56,56,0.007108972038999581,0.007108972038999581
Agglomerative-ward,24743,-22.845998417596405,-42.99706758921929,7,56,56,1.0655791165010238,1.0655791165010238
Agglomerative-ward,24744,-22.84230016004733,-43.01214322773478,9,56,56,0.9366056408417367,0.9366056408417367
Agglomerative-ward,24745,-22.85280103675185,-43.00454397099252,5,56,56,1.5648976832756596,1.5648976832756596
Agglomerative-ward,24746,-22.83906700788218,-42.98789279135017,2,56,56,1.6365879024451069,1.6365879024451069
Agglomerative-ward,24750,-22.854636691924167,-43.02258437303882,7,56,56,2.6087639494834676,2.6087639494834676
Agglomerative-ward,24751,-22.86782548778561,-43.002749069555286,10,56,56,3.2359680557654897,3.2359680557654897
Agglomerative-ward,24752,-22.882259138501706,-42.98436172867216,4,16,16,4.616972913719784,4.616972913719784
Agglomerative-ward,24753,-22.88628701436756,-42.99166865896655,2,16,16,3.7928571353880165,3.7928571353880165
Agglomerative-ward,24754,-22.872354587681084,-43.027432812835386,6,16,16,2.1893892938727637,2.1893892938727637
Agglomerative-ward,24755,-22.85926645726612,-43.015307855881765,1,56,56,2.566110862080207,2.566110862080207
Agglomerative-ward,24756,-22.88593339499682,-43.011983104667294,10,16,16,1.7910361515176252,1.7910361515176252
Agglomerative-ward,24800,-22.74248129310771,-42.85721075258665,10,35,35,0.1254600142479231,0.1254600142479231
Agglomerative-ward,24801,-22.7395793666599,-42.84701335677763,2,35,35,1.1873076380231864,1.1873076380231864
Agglomerative-ward,24802,-22.729006918491564,-42.83466835876695,1,35,35,2.8656806696147346,2.8656806696147346
Agglomerative-ward,24804,-22.747090526611107,-42.84342210737453,3,35,35,1.5276945494981047,1.5276945494981047
Agglomerative-ward,24805,-22.73533148939793,-42.83883774259336,1,35,35,2.14445744963293,2.14445744963293
Agglomerative-ward,24808,-22.75677623430587,-42.855419742696405,12,35,35,1.499134313255914,1.499134313255914
Agglomerative-ward,24812,-22.75019628085652,-42.87187716603211,6,35,35,1.62621286618616,1.62621286618616
Agglomerative-ward,24813,-22.75411758328793,-42.88883553024611,1,35,35,3.3961010277809383,3.3961010277809383
Agglomerative-ward,24830,-22.7113078008679,-42.87331425316652,1,35,35,3.9148546474319987,3.9148546474319987
Agglomerative-ward,24846,-22.71538558398837,-42.80638584132024,2,35,35,6.128006926277294,6.128006926277294
Agglomerative-ward,24855,-22.773459679480904,-42.91565441771825,3,53,53,0.9277584488895855,0.9277584488895855
Agglomerative-ward,24856,-22.75807913856637,-42.91063311206234,1,53,53,1.3031905954978782,1.3031905954978782
Agglomerative-ward,24858,-22.77209935726771,-42.92264307986124,6,53,53,0.7243088637224786,0.7243088637224786
Agglomerative-ward,24859,-22.77340230558587,-42.90984766620826,2,53,53,1.3129383306685927,1.3129383306685927
Agglomerative-ward,24866,-22.73373117887529,-42.93276530734327,2,53,53,3.832626062335142,3.832626062335142
Agglomerative-ward,24876,-22.7125342435385,-42.89540473111652,3,35,35,5.168644293613353,5.168644293613353
Agglomerative-ward,24890,-22.73521870942802,-42.727847609078914,6,13,13,8.476521242362951,8.476521242362951
Agglomerative-ward,24900,-22.919618105516072,-42.83978957558533,14,29,29,0.9043991646754257,0.9043991646754257
Agglomerative-ward,24901,-22.923608277456783,-42.81985709837894,7,29,29,1.1891838359361815,1.1891838359361815
Agglomerative-ward,24902,-22.92700535031622,-42.8293157127626,2,29,29,0.7186706379773955,0.7186706379773955
Agglomerative-ward,24903,-22.91166963475216,-42.80609731472158,6,29,29,2.746880478013217,2.746880478013217
Agglomerative-ward,24904,-22.910596890425232,-42.81704615497582,3,29,29,1.824167793535378,1.824167793535378
Agglomerative-ward,24905,-22.934535219557365,-42.911752855372335,6,9,9,0.7983031539640031,0.7983031539640031
Agglomerative-ward,24910,-22.895953023136546,-42.84243328776303,1,29,29,2.9930333495982375,2.9930333495982375
Agglomerative-ward,24912,-22.911125479829508,-42.83377563947568,6,29,29,1.1052269242454316,1.1052269242454316
Agglomerative-ward,24913,-22.91428296653683,-42.83456332388645,6,29,29,0.8035242800714226,0.8035242800714226
Agglomerative-ward,24914,-22.92345398569025,-42.85760247749489,7,29,29,2.736699833538947,2.736699833538947
Agglomerative-ward,24915,-22.955984494690547,-42.80761537855785,3,29,29,4.594922403142545,4.594922403142545
Agglomerative-ward,24916,-22.94457633335577,-42.82844129113664,2,29,29,2.663716099115792,2.663716099115792
Agglomerative-ward,24921,-22.95260981760148,-42.808872638137295,1,29,29,4.208559699825089,4.208559699825089
Agglomerative-ward,24922,-22.94856570290517,-42.70343236618995,2,54,54,0.0,0.0
Agglomerative-ward,24930,-22.92610775291927,-42.89850356371279,4,9,9,0.8530442885370858,0.8530442885370858
Agglomerative-ward,24931,-22.93464894999394,-42.88228044187334,9,9,9,2.376320300124211,2.376320300124211
Agglomerative-ward,24933,-22.9565929719624,-42.88349437707549,8,9,9,3.6234531233901413,3.6234531233901413
Agglomerative-ward,24934,-22.946221164792775,-42.88645951724069,3,9,9,2.5670696098184727,2.5670696098184727
Agglomerative-ward,24935,-22.95097062040013,-42.94683341061871,6,62,62,1.8021256550679843,1.8021256550679843
Agglomerative-ward,24936,-22.954278207609654,-42.96711894755224,16,62,62,0.31598517932783377,0.31598517932783377
Agglomerative-ward,24937,-22.95115200845083,-42.99376127553226,2,62,62,3.0283930213251473,3.0283930213251473
Agglomerative-ward,24940,-22.92600502136488,-42.940013982950965,2,9,9,3.6145315445335804,3.6145315445335804
Agglomerative-ward,24941,-22.9132211037494,-42.83795907003351,2,29,29,1.0958473957860324,1.0958473957860324
Agglomerative-ward,24942,-22.93102569180272,-42.92272114486791,5,9,9,1.8043896727055377,1.8043896727055377
Agglomerative-ward,24943,-22.909483056983007,-42.92582680004856,5,9,9,3.1807081761653233,3.1807081761653233
Agglomerative-ward,24944,-22.895520218492944,-42.93694066986552,5,9,9,5.100202209430759,5.100202209430759
Agglomerative-ward,25010,-22.79046925687479,-43.31481452785819,3,22,22,2.4837556485974384,2.4837556485974384
Agglomerative-ward,25015,-22.780222493712092,-43.31660541678868,9,22,22,1.7958159745462559,1.7958159745462559
Agglomerative-ward,25020,-22.778944166984587,-43.30862350738487,5,22,22,1.0736006993513199,1.0736006993513199
Agglomerative-ward,25025,-22.78456265700059,-43.3231360919681,5,22,22,2.6199389626351954,2.6199389626351954
Agglomerative-ward,25030,-22.7735214191938,-43.311396817507145,1,22,22,1.0097997731431494,1.0097997731431494
Agglomerative-ward,25035,-22.755338688692213,-43.308531682770784,14,34,22,1.9425237897130072,2.750395457084503
Agglomerative-ward,25036,-22.749595823587462,-43.316204756652816,4,34,34,1.7953181636044313,1.7953181636044313
Agglomerative-ward,25040,-22.74090063654044,-43.31546716030017,9,34,34,1.086471757610842,1.086471757610842
Agglomerative-ward,25041,-22.73578083363829,-43.31812761723224,4,34,34,0.6100021764544536,0.6100021764544536
Agglomerative-ward,25042,-22.73591992474976,-43.3119360459995,1,34,34,1.2439132254935619,1.2439132254935619
Agglomerative-ward,25045,-22.722818281793867,-43.3139157796674,6,34,34,1.7203522928176331,1.7203522928176331
Agglomerative-ward,25046,-22.72351123290818,-43.32148642883789,6,34,34,1.3210052052019854,1.3210052052019854
Agglomerative-ward,25050,-22.753304486524154,-43.29699642294105,3,22,22,2.0979317074914468,2.0979317074914468
Agglomerative-ward,25051,-22.761267896992525,-43.29298558604593,2,22,22,1.4637991565314674,1.4637991565314674
Agglomerative-ward,25055,-22.75739662652191,-43.28166913009442,4,22,22,2.599228716693354,2.599228716693354
Agglomerative-ward,25060,-22.76405759011258,-43.30041310063685,12,22,22,0.8558185550010927,0.8558185550010927
Agglomerative-ward,25065,-22.7574077930847,-43.28687072573676,9,22,22,2.1998537356148335,2.1998537356148335
Agglomerative-ward,25070,-22.78016279197431,-43.30430364671711,15,22,22,0.9815149147971446,0.9815149147971446
Agglomerative-ward,25071,-22.78540692093292,-43.301837011358415,2,22,22,1.5293307390516462,1.5293307390516462
Agglomerative-ward,25075,-22.77412502707916,-43.29092658055662,3,22,22,1.144044453877223,1.144044453877223
Agglomerative-ward,25080,-22.759685746162333,-43.29297061113347,3,22,22,1.6070983848586609,1.6070983848586609
Agglomerative-ward,25085,-22.79583417251553,-43.291526151554045,1,22,22,2.8861491732804283,2.8861491732804283
Agglomerative-ward,25086,-22.754121943948885,-43.28647151207924,2,22,22,2.5014167283828077,2.5014167283828077
Agglomerative-ward,25211,-22.67066808633434,-43.26255563331919,3,7,7,1.2506264484213538,1.2506264484213538
Agglomerative-ward,25212,-22.676473601000435,-43.25702002542332,9,7,7,1.9921121269472941,1.9921121269472941
Agglomerative-ward,25213,-22.6749107167218,-43.27620037015547,8,7,7,0.6961060065772969,0.6961060065772969
Agglomerative-ward,25214,-22.689731933072384,-43.26636955304457,6,7,7,2.472011582322852,2.472011582322852
Agglomerative-ward,25215,-22.682590790490558,-43.27404135699872,4,7,7,1.5309696293698312,1.5309696293698312
Agglomerative-ward,25220,-22.685430142678285,-43.24665539237965,4,7,7,3.4081490843844526,3.4081490843844526
Agglomerative-ward,25223,-22.683322481003053,-43.25395359470418,2,7,7,2.659945703720302,2.659945703720302
Agglomerative-ward,25225,-22.696323342560508,-43.271184575072574,3,7,7,3.0767548497933177,3.0767548497933177
Agglomerative-ward,25230,-22.689741624685315,-43.2826886930124,1,7,7,2.469429143825842,2.469429143825842
Agglomerative-ward,25231,-22.683563816603137,-43.29906896652288,1,7,7,2.9993469947545606,2.9993469947545606
Agglomerative-ward,25233,-22.70350739511343,-43.29957916081139,4,7,34,4.321748749600135,4.630815277419574
Agglomerative-ward,25235,-22.70286437220505,-43.31600017753463,3,7,34,3.6840806205203784,5.690117912728164
Agglomerative-ward,25237,-22.753574853365865,-43.305893071458286,1,34,22,2.054478769980159,2.767049523774952
Agglomerative-ward,25240,-22.645633194906285,-43.28709135535513,9,7,7,2.8813205927868526,2.8813205927868526
Agglomerative-ward,25241,-22.571208,-43.31268449999998,1,44,44,3.7298301050495635,3.7298301050495635
Agglomerative-ward,25243,-22.659524930411084,-43.296332311051046,2,7,7,2.4601233965666602,2.4601233965666602
Agglomerative-ward,25245,-22.59128608480469,-43.312298090959736,4,44,44,1.7695933504633765,1.7695933504633765
Agglomerative-ward,25250,-22.60728606434383,-43.29857473776487,13,44,44,0.5353926773010035,0.5353926773010035
Agglomerative-ward,25251,-22.65410603965445,-43.27799273062863,3,7,7,1.6744044802564053,1.6744044802564053
Agglomerative-ward,25253,-22.612060153892077,-43.28185276890751,2,44,44,2.1623732913226674,2.1623732913226674
Agglomerative-ward,25255,-22.644539050348147,-43.27860193918141,9,7,7,2.7325307349830217,2.7325307349830217
Agglomerative-ward,25260,-22.65362737697551,-43.27588967098969,3,7,7,1.6959462242604997,1.6959462242604997
Agglomerative-ward,25261,-22.64530376193324,-43.26203372616665,6,7,7,2.9158188008583044,2.9158188008583044
Agglomerative-ward,25264,-22.64520106741496,-43.23736687845677,4,59,59,0.9600687861579682,0.9600687861579682
Agglomerative-ward,25265,-22.649550626444302,-43.23034128992175,1,59,59,1.1537502590499298,1.1537502590499298
Agglomerative-ward,25266,-22.63876728053192,-43.2218184372897,4,59,59,0.9088429266094591,0.9088429266094591
Agglomerative-ward,25267,-22.63517083859032,-43.24735328154284,2,59,59,1.7699384400189875,1.7699384400189875
Agglomerative-ward,25268,-22.652696249418973,-43.2761256498613,5,7,7,1.8011459243232404,1.8011459243232404
Agglomerative-ward,25270,-22.623874594466177,-43.23981472381287,1,59,59,1.9437736415879394,1.9437736415879394
Agglomerative-ward,25271,-22.63746113941411,-43.22617580587021,5,59,59,0.49855018045026595,0.49855018045026595
Agglomerative-ward,25272,-22.62425914893622,-43.21652128956865,1,26,59,2.2042845945769387,3.7917474153715736
Agglomerative-ward,25275,-22.63887775891837,-43.22692540844416,3,59,59,0.3850337406146501,0.3850337406146501
Agglomerative-ward,25510,-22.790646777654263,-43.375643445446975,14,33,33,1.079690636737492,1.079690636737492
Agglomerative-ward,25515,-22.79765605749528,-43.364274956523175,15,33,33,0.9746497425739553,0.9746497425739553
Agglomerative-ward,25520,-22.803670156230325,-43.3754619382363,14,33,33,0.44673142331417026,0.44673142331417026
Agglomerative-ward,25525,-22.79612913604517,-43.38275185182584,9,33,33,1.0573907769908908,1.0573907769908908
Agglomerative-ward,25530,-22.80597341277987,-43.3903648173854,2,8,33,1.8567083263673896,3.374260350794582
Agglomerative-ward,25535,-22.791159022004333,-43.40261092456814,1,36,36,1.977475992305498,1.977475992305498
Agglomerative-ward,25540,-22.784015528679777,-43.39703232529075,5,36,36,2.7590200662308195,2.7590200662308195
Agglomerative-ward,25545,-22.788068271999396,-43.38724739844827,4,33,33,1.9534637314588885,1.9534637314588885
Agglomerative-ward,25550,-22.77519333195786,-43.382929842060825,10,21,21,2.403292361750651,2.403292361750651
Agglomerative-ward,25555,-22.78130043658109,-43.37040843885934,9,21,21,1.208002190853521,1.208002190853521
Agglomerative-ward,25560,-22.770034075258486,-43.36986192895572,4,21,21,1.310724221647445,1.310724221647445
Agglomerative-ward,25561,-22.77327727501097,-43.36365900401443,4,21,21,0.591329410066048,0.591329410066048
Agglomerative-ward,25565,-22.78315358395092,-43.35979003562612,5,21,21,0.6811501083784703,0.6811501083784703
Agglomerative-ward,25570,-22.767755472400367,-43.351648773854414,5,21,21,1.3130020739503576,1.3130020739503576
Agglomerative-ward,25571,-22.764428655824528,-43.34634958376359,4,21,21,1.949880806227784,1.949880806227784
Agglomerative-ward,25575,-22.770524738786182,-43.34087058368249,2,21,21,2.0494946461675947,2.0494946461675947
Agglomerative-ward,25576,-22.778287142653923,-43.35224410736812,3,21,21,0.7643145640416157,0.7643145640416157
Agglomerative-ward,25580,-22.78335138297888,-43.34124145850288,3,21,21,2.0065391631474108,2.0065391631474108
Agglomerative-ward,25581,-22.788457368960326,-43.34709777532829,2,21,21,1.8028219094248568,1.8028219094248568
Agglomerative-ward,25585,-22.79367354642019,-43.33816809639405,9,21,21,2.8705644401903094,2.8705644401903094
Agglomerative-ward,25610,-22.50218363248224,-43.16843451995522,4,1,1,1.941661044273265,1.941661044273265
Agglomerative-ward,25615,-22.496114223843747,-43.15620443994322,9,1,1,3.3651745961708563,3.3651745961708563
Agglomerative-ward,25620,-22.510230788197468,-43.17544387445511,14,1,1,1.0656194569286705,1.0656194569286705
Agglomerative-ward,25625,-22.515824878742336,-43.17136715693798,3,1,1,1.6525222966928161,1.6525222966928161
Agglomerative-ward,25630,-22.52424789468128,-43.161617138310994,3,1,1,2.992669589189798,2.992669589189798
Agglomerative-ward,25635,-22.529027105018844,-43.17661101657757,13,1,1,2.398897329360412,2.398897329360412
Agglomerative-ward,25640,-22.52279907282805,-43.183566224490704,7,1,1,1.53146512432056,1.53146512432056
Agglomerative-ward,25645,-22.54079651100627,-43.20123507158808,6,1,1,3.8589214934392193,3.8589214934392193
Agglomerative-ward,25650,-22.531038247576937,-43.212309414991445,10,1,1,3.653743955856624,3.653743955856624
Agglomerative-ward,25651,-22.524744277401208,-43.21160357990256,10,1,1,3.1696929971249763,3.1696929971249763
Agglomerative-ward,25655,-22.52044984882392,-43.19101234595281,20,1,1,1.3650491250629906,1.3650491250629906
Agglomerative-ward,25660,-22.512038240121388,-43.20472585759976,8,1,1,1.9746289154345735,1.9746289154345735
Agglomerative-ward,25665,-22.509186267903694,-43.219827486060126,16,1,1,3.500121732261835,3.500121732261835
Agglomerative-ward,25670,-22.489507019910214,-43.210414436144696,1,1,1,3.346789028586927,3.346789028586927
Agglomerative-ward,25675,-22.49698456394848,-43.20060728812907,6,1,1,2.040995349323007,2.040995349323007
Agglomerative-ward,25680,-22.48963724197897,-43.18376265001703,12,1,1,2.1821662982243466,2.1821662982243466
Agglomerative-ward,25685,-22.50813163708028,-43.18141468751699,9,1,1,0.4606594752997384,0.4606594752997384
Agglomerative-ward,25710,-22.475562635890437,-43.148370152985294,16,1,1,5.35917057303148,5.35917057303148
Agglomerative-ward,25715,-22.47150966453406,-43.1620277638875,6,1,1,4.845975356970814,4.845975356970814
Agglomerative-ward,25720,-22.43222926280023,-43.14086038411682,15,11,11,3.728618792889547,3.728618792889547
Agglomerative-ward,25725,-22.427894024726776,-43.20138979903541,3,11,11,7.569336436639607,7.569336436639607
Agglomerative-ward,25730,-22.408608081087024,-43.13140914649253,18,11,11,1.0971567416190913,1.0971567416190913
Agglomerative-ward,25740,-22.374645351841945,-43.12909370218015,4,11,11,2.7885127592383676,2.7885127592383676
Agglomerative-ward,25745,-22.3915193770552,-43.10829358749547,6,11,11,2.837767291627342,2.837767291627342
Agglomerative-ward,25750,-22.33852928975817,-43.12899883949998,10,11,11,6.770693695363883,6.770693695363883
Agglomerative-ward,25770,-22.26889273967007,-43.07681259121553,5,50,50,0.0,0.0
Agglomerative-ward,25900,-22.651419516496585,-43.06655787630402,18,40,40,1.2639604575704895,1.2639604575704895
Agglomerative-ward,25901,-22.648338600540264,-43.0583437917855,9,40,40,0.35942630169701273,0.35942630169701273
Agglomerative-ward,25902,-22.65954574226225,-43.116827376350194,1,18,18,3.4212818057727667,3.4212818057727667
Agglomerative-ward,25903,-22.641865834980965,-43.07245208309176,3,40,40,1.8222358654369002,1.8222358654369002
Agglomerative-ward,25904,-22.65181465633809,-43.05361261025339,1,40,40,0.6155081619491793,0.6155081619491793
Agglomerative-ward,25905,-22.661390928999936,-43.03525083599993,2,40,40,2.648777227114074,2.648777227114074
Agglomerative-ward,25907,-22.63855440197675,-43.16000184562523,1,26,26,3.0737822973467837,3.0737822973467837
Agglomerative-ward,25908,-22.65815606716074,-43.11902674370239,2,18,18,3.372619417478407,3.372619417478407
Agglomerative-ward,25911,-22.55907208815268,-43.044923138517305,4,58,58,1.9534886826311226,1.9534886826311226
Agglomerative-ward,25912,-22.57019403842886,-43.058745435694526,1,58,58,0.4756114210478359,0.4756114210478359
Agglomerative-ward,25914,-22.59381281247852,-43.06930284283151,3,58,58,2.6514922613646594,2.6514922613646594
Agglomerative-ward,25921,-22.6525357703222,-43.12650100805483,1,18,18,3.46138788594982,3.46138788594982
Agglomerative-ward,25922,-22.66003863059351,-43.1347885471764,6,18,18,2.3745857301923845,2.3745857301923845
Agglomerative-ward,25925,-22.69368277179141,-43.10979273572445,2,18,18,3.535106985808919,3.535106985808919
Agglomerative-ward,25926,-22.70142395223432,-43.15952521180791,9,18,18,2.9870604545367003,2.9870604545367003
Agglomerative-ward,25928,-22.63601681822644,-43.02534331618508,1,40,40,3.3022823301131683,3.3022823301131683
Agglomerative-ward,25930,-22.68358467046409,-43.160534715770886,1,18,18,2.0139195857394956,2.0139195857394956
Agglomerative-ward,25931,-22.615268497162027,-43.171211569125255,12,26,26,0.9740606328808205,0.9740606328808205
Agglomerative-ward,25932,-22.606414625881992,-43.16479917404288,1,26,26,2.046848939571315,2.046848939571315
Agglomerative-ward,25933,-22.589725437213616,-43.18381309691644,4,26,26,3.1802126822588446,3.1802126822588446
Agglomerative-ward,25935,-22.615933155012947,-43.17975719830376,15,26,26,0.24796430009143522,0.24796430009143522
Agglomerative-ward,25936,-22.62086490867415,-43.19203787685941,2,26,26,1.2544482050397605,1.2544482050397605
Agglomerative-ward,25937,-22.64373828349399,-43.182944105487344,2,26,26,2.8617623270624994,2.8617623270624994
Agglomerative-ward,25938,-22.6545713161462,-43.20333179891331,3,26,59,3.2857434120010547,4.697427560123933
Agglomerative-ward,25940,-22.617931893774944,-43.00412879602773,4,40,40,6.151837255478808,6.151837255478808
Agglomerative-ward,25943,-22.55101493109428,-42.98442049906716,3,67,67,2.3719374407124385,2.3719374407124385
Agglomerative-ward,25945,-22.528934117386,-42.98544280263765,1,67,67,0.7114928696590731,0.7114928696590731
Agglomerative-ward,25946,-22.527718078493137,-42.97826627951071,11,67,67,0.29597447075553157,0.29597447075553157
Agglomerative-ward,25949,-22.51454665728784,-42.96902750677734,2,67,67,2.0181511381086428,2.0181511381086428
Agglomerative-ward,26010,-22.7551063244127,-43.42858334530357,13,30,30,1.6941408730344953,1.6941408730344953
Agglomerative-ward,26011,-22.748785105742307,-43.43168107136049,9,30,30,1.4348523648324825,1.4348523648324825
Agglomerative-ward,26012,-22.739120145317514,-43.438923776976765,9,30,30,1.6540262315858265,1.6540262315858265
Agglomerative-ward,26013,-22.745675146224823,-43.44388802788447,13,30,30,0.813114453507945,0.813114453507945
Agglomerative-ward,26015,-22.74498697417717,-43.43911485622618,7,30,30,1.0653583103612136,1.0653583103612136
Agglomerative-ward,26020,-22.73307786504663,-43.4496138786291,14,30,30,2.2583299845433467,2.2583299845433467
Agglomerative-ward,26021,-22.7265203412345,-43.43963538573774,5,30,4,2.287475527144368,2.9857931459939446
Agglomerative-ward,26022,-22.73223237271496,-43.460676715526674,10,4,4,2.5867948496687174,2.5867948496687174
Agglomerative-ward,26023,-22.71845447873864,-43.45333006616676,1,4,4,0.9332587785803004,0.9332587785803004
Agglomerative-ward,26030,-22.72927766291159,-43.46322545433846,9,4,4,2.3788089373421983,2.3788089373421983
Agglomerative-ward,26031,-22.733144913944965,-43.47564299726109,4,61,61,1.8934203807498757,1.8934203807498757
Agglomerative-ward,26032,-22.73116848461293,-43.4796971945155,5,61,61,2.0853285942353095,2.0853285942353095
Agglomerative-ward,26033,-22.722956089481777,-43.4618987093067,1,4,4,1.6980449337918686,1.6980449337918686
Agglomerative-ward,26035,-22.72277955303024,-43.46645519648206,1,4,4,1.974077039690783,1.974077039690783
Agglomerative-ward,26040,-22.715476981048564,-43.45497446506072,5,4,4,0.6341121687515552,0.6341121687515552
Agglomerative-ward,26041,-22.709788663568432,-43.465657949741065,9,4,4,1.2965446876902618,1.2965446876902618
Agglomerative-ward,26042,-22.708401272321503,-43.47914027612773,1,4,4,2.6855200127780687,2.6855200127780687
Agglomerative-ward,26050,-22.692333946397017,-43.4678329284204,4,4,4,2.4892361317970897,2.4892361317970897
Agglomerative-ward,26051,-22.69370930904985,-43.45569367309577,6,4,4,1.8393592558256073,1.8393592558256073
Agglomerative-ward,26052,-22.682661738953115,-43.44763426447411,7,4,4,3.096962468280247,3.096962468280247
Agglomerative-ward,26053,-22.676424784708487,-43.46514837118791,2,4,4,3.94221608991951,3.94221608991951
Agglomerative-ward,26060,-22.70596026208645,-43.44426093479684,6,4,4,1.0079556721464265,1.0079556721464265
Agglomerative-ward,26062,-22.6632991804878,-43.42190649887993,1,4,4,6.101852971902346,6.101852971902346
Agglomerative-ward,26063,-22.71869874105048,-43.47704074319361,1,4,4,2.64406623484521,2.64406623484521
Agglomerative-ward,26070,-22.712261582859316,-43.43397796646818,18,4,4,1.968549276113978,1.968549276113978
Agglomerative-ward,26080,-22.72546659818089,-43.5110829974867,5,6,6,2.2023918272757834,2.2023918272757834
Agglomerative-ward,26082,-22.73084992306352,-43.501629004388285,1,6,6,2.2797892885067697,2.2797892885067697
Agglomerative-ward,26083,-22.73962521457062,-43.51130348349012,6,6,6,0.900001726999859,0.900001726999859
Agglomerative-ward,26084,-22.7288301166658,-43.51662859381047,3,6,6,1.6986193268569059,1.6986193268569059
Agglomerative-ward,26085,-22.7378823853966,-43.540626520424674,2,6,6,2.3491367983192952,2.3491367983192952
Agglomerative-ward,26086,-22.727495091333505,-43.52334987524174,5,6,6,1.8948545551548248,1.8948545551548248
Agglomerative-ward,26087,-22.716288877191023,-43.51530571258531,14,6,6,3.0994236641843584,3.0994236641843584
Agglomerative-ward,26088,-22.709994584521123,-43.52081425760519,5,6,6,3.78598148085536,3.78598148085536
Agglomerative-ward,26110,-22.755672493046596,-43.36930490702333,3,21,21,2.5760515758203346,2.5760515758203346
Agglomerative-ward,26112,-22.748890763540413,-43.40218859295182,6,15,15,0.9580880288410117,0.9580880288410117
Agglomerative-ward,26113,-22.75249988943649,-43.39489689201624,4,15,15,1.2032240727013852,1.2032240727013852
Agglomerative-ward,26115,-22.74102601762666,-43.39058910287586,7,15,15,0.6469080721646912,0.6469080721646912
Agglomerative-ward,26116,-22.744030405639823,-43.38686162276392,3,15,15,1.0518813886629064,1.0518813886629064
Agglomerative-ward,26120,-22.74095127698239,-43.407375755677286,3,15,15,1.0851383400020709,1.0851383400020709
Agglomerative-ward,26123,-22.73755924382916,-43.40715915370587,3,15,15,1.160102141575804,1.160102141575804
Agglomerative-ward,26125,-22.733091514554367,-43.40118902114117,2,15,15,1.0690727667623536,1.0690727667623536
Agglomerative-ward,26130,-22.76452043290213,-43.40324268558952,13,15,15,2.607377677175443,2.607377677175443
Agglomerative-ward,26135,-22.748837947683032,-43.4110954882984,3,15,15,1.6569592707756164,1.6569592707756164
Agglomerative-ward,26140,-22.738645489116468,-43.41773917384008,6,15,15,2.172558800867397,2.172558800867397
Agglomerative-ward,26143,-22.72777921195433,-43.41907983538552,1,15,15,2.7647511392014943,2.7647511392014943
Agglomerative-ward,26155,-22.72149589575073,-43.40236747175682,2,15,15,2.330891895853169,2.330891895853169
Agglomerative-ward,26160,-22.73036490590292,-43.39084713564882,5,15,15,1.4149436979891532,1.4149436979891532
Agglomerative-ward,26163,-22.71802861019754,-43.38866458565219,1,15,15,2.7759361421135886,2.7759361421135886
Agglomerative-ward,26165,-22.73004862963322,-43.38401397146633,6,15,15,1.8560723512655906,1.8560723512655906
Agglomerative-ward,26167,-22.73381526820578,-43.37869831571142,3,15,15,2.0625573617196125,2.0625573617196125
Agglomerative-ward,26170,-22.735308724256505,-43.3689986253974,1,15,15,2.9455055899799096,2.9455055899799096
Agglomerative-ward,26172,-22.727797274174065,-43.36988532052452,1,15,15,3.1739637359647572,3.1739637359647572
Agglomerative-ward,26173,-22.7293974724831,-43.35646929692585,3,34,34,3.387253946445823,3.387253946445823
Agglomerative-ward,26175,-22.723712605507256,-43.34218222243037,4,34,34,2.254408786041204,2.254408786041204
Agglomerative-ward,26178,-22.71708005610544,-43.37621943740937,4,15,15,3.470438076477347,3.470438076477347
Agglomerative-ward,26180,-22.709309871783464,-43.340396840703605,1,34,34,3.327945228547263,3.327945228547263
Agglomerative-ward,26183,-22.71884157108849,-43.3359503631358,8,34,34,2.1872032086212165,2.1872032086212165
Agglomerative-ward,26185,-22.71230675457505,-43.3346366040831,3,34,34,2.7635458896774994,2.7635458896774994
Agglomerative-ward,26187,-22.731683227835816,-43.34902267341827,3,34,34,2.591385086120834,2.591385086120834
Agglomerative-ward,26190,-22.738054149192973,-43.33784294353118,1,34,34,1.4520722505324157,1.4520722505324157
Agglomerative-ward,26193,-22.74371498675422,-43.34181565153629,3,34,34,2.0566885337982614,2.0566885337982614
Agglomerative-ward,26196,-22.74788950490292,-43.365239469417695,1,21,21,3.29206857990423,3.29206857990423
Agglomerative-ward,26210,-22.75587652233678,-43.45011309119682,13,30,30,0.6243296042203396,0.6243296042203396
Agglomerative-ward,26215,-22.749383783452853,-43.44373182064543,12,30,30,0.4124877816302904,0.4124877816302904
Agglomerative-ward,26216,-22.751111606071024,-43.46011896476947,3,30,30,1.5700396956480023,1.5700396956480023
Agglomerative-ward,26220,-22.7584056941374,-43.442957719272016,12,30,30,0.6423898647834649,0.6423898647834649
Agglomerative-ward,26221,-22.761895289271685,-43.44132518888005,6,30,30,1.0640350367917455,1.0640350367917455
Agglomerative-ward,26225,-22.764974904450163,-43.43867207315254,6,30,30,1.4859445074473303,1.4859445074473303
Agglomerative-ward,26230,-22.754343447271268,-43.42874379900237,1,30,30,1.6677071469980087,1.6677071469980087
Agglomerative-ward,26250,-22.76580597634655,-43.44413388623215,6,30,30,1.4347973530018483,1.4347973530018483
Agglomerative-ward,26255,-22.760838936119494,-43.45665101381061,33,30,30,1.4892963358386162,1.4892963358386162
Agglomerative-ward,26256,-22.75641397681851,-43.468057858785166,1,61,61,1.325575092858717,1.325575092858717
Agglomerative-ward,26260,-22.757514514925703,-43.47418414534944,1,61,61,0.9738149752299857,0.9738149752299857
Agglomerative-ward,26261,-22.75945387444939,-43.48287991446073,10,61,61,1.13763458139285,1.13763458139285
Agglomerative-ward,26262,-22.75865949445597,-43.46865496838731,4,61,61,1.431260408950361,1.431260408950361
Agglomerative-ward,26263,-22.7511163216362,-43.4803664070067,9,61,61,0.20247377265534527,0.20247377265534527
Agglomerative-ward,26265,-22.76240169452735,-43.49189992116156,8,61,61,1.926095017774369,1.926095017774369
Agglomerative-ward,26266,-22.76149082223366,-43.49983733727016,1,6,61,2.5045373533738764,2.7437636092011246
Agglomerative-ward,26270,-22.771786935706576,-43.513737001536,2,6,6,3.1328103427825047,3.1328103427825047
Agglomerative-ward,26271,-22.76538805577464,-43.513740263369385,3,6,6,2.4333986892447794,2.4333986892447794
Agglomerative-ward,26272,-22.761268184110865,-43.504602353534416,2,6,6,2.4044537355029303,2.4044537355029303
Agglomerative-ward,26275,-22.758522248481707,-43.5081270171475,3,6,6,1.9460464820204455,1.9460464820204455
Agglomerative-ward,26276,-22.747655366540023,-43.50045199921573,8,6,6,1.9148905845249418,1.9148905845249418
Agglomerative-ward,26277,-22.75365868027963,-43.50568209999401,7,6,6,1.7139853882534077,1.7139853882534077
Agglomerative-ward,26278,-22.750950306589704,-43.5104936361956,3,6,6,1.1433132938830681,1.1433132938830681
Agglomerative-ward,26279,-22.746340793942444,-43.51599943467023,3,6,6,0.3808205997116432,0.3808205997116432
Agglomerative-ward,26280,-22.74345546985677,-43.48205928698698,5,61,61,0.7876215947175008,0.7876215947175008
Agglomerative-ward,26281,-22.739051517422563,-43.47469667232987,4,61,61,1.2814284711928894,1.2814284711928894
Agglomerative-ward,26282,-22.743267765418626,-43.47080427462203,2,61,61,1.1102116258481927,1.1102116258481927
Agglomerative-ward,26285,-22.749261034645645,-43.457434797409576,10,30,30,1.344968068214543,1.344968068214543
Agglomerative-ward,26286,-22.74919369674164,-43.469546131254496,8,61,61,0.9614222270188457,0.9614222270188457
Agglomerative-ward,26290,-22.7692389862532,-43.52530849381608,12,6,6,2.888630335762621,2.888630335762621
Agglomerative-ward,26291,-22.775922205954583,-43.53552518598715,4,6,6,3.9481267614168973,3.9481267614168973
Agglomerative-ward,26292,-22.765111723156878,-43.559026201122336,6,6,6,4.756011753846912,4.756011753846912
Agglomerative-ward,26293,-22.79249083598364,-43.57524682495404,1,57,57,2.4312243195971623,2.4312243195971623
Agglomerative-ward,26296,-22.80012558975328,-43.59358340822262,3,57,57,1.4475256656060596,1.4475256656060596
Agglomerative-ward,26297,-22.81315246690653,-43.58884053145267,3,57,57,0.27045002313564487,0.27045002313564487
Agglomerative-ward,26298,-22.821289601573383,-43.58391704635197,5,57,57,1.1221782221957506,1.1221782221957506
Agglomerative-ward,26299,-22.84103615023977,-43.61515804577371,1,3,57,4.377350956929283,7.891911895966537
Agglomerative-ward,26310,-22.71769036507631,-43.56406590011273,9,43,43,0.4083996285928454,0.4083996285928454
Agglomerative-ward,26311,-22.7230667989856,-43.577531170720725,2,43,43,1.6702622468067418,1.6702622468067418
Agglomerative-ward,26313,-22.72398694854633,-43.56859220120247,4,43,43,1.182394690209895,1.182394690209895
Agglomerative-ward,26315,-22.726749869469312,-43.58842644869943,2,43,43,2.830578027412645,2.830578027412645
Agglomerative-ward,26316,-22.691702991594585,-43.594666387857934,1,49,49,1.9089211118302265,1.9089211118302265
Agglomerative-ward,26320,-22.70950681506173,-43.580279131181264,3,43,43,1.6938080411634393,1.6938080411634393
Agglomerative-ward,26321,-22.7081915940706,-43.57351771589113,2,43,43,1.12955484434283,1.12955484434283
Agglomerative-ward,26323,-22.721880392950524,-43.56120106689918,6,43,43,0.9356137586529103,0.9356137586529103
Agglomerative-ward,26325,-22.720466020617074,-43.55679725976077,3,43,43,1.0662813485932947,1.0662813485932947
Agglomerative-ward,26330,-22.73569440043516,-43.542197211853576,2,6,6,2.580397139103118,2.580397139103118
Agglomerative-ward,26380,-22.707476317323948,-43.55071081533383,1,43,43,1.5929709198286297,1.5929709198286297
Agglomerative-ward,26381,-22.6969098294197,-43.55741624112584,3,43,43,2.039304800840907,2.039304800840907
Agglomerative-ward,26382,-22.692331349282565,-43.531816681604255,1,6,43,4.132485097847283,5.899346631170687
Agglomerative-ward,26383,-22.707869677714925,-43.561315648938425,8,43,43,0.7606186336598708,0.7606186336598708
Agglomerative-ward,26385,-22.705743887793957,-43.55656212344719,6,43,43,1.2314770033113025,1.2314770033113025
Agglomerative-ward,26413,-22.696333434498968,-43.626641384369336,1,49,49,2.8848958693531483,2.8848958693531483
Agglomerative-ward,26420,-22.68450772983073,-43.61532318330367,2,49,49,1.1455679122246252,1.1455679122246252
Agglomerative-ward,26423,-22.6809778671,-43.61135654272859,1,49,49,0.5891379575777875,0.5891379575777875
Agglomerative-ward,26425,-22.68320829858776,-43.6136513869842,1,49,49,0.9218050286228885,0.9218050286228885
Agglomerative-ward,26430,-22.68817178316981,-43.60645936527142,3,49,49,1.0916208804909846,1.0916208804909846
Agglomerative-ward,26433,-22.650250797954484,-43.65355119895557,4,27,27,4.776387221046233,4.776387221046233
Agglomerative-ward,26435,-22.648997352455527,-43.65813095170957,4,27,27,4.322184253588063,4.322184253588063
Agglomerative-ward,26440,-22.6438955448154,-43.64300824279504,4,27,27,5.345896058296031,5.345896058296031
Agglomerative-ward,26443,-22.644806809224903,-43.65794599414254,2,27,27,4.0553811089775635,4.0553811089775635
Agglomerative-ward,26445,-22.674494004101163,-43.60813218912923,3,49,49,0.46594639667965615,0.46594639667965615
Agglomerative-ward,26450,-22.663207630218253,-43.610776285393406,1,49,49,1.7440038741168584,1.7440038741168584
Agglomerative-ward,26453,-22.66951051838989,-43.61452547990683,3,49,49,1.291445178169615,1.291445178169615
Agglomerative-ward,26455,-22.67373240752545,-43.59804565833488,1,49,49,0.9965804850764076,0.9965804850764076
Agglomerative-ward,26460,-22.67164263350668,-43.59088177051566,2,49,49,1.755401893024153,1.755401893024153
Agglomerative-ward,26470,-22.679545467450534,-43.593041196799824,1,49,49,1.3736171476769794,1.3736171476769794
Agglomerative-ward,26480,-22.667916878063743,-43.58577332849087,1,49,49,2.4107719455499153,2.4107719455499153
Agglomerative-ward,26510,-22.81662825484205,-43.41632496803764,21,8,36,2.568310809961546,2.722489251560491
Agglomerative-ward,26515,-22.82027720659127,-43.42270906150816,3,8,36,2.9175827588529577,2.939359263568945
Agglomerative-ward,26520,-22.81249234447968,-43.42909625891298,17,36,36,2.187631692412019,2.187631692412019
Agglomerative-ward,26521,-22.809500731742084,-43.43250149322672,6,36,36,2.04640524807173,2.04640524807173
Agglomerative-ward,26525,-22.805706631753832,-43.42307905240664,20,36,36,1.303695347983345,1.303695347983345
Agglomerative-ward,26526,-22.804257068335087,-43.42109060717076,2,36,36,1.1355895691249993,1.1355895691249993
Agglomerative-ward,26530,-22.80164222999227,-43.41601787718497,8,36,36,1.0217000861316747,1.0217000861316747
Agglomerative-ward,26535,-22.799760130437143,-43.41047447797409,10,36,36,1.3087833917412104,1.3087833917412104
Agglomerative-ward,26540,-22.80794794860136,-43.40773098670876,7,8,36,2.1022495554089384,3.162033577455405
Agglomerative-ward,26545,-22.81382105979965,-43.40235279737406,9,8,8,2.405393257374045,2.405393257374045
Agglomerative-ward,26550,-22.77075741016515,-43.4312991356195,4,30,30,2.426329949680681,2.426329949680681
Agglomerative-ward,26551,-22.781707096310384,-43.42552236371597,10,36,36,1.4296910241908307,1.4296910241908307
Agglomerative-ward,26553,-22.786322478605623,-43.43138510904005,6,36,36,1.3179809400254552,1.3179809400254552
Agglomerative-ward,26554,-22.79089221312869,-43.43692215015001,4,36,36,1.605331705897067,1.605331705897067
Agglomerative-ward,26556,-22.77776602762561,-43.43662348759625,4,30,36,2.374871379417566,2.890798189855302
Agglomerative-ward,26557,-22.771105803454297,-43.43638870513932,2,30,30,2.2034800459528343,2.2034800459528343
Agglomerative-ward,26560,-22.772872235146963,-43.42497545965702,4,36,36,2.380305267429126,2.380305267429126
Agglomerative-ward,26562,-22.770064916804248,-43.422339662467735,8,36,36,2.668778419074675,2.668778419074675
Agglomerative-ward,26564,-22.77328132742342,-43.41781714536901,6,36,36,2.3432367714224753,2.3432367714224753
Agglomerative-ward,26570,-22.77814678640116,-43.4171342747468,2,36,36,1.8285488218879464,1.8285488218879464
Agglomerative-ward,26572,-22.7846703338512,-43.41150550604952,4,36,36,1.4729312295224652,1.4729312295224652
Agglomerative-ward,26574,-22.77767719983202,-43.4038669735974,4,36,36,2.5765166726007833,2.5765166726007833
Agglomerative-ward,26580,-22.78727630139065,-43.42104793086865,5,36,36,0.7564671339834985,0.7564671339834985
Agglomerative-ward,26582,-22.791786349943763,-43.41589366647349,5,36,36,0.6412074290496245,0.6412074290496245
Agglomerative-ward,26584,-22.79705192396206,-43.42658602251409,2,36,36,0.6063185695046557,0.6063185695046557
Agglomerative-ward,26585,-22.79835084305232,-43.434750437897016,3,36,36,1.4259199569425454,1.4259199569425454
Agglomerative-ward,26587,-22.80462139272945,-43.4357429099578,2,36,36,1.8624830257322669,1.8624830257322669
Agglomerative-ward,26600,-22.61483382699214,-43.705683375748585,35,27,27,1.8704731929560847,1.8704731929560847
Agglomerative-ward,28680,-22.470849051492323,-42.657121037845286,19,37,37,0.0,0.0
Agglomerative-ward,28695,-22.60367916043864,-42.74073968432629,1,55,55,0.0,0.0
Agglomerative-ward,28800,-22.711927870432564,-42.63004113951235,27,13,13,1.8838217175229461,1.8838217175229461
KMeans-weighted,20010,-22.902565933548235,-43.17859890530714,7,16,16,0.7805181900025285,0.7805181900025285
KMeans-weighted,20011,-22.904993445903926,-43.17607769647398,15,16,16,0.844942490910944,0.844942490910944
KMeans-weighted,20020,-22.90749454533334,-43.17316912947846,9,16,16,1.0871688760036482,1.0871688760036482
KMeans-weighted,20021,-22.912369544913428,-43.17350079335496,13,16,16,1.17335868210496,1.17335868210496
KMeans-weighted,20030,-22.909873939082548,-43.17365036548527,21,16,16,1.0650692587025028,1.0650692587025028
KMeans-weighted,20031,-22.909572437655488,-43.1777031129869,38,16,16,0.6559532500143419,0.6559532500143419
KMeans-weighted,20040,-22.90568600024909,-43.177156307060464,35,16,16,0.7149549410512654,0.7149549410512654
KMeans-weighted,20041,-22.90320075238725,-43.17864558233141,2,16,16,0.7268735134664809,0.7268735134664809
KMeans-weighted,20050,-22.905696239420447,-43.179258208124025,8,16,16,0.5146299780206536,0.5146299780206536
KMeans-weighted,20051,-22.90306310094257,-43.18298926875737,3,16,16,0.5233124690629389,0.5233124690629389
KMeans-weighted,20060,-22.90742646003482,-43.22111290328188,2,55,55,0.5705414677793498,0.5705414677793498
KMeans-weighted,20061,-22.905811724167148,-43.18562902375168,1,16,16,0.28374925419651853,0.28374925419651853
KMeans-weighted,20070,-22.902331574261797,-43.17927884154506,6,16,16,0.7554047914307195,0.7554047914307195
KMeans-weighted,20071,-22.902076954244112,-43.18149783382578,14,16,16,0.6688551200119179,0.6688551200119179
KMeans-weighted,20080,-22.901209379401656,-43.18495724281751,6,16,16,0.7330925677401486,0.7330925677401486
KMeans-weighted,20081,-22.897715083300223,-43.18332992060644,15,16,16,1.1126271147174813,1.1126271147174813
KMeans-weighted,20090,-22.899054123828943,-43.17942063171785,20,16,16,1.0613124194833286,1.0613124194833286
KMeans-weighted,20091,-22.900151286264816,-43.17827587439508,13,16,16,1.0123399034014628,1.0123399034014628
KMeans-weighted,20210,-22.90869650356516,-43.201016378284464,7,16,16,1.7687503591867122,1.7687503591867122
KMeans-weighted,20211,-22.91148503866567,-43.19844247973102,19,16,16,1.559203784552109,1.559203784552109
KMeans-weighted,20220,-22.899829533909223,-43.20080433539784,17,16,16,1.9516246566410747,1.9516246566410747
KMeans-weighted,20221,-22.89945802156581,-43.19708452216502,5,16,16,1.642982709636801,1.642982709636801
KMeans-weighted,20230,-22.91285701073433,-43.18834911843799,46,16,16,0.7390327761679817,0.7390327761679817
KMeans-weighted,20231,-22.91259168660638,-43.18629265033459,23,16,16,0.6004490756398412,0.6004490756398412
KMeans-weighted,20240,-22.917770340408847,-43.18905754157791,13,16,16,1.2421212412186529,1.2421212412186529
KMeans-weighted,20241,-22.92200642517056,-43.18565741850953,31,27,27,1.5521382394145902,1.5521382394145902
KMeans-weighted,20250,-22.919337655136697,-43.21247470976231,10,55,55,1.3172150906679652,1.3172150906679652
KMeans-weighted,20251,-22.922200558918448,-43.20015626664134,14,16,16,2.3255642743438556,2.3255642743438556
KMeans-weighted,20260,-22.91934258444981,-43.21542322502569,50,55,55,1.089377086817556,1.089377086817556
KMeans-weighted,20261,-22.92401542829238,-43.213547671608914,41,55,55,1.6117439715632835,1.6117439715632835
KMeans-weighted,20270,-22.916244564738715,-43.21795033526529,42,55,55,0.6640848666575722,0.6640848666575722
KMeans-weighted,20271,-22.91566933091613,-43.2252134823305,41,55,55,0.44654848470977404,0.44654848470977404
KMeans-weighted,20510,-22.930347789330725,-43.24275226487902,42,4,4,0.8612083168861417,0.8612083168861417
KMeans-weighted,20511,-22.9284131316606,-43.240538180114825,43,4,4,0.7270797646019391,0.7270797646019391
KMeans-weighted,20520,-22.926258825257275,-43.231846424609145,64,4,4,1.302520056481154,1.302520056481154
KMeans-weighted,20521,-22.927918848210943,-43.23197212177495,42,4,4,1.3585445373193126,1.3585445373193126
KMeans-weighted,20530,-22.93768625306417,-43.24886943417944,32,4,4,1.7424999342873588,1.7424999342873588
KMeans-weighted,20531,-22.958246852875916,-43.27033293203977,8,45,45,4.615468964393815,4.615468964393815
KMeans-weighted,20535,-22.877802617547648,-43.27309285397244,4,22,22,2.6871353411723167,2.6871353411723167
KMeans-weighted,20540,-22.92255591041081,-43.243901231317686,73,4,4,0.015237850547247881,0.015237850547247881
KMeans-weighted,20541,-22.92275898098941,-43.246104027508025,72,4,4,0.21998928607644852,0.21998928607644852
KMeans-weighted,20550,-22.91679214318689,-43.2315503991291,71,55,55,1.0231529146968732,1.0231529146968732
KMeans-weighted,20551,-22.91439065092508,-43.24569874883489,52,4,4,0.9391251985351506,0.9391251985351506
KMeans-weighted,20560,-22.91863600041784,-43.25724486396328,46,4,4,1.433291870166457,1.433291870166457
KMeans-weighted,20561,-22.923671061855,-43.27951061325535,28,22,22,2.666869046392492,2.666869046392492
KMeans-weighted,20710,-22.90830858763459,-43.2764243094503,10,22,22,1.1781787405856483,1.1781787405856483
KMeans-weighted,20715,-22.91224198054703,-43.26872667336991,6,22,22,2.0393353134248255,2.0393353134248255
KMeans-weighted,20720,-22.906575946931888,-43.28819167590577,50,22,22,0.8758506085903156,0.8758506085903156
KMeans-weighted,20725,-22.906412217480728,-43.28249517700716,9,22,22,0.7236122095679042,0.7236122095679042
KMeans-weighted,20730,-22.902290913852568,-43.29839517326879,13,22,22,1.5445678940994059,1.5445678940994059
KMeans-weighted,20735,-22.900247004009792,-43.28620954651436,36,22,22,0.2764282301689481,0.2764282301689481
KMeans-weighted,20740,-22.89620288125079,-43.31266061354411,11,58,58,1.9188404911957855,1.9188404911957855
KMeans-weighted,20745,-22.903600471965063,-43.306901589519335,18,22,22,2.427955377858292,2.427955377858292
KMeans-weighted,20750,-22.87518071840644,-43.30082797736797,5,58,58,2.335724938135683,2.335724938135683
KMeans-weighted,20751,-22.883894678436565,-43.30538425605098,13,58,58,1.7781598151889735,1.7781598151889735
KMeans-weighted,20755,-22.888719129958837,-43.29710870135924,8,22,22,1.8713285201225232,1.8713285201225232
KMeans-weighted,20756,-22.889303208418365,-43.30454037225461,10,58,58,2.036819370770658,2.036819370770658
KMeans-weighted,20760,-22.879177245162506,-43.28592690942743,4,22,22,2.3255742676691504,2.3255742676691504
KMeans-weighted,20761,-22.870098149013963,-43.2972179170696,1,58,58,2.8911766196395012,2.8911766196395012
KMeans-weighted,20765,-22.87067512100277,-43.28612468627153,8,35,35,2.8767426191714374,2.8767426191714374
KMeans-weighted,20766,-22.865673065092224,-43.28931782004312,5,35,35,2.8018205105785623,2.8018205105785623
KMeans-weighted,20770,-22.89263110411781,-43.28601357326318,12,22,22,0.8553421177522843,0.8553421177522843
KMeans-weighted,20771,-22.88654522617883,-43.28157899070825,31,22,22,1.5065374076392002,1.5065374076392002
KMeans-weighted,20775,-22.894787607705087,-43.27754555337602,23,22,22,0.8414618739975155,0.8414618739975155
KMeans-weighted,20780,-22.8964631877728,-43.27217170225893,32,22,22,1.2269463713954252,1.2269463713954252
KMeans-weighted,20785,-22.88659325431333,-43.26783420069855,16,22,22,2.1904463880814387,2.1904463880814387
KMeans-weighted,20910,-22.89952439510988,-43.23052438041678,11,55,55,1.6255409699884047,1.6255409699884047
KMeans-weighted,20911,-22.89314885311464,-43.242201014642525,8,55,55,2.911533967452826,2.911533967452826
KMeans-weighted,20920,-22.89524485967227,-43.231902550437,8,55,55,2.112885961745436,2.112885961745436
KMeans-weighted,20921,-22.893703236582244,-43.23151762119004,19,55,55,2.252207356868481,2.252207356868481
KMeans-weighted,20930,-22.889979653251217,-43.22883289161473,3,55,55,2.557943347527385,2.557943347527385
KMeans-weighted,20931,-22.880476502680093,-43.21772315263865,11,55,55,3.5779652163562914,3.5779652163562914
KMeans-weighted,20932,-22.85332248950828,-43.397360098269154,1,62,62,2.8903805388210437,2.8903805388210437
KMeans-weighted,20940,-22.90178148194564,-43.21920005325752,18,55,55,1.2280875188545237,1.2280875188545237
KMeans-weighted,20941,-22.90503857930972,-43.218289836880224,15,55,55,0.9324336105706559,0.9324336105706559
KMeans-weighted,20943,-22.907619844963776,-43.23590445490212,3,55,55,1.4373446587046028,1.4373446587046028
KMeans-weighted,20950,-22.90399569141674,-43.25558609559154,34,4,4,2.39503549031037,2.39503549031037
KMeans-weighted,20960,-22.899105988671952,-43.24932163781583,6,4,4,2.678567980192361,2.678567980192361
KMeans-weighted,20961,-22.89892108854126,-43.26048783057711,3,22,22,2.3628609365780386,2.3628609365780386
KMeans-weighted,20970,-22.89490962921127,-43.29895518595955,4,22,22,1.6776947475550588,1.6776947475550588
KMeans-weighted,20972,-22.908149571852817,-43.26020630971305,1,4,4,2.3197051999403357,2.3197051999403357
KMeans-weighted,20973,-22.89480299365888,-43.30460678807501,3,22,22,2.234515120114044,2.234515120114044
KMeans-weighted,20975,-22.89442355697212,-43.251622708261415,3,4,4,3.238875584967766,3.238875584967766
KMeans-weighted,21010,-22.82383918425472,-43.3063018523626,7,28,28,1.4997923885464473,1.4997923885464473
KMeans-weighted,21011,-22.827727546600816,-43.2864223207302,16,28,28,2.9264037631166957,2.9264037631166957
KMeans-weighted,21012,-22.835042850775064,-43.31263647240438,7,28,28,0.12016864591716644,0.12016864591716644
KMeans-weighted,21020,-22.835828487618876,-43.27614378416555,33,35,35,2.169385436700895,2.169385436700895
KMeans-weighted,21021,-22.84207289300327,-43.265065434319375,25,35,35,1.1997728436555375,1.1997728436555375
KMeans-weighted,21030,-22.850002554499312,-43.263354020176415,3,35,35,0.40210609128595115,0.40210609128595115
KMeans-weighted,21031,-22.84825657231105,-43.25613344368642,17,35,35,1.1125683572352183,1.1125683572352183
KMeans-weighted,21032,-22.86037660176917,-43.2556698277572,9,35,35,1.332575897113299,1.332575897113299
KMeans-weighted,21040,-22.858267172627272,-43.25269222978843,9,35,35,1.4707876019087713,1.4707876019087713
KMeans-weighted,21041,-22.87144109880102,-43.258727578503766,10,35,35,2.1908084814881024,2.1908084814881024
KMeans-weighted,21042,-22.86486541105725,-43.24870050352791,4,35,35,2.2025207734206185,2.2025207734206185
KMeans-weighted,21043,-22.88658041606038,-43.2773189390998,1,22,22,1.6194402049314232,1.6194402049314232
KMeans-weighted,21044,-22.857706333465654,-43.267186202026345,4,35,35,0.5596180058168514,0.5596180058168514
KMeans-weighted,21046,-22.87178460618622,-43.25004020994305,4,35,35,2.6529949775515114,2.6529949775515114
KMeans-weighted,21050,-22.87598170475497,-43.26005615466438,17,35,35,2.6390484335950983,2.6390484335950983
KMeans-weighted,21051,-22.874222414375385,-43.26728790044959,5,35,35,2.3823458622405327,2.3823458622405327
KMeans-weighted,21060,-22.857331891254034,-43.26363956816405,17,35,35,0.5454108299664807,0.5454108299664807
KMeans-weighted,21061,-22.866391297064204,-43.27158801093624,14,35,35,1.6197134004814722,1.6197134004814722
KMeans-weighted,21070,-22.843914411682647,-43.283779066776354,9,35,35,2.094253533284716,2.094253533284716
KMeans-weighted,21071,-22.860726267312923,-43.28764650581979,4,35,35,2.405586435309673,2.405586435309673
KMeans-weighted,21073,-22.850770856037,-43.27052152360208,26,35,35,0.5373615953694436,0.5373615953694436
KMeans-weighted,21210,-22.84373140637614,-43.30242672582638,17,28,28,1.4771536220514785,1.4771536220514785
KMeans-weighted,21211,-22.836828071243165,-43.30804460963914,13,28,28,0.6003270867073633,0.6003270867073633
KMeans-weighted,21215,-22.833788776762518,-43.29604433389999,18,28,28,1.820413271889956,1.820413271889956
KMeans-weighted,21220,-22.84942286859225,-43.31350882748824,24,28,28,1.5517329571934926,1.5517329571934926
KMeans-weighted,21221,-22.84606476402831,-43.31053536227519,22,28,28,1.2223851095046145,1.2223851095046145
KMeans-weighted,21230,-22.82666297562433,-43.3225314634884,42,28,28,1.3324394767509289,1.3324394767509289
KMeans-weighted,21231,-22.831527268945862,-43.32219671997402,7,28,28,0.9735678973003876,0.9735678973003876
KMeans-weighted,21235,-22.83791177652518,-43.322271046058205,36,28,28,0.918017504675992,0.918017504675992
KMeans-weighted,21236,-22.8396852659843,-43.33712480023102,1,28,28,2.444476494658993,2.444476494658993
KMeans-weighted,21240,-22.8111210300632,-43.32621279907767,7,28,28,2.99514107836203,2.99514107836203
KMeans-weighted,21241,-22.81349696231808,-43.30803677134236,4,28,28,2.51152240779117,2.51152240779117
KMeans-weighted,21250,-22.824619091439565,-43.30674667488387,22,28,28,1.40193387120177,1.40193387120177
KMeans-weighted,21310,-22.879083342003987,-43.33935560703397,18,58,58,1.7429758048615451,1.7429758048615451
KMeans-weighted,21311,-22.88918177352332,-43.32763594596467,16,58,58,0.9956135804496364,0.9956135804496364
KMeans-weighted,21320,-22.892905876006864,-43.347644389533606,16,0,0,1.4568752788457522,1.4568752788457522
KMeans-weighted,21321,-22.89512617328995,-43.357502145957,57,0,0,0.9128436951952837,0.9128436951952837
KMeans-weighted,21330,-22.8828767826158,-43.36417448357049,50,0,0,0.6260253055977397,0.6260253055977397
KMeans-weighted,21331,-22.87350715228709,-43.36567754387448,25,0,0,1.6329519287590202,1.6329519287590202
KMeans-weighted,21340,-22.871018134717986,-43.35684491471535,9,0,0,1.8623879215237187,1.8623879215237187
KMeans-weighted,21341,-22.882442915756783,-43.34947007028445,22,0,0,1.2631196120749306,1.2631196120749306
KMeans-weighted,21350,-22.87793235260004,-43.33016620442746,12,58,58,0.8774700797769233,0.8774700797769233
KMeans-weighted,21351,-22.87044820264357,-43.34296526816304,10,58,58,2.4282979965910005,2.4282979965910005
KMeans-weighted,21360,-22.866945338258187,-43.33478170506691,8,58,58,2.0509790659142815,2.0509790659142815
KMeans-weighted,21361,-22.85332826176321,-43.32822806263115,12,28,28,2.48106212680647,2.48106212680647
KMeans-weighted,21370,-22.87000636720115,-43.32004486324283,4,58,58,1.3090459390509173,1.3090459390509173
KMeans-weighted,21371,-22.85106228596877,-43.32617884775252,9,28,28,2.153581102850962,2.153581102850962
KMeans-weighted,21380,-22.88331793518069,-43.31951190668025,19,58,58,0.3684830062312831,0.3684830062312831
KMeans-weighted,21381,-22.87907528708003,-43.314672063074205,8,58,58,0.8530576359500786,0.8530576359500786
KMeans-weighted,21510,-22.84251003329592,-43.35349069066133,7,62,62,2.064274303301867,2.064274303301867
KMeans-weighted,21511,-22.84410299270375,-43.35219269222594,5,62,62,2.0683995833677216,2.0683995833677216
KMeans-weighted,21512,-22.84146868829085,-43.36195292092932,5,62,62,1.5940446732417044,1.5940446732417044
KMeans-weighted,21515,-22.83902730987094,-43.35587746226516,5,62,62,2.1655209803617694,2.1655209803617694
KMeans-weighted,21520,-22.810998397638027,-43.3618771585306,3,53,53,2.4183302662270325,2.4183302662270325
KMeans-weighted,21530,-22.828811915352887,-43.346307609440586,6,28,28,3.421312529153063,3.421312529153063
KMeans-weighted,21532,-22.8130814021041,-43.36036408098235,1,53,53,2.6777521934401607,2.6777521934401607
KMeans-weighted,21535,-22.8194481093076,-43.35408490190018,2,53,53,3.546199475873133,3.546199475873133
KMeans-weighted,21540,-22.852143526409453,-43.34281302027885,10,62,62,2.709778397567547,2.709778397567547
KMeans-weighted,21545,-22.8432861377694,-43.34344431819371,4,62,62,2.9003393518509757,2.9003393518509757
KMeans-weighted,21550,-22.86207117720982,-43.35623041492665,14,62,62,1.5902696710295754,1.5902696710295754
KMeans-weighted,21555,-22.855135850026095,-43.36350730842812,13,62,62,0.5897863734594821,0.5897863734594821
KMeans-weighted,21557,-22.85620371453252,-43.37495578967732,3,62,62,0.6348173883543571,0.6348173883543571
KMeans-weighted,21610,-22.867011045510356,-43.371883316604816,20,62,62,1.454780055693876,1.454780055693876
KMeans-weighted,21615,-22.86209078632198,-43.39136925868886,17,62,62,2.4394751946391784,2.4394751946391784
KMeans-weighted,21616,-22.85387973916863,-43.39680943222229,10,62,62,2.8325982596183894,2.8325982596183894
KMeans-weighted,21620,-22.839350559609453,-43.40486056012263,12,31,31,2.8530331755719476,2.8530331755719476
KMeans-weighted,21625,-22.832605349060035,-43.40280856194904,11,31,31,2.2701654071832924,2.2701654071832924
KMeans-weighted,21630,-22.825649495444644,-43.41164984676431,5,31,31,1.1887388034197033,1.1887388034197033
KMeans-weighted,21635,-22.83290297152516,-43.41230278119793,2,31,31,1.9708199249759732,1.9708199249759732
KMeans-weighted,21640,-22.83463324022867,-43.39275636997285,2,31,31,3.100985539083084,3.100985539083084
KMeans-weighted,21645,-22.821385636314904,-43.39760318048674,2,31,31,1.865408612258953,1.865408612258953
KMeans-weighted,21650,-22.816850689474528,-43.374314532417216,5,53,53,3.1290287894695767,3.1290287894695767
KMeans-weighted,21655,-22.818616394359942,-43.382598700728,2,31,31,3.296978507457181,3.296978507457181
KMeans-weighted,21660,-22.839960552960555,-43.37703910572291,7,62,62,1.7739881452696118,1.7739881452696118
KMeans-weighted,21665,-22.83427156601059,-43.377978641515625,1,62,62,2.3897220465651894,2.3897220465651894
KMeans-weighted,21670,-22.84984365215036,-43.3808702413711,5,62,62,1.2920842500589447,1.2920842500589447
KMeans-weighted,21675,-22.849034554602184,-43.3744236468128,8,62,62,0.7849619896821849,0.7849619896821849
KMeans-weighted,21710,-22.876979699775763,-43.42527912676291,11,43,43,0.6477878061295022,0.6477878061295022
KMeans-weighted,21715,-22.87947674705333,-43.44026398123803,11,43,43,1.157608766120223,1.157608766120223
KMeans-weighted,21720,-22.865120805735398,-43.4470342137163,3,43,43,2.584814425806784,2.584814425806784
KMeans-weighted,21721,-22.8753558465787,-43.28063646200473,2,22,22,2.753435377073193,2.753435377073193
KMeans-weighted,21725,-22.85918299393417,-43.456665616338015,6,29,29,2.2379351290337564,2.2379351290337564
KMeans-weighted,21730,-22.86435505255422,-43.434757144170185,7,43,43,1.9958369649149852,1.9958369649149852
KMeans-weighted,21735,-22.871537517256936,-43.429726914847,6,43,43,1.1153554074739365,1.1153554074739365
KMeans-weighted,21740,-22.88433305340309,-43.387504877344114,10,0,0,2.781802700482281,2.781802700482281
KMeans-weighted,21741,-22.88962788350659,-43.395124429249634,6,65,65,3.2192340712321603,3.2192340712321603
KMeans-weighted,21745,-22.879549301241177,-43.41011862496182,8,43,43,1.9666848498610974,1.9666848498610974
KMeans-weighted,21746,-22.885775526693383,-43.4110256032492,1,43,43,1.9192596352186464,1.9192596352186464
KMeans-weighted,21750,-22.87873543265548,-43.415788362287785,10,43,43,1.4085105995236382,1.4085105995236382
KMeans-weighted,21755,-22.88385334415563,-43.41913635549757,4,43,43,1.0613396012594953,1.0613396012594953
KMeans-weighted,21760,-22.89044829208524,-43.42058389455041,11,43,43,1.3248758926366893,1.3248758926366893
KMeans-weighted,21765,-22.890938364362235,-43.43068537741355,12,43,43,1.054428451100548,1.054428451100548
KMeans-weighted,21770,-22.892257517452293,-43.44208696544872,7,43,43,1.7779143169587255,1.7779143169587255
KMeans-weighted,21775,-22.886952911633603,-43.446644127201374,9,43,43,1.8858841744542267,1.8858841744542267
KMeans-weighted,21810,-22.87922054417216,-43.45931046493799,11,29,29,1.6138312483986104,1.6138312483986104
KMeans-weighted,21815,-22.88548385187386,-43.45769280672658,8,29,29,2.156902227587829,2.156902227587829
KMeans-weighted,21820,-22.88188843504765,-43.46899760400734,11,29,29,1.1441822553938452,1.1441822553938452
KMeans-weighted,21825,-22.892248480036507,-43.47086620332721,5,29,29,2.2253937556466568,2.2253937556466568
KMeans-weighted,21830,-22.880118655848957,-43.483604754804006,9,29,29,1.3732058968466256,1.3732058968466256
KMeans-weighted,21831,-22.88976260419128,-43.48390785134509,7,29,29,2.2261241684567254,2.2261241684567254
KMeans-weighted,21832,-22.894998640111965,-43.490836960215546,9,29,29,3.100402369239553,3.100402369239553
KMeans-weighted,21833,-22.8814818751053,-43.49448328547964,3,29,29,2.4066367592609317,2.4066367592609317
KMeans-weighted,21840,-22.868363814263653,-43.46923216795061,6,29,29,0.6004062932983362,0.6004062932983362
KMeans-weighted,21842,-22.868421364534367,-43.47985554134832,9,29,29,0.8110128582188254,0.8110128582188254
KMeans-weighted,21843,-22.870893429404216,-43.48330150443216,6,29,29,1.0489561106077987,1.0489561106077987
KMeans-weighted,21850,-22.859425219557973,-43.486817054989416,2,29,29,2.003959053606689,2.003959053606689
KMeans-weighted,21852,-22.86305592280701,-43.4696365930169,1,29,29,1.0955089150759265,1.0955089150759265
KMeans-weighted,21853,-22.85708276487565,-43.486439191165495,11,29,29,2.173875731406283,2.173875731406283
KMeans-weighted,21854,-22.845556518964184,-43.49501645648064,1,29,29,3.7254907246608635,3.7254907246608635
KMeans-weighted,21860,-22.862369101863525,-43.46728646117796,5,29,29,1.2636884404269186,1.2636884404269186
KMeans-weighted,21862,-22.864698795351657,-43.46636013974529,6,29,29,1.101258019593027,1.101258019593027
KMeans-weighted,21863,-22.850951552039938,-43.46693512747451,6,29,29,2.464030256071252,2.464030256071252
KMeans-weighted,21864,-22.853845962536496,-43.46103565025077,3,29,29,2.4047987879773913,2.4047987879773913
KMeans-weighted,21865,-22.853042262633373,-43.47042497115219,2,29,29,2.165422859194142,2.165422859194142
KMeans-weighted,21866,-22.859130493251165,-43.47880605689346,8,29,29,1.5786570566205531,1.5786570566205531
KMeans-weighted,21870,-22.871019283986563,-43.45851442872575,7,29,29,1.5103764377676743,1.5103764377676743
KMeans-weighted,21875,-22.873409010490445,-43.4537411569272,2,29,29,1.9956140464830894,1.9956140464830894
KMeans-weighted,21910,-22.79777839220466,-43.18136086251543,15,19,19,1.621959469311916,1.621959469311916
KMeans-weighted,21911,-22.7900819429952,-43.17257319356364,9,19,19,2.860634006391245,2.860634006391245
KMeans-weighted,21920,-22.79811558143935,-43.19569772270941,25,19,19,0.9678235495116148,0.9678235495116148
KMeans-weighted,21921,-22.8083044291334,-43.18564856697721,13,19,19,0.866367681158201,0.866367681158201
KMeans-weighted,21930,-22.819481062981133,-43.1783585853495,12,19,19,2.138415667136614,2.138415667136614
KMeans-weighted,21931,-22.809517664348768,-43.200203165434935,39,19,19,0.7188783087948389,0.7188783087948389
KMeans-weighted,21932,-22.80486286271774,-43.22572822631956,4,19,19,3.267474924527236,3.267474924527236
KMeans-weighted,21940,-22.81388871143013,-43.20247749638257,30,19,19,1.1902514132869693,1.1902514132869693
KMeans-weighted,21941,-22.8338340042933,-43.24885668973881,21,35,35,2.7342597650471987,2.7342597650471987
KMeans-weighted,22010,-22.96271293881479,-43.1708107829536,24,51,51,1.5028359494011532,1.5028359494011532
KMeans-weighted,22011,-22.96400610563266,-43.17658358618979,30,51,51,0.9933994955885309,0.9933994955885309
KMeans-weighted,22020,-22.965453849156813,-43.17847566804375,23,51,51,0.9280200599098501,0.9280200599098501
KMeans-weighted,22021,-22.96571567280818,-43.178905752541766,22,51,51,0.9167735568195563,0.9167735568195563
KMeans-weighted,22030,-22.965586191842657,-43.18405306861811,26,51,51,0.6528711742737656,0.6528711742737656
KMeans-weighted,22031,-22.966933621230865,-43.18792165085605,22,51,51,0.8424980128809251,0.8424980128809251
KMeans-weighted,22040,-22.968389299018032,-43.1849944726417,20,51,51,0.9550533177005739,0.9550533177005739
KMeans-weighted,22041,-22.96767360462037,-43.19002828343284,24,51,51,1.0080962682594972,1.0080962682594972
KMeans-weighted,22050,-22.972595655601555,-43.18771945633724,27,51,9,1.421363378025857,1.4468770234718975
KMeans-weighted,22051,-22.972873846317363,-43.19052130370873,21,9,9,1.1409054997003625,1.1409054997003625
KMeans-weighted,22060,-22.97702862454598,-43.19034089760792,17,9,9,1.082280443921976,1.082280443921976
KMeans-weighted,22061,-22.975419252327107,-43.19263365219479,21,9,9,0.8567465785440772,0.8567465785440772
KMeans-weighted,22070,-22.980688017563597,-43.18955936508214,19,9,9,1.2468494469140126,1.2468494469140126
KMeans-weighted,22071,-22.980184787318848,-43.19459066773997,32,9,9,0.7589556376901158,0.7589556376901158
KMeans-weighted,22080,-22.98466377656021,-43.1925284491284,21,9,9,1.2401413772539442,1.2401413772539442
KMeans-weighted,22081,-22.984441149894824,-43.19341592390328,28,9,9,1.1604661453825944,1.1604661453825944
KMeans-weighted,22210,-22.931070810893203,-43.176115962189314,33,27,27,0.7320302669602979,0.7320302669602979
KMeans-weighted,22211,-22.923384297280904,-43.179530436549925,4,27,27,1.3535376584771643,1.3535376584771643
KMeans-weighted,22220,-22.92956446372173,-43.17684636890966,27,27,27,0.8059328794900766,0.8059328794900766
KMeans-weighted,22221,-22.928999413639037,-43.18145032839962,43,27,27,0.7143889858272454,0.7143889858272454
KMeans-weighted,22230,-22.937297973252814,-43.176889612976375,52,27,27,0.5140364050378499,0.5140364050378499
KMeans-weighted,22231,-22.93615390975268,-43.18183226783302,45,27,27,0.0888847291514795,0.0888847291514795
KMeans-weighted,22240,-22.935263476239665,-43.18726357297116,47,27,27,0.5926988996214427,0.5926988996214427
KMeans-weighted,22241,-22.93845834691675,-43.1963680762055,15,27,27,1.5616396872327378,1.5616396872327378
KMeans-weighted,22245,-22.941061091973182,-43.191231191173394,15,27,27,1.1791191142168735,1.1791191142168735
KMeans-weighted,22250,-22.942211644081578,-43.17758693818259,55,27,27,0.8534903048405146,0.8534903048405146
KMeans-weighted,22251,-22.945344203574265,-43.185010548945066,35,27,27,1.160863189874512,1.160863189874512
KMeans-weighted,22260,-22.94921626511125,-43.19021396256844,49,51,51,1.286391243872895,1.286391243872895
KMeans-weighted,22261,-22.95721825808972,-43.20026060905936,22,51,51,1.5741285939331975,1.5741285939331975
KMeans-weighted,22270,-22.953082188232276,-43.18924536490677,45,51,51,0.8570489432087913,0.8570489432087913
KMeans-weighted,22271,-22.95610379641452,-43.19395105535185,22,51,51,0.9910051507394263,0.9910051507394263
KMeans-weighted,22280,-22.95440868548141,-43.185650031057385,29,51,51,0.6018759154778255,0.6018759154778255
KMeans-weighted,22281,-22.95685190582306,-43.19364574140023,18,51,51,0.9301639002343585,0.9301639002343585
KMeans-weighted,22290,-22.954428429403357,-43.17707420858368,56,51,51,1.0196617767915792,1.0196617767915792
KMeans-weighted,22291,-22.942311951383264,-43.166780906762526,10,27,27,1.6887229576955807,1.6887229576955807
KMeans-weighted,22410,-22.98392343049867,-43.207101465917965,38,9,9,1.0319502741144557,1.0319502741144557
KMeans-weighted,22411,-22.98194469977677,-43.20241313570824,21,9,9,0.6135645081397142,0.6135645081397142
KMeans-weighted,22420,-22.985312022606557,-43.20414276378719,24,9,9,1.0234293433777772,1.0234293433777772
KMeans-weighted,22421,-22.982140216547386,-43.20687525073036,8,9,9,0.8675630874794134,0.8675630874794134
KMeans-weighted,22430,-22.98210232841188,-43.22013314970181,35,45,45,1.3765347002880381,1.3765347002880381
KMeans-weighted,22431,-22.98284371340203,-43.22474000720175,22,45,45,0.9069287221733683,0.9069287221733683
KMeans-weighted,22440,-22.984439128577424,-43.22151271315892,25,45,45,1.2581996268497624,1.2581996268497624
KMeans-weighted,22441,-22.98416017609255,-43.22495474880264,26,45,45,0.9071320314877852,0.9071320314877852
KMeans-weighted,22450,-22.986493696399247,-43.23306806247369,39,45,45,0.47108356987865224,0.47108356987865224
KMeans-weighted,22451,-22.97841522971715,-43.23772919271784,56,45,45,0.6046004546745903,0.6046004546745903
KMeans-weighted,22452,-22.952645498107493,-43.30267070542142,2,10,10,3.1220356929292903,3.1220356929292903
KMeans-weighted,22460,-22.96483495864169,-43.22490223070295,15,45,45,2.1338273779447725,2.1338273779447725
KMeans-weighted,22461,-22.96134503409605,-43.21364138805082,32,9,9,2.1401032982585053,2.1401032982585053
KMeans-weighted,22470,-22.96550432697566,-43.21544841322038,35,9,9,1.9341956290727838,1.9341956290727838
KMeans-weighted,22471,-22.967625971408516,-43.203212882392485,28,9,9,1.0260370321429502,1.0260370321429502
KMeans-weighted,22610,-22.99599813649958,-43.261663703422506,29,45,45,3.254351953137291,3.254351953137291
KMeans-weighted,22611,-23.008068841447862,-43.29861176534447,8,48,48,3.60720048890541,3.60720048890541
KMeans-weighted,22620,-23.00947497991475,-43.33453004891496,35,48,48,0.5035016216790218,0.5035016216790218
KMeans-weighted,22621,-23.010803499326403,-43.3098866524811,27,48,48,2.52078033215949,2.52078033215949
KMeans-weighted,22630,-23.01013125796049,-43.33867951997416,30,48,48,0.7641509252540766,0.7641509252540766
KMeans-weighted,22631,-23.00365666838398,-43.34075885321385,85,48,48,0.7381916003634313,0.7381916003634313
KMeans-weighted,22640,-23.001267617010637,-43.3355988370672,26,48,48,0.4595536343468531,0.4595536343468531
KMeans-weighted,22641,-22.986105098852665,-43.31152067063231,6,48,48,3.094070326983035,3.094070326983035
KMeans-weighted,22710,-22.934576022997884,-43.37578841332682,51,32,32,1.586231270284295,1.586231270284295
KMeans-weighted,22711,-22.91373119718309,-43.39089712057767,1,65,65,0.545297903860005,0.545297903860005
KMeans-weighted,22713,-22.930174584016687,-43.39608391214564,30,65,65,1.3588265330663183,1.3588265330663183
KMeans-weighted,22715,-22.923355641776094,-43.383046917508274,9,65,65,1.0927518377356478,1.0927518377356478
KMeans-weighted,22720,-22.91816741998529,-43.38651552844117,25,65,65,0.5933060753999714,0.5933060753999714
KMeans-weighted,22723,-22.91689708484027,-43.40278883313536,41,65,65,1.0882747952288765,1.0882747952288765
KMeans-weighted,22725,-22.91150171276762,-43.37652610722419,21,65,65,1.7913495670353856,1.7913495670353856
KMeans-weighted,22730,-22.920002522357752,-43.3695754073506,22,32,32,1.8380577883255145,1.8380577883255145
KMeans-weighted,22733,-22.906015750671408,-43.364980246342064,18,0,0,2.1174591353336947,2.1174591353336947
KMeans-weighted,22735,-22.920928532759326,-43.3584654815096,15,32,32,1.482958932630052,1.482958932630052
KMeans-weighted,22740,-22.92625659532195,-43.35975777828106,22,32,32,0.8802734767464933,0.8802734767464933
KMeans-weighted,22743,-22.930174278267923,-43.34644038809006,48,32,32,1.4873313074093613,1.4873313074093613
KMeans-weighted,22745,-22.93505848017408,-43.33359407042855,31,10,10,1.6714944033683772,1.6714944033683772
KMeans-weighted,22750,-22.94338467090066,-43.33437919544068,49,10,10,0.7573076546661814,0.7573076546661814
KMeans-weighted,22753,-22.96619236089961,-43.33073451387544,52,10,10,1.8068311393873548,1.8068311393873548
KMeans-weighted,22755,-22.947502549436848,-43.33814210193203,19,10,10,0.5964895651028501,0.5964895651028501
KMeans-weighted,22760,-22.938856559491374,-43.34583380346626,16,32,32,1.5713774202817938,1.5713774202817938
KMeans-weighted,22763,-22.949418433889697,-43.38717689639774,15,56,56,1.7994204986670583,1.7994204986670583
KMeans-weighted,22765,-22.954431333815165,-43.35527342221761,25,32,32,2.3125402658533747,2.3125402658533747
KMeans-weighted,22770,-22.93691091371265,-43.36097335035081,46,32,32,0.31376957717702203,0.31376957717702203
KMeans-weighted,22772,-22.95005017710918,-43.36084751104725,1,32,32,1.76811551677118,1.76811551677118
KMeans-weighted,22773,-22.94846910030558,-43.364489898207424,9,32,32,1.6481132839154253,1.6481132839154253
KMeans-weighted,22775,-22.969148201152677,-43.38306523796816,103,56,56,0.7000721576157277,0.7000721576157277
KMeans-weighted,22776,-22.99004850815858,-43.35448107201586,11,48,48,2.7006789668169624,2.7006789668169624
KMeans-weighted,22780,-22.962843790439337,-43.40116578306731,48,56,56,1.3140067309122359,1.3140067309122359
KMeans-weighted,22783,-22.984082408782115,-43.44889019919411,44,7,7,3.0701250666533686,3.0701250666533686
KMeans-weighted,22785,-22.979900329721087,-43.49176475913368,15,7,7,4.27498630764577,4.27498630764577
KMeans-weighted,22790,-23.01298650422646,-43.46551954103294,136,7,7,0.5712989359307845,0.5712989359307845
KMeans-weighted,22793,-23.00061899109568,-43.40471828456725,116,33,33,0.0,0.0
KMeans-weighted,22795,-23.020470737334893,-43.46265642068304,68,7,7,1.3672602323557213,1.3672602323557213
KMeans-weighted,23010,-22.885872200386764,-43.51372891804045,10,3,3,3.153541126422461,3.153541126422461
KMeans-weighted,23012,-22.891289709125683,-43.528538034861306,5,3,3,2.112114877161019,2.112114877161019
KMeans-weighted,23013,-22.90125781010044,-43.541434503067336,11,63,63,1.8425767410934804,1.8425767410934804
KMeans-weighted,23015,-22.908174032805224,-43.53967787825952,4,63,63,1.4572064006323675,1.4572064006323675
KMeans-weighted,23016,-22.912595307197087,-43.53593879115358,5,63,63,1.6665013435921876,1.6665013435921876
KMeans-weighted,23017,-22.91957476261591,-43.52855570225305,16,63,63,2.4692048774121083,2.4692048774121083
KMeans-weighted,23020,-23.0049905225767,-43.54784520457546,17,66,66,5.207784681805591,5.207784681805591
KMeans-weighted,23025,-22.99046924798533,-43.61550570181899,4,66,66,2.5545242628347893,2.5545242628347893
KMeans-weighted,23026,-22.99073734829478,-43.63045092144838,7,66,66,4.0256426063194235,4.0256426063194235
KMeans-weighted,23027,-23.00123690831294,-43.64009513690838,1,66,66,5.338200843447348,5.338200843447348
KMeans-weighted,23028,-22.98056296317437,-43.65998986714787,7,11,11,2.5515599049964335,2.5515599049964335
KMeans-weighted,23030,-22.96669955681108,-43.6017686687425,12,66,66,1.973441640670519,1.973441640670519
KMeans-weighted,23031,-22.964378631240205,-43.61186736926677,6,66,66,2.8160925142206916,2.8160925142206916
KMeans-weighted,23032,-22.972563998366837,-43.64295047031437,11,11,11,3.412049685403591,3.412049685403591
KMeans-weighted,23033,-22.955943986568656,-43.60659613358818,8,66,66,3.2614701347266872,3.2614701347266872
KMeans-weighted,23035,-22.945894102935657,-43.594457021538446,12,23,23,2.648032235218935,2.648032235218935
KMeans-weighted,23036,-22.937899966329617,-43.578646142633474,10,23,23,1.807902513791082,1.807902513791082
KMeans-weighted,23040,-22.9331056624521,-43.55411381012552,19,63,63,2.065192759549605,2.065192759549605
KMeans-weighted,23042,-22.92777932523722,-43.554503392883646,10,63,63,1.4834546273593463,1.4834546273593463
KMeans-weighted,23045,-22.916840745702157,-43.56234010712124,23,63,63,1.081279185736598,1.081279185736598
KMeans-weighted,23047,-22.925942886418497,-43.56135750790765,6,63,63,1.57777161858419,1.57777161858419
KMeans-weighted,23050,-22.906374170614946,-43.566410061329776,16,63,63,1.7329537582563281,1.7329537582563281
KMeans-weighted,23052,-22.906619343447986,-43.55224985960651,18,63,63,0.8909160865275384,0.8909160865275384
KMeans-weighted,23055,-22.9099494896574,-43.5764230099429,13,23,23,1.7978884200404237,1.7978884200404237
KMeans-weighted,23056,-22.91818988167744,-43.61235085654186,5,64,64,1.6892574385017698,1.6892574385017698
KMeans-weighted,23057,-22.917530927853,-43.52832489679447,7,63,63,2.4521707127247065,2.4521707127247065
KMeans-weighted,23058,-22.914787266177115,-43.59078039553711,10,23,23,1.0467984610385916,1.0467984610385916
KMeans-weighted,23059,-22.913307945677737,-43.59042985137216,16,23,23,1.184146309033617,1.184146309033617
KMeans-weighted,23060,-22.896089584185965,-43.59889671190928,24,67,67,1.5627600461250393,1.5627600461250393
KMeans-weighted,23061,-22.908445285088447,-43.60810021286953,7,64,64,2.0183863730022726,2.0183863730022726
KMeans-weighted,23062,-22.90265768897671,-43.59917193270753,8,67,67,2.0293752440923365,2.0293752440923365
KMeans-weighted,23063,-22.897521961702388,-43.591752252623216,13,67,67,1.100708352541373,1.100708352541373
KMeans-weighted,23064,-22.90074270257361,-43.58463842554154,8,67,67,1.2483320696391382,1.2483320696391382
KMeans-weighted,23065,-22.88293828358117,-43.625086210988606,9,64,64,3.242221632255986,3.242221632255986
KMeans-weighted,23066,-22.888192458215805,-43.62473650428692,15,64,64,2.663384056614933,2.663384056614933
KMeans-weighted,23067,-22.88243614479021,-43.61658346798473,2,64,67,3.2906749277115055,3.4715156794799595
KMeans-weighted,23068,-22.88645864857024,-43.59762968190717,8,67,67,1.29878483152223,1.29878483152223
KMeans-weighted,23070,-22.896407842881192,-43.57751001381104,17,67,67,1.1120717825858055,1.1120717825858055
KMeans-weighted,23071,-22.888368672611158,-43.58090949448299,13,67,67,0.4780139830642824,0.4780139830642824
KMeans-weighted,23073,-22.88998422832266,-43.57939758303769,11,67,67,0.6168600402440447,0.6168600402440447
KMeans-weighted,23075,-22.877775179542617,-43.57771051289783,31,67,67,1.5268660099035212,1.5268660099035212
KMeans-weighted,23076,-22.88245539011392,-43.57494224901807,1,67,67,1.3296341044385986,1.3296341044385986
KMeans-weighted,23078,-22.87216705136316,-43.58925307377246,12,67,67,1.9715028262986538,1.9715028262986538
KMeans-weighted,23080,-22.89853933540845,-43.56542140516348,15,63,63,2.252608407879924,2.252608407879924
KMeans-weighted,23081,-22.89433959920376,-43.56722290454661,5,67,67,1.9370267813623907,1.9370267813623907
KMeans-weighted,23082,-22.8942153041908,-43.57129087148408,4,67,67,1.5360097685332634,1.5360097685332634
KMeans-weighted,23085,-22.893920459110284,-43.54642397807567,10,3,3,1.793814285010415,1.793814285010415
KMeans-weighted,23087,-22.886393425025823,-43.558872618395576,17,3,3,1.8443772090976065,1.8443772090976065
KMeans-weighted,23088,-22.88543771705454,-43.54971957423268,13,3,3,1.051758779746075,1.051758779746075
KMeans-weighted,23090,-22.878043319496523,-43.562917395844295,12,3,3,2.0081246812498446,2.0081246812498446
KMeans-weighted,23092,-22.87085601200714,-43.54384874896292,22,3,3,0.8011826101600341,0.8011826101600341
KMeans-weighted,23093,-22.87751529574331,-43.53029348075376,11,3,3,1.3354251136227502,1.3354251136227502
KMeans-weighted,23094,-22.876209770242788,-43.51981673638026,9,3,3,2.416090298629104,2.416090298629104
KMeans-weighted,23095,-22.86940966621501,-43.55658717782943,15,3,3,1.6644918759241696,1.6644918759241696
KMeans-weighted,23097,-22.85109676327036,-43.53613869095038,8,3,3,3.085367775005313,3.085367775005313
KMeans-weighted,23098,-22.870188890670534,-43.52187688533317,2,3,3,2.3637688633854586,2.3637688633854586
KMeans-weighted,23510,-22.91973437055113,-43.67148457968753,7,68,68,1.5788245990160599,1.5788245990160599
KMeans-weighted,23515,-22.92368923724333,-43.68292592394352,6,68,68,1.431025371969312,1.431025371969312
KMeans-weighted,23520,-22.936255491866653,-43.661399065747545,27,11,11,3.108255404896404,3.108255404896404
KMeans-weighted,23525,-22.94503552262656,-43.67692431410214,5,11,11,1.8695311767420035,1.8695311767420035
KMeans-weighted,23530,-22.97383432126233,-43.6810761924786,8,11,11,1.532149619719533,1.532149619719533
KMeans-weighted,23535,-22.9790211808901,-43.69012245165258,14,11,11,2.534711966406305,2.534711966406305
KMeans-weighted,23540,-22.974468021753417,-43.696539704365605,9,11,11,2.704139694018484,2.704139694018484
KMeans-weighted,23545,-22.967091308000946,-43.700265635554,11,11,11,2.7468305162604216,2.7468305162604216
KMeans-weighted,23547,-22.93249321644976,-43.62300753113864,2,64,64,2.3213152270516395,2.3213152270516395
KMeans-weighted,23550,-22.930711174851965,-43.68946380025854,16,68,68,2.2936983042511923,2.2936983042511923
KMeans-weighted,23555,-22.91750488776345,-43.69308722014739,6,68,68,1.2315101556912758,1.2315101556912758
KMeans-weighted,23560,-22.898979722466947,-43.69930833968601,19,68,68,2.0882726257168915,2.0882726257168915
KMeans-weighted,23565,-22.897761741341185,-43.69665951306267,2,68,68,1.9826026219477542,1.9826026219477542
KMeans-weighted,23570,-22.909310774242133,-43.67111972773999,10,68,68,1.2784330382451488,1.2784330382451488
KMeans-weighted,23573,-22.913149027532867,-43.65356967363749,5,64,64,2.6811239381280885,2.6811239381280885
KMeans-weighted,23575,-22.89798974016889,-43.6685591848473,18,68,68,2.0923990258887897,2.0923990258887897
KMeans-weighted,23580,-22.911119400069488,-43.62264162522756,13,64,64,0.499609407307147,0.499609407307147
KMeans-weighted,23585,-22.924510509727508,-43.63529705731422,22,64,64,1.60643140645397,1.60643140645397
KMeans-weighted,23587,-22.922380751135307,-43.629510536912335,18,64,64,1.1721188010271903,1.1721188010271903
KMeans-weighted,23595,-22.92668402323646,-43.62933031069839,12,64,64,1.6426018681924157,1.6426018681924157
KMeans-weighted,23810,-22.87093410934107,-43.76901268302672,10,38,38,0.6887002725766046,0.6887002725766046
KMeans-weighted,23811,-22.864749343835488,-43.76730098420256,5,38,38,0.6782234083083606,0.6782234083083606
KMeans-weighted,23812,-22.872059666972863,-43.77093362835852,5,38,38,0.6827056739611101,0.6827056739611101
KMeans-weighted,23815,-22.86867015326329,-43.78013952780047,4,38,38,0.7084199653965064,0.7084199653965064
KMeans-weighted,23820,-22.862780471644363,-43.78526762819197,4,38,38,1.2579208502091044,1.2579208502091044
KMeans-weighted,23821,-22.870305329108017,-43.79064137470553,1,38,38,1.792088874178299,1.792088874178299
KMeans-weighted,23822,-22.861638585933974,-43.79342663064544,1,38,38,2.0952724070276703,2.0952724070276703
KMeans-weighted,23825,-22.885828313712477,-43.82785584819327,4,30,30,0.20448322983892234,0.20448322983892234
KMeans-weighted,23826,-22.89560484133116,-43.84587026303256,4,30,30,1.9378997077533866,1.9378997077533866
KMeans-weighted,23830,-22.8458671869452,-43.78333380428192,2,38,38,2.4948809975558586,2.4948809975558586
KMeans-weighted,23831,-22.876635031970025,-43.80985126698182,3,30,30,2.312367633239914,2.312367633239914
KMeans-weighted,23832,-22.85534509298971,-43.76583456328473,1,38,38,1.4726223731047352,1.4726223731047352
KMeans-weighted,23855,-22.86387076999147,-43.7592342671893,2,38,38,1.5053355648033109,1.5053355648033109
KMeans-weighted,23890,-22.787688375690134,-43.64890166112607,3,61,61,3.797668336873663,3.797668336873663
KMeans-weighted,23893,-22.71072154468618,-43.69140232860298,2,44,44,3.498729457991359,3.498729457991359
KMeans-weighted,23894,-22.74100679492528,-43.6998298199384,9,44,44,0.32226782658197545,0.32226782658197545
KMeans-weighted,23895,-22.746274001626645,-43.708503424610186,9,44,44,0.8749186106807401,0.8749186106807401
KMeans-weighted,23897,-22.792366849451536,-43.662640119980665,2,61,61,4.811420300628543,4.811420300628543
KMeans-weighted,23898,-22.80791081625367,-43.644304412473865,8,61,61,2.635159572216866,2.635159572216866
KMeans-weighted,24020,-22.893701145563103,-43.12041784927668,34,1,1,1.5607972021289656,1.5607972021289656
KMeans-weighted,24030,-22.88869745778228,-43.11830702093674,33,1,1,1.8165687388494007,1.8165687388494007
KMeans-weighted,24040,-22.882735624308985,-43.12349628123474,4,1,1,2.6647588235811073,2.6647588235811073
KMeans-weighted,24050,-22.87517503985885,-43.109560284753925,2,50,50,2.0773723801006114,2.0773723801006114
KMeans-weighted,24060,-22.88593419631651,-43.1106543708203,9,1,1,1.8205077265318623,1.8205077265318623
KMeans-weighted,24070,-22.89348624508981,-43.11089097581806,1,1,1,1.001181552885139,1.001181552885139
KMeans-weighted,24110,-22.867915276400392,-43.09960548772942,44,50,50,1.633544108596832,1.633544108596832
KMeans-weighted,24111,-22.86398451494475,-43.09252306679081,2,50,50,1.7502122082779423,1.7502122082779423
KMeans-weighted,24119,-22.86343492846253,-43.09725737403164,1,50,50,1.9442286784378264,1.9442286784378264
KMeans-weighted,24120,-22.88327023685682,-43.09227400558896,36,50,50,0.4848975465109774,0.4848975465109774
KMeans-weighted,24130,-22.87922689320265,-43.09157186572144,26,50,50,0.18043507505671968,0.18043507505671968
KMeans-weighted,24140,-22.889267493261837,-43.04860885808703,6,52,52,3.801626677620867,3.801626677620867
KMeans-weighted,24141,-22.87816915718994,-43.05564163085743,4,50,50,3.5069443593588563,3.5069443593588563
KMeans-weighted,24210,-22.9019529825833,-43.12388455257632,69,1,1,1.6010543732606166,1.6010543732606166
KMeans-weighted,24220,-22.90324481661885,-43.107023598220486,115,1,1,0.17481971947536082,0.17481971947536082
KMeans-weighted,24230,-22.90630099451813,-43.105973880660926,117,1,1,0.5167064023834963,0.5167064023834963
KMeans-weighted,24240,-22.897237232548903,-43.09915756428693,59,1,1,1.0805791982310324,1.0805791982310324
KMeans-weighted,24241,-22.904219800443407,-43.09158065028214,21,1,1,1.723311301077572,1.723311301077572
KMeans-weighted,24310,-22.9110328213164,-43.06742681237905,8,25,25,3.6807782030029625,3.6807782030029625
KMeans-weighted,24315,-22.901684792085454,-43.06891496088816,22,50,50,3.26566079421869,3.26566079421869
KMeans-weighted,24320,-22.902823180776025,-43.05085812937721,21,25,25,3.9146165217683606,3.9146165217683606
KMeans-weighted,24322,-22.89632305663318,-43.03845772727727,5,52,52,3.234690392173489,3.234690392173489
KMeans-weighted,24325,-22.882411375017146,-43.023744808929656,3,52,52,1.1450304364126034,1.1450304364126034
KMeans-weighted,24330,-22.901199547746405,-42.991174595669065,9,52,52,3.372722831734053,3.372722831734053
KMeans-weighted,24340,-22.947654432561997,-43.03365087049761,20,25,25,1.693862533541582,1.693862533541582
KMeans-weighted,24342,-22.937391616620623,-43.022146384113576,21,25,25,2.4673491592081738,2.4673491592081738
KMeans-weighted,24344,-22.93685983573083,-43.01491522990823,10,25,25,3.209083893125062,3.209083893125062
KMeans-weighted,24346,-22.94923036239725,-43.02805520804324,12,25,25,2.256181945720485,2.256181945720485
KMeans-weighted,24348,-22.970402738373885,-43.03213294708582,5,25,25,3.9054315857288047,3.9054315857288047
KMeans-weighted,24350,-22.94061686421916,-43.06545401112341,36,25,25,1.9931123834123896,1.9931123834123896
KMeans-weighted,24355,-22.9411555966564,-43.043134176624925,11,25,25,0.49265662594837306,0.49265662594837306
KMeans-weighted,24358,-22.954105582144187,-43.0680054361715,20,25,25,2.875374852764831,2.875374852764831
KMeans-weighted,24360,-22.918111396951545,-43.09214145186893,31,1,1,2.423097652613672,2.423097652613672
KMeans-weighted,24365,-22.912243204052235,-43.08150933080395,3,1,1,2.960191169662534,2.960191169662534
KMeans-weighted,24370,-22.92466477380604,-43.09986986144608,4,1,1,2.646064378734915,2.646064378734915
KMeans-weighted,24410,-22.859653314312613,-43.08078230203989,1,50,50,2.3971043923490107,2.3971043923490107
KMeans-weighted,24411,-22.85753738472352,-43.08169034540716,1,50,50,2.5840733422148454,2.5840733422148454
KMeans-weighted,24412,-22.847500221583047,-43.07542461651588,8,57,57,1.416614855265422,1.416614855265422
KMeans-weighted,24415,-22.84085769372568,-43.07623548195782,8,57,57,0.6849493278382816,0.6849493278382816
KMeans-weighted,24416,-22.840098124434224,-43.06778333387412,13,57,57,0.9708106573546991,0.9708106573546991
KMeans-weighted,24417,-22.845410939224823,-43.05013967578183,2,57,57,2.8354725056787164,2.8354725056787164
KMeans-weighted,24420,-22.835696540771,-43.046659352747774,2,18,18,2.086487621731338,2.086487621731338
KMeans-weighted,24421,-22.83065608217072,-43.04204141088677,8,18,18,1.4065801175610553,1.4065801175610553
KMeans-weighted,24422,-22.8277265510171,-43.02889904539707,10,18,18,1.4661705555536835,1.4661705555536835
KMeans-weighted,24425,-22.852695605444847,-43.09014618727886,6,57,57,2.5094960885825337,2.5094960885825337
KMeans-weighted,24426,-22.840411171156656,-43.08660279046403,4,57,57,1.3194707356647837,1.3194707356647837
KMeans-weighted,24430,-22.830092235510783,-43.0856527985238,6,57,57,1.182977826481386,1.182977826481386
KMeans-weighted,24431,-22.828438640757533,-43.08064705902956,18,57,57,0.8925881037884642,0.8925881037884642
KMeans-weighted,24435,-22.827481947170185,-43.0698152344756,13,57,57,0.9842905586040668,0.9842905586040668
KMeans-weighted,24436,-22.82124753376768,-43.066948767903845,10,57,57,1.7282975353042982,1.7282975353042982
KMeans-weighted,24440,-22.827149190613213,-43.0539481412297,18,18,18,1.8240384841040633,1.8240384841040633
KMeans-weighted,24445,-22.81926169355244,-43.03476520349312,19,18,18,0.44005755882459835,0.44005755882459835
KMeans-weighted,24450,-22.82316908005648,-43.02002823624667,11,18,18,2.0113837693414442,2.0113837693414442
KMeans-weighted,24451,-22.829351276710405,-43.01399541493803,19,59,59,1.7878639841052946,1.7878639841052946
KMeans-weighted,24452,-22.819291471555072,-43.00635838364597,8,59,59,0.7358123015500345,0.7358123015500345
KMeans-weighted,24455,-22.80878018901832,-43.0258667651288,7,18,18,1.7099016124164736,1.7099016124164736
KMeans-weighted,24456,-22.80929567410273,-43.016040373940605,8,59,59,2.1273085511254015,2.1273085511254015
KMeans-weighted,24457,-22.806624227141477,-43.012656807667405,6,59,59,2.0726128964934207,2.0726128964934207
KMeans-weighted,24460,-22.814787634492188,-43.04329935349616,5,18,18,0.5959946379385936,0.5959946379385936
KMeans-weighted,24461,-22.803350481704697,-43.0358182822438,6,18,18,1.6965048543464532,1.6965048543464532
KMeans-weighted,24465,-22.81949144895205,-43.0551638057087,5,18,18,1.6678849916011915,1.6678849916011915
KMeans-weighted,24466,-22.811123478295585,-43.06236954792932,3,18,18,2.531818089475045,2.531818089475045
KMeans-weighted,24467,-22.805308252046,-43.05264792957123,2,18,18,2.017965434446621,2.017965434446621
KMeans-weighted,24470,-22.79629033350867,-43.04531393855412,1,18,18,2.536730865482901,2.536730865482901
KMeans-weighted,24471,-22.785600785156785,-43.04593640228686,2,18,18,3.709753863747192,3.709753863747192
KMeans-weighted,24472,-22.789315227589743,-43.03850388360695,2,18,18,3.227034839693535,3.227034839693535
KMeans-weighted,24473,-22.787988229533347,-43.03235624966042,1,18,18,3.441088965256941,3.441088965256941
KMeans-weighted,24474,-22.794969261024608,-43.02441434660769,1,18,18,2.994376886207457,2.994376886207457
KMeans-weighted,24475,-22.777267778897787,-43.027446308928425,1,18,18,4.715869492479803,4.715869492479803
KMeans-weighted,24710,-22.822624306841355,-43.00309374212156,13,59,59,0.4441525981843148,0.4441525981843148
KMeans-weighted,24711,-22.818906926534805,-42.99751196239111,7,59,59,0.2683774270553293,0.2683774270553293
KMeans-weighted,24715,-22.80276772976624,-42.99028180866455,6,59,59,2.193428948865034,2.193428948865034
KMeans-weighted,24716,-22.78988059417565,-43.00428047982366,3,59,59,3.4581008423582342,3.4581008423582342
KMeans-weighted,24717,-22.808029904019023,-43.00303400236285,4,59,59,1.453020143707614,1.453020143707614
KMeans-weighted,24720,-22.813217838338208,-42.98741033222329,3,59,59,1.4745989138549538,1.4745989138549538
KMeans-weighted,24721,-22.801495702866447,-42.98390861201865,1,59,59,2.651773360590505,2.651773360590505
KMeans-weighted,24722,-22.796501747075485,-42.97622988470504,9,59,59,3.5794968509613567,3.5794968509613567
KMeans-weighted,24723,-22.81762359087853,-42.94676360586466,5,39,39,2.9169773114272513,2.9169773114272513
KMeans-weighted,24724,-22.805769003517707,-42.95726724972363,4,39,39,4.353694746375812,4.353694746375812
KMeans-weighted,24725,-22.811456217228336,-42.97220863173352,4,59,59,2.961619215708254,2.961619215708254
KMeans-weighted,24726,-22.78851170276054,-42.958565788861314,1,5,5,4.3700772486410475,4.3700772486410475
KMeans-weighted,24730,-22.829046912919456,-42.98784246443976,3,59,59,1.5031315599146633,1.5031315599146633
KMeans-weighted,24731,-22.822811422053213,-42.98685114650694,2,59,59,1.3015402969417043,1.3015402969417043
KMeans-weighted,24732,-22.827064469158785,-42.9738976624395,3,59,59,2.7026039717212345,2.7026039717212345
KMeans-weighted,24734,-22.829471848017025,-42.9607569973706,1,39,39,2.10520000093981,2.10520000093981
KMeans-weighted,24735,-22.845883873637536,-42.95426308031982,1,39,39,0.7394618170200821,0.7394618170200821
KMeans-weighted,24736,-22.820033389763783,-42.969922193443765,5,59,59,3.0148676298853148,3.0148676298853148
KMeans-weighted,24737,-22.84162388029282,-42.96231323222136,1,39,39,1.5488910367936786,1.5488910367936786
KMeans-weighted,24738,-22.851785749069546,-42.94354284297728,5,39,39,0.9665664486501055,0.9665664486501055
KMeans-weighted,24740,-22.832952987571836,-42.99724674575654,2,59,59,1.385322390900077,1.385322390900077
KMeans-weighted,24742,-22.838766642599392,-43.00379523173135,4,59,59,2.0665033521266993,2.0665033521266993
KMeans-weighted,24743,-22.845998417596405,-42.99706758921929,7,59,59,2.8288716186419265,2.8288716186419265
KMeans-weighted,24744,-22.84230016004733,-43.01214322773478,9,59,59,2.7428495807078184,2.7428495807078184
KMeans-weighted,24745,-22.85280103675185,-43.00454397099252,5,52,52,3.0206359983694626,3.0206359983694626
KMeans-weighted,24746,-22.83906700788218,-42.98789279135017,2,59,59,2.3602624719105503,2.3602624719105503
KMeans-weighted,24750,-22.854636691924167,-43.02258437303882,7,52,52,2.8438640967178492,2.8438640967178492
KMeans-weighted,24751,-22.86782548778561,-43.002749069555286,10,52,52,1.6253878588528028,1.6253878588528028
KMeans-weighted,24752,-22.882259138501706,-42.98436172867216,4,52,52,2.990579233713314,2.990579233713314
KMeans-weighted,24753,-22.88628701436756,-42.99166865896655,2,52,52,2.369834326369347,2.369834326369347
KMeans-weighted,24754,-22.872354587681084,-43.027432812835386,6,52,52,1.6123868642573584,1.6123868642573584
KMeans-weighted,24755,-22.85926645726612,-43.015307855881765,1,52,52,2.175064572305133,2.175064572305133
KMeans-weighted,24756,-22.88593339499682,-43.011983104667294,10,52,52,0.8112327930186084,0.8112327930186084
KMeans-weighted,24800,-22.74248129310771,-42.85721075258665,10,54,54,0.1254600142479231,0.1254600142479231
KMeans-weighted,24801,-22.7395793666599,-42.84701335677763,2,54,54,1.1873076380231864,1.1873076380231864
KMeans-weighted,24802,-22.729006918491564,-42.83466835876695,1,54,54,2.8656806696147346,2.8656806696147346
KMeans-weighted,24804,-22.747090526611107,-42.84342210737453,3,54,54,1.5276945494981047,1.5276945494981047
KMeans-weighted,24805,-22.73533148939793,-42.83883774259336,1,54,54,2.14445744963293,2.14445744963293
KMeans-weighted,24808,-22.75677623430587,-42.855419742696405,12,54,54,1.499134313255914,1.499134313255914
KMeans-weighted,24812,-22.75019628085652,-42.87187716603211,6,54,54,1.62621286618616,1.62621286618616
KMeans-weighted,24813,-22.75411758328793,-42.88883553024611,1,54,54,3.3961010277809383,3.3961010277809383
KMeans-weighted,24830,-22.7113078008679,-42.87331425316652,1,54,54,3.9148546474319987,3.9148546474319987
KMeans-weighted,24846,-22.71538558398837,-42.80638584132024,2,54,54,6.128006926277294,6.128006926277294
KMeans-weighted,24855,-22.773459679480904,-42.91565441771825,3,5,5,0.9572602230499125,0.9572602230499125
KMeans-weighted,24856,-22.75807913856637,-42.91063311206234,1,5,5,1.6107378242327905,1.6107378242327905
KMeans-weighted,24858,-22.77209935726771,-42.92264307986124,6,5,5,0.5018125493646388,0.5018125493646388
KMeans-weighted,24859,-22.77340230558587,-42.90984766620826,2,5,5,1.4478183901927648,1.4478183901927648
KMeans-weighted,24866,-22.73373117887529,-42.93276530734327,2,5,5,3.9096659948458465,3.9096659948458465
KMeans-weighted,24876,-22.7125342435385,-42.89540473111652,3,54,54,5.168644293613353,5.168644293613353
KMeans-weighted,24890,-22.73521870942802,-42.727847609078914,6,24,24,8.308129462619,8.308129462619
KMeans-weighted,24900,-22.919618105516072,-42.83978957558533,14,13,13,1.3363499452436716,1.3363499452436716
KMeans-weighted,24901,-22.923608277456783,-42.81985709837894,7,13,13,0.7564574561739793,0.7564574561739793
KMeans-weighted,24902,-22.92700535031622,-42.8293157127626,2,13,13,0.6449373406044968,0.6449373406044968
KMeans-weighted,24903,-22.91166963475216,-42.80609731472158,6,13,13,2.4041632407851683,2.4041632407851683
KMeans-weighted,24904,-22.910596890425232,-42.81704615497582,3,13,13,1.591105412139135,1.591105412139135
KMeans-weighted,24905,-22.934535219557365,-42.911752855372335,6,60,60,1.2711739473196904,1.2711739473196904
KMeans-weighted,24910,-22.895953023136546,-42.84243328776303,1,13,13,3.2680118251183394,3.2680118251183394
KMeans-weighted,24912,-22.911125479829508,-42.83377563947568,6,13,13,1.3633096514994067,1.3633096514994067
KMeans-weighted,24913,-22.91428296653683,-42.83456332388645,6,13,13,1.1316665269659296,1.1316665269659296
KMeans-weighted,24914,-22.92345398569025,-42.85760247749489,7,13,13,3.1480800553393844,3.1480800553393844
KMeans-weighted,24915,-22.955984494690547,-42.80761537855785,3,13,13,4.300706258119904,4.300706258119904
KMeans-weighted,24916,-22.94457633335577,-42.82844129113664,2,13,13,2.55525734638714,2.55525734638714
KMeans-weighted,24921,-22.95260981760148,-42.808872638137295,1,13,13,3.9087265248665872,3.9087265248665872
KMeans-weighted,24922,-22.94856570290517,-42.70343236618995,2,13,13,12.996052512646255,12.996052512646255
KMeans-weighted,24930,-22.92610775291927,-42.89850356371279,4,60,60,1.0410985267725308,1.0410985267725308
KMeans-weighted,24931,-22.93464894999394,-42.88228044187334,9,60,60,1.7530792012244683,1.7530792012244683
KMeans-weighted,24933,-22.9565929719624,-42.88349437707549,8,60,60,2.860055114484159,2.860055114484159
KMeans-weighted,24934,-22.946221164792775,-42.88645951724069,3,60,60,1.7855730143011441,1.7855730143011441
KMeans-weighted,24935,-22.95097062040013,-42.94683341061871,6,47,47,1.5941828877904995,1.5941828877904995
KMeans-weighted,24936,-22.954278207609654,-42.96711894755224,16,47,47,0.5984831255165798,0.5984831255165798
KMeans-weighted,24937,-22.95115200845083,-42.99376127553226,2,47,47,3.210955708661834,3.210955708661834
KMeans-weighted,24940,-22.92600502136488,-42.940013982950965,2,47,47,3.611405737925056,3.611405737925056
KMeans-weighted,24941,-22.9132211037494,-42.83795907003351,2,13,13,1.4672166182121218,1.4672166182121218
KMeans-weighted,24942,-22.93102569180272,-42.92272114486791,5,60,60,2.4402415452091475,2.4402415452091475
KMeans-weighted,24943,-22.909483056983007,-42.92582680004856,5,60,60,3.9579162830084007,3.9579162830084007
KMeans-weighted,24944,-22.895520218492944,-42.93694066986552,5,39,39,5.844397987402759,5.844397987402759
KMeans-weighted,25010,-22.79046925687479,-43.31481452785819,3,6,6,2.736860330180095,2.736860330180095
KMeans-weighted,25015,-22.780222493712092,-43.31660541678868,9,6,6,1.9027962621166996,1.9027962621166996
KMeans-weighted,25020,-22.778944166984587,-43.30862350738487,5,6,6,1.3071648020266882,1.3071648020266882
KMeans-weighted,25025,-22.78456265700059,-43.3231360919681,5,6,6,2.721546558934203,2.721546558934203
KMeans-weighted,25030,-22.7735214191938,-43.311396817507145,1,6,6,1.0121728907771537,1.0121728907771537
KMeans-weighted,25035,-22.755338688692213,-43.308531682770784,14,6,6,1.5293084332251727,1.5293084332251727
KMeans-weighted,25036,-22.749595823587462,-43.316204756652816,4,6,6,2.4560704704071834,2.4560704704071834
KMeans-weighted,25040,-22.74090063654044,-43.31546716030017,9,40,40,2.0715358815228226,2.0715358815228226
KMeans-weighted,25041,-22.73578083363829,-43.31812761723224,4,40,40,1.4479050425216067,1.4479050425216067
KMeans-weighted,25042,-22.73591992474976,-43.3119360459995,1,40,40,1.9039182466127533,1.9039182466127533
KMeans-weighted,25045,-22.722818281793867,-43.3139157796674,6,40,40,1.3183659284844993,1.3183659284844993
KMeans-weighted,25046,-22.72351123290818,-43.32148642883789,6,40,40,0.5497059212531439,0.5497059212531439
KMeans-weighted,25050,-22.753304486524154,-43.29699642294105,3,6,6,1.7840525452298104,1.7840525452298104
KMeans-weighted,25051,-22.761267896992525,-43.29298558604593,2,6,6,1.3159470759675718,1.3159470759675718
KMeans-weighted,25055,-22.75739662652191,-43.28166913009442,4,6,6,2.529567818206006,2.529567818206006
KMeans-weighted,25060,-22.76405759011258,-43.30041310063685,12,6,6,0.5542928484059843,0.5542928484059843
KMeans-weighted,25065,-22.7574077930847,-43.28687072573676,9,6,6,2.0755813523526667,2.0755813523526667
KMeans-weighted,25070,-22.78016279197431,-43.30430364671711,15,6,6,1.3295143872872948,1.3295143872872948
KMeans-weighted,25071,-22.78540692093292,-43.301837011358415,2,6,6,1.9154505509632074,1.9154505509632074
KMeans-weighted,25075,-22.77412502707916,-43.29092658055662,3,6,6,1.4328238130197577,1.4328238130197577
KMeans-weighted,25080,-22.759685746162333,-43.29297061113347,3,6,6,1.427813805974037,1.427813805974037
KMeans-weighted,25085,-22.79583417251553,-43.291526151554045,1,6,6,3.299597315286675,3.299597315286675
KMeans-weighted,25086,-22.754121943948885,-43.28647151207924,2,6,6,2.337024879686312,2.337024879686312
KMeans-weighted,25211,-22.67066808633434,-43.26255563331919,3,14,14,2.423013915647037,2.423013915647037
KMeans-weighted,25212,-22.676473601000435,-43.25702002542332,9,14,14,3.2722233260923375,3.2722233260923375
KMeans-weighted,25213,-22.6749107167218,-43.27620037015547,8,14,14,2.5568104542809134,2.5568104542809134
KMeans-weighted,25214,-22.689731933072384,-43.26636955304457,6,14,14,4.285361245547626,4.285361245547626
KMeans-weighted,25215,-22.682590790490558,-43.27404135699872,4,14,14,3.406535692272519,3.406535692272519
KMeans-weighted,25220,-22.685430142678285,-43.24665539237965,4,14,14,4.702118830867248,4.702118830867248
KMeans-weighted,25223,-22.683322481003053,-43.25395359470418,2,14,14,4.083763897820824,4.083763897820824
KMeans-weighted,25225,-22.696323342560508,-43.271184575072574,3,14,14,4.9458324324384115,4.9458324324384115
KMeans-weighted,25230,-22.689741624685315,-43.2826886930124,1,14,14,4.280987282553323,4.280987282553323
KMeans-weighted,25231,-22.683563816603137,-43.29906896652288,1,14,14,4.315011745883564,4.315011745883564
KMeans-weighted,25233,-22.70350739511343,-43.29957916081139,4,40,40,3.6719987815770447,3.6719987815770447
KMeans-weighted,25235,-22.70286437220505,-43.31600017753463,3,40,40,2.7155742464164554,2.7155742464164554
KMeans-weighted,25237,-22.753574853365865,-43.305893071458286,1,6,6,1.651068441405184,1.651068441405184
KMeans-weighted,25240,-22.645633194906285,-43.28709135535513,9,14,14,1.4564507124825534,1.4564507124825534
KMeans-weighted,25241,-22.571208,-43.31268449999998,1,14,14,9.790726462346642,9.790726462346642
KMeans-weighted,25243,-22.659524930411084,-43.296332311051046,2,14,14,2.3772170314432284,2.3772170314432284
KMeans-weighted,25245,-22.59128608480469,-43.312298090959736,4,14,14,7.774223565534895,7.774223565534895
KMeans-weighted,25250,-22.60728606434383,-43.29857473776487,13,14,14,5.540668393438251,5.540668393438251
KMeans-weighted,25251,-22.65410603965445,-43.27799273062863,3,14,14,0.4166045434623297,0.4166045434623297
KMeans-weighted,25253,-22.612060153892077,-43.28185276890751,2,14,14,4.49764320251565,4.49764320251565
KMeans-weighted,25255,-22.644539050348147,-43.27860193918141,9,14,14,0.9188416035848181,0.9188416035848181
KMeans-weighted,25260,-22.65362737697551,-43.27588967098969,3,14,14,0.22396241425840144,0.22396241425840144
KMeans-weighted,25261,-22.64530376193324,-43.26203372616665,6,14,14,1.4926353072113048,1.4926353072113048
KMeans-weighted,25264,-22.64520106741496,-43.23736687845677,4,14,14,3.9005909832927674,3.9005909832927674
KMeans-weighted,25265,-22.649550626444302,-43.23034128992175,1,14,14,4.5562719969183725,4.5562719969183725
KMeans-weighted,25266,-22.63876728053192,-43.2218184372897,4,34,34,3.695483069976111,3.695483069976111
KMeans-weighted,25267,-22.63517083859032,-43.24735328154284,2,14,14,3.3676456348752293,3.3676456348752293
KMeans-weighted,25268,-22.652696249418973,-43.2761256498613,5,14,14,0.17080400001545554,0.17080400001545554
KMeans-weighted,25270,-22.623874594466177,-43.23981472381287,1,14,14,4.7481661287479495,4.7481661287479495
KMeans-weighted,25271,-22.63746113941411,-43.22617580587021,5,34,34,4.0312385361357235,4.0312385361357235
KMeans-weighted,25272,-22.62425914893622,-43.21652128956865,1,34,34,2.696125892017665,2.696125892017665
KMeans-weighted,25275,-22.63887775891837,-43.22692540844416,3,34,34,4.167197569000833,4.167197569000833
KMeans-weighted,25510,-22.790646777654263,-43.375643445446975,14,53,53,0.9492028075875832,0.9492028075875832
KMeans-weighted,25515,-22.79765605749528,-43.364274956523175,15,53,53,0.9163819083300055,0.9163819083300055
KMeans-weighted,25520,-22.803670156230325,-43.3754619382363,14,53,53,1.8112249470774755,1.8112249470774755
KMeans-weighted,25525,-22.79612913604517,-43.38275185182584,9,53,53,1.819677945947064,1.819677945947064
KMeans-weighted,25530,-22.80597341277987,-43.3903648173854,2,31,31,2.688609473247804,2.688609473247804
KMeans-weighted,25535,-22.791159022004333,-43.40261092456814,1,41,41,2.724910617509077,2.724910617509077
KMeans-weighted,25540,-22.784015528679777,-43.39703232529075,5,41,41,2.886673599469174,2.886673599469174
KMeans-weighted,25545,-22.788068271999396,-43.38724739844827,4,53,53,2.139795986104678,2.139795986104678
KMeans-weighted,25550,-22.77519333195786,-43.382929842060825,10,53,53,2.333248660296923,2.333248660296923
KMeans-weighted,25555,-22.78130043658109,-43.37040843885934,9,53,53,1.0145882157239978,1.0145882157239978
KMeans-weighted,25560,-22.770034075258486,-43.36986192895572,4,53,53,2.2104025730533534,2.2104025730533534
KMeans-weighted,25561,-22.77327727501097,-43.36365900401443,4,53,53,1.84412711836028,1.84412711836028
KMeans-weighted,25565,-22.78315358395092,-43.35979003562612,5,53,53,0.9946320403560965,0.9946320403560965
KMeans-weighted,25570,-22.767755472400367,-43.351648773854414,5,53,53,2.869642849177562,2.869642849177562
KMeans-weighted,25571,-22.764428655824528,-43.34634958376359,4,53,53,3.4810235353648213,3.4810235353648213
KMeans-weighted,25575,-22.770524738786182,-43.34087058368249,2,53,53,3.3768564914686316,3.3768564914686316
KMeans-weighted,25576,-22.778287142653923,-43.35224410736812,3,53,53,1.9286051316191528,1.9286051316191528
KMeans-weighted,25580,-22.78335138297888,-43.34124145850288,3,53,53,2.6774712313454136,2.6774712313454136
KMeans-weighted,25581,-22.788457368960326,-43.34709777532829,2,53,53,1.9880026963428743,1.9880026963428743
KMeans-weighted,25585,-22.79367354642019,-43.33816809639405,9,53,53,2.932982501817779,2.932982501817779
KMeans-weighted,25610,-22.50218363248224,-43.16843451995522,4,2,2,2.9052066434880315,2.9052066434880315
KMeans-weighted,25615,-22.496114223843747,-43.15620443994322,9,21,21,3.740414846928165,3.740414846928165
KMeans-weighted,25620,-22.510230788197468,-43.17544387445511,14,2,2,1.8767269557947024,1.8767269557947024
KMeans-weighted,25625,-22.515824878742336,-43.17136715693798,3,2,2,2.2064468405244386,2.2064468405244386
KMeans-weighted,25630,-22.52424789468128,-43.161617138310994,3,2,2,3.355402364681066,3.355402364681066
KMeans-weighted,25635,-22.529027105018844,-43.17661101657757,13,2,2,2.254223167641994,2.254223167641994
KMeans-weighted,25640,-22.52279907282805,-43.183566224490704,7,2,2,1.2601552707732533,1.2601552707732533
KMeans-weighted,25645,-22.54079651100627,-43.20123507158808,6,2,2,2.954507927623165,2.954507927623165
KMeans-weighted,25650,-22.531038247576937,-43.212309414991445,10,2,2,2.651202888892866,2.651202888892866
KMeans-weighted,25651,-22.524744277401208,-43.21160357990256,10,2,2,2.1903037576709545,2.1903037576709545
KMeans-weighted,25655,-22.52044984882392,-43.19101234595281,20,2,2,0.5940241378626016,0.5940241378626016
KMeans-weighted,25660,-22.512038240121388,-43.20472585759976,8,2,2,1.2760733538789428,1.2760733538789428
KMeans-weighted,25665,-22.509186267903694,-43.219827486060126,16,2,2,2.856311747574279,2.856311747574279
KMeans-weighted,25670,-22.489507019910214,-43.210414436144696,1,2,2,3.3965982111452075,3.3965982111452075
KMeans-weighted,25675,-22.49698456394848,-43.20060728812907,6,2,2,2.195737738000696,2.195737738000696
KMeans-weighted,25680,-22.48963724197897,-43.18376265001703,12,2,2,3.010825157946368,3.010825157946368
KMeans-weighted,25685,-22.50813163708028,-43.18141468751699,9,2,2,1.4240528406331974,1.4240528406331974
KMeans-weighted,25710,-22.475562635890437,-43.148370152985294,16,21,21,1.494374360198937,1.494374360198937
KMeans-weighted,25715,-22.47150966453406,-43.1620277638875,6,21,21,1.3934925913717968,1.3934925913717968
KMeans-weighted,25720,-22.43222926280023,-43.14086038411682,15,21,21,3.5862451557192507,3.5862451557192507
KMeans-weighted,25725,-22.427894024726776,-43.20138979903541,3,21,21,6.34517498775601,6.34517498775601
KMeans-weighted,25730,-22.408608081087024,-43.13140914649253,18,49,49,2.7873345086202694,2.7873345086202694
KMeans-weighted,25740,-22.374645351841945,-43.12909370218015,4,49,49,1.0531598977094492,1.0531598977094492
KMeans-weighted,25745,-22.3915193770552,-43.10829358749547,6,49,49,2.0907749474070285,2.0907749474070285
KMeans-weighted,25750,-22.33852928975817,-43.12899883949998,10,49,49,5.048925264825768,5.048925264825768
KMeans-weighted,25770,-22.26889273967007,-43.07681259121553,5,36,36,0.0,0.0
KMeans-weighted,25900,-22.651419516496585,-43.06655787630402,18,26,26,1.555106632461239,1.555106632461239
KMeans-weighted,25901,-22.648338600540264,-43.0583437917855,9,26,26,0.8423227416764283,0.8423227416764283
KMeans-weighted,25902,-22.65954574226225,-43.116827376350194,1,69,69,3.42128180577229,3.42128180577229
KMeans-weighted,25903,-22.641865834980965,-43.07245208309176,3,26,26,1.6399210803814743,1.6399210803814743
KMeans-weighted,25904,-22.65181465633809,-43.05361261025339,1,26,26,1.2432795664180856,1.2432795664180856
KMeans-weighted,25905,-22.661390928999936,-43.03525083599993,2,26,26,3.149451064967972,3.149451064967972
KMeans-weighted,25907,-22.63855440197675,-43.16000184562523,1,34,34,3.576201272096256,3.576201272096256
KMeans-weighted,25908,-22.65815606716074,-43.11902674370239,2,69,69,3.372619417477967,3.372619417477967
KMeans-weighted,25911,-22.55907208815268,-43.044923138517305,4,37,37,6.08317062463753,6.08317062463753
KMeans-weighted,25912,-22.57019403842886,-43.058745435694526,1,26,26,7.871795476021069,7.871795476021069
KMeans-weighted,25914,-22.59381281247852,-43.06930284283151,3,26,26,5.404273333718268,5.404273333718268
KMeans-weighted,25921,-22.6525357703222,-43.12650100805483,1,69,69,3.4613878859495357,3.4613878859495357
KMeans-weighted,25922,-22.66003863059351,-43.1347885471764,6,69,69,2.374585730192204,2.374585730192204
KMeans-weighted,25925,-22.69368277179141,-43.10979273572445,2,69,69,3.5351069858083237,3.5351069858083237
KMeans-weighted,25926,-22.70142395223432,-43.15952521180791,9,69,69,2.9870604545371116,2.9870604545371116
KMeans-weighted,25928,-22.63601681822644,-43.02534331618508,1,26,26,3.2446570772854773,3.2446570772854773
KMeans-weighted,25930,-22.68358467046409,-43.160534715770886,1,69,69,2.013919585740139,2.013919585740139
KMeans-weighted,25931,-22.615268497162027,-43.171211569125255,12,34,34,2.12656269259777,2.12656269259777
KMeans-weighted,25932,-22.606414625881992,-43.16479917404288,1,34,34,3.1826342176537565,3.1826342176537565
KMeans-weighted,25933,-22.589725437213616,-43.18381309691644,4,34,34,3.7250467237430374,3.7250467237430374
KMeans-weighted,25935,-22.615933155012947,-43.17975719830376,15,34,34,1.317769248599905,1.317769248599905
KMeans-weighted,25936,-22.62086490867415,-43.19203787685941,2,34,34,0.2691423772849024,0.2691423772849024
KMeans-weighted,25937,-22.64373828349399,-43.182944105487344,2,34,34,2.460069467313171,2.460069467313171
KMeans-weighted,25938,-22.6545713161462,-43.20333179891331,3,34,34,3.7891970147050835,3.7891970147050835
KMeans-weighted,25940,-22.617931893774944,-43.00412879602773,4,26,26,5.953940998246654,5.953940998246654
KMeans-weighted,25943,-22.55101493109428,-42.98442049906716,3,37,37,1.831330325466074,1.831330325466074
KMeans-weighted,25945,-22.528934117386,-42.98544280263765,1,37,37,0.9741394651327494,0.9741394651327494
KMeans-weighted,25946,-22.527718078493137,-42.97826627951071,11,37,37,1.614016756517769,1.614016756517769
KMeans-weighted,25949,-22.51454665728784,-42.96902750677734,2,37,37,3.2911571347828024,3.2911571347828024
KMeans-weighted,26010,-22.7551063244127,-43.42858334530357,13,41,41,2.4407785675050095,2.4407785675050095
KMeans-weighted,26011,-22.748785105742307,-43.43168107136049,9,17,17,2.4901425009590197,2.4901425009590197
KMeans-weighted,26012,-22.739120145317514,-43.438923776976765,9,17,17,2.064730462393862,2.064730462393862
KMeans-weighted,26013,-22.745675146224823,-43.44388802788447,13,17,17,1.2926571173219397,1.2926571173219397
KMeans-weighted,26015,-22.74498697417717,-43.43911485622618,7,17,17,1.7847652331391515,1.7847652331391515
KMeans-weighted,26020,-22.73307786504663,-43.4496138786291,14,17,17,1.8876384257976053,1.8876384257976053
KMeans-weighted,26021,-22.7265203412345,-43.43963538573774,5,8,8,2.5521210887973207,2.5521210887973207
KMeans-weighted,26022,-22.73223237271496,-43.460676715526674,10,17,17,1.927392417731659,1.927392417731659
KMeans-weighted,26023,-22.71845447873864,-43.45333006616676,1,8,8,1.4942698569601678,1.4942698569601678
KMeans-weighted,26030,-22.72927766291159,-43.46322545433846,9,17,17,2.3172853923328423,2.3172853923328423
KMeans-weighted,26031,-22.733144913944965,-43.47564299726109,4,17,17,2.680650086707318,2.680650086707318
KMeans-weighted,26032,-22.73116848461293,-43.4796971945155,5,17,17,3.14018743960496,3.14018743960496
KMeans-weighted,26033,-22.722956089481777,-43.4618987093067,1,8,8,2.3195734334983693,2.3195734334983693
KMeans-weighted,26035,-22.72277955303024,-43.46645519648206,1,8,8,2.589559484863483,2.589559484863483
KMeans-weighted,26040,-22.715476981048564,-43.45497446506072,5,8,8,1.2432102219922367,1.2432102219922367
KMeans-weighted,26041,-22.709788663568432,-43.465657949741065,9,8,8,1.7194661914219032,1.7194661914219032
KMeans-weighted,26042,-22.708401272321503,-43.47914027612773,1,8,8,3.051560274107243,3.051560274107243
KMeans-weighted,26050,-22.692333946397017,-43.4678329284204,4,8,8,2.3765749072187052,2.3765749072187052
KMeans-weighted,26051,-22.69370930904985,-43.45569367309577,6,8,8,1.451565483898538,1.451565483898538
KMeans-weighted,26052,-22.682661738953115,-43.44763426447411,7,8,8,2.5442757383735426,2.5442757383735426
KMeans-weighted,26053,-22.676424784708487,-43.46514837118791,2,8,8,3.6042594369641714,3.6042594369641714
KMeans-weighted,26060,-22.70596026208645,-43.44426093479684,6,8,8,0.5463419412151621,0.5463419412151621
KMeans-weighted,26062,-22.6632991804878,-43.42190649887993,1,8,8,5.481049183403468,5.481049183403468
KMeans-weighted,26063,-22.71869874105048,-43.47704074319361,1,8,8,3.1792249841419826,3.1792249841419826
KMeans-weighted,26070,-22.712261582859316,-43.43397796646818,18,8,8,1.7676614113541447,1.7676614113541447
KMeans-weighted,26080,-22.72546659818089,-43.5110829974867,5,42,42,2.337771689727282,2.337771689727282
KMeans-weighted,26082,-22.73084992306352,-43.501629004388285,1,42,42,2.26471863365192,2.26471863365192
KMeans-weighted,26083,-22.73962521457062,-43.51130348349012,6,42,42,0.8782029901296499,0.8782029901296499
KMeans-weighted,26084,-22.7288301166658,-43.51662859381047,3,42,42,1.896070482938457,1.896070482938457
KMeans-weighted,26085,-22.7378823853966,-43.540626520424674,2,42,42,2.6263186128778013,2.6263186128778013
KMeans-weighted,26086,-22.727495091333505,-43.52334987524174,5,42,42,2.160815158274237,2.160815158274237
KMeans-weighted,26087,-22.716288877191023,-43.51530571258531,14,42,42,3.292962171256611,3.292962171256611
KMeans-weighted,26088,-22.709994584521123,-43.52081425760519,5,42,42,4.014580937312154,4.014580937312154
KMeans-weighted,26110,-22.755672493046596,-43.36930490702333,3,46,46,3.0514463420261904,3.0514463420261904
KMeans-weighted,26112,-22.748890763540413,-43.40218859295182,6,46,46,1.0016406084759817,1.0016406084759817
KMeans-weighted,26113,-22.75249988943649,-43.39489689201624,4,46,46,1.1198755571234897,1.1198755571234897
KMeans-weighted,26115,-22.74102601762666,-43.39058910287586,7,46,46,0.515111795207967,0.515111795207967
KMeans-weighted,26116,-22.744030405639823,-43.38686162276392,3,46,46,0.8906139949006062,0.8906139949006062
KMeans-weighted,26120,-22.74095127698239,-43.407375755677286,3,46,46,1.2419393470900355,1.2419393470900355
KMeans-weighted,26123,-22.73755924382916,-43.40715915370587,3,46,46,1.3248573990781012,1.3248573990781012
KMeans-weighted,26125,-22.733091514554367,-43.40118902114117,2,46,46,1.198293346706165,1.198293346706165
KMeans-weighted,26130,-22.76452043290213,-43.40324268558952,13,46,41,2.522558196022647,2.584639411320098
KMeans-weighted,26135,-22.748837947683032,-43.4110954882984,3,46,46,1.7623590764576813,1.7623590764576813
KMeans-weighted,26140,-22.738645489116468,-43.41773917384008,6,46,46,2.332125761604082,2.332125761604082
KMeans-weighted,26143,-22.72777921195433,-43.41907983538552,1,46,46,2.9271059070940977,2.9271059070940977
KMeans-weighted,26155,-22.72149589575073,-43.40236747175682,2,46,46,2.436662186915448,2.436662186915448
KMeans-weighted,26160,-22.73036490590292,-43.39084713564882,5,46,46,1.4204636782863673,1.4204636782863673
KMeans-weighted,26163,-22.71802861019754,-43.38866458565219,1,46,46,2.800068456780986,2.800068456780986
KMeans-weighted,26165,-22.73004862963322,-43.38401397146633,6,46,46,1.8041592449785504,1.8041592449785504
KMeans-weighted,26167,-22.73381526820578,-43.37869831571142,3,46,46,1.9605104980248098,1.9605104980248098
KMeans-weighted,26170,-22.735308724256505,-43.3689986253974,1,46,46,2.8185484372101395,2.8185484372101395
KMeans-weighted,26172,-22.727797274174065,-43.36988532052452,1,46,46,3.07942579059535,3.07942579059535
KMeans-weighted,26173,-22.7293974724831,-43.35646929692585,3,40,40,3.1086935676463208,3.1086935676463208
KMeans-weighted,26175,-22.723712605507256,-43.34218222243037,4,40,40,1.6191691232028353,1.6191691232028353
KMeans-weighted,26178,-22.71708005610544,-43.37621943740937,4,46,46,3.4364960110421943,3.4364960110421943
KMeans-weighted,26180,-22.709309871783464,-43.340396840703605,1,40,40,2.2785857502920175,2.2785857502920175
KMeans-weighted,26183,-22.71884157108849,-43.3359503631358,8,40,40,1.2065476057557827,1.2065476057557827
KMeans-weighted,26185,-22.71230675457505,-43.3346366040831,3,40,40,1.6679813075082834,1.6679813075082834
KMeans-weighted,26187,-22.731683227835816,-43.34902267341827,3,40,40,2.41809614121893,2.41809614121893
KMeans-weighted,26190,-22.738054149192973,-43.33784294353118,1,40,40,1.8360809540500327,1.8360809540500327
KMeans-weighted,26193,-22.74371498675422,-43.34181565153629,3,40,40,2.5824999329705585,2.5824999329705585
KMeans-weighted,26196,-22.74788950490292,-43.365239469417695,1,46,46,3.1490226063143174,3.1490226063143174
KMeans-weighted,26210,-22.75587652233678,-43.45011309119682,13,17,17,0.970834170740928,0.970834170740928
KMeans-weighted,26215,-22.749383783452853,-43.44373182064543,12,17,17,1.2549492354691842,1.2549492354691842
KMeans-weighted,26216,-22.751111606071024,-43.46011896476947,3,17,17,0.4859165925935126,0.4859165925935126
KMeans-weighted,26220,-22.7584056941374,-43.442957719272016,12,17,17,1.693984140800644,1.693984140800644
KMeans-weighted,26221,-22.761895289271685,-43.44132518888005,6,17,17,2.0749053751405286,2.0749053751405286
KMeans-weighted,26225,-22.764974904450163,-43.43867207315254,6,41,41,1.984637651132967,1.984637651132967
KMeans-weighted,26230,-22.754343447271268,-43.42874379900237,1,41,41,2.5271875891420676,2.5271875891420676
KMeans-weighted,26250,-22.76580597634655,-43.44413388623215,6,17,17,2.226781995410773,2.226781995410773
KMeans-weighted,26255,-22.760838936119494,-43.45665101381061,33,17,17,1.3170037215268224,1.3170037215268224
KMeans-weighted,26256,-22.75641397681851,-43.468057858785166,1,17,17,1.488482770413477,1.488482770413477
KMeans-weighted,26260,-22.757514514925703,-43.47418414534944,1,17,17,2.0939964365457464,2.0939964365457464
KMeans-weighted,26261,-22.75945387444939,-43.48287991446073,10,17,17,2.9943471328644726,2.9943471328644726
KMeans-weighted,26262,-22.75865949445597,-43.46865496838731,4,17,17,1.6865798307078488,1.6865798307078488
KMeans-weighted,26263,-22.7511163216362,-43.4803664070067,9,17,17,2.5133209014318068,2.5133209014318068
KMeans-weighted,26265,-22.76240169452735,-43.49189992116156,8,42,42,3.1229793194810287,3.1229793194810287
KMeans-weighted,26266,-22.76149082223366,-43.49983733727016,1,42,42,2.4377049041154306,2.4377049041154306
KMeans-weighted,26270,-22.771786935706576,-43.513737001536,2,42,42,2.89474452227707,2.89474452227707
KMeans-weighted,26271,-22.76538805577464,-43.513740263369385,3,42,42,2.187800994652541,2.187800994652541
KMeans-weighted,26272,-22.761268184110865,-43.504602353534416,2,42,42,2.1031228050333395,2.1031228050333395
KMeans-weighted,26275,-22.758522248481707,-43.5081270171475,3,42,42,1.6486658643313366,1.6486658643313366
KMeans-weighted,26276,-22.747655366540023,-43.50045199921573,8,42,42,1.6604958894717723,1.6604958894717723
KMeans-weighted,26277,-22.75365868027963,-43.50568209999401,7,42,42,1.4089830968358918,1.4089830968358918
KMeans-weighted,26278,-22.750950306589704,-43.5104936361956,3,42,42,0.8371481255517202,0.8371481255517202
KMeans-weighted,26279,-22.746340793942444,-43.51599943467023,3,42,42,0.07461009321443886,0.07461009321443886
KMeans-weighted,26280,-22.74345546985677,-43.48205928698698,5,17,17,2.746469937598746,2.746469937598746
KMeans-weighted,26281,-22.739051517422563,-43.47469667232987,4,17,17,2.217483018847507,2.217483018847507
KMeans-weighted,26282,-22.743267765418626,-43.47080427462203,2,17,17,1.6505010492205037,1.6505010492205037
KMeans-weighted,26285,-22.749261034645645,-43.457434797409576,10,17,17,0.1534244796820769,0.1534244796820769
KMeans-weighted,26286,-22.74919369674164,-43.469546131254496,8,17,17,1.3930038181751725,1.3930038181751725
KMeans-weighted,26290,-22.7692389862532,-43.52530849381608,12,42,42,2.7487853422958968,2.7487853422958968
KMeans-weighted,26291,-22.775922205954583,-43.53552518598715,4,42,42,3.866724058769606,3.866724058769606
KMeans-weighted,26292,-22.765111723156878,-43.559026201122336,6,42,42,4.853936072039876,4.853936072039876
KMeans-weighted,26293,-22.79249083598364,-43.57524682495404,1,61,61,4.741205260385238,4.741205260385238
KMeans-weighted,26296,-22.80012558975328,-43.59358340822262,3,61,61,2.687228064557322,2.687228064557322
KMeans-weighted,26297,-22.81315246690653,-43.58884053145267,3,61,61,3.1183045582627464,3.1183045582627464
KMeans-weighted,26298,-22.821289601573383,-43.58391704635197,5,61,61,3.8787382667424306,3.8787382667424306
KMeans-weighted,26299,-22.84103615023977,-43.61515804577371,1,61,61,3.7632137951162554,3.7632137951162554
KMeans-weighted,26310,-22.71769036507631,-43.56406590011273,9,20,20,2.0524219424769483,2.0524219424769483
KMeans-weighted,26311,-22.7230667989856,-43.577531170720725,2,20,20,2.2141646127967944,2.2141646127967944
KMeans-weighted,26313,-22.72398694854633,-43.56859220120247,4,20,20,2.4494069377507,2.4494069377507
KMeans-weighted,26315,-22.726749869469312,-43.58842644869943,2,20,20,2.895192113115263,2.895192113115263
KMeans-weighted,26316,-22.691702991594585,-43.594666387857934,1,20,20,2.264356133868073,2.264356133868073
KMeans-weighted,26320,-22.70950681506173,-43.580279131181264,3,20,20,0.8065737139523002,0.8065737139523002
KMeans-weighted,26321,-22.7081915940706,-43.57351771589113,2,20,20,0.6324116556969328,0.6324116556969328
KMeans-weighted,26323,-22.721880392950524,-43.56120106689918,6,20,20,2.6009187891781025,2.6009187891781025
KMeans-weighted,26325,-22.720466020617074,-43.55679725976077,3,20,20,2.784063622311805,2.784063622311805
KMeans-weighted,26330,-22.73569440043516,-43.542197211853576,2,42,42,2.865601352724225,2.865601352724225
KMeans-weighted,26380,-22.707476317323948,-43.55071081533383,1,20,20,2.681408878540515,2.681408878540515
KMeans-weighted,26381,-22.6969098294197,-43.55741624112584,3,20,20,2.0716160127504932,2.0716160127504932
KMeans-weighted,26382,-22.692331349282565,-43.531816681604255,1,20,20,4.7331900237974835,4.7331900237974835
KMeans-weighted,26383,-22.707869677714925,-43.561315648938425,8,20,20,1.6360170722182275,1.6360170722182275
KMeans-weighted,26385,-22.705743887793957,-43.55656212344719,6,20,20,2.0581494259807127,2.0581494259807127
KMeans-weighted,26413,-22.696333434498968,-43.626641384369336,1,20,20,5.206444814480579,5.206444814480579
KMeans-weighted,26420,-22.68450772983073,-43.61532318330367,2,20,20,4.497548530024324,4.497548530024324
KMeans-weighted,26423,-22.6809778671,-43.61135654272859,1,20,20,4.350963660144279,4.350963660144279
KMeans-weighted,26425,-22.68320829858776,-43.6136513869842,1,20,20,4.417002774554472,4.417002774554472
KMeans-weighted,26430,-22.68817178316981,-43.60645936527142,3,20,20,3.5032995364623885,3.5032995364623885
KMeans-weighted,26433,-22.650250797954484,-43.65355119895557,4,15,15,4.776387221046233,4.776387221046233
KMeans-weighted,26435,-22.648997352455527,-43.65813095170957,4,15,15,4.322184253588063,4.322184253588063
KMeans-weighted,26440,-22.6438955448154,-43.64300824279504,4,15,15,5.345896058296031,5.345896058296031
KMeans-weighted,26443,-22.644806809224903,-43.65794599414254,2,15,15,4.0553811089775635,4.0553811089775635
KMeans-weighted,26445,-22.674494004101163,-43.60813218912923,3,20,20,4.555247072972229,4.555247072972229
KMeans-weighted,26450,-22.663207630218253,-43.610776285393406,1,20,20,5.671894054572492,5.671894054572492
KMeans-weighted,26453,-22.66951051838989,-43.61452547990683,3,20,20,5.411946847580618,5.411946847580618
KMeans-weighted,26455,-22.67373240752545,-43.59804565833488,1,20,20,3.954520579018506,3.954520579018506
KMeans-weighted,26460,-22.67164263350668,-43.59088177051566,2,20,20,3.807237654806194,3.807237654806194
KMeans-weighted,26470,-22.679545467450534,-43.593041196799824,1,20,20,3.1320426000335946,3.1320426000335946
KMeans-weighted,26480,-22.667916878063743,-43.58577332849087,1,20,20,4.036496932089574,4.036496932089574
KMeans-weighted,26510,-22.81662825484205,-43.41632496803764,21,31,31,0.23302268252409114,0.23302268252409114
KMeans-weighted,26515,-22.82027720659127,-43.42270906150816,3,31,31,1.001423366148353,1.001423366148353
KMeans-weighted,26520,-22.81249234447968,-43.42909625891298,17,31,31,1.52184741362233,1.52184741362233
KMeans-weighted,26521,-22.809500731742084,-43.43250149322672,6,31,31,1.9483634092598117,1.9483634092598117
KMeans-weighted,26525,-22.805706631753832,-43.42307905240664,20,31,31,1.3784175097826572,1.3784175097826572
KMeans-weighted,26526,-22.804257068335087,-43.42109060717076,2,31,31,1.3984895621106141,1.3984895621106141
KMeans-weighted,26530,-22.80164222999227,-43.41601787718497,8,31,31,1.5261882422339548,1.5261882422339548
KMeans-weighted,26535,-22.799760130437143,-43.41047447797409,10,31,31,1.7783088000006844,1.7783088000006844
KMeans-weighted,26540,-22.80794794860136,-43.40773098670876,7,31,31,1.0767108951364157,1.0767108951364157
KMeans-weighted,26545,-22.81382105979965,-43.40235279737406,9,31,31,1.262449901267429,1.262449901267429
KMeans-weighted,26550,-22.77075741016515,-43.4312991356195,4,41,41,0.9922878657411236,0.9922878657411236
KMeans-weighted,26551,-22.781707096310384,-43.42552236371597,10,41,41,0.5824878857282747,0.5824878857282747
KMeans-weighted,26553,-22.786322478605623,-43.43138510904005,6,41,41,1.3131962870920624,1.3131962870920624
KMeans-weighted,26554,-22.79089221312869,-43.43692215015001,4,41,41,2.062388439090028,2.062388439090028
KMeans-weighted,26556,-22.77776602762561,-43.43662348759625,4,41,41,1.2967883749373874,1.2967883749373874
KMeans-weighted,26557,-22.771105803454297,-43.43638870513932,2,41,41,1.4089531462839422,1.4089531462839422
KMeans-weighted,26560,-22.772872235146963,-43.42497545965702,4,41,41,0.4312557853993873,0.4312557853993873
KMeans-weighted,26562,-22.770064916804248,-43.422339662467735,8,41,41,0.7527307703660062,0.7527307703660062
KMeans-weighted,26564,-22.77328132742342,-43.41781714536901,6,41,41,0.7392961896748793,0.7392961896748793
KMeans-weighted,26570,-22.77814678640116,-43.4171342747468,2,41,41,0.7265194836004152,0.7265194836004152
KMeans-weighted,26572,-22.7846703338512,-43.41150550604952,4,41,41,1.5634544234835412,1.5634544234835412
KMeans-weighted,26574,-22.77767719983202,-43.4038669735974,4,41,41,2.0706055122742653,2.0706055122742653
KMeans-weighted,26580,-22.78727630139065,-43.42104793086865,5,41,41,1.2203633472521924,1.2203633472521924
KMeans-weighted,26582,-22.791786349943763,-43.41589366647349,5,41,41,1.8783722630575386,1.8783722630575386
KMeans-weighted,26584,-22.79705192396206,-43.42658602251409,2,41,41,2.2834316210583565,2.2834316210583565
KMeans-weighted,26585,-22.79835084305232,-43.434750437897016,3,41,41,2.6512067277751696,2.6512067277751696
KMeans-weighted,26587,-22.80462139272945,-43.4357429099578,2,31,31,2.474396904773509,2.474396904773509
KMeans-weighted,26600,-22.61483382699214,-43.705683375748585,35,15,15,1.8704731929560847,1.8704731929560847
KMeans-weighted,28680,-22.470849051492323,-42.657121037845286,19,12,12,0.0,0.0
KMeans-weighted,28695,-22.60367916043864,-42.74073968432629,1,24,24,15.264598378487985,15.264598378487985
KMeans-weighted,28800,-22.711927870432564,-42.63004113951235,27,24,24,2.106875182452187,2.106875182452187
P-Median,20010,-22.902565933548235,-43.17859890530714,7,31,31,0.3770920965545878,0.3770920965545878
P-Median,20011,-22.904993445903926,-43.17607769647398,15,31,31,0.13466983942008762,0.13466983942008762
P-Median,20020,-22.90749454533334,-43.17316912947846,9,31,31,0.45522045715106113,0.45522045715106113
P-Median,20021,-22.912369544913428,-43.17350079335496,13,31,31,0.832164857667297,0.832164857667297
P-Median,20030,-22.909873939082548,-43.17365036548527,21,31,31,0.5880537346234938,0.5880537346234938
P-Median,20031,-22.909572437655488,-43.1777031129869,38,31,31,0.4357668455261528,0.4357668455261528
P-Median,20040,-22.90568600024909,-43.177156307060464,35,31,31,0.0,0.0
P-Median,20041,-22.90320075238725,-43.17864558233141,2,31,31,0.3156538185752784,0.3156538185752784
P-Median,20050,-22.905696239420447,-43.179258208124025,8,31,31,0.2152944029077967,0.2152944029077967
P-Median,20051,-22.90306310094257,-43.18298926875737,3,31,31,0.6648446523760236,0.6648446523760236
P-Median,20060,-22.90742646003482,-43.22111290328188,2,50,50,1.4474989490149763,1.4474989490149763
P-Median,20061,-22.905811724167148,-43.18562902375168,1,67,67,0.8314670306144877,0.8314670306144877
P-Median,20070,-22.902331574261797,-43.17927884154506,6,31,31,0.431731157385546,0.431731157385546
P-Median,20071,-22.902076954244112,-43.18149783382578,14,31,31,0.5990010622198494,0.5990010622198494
P-Median,20080,-22.901209379401656,-43.18495724281751,6,31,31,0.9414071234194308,0.9414071234194308
P-Median,20081,-22.897715083300223,-43.18332992060644,15,31,31,1.0887875707210855,1.0887875707210855
P-Median,20090,-22.899054123828943,-43.17942063171785,20,31,31,0.7730454120962043,0.7730454120962043
P-Median,20091,-22.900151286264816,-43.17827587439508,13,31,31,0.6260258605522722,0.6260258605522722
P-Median,20210,-22.90869650356516,-43.201016378284464,7,67,67,1.3774341314031302,1.3774341314031302
P-Median,20211,-22.91148503866567,-43.19844247973102,19,67,67,1.044979018082904,1.044979018082904
P-Median,20220,-22.899829533909223,-43.20080433539784,17,67,67,1.9302694406294878,1.9302694406294878
P-Median,20221,-22.89945802156581,-43.19708452216502,5,67,67,1.7379191850209632,1.7379191850209632
P-Median,20230,-22.91285701073433,-43.18834911843799,46,67,67,0.0,0.0
P-Median,20231,-22.91259168660638,-43.18629265033459,23,67,67,0.212683107892977,0.212683107892977
P-Median,20240,-22.917770340408847,-43.18905754157791,13,67,67,0.5511349662474656,0.5511349662474656
P-Median,20241,-22.92200642517056,-43.18565741850953,31,67,67,1.05405895355888,1.05405895355888
P-Median,20250,-22.919337655136697,-43.21247470976231,10,50,50,0.3019776238314556,0.3019776238314556
P-Median,20251,-22.922200558918448,-43.20015626664134,14,67,67,1.5942875076806373,1.5942875076806373
P-Median,20260,-22.91934258444981,-43.21542322502569,50,50,50,0.0,0.0
P-Median,20261,-22.92401542829238,-43.213547671608914,41,50,50,0.5539655242205069,0.5539655242205069
P-Median,20270,-22.916244564738715,-43.21795033526529,42,50,50,0.43088050338809325,0.43088050338809325
P-Median,20271,-22.91566933091613,-43.2252134823305,41,50,50,1.0826980874308703,1.0826980874308703
P-Median,20510,-22.930347789330725,-43.24275226487902,42,42,42,0.9109824113367032,0.9109824113367032
P-Median,20511,-22.9284131316606,-43.240538180114825,43,42,42,0.8486410111652046,0.8486410111652046
P-Median,20520,-22.926258825257275,-43.231846424609145,64,12,12,0.0,0.0
P-Median,20521,-22.927918848210943,-43.23197212177495,42,12,12,0.18503470322476234,0.18503470322476234
P-Median,20530,-22.93768625306417,-43.24886943417944,32,42,42,1.6838257126685823,1.6838257126685823
P-Median,20531,-22.958246852875916,-43.27033293203977,8,42,42,4.661240280208293,4.661240280208293
P-Median,20535,-22.877802617547648,-43.27309285397244,4,0,0,1.3041600945835394,1.3041600945835394
P-Median,20540,-22.92255591041081,-43.243901231317686,73,42,42,0.2267247779911281,0.2267247779911281
P-Median,20541,-22.92275898098941,-43.246104027508025,72,42,42,0.0,0.0
P-Median,20550,-22.91679214318689,-43.2315503991291,71,12,12,1.0530849702224105,1.0530849702224105
P-Median,20551,-22.91439065092508,-43.24569874883489,52,42,42,0.9314424349110999,0.9314424349110999
P-Median,20560,-22.91863600041784,-43.25724486396328,46,42,42,1.2296556293561915,1.2296556293561915
P-Median,20561,-22.923671061855,-43.27951061325535,28,54,54,2.098550757784455,2.098550757784455
P-Median,20710,-22.90830858763459,-43.2764243094503,10,54,54,1.2205814033590425,1.2205814033590425
P-Median,20715,-22.91224198054703,-43.26872667336991,6,54,54,2.090868618691481,2.090868618691481
P-Median,20720,-22.906575946931888,-43.28819167590577,50,54,54,0.0,0.0
P-Median,20725,-22.906412217480728,-43.28249517700716,9,54,54,0.5837557299635102,0.5837557299635102
P-Median,20730,-22.902290913852568,-43.29839517326879,13,54,54,1.148612426686457,1.148612426686457
P-Median,20735,-22.900247004009792,-43.28620954651436,36,54,54,0.7324481065143434,0.7324481065143434
P-Median,20740,-22.89620288125079,-43.31266061354411,11,45,45,1.5954091618281514,1.5954091618281514
P-Median,20745,-22.903600471965063,-43.306901589519335,18,54,54,1.9447593754751609,1.9447593754751609
P-Median,20750,-22.87518071840644,-43.30082797736797,5,45,45,2.117196137043865,2.117196137043865
P-Median,20751,-22.883894678436565,-43.30538425605098,13,45,45,1.4487084153148808,1.4487084153148808
P-Median,20755,-22.888719129958837,-43.29710870135924,8,0,0,1.6091332339579065,1.6091332339579065
P-Median,20756,-22.889303208418365,-43.30454037225461,10,45,45,1.6718836860958421,1.6718836860958421
P-Median,20760,-22.879177245162506,-43.28592690942743,4,0,0,0.9325359254590645,0.9325359254590645
P-Median,20761,-22.870098149013963,-43.2972179170696,1,0,0,2.431375469802091,2.431375469802091
P-Median,20765,-22.87067512100277,-43.28612468627153,8,0,0,1.825091442159264,1.825091442159264
P-Median,20766,-22.865673065092224,-43.28931782004312,5,0,0,2.4525666703607,2.4525666703607
P-Median,20770,-22.89263110411781,-43.28601357326318,12,0,0,0.8150553188067192,0.8150553188067192
P-Median,20771,-22.88654522617883,-43.28157899070825,31,0,0,0.0,0.0
P-Median,20775,-22.894787607705087,-43.27754555337602,23,0,0,1.0053413849099824,1.0053413849099824
P-Median,20780,-22.8964631877728,-43.27217170225893,32,0,0,1.4645385888674298,1.4645385888674298
P-Median,20785,-22.88659325431333,-43.26783420069855,16,0,0,1.4080460011396718,1.4080460011396718
P-Median,20910,-22.89952439510988,-43.23052438041678,11,68,68,0.6552313701445276,0.6552313701445276
P-Median,20911,-22.89314885311464,-43.242201014642525,8,68,68,1.0961015720435492,1.0961015720435492
P-Median,20920,-22.89524485967227,-43.231902550437,8,68,68,0.1758973643246049,0.1758973643246049
P-Median,20921,-22.893703236582244,-43.23151762119004,19,68,68,0.0,0.0
P-Median,20930,-22.889979653251217,-43.22883289161473,3,68,68,0.4970581630590331,0.4970581630590331
P-Median,20931,-22.880476502680093,-43.21772315263865,11,68,68,2.0396092465410245,2.0396092465410245
P-Median,20932,-22.85332248950828,-43.397360098269154,1,60,60,3.4746093581266386,3.4746093581266386
P-Median,20940,-22.90178148194564,-43.21920005325752,18,68,68,1.5488136866466564,1.5488136866466564
P-Median,20941,-22.90503857930972,-43.218289836880224,15,50,50,1.6174069033485545,1.6174069033485545
P-Median,20943,-22.907619844963776,-43.23590445490212,3,68,68,1.6113782984785385,1.6113782984785385
P-Median,20950,-22.90399569141674,-43.25558609559154,34,42,42,2.301339844789449,2.301339844789449
P-Median,20960,-22.899105988671952,-43.24932163781583,6,68,68,1.9201372979897022,1.9201372979897022
P-Median,20961,-22.89892108854126,-43.26048783057711,3,0,0,2.561552761751576,2.561552761751576
P-Median,20970,-22.89490962921127,-43.29895518595955,4,54,54,1.7024575125630945,1.7024575125630945
P-Median,20972,-22.908149571852817,-43.26020630971305,1,42,42,2.1737363582281133,2.1737363582281133
P-Median,20973,-22.89480299365888,-43.30460678807501,3,45,45,1.9905479874090912,1.9905479874090912
P-Median,20975,-22.89442355697212,-43.251622708261415,3,68,68,2.0610369643523954,2.0610369643523954
P-Median,21010,-22.82383918425472,-43.3063018523626,7,9,9,1.4553016819096123,1.4553016819096123
P-Median,21011,-22.827727546600816,-43.2864223207302,16,9,9,2.4360287586304334,2.4360287586304334
P-Median,21012,-22.835042850775064,-43.31263647240438,7,9,9,0.5107284770374271,0.5107284770374271
P-Median,21020,-22.835828487618876,-43.27614378416555,33,29,29,1.7585716013364803,1.7585716013364803
P-Median,21021,-22.84207289300327,-43.265065434319375,25,29,29,1.1171419331488757,1.1171419331488757
P-Median,21030,-22.850002554499312,-43.263354020176415,3,29,29,0.7393968911307282,0.7393968911307282
P-Median,21031,-22.84825657231105,-43.25613344368642,17,29,29,1.5006111461378586,1.5006111461378586
P-Median,21032,-22.86037660176917,-43.2556698277572,9,29,29,1.8592108650410972,1.8592108650410972
P-Median,21040,-22.858267172627272,-43.25269222978843,9,29,29,2.0080676991836985,2.0080676991836985
P-Median,21041,-22.87144109880102,-43.258727578503766,10,29,29,2.5967372324647244,2.5967372324647244
P-Median,21042,-22.86486541105725,-43.24870050352791,4,29,29,2.730436038423522,2.730436038423522
P-Median,21043,-22.88658041606038,-43.2773189390998,1,0,0,0.43642331955650576,0.43642331955650576
P-Median,21044,-22.857706333465654,-43.267186202026345,4,29,29,0.8435241355110464,0.8435241355110464
P-Median,21046,-22.87178460618622,-43.25004020994305,4,68,68,3.0888173035915965,3.0888173035915965
P-Median,21050,-22.87598170475497,-43.26005615466438,17,0,0,2.498272951801941,2.498272951801941
P-Median,21051,-22.874222414375385,-43.26728790044959,5,0,0,2.005252381975894,2.005252381975894
P-Median,21060,-22.857331891254034,-43.26363956816405,17,29,29,1.0146474791984181,1.0146474791984181
P-Median,21061,-22.866391297064204,-43.27158801093624,14,29,29,1.7403502198236283,1.7403502198236283
P-Median,21070,-22.843914411682647,-43.283779066776354,9,29,29,1.5578247377118974,1.5578247377118974
P-Median,21071,-22.860726267312923,-43.28764650581979,4,29,29,2.074710826026338,2.074710826026338
P-Median,21073,-22.850770856037,-43.27052152360208,26,29,29,0.0,0.0
P-Median,21210,-22.84373140637614,-43.30242672582638,17,9,9,0.9595135889082762,0.9595135889082762
P-Median,21211,-22.836828071243165,-43.30804460963914,13,9,9,0.0,0.0
P-Median,21215,-22.833788776762518,-43.29604433389999,18,9,9,1.2753801933498141,1.2753801933498141
P-Median,21220,-22.84942286859225,-43.31350882748824,24,9,9,1.508269558311998,1.508269558311998
P-Median,21221,-22.84606476402831,-43.31053536227519,22,9,9,1.0583149823255653,1.0583149823255653
P-Median,21230,-22.82666297562433,-43.3225314634884,42,9,9,1.8659558604826922,1.8659558604826922
P-Median,21231,-22.831527268945862,-43.32219671997402,7,9,9,1.565519620044974,1.565519620044974
P-Median,21235,-22.83791177652518,-43.322271046058205,36,9,9,1.46287574434093,1.46287574434093
P-Median,21236,-22.8396852659843,-43.33712480023102,1,9,9,2.996962967903838,2.996962967903838
P-Median,21240,-22.8111210300632,-43.32621279907767,7,9,9,3.4114757806769003,3.4114757806769003
P-Median,21241,-22.81349696231808,-43.30803677134236,4,9,9,2.5943046532379443,2.5943046532379443
P-Median,21250,-22.824619091439565,-43.30674667488387,22,9,9,1.364079490757631,1.364079490757631
P-Median,21310,-22.879083342003987,-43.33935560703397,18,45,45,2.0867166313681946,2.0867166313681946
P-Median,21311,-22.88918177352332,-43.32763594596467,16,45,45,1.0572448639980092,1.0572448639980092
P-Median,21320,-22.892905876006864,-43.347644389533606,16,19,19,1.0395301593162654,1.0395301593162654
P-Median,21321,-22.89512617328995,-43.357502145957,57,19,19,0.0,0.0
P-Median,21330,-22.8828767826158,-43.36417448357049,50,19,19,1.5239514674315386,1.5239514674315386
P-Median,21331,-22.87350715228709,-43.36567754387448,25,60,60,2.054864641505166,2.054864641505166
P-Median,21340,-22.871018134717986,-43.35684491471535,9,60,60,1.8933682010275787,1.8933682010275787
P-Median,21341,-22.882442915756783,-43.34947007028445,22,19,19,1.6327880852045809,1.6327880852045809
P-Median,21350,-22.87793235260004,-43.33016620442746,12,45,45,1.2449780789079739,1.2449780789079739
P-Median,21351,-22.87044820264357,-43.34296526816304,10,60,60,2.7071959163334642,2.7071959163334642
P-Median,21360,-22.866945338258187,-43.33478170506691,8,45,45,2.4003607556534363,2.4003607556534363
P-Median,21361,-22.85332826176321,-43.32822806263115,12,9,9,2.7647680129881587,2.7647680129881587
P-Median,21370,-22.87000636720115,-43.32004486324283,4,45,45,1.4811875827742838,1.4811875827742838
P-Median,21371,-22.85106228596877,-43.32617884775252,9,9,9,2.4409793920584693,2.4409793920584693
P-Median,21380,-22.88331793518069,-43.31951190668025,19,45,45,0.0,0.0
P-Median,21381,-22.87907528708003,-43.314672063074205,8,45,45,0.6843950422312803,0.6843950422312803
P-Median,21510,-22.84251003329592,-43.35349069066133,7,60,60,1.739113663999525,1.739113663999525
P-Median,21511,-22.84410299270375,-43.35219269222594,5,60,60,1.687971239054406,1.687971239054406
P-Median,21512,-22.84146868829085,-43.36195292092932,5,60,60,1.5280451598124458,1.5280451598124458
P-Median,21515,-22.83902730987094,-43.35587746226516,5,60,60,1.9543889428493748,1.9543889428493748
P-Median,21520,-22.810998397638027,-43.3618771585306,3,41,41,2.666917617397325,2.666917617397325
P-Median,21530,-22.828811915352887,-43.346307609440586,6,60,60,3.4167843245073617,3.4167843245073617
P-Median,21532,-22.8130814021041,-43.36036408098235,1,41,41,2.945531811200589,2.945531811200589
P-Median,21535,-22.8194481093076,-43.35408490190018,2,41,41,3.890976883739908,3.890976883739908
P-Median,21540,-22.852143526409453,-43.34281302027885,10,60,60,2.1464127971439466,2.1464127971439466
P-Median,21545,-22.8432861377694,-43.34344431819371,4,60,60,2.4418544518335286,2.4418544518335286
P-Median,21550,-22.86207117720982,-43.35623041492665,14,60,60,1.072679959360531,1.072679959360531
P-Median,21555,-22.855135850026095,-43.36350730842812,13,60,60,0.0,0.0
P-Median,21557,-22.85620371453252,-43.37495578967732,3,60,60,1.179059921712066,1.179059921712066
P-Median,21610,-22.867011045510356,-43.371883316604816,20,60,60,1.5748492031540084,1.5748492031540084
P-Median,21615,-22.86209078632198,-43.39136925868886,17,60,60,2.957700377249403,2.957700377249403
P-Median,21616,-22.85387973916863,-43.39680943222229,10,60,60,3.4151797043952605,3.4151797043952605
P-Median,21620,-22.839350559609453,-43.40486056012263,12,26,26,4.181128952609413,4.181128952609413
P-Median,21625,-22.832605349060035,-43.40280856194904,11,26,26,3.641757708989436,3.641757708989436
P-Median,21630,-22.825649495444644,-43.41164984676431,5,26,26,2.5079433664816166,2.5079433664816166
P-Median,21635,-22.83290297152516,-43.41230278119793,2,26,26,3.2194810666801357,3.2194810666801357
P-Median,21640,-22.83463324022867,-43.39275636997285,2,60,60,3.7657478421051143,3.7657478421051143
P-Median,21645,-22.821385636314904,-43.39760318048674,2,26,26,3.1397192843693724,3.1397192843693724
P-Median,21650,-22.816850689474528,-43.374314532417216,5,41,41,2.91692847513312,2.91692847513312
P-Median,21655,-22.818616394359942,-43.382598700728,2,41,41,3.190752001134744,3.190752001134744
P-Median,21660,-22.839960552960555,-43.37703910572291,7,60,60,2.184051597035596,2.184051597035596
P-Median,21665,-22.83427156601059,-43.377978641515625,1,60,60,2.753448899963619,2.753448899963619
P-Median,21670,-22.84984365215036,-43.3808702413711,5,60,60,1.873925239572283,1.873925239572283
P-Median,21675,-22.849034554602184,-43.3744236468128,8,60,60,1.3082315328176444,1.3082315328176444
P-Median,21710,-22.876979699775763,-43.42527912676291,11,53,53,0.0,0.0
P-Median,21715,-22.87947674705333,-43.44026398123803,11,53,53,1.5600717094419543,1.5600717094419543
P-Median,21720,-22.865120805735398,-43.4470342137163,3,53,53,2.589735808156247,2.589735808156247
P-Median,21721,-22.8753558465787,-43.28063646200473,2,0,0,1.2479450883390857,1.2479450883390857
P-Median,21725,-22.85918299393417,-43.456665616338015,6,25,25,2.8232248275537972,2.8232248275537972
P-Median,21730,-22.86435505255422,-43.434757144170185,7,53,53,1.7069268064841903,1.7069268064841903
P-Median,21735,-22.871537517256936,-43.429726914847,6,53,53,0.7575239776292836,0.7575239776292836
P-Median,21740,-22.88433305340309,-43.387504877344114,10,19,19,3.2994607574726227,3.2994607574726227
P-Median,21741,-22.88962788350659,-43.395124429249634,6,58,58,3.2936888817602794,3.2936888817602794
P-Median,21745,-22.879549301241177,-43.41011862496182,8,53,53,1.5792216472957148,1.5792216472957148
P-Median,21746,-22.885775526693383,-43.4110256032492,1,53,53,1.7574958959582454,1.7574958959582454
P-Median,21750,-22.87873543265548,-43.415788362287785,10,53,53,0.9917160433609321,0.9917160433609321
P-Median,21755,-22.88385334415563,-43.41913635549757,4,53,53,0.9900505325187237,0.9900505325187237
P-Median,21760,-22.89044829208524,-43.42058389455041,11,53,53,1.5729865551326485,1.5729865551326485
P-Median,21765,-22.890938364362235,-43.43068537741355,12,53,53,1.6479852444660343,1.6479852444660343
P-Median,21770,-22.892257517452293,-43.44208696544872,7,53,53,2.418827982506381,2.418827982506381
P-Median,21775,-22.886952911633603,-43.446644127201374,9,25,25,2.3581859535334804,2.3581859535334804
P-Median,21810,-22.87922054417216,-43.45931046493799,11,25,25,1.0357988314014341,1.0357988314014341
P-Median,21815,-22.88548385187386,-43.45769280672658,8,25,25,1.2251691194219132,1.2251691194219132
P-Median,21820,-22.88188843504765,-43.46899760400734,11,25,25,0.0,0.0
P-Median,21825,-22.892248480036507,-43.47086620332721,5,25,25,1.1677816257853662,1.1677816257853662
P-Median,21830,-22.880118655848957,-43.483604754804006,9,25,25,1.509322816282355,1.509322816282355
P-Median,21831,-22.88976260419128,-43.48390785134509,7,25,25,1.760590694747871,1.760590694747871
P-Median,21832,-22.894998640111965,-43.490836960215546,9,25,25,2.670266500940206,2.670266500940206
P-Median,21833,-22.8814818751053,-43.49448328547964,3,25,25,2.6112748151340233,2.6112748151340233
P-Median,21840,-22.868363814263653,-43.46923216795061,6,25,25,1.5040632831791145,1.5040632831791145
P-Median,21842,-22.868421364534367,-43.47985554134832,9,25,25,1.8654349112743966,1.8654349112743966
P-Median,21843,-22.870893429404216,-43.48330150443216,6,25,25,1.908451903079991,1.908451903079991
P-Median,21850,-22.859425219557973,-43.486817054989416,2,25,25,3.0938727618220327,3.0938727618220327
P-Median,21852,-22.86305592280701,-43.4696365930169,1,25,25,2.0951057629340015,2.0951057629340015
P-Median,21853,-22.85708276487565,-43.486439191165495,11,25,25,3.286531898882228,3.286531898882228
P-Median,21854,-22.845556518964184,-43.49501645648064,1,25,25,4.840230261775589,4.840230261775589
P-Median,21860,-22.862369101863525,-43.46728646117796,5,25,25,2.177522347198474,2.177522347198474
P-Median,21862,-22.864698795351657,-43.46636013974529,6,25,25,1.9304085986626849,1.9304085986626849
P-Median,21863,-22.850951552039938,-43.46693512747451,6,25,25,3.4465133953871634,3.4465133953871634
P-Median,21864,-22.853845962536496,-43.46103565025077,3,25,25,3.223122627102242,3.223122627102242
P-Median,21865,-22.853042262633373,-43.47042497115219,2,25,25,3.2108845367744796,3.2108845367744796
P-Median,21866,-22.859130493251165,-43.47880605689346,8,25,25,2.7227992937567027,2.7227992937567027
P-Median,21870,-22.871019283986563,-43.45851442872575,7,25,25,1.6168370924114495,1.6168370924114495
P-Median,21875,-22.873409010490445,-43.4537411569272,2,25,25,1.8253649972465231,1.8253649972465231
P-Median,21910,-22.79777839220466,-43.18136086251543,15,16,16,2.331154182905163,2.331154182905163
P-Median,21911,-22.7900819429952,-43.17257319356364,9,16,16,3.562624599069623,3.562624599069623
P-Median,21920,-22.79811558143935,-43.19569772270941,25,16,16,1.3493479394077301,1.3493479394077301
P-Median,21921,-22.8083044291334,-43.18564856697721,13,16,16,1.4979327940356002,1.4979327940356002
P-Median,21930,-22.819481062981133,-43.1783585853495,12,16,16,2.498082334884309,2.498082334884309
P-Median,21931,-22.809517664348768,-43.200203165434935,39,16,16,0.0,0.0
P-Median,21932,-22.80486286271774,-43.22572822631956,4,16,16,2.6670563687316378,2.6670563687316378
P-Median,21940,-22.81388871143013,-43.20247749638257,30,16,16,0.5390510063728765,0.5390510063728765
P-Median,21941,-22.8338340042933,-43.24885668973881,21,29,29,2.9112953839755846,2.9112953839755846
P-Median,22010,-22.96271293881479,-43.1708107829536,24,59,59,1.392917670402805,1.392917670402805
P-Median,22011,-22.96400610563266,-43.17658358618979,30,59,59,0.7846662388770884,0.7846662388770884
P-Median,22020,-22.965453849156813,-43.17847566804375,23,59,59,0.5712135576237091,0.5712135576237091
P-Median,22021,-22.96571567280818,-43.178905752541766,22,59,59,0.5271872977920203,0.5271872977920203
P-Median,22030,-22.965586191842657,-43.18405306861811,26,59,59,0.0,0.0
P-Median,22031,-22.966933621230865,-43.18792165085605,22,59,59,0.4234616119889987,0.4234616119889987
P-Median,22040,-22.968389299018032,-43.1849944726417,20,59,59,0.32625317319634295,0.32625317319634295
P-Median,22041,-22.96767360462037,-43.19002828343284,24,59,59,0.6543015439676285,0.6543015439676285
P-Median,22050,-22.972595655601555,-43.18771945633724,27,59,59,0.8650943855014518,0.8650943855014518
P-Median,22051,-22.972873846317363,-43.19052130370873,21,46,46,0.9134679100266171,0.9134679100266171
P-Median,22060,-22.97702862454598,-43.19034089760792,17,46,46,0.5589634169758878,0.5589634169758878
P-Median,22061,-22.975419252327107,-43.19263365219479,21,46,46,0.566512308643427,0.566512308643427
P-Median,22070,-22.980688017563597,-43.18955936508214,19,46,46,0.5180873730536348,0.5180873730536348
P-Median,22071,-22.980184787318848,-43.19459066773997,32,46,46,0.0,0.0
P-Median,22080,-22.98466377656021,-43.1925284491284,21,46,46,0.5409358741003918,0.5409358741003918
P-Median,22081,-22.984441149894824,-43.19341592390328,28,46,46,0.4883257323273887,0.4883257323273887
P-Median,22210,-22.931070810893203,-43.176115962189314,33,2,2,0.8137212693609788,0.8137212693609788
P-Median,22211,-22.923384297280904,-43.179530436549925,4,2,2,1.4393522635093499,1.4393522635093499
P-Median,22220,-22.92956446372173,-43.17684636890966,27,2,2,0.8930678101580938,0.8930678101580938
P-Median,22221,-22.928999413639037,-43.18145032839962,43,2,2,0.7965056924883632,0.7965056924883632
P-Median,22230,-22.937297973252814,-43.176889612976375,52,2,2,0.5218874660415469,0.5218874660415469
P-Median,22231,-22.93615390975268,-43.18183226783302,45,2,2,0.0,0.0
P-Median,22240,-22.935263476239665,-43.18726357297116,47,2,2,0.5649332156780839,0.5649332156780839
P-Median,22241,-22.93845834691675,-43.1963680762055,15,2,2,1.5104062634891955,1.5104062634891955
P-Median,22245,-22.941061091973182,-43.191231191173394,15,2,2,1.106384418596361,1.106384418596361
P-Median,22250,-22.942211644081578,-43.17758693818259,55,2,2,0.801693834540992,0.801693834540992
P-Median,22251,-22.945344203574265,-43.185010548945066,35,36,36,0.963513874437589,0.963513874437589
P-Median,22260,-22.94921626511125,-43.19021396256844,49,36,36,0.441164081190412,0.441164081190412
P-Median,22261,-22.95721825808972,-43.20026060905936,22,36,36,1.2180127699698344,1.2180127699698344
P-Median,22270,-22.953082188232276,-43.18924536490677,45,36,36,0.0,0.0
P-Median,22271,-22.95610379641452,-43.19395105535185,22,36,36,0.5873961843765709,0.5873961843765709
P-Median,22280,-22.95440868548141,-43.185650031057385,29,36,36,0.396578984685194,0.396578984685194
P-Median,22281,-22.95685190582306,-43.19364574140023,18,36,36,0.6153902882401366,0.6153902882401366
P-Median,22290,-22.954428429403357,-43.17707420858368,56,36,36,1.2551710727545302,1.2551710727545302
P-Median,22291,-22.942311951383264,-43.166780906762526,10,2,2,1.6865439443127488,1.6865439443127488
P-Median,22410,-22.98392343049867,-43.207101465917965,38,46,46,1.3465018622926284,1.3465018622926284
P-Median,22411,-22.98194469977677,-43.20241313570824,21,46,46,0.8243505495062401,0.8243505495062401
P-Median,22420,-22.985312022606557,-43.20414276378719,24,46,46,1.1319023672692812,1.1319023672692812
P-Median,22421,-22.982140216547386,-43.20687525073036,8,46,46,1.276230167332313,1.276230167332313
P-Median,22430,-22.98210232841188,-43.22013314970181,35,33,33,0.5440407657313495,0.5440407657313495
P-Median,22431,-22.98284371340203,-43.22474000720175,22,33,33,0.14802555641304946,0.14802555641304946
P-Median,22440,-22.984439128577424,-43.22151271315892,25,33,33,0.3537152802549854,0.3537152802549854
P-Median,22441,-22.98416017609255,-43.22495474880264,26,33,33,0.0,0.0
P-Median,22450,-22.986493696399247,-43.23306806247369,39,33,33,0.8701227223574427,0.8701227223574427
P-Median,22451,-22.97841522971715,-43.23772919271784,56,33,33,1.4554044848118628,1.4554044848118628
P-Median,22452,-22.952645498107493,-43.30267070542142,2,63,63,3.244259610323008,3.244259610323008
P-Median,22460,-22.96483495864169,-43.22490223070295,15,10,10,0.9707583695233345,0.9707583695233345
P-Median,22461,-22.96134503409605,-43.21364138805082,32,10,10,0.49812459139686777,0.49812459139686777
P-Median,22470,-22.96550432697566,-43.21544841322038,35,10,10,0.0,0.0
P-Median,22471,-22.967625971408516,-43.203212882392485,28,10,10,1.2747065774153656,1.2747065774153656
P-Median,22610,-22.99599813649958,-43.261663703422506,29,33,33,3.981531274125285,3.981531274125285
P-Median,22611,-23.008068841447862,-43.29861176534447,8,14,14,4.3416127040263985,4.3416127040263985
P-Median,22620,-23.00947497991475,-43.33453004891496,35,14,14,0.9082959133187352,0.9082959133187352
P-Median,22621,-23.010803499326403,-43.3098866524811,27,14,14,3.2581752197961706,3.2581752197961706
P-Median,22630,-23.01013125796049,-43.33867951997416,30,14,14,0.750739503137058,0.750739503137058
P-Median,22631,-23.00365666838398,-43.34075885321385,85,14,14,0.0,0.0
P-Median,22640,-23.001267617010637,-43.3355988370672,26,14,14,0.5911933261734523,0.5911933261734523
P-Median,22641,-22.986105098852665,-43.31152067063231,6,63,63,2.9617110684654566,2.9617110684654566
P-Median,22710,-22.934576022997884,-43.37578841332682,51,5,5,1.5391807583373238,1.5391807583373238
P-Median,22711,-22.91373119718309,-43.39089712057767,1,58,58,0.6668704180523369,0.6668704180523369
P-Median,22713,-22.930174584016687,-43.39608391214564,30,58,58,1.6561550144596715,1.6561550144596715
P-Median,22715,-22.923355641776094,-43.383046917508274,9,58,58,0.6775060451430401,0.6775060451430401
P-Median,22720,-22.91816741998529,-43.38651552844117,25,58,58,0.0,0.0
P-Median,22723,-22.91689708484027,-43.40278883313536,41,58,58,1.6726551102305354,1.6726551102305354
P-Median,22725,-22.91150171276762,-43.37652610722419,21,58,58,1.2633832938562635,1.2633832938562635
P-Median,22730,-22.920002522357752,-43.3695754073506,22,58,58,1.7469127033278837,1.7469127033278837
P-Median,22733,-22.906015750671408,-43.364980246342064,18,19,19,1.4328076865025738,1.4328076865025738
P-Median,22735,-22.920928532759326,-43.3584654815096,15,5,5,1.795624291888566,1.795624291888566
P-Median,22740,-22.92625659532195,-43.35975777828106,22,5,5,1.1912299146349157,1.1912299146349157
P-Median,22743,-22.930174278267923,-43.34644038809006,48,5,5,1.666146617777757,1.666146617777757
P-Median,22745,-22.93505848017408,-43.33359407042855,31,34,34,0.9293157262581542,0.9293157262581542
P-Median,22750,-22.94338467090066,-43.33437919544068,49,34,34,0.0,0.0
P-Median,22753,-22.96619236089961,-43.33073451387544,52,63,63,0.0,0.0
P-Median,22755,-22.947502549436848,-43.33814210193203,19,34,34,0.598435572450353,0.598435572450353
P-Median,22760,-22.938856559491374,-43.34583380346626,16,34,34,1.2764550795221559,1.2764550795221559
P-Median,22763,-22.949418433889697,-43.38717689639774,15,27,27,2.233878650478,2.233878650478
P-Median,22765,-22.954431333815165,-43.35527342221761,25,5,5,2.033734281322421,2.033734281322421
P-Median,22770,-22.93691091371265,-43.36097335035081,46,5,5,0.0,0.0
P-Median,22772,-22.95005017710918,-43.36084751104725,1,5,5,1.4610782705769245,1.4610782705769245
P-Median,22773,-22.94846910030558,-43.364489898207424,9,5,5,1.3347056848030658,1.3347056848030658
P-Median,22775,-22.969148201152677,-43.38306523796816,103,27,27,0.0,0.0
P-Median,22776,-22.99004850815858,-43.35448107201586,11,14,14,2.064581386276617,2.064581386276617
P-Median,22780,-22.962843790439337,-43.40116578306731,48,27,27,1.981319165269604,1.981319165269604
P-Median,22783,-22.984082408782115,-43.44889019919411,44,64,64,0.0,0.0
P-Median,22785,-22.979900329721087,-43.49176475913368,15,64,64,4.4136035033195276,4.4136035033195276
P-Median,22790,-23.01298650422646,-43.46551954103294,136,11,11,0.0,0.0
P-Median,22793,-23.00061899109568,-43.40471828456725,116,39,39,0.0,0.0
P-Median,22795,-23.020470737334893,-43.46265642068304,68,11,11,0.8822891241430512,0.8822891241430512
P-Median,23010,-22.885872200386764,-43.51372891804045,10,1,1,3.508498312848428,3.508498312848428
P-Median,23012,-22.891289709125683,-43.528538034861306,5,1,1,2.7609415283393584,2.7609415283393584
P-Median,23013,-22.90125781010044,-43.541434503067336,11,48,48,2.7545122984846784,2.7545122984846784
P-Median,23015,-22.908174032805224,-43.53967787825952,4,48,48,2.513214652213786,2.513214652213786
P-Median,23016,-22.912595307197087,-43.53593879115358,5,48,48,2.7449252936132744,2.7449252936132744
P-Median,23017,-22.91957476261591,-43.52855570225305,16,48,48,3.473444887152925,3.473444887152925
P-Median,23020,-23.0049905225767,-43.54784520457546,17,51,51,6.971255341298399,6.971255341298399
P-Median,23025,-22.99046924798533,-43.61550570181899,4,51,51,2.993905804114487,2.993905804114487
P-Median,23026,-22.99073734829478,-43.63045092144838,7,51,51,3.970627942976585,3.970627942976585
P-Median,23027,-23.00123690831294,-43.64009513690838,1,51,51,5.490134085645947,5.490134085645947
P-Median,23028,-22.98056296317437,-43.65998986714787,7,56,56,3.0894609973906055,3.0894609973906055
P-Median,23030,-22.96669955681108,-43.6017686687425,12,51,51,0.0,0.0
P-Median,23031,-22.964378631240205,-43.61186736926677,6,51,51,1.065644611058949,1.065644611058949
P-Median,23032,-22.972563998366837,-43.64295047031437,11,51,51,4.266267104015851,4.266267104015851
P-Median,23033,-22.955943986568656,-43.60659613358818,8,51,51,1.294074341137114,1.294074341137114
P-Median,23035,-22.945894102935657,-43.594457021538446,12,51,51,2.43157631612973,2.43157631612973
P-Median,23036,-22.937899966329617,-43.578646142633474,10,48,48,2.8761216626091053,2.8761216626091053
P-Median,23040,-22.9331056624521,-43.55411381012552,19,48,48,1.9951744365446935,1.9951744365446935
P-Median,23042,-22.92777932523722,-43.554503392883646,10,48,48,1.457250861157004,1.457250861157004
P-Median,23045,-22.916840745702157,-43.56234010712124,23,48,48,0.0,0.0
P-Median,23047,-22.925942886418497,-43.56135750790765,6,48,48,1.0171038640859777,1.0171038640859777
P-Median,23050,-22.906374170614946,-43.566410061329776,16,48,48,1.236233059643457,1.236233059643457
P-Median,23052,-22.906619343447986,-43.55224985960651,18,48,48,1.5361789813708127,1.5361789813708127
P-Median,23055,-22.9099494896574,-43.5764230099429,13,48,48,1.63329627091018,1.63329627091018
P-Median,23056,-22.91818988167744,-43.61235085654186,5,7,7,1.818159199729677,1.818159199729677
P-Median,23057,-22.917530927853,-43.52832489679447,7,48,48,3.4846252892241902,3.4846252892241902
P-Median,23058,-22.914787266177115,-43.59078039553711,10,66,66,2.2391355733687455,2.2391355733687455
P-Median,23059,-22.913307945677737,-43.59042985137216,16,66,66,2.1018538419263884,2.1018538419263884
P-Median,23060,-22.896089584185965,-43.59889671190928,24,66,66,0.0,0.0
P-Median,23061,-22.908445285088447,-43.60810021286953,7,66,66,1.6662190129450665,1.6662190129450665
P-Median,23062,-22.90265768897671,-43.59917193270753,8,66,66,0.7308848333919553,0.7308848333919553
P-Median,23063,-22.897521961702388,-43.591752252623216,13,66,66,0.748964677847147,0.748964677847147
P-Median,23064,-22.90074270257361,-43.58463842554154,8,66,66,1.5494518520996803,1.5494518520996803
P-Median,23065,-22.88293828358117,-43.625086210988606,9,66,66,3.055500084704429,3.055500084704429
P-Median,23066,-22.888192458215805,-43.62473650428692,15,66,66,2.788812650381409,2.788812650381409
P-Median,23067,-22.88243614479021,-43.61658346798473,2,66,66,2.363812716262894,2.363812716262894
P-Median,23068,-22.88645864857024,-43.59762968190717,8,66,66,1.0787492056971686,1.0787492056971686
P-Median,23070,-22.896407842881192,-43.57751001381104,17,22,22,2.0719623004568013,2.0719623004568013
P-Median,23071,-22.888368672611158,-43.58090949448299,13,22,22,1.2226818966358366,1.2226818966358366
P-Median,23073,-22.88998422832266,-43.57939758303769,11,22,22,1.3685430730362003,1.3685430730362003
P-Median,23075,-22.877775179542617,-43.57771051289783,31,22,22,0.0,0.0
P-Median,23076,-22.88245539011392,-43.57494224901807,1,22,22,0.5926729786887402,0.5926729786887402
P-Median,23078,-22.87216705136316,-43.58925307377246,12,22,22,1.3368870558759725,1.3368870558759725
P-Median,23080,-22.89853933540845,-43.56542140516348,15,48,48,2.0593541555130965,2.0593541555130965
P-Median,23081,-22.89433959920376,-43.56722290454661,5,22,22,2.1323224937496446,2.1323224937496446
P-Median,23082,-22.8942153041908,-43.57129087148408,4,22,22,1.9427550804267013,1.9427550804267013
P-Median,23085,-22.893920459110284,-43.54642397807567,10,1,1,2.5781864407195583,2.5781864407195583
P-Median,23087,-22.886393425025823,-43.558872618395576,17,22,22,2.15468122631945,2.15468122631945
P-Median,23088,-22.88543771705454,-43.54971957423268,13,1,1,1.7293723271873667,1.7293723271873667
P-Median,23090,-22.878043319496523,-43.562917395844295,12,22,22,1.5158179274917538,1.5158179274917538
P-Median,23092,-22.87085601200714,-43.54384874896292,22,1,1,0.0,0.0
P-Median,23093,-22.87751529574331,-43.53029348075376,11,1,1,1.5738265677645509,1.5738265677645509
P-Median,23094,-22.876209770242788,-43.51981673638026,9,1,1,2.5330577459411487,2.5330577459411487
P-Median,23095,-22.86940966621501,-43.55658717782943,15,1,1,1.3149727048126394,1.3149727048126394
P-Median,23097,-22.85109676327036,-43.53613869095038,8,1,1,2.3348343070731263,2.3348343070731263
P-Median,23098,-22.870188890670534,-43.52187688533317,2,1,1,2.252316949948904,2.252316949948904
P-Median,23510,-22.91973437055113,-43.67148457968753,7,43,43,1.159654854014802,1.159654854014802
P-Median,23515,-22.92368923724333,-43.68292592394352,6,43,43,2.004573662025475,2.004573662025475
P-Median,23520,-22.936255491866653,-43.661399065747545,27,43,43,3.157185512281108,3.157185512281108
P-Median,23525,-22.94503552262656,-43.67692431410214,5,56,56,4.01336445986279,4.01336445986279
P-Median,23530,-22.97383432126233,-43.6810761924786,8,56,56,1.0910087090020244,1.0910087090020244
P-Median,23535,-22.9790211808901,-43.69012245165258,14,56,56,0.0,0.0
P-Median,23540,-22.974468021753417,-43.696539704365605,9,56,56,0.8294083617611923,0.8294083617611923
P-Median,23545,-22.967091308000946,-43.700265635554,11,56,56,1.6846455469058461,1.6846455469058461
P-Median,23547,-22.93249321644976,-43.62300753113864,2,7,7,1.3068767226548137,1.3068767226548137
P-Median,23550,-22.930711174851965,-43.68946380025854,16,43,43,3.0318661997397953,3.0318661997397953
P-Median,23555,-22.91750488776345,-43.69308722014739,6,43,43,2.4274260724807846,2.4274260724807846
P-Median,23560,-22.898979722466947,-43.69930833968601,19,43,43,3.107442510258455,3.107442510258455
P-Median,23565,-22.897761741341185,-43.69665951306267,2,43,43,2.9142133789088955,2.9142133789088955
P-Median,23570,-22.909310774242133,-43.67111972773999,10,43,43,0.0,0.0
P-Median,23573,-22.913149027532867,-43.65356967363749,5,43,43,1.8474990120499162,1.8474990120499162
P-Median,23575,-22.89798974016889,-43.6685591848473,18,43,43,1.2858745550993005,1.2858745550993005
P-Median,23580,-22.911119400069488,-43.62264162522756,13,7,7,1.436294045402266,1.436294045402266
P-Median,23585,-22.924510509727508,-43.63529705731422,22,7,7,0.6381844850869614,0.6381844850869614
P-Median,23587,-22.922380751135307,-43.629510536912335,18,7,7,0.0,0.0
P-Median,23595,-22.92668402323646,-43.62933031069839,12,7,7,0.4788585375095083,0.4788585375095083
P-Median,23810,-22.87093410934107,-43.76901268302672,10,32,32,0.0,0.0
P-Median,23811,-22.864749343835488,-43.76730098420256,5,32,32,0.7097241094415593,0.7097241094415593
P-Median,23812,-22.872059666972863,-43.77093362835852,5,32,32,0.23323128360043258,0.23323128360043258
P-Median,23815,-22.86867015326329,-43.78013952780047,4,32,32,1.167455343486658,1.167455343486658
P-Median,23820,-22.862780471644363,-43.78526762819197,4,32,32,1.896215381957035,1.896215381957035
P-Median,23821,-22.870305329108017,-43.79064137470553,1,32,32,2.2170370170916662,2.2170370170916662
P-Median,23822,-22.861638585933974,-43.79342663064544,1,32,32,2.7065163440643474,2.7065163440643474
P-Median,23825,-22.885828313712477,-43.82785584819327,4,32,32,6.251701459913452,6.251701459913452
P-Median,23826,-22.89560484133116,-43.84587026303256,4,32,32,8.337801652522263,8.337801652522263
P-Median,23830,-22.8458671869452,-43.78333380428192,2,32,32,3.1499760647502777,3.1499760647502777
P-Median,23831,-22.876635031970025,-43.80985126698182,3,32,32,4.231706646908776,4.231706646908776
P-Median,23832,-22.85534509298971,-43.76583456328473,1,32,32,1.7637416751659827,1.7637416751659827
P-Median,23855,-22.86387076999147,-43.7592342671893,2,32,32,1.2730210515494742,1.2730210515494742
P-Median,23890,-22.787688375690134,-43.64890166112607,3,22,22,12.392471202526112,12.392471202526112
P-Median,23893,-22.71072154468618,-43.69140232860298,2,21,21,10.762468500970497,10.762468500970497
P-Median,23894,-22.74100679492528,-43.6998298199384,9,21,21,14.042661373451415,14.042661373451415
P-Median,23895,-22.746274001626645,-43.708503424610186,9,21,21,14.618364215385649,14.618364215385649
P-Median,23897,-22.792366849451536,-43.662640119980665,2,22,22,12.881983794935206,12.881983794935206
P-Median,23898,-22.80791081625367,-43.644304412473865,8,22,22,10.340213601428308,10.340213601428308
P-Median,24020,-22.893701145563103,-43.12041784927668,34,61,61,0.0,0.0
P-Median,24030,-22.88869745778228,-43.11830702093674,33,61,61,0.596925217929542,0.596925217929542
P-Median,24040,-22.882735624308985,-43.12349628123474,4,61,61,1.2594326681250336,1.2594326681250336
P-Median,24050,-22.87517503985885,-43.109560284753925,2,4,4,1.8971616394168225,1.8971616394168225
P-Median,24060,-22.88593419631651,-43.1106543708203,9,61,61,1.321441178570472,1.321441178570472
P-Median,24070,-22.89348624508981,-43.11089097581806,1,61,61,0.9761884895608643,0.9761884895608643
P-Median,24110,-22.867915276400392,-43.09960548772942,44,4,4,1.5031532841149107,1.5031532841149107
P-Median,24111,-22.86398451494475,-43.09252306679081,2,4,4,1.6976768722433564,1.6976768722433564
P-Median,24119,-22.86343492846253,-43.09725737403164,1,4,4,1.850080890878072,1.850080890878072
P-Median,24120,-22.88327023685682,-43.09227400558896,36,4,4,0.4553176502907269,0.4553176502907269
P-Median,24130,-22.87922689320265,-43.09157186572144,26,4,4,0.0,0.0
P-Median,24140,-22.889267493261837,-43.04860885808703,6,65,65,1.524833185904169,1.524833185904169
P-Median,24141,-22.87816915718994,-43.05564163085743,4,65,65,2.784855796327799,2.784855796327799
P-Median,24210,-22.9019529825833,-43.12388455257632,69,61,61,0.9838812712567172,0.9838812712567172
P-Median,24220,-22.90324481661885,-43.107023598220486,115,23,23,0.35643559215397413,0.35643559215397413
P-Median,24230,-22.90630099451813,-43.105973880660926,117,23,23,0.0,0.0
P-Median,24240,-22.897237232548903,-43.09915756428693,59,23,23,1.2260624801722324,1.2260624801722324
P-Median,24241,-22.904219800443407,-43.09158065028214,21,23,23,1.4923125653347205,1.4923125653347205
P-Median,24310,-22.9110328213164,-43.06742681237905,8,65,65,1.927008960273955,1.927008960273955
P-Median,24315,-22.901684792085454,-43.06891496088816,22,65,65,1.8538803270514514,1.8538803270514514
P-Median,24320,-22.902823180776025,-43.05085812937721,21,65,65,0.0,0.0
P-Median,24322,-22.89632305663318,-43.03845772727727,5,65,65,1.4614390600545206,1.4614390600545206
P-Median,24325,-22.882411375017146,-43.023744808929656,3,49,49,2.6939480530214026,2.6939480530214026
P-Median,24330,-22.901199547746405,-42.991174595669065,9,49,49,3.8958559308130356,3.8958559308130356
P-Median,24340,-22.947654432561997,-43.03365087049761,20,20,20,0.0,0.0
P-Median,24342,-22.937391616620623,-43.022146384113576,21,20,20,1.6401464344082501,1.6401464344082501
P-Median,24344,-22.93685983573083,-43.01491522990823,10,20,20,2.2630606210792994,2.2630606210792994
P-Median,24346,-22.94923036239725,-43.02805520804324,12,20,20,0.5991640448505999,0.5991640448505999
P-Median,24348,-22.970402738373885,-43.03213294708582,5,20,20,2.534269625290122,2.534269625290122
P-Median,24350,-22.94061686421916,-43.06545401112341,36,62,62,0.0,0.0
P-Median,24355,-22.9411555966564,-43.043134176624925,11,20,20,1.2104467699284336,1.2104467699284336
P-Median,24358,-22.954105582144187,-43.0680054361715,20,62,62,1.5224621809980796,1.5224621809980796
P-Median,24360,-22.918111396951545,-43.09214145186893,31,23,23,1.9317912047174928,1.9317912047174928
P-Median,24365,-22.912243204052235,-43.08150933080395,3,23,23,2.591415862357859,2.591415862357859
P-Median,24370,-22.92466477380604,-43.09986986144608,4,23,23,2.1355204038166424,2.1355204038166424
P-Median,24410,-22.859653314312613,-43.08078230203989,1,4,4,2.441123190022894,2.441123190022894
P-Median,24411,-22.85753738472352,-43.08169034540716,1,4,4,2.6156447741888265,2.6156447741888265
P-Median,24412,-22.847500221583047,-43.07542461651588,8,38,38,2.29896113607603,2.29896113607603
P-Median,24415,-22.84085769372568,-43.07623548195782,8,38,38,1.6263500717172843,1.6263500717172843
P-Median,24416,-22.840098124434224,-43.06778333387412,13,38,38,1.4182269708115174,1.4182269708115174
P-Median,24417,-22.845410939224823,-43.05013967578183,2,38,38,2.8355094351775953,2.8355094351775953
P-Median,24420,-22.835696540771,-43.046659352747774,2,38,38,2.542804633722149,2.542804633722149
P-Median,24421,-22.83065608217072,-43.04204141088677,8,38,38,2.8681930071278408,2.8681930071278408
P-Median,24422,-22.8277265510171,-43.02889904539707,10,8,8,2.7048949680788645,2.7048949680788645
P-Median,24425,-22.852695605444847,-43.09014618727886,6,4,4,2.953762656083555,2.953762656083555
P-Median,24426,-22.840411171156656,-43.08660279046403,4,38,38,2.2420269166329883,2.2420269166329883
P-Median,24430,-22.830092235510783,-43.0856527985238,6,38,38,1.6488602059905784,1.6488602059905784
P-Median,24431,-22.828438640757533,-43.08064705902956,18,38,38,1.1151915577490885,1.1151915577490885
P-Median,24435,-22.827481947170185,-43.0698152344756,13,38,38,0.0,0.0
P-Median,24436,-22.82124753376768,-43.066948767903845,10,38,38,0.7529160515890843,0.7529160515890843
P-Median,24440,-22.827149190613213,-43.0539481412297,18,38,38,1.6265772828123606,1.6265772828123606
P-Median,24445,-22.81926169355244,-43.03476520349312,19,8,8,3.267500128849236,3.267500128849236
P-Median,24450,-22.82316908005648,-43.02002823624667,11,8,8,1.7366632583746193,1.7366632583746193
P-Median,24451,-22.829351276710405,-43.01399541493803,19,8,8,1.344555381051396,1.344555381051396
P-Median,24452,-22.819291471555072,-43.00635838364597,8,8,8,0.49929454134331164,0.49929454134331164
P-Median,24455,-22.80878018901832,-43.0258667651288,7,8,8,2.796041612509029,2.796041612509029
P-Median,24456,-22.80929567410273,-43.016040373940605,8,8,8,1.9893165050877515,1.9893165050877515
P-Median,24457,-22.806624227141477,-43.012656807667405,6,8,8,2.031266192394054,2.031266192394054
P-Median,24460,-22.814787634492188,-43.04329935349616,5,38,38,3.062349663901543,3.062349663901543
P-Median,24461,-22.803350481704697,-43.0358182822438,6,8,8,3.980392155388178,3.980392155388178
P-Median,24465,-22.81949144895205,-43.0551638057087,5,38,38,1.7447841865095628,1.7447841865095628
P-Median,24466,-22.811123478295585,-43.06236954792932,3,38,38,1.9725748170064352,1.9725748170064352
P-Median,24467,-22.805308252046,-43.05264792957123,2,38,38,3.02906455539354,3.02906455539354
P-Median,24470,-22.79629033350867,-43.04531393855412,1,38,38,4.282083663730321,4.282083663730321
P-Median,24471,-22.785600785156785,-43.04593640228686,2,38,38,5.261017559248988,5.261017559248988
P-Median,24472,-22.789315227589743,-43.03850388360695,2,8,8,5.185777449931601,5.185777449931601
P-Median,24473,-22.787988229533347,-43.03235624966042,1,8,8,4.881587127539678,4.881587127539678
P-Median,24474,-22.794969261024608,-43.02441434660769,1,8,8,3.772542982714873,3.772542982714873
P-Median,24475,-22.777267778897787,-43.027446308928425,1,8,8,5.627400034223935,5.627400034223935
P-Median,24710,-22.822624306841355,-43.00309374212156,13,8,8,0.0,0.0
P-Median,24711,-22.818906926534805,-42.99751196239111,7,8,8,0.7057903643059643,0.7057903643059643
P-Median,24715,-22.80276772976624,-42.99028180866455,6,8,8,2.568952480193832,2.568952480193832
P-Median,24716,-22.78988059417565,-43.00428047982366,3,8,8,3.6429712205787834,3.6429712205787834
P-Median,24717,-22.808029904019023,-43.00303400236285,4,8,8,1.6228373440622919,1.6228373440622919
P-Median,24720,-22.813217838338208,-42.98741033222329,3,8,8,1.9177821786000129,1.9177821786000129
P-Median,24721,-22.801495702866447,-42.98390861201865,1,8,8,3.0637411044839737,3.0637411044839737
P-Median,24722,-22.796501747075485,-42.97622988470504,9,8,8,4.002401027873574,4.002401027873574
P-Median,24723,-22.81762359087853,-42.94676360586466,5,8,8,5.8000765882034875,5.8000765882034875
P-Median,24724,-22.805769003517707,-42.95726724972363,4,8,8,5.057155598591609,5.057155598591609
P-Median,24725,-22.811456217228336,-42.97220863173352,4,8,8,3.400405616378063,3.400405616378063
P-Median,24726,-22.78851170276054,-42.958565788861314,1,8,8,5.934657653089395,5.934657653089395
P-Median,24730,-22.829046912919456,-42.98784246443976,3,8,8,1.7184838835100442,1.7184838835100442
P-Median,24731,-22.822811422053213,-42.98685114650694,2,8,8,1.6648263964786048,1.6648263964786048
P-Median,24732,-22.827064469158785,-42.9738976624395,3,8,8,3.0327054470196617,3.0327054470196617
P-Median,24734,-22.829471848017025,-42.9607569973706,1,8,8,4.4052686888619235,4.4052686888619235
P-Median,24735,-22.845883873637536,-42.95426308031982,1,49,49,5.534821315567961,5.534821315567961
P-Median,24736,-22.820033389763783,-42.969922193443765,5,8,8,3.411956768947232,3.411956768947232
P-Median,24737,-22.84162388029282,-42.96231323222136,1,8,8,4.6829234160901425,4.6829234160901425
P-Median,24738,-22.851785749069546,-42.94354284297728,5,49,49,6.323116708291453,6.323116708291453
P-Median,24740,-22.832952987571836,-42.99724674575654,2,8,8,1.2954265025142406,1.2954265025142406
P-Median,24742,-22.838766642599392,-43.00379523173135,4,8,8,1.7963874323638829,1.7963874323638829
P-Median,24743,-22.845998417596405,-42.99706758921929,7,49,49,2.495902229808132,2.495902229808132
P-Median,24744,-22.84230016004733,-43.01214322773478,9,8,8,2.3763027497077673,2.3763027497077673
P-Median,24745,-22.85280103675185,-43.00454397099252,5,49,49,1.680737018756918,1.680737018756918
P-Median,24746,-22.83906700788218,-42.98789279135017,2,8,8,2.4020277804761356,2.4020277804761356
P-Median,24750,-22.854636691924167,-43.02258437303882,7,49,49,2.506211696710592,2.506211696710592
P-Median,24751,-22.86782548778561,-43.002749069555286,10,49,49,0.0,0.0
P-Median,24752,-22.882259138501706,-42.98436172867216,4,49,49,2.474775686910172,2.474775686910172
P-Median,24753,-22.88628701436756,-42.99166865896655,2,49,49,2.345790190963242,2.345790190963242
P-Median,24754,-22.872354587681084,-43.027432812835386,6,49,49,2.578601980782418,2.578601980782418
P-Median,24755,-22.85926645726612,-43.015307855881765,1,49,49,1.600475343124857,1.600475343124857
P-Median,24756,-22.88593339499682,-43.011983104667294,10,49,49,2.2246725866198322,2.2246725866198322
P-Median,24800,-22.74248129310771,-42.85721075258665,10,30,30,0.0,0.0
P-Median,24801,-22.7395793666599,-42.84701335677763,2,30,30,1.0944042775332172,1.0944042775332172
P-Median,24802,-22.729006918491564,-42.83466835876695,1,30,30,2.754891590154342,2.754891590154342
P-Median,24804,-22.747090526611107,-42.84342210737453,3,30,30,1.5040199729241124,1.5040199729241124
P-Median,24805,-22.73533148939793,-42.83883774259336,1,30,30,2.0450590393809573,2.0450590393809573
P-Median,24808,-22.75677623430587,-42.855419742696405,12,30,30,1.600102134363031,1.600102134363031
P-Median,24812,-22.75019628085652,-42.87187716603211,6,30,30,1.7314568756369058,1.7314568756369058
P-Median,24813,-22.75411758328793,-42.88883553024611,1,30,30,3.491572760073031,3.491572760073031
P-Median,24830,-22.7113078008679,-42.87331425316652,1,30,30,3.8396989324029343,3.8396989324029343
P-Median,24846,-22.71538558398837,-42.80638584132024,2,30,30,6.020702582912501,6.020702582912501
P-Median,24855,-22.773459679480904,-42.91565441771825,3,30,30,6.9121735506211435,6.9121735506211435
P-Median,24856,-22.75807913856637,-42.91063311206234,1,30,30,5.746146571490721,5.746146571490721
P-Median,24858,-22.77209935726771,-42.92264307986124,6,30,30,7.474070129763937,7.474070129763937
P-Median,24859,-22.77340230558587,-42.90984766620826,2,30,30,6.399412159314928,6.399412159314928
P-Median,24866,-22.73373117887529,-42.93276530734327,2,30,30,7.809205867951098,7.809205867951098
P-Median,24876,-22.7125342435385,-42.89540473111652,3,30,30,5.141326995507317,5.141326995507317
P-Median,24890,-22.73521870942802,-42.727847609078914,6,18,18,10.360342865340115,10.360342865340115
P-Median,24900,-22.919618105516072,-42.83978957558533,14,13,13,0.0,0.0
P-Median,24901,-22.923608277456783,-42.81985709837894,7,13,13,2.0890443495485367,2.0890443495485367
P-Median,24902,-22.92700535031622,-42.8293157127626,2,13,13,1.3510564184530458,1.3510564184530458
P-Median,24903,-22.91166963475216,-42.80609731472158,6,13,13,3.562132361897136,3.562132361897136
P-Median,24904,-22.910596890425232,-42.81704615497582,3,13,13,2.5361865348359687,2.5361865348359687
P-Median,24905,-22.934535219557365,-42.911752855372335,6,55,55,6.079564403730966,6.079564403730966
P-Median,24910,-22.895953023136546,-42.84243328776303,1,13,13,2.645336259237602,2.645336259237602
P-Median,24912,-22.911125479829508,-42.83377563947568,6,13,13,1.1274587897623793,1.1274587897623793
P-Median,24913,-22.91428296653683,-42.83456332388645,6,13,13,0.7990265868824301,0.7990265868824301
P-Median,24914,-22.92345398569025,-42.85760247749489,7,13,13,1.8735075577961096,1.8735075577961096
P-Median,24915,-22.955984494690547,-42.80761537855785,3,13,13,5.216055695851447,5.216055695851447
P-Median,24916,-22.94457633335577,-42.82844129113664,2,13,13,3.008736006191181,3.008736006191181
P-Median,24921,-22.95260981760148,-42.808872638137295,1,13,13,4.845789775574477,4.845789775574477
P-Median,24922,-22.94856570290517,-42.70343236618995,2,13,13,14.329920998283052,14.329920998283052
P-Median,24930,-22.92610775291927,-42.89850356371279,4,13,13,6.05627966651341,6.05627966651341
P-Median,24931,-22.93464894999394,-42.88228044187334,9,13,13,4.661457050031653,4.661457050031653
P-Median,24933,-22.9565929719624,-42.88349437707549,8,13,13,6.077312227999265,6.077312227999265
P-Median,24934,-22.946221164792775,-42.88645951724069,3,13,13,5.620698090818854,5.620698090818854
P-Median,24935,-22.95097062040013,-42.94683341061871,6,55,55,2.109377428089651,2.109377428089651
P-Median,24936,-22.954278207609654,-42.96711894755224,16,55,55,0.0,0.0
P-Median,24937,-22.95115200845083,-42.99376127553226,2,55,55,2.750005139993772,2.750005139993772
P-Median,24940,-22.92600502136488,-42.940013982950965,2,55,55,4.19374961355492,4.19374961355492
P-Median,24941,-22.9132211037494,-42.83795907003351,2,13,13,0.7356067774070707,0.7356067774070707
P-Median,24942,-22.93102569180272,-42.92272114486791,5,55,55,5.230097964309296,5.230097964309296
P-Median,24943,-22.909483056983007,-42.92582680004856,5,55,55,6.533875616407087,6.533875616407087
P-Median,24944,-22.895520218492944,-42.93694066986552,5,55,55,7.22771920827911,7.22771920827911
P-Median,25010,-22.79046925687479,-43.31481452785819,3,17,17,3.9591016157678176,3.9591016157678176
P-Median,25015,-22.780222493712092,-43.31660541678868,9,17,17,2.8881332403912063,2.8881332403912063
P-Median,25020,-22.778944166984587,-43.30862350738487,5,17,17,2.6248299376971405,2.6248299376971405
P-Median,25025,-22.78456265700059,-43.3231360919681,5,17,17,3.577959378341786,3.577959378341786
P-Median,25030,-22.7735214191938,-43.311396817507145,1,17,17,2.0430612369762615,2.0430612369762615
P-Median,25035,-22.755338688692213,-43.308531682770784,14,17,17,0.0,0.0
P-Median,25036,-22.749595823587462,-43.316204756652816,4,17,17,1.0133411581247986,1.0133411581247986
P-Median,25040,-22.74090063654044,-43.31546716030017,9,17,17,1.7559180717940295,1.7559180717940295
P-Median,25041,-22.73578083363829,-43.31812761723224,4,17,17,2.387009821308321,2.387009821308321
P-Median,25042,-22.73591992474976,-43.3119360459995,1,17,17,2.187310755690118,2.187310755690118
P-Median,25045,-22.722818281793867,-43.3139157796674,6,17,17,3.658021057400027,3.658021057400027
P-Median,25046,-22.72351123290818,-43.32148642883789,6,17,17,3.780202563071508,3.780202563071508
P-Median,25050,-22.753304486524154,-43.29699642294105,3,17,17,1.2042699282047766,1.2042699282047766
P-Median,25051,-22.761267896992525,-43.29298558604593,2,17,17,1.7250272945506426,1.7250272945506426
P-Median,25055,-22.75739662652191,-43.28166913009442,4,17,17,2.763959867134316,2.763959867134316
P-Median,25060,-22.76405759011258,-43.30041310063685,12,17,17,1.277853155926498,1.277853155926498
P-Median,25065,-22.7574077930847,-43.28687072573676,9,17,17,2.2329865222842424,2.2329865222842424
P-Median,25070,-22.78016279197431,-43.30430364671711,15,17,17,2.79415144102163,2.79415144102163
P-Median,25071,-22.78540692093292,-43.301837011358415,2,17,17,3.413169939191161,3.413169939191161
P-Median,25075,-22.77412502707916,-43.29092658055662,3,17,17,2.7608178615186176,2.7608178615186176
P-Median,25080,-22.759685746162333,-43.29297061113347,3,17,17,1.6672190619588245,1.6672190619588245
P-Median,25085,-22.79583417251553,-43.291526151554045,1,17,17,4.828649906304869,4.828649906304869
P-Median,25086,-22.754121943948885,-43.28647151207924,2,17,17,2.2661069474628115,2.2661069474628115
P-Median,25211,-22.67066808633434,-43.26255563331919,3,40,40,7.95835977238893,7.95835977238893
P-Median,25212,-22.676473601000435,-43.25702002542332,9,40,40,8.796223048254255,8.796223048254255
P-Median,25213,-22.6749107167218,-43.27620037015547,8,40,40,7.862301322822125,7.862301322822125
P-Median,25214,-22.689731933072384,-43.26636955304457,6,17,17,8.480518752807964,8.480518752807964
P-Median,25215,-22.682590790490558,-43.27404135699872,4,40,40,8.743826266691455,8.743826266691455
P-Median,25220,-22.685430142678285,-43.24665539237965,4,17,17,10.035150911485502,10.035150911485502
P-Median,25223,-22.683322481003053,-43.25395359470418,2,40,40,9.615270244532228,9.615270244532228
P-Median,25225,-22.696323342560508,-43.271184575072574,3,17,17,7.598335004617095,7.598335004617095
P-Median,25230,-22.689741624685315,-43.2826886930124,1,17,17,7.760737638183114,7.760737638183114
P-Median,25231,-22.683563816603137,-43.29906896652288,1,17,17,8.039810729827456,8.039810729827456
P-Median,25233,-22.70350739511343,-43.29957916081139,4,17,17,5.83606343084406,5.83606343084406
P-Median,25235,-22.70286437220505,-43.31600017753463,3,17,17,5.8849468622384125,5.8849468622384125
P-Median,25237,-22.753574853365865,-43.305893071458286,1,17,17,0.3341744848962931,0.3341744848962931
P-Median,25240,-22.645633194906285,-43.28709135535513,9,40,40,4.423905172906851,4.423905172906851
P-Median,25241,-22.571208,-43.31268449999998,1,40,40,4.265222256792289,4.265222256792289
P-Median,25243,-22.659524930411084,-43.296332311051046,2,40,40,5.813262314691926,5.813262314691926
P-Median,25245,-22.59128608480469,-43.312298090959736,4,40,40,2.2693557890104996,2.2693557890104996
P-Median,25250,-22.60728606434383,-43.29857473776487,13,40,40,0.0,0.0
P-Median,25251,-22.65410603965445,-43.27799273062863,3,40,40,5.618385661057068,5.618385661057068
P-Median,25253,-22.612060153892077,-43.28185276890751,2,40,40,1.7967107106926374,1.7967107106926374
P-Median,25255,-22.644539050348147,-43.27860193918141,9,40,40,4.621833880715517,4.621833880715517
P-Median,25260,-22.65362737697551,-43.27588967098969,3,40,40,5.654503082157814,5.654503082157814
P-Median,25261,-22.64530376193324,-43.26203372616665,6,40,40,5.651251723106653,5.651251723106653
P-Median,25264,-22.64520106741496,-43.23736687845677,4,24,24,6.749172852282074,6.749172852282074
P-Median,25265,-22.649550626444302,-43.23034128992175,1,24,24,6.397306073411164,6.397306073411164
P-Median,25266,-22.63876728053192,-43.2218184372897,4,24,24,5.008314154719811,5.008314154719811
P-Median,25267,-22.63517083859032,-43.24735328154284,2,40,40,6.103629244365447,6.103629244365447
P-Median,25268,-22.652696249418973,-43.2761256498613,5,40,40,5.550219355185318,5.550219355185318
P-Median,25270,-22.623874594466177,-43.23981472381287,1,24,24,6.227326580001727,6.227326580001727
P-Median,25271,-22.63746113941411,-43.22617580587021,5,24,24,5.33182210806411,5.33182210806411
P-Median,25272,-22.62425914893622,-43.21652128956865,1,24,24,3.8854305918138023,3.8854305918138023
P-Median,25275,-22.63887775891837,-43.22692540844416,3,24,24,5.472299051827522,5.472299051827522
P-Median,25510,-22.790646777654263,-43.375643445446975,14,41,41,0.0,0.0
P-Median,25515,-22.79765605749528,-43.364274956523175,15,41,41,1.402001229980834,1.402001229980834
P-Median,25520,-22.803670156230325,-43.3754619382363,14,41,41,1.4482551490308664,1.4482551490308664
P-Median,25525,-22.79612913604517,-43.38275185182584,9,41,41,0.9500637972605355,0.9500637972605355
P-Median,25530,-22.80597341277987,-43.3903648173854,2,41,41,2.2763368467275473,2.2763368467275473
P-Median,25535,-22.791159022004333,-43.40261092456814,1,26,26,2.64932220868086,2.64932220868086
P-Median,25540,-22.784015528679777,-43.39703232529075,5,6,6,2.259334978362421,2.259334978362421
P-Median,25545,-22.788068271999396,-43.38724739844827,4,41,41,1.223640390265287,1.223640390265287
P-Median,25550,-22.77519333195786,-43.382929842060825,10,41,41,1.8736921716087347,1.8736921716087347
P-Median,25555,-22.78130043658109,-43.37040843885934,9,41,41,1.1696579272517214,1.1696579272517214
P-Median,25560,-22.770034075258486,-43.36986192895572,4,41,41,2.367432065585452,2.367432065585452
P-Median,25561,-22.77327727501097,-43.36365900401443,4,41,41,2.289081245883729,2.289081245883729
P-Median,25565,-22.78315358395092,-43.35979003562612,5,41,41,1.8263693048131349,1.8263693048131349
P-Median,25570,-22.767755472400367,-43.351648773854414,5,41,41,3.539859755950797,3.539859755950797
P-Median,25571,-22.764428655824528,-43.34634958376359,4,17,17,4.007292813742835,4.007292813742835
P-Median,25575,-22.770524738786182,-43.34087058368249,2,17,17,3.7210615873514925,3.7210615873514925
P-Median,25576,-22.778287142653923,-43.35224410736812,3,41,41,2.764655207628061,2.764655207628061
P-Median,25580,-22.78335138297888,-43.34124145850288,3,41,41,3.6188619262072654,3.6188619262072654
P-Median,25581,-22.788457368960326,-43.34709777532829,2,41,41,2.93645444567187,2.93645444567187
P-Median,25585,-22.79367354642019,-43.33816809639405,9,41,41,3.8564078065092415,3.8564078065092415
P-Median,25610,-22.50218363248224,-43.16843451995522,4,3,3,3.0829110363021064,3.0829110363021064
P-Median,25615,-22.496114223843747,-43.15620443994322,9,69,69,2.4228441657339608,2.4228441657339608
P-Median,25620,-22.510230788197468,-43.17544387445511,14,3,3,1.961782724274229,1.961782724274229
P-Median,25625,-22.515824878742336,-43.17136715693798,3,3,3,2.0824043296813826,2.0824043296813826
P-Median,25630,-22.52424789468128,-43.161617138310994,3,3,3,3.0486998917007475,3.0486998917007475
P-Median,25635,-22.529027105018844,-43.17661101657757,13,3,3,1.7600164670393719,1.7600164670393719
P-Median,25640,-22.52279907282805,-43.183566224490704,7,3,3,0.8082060783184428,0.8082060783184428
P-Median,25645,-22.54079651100627,-43.20123507158808,6,3,3,2.4942099752693085,2.4942099752693085
P-Median,25650,-22.531038247576937,-43.212309414991445,10,3,3,2.484188897121756,2.484188897121756
P-Median,25651,-22.524744277401208,-43.21160357990256,10,3,3,2.1682457215641637,2.1682457215641637
P-Median,25655,-22.52044984882392,-43.19101234595281,20,3,3,0.0,0.0
P-Median,25660,-22.512038240121388,-43.20472585759976,8,3,3,1.6908857934629626,1.6908857934629626
P-Median,25665,-22.509186267903694,-43.219827486060126,16,3,3,3.213965344079614,3.213965344079614
P-Median,25670,-22.489507019910214,-43.210414436144696,1,3,3,3.9762902019437485,3.9762902019437485
P-Median,25675,-22.49698456394848,-43.20060728812907,6,3,3,2.78918025415763,2.78918025415763
P-Median,25680,-22.48963724197897,-43.18376265001703,12,3,3,3.5062166352576862,3.5062166352576862
P-Median,25685,-22.50813163708028,-43.18141468751699,9,3,3,1.6876292435110434,1.6876292435110434
P-Median,25710,-22.475562635890437,-43.148370152985294,16,69,69,0.0,0.0
P-Median,25715,-22.47150966453406,-43.1620277638875,6,69,69,1.4739161417519446,1.4739161417519446
P-Median,25720,-22.43222926280023,-43.14086038411682,15,28,28,2.8004658135230183,2.8004658135230183
P-Median,25725,-22.427894024726776,-43.20138979903541,3,28,28,7.50627018056066,7.50627018056066
P-Median,25730,-22.408608081087024,-43.13140914649253,18,28,28,0.0,0.0
P-Median,25740,-22.374645351841945,-43.12909370218015,4,28,28,3.783983897487318,3.783983897487318
P-Median,25745,-22.3915193770552,-43.10829358749547,6,28,28,3.0426843783169697,3.0426843783169697
P-Median,25750,-22.33852928975817,-43.12899883949998,10,28,28,7.79635709419785,7.79635709419785
P-Median,25770,-22.26889273967007,-43.07681259121553,5,28,28,16.519318658721907,16.519318658721907
P-Median,25900,-22.651419516496585,-43.06655787630402,18,35,35,0.0,0.0
P-Median,25901,-22.648338600540264,-43.0583437917855,9,35,35,0.9098800199947461,0.9098800199947461
P-Median,25902,-22.65954574226225,-43.116827376350194,1,35,35,5.236948437339889,5.236948437339889
P-Median,25903,-22.641865834980965,-43.07245208309176,3,35,35,1.2224566263359873,1.2224566263359873
P-Median,25904,-22.65181465633809,-43.05361261025339,1,35,35,1.3291423883379054,1.3291423883379054
P-Median,25905,-22.661390928999936,-43.03525083599993,2,35,35,3.398507960934215,3.398507960934215
P-Median,25907,-22.63855440197675,-43.16000184562523,1,24,24,3.2308366119146585,3.2308366119146585
P-Median,25908,-22.65815606716074,-43.11902674370239,2,35,35,5.435978311284468,5.435978311284468
P-Median,25911,-22.55907208815268,-43.044923138517305,4,47,47,7.682241806526274,7.682241806526274
P-Median,25912,-22.57019403842886,-43.058745435694526,1,35,35,9.06740526925756,9.06740526925756
P-Median,25914,-22.59381281247852,-43.06930284283151,3,35,35,6.411775132825314,6.411775132825314
P-Median,25921,-22.6525357703222,-43.12650100805483,1,35,35,6.152474028008448,6.152474028008448
P-Median,25922,-22.66003863059351,-43.1347885471764,6,24,24,6.734309657188536,6.734309657188536
P-Median,25925,-22.69368277179141,-43.10979273572445,2,35,35,6.462431307136257,6.462431307136257
P-Median,25926,-22.70142395223432,-43.15952521180791,9,24,24,9.730211445405722,9.730211445405722
P-Median,25928,-22.63601681822644,-43.02534331618508,1,35,35,4.5632036109954734,4.5632036109954734
P-Median,25930,-22.68358467046409,-43.160534715770886,1,24,24,7.776849113154509,7.776849113154509
P-Median,25931,-22.615268497162027,-43.171211569125255,12,24,24,0.8802724039935828,0.8802724039935828
P-Median,25932,-22.606414625881992,-43.16479917404288,1,24,24,1.864867735691515,1.864867735691515
P-Median,25933,-22.589725437213616,-43.18381309691644,4,24,24,2.943761969870239,2.943761969870239
P-Median,25935,-22.615933155012947,-43.17975719830376,15,24,24,0.0,0.0
P-Median,25936,-22.62086490867415,-43.19203787685941,2,24,24,1.3746432084264877,1.3746432084264877
P-Median,25937,-22.64373828349399,-43.182944105487344,2,24,24,3.1090467937104087,3.1090467937104087
P-Median,25938,-22.6545713161462,-43.20333179891331,3,24,24,4.930784028022416,4.930784028022416
P-Median,25940,-22.617931893774944,-43.00412879602773,4,35,35,7.410597948967999,7.410597948967999
P-Median,25943,-22.55101493109428,-42.98442049906716,3,47,47,2.6664866926667155,2.6664866926667155
P-Median,25945,-22.528934117386,-42.98544280263765,1,47,47,0.7493992192411553,0.7493992192411553
P-Median,25946,-22.527718078493137,-42.97826627951071,11,47,47,0.0,0.0
P-Median,25949,-22.51454665728784,-42.96902750677734,2,47,47,1.7451572785029943,1.7451572785029943
P-Median,26010,-22.7551063244127,-43.42858334530357,13,57,57,2.209322606051612,2.209322606051612
P-Median,26011,-22.748785105742307,-43.43168107136049,9,57,57,2.0479563174425195,2.0479563174425195
P-Median,26012,-22.739120145317514,-43.438923776976765,9,57,57,2.1881926924966297,2.1881926924966297
P-Median,26013,-22.745675146224823,-43.44388802788447,13,57,57,1.301619131693764,1.301619131693764
P-Median,26015,-22.74498697417717,-43.43911485622618,7,57,57,1.6547292462172343,1.6547292462172343
P-Median,26020,-22.73307786504663,-43.4496138786291,14,57,57,2.5356153703869877,2.5356153703869877
P-Median,26021,-22.7265203412345,-43.43963538573774,5,44,44,1.6883513438144298,1.6883513438144298
P-Median,26022,-22.73223237271496,-43.460676715526674,10,57,57,2.8435441877181726,2.8435441877181726
P-Median,26023,-22.71845447873864,-43.45333006616676,1,44,44,2.101003968367735,2.101003968367735
P-Median,26030,-22.72927766291159,-43.46322545433846,9,57,57,3.2489850112008423,3.2489850112008423
P-Median,26031,-22.733144913944965,-43.47564299726109,4,57,57,3.639115399746704,3.639115399746704
P-Median,26032,-22.73116848461293,-43.4796971945155,5,15,15,4.009450402965947,4.009450402965947
P-Median,26033,-22.722956089481777,-43.4618987093067,1,44,44,3.1008752294766575,3.1008752294766575
P-Median,26035,-22.72277955303024,-43.46645519648206,1,44,44,3.530489063735549,3.530489063735549
P-Median,26040,-22.715476981048564,-43.45497446506072,5,44,44,2.1831147979349286,2.1831147979349286
P-Median,26041,-22.709788663568432,-43.465657949741065,9,44,44,3.261138361007261,3.261138361007261
P-Median,26042,-22.708401272321503,-43.47914027612773,1,15,15,3.811850402841891,3.811850402841891
P-Median,26050,-22.692333946397017,-43.4678329284204,4,44,44,4.119543617441519,4.119543617441519
P-Median,26051,-22.69370930904985,-43.45569367309577,6,44,44,3.0360801056128848,3.0360801056128848
P-Median,26052,-22.682661738953115,-43.44763426447411,7,44,44,3.5770918209178917,3.5770918209178917
P-Median,26053,-22.676424784708487,-43.46514837118791,2,44,44,5.109223740073475,5.109223740073475
P-Median,26060,-22.70596026208645,-43.44426093479684,6,44,44,1.2662919101623877,1.2662919101623877
P-Median,26062,-22.6632991804878,-43.42190649887993,1,44,44,5.5834526713300345,5.5834526713300345
P-Median,26063,-22.71869874105048,-43.47704074319361,1,15,15,3.933920991909552,3.933920991909552
P-Median,26070,-22.712261582859316,-43.43397796646818,18,44,44,0.0,0.0
P-Median,26080,-22.72546659818089,-43.5110829974867,5,15,15,1.1086197164811946,1.1086197164811946
P-Median,26082,-22.73084992306352,-43.501629004388285,1,15,15,2.142245027837683,2.142245027837683
P-Median,26083,-22.73962521457062,-43.51130348349012,6,15,15,2.6271505107439515,2.6271505107439515
P-Median,26084,-22.7288301166658,-43.51662859381047,3,15,15,1.401109165075588,1.401109165075588
P-Median,26085,-22.7378823853966,-43.540626520424674,2,15,15,3.536852619621891,3.536852619621891
P-Median,26086,-22.727495091333505,-43.52334987524174,5,15,15,1.4944616902421066,1.4944616902421066
P-Median,26087,-22.716288877191023,-43.51530571258531,14,15,15,0.0,0.0
P-Median,26088,-22.709994584521123,-43.52081425760519,5,15,15,0.8995007620824608,0.8995007620824608
P-Median,26110,-22.755672493046596,-43.36930490702333,3,6,6,3.6162715022718155,3.6162715022718155
P-Median,26112,-22.748890763540413,-43.40218859295182,6,6,6,1.741300120901341,1.741300120901341
P-Median,26113,-22.75249988943649,-43.39489689201624,4,6,6,1.5871016051187665,1.5871016051187665
P-Median,26115,-22.74102601762666,-43.39058910287586,7,6,6,2.916939644240185,2.916939644240185
P-Median,26116,-22.744030405639823,-43.38686162276392,3,6,6,2.8306460126057402,2.8306460126057402
P-Median,26120,-22.74095127698239,-43.407375755677286,3,6,6,2.654821191692506,2.654821191692506
P-Median,26123,-22.73755924382916,-43.40715915370587,3,6,6,3.024731844576081,3.024731844576081
P-Median,26125,-22.733091514554367,-43.40118902114117,2,6,6,3.501080525892419,3.501080525892419
P-Median,26130,-22.76452043290213,-43.40324268558952,13,6,6,0.0,0.0
P-Median,26135,-22.748837947683032,-43.4110954882984,3,6,6,1.9207474702766019,1.9207474702766019
P-Median,26140,-22.738645489116468,-43.41773917384008,6,6,6,3.238488812214021,3.238488812214021
P-Median,26143,-22.72777921195433,-43.41907983538552,1,44,44,2.30482933113422,2.30482933113422
P-Median,26155,-22.72149589575073,-43.40236747175682,2,44,44,3.4009673511418534,3.4009673511418534
P-Median,26160,-22.73036490590292,-43.39084713564882,5,6,6,4.0049945302282595,4.0049945302282595
P-Median,26163,-22.71802861019754,-43.38866458565219,1,44,44,4.69183892594957,4.69183892594957
P-Median,26165,-22.73004862963322,-43.38401397146633,6,6,6,4.310538247577604,4.310538247577604
P-Median,26167,-22.73381526820578,-43.37869831571142,3,6,6,4.241694322699715,4.241694322699715
P-Median,26170,-22.735308724256505,-43.3689986253974,1,6,6,4.783476868741585,4.783476868741585
P-Median,26172,-22.727797274174065,-43.36988532052452,1,6,6,5.326878216440438,5.326878216440438
P-Median,26173,-22.7293974724831,-43.35646929692585,3,17,17,5.699788989746433,5.699788989746433
P-Median,26175,-22.723712605507256,-43.34218222243037,4,17,17,4.927054534490701,4.927054534490701
P-Median,26178,-22.71708005610544,-43.37621943740937,4,44,44,5.9485118921262305,5.9485118921262305
P-Median,26180,-22.709309871783464,-43.340396840703605,1,17,17,6.072531152331374,6.072531152331374
P-Median,26183,-22.71884157108849,-43.3359503631358,8,17,17,4.93726011141345,4.93726011141345
P-Median,26185,-22.71230675457505,-43.3346366040831,3,17,17,5.482990061890084,5.482990061890084
P-Median,26187,-22.731683227835816,-43.34902267341827,3,17,17,4.915339334336909,4.915339334336909
P-Median,26190,-22.738054149192973,-43.33784294353118,1,17,17,3.5677140831638634,3.5677140831638634
P-Median,26193,-22.74371498675422,-43.34181565153629,3,17,17,3.6496214137419765,3.6496214137419765
P-Median,26196,-22.74788950490292,-43.365239469417695,1,6,6,4.3133667363683275,4.3133667363683275
P-Median,26210,-22.75587652233678,-43.45011309119682,13,57,57,0.0,0.0
P-Median,26215,-22.749383783452853,-43.44373182064543,12,57,57,0.9743719733962843,0.9743719733962843
P-Median,26216,-22.751111606071024,-43.46011896476947,3,57,57,1.1547461515027144,1.1547461515027144
P-Median,26220,-22.7584056941374,-43.442957719272016,12,57,57,0.7857557690931399,0.7857557690931399
P-Median,26221,-22.761895289271685,-43.44132518888005,6,57,57,1.122438546888196,1.122438546888196
P-Median,26225,-22.764974904450163,-43.43867207315254,6,57,57,1.5491092424295758,1.5491092424295758
P-Median,26230,-22.754343447271268,-43.42874379900237,1,57,57,2.1978363024958516,2.1978363024958516
P-Median,26250,-22.76580597634655,-43.44413388623215,6,57,57,1.2629027081607123,1.2629027081607123
P-Median,26255,-22.760838936119494,-43.45665101381061,33,57,57,0.8682712746434371,0.8682712746434371
P-Median,26256,-22.75641397681851,-43.468057858785166,1,57,57,1.8410195048210296,1.8410195048210296
P-Median,26260,-22.757514514925703,-43.47418414534944,1,57,57,2.474937323882366,2.474937323882366
P-Median,26261,-22.75945387444939,-43.48287991446073,10,57,57,3.3833249859400705,3.3833249859400705
P-Median,26262,-22.75865949445597,-43.46865496838731,4,57,57,1.926279957728731,1.926279957728731
P-Median,26263,-22.7511163216362,-43.4803664070067,9,57,57,3.1470553826973915,3.1470553826973915
P-Median,26265,-22.76240169452735,-43.49189992116156,8,52,52,3.5088152060511515,3.5088152060511515
P-Median,26266,-22.76149082223366,-43.49983733727016,1,52,52,2.750067492022801,2.750067492022801
P-Median,26270,-22.771786935706576,-43.513737001536,2,52,52,1.2197711856781057,1.2197711856781057
P-Median,26271,-22.76538805577464,-43.513740263369385,3,52,52,1.261032696096015,1.261032696096015
P-Median,26272,-22.761268184110865,-43.504602353534416,2,52,52,2.300636102155709,2.300636102155709
P-Median,26275,-22.758522248481707,-43.5081270171475,3,52,52,2.126863746992138,2.126863746992138
P-Median,26276,-22.747655366540023,-43.50045199921573,8,52,52,3.5008567440404366,3.5008567440404366
P-Median,26277,-22.75365868027963,-43.50568209999401,7,52,52,2.655403187398397,2.655403187398397
P-Median,26278,-22.750950306589704,-43.5104936361956,3,52,52,2.5383330878739407,2.5383330878739407
P-Median,26279,-22.746340793942444,-43.51599943467023,3,52,52,2.7192096934623007,2.7192096934623007
P-Median,26280,-22.74345546985677,-43.48205928698698,5,57,57,3.5551595127275792,3.5551595127275792
P-Median,26281,-22.739051517422563,-43.47469667232987,4,57,57,3.1393154092033555,3.1393154092033555
P-Median,26282,-22.743267765418626,-43.47080427462203,2,57,57,2.543145931794251,2.543145931794251
P-Median,26285,-22.749261034645645,-43.457434797409576,10,57,57,1.0510941579812847,1.0510941579812847
P-Median,26286,-22.74919369674164,-43.469546131254496,8,57,57,2.126753848221505,2.126753848221505
P-Median,26290,-22.7692389862532,-43.52530849381608,12,52,52,0.0,0.0
P-Median,26291,-22.775922205954583,-43.53552518598715,4,52,52,1.2843258340087256,1.2843258340087256
P-Median,26292,-22.765111723156878,-43.559026201122336,6,52,52,3.4874493466560974,3.4874493466560974
P-Median,26293,-22.79249083598364,-43.57524682495404,1,52,52,5.735537641719956,5.735537641719956
P-Median,26296,-22.80012558975328,-43.59358340822262,3,52,52,7.796616444152933,7.796616444152933
P-Median,26297,-22.81315246690653,-43.58884053145267,3,22,22,7.2756764917543135,7.2756764917543135
P-Median,26298,-22.821289601573383,-43.58391704635197,5,22,22,6.3130345708895135,6.3130345708895135
P-Median,26299,-22.84103615023977,-43.61515804577371,1,22,22,5.604552324263977,5.604552324263977
P-Median,26310,-22.71769036507631,-43.56406590011273,9,15,15,5.003709456796977,5.003709456796977
P-Median,26311,-22.7230667989856,-43.577531170720725,2,15,15,6.426621414280431,6.426621414280431
P-Median,26313,-22.72398694854633,-43.56859220120247,4,15,15,5.53204024320082,5.53204024320082
P-Median,26315,-22.726749869469312,-43.58842644869943,2,15,15,7.5893419513408915,7.5893419513408915
P-Median,26316,-22.691702991594585,-43.594666387857934,1,15,15,8.587494680742124,8.587494680742124
P-Median,26320,-22.70950681506173,-43.580279131181264,3,15,15,6.7069877388785,6.7069877388785
P-Median,26321,-22.7081915940706,-43.57351771589113,2,15,15,6.038456051529888,6.038456051529888
P-Median,26323,-22.721880392950524,-43.56120106689918,6,15,15,4.748249828270118,4.748249828270118
P-Median,26325,-22.720466020617074,-43.55679725976077,3,15,15,4.280974098434815,4.280974098434815
P-Median,26330,-22.73569440043516,-43.542197211853576,2,15,15,3.5018488376350914,3.5018488376350914
P-Median,26380,-22.707476317323948,-43.55071081533383,1,15,15,3.7614825727808783,3.7614825727808783
P-Median,26381,-22.6969098294197,-43.55741624112584,3,15,15,4.827215412666264,4.827215412666264
P-Median,26382,-22.692331349282565,-43.531816681604255,1,15,15,3.1567699539555045,3.1567699539555045
P-Median,26383,-22.707869677714925,-43.561315648938425,8,15,15,4.811318842074363,4.811318842074363
P-Median,26385,-22.705743887793957,-43.55656212344719,6,15,15,4.391253776665662,4.391253776665662
P-Median,26413,-22.696333434498968,-43.626641384369336,1,15,15,11.634044260440692,11.634044260440692
P-Median,26420,-22.68450772983073,-43.61532318330367,2,15,15,10.851483651103406,10.851483651103406
P-Median,26423,-22.6809778671,-43.61135654272859,1,15,15,10.60666603773451,10.60666603773451
P-Median,26425,-22.68320829858776,-43.6136513869842,1,15,15,10.73816203572139,10.73816203572139
P-Median,26430,-22.68817178316981,-43.60645936527142,3,15,15,9.859389562668044,9.859389562668044
P-Median,26433,-22.650250797954484,-43.65355119895557,4,21,21,6.643533740574133,6.643533740574133
P-Median,26435,-22.648997352455527,-43.65813095170957,4,21,21,6.184625685950473,6.184625685950473
P-Median,26440,-22.6438955448154,-43.64300824279504,4,21,21,7.198713556110408,7.198713556110408
P-Median,26443,-22.644806809224903,-43.65794599414254,2,21,21,5.925609577235003,5.925609577235003
P-Median,26445,-22.674494004101163,-43.60813218912923,3,15,15,10.59615128072554,10.59615128072554
P-Median,26450,-22.663207630218253,-43.610776285393406,1,21,21,11.12661756042638,11.12661756042638
P-Median,26453,-22.66951051838989,-43.61452547990683,3,21,21,11.157111032010608,11.157111032010608
P-Median,26455,-22.67373240752545,-43.59804565833488,1,15,15,9.71787786673288,9.71787786673288
P-Median,26460,-22.67164263350668,-43.59088177051566,2,15,15,9.206283272614339,9.206283272614339
P-Median,26470,-22.679545467450534,-43.593041196799824,1,15,15,8.960091077353361,8.960091077353361
P-Median,26480,-22.667916878063743,-43.58577332849087,1,15,15,9.010586105722183,9.010586105722183
P-Median,26510,-22.81662825484205,-43.41632496803764,21,26,26,1.3978898938764108,1.3978898938764108
P-Median,26515,-22.82027720659127,-43.42270906150816,3,26,26,1.6206200016103571,1.6206200016103571
P-Median,26520,-22.81249234447968,-43.42909625891298,17,26,26,0.9745375070251576,0.9745375070251576
P-Median,26521,-22.809500731742084,-43.43250149322672,6,26,26,1.053932657781283,1.053932657781283
P-Median,26525,-22.805706631753832,-43.42307905240664,20,26,26,0.0,0.0
P-Median,26526,-22.804257068335087,-43.42109060717076,2,26,26,0.2598529385381136,0.2598529385381136
P-Median,26530,-22.80164222999227,-43.41601787718497,8,26,26,0.8533079604392624,0.8533079604392624
P-Median,26535,-22.799760130437143,-43.41047447797409,10,26,26,1.451394931339302,1.451394931339302
P-Median,26540,-22.80794794860136,-43.40773098670876,7,26,26,1.592818366506805,1.592818366506805
P-Median,26545,-22.81382105979965,-43.40235279737406,9,26,26,2.3080957535357856,2.3080957535357856
P-Median,26550,-22.77075741016515,-43.4312991356195,4,57,57,2.5415148911899235,2.5415148911899235
P-Median,26551,-22.781707096310384,-43.42552236371597,10,26,26,2.680358434383374,2.680358434383374
P-Median,26553,-22.786322478605623,-43.43138510904005,6,26,26,2.317501810520047,2.317501810520047
P-Median,26554,-22.79089221312869,-43.43692215015001,4,26,26,2.17421346036187,2.17421346036187
P-Median,26556,-22.77776602762561,-43.43662348759625,4,57,57,2.7995314128043938,2.7995314128043938
P-Median,26557,-22.771105803454297,-43.43638870513932,2,57,57,2.201802844824391,2.201802844824391
P-Median,26560,-22.772872235146963,-43.42497545965702,4,6,6,2.4140444581119436,2.4140444581119436
P-Median,26562,-22.770064916804248,-43.422339662467735,8,6,6,2.0528036910221767,2.0528036910221767
P-Median,26564,-22.77328132742342,-43.41781714536901,6,6,6,1.7838148010403208,1.7838148010403208
P-Median,26570,-22.77814678640116,-43.4171342747468,2,6,6,2.079507905504705,2.079507905504705
P-Median,26572,-22.7846703338512,-43.41150550604952,4,6,6,2.3953745917439564,2.3953745917439564
P-Median,26574,-22.77767719983202,-43.4038669735974,4,6,6,1.464367295464023,1.464367295464023
P-Median,26580,-22.78727630139065,-43.42104793086865,5,26,26,2.0599115947930673,2.0599115947930673
P-Median,26582,-22.791786349943763,-43.41589366647349,5,26,26,1.714178347030153,1.714178347030153
P-Median,26584,-22.79705192396206,-43.42658602251409,2,26,26,1.0273107508838542,1.0273107508838542
P-Median,26585,-22.79835084305232,-43.434750437897016,3,26,26,1.4492490568516991,1.4492490568516991
P-Median,26587,-22.80462139272945,-43.4357429099578,2,26,26,1.3036773865621845,1.3036773865621845
P-Median,26600,-22.61483382699214,-43.705683375748585,35,21,21,0.0,0.0
P-Median,28680,-22.470849051492323,-42.657121037845286,19,37,37,0.0,0.0
P-Median,28695,-22.60367916043864,-42.74073968432629,1,18,18,16.550308693700245,16.550308693700245
P-Median,28800,-22.711927870432564,-42.63004113951235,27,18,18,0.0,0.0
MCLP-R3km,20010,-22.902565933548235,-43.17859890530714,7,4,4,1.5188165305657795,1.5188165305657795
MCLP-R3km,20011,-22.904993445903926,-43.17607769647398,15,4,4,1.531124393120438,1.531124393120438
MCLP-R3km,20020,-22.90749454533334,-43.17316912947846,9,4,4,1.6652083075701634,1.6652083075701634
MCLP-R3km,20021,-22.912369544913428,-43.17350079335496,13,4,4,1.5217572021269758,1.5217572021269758
MCLP-R3km,20030,-22.909873939082548,-43.17365036548527,21,4,4,1.5415948874833432,1.5415948874833432
MCLP-R3km,20031,-22.909572437655488,-43.1777031129869,38,4,4,1.1499349879235587,1.1499349879235587
MCLP-R3km,20040,-22.90568600024909,-43.177156307060464,35,4,4,1.3964546112870102,1.3964546112870102
MCLP-R3km,20041,-22.90320075238725,-43.17864558233141,2,4,4,1.4631143999329597,1.4631143999329597
MCLP-R3km,20050,-22.905696239420447,-43.179258208124025,8,4,4,1.225155142438931,1.225155142438931
MCLP-R3km,20051,-22.90306310094257,-43.18298926875737,3,4,4,1.2195818262191496,1.2195818262191496
MCLP-R3km,20060,-22.90742646003482,-43.22111290328188,2,1,1,1.4924401922520762,1.4924401922520762
MCLP-R3km,20061,-22.905811724167148,-43.18562902375168,1,4,4,0.8314670306144877,0.8314670306144877
MCLP-R3km,20070,-22.902331574261797,-43.17927884154506,6,4,4,1.4942807416068145,1.4942807416068145
MCLP-R3km,20071,-22.902076954244112,-43.18149783382578,14,4,4,1.3889942787285356,1.3889942787285356
MCLP-R3km,20080,-22.901209379401656,-43.18495724281751,6,4,4,1.3409457863311116,1.3409457863311116
MCLP-R3km,20081,-22.897715083300223,-43.18332992060644,15,4,4,1.7604470483832297,1.7604470483832297
MCLP-R3km,20090,-22.899054123828943,-43.17942063171785,20,4,4,1.786614449490628,1.786614449490628
MCLP-R3km,20091,-22.900151286264816,-43.17827587439508,13,4,4,1.7494525722404906,1.7494525722404906
MCLP-R3km,20210,-22.90869650356516,-43.201016378284464,7,4,4,1.3774341314031302,1.3774341314031302
MCLP-R3km,20211,-22.91148503866567,-43.19844247973102,19,4,4,1.044979018082904,1.044979018082904
MCLP-R3km,20220,-22.899829533909223,-43.20080433539784,17,4,4,1.9302694406294878,1.9302694406294878
MCLP-R3km,20221,-22.89945802156581,-43.19708452216502,5,4,4,1.7379191850209632,1.7379191850209632
MCLP-R3km,20230,-22.91285701073433,-43.18834911843799,46,4,4,0.0,0.0
MCLP-R3km,20231,-22.91259168660638,-43.18629265033459,23,4,4,0.212683107892977,0.212683107892977
MCLP-R3km,20240,-22.917770340408847,-43.18905754157791,13,4,4,0.5511349662474656,0.5511349662474656
MCLP-R3km,20241,-22.92200642517056,-43.18565741850953,31,4,4,1.05405895355888,1.05405895355888
MCLP-R3km,20250,-22.919337655136697,-43.21247470976231,10,1,1,1.9740844600393794,1.9740844600393794
MCLP-R3km,20251,-22.922200558918448,-43.20015626664134,14,4,4,1.5942875076806373,1.5942875076806373
MCLP-R3km,20260,-22.91934258444981,-43.21542322502569,50,1,1,1.6758768287690824,1.6758768287690824
MCLP-R3km,20261,-22.92401542829238,-43.213547671608914,41,1,1,2.011116505552299,2.011116505552299
MCLP-R3km,20270,-22.916244564738715,-43.21795033526529,42,1,1,1.39423247458682,1.39423247458682
MCLP-R3km,20271,-22.91566933091613,-43.2252134823305,41,1,1,0.6609204667433344,0.6609204667433344
MCLP-R3km,20510,-22.930347789330725,-43.24275226487902,42,1,1,1.8942374272156723,1.8942374272156723
MCLP-R3km,20511,-22.9284131316606,-43.240538180114825,43,1,1,1.586521150128953,1.586521150128953
MCLP-R3km,20520,-22.926258825257275,-43.231846424609145,64,1,1,1.0530849702224105,1.0530849702224105
MCLP-R3km,20521,-22.927918848210943,-43.23197212177495,42,1,1,1.2379884935722467,1.2379884935722467
MCLP-R3km,20530,-22.93768625306417,-43.24886943417944,32,1,1,2.9229568213322263,2.9229568213322263
MCLP-R3km,20531,-22.958246852875916,-43.27033293203977,8,54,54,4.290548962315033,4.290548962315033
MCLP-R3km,20535,-22.877802617547648,-43.27309285397244,4,6,6,1.3041600945835394,1.3041600945835394
MCLP-R3km,20540,-22.92255591041081,-43.243901231317686,73,1,1,1.4180264541063339,1.4180264541063339
MCLP-R3km,20541,-22.92275898098941,-43.246104027508025,72,1,1,1.6315292391014076,1.6315292391014076
MCLP-R3km,20550,-22.91679214318689,-43.2315503991291,71,1,1,0.0,0.0
MCLP-R3km,20551,-22.91439065092508,-43.24569874883489,52,1,1,1.473466116279969,1.473466116279969
MCLP-R3km,20560,-22.91863600041784,-43.25724486396328,46,1,1,2.639548053547475,2.639548053547475
MCLP-R3km,20561,-22.923671061855,-43.27951061325535,28,32,32,2.098550757784455,2.098550757784455
MCLP-R3km,20710,-22.90830858763459,-43.2764243094503,10,32,32,1.2205814033590425,1.2205814033590425
MCLP-R3km,20715,-22.91224198054703,-43.26872667336991,6,32,32,2.090868618691481,2.090868618691481
MCLP-R3km,20720,-22.906575946931888,-43.28819167590577,50,32,32,0.0,0.0
MCLP-R3km,20725,-22.906412217480728,-43.28249517700716,9,32,32,0.5837557299635102,0.5837557299635102
MCLP-R3km,20730,-22.902290913852568,-43.29839517326879,13,32,32,1.148612426686457,1.148612426686457
MCLP-R3km,20735,-22.900247004009792,-43.28620954651436,36,32,32,0.7324481065143434,0.7324481065143434
MCLP-R3km,20740,-22.89620288125079,-43.31266061354411,11,32,32,2.7590297842281024,2.7590297842281024
MCLP-R3km,20745,-22.903600471965063,-43.306901589519335,18,32,32,1.9447593754751609,1.9447593754751609
MCLP-R3km,20750,-22.87518071840644,-43.30082797736797,5,6,6,2.3421297580984577,2.3421297580984577
MCLP-R3km,20751,-22.883894678436565,-43.30538425605098,13,6,6,2.4564147960330143,2.4564147960330143
MCLP-R3km,20755,-22.888719129958837,-43.29710870135924,8,6,6,1.6091332339579065,1.6091332339579065
MCLP-R3km,20756,-22.889303208418365,-43.30454037225461,10,6,6,2.372080846514514,2.372080846514514
MCLP-R3km,20760,-22.879177245162506,-43.28592690942743,4,6,6,0.9325359254590645,0.9325359254590645
MCLP-R3km,20761,-22.870098149013963,-43.2972179170696,1,6,6,2.431375469802091,2.431375469802091
MCLP-R3km,20765,-22.87067512100277,-43.28612468627153,8,6,6,1.825091442159264,1.825091442159264
MCLP-R3km,20766,-22.865673065092224,-43.28931782004312,5,6,6,2.4525666703607,2.4525666703607
MCLP-R3km,20770,-22.89263110411781,-43.28601357326318,12,6,6,0.8150553188067192,0.8150553188067192
MCLP-R3km,20771,-22.88654522617883,-43.28157899070825,31,6,6,0.0,0.0
MCLP-R3km,20775,-22.894787607705087,-43.27754555337602,23,6,6,1.0053413849099824,1.0053413849099824
MCLP-R3km,20780,-22.8964631877728,-43.27217170225893,32,6,6,1.4645385888674298,1.4645385888674298
MCLP-R3km,20785,-22.88659325431333,-43.26783420069855,16,6,6,1.4080460011396718,1.4080460011396718
MCLP-R3km,20910,-22.89952439510988,-43.23052438041678,11,1,1,1.9229623723805818,1.9229623723805818
MCLP-R3km,20911,-22.89314885311464,-43.242201014642525,8,1,1,2.8463716287201897,2.8463716287201897
MCLP-R3km,20920,-22.89524485967227,-43.231902550437,8,1,1,2.3962234084492438,2.3962234084492438
MCLP-R3km,20921,-22.893703236582244,-43.23151762119004,19,1,1,2.567375017616373,2.567375017616373
MCLP-R3km,20930,-22.889979653251217,-43.22883289161473,3,1,1,2.9943824628337823,2.9943824628337823
MCLP-R3km,20931,-22.880476502680093,-43.21772315263865,11,1,1,4.279308867522561,4.279308867522561
MCLP-R3km,20932,-22.85332248950828,-43.397360098269154,1,29,29,0.08380461270982516,0.08380461270982516
MCLP-R3km,20940,-22.90178148194564,-43.21920005325752,18,1,1,2.094300828623546,2.094300828623546
MCLP-R3km,20941,-22.90503857930972,-43.218289836880224,15,1,1,1.884876752655092,1.884876752655092
MCLP-R3km,20943,-22.907619844963776,-43.23590445490212,3,1,1,1.1131478312755385,1.1131478312755385
MCLP-R3km,20950,-22.90399569141674,-43.25558609559154,34,1,1,2.843448980560313,2.843448980560313
MCLP-R3km,20960,-22.899105988671952,-43.24932163781583,6,1,1,2.6796984801459987,2.6796984801459987
MCLP-R3km,20961,-22.89892108854126,-43.26048783057711,3,6,6,2.561552761751576,2.561552761751576
MCLP-R3km,20970,-22.89490962921127,-43.29895518595955,4,32,32,1.7024575125630945,1.7024575125630945
MCLP-R3km,20972,-22.908149571852817,-43.26020630971305,1,32,32,2.8717571897572687,2.8717571897572687
MCLP-R3km,20973,-22.89480299365888,-43.30460678807501,3,32,32,2.1309331996519214,2.1309331996519214
MCLP-R3km,20975,-22.89442355697212,-43.251622708261415,3,6,6,3.191269668007439,3.191269668007439
MCLP-R3km,21010,-22.82383918425472,-43.3063018523626,7,8,8,2.2472846414531054,2.2472846414531054
MCLP-R3km,21011,-22.827727546600816,-43.2864223207302,16,8,8,2.4200864013040215,2.4200864013040215
MCLP-R3km,21012,-22.835042850775064,-43.31263647240438,7,8,8,1.4241016880062691,1.4241016880062691
MCLP-R3km,21020,-22.835828487618876,-43.27614378416555,33,19,19,2.4727632796662564,2.4727632796662564
MCLP-R3km,21021,-22.84207289300327,-43.265065434319375,25,19,19,1.144784977739107,1.144784977739107
MCLP-R3km,21030,-22.850002554499312,-43.263354020176415,3,19,19,0.7649375053857213,0.7649375053857213
MCLP-R3km,21031,-22.84825657231105,-43.25613344368642,17,19,19,0.0,0.0
MCLP-R3km,21032,-22.86037660176917,-43.2556698277572,9,19,19,1.348524637652181,1.348524637652181
MCLP-R3km,21040,-22.858267172627272,-43.25269222978843,9,19,19,1.1676431890525856,1.1676431890525856
MCLP-R3km,21041,-22.87144109880102,-43.258727578503766,10,19,19,2.59167135840065,2.59167135840065
MCLP-R3km,21042,-22.86486541105725,-43.24870050352791,4,19,19,1.9976979232438048,1.9976979232438048
MCLP-R3km,21043,-22.88658041606038,-43.2773189390998,1,6,6,0.43642331955650576,0.43642331955650576
MCLP-R3km,21044,-22.857706333465654,-43.267186202026345,4,19,19,1.5449138302326164,1.5449138302326164
MCLP-R3km,21046,-22.87178460618622,-43.25004020994305,4,19,19,2.6896632333827872,2.6896632333827872
MCLP-R3km,21050,-22.87598170475497,-43.26005615466438,17,6,6,2.498272951801941,2.498272951801941
MCLP-R3km,21051,-22.874222414375385,-43.26728790044959,5,6,6,2.005252381975894,2.005252381975894
MCLP-R3km,21060,-22.857331891254034,-43.26363956816405,17,19,19,1.268820273442331,1.268820273442331
MCLP-R3km,21061,-22.866391297064204,-43.27158801093624,14,6,6,2.463706292270042,2.463706292270042
MCLP-R3km,21070,-22.843914411682647,-43.283779066776354,9,8,8,1.9110022140440641,1.9110022140440641
MCLP-R3km,21071,-22.860726267312923,-43.28764650581979,4,8,8,2.4217379379703163,2.4217379379703163
MCLP-R3km,21073,-22.850770856037,-43.27052152360208,26,19,19,1.5006111461378586,1.5006111461378586
MCLP-R3km,21210,-22.84373140637614,-43.30242672582638,17,8,8,0.0,0.0
MCLP-R3km,21211,-22.836828071243165,-43.30804460963914,13,8,8,0.9595135889082762,0.9595135889082762
MCLP-R3km,21215,-22.833788776762518,-43.29604433389999,18,8,8,1.2845511161570022,1.2845511161570022
MCLP-R3km,21220,-22.84942286859225,-43.31350882748824,24,8,8,1.3000398449760315,1.3000398449760315
MCLP-R3km,21221,-22.84606476402831,-43.31053536227519,22,8,8,0.8704816326820659,0.8704816326820659
MCLP-R3km,21230,-22.82666297562433,-43.3225314634884,42,8,8,2.801269084793778,2.801269084793778
MCLP-R3km,21231,-22.831527268945862,-43.32219671997402,7,8,8,2.4384866230561077,2.4384866230561077
MCLP-R3km,21235,-22.83791177652518,-43.322271046058205,36,8,8,2.1340438963118062,2.1340438963118062
MCLP-R3km,21236,-22.8396852659843,-43.33712480023102,1,50,50,1.5029311351452213,1.5029311351452213
MCLP-R3km,21240,-22.8111210300632,-43.32621279907767,7,69,69,4.178924999926483,4.178924999926483
MCLP-R3km,21241,-22.81349696231808,-43.30803677134236,4,8,8,3.410729950327377,3.410729950327377
MCLP-R3km,21250,-22.824619091439565,-43.30674667488387,22,8,8,2.170817751455878,2.170817751455878
MCLP-R3km,21310,-22.879083342003987,-43.33935560703397,18,9,9,1.0289389783894778,1.0289389783894778
MCLP-R3km,21311,-22.88918177352332,-43.32763594596467,16,9,9,2.6087342714934887,2.6087342714934887
MCLP-R3km,21320,-22.892905876006864,-43.347644389533606,16,9,9,2.5427743350100056,2.5427743350100056
MCLP-R3km,21321,-22.89512617328995,-43.357502145957,57,5,5,2.8707915868512455,2.8707915868512455
MCLP-R3km,21330,-22.8828767826158,-43.36417448357049,50,9,9,2.5751193347630252,2.5751193347630252
MCLP-R3km,21331,-22.87350715228709,-43.36567754387448,25,9,9,2.3516566442273503,2.3516566442273503
MCLP-R3km,21340,-22.871018134717986,-43.35684491471535,9,9,9,1.4234280667693107,1.4234280667693107
MCLP-R3km,21341,-22.882442915756783,-43.34947007028445,22,9,9,1.4909730949186628,1.4909730949186628
MCLP-R3km,21350,-22.87793235260004,-43.33016620442746,12,9,9,1.5530605632766725,1.5530605632766725
MCLP-R3km,21351,-22.87044820264357,-43.34296526816304,10,9,9,0.0,0.0
MCLP-R3km,21360,-22.866945338258187,-43.33478170506691,8,9,9,0.9245016537853292,0.9245016537853292
MCLP-R3km,21361,-22.85332826176321,-43.32822806263115,12,50,50,1.500271029158995,1.500271029158995
MCLP-R3km,21370,-22.87000636720115,-43.32004486324283,4,9,9,2.3487954319439543,2.3487954319439543
MCLP-R3km,21371,-22.85106228596877,-43.32617884775252,9,50,50,1.7087020580018877,1.7087020580018877
MCLP-R3km,21380,-22.88331793518069,-43.31951190668025,19,9,9,2.7966402970689543,2.7966402970689543
MCLP-R3km,21381,-22.87907528708003,-43.314672063074205,8,9,9,3.0532602457520834,3.0532602457520834
MCLP-R3km,21510,-22.84251003329592,-43.35349069066133,7,50,50,1.5312188579355415,1.5312188579355415
MCLP-R3km,21511,-22.84410299270375,-43.35219269222594,5,50,50,1.3126862655273313,1.3126862655273313
MCLP-R3km,21512,-22.84146868829085,-43.36195292092932,5,50,50,2.292512342580472,2.292512342580472
MCLP-R3km,21515,-22.83902730987094,-43.35587746226516,5,50,50,1.9797315383173644,1.9797315383173644
MCLP-R3km,21520,-22.810998397638027,-43.3618771585306,3,69,69,1.5038236682442507,1.5038236682442507
MCLP-R3km,21530,-22.828811915352887,-43.346307609440586,6,50,50,2.618959717662677,2.618959717662677
MCLP-R3km,21532,-22.8130814021041,-43.36036408098235,1,69,69,1.7614450631595757,1.7614450631595757
MCLP-R3km,21535,-22.8194481093076,-43.35408490190018,2,69,69,2.6386913463363886,2.6386913463363886
MCLP-R3km,21540,-22.852143526409453,-43.34281302027885,10,50,50,0.0,0.0
MCLP-R3km,21545,-22.8432861377694,-43.34344431819371,4,50,50,0.9870202069137427,0.9870202069137427
MCLP-R3km,21550,-22.86207117720982,-43.35623041492665,14,9,9,1.6476727763128207,1.6476727763128207
MCLP-R3km,21555,-22.855135850026095,-43.36350730842812,13,50,50,2.1464127971439466,2.1464127971439466
MCLP-R3km,21557,-22.85620371453252,-43.37495578967732,3,29,29,2.2540995501763037,2.2540995501763037
MCLP-R3km,21610,-22.867011045510356,-43.371883316604816,20,29,29,2.941887240601381,2.941887240601381
MCLP-R3km,21615,-22.86209078632198,-43.39136925868886,17,29,29,1.0697351474879193,1.0697351474879193
MCLP-R3km,21616,-22.85387973916863,-43.39680943222229,10,29,29,0.0,0.0
MCLP-R3km,21620,-22.839350559609453,-43.40486056012263,12,29,29,1.8140345043229384,1.8140345043229384
MCLP-R3km,21625,-22.832605349060035,-43.40280856194904,11,29,29,2.444181480968012,2.444181480968012
MCLP-R3km,21630,-22.825649495444644,-43.41164984676431,5,15,15,2.5079433664816166,2.5079433664816166
MCLP-R3km,21635,-22.83290297152516,-43.41230278119793,2,29,29,2.8215774572518555,2.8215774572518555
MCLP-R3km,21640,-22.83463324022867,-43.39275636997285,2,29,29,2.180044984875596,2.180044984875596
MCLP-R3km,21645,-22.821385636314904,-43.39760318048674,2,15,15,3.1397192843693724,3.1397192843693724
MCLP-R3km,21650,-22.816850689474528,-43.374314532417216,5,69,69,2.369478016405681,2.369478016405681
MCLP-R3km,21655,-22.818616394359942,-43.382598700728,2,69,69,2.993277358860372,2.993277358860372
MCLP-R3km,21660,-22.839960552960555,-43.37703910572291,7,29,29,2.5494609809260913,2.5494609809260913
MCLP-R3km,21665,-22.83427156601059,-43.377978641515625,1,29,29,2.9116014983873852,2.9116014983873852
MCLP-R3km,21670,-22.84984365215036,-43.3808702413711,5,29,29,1.693789510322233,1.693789510322233
MCLP-R3km,21675,-22.849034554602184,-43.3744236468128,8,29,29,2.3562457954904916,2.3562457954904916
MCLP-R3km,21710,-22.876979699775763,-43.42527912676291,11,28,28,0.9917160433609321,0.9917160433609321
MCLP-R3km,21715,-22.87947674705333,-43.44026398123803,11,28,28,2.50880967717486,2.50880967717486
MCLP-R3km,21720,-22.865120805735398,-43.4470342137163,3,16,16,2.92225538998272,2.92225538998272
MCLP-R3km,21721,-22.8753558465787,-43.28063646200473,2,6,6,1.2479450883390857,1.2479450883390857
MCLP-R3km,21725,-22.85918299393417,-43.456665616338015,6,16,16,2.8232248275537972,2.8232248275537972
MCLP-R3km,21730,-22.86435505255422,-43.434757144170185,7,28,28,2.5166859898796625,2.5166859898796625
MCLP-R3km,21735,-22.871537517256936,-43.429726914847,6,28,28,1.637008276821486,1.637008276821486
MCLP-R3km,21740,-22.88433305340309,-43.387504877344114,10,28,28,2.963607410856768,2.963607410856768
MCLP-R3km,21741,-22.88962788350659,-43.395124429249634,6,28,28,2.438883892894129,2.438883892894129
MCLP-R3km,21745,-22.879549301241177,-43.41011862496182,8,28,28,0.5878554472203836,0.5878554472203836
MCLP-R3km,21746,-22.885775526693383,-43.4110256032492,1,28,28,0.9224307049624567,0.9224307049624567
MCLP-R3km,21750,-22.87873543265548,-43.415788362287785,10,28,28,0.0,0.0
MCLP-R3km,21755,-22.88385334415563,-43.41913635549757,4,28,28,0.6644541294173938,0.6644541294173938
MCLP-R3km,21760,-22.89044829208524,-43.42058389455041,11,28,28,1.3919850825286948,1.3919850825286948
MCLP-R3km,21765,-22.890938364362235,-43.43068537741355,12,28,28,2.042093860371821,2.042093860371821
MCLP-R3km,21770,-22.892257517452293,-43.44208696544872,7,16,16,2.9881566720075066,2.9881566720075066
MCLP-R3km,21775,-22.886952911633603,-43.446644127201374,9,16,16,2.3581859535334804,2.3581859535334804
MCLP-R3km,21810,-22.87922054417216,-43.45931046493799,11,16,16,1.0357988314014341,1.0357988314014341
MCLP-R3km,21815,-22.88548385187386,-43.45769280672658,8,16,16,1.2251691194219132,1.2251691194219132
MCLP-R3km,21820,-22.88188843504765,-43.46899760400734,11,16,16,0.0,0.0
MCLP-R3km,21825,-22.892248480036507,-43.47086620332721,5,16,16,1.1677816257853662,1.1677816257853662
MCLP-R3km,21830,-22.880118655848957,-43.483604754804006,9,16,16,1.509322816282355,1.509322816282355
MCLP-R3km,21831,-22.88976260419128,-43.48390785134509,7,16,16,1.760590694747871,1.760590694747871
MCLP-R3km,21832,-22.894998640111965,-43.490836960215546,9,16,16,2.670266500940206,2.670266500940206
MCLP-R3km,21833,-22.8814818751053,-43.49448328547964,3,16,16,2.6112748151340233,2.6112748151340233
MCLP-R3km,21840,-22.868363814263653,-43.46923216795061,6,16,16,1.5040632831791145,1.5040632831791145
MCLP-R3km,21842,-22.868421364534367,-43.47985554134832,9,56,56,1.429907210676365,1.429907210676365
MCLP-R3km,21843,-22.870893429404216,-43.48330150443216,6,56,56,1.5689671116490755,1.5689671116490755
MCLP-R3km,21850,-22.859425219557973,-43.486817054989416,2,56,56,0.2633312206165288,0.2633312206165288
MCLP-R3km,21852,-22.86305592280701,-43.4696365930169,1,56,56,1.8452943441821594,1.8452943441821594
MCLP-R3km,21853,-22.85708276487565,-43.486439191165495,11,56,56,0.0,0.0
MCLP-R3km,21854,-22.845556518964184,-43.49501645648064,1,56,56,1.5540637169571627,1.5540637169571627
MCLP-R3km,21860,-22.862369101863525,-43.46728646117796,5,56,56,2.0485656865772115,2.0485656865772115
MCLP-R3km,21862,-22.864698795351657,-43.46636013974529,6,16,16,1.9304085986626849,1.9304085986626849
MCLP-R3km,21863,-22.850951552039938,-43.46693512747451,6,56,56,2.111589848204541,2.111589848204541
MCLP-R3km,21864,-22.853845962536496,-43.46103565025077,3,56,56,2.6277362068216856,2.6277362068216856
MCLP-R3km,21865,-22.853042262633373,-43.47042497115219,2,56,56,1.701296324013096,1.701296324013096
MCLP-R3km,21866,-22.859130493251165,-43.47880605689346,8,56,56,0.8145838613369261,0.8145838613369261
MCLP-R3km,21870,-22.871019283986563,-43.45851442872575,7,16,16,1.6168370924114495,1.6168370924114495
MCLP-R3km,21875,-22.873409010490445,-43.4537411569272,2,16,16,1.8253649972465231,1.8253649972465231
MCLP-R3km,21910,-22.79777839220466,-43.18136086251543,15,18,18,1.4701237981909054,1.4701237981909054
MCLP-R3km,21911,-22.7900819429952,-43.17257319356364,9,18,18,2.533249795355915,2.533249795355915
MCLP-R3km,21920,-22.79811558143935,-43.19569772270941,25,18,18,0.0,0.0
MCLP-R3km,21921,-22.8083044291334,-43.18564856697721,13,18,18,1.5312223763450132,1.5312223763450132
MCLP-R3km,21930,-22.819481062981133,-43.1783585853495,12,18,18,2.966948610374764,2.966948610374764
MCLP-R3km,21931,-22.809517664348768,-43.200203165434935,39,18,18,1.3493479394077301,1.3493479394077301
MCLP-R3km,21932,-22.80486286271774,-43.22572822631956,4,18,18,3.1684037123139737,3.1684037123139737
MCLP-R3km,21940,-22.81388871143013,-43.20247749638257,30,18,18,1.8865548252526037,1.8865548252526037
MCLP-R3km,21941,-22.8338340042933,-43.24885668973881,21,19,19,1.7686062847326227,1.7686062847326227
MCLP-R3km,22010,-22.96271293881479,-43.1708107829536,24,0,0,1.7779386636232026,1.7779386636232026
MCLP-R3km,22011,-22.96400610563266,-43.17658358618979,30,0,0,1.4144230995683331,1.4144230995683331
MCLP-R3km,22020,-22.965453849156813,-43.17847566804375,23,0,0,1.4310716415606315,1.4310716415606315
MCLP-R3km,22021,-22.96571567280818,-43.178905752541766,22,0,0,1.434424162537192,1.434424162537192
MCLP-R3km,22030,-22.965586191842657,-43.18405306861811,26,0,0,1.253592556714616,1.253592556714616
MCLP-R3km,22031,-22.966933621230865,-43.18792165085605,22,0,0,1.4119980094677078,1.4119980094677078
MCLP-R3km,22040,-22.968389299018032,-43.1849944726417,20,0,0,1.5560237161801584,1.5560237161801584
MCLP-R3km,22041,-22.96767360462037,-43.19002828343284,24,0,0,1.541606531953088,1.541606531953088
MCLP-R3km,22050,-22.972595655601555,-43.18771945633724,27,0,0,2.033370251569324,2.033370251569324
MCLP-R3km,22051,-22.972873846317363,-43.19052130370873,21,0,0,2.112939189665477,2.112939189665477
MCLP-R3km,22060,-22.97702862454598,-43.19034089760792,17,0,0,2.5606658548440118,2.5606658548440118
MCLP-R3km,22061,-22.975419252327107,-43.19263365219479,21,0,0,2.443233127282843,2.443233127282843
MCLP-R3km,22070,-22.980688017563597,-43.18955936508214,19,0,0,2.9494149883610596,2.9494149883610596
MCLP-R3km,22071,-22.980184787318848,-43.19459066773997,32,3,3,2.6234605363749894,2.6234605363749894
MCLP-R3km,22080,-22.98466377656021,-43.1925284491284,21,3,3,2.8401611468037125,2.8401611468037125
MCLP-R3km,22081,-22.984441149894824,-43.19341592390328,28,3,3,2.7473334912846594,2.7473334912846594
MCLP-R3km,22210,-22.931070810893203,-43.176115962189314,33,4,4,2.381475304711615,2.381475304711615
MCLP-R3km,22211,-22.923384297280904,-43.179530436549925,4,4,4,1.4785169043564923,1.4785169043564923
MCLP-R3km,22220,-22.92956446372173,-43.17684636890966,27,4,4,2.199815774044761,2.199815774044761
MCLP-R3km,22221,-22.928999413639037,-43.18145032839962,43,4,4,1.929007275066015,1.929007275066015
MCLP-R3km,22230,-22.937297973252814,-43.176889612976375,52,0,0,2.103488858845273,2.103488858845273
MCLP-R3km,22231,-22.93615390975268,-43.18183226783302,45,0,0,2.067142953014936,2.067142953014936
MCLP-R3km,22240,-22.935263476239665,-43.18726357297116,47,0,0,2.1352549956811755,2.1352549956811755
MCLP-R3km,22241,-22.93845834691675,-43.1963680762055,15,0,0,2.0856969132174936,2.0856969132174936
MCLP-R3km,22245,-22.941061091973182,-43.191231191173394,15,0,0,1.5904100812889825,1.5904100812889825
MCLP-R3km,22250,-22.942211644081578,-43.17758693818259,55,0,0,1.5877854643629812,1.5877854643629812
MCLP-R3km,22251,-22.945344203574265,-43.185010548945066,35,0,0,1.0100504371485197,1.0100504371485197
MCLP-R3km,22260,-22.94921626511125,-43.19021396256844,49,0,0,0.7427901201893315,0.7427901201893315
MCLP-R3km,22261,-22.95721825808972,-43.20026060905936,22,0,0,1.5282368732061973,1.5282368732061973
MCLP-R3km,22270,-22.953082188232276,-43.18924536490677,45,0,0,0.396578984685194,0.396578984685194
MCLP-R3km,22271,-22.95610379641452,-43.19395105535185,22,0,0,0.8705871531846305,0.8705871531846305
MCLP-R3km,22280,-22.95440868548141,-43.185650031057385,29,0,0,0.0,0.0
MCLP-R3km,22281,-22.95685190582306,-43.19364574140023,18,0,0,0.8625745733797917,0.8625745733797917
MCLP-R3km,22290,-22.954428429403357,-43.17707420858368,56,0,0,0.8780824342145136,0.8780824342145136
MCLP-R3km,22291,-22.942311951383264,-43.166780906762526,10,0,0,2.3542074509535773,2.3542074509535773
MCLP-R3km,22410,-22.98392343049867,-43.207101465917965,38,3,3,1.3493151430548016,1.3493151430548016
MCLP-R3km,22411,-22.98194469977677,-43.20241313570824,21,3,3,1.8140689984614349,1.8140689984614349
MCLP-R3km,22420,-22.985312022606557,-43.20414276378719,24,3,3,1.6753600537416253,1.6753600537416253
MCLP-R3km,22421,-22.982140216547386,-43.20687525073036,8,3,3,1.3572065657154608,1.3572065657154608
MCLP-R3km,22430,-22.98210232841188,-43.22013314970181,35,3,3,0.0,0.0
MCLP-R3km,22431,-22.98284371340203,-43.22474000720175,22,3,3,0.478750066039768,0.478750066039768
MCLP-R3km,22440,-22.984439128577424,-43.22151271315892,25,3,3,0.2957385206275037,0.2957385206275037
MCLP-R3km,22441,-22.98416017609255,-43.22495474880264,26,3,3,0.5440407657313495,0.5440407657313495
MCLP-R3km,22450,-22.986493696399247,-43.23306806247369,39,3,3,1.411281549487578,1.411281549487578
MCLP-R3km,22451,-22.97841522971715,-43.23772919271784,56,3,3,1.8473853396266735,1.8473853396266735
MCLP-R3km,22452,-22.952645498107493,-43.30267070542142,2,17,17,3.244259610323008,3.244259610323008
MCLP-R3km,22460,-22.96483495864169,-43.22490223070295,15,3,3,1.9811499828508399,1.9811499828508399
MCLP-R3km,22461,-22.96134503409605,-43.21364138805082,32,3,3,2.4018888616555176,2.4018888616555176
MCLP-R3km,22470,-22.96550432697566,-43.21544841322038,35,3,3,1.9069129354852845,1.9069129354852845
MCLP-R3km,22471,-22.967625971408516,-43.203212882392485,28,0,0,2.3223788550150846,2.3223788550150846
MCLP-R3km,22610,-22.99599813649958,-43.261663703422506,29,54,54,0.0,0.0
MCLP-R3km,22611,-23.008068841447862,-43.29861176534447,8,10,10,3.860502981179359,3.860502981179359
MCLP-R3km,22620,-23.00947497991475,-43.33453004891496,35,10,10,0.919151203669357,0.919151203669357
MCLP-R3km,22621,-23.010803499326403,-43.3098866524811,27,10,10,2.837253540417511,2.837253540417511
MCLP-R3km,22630,-23.01013125796049,-43.33867951997416,30,10,10,1.034802231977178,1.034802231977178
MCLP-R3km,22631,-23.00365666838398,-43.34075885321385,85,10,10,0.5911933261734523,0.5911933261734523
MCLP-R3km,22640,-23.001267617010637,-43.3355988370672,26,10,10,0.0,0.0
MCLP-R3km,22641,-22.986105098852665,-43.31152067063231,6,17,17,2.9617110684654566,2.9617110684654566
MCLP-R3km,22710,-22.934576022997884,-43.37578841332682,51,12,12,2.02084028668791,2.02084028668791
MCLP-R3km,22711,-22.91373119718309,-43.39089712057767,1,39,39,1.2678004409079682,1.2678004409079682
MCLP-R3km,22713,-22.930174584016687,-43.39608391214564,30,39,39,1.6282680542780283,1.6282680542780283
MCLP-R3km,22715,-22.923355641776094,-43.383046917508274,9,39,39,2.145644657656302,2.145644657656302
MCLP-R3km,22720,-22.91816741998529,-43.38651552844117,25,39,39,1.6726551102305354,1.6726551102305354
MCLP-R3km,22723,-22.91689708484027,-43.40278883313536,41,39,39,0.0,0.0
MCLP-R3km,22725,-22.91150171276762,-43.37652610722419,21,5,5,2.1261088290648003,2.1261088290648003
MCLP-R3km,22730,-22.920002522357752,-43.3695754073506,22,5,5,1.1424817235950135,1.1424817235950135
MCLP-R3km,22733,-22.906015750671408,-43.364980246342064,18,5,5,1.7874400428575077,1.7874400428575077
MCLP-R3km,22735,-22.920928532759326,-43.3584654815096,15,5,5,0.0,0.0
MCLP-R3km,22740,-22.92625659532195,-43.35975777828106,22,5,5,0.6070570791907146,0.6070570791907146
MCLP-R3km,22743,-22.930174278267923,-43.34644038809006,48,5,5,1.6042372547582813,1.6042372547582813
MCLP-R3km,22745,-22.93505848017408,-43.33359407042855,31,5,5,2.9926991201470576,2.9926991201470576
MCLP-R3km,22750,-22.94338467090066,-43.33437919544068,49,17,17,2.563411821686246,2.563411821686246
MCLP-R3km,22753,-22.96619236089961,-43.33073451387544,52,17,17,0.0,0.0
MCLP-R3km,22755,-22.947502549436848,-43.33814210193203,19,17,17,2.212289518626477,2.212289518626477
MCLP-R3km,22760,-22.938856559491374,-43.34583380346626,16,5,5,2.376438560451072,2.376438560451072
MCLP-R3km,22763,-22.949418433889697,-43.38717689639774,15,12,12,0.0,0.0
MCLP-R3km,22765,-22.954431333815165,-43.35527342221761,25,17,17,2.8324153854205436,2.8324153854205436
MCLP-R3km,22770,-22.93691091371265,-43.36097335035081,46,5,5,1.795624291888566,1.795624291888566
MCLP-R3km,22772,-22.95005017710918,-43.36084751104725,1,12,12,2.696877896740425,2.696877896740425
MCLP-R3km,22773,-22.94846910030558,-43.364489898207424,9,12,12,2.3254161739737507,2.3254161739737507
MCLP-R3km,22775,-22.969148201152677,-43.38306523796816,103,12,12,2.233878650478,2.233878650478
MCLP-R3km,22776,-22.99004850815858,-43.35448107201586,11,10,10,2.3004044109815522,2.3004044109815522
MCLP-R3km,22780,-22.962843790439337,-43.40116578306731,48,12,12,2.068828784815291,2.068828784815291
MCLP-R3km,22783,-22.984082408782115,-43.44889019919411,44,38,38,0.0,0.0
MCLP-R3km,22785,-22.979900329721087,-43.49176475913368,15,38,38,4.4136035033195276,4.4136035033195276
MCLP-R3km,22790,-23.01298650422646,-43.46551954103294,136,13,13,0.0,0.0
MCLP-R3km,22793,-23.00061899109568,-43.40471828456725,116,21,21,0.0,0.0
MCLP-R3km,22795,-23.020470737334893,-43.46265642068304,68,13,13,0.8822891241430512,0.8822891241430512
MCLP-R3km,23010,-22.885872200386764,-43.51372891804045,10,22,22,1.9347266081986405,1.9347266081986405
MCLP-R3km,23012,-22.891289709125683,-43.528538034861306,5,22,22,1.542168127558261,1.542168127558261
MCLP-R3km,23013,-22.90125781010044,-43.541434503067336,11,22,22,2.8761753726528236,2.8761753726528236
MCLP-R3km,23015,-22.908174032805224,-43.53967787825952,4,30,30,2.6566852414950866,2.6566852414950866
MCLP-R3km,23016,-22.912595307197087,-43.53593879115358,5,30,30,2.542763261466163,2.542763261466163
MCLP-R3km,23017,-22.91957476261591,-43.52855570225305,16,30,30,2.809631924415955,2.809631924415955
MCLP-R3km,23020,-23.0049905225767,-43.54784520457546,17,66,66,0.0,0.0
MCLP-R3km,23025,-22.99046924798533,-43.61550570181899,4,41,41,2.993905804114487,2.993905804114487
MCLP-R3km,23026,-22.99073734829478,-43.63045092144838,7,57,57,2.3918375975408273,2.3918375975408273
MCLP-R3km,23027,-23.00123690831294,-43.64009513690838,1,57,57,3.201656301493381,3.201656301493381
MCLP-R3km,23028,-22.98056296317437,-43.65998986714787,7,57,57,1.9580543541223607,1.9580543541223607
MCLP-R3km,23030,-22.96669955681108,-43.6017686687425,12,41,41,0.0,0.0
MCLP-R3km,23031,-22.964378631240205,-43.61186736926677,6,41,41,1.065644611058949,1.065644611058949
MCLP-R3km,23032,-22.972563998366837,-43.64295047031437,11,57,57,0.0,0.0
MCLP-R3km,23033,-22.955943986568656,-43.60659613358818,8,41,41,1.294074341137114,1.294074341137114
MCLP-R3km,23035,-22.945894102935657,-43.594457021538446,12,41,41,2.43157631612973,2.43157631612973
MCLP-R3km,23036,-22.937899966329617,-43.578646142633474,10,30,30,2.7164460923096065,2.7164460923096065
MCLP-R3km,23040,-22.9331056624521,-43.55411381012552,19,30,30,0.5936047443441035,0.5936047443441035
MCLP-R3km,23042,-22.92777932523722,-43.554503392883646,10,30,30,0.0,0.0
MCLP-R3km,23045,-22.916840745702157,-43.56234010712124,23,30,30,1.457250861157004,1.457250861157004
MCLP-R3km,23047,-22.925942886418497,-43.56135750790765,6,30,30,0.7310362346262038,0.7310362346262038
MCLP-R3km,23050,-22.906374170614946,-43.566410061329776,16,7,7,1.5877104097135522,1.5877104097135522
MCLP-R3km,23052,-22.906619343447986,-43.55224985960651,18,30,30,2.364178920388975,2.364178920388975
MCLP-R3km,23055,-22.9099494896574,-43.5764230099429,13,7,7,1.5098753115667953,1.5098753115667953
MCLP-R3km,23056,-22.91818988167744,-43.61235085654186,5,26,26,2.4528843613909017,2.4528843613909017
MCLP-R3km,23057,-22.917530927853,-43.52832489679447,7,30,30,2.9131848711135886,2.9131848711135886
MCLP-R3km,23058,-22.914787266177115,-43.59078039553711,10,7,7,2.454437956543964,2.454437956543964
MCLP-R3km,23059,-22.913307945677737,-43.59042985137216,16,7,7,2.2984068659151,2.2984068659151
MCLP-R3km,23060,-22.896089584185965,-43.59889671190928,24,7,7,2.1910133645890744,2.1910133645890744
MCLP-R3km,23061,-22.908445285088447,-43.60810021286953,7,49,49,2.824096246693285,2.824096246693285
MCLP-R3km,23062,-22.90265768897671,-43.59917193270753,8,7,7,2.3251503270413814,2.3251503270413814
MCLP-R3km,23063,-22.897521961702388,-43.591752252623216,13,7,7,1.4641339905402546,1.4641339905402546
MCLP-R3km,23064,-22.90074270257361,-43.58463842554154,8,7,7,0.8749293825744892,0.8749293825744892
MCLP-R3km,23065,-22.88293828358117,-43.625086210988606,9,49,49,0.5853357015017376,0.5853357015017376
MCLP-R3km,23066,-22.888192458215805,-43.62473650428692,15,49,49,0.0,0.0
MCLP-R3km,23067,-22.88243614479021,-43.61658346798473,2,49,49,1.0522741000374427,1.0522741000374427
MCLP-R3km,23068,-22.88645864857024,-43.59762968190717,8,7,7,2.339162232580949,2.339162232580949
MCLP-R3km,23070,-22.896407842881192,-43.57751001381104,17,7,7,0.0,0.0
MCLP-R3km,23071,-22.888368672611158,-43.58090949448299,13,7,7,0.9593498651800363,0.9593498651800363
MCLP-R3km,23073,-22.88998422832266,-43.57939758303769,11,7,7,0.7399826401929005,0.7399826401929005
MCLP-R3km,23075,-22.877775179542617,-43.57771051289783,31,7,7,2.0719623004568013,2.0719623004568013
MCLP-R3km,23076,-22.88245539011392,-43.57494224901807,1,7,7,1.5735847032577226,1.5735847032577226
MCLP-R3km,23078,-22.87216705136316,-43.58925307377246,12,7,7,2.9517260237767218,2.9517260237767218
MCLP-R3km,23080,-22.89853933540845,-43.56542140516348,15,7,7,1.2607532968779493,1.2607532968779493
MCLP-R3km,23081,-22.89433959920376,-43.56722290454661,5,7,7,1.0785617889627734,1.0785617889627734
MCLP-R3km,23082,-22.8942153041908,-43.57129087148408,4,7,7,0.6821140056328229,0.6821140056328229
MCLP-R3km,23085,-22.893920459110284,-43.54642397807567,10,22,22,2.461335341697666,2.461335341697666
MCLP-R3km,23087,-22.886393425025823,-43.558872618395576,17,7,7,2.210191271691863,2.210191271691863
MCLP-R3km,23088,-22.88543771705454,-43.54971957423268,13,22,22,2.176370464495562,2.176370464495562
MCLP-R3km,23090,-22.878043319496523,-43.562917395844295,12,7,7,2.530734394072622,2.530734394072622
MCLP-R3km,23092,-22.87085601200714,-43.54384874896292,22,22,22,1.5738265677645509,1.5738265677645509
MCLP-R3km,23093,-22.87751529574331,-43.53029348075376,11,22,22,0.0,0.0
MCLP-R3km,23094,-22.876209770242788,-43.51981673638026,9,22,22,1.0831018745519034,1.0831018745519034
MCLP-R3km,23095,-22.86940966621501,-43.55658717782943,15,22,22,2.840605488991245,2.840605488991245
MCLP-R3km,23097,-22.85109676327036,-43.53613869095038,8,22,22,2.998037101346775,2.998037101346775
MCLP-R3km,23098,-22.870188890670534,-43.52187688533317,2,22,22,1.1862601743902872,1.1862601743902872
MCLP-R3km,23510,-22.91973437055113,-43.67148457968753,7,34,34,1.159654854014802,1.159654854014802
MCLP-R3km,23515,-22.92368923724333,-43.68292592394352,6,34,34,2.004573662025475,2.004573662025475
MCLP-R3km,23520,-22.936255491866653,-43.661399065747545,27,60,60,0.0,0.0
MCLP-R3km,23525,-22.94503552262656,-43.67692431410214,5,60,60,1.8656365932153816,1.8656365932153816
MCLP-R3km,23530,-22.97383432126233,-43.6810761924786,8,40,40,1.0910087090020244,1.0910087090020244
MCLP-R3km,23535,-22.9790211808901,-43.69012245165258,14,40,40,0.0,0.0
MCLP-R3km,23540,-22.974468021753417,-43.696539704365605,9,40,40,0.8294083617611923,0.8294083617611923
MCLP-R3km,23545,-22.967091308000946,-43.700265635554,11,40,40,1.6846455469058461,1.6846455469058461
MCLP-R3km,23547,-22.93249321644976,-43.62300753113864,2,26,26,1.5400949039268492,1.5400949039268492
MCLP-R3km,23550,-22.930711174851965,-43.68946380025854,16,60,60,2.939375805442713,2.939375805442713
MCLP-R3km,23555,-22.91750488776345,-43.69308722014739,6,61,61,2.1562095948056355,2.1562095948056355
MCLP-R3km,23560,-22.898979722466947,-43.69930833968601,19,61,61,0.0,0.0
MCLP-R3km,23565,-22.897761741341185,-43.69665951306267,2,61,61,0.30324910470904826,0.30324910470904826
MCLP-R3km,23570,-22.909310774242133,-43.67111972773999,10,34,34,0.0,0.0
MCLP-R3km,23573,-22.913149027532867,-43.65356967363749,5,34,34,1.8474990120499162,1.8474990120499162
MCLP-R3km,23575,-22.89798974016889,-43.6685591848473,18,34,34,1.2858745550993005,1.2858745550993005
MCLP-R3km,23580,-22.911119400069488,-43.62264162522756,13,26,26,1.9741278222252694,1.9741278222252694
MCLP-R3km,23585,-22.924510509727508,-43.63529705731422,22,26,26,0.0,0.0
MCLP-R3km,23587,-22.922380751135307,-43.629510536912335,18,26,26,0.6381844850869614,0.6381844850869614
MCLP-R3km,23595,-22.92668402323646,-43.62933031069839,12,26,26,0.6571247717309839,0.6571247717309839
MCLP-R3km,23810,-22.87093410934107,-43.76901268302672,10,51,51,0.0,0.0
MCLP-R3km,23811,-22.864749343835488,-43.76730098420256,5,51,51,0.7097241094415593,0.7097241094415593
MCLP-R3km,23812,-22.872059666972863,-43.77093362835852,5,51,51,0.23323128360043258,0.23323128360043258
MCLP-R3km,23815,-22.86867015326329,-43.78013952780047,4,51,51,1.167455343486658,1.167455343486658
MCLP-R3km,23820,-22.862780471644363,-43.78526762819197,4,51,51,1.896215381957035,1.896215381957035
MCLP-R3km,23821,-22.870305329108017,-43.79064137470553,1,51,51,2.2170370170916662,2.2170370170916662
MCLP-R3km,23822,-22.861638585933974,-43.79342663064544,1,51,51,2.7065163440643474,2.7065163440643474
MCLP-R3km,23825,-22.885828313712477,-43.82785584819327,4,51,51,6.251701459913452,6.251701459913452
MCLP-R3km,23826,-22.89560484133116,-43.84587026303256,4,51,51,8.337801652522263,8.337801652522263
MCLP-R3km,23830,-22.8458671869452,-43.78333380428192,2,51,51,3.1499760647502777,3.1499760647502777
MCLP-R3km,23831,-22.876635031970025,-43.80985126698182,3,51,51,4.231706646908776,4.231706646908776
MCLP-R3km,23832,-22.85534509298971,-43.76583456328473,1,51,51,1.7637416751659827,1.7637416751659827
MCLP-R3km,23855,-22.86387076999147,-43.7592342671893,2,51,51,1.2730210515494742,1.2730210515494742
MCLP-R3km,23890,-22.787688375690134,-43.64890166112607,3,49,49,11.446644962544404,11.446644962544404
MCLP-R3km,23893,-22.71072154468618,-43.69140232860298,2,44,44,10.762468500970497,10.762468500970497
MCLP-R3km,23894,-22.74100679492528,-43.6998298199384,9,44,44,14.042661373451415,14.042661373451415
MCLP-R3km,23895,-22.746274001626645,-43.708503424610186,9,44,44,14.618364215385649,14.618364215385649
MCLP-R3km,23897,-22.792366849451536,-43.662640119980665,2,49,49,11.341224652593299,11.341224652593299
MCLP-R3km,23898,-22.80791081625367,-43.644304412473865,8,49,49,9.14934543535891,9.14934543535891
MCLP-R3km,24020,-22.893701145563103,-43.12041784927668,34,2,2,2.21300170085204,2.21300170085204
MCLP-R3km,24030,-22.88869745778228,-43.11830702093674,33,2,2,2.179357398521385,2.179357398521385
MCLP-R3km,24040,-22.882735624308985,-43.12349628123474,4,36,36,2.95068319017474,2.95068319017474
MCLP-R3km,24050,-22.87517503985885,-43.109560284753925,2,36,36,1.3007079906972605,1.3007079906972605
MCLP-R3km,24060,-22.88593419631651,-43.1106543708203,9,2,2,1.7223944364467088,1.7223944364467088
MCLP-R3km,24070,-22.89348624508981,-43.11089097581806,1,2,2,1.2722231250018283,1.2722231250018283
MCLP-R3km,24110,-22.867915276400392,-43.09960548772942,44,36,36,0.0,0.0
MCLP-R3km,24111,-22.86398451494475,-43.09252306679081,2,36,36,0.847111878737768,0.847111878737768
MCLP-R3km,24119,-22.86343492846253,-43.09725737403164,1,36,36,0.553240629012259,0.553240629012259
MCLP-R3km,24120,-22.88327023685682,-43.09227400558896,36,2,2,1.7056450206634373,1.7056450206634373
MCLP-R3km,24130,-22.87922689320265,-43.09157186572144,26,36,36,1.5031532841149107,1.5031532841149107
MCLP-R3km,24140,-22.889267493261837,-43.04860885808703,6,31,31,1.524833185904169,1.524833185904169
MCLP-R3km,24141,-22.87816915718994,-43.05564163085743,4,31,31,2.784855796327799,2.784855796327799
MCLP-R3km,24210,-22.9019529825833,-43.12388455257632,69,2,2,2.586534978068474,2.586534978068474
MCLP-R3km,24220,-22.90324481661885,-43.107023598220486,115,2,2,1.0466315834066753,1.0466315834066753
MCLP-R3km,24230,-22.90630099451813,-43.105973880660926,117,2,2,1.2260624801722324,1.2260624801722324
MCLP-R3km,24240,-22.897237232548903,-43.09915756428693,59,2,2,0.0,0.0
MCLP-R3km,24241,-22.904219800443407,-43.09158065028214,21,2,2,1.0978088036061098,1.0978088036061098
MCLP-R3km,24310,-22.9110328213164,-43.06742681237905,8,31,31,1.927008960273955,1.927008960273955
MCLP-R3km,24315,-22.901684792085454,-43.06891496088816,22,31,31,1.8538803270514514,1.8538803270514514
MCLP-R3km,24320,-22.902823180776025,-43.05085812937721,21,31,31,0.0,0.0
MCLP-R3km,24322,-22.89632305663318,-43.03845772727727,5,31,31,1.4614390600545206,1.4614390600545206
MCLP-R3km,24325,-22.882411375017146,-43.023744808929656,3,37,37,1.2669554046886922,1.2669554046886922
MCLP-R3km,24330,-22.901199547746405,-42.991174595669065,9,37,37,2.724895418249201,2.724895418249201
MCLP-R3km,24340,-22.947654432561997,-43.03365087049761,20,20,20,1.2104467699284336,1.2104467699284336
MCLP-R3km,24342,-22.937391616620623,-43.022146384113576,21,20,20,2.189557603271901,2.189557603271901
MCLP-R3km,24344,-22.93685983573083,-43.01491522990823,10,20,20,2.928884580465334,2.928884580465334
MCLP-R3km,24346,-22.94923036239725,-43.02805520804324,12,20,20,1.7861262456447786,1.7861262456447786
MCLP-R3km,24348,-22.970402738373885,-43.03213294708582,5,20,20,3.4416847717260395,3.4416847717260395
MCLP-R3km,24350,-22.94061686421916,-43.06545401112341,36,20,20,2.286344498775379,2.286344498775379
MCLP-R3km,24355,-22.9411555966564,-43.043134176624925,11,20,20,0.0,0.0
MCLP-R3km,24358,-22.954105582144187,-43.0680054361715,20,20,20,2.9256120357287254,2.9256120357287254
MCLP-R3km,24360,-22.918111396951545,-43.09214145186893,31,2,2,2.4298051012399,2.4298051012399
MCLP-R3km,24365,-22.912243204052235,-43.08150933080395,3,2,2,2.460052241507776,2.460052241507776
MCLP-R3km,24370,-22.92466477380604,-43.09986986144608,4,2,2,3.050680125607219,3.050680125607219
MCLP-R3km,24410,-22.859653314312613,-43.08078230203989,1,36,36,2.136230051803964,2.136230051803964
MCLP-R3km,24411,-22.85753738472352,-43.08169034540716,1,36,36,2.1681751004321046,2.1681751004321046
MCLP-R3km,24412,-22.847500221583047,-43.07542461651588,8,23,23,1.1360422079929038,1.1360422079929038
MCLP-R3km,24415,-22.84085769372568,-43.07623548195782,8,23,23,0.8702520990406288,0.8702520990406288
MCLP-R3km,24416,-22.840098124434224,-43.06778333387412,13,23,23,0.0,0.0
MCLP-R3km,24417,-22.845410939224823,-43.05013967578183,2,23,23,1.9020905141051205,1.9020905141051205
MCLP-R3km,24420,-22.835696540771,-43.046659352747774,2,65,65,2.19672081536588,2.19672081536588
MCLP-R3km,24421,-22.83065608217072,-43.04204141088677,8,65,65,1.4701672154984147,1.4701672154984147
MCLP-R3km,24422,-22.8277265510171,-43.02889904539707,10,65,65,1.1168768015323525,1.1168768015323525
MCLP-R3km,24425,-22.852695605444847,-43.09014618727886,6,36,36,1.9502380016503535,1.9502380016503535
MCLP-R3km,24426,-22.840411171156656,-43.08660279046403,4,23,23,1.9288632983472094,1.9288632983472094
MCLP-R3km,24430,-22.830092235510783,-43.0856527985238,6,23,23,2.1427621879784455,2.1427621879784455
MCLP-R3km,24431,-22.828438640757533,-43.08064705902956,18,23,23,1.8489808116617141,1.8489808116617141
MCLP-R3km,24435,-22.827481947170185,-43.0698152344756,13,23,23,1.4182269708115174,1.4182269708115174
MCLP-R3km,24436,-22.82124753376768,-43.066948767903845,10,23,23,2.097837191058566,2.097837191058566
MCLP-R3km,24440,-22.827149190613213,-43.0539481412297,18,23,23,2.0207638153287664,2.0207638153287664
MCLP-R3km,24445,-22.81926169355244,-43.03476520349312,19,65,65,0.0,0.0
MCLP-R3km,24450,-22.82316908005648,-43.02002823624667,11,14,14,0.9245735438298747,0.9245735438298747
MCLP-R3km,24451,-22.829351276710405,-43.01399541493803,19,14,14,0.0,0.0
MCLP-R3km,24452,-22.819291471555072,-43.00635838364597,8,14,14,1.36524636443225,1.36524636443225
MCLP-R3km,24455,-22.80878018901832,-43.0258667651288,7,65,65,1.4799377411189227,1.4799377411189227
MCLP-R3km,24456,-22.80929567410273,-43.016040373940605,8,65,65,2.216178019447207,2.216178019447207
MCLP-R3km,24457,-22.806624227141477,-43.012656807667405,6,14,14,2.530857595332013,2.530857595332013
MCLP-R3km,24460,-22.814787634492188,-43.04329935349616,5,65,65,1.0062782289283516,1.0062782289283516
MCLP-R3km,24461,-22.803350481704697,-43.0358182822438,6,65,65,1.7725379887630233,1.7725379887630233
MCLP-R3km,24465,-22.81949144895205,-43.0551638057087,5,65,65,2.090851028964049,2.090851028964049
MCLP-R3km,24466,-22.811123478295585,-43.06236954792932,3,65,65,2.9705068712102016,2.9705068712102016
MCLP-R3km,24467,-22.805308252046,-43.05264792957123,2,65,65,2.401450275793174,2.401450275793174
MCLP-R3km,24470,-22.79629033350867,-43.04531393855412,1,65,65,2.7737284515394816,2.7737284515394816
MCLP-R3km,24471,-22.785600785156785,-43.04593640228686,2,65,65,3.9141746834882976,3.9141746834882976
MCLP-R3km,24472,-22.789315227589743,-43.03850388360695,2,65,65,3.3518793578846737,3.3518793578846737
MCLP-R3km,24473,-22.787988229533347,-43.03235624966042,1,65,65,3.486211223259934,3.486211223259934
MCLP-R3km,24474,-22.794969261024608,-43.02441434660769,1,65,65,2.902093468093723,2.902093468093723
MCLP-R3km,24475,-22.777267778897787,-43.027446308928425,1,65,65,4.72940309765631,4.72940309765631
MCLP-R3km,24710,-22.822624306841355,-43.00309374212156,13,14,14,1.344555381051396,1.344555381051396
MCLP-R3km,24711,-22.818906926534805,-42.99751196239111,7,14,14,2.0500510273181964,2.0500510273181964
MCLP-R3km,24715,-22.80276772976624,-42.99028180866455,6,14,14,3.8268922237468286,3.8268922237468286
MCLP-R3km,24716,-22.78988059417565,-43.00428047982366,3,14,14,4.500490257364149,4.500490257364149
MCLP-R3km,24717,-22.808029904019023,-43.00303400236285,4,14,14,2.623549773506977,2.623549773506977
MCLP-R3km,24720,-22.813217838338208,-42.98741033222329,3,14,14,3.2622689053629172,3.2622689053629172
MCLP-R3km,24721,-22.801495702866447,-42.98390861201865,1,14,14,4.370744385852992,4.370744385852992
MCLP-R3km,24722,-22.796501747075485,-42.97622988470504,9,14,14,5.322193695308739,5.322193695308739
MCLP-R3km,24723,-22.81762359087853,-42.94676360586466,5,14,14,7.012833118666292,7.012833118666292
MCLP-R3km,24724,-22.805769003517707,-42.95726724972363,4,14,14,6.37822671399677,6.37822671399677
MCLP-R3km,24725,-22.811456217228336,-42.97220863173352,4,14,14,4.722466621069982,4.722466621069982
MCLP-R3km,24726,-22.78851170276054,-42.958565788861314,1,14,14,7.273372197289552,7.273372197289552
MCLP-R3km,24730,-22.829046912919456,-42.98784246443976,3,14,14,2.680490274837715,2.680490274837715
MCLP-R3km,24731,-22.822811422053213,-42.98685114650694,2,14,14,2.875410046664363,2.875410046664363
MCLP-R3km,24732,-22.827064469158785,-42.9738976624395,3,14,14,4.117294669466838,4.117294669466838
MCLP-R3km,24734,-22.829471848017025,-42.9607569973706,1,14,14,5.456129812102508,5.456129812102508
MCLP-R3km,24735,-22.845883873637536,-42.95426308031982,1,14,14,6.3913577637931525,6.3913577637931525
MCLP-R3km,24736,-22.820033389763783,-42.969922193443765,5,14,14,4.63428652322619,4.63428652322619
MCLP-R3km,24737,-22.84162388029282,-42.96231323222136,1,14,14,5.4693685286215805,5.4693685286215805
MCLP-R3km,24738,-22.851785749069546,-42.94354284297728,5,14,14,7.638533308558387,7.638533308558387
MCLP-R3km,24740,-22.832952987571836,-42.99724674575654,2,14,14,1.7625605915955433,1.7625605915955433
MCLP-R3km,24742,-22.838766642599392,-43.00379523173135,4,14,14,1.4794569707476568,1.4794569707476568
MCLP-R3km,24743,-22.845998417596405,-42.99706758921929,7,14,14,2.536888264423365,2.536888264423365
MCLP-R3km,24744,-22.84230016004733,-43.01214322773478,9,14,14,1.4523093884700882,1.4523093884700882
MCLP-R3km,24745,-22.85280103675185,-43.00454397099252,5,14,14,2.781568308976747,2.781568308976747
MCLP-R3km,24746,-22.83906700788218,-42.98789279135017,2,14,14,2.884938795669439,2.884938795669439
MCLP-R3km,24750,-22.854636691924167,-43.02258437303882,7,14,14,2.9461572786997947,2.9461572786997947
MCLP-R3km,24751,-22.86782548778561,-43.002749069555286,10,37,37,2.2246725866198322,2.2246725866198322
MCLP-R3km,24752,-22.882259138501706,-42.98436172867216,4,37,37,2.858967714266875,2.858967714266875
MCLP-R3km,24753,-22.88628701436756,-42.99166865896655,2,37,37,2.081419243702725,2.081419243702725
MCLP-R3km,24754,-22.872354587681084,-43.027432812835386,6,37,37,2.187457355312862,2.187457355312862
MCLP-R3km,24755,-22.85926645726612,-43.015307855881765,1,37,37,2.9847327232724474,2.9847327232724474
MCLP-R3km,24756,-22.88593339499682,-43.011983104667294,10,37,37,0.0,0.0
MCLP-R3km,24800,-22.74248129310771,-42.85721075258665,10,45,45,0.0,0.0
MCLP-R3km,24801,-22.7395793666599,-42.84701335677763,2,45,45,1.0944042775332172,1.0944042775332172
MCLP-R3km,24802,-22.729006918491564,-42.83466835876695,1,45,45,2.754891590154342,2.754891590154342
MCLP-R3km,24804,-22.747090526611107,-42.84342210737453,3,45,45,1.5040199729241124,1.5040199729241124
MCLP-R3km,24805,-22.73533148939793,-42.83883774259336,1,45,45,2.0450590393809573,2.0450590393809573
MCLP-R3km,24808,-22.75677623430587,-42.855419742696405,12,45,45,1.600102134363031,1.600102134363031
MCLP-R3km,24812,-22.75019628085652,-42.87187716603211,6,45,45,1.7314568756369058,1.7314568756369058
MCLP-R3km,24813,-22.75411758328793,-42.88883553024611,1,45,45,3.491572760073031,3.491572760073031
MCLP-R3km,24830,-22.7113078008679,-42.87331425316652,1,45,45,3.8396989324029343,3.8396989324029343
MCLP-R3km,24846,-22.71538558398837,-42.80638584132024,2,45,45,6.020702582912501,6.020702582912501
MCLP-R3km,24855,-22.773459679480904,-42.91565441771825,3,45,45,6.9121735506211435,6.9121735506211435
MCLP-R3km,24856,-22.75807913856637,-42.91063311206234,1,45,45,5.746146571490721,5.746146571490721
MCLP-R3km,24858,-22.77209935726771,-42.92264307986124,6,45,45,7.474070129763937,7.474070129763937
MCLP-R3km,24859,-22.77340230558587,-42.90984766620826,2,45,45,6.399412159314928,6.399412159314928
MCLP-R3km,24866,-22.73373117887529,-42.93276530734327,2,45,45,7.809205867951098,7.809205867951098
MCLP-R3km,24876,-22.7125342435385,-42.89540473111652,3,45,45,5.141326995507317,5.141326995507317
MCLP-R3km,24890,-22.73521870942802,-42.727847609078914,6,55,55,10.360342865340115,10.360342865340115
MCLP-R3km,24900,-22.919618105516072,-42.83978957558533,14,35,35,0.0,0.0
MCLP-R3km,24901,-22.923608277456783,-42.81985709837894,7,35,35,2.0890443495485367,2.0890443495485367
MCLP-R3km,24902,-22.92700535031622,-42.8293157127626,2,35,35,1.3510564184530458,1.3510564184530458
MCLP-R3km,24903,-22.91166963475216,-42.80609731472158,6,35,35,3.562132361897136,3.562132361897136
MCLP-R3km,24904,-22.910596890425232,-42.81704615497582,3,35,35,2.5361865348359687,2.5361865348359687
MCLP-R3km,24905,-22.934535219557365,-42.911752855372335,6,59,59,6.079564403730966,6.079564403730966
MCLP-R3km,24910,-22.895953023136546,-42.84243328776303,1,35,35,2.645336259237602,2.645336259237602
MCLP-R3km,24912,-22.911125479829508,-42.83377563947568,6,35,35,1.1274587897623793,1.1274587897623793
MCLP-R3km,24913,-22.91428296653683,-42.83456332388645,6,35,35,0.7990265868824301,0.7990265868824301
MCLP-R3km,24914,-22.92345398569025,-42.85760247749489,7,35,35,1.8735075577961096,1.8735075577961096
MCLP-R3km,24915,-22.955984494690547,-42.80761537855785,3,35,35,5.216055695851447,5.216055695851447
MCLP-R3km,24916,-22.94457633335577,-42.82844129113664,2,35,35,3.008736006191181,3.008736006191181
MCLP-R3km,24921,-22.95260981760148,-42.808872638137295,1,35,35,4.845789775574477,4.845789775574477
MCLP-R3km,24922,-22.94856570290517,-42.70343236618995,2,35,35,14.329920998283052,14.329920998283052
MCLP-R3km,24930,-22.92610775291927,-42.89850356371279,4,35,35,6.05627966651341,6.05627966651341
MCLP-R3km,24931,-22.93464894999394,-42.88228044187334,9,35,35,4.661457050031653,4.661457050031653
MCLP-R3km,24933,-22.9565929719624,-42.88349437707549,8,35,35,6.077312227999265,6.077312227999265
MCLP-R3km,24934,-22.946221164792775,-42.88645951724069,3,35,35,5.620698090818854,5.620698090818854
MCLP-R3km,24935,-22.95097062040013,-42.94683341061871,6,59,59,2.109377428089651,2.109377428089651
MCLP-R3km,24936,-22.954278207609654,-42.96711894755224,16,59,59,0.0,0.0
MCLP-R3km,24937,-22.95115200845083,-42.99376127553226,2,59,59,2.750005139993772,2.750005139993772
MCLP-R3km,24940,-22.92600502136488,-42.940013982950965,2,59,59,4.19374961355492,4.19374961355492
MCLP-R3km,24941,-22.9132211037494,-42.83795907003351,2,35,35,0.7356067774070707,0.7356067774070707
MCLP-R3km,24942,-22.93102569180272,-42.92272114486791,5,59,59,5.230097964309296,5.230097964309296
MCLP-R3km,24943,-22.909483056983007,-42.92582680004856,5,59,59,6.533875616407087,6.533875616407087
MCLP-R3km,24944,-22.895520218492944,-42.93694066986552,5,59,59,7.22771920827911,7.22771920827911
MCLP-R3km,25010,-22.79046925687479,-43.31481452785819,3,27,27,3.9591016157678176,3.9591016157678176
MCLP-R3km,25015,-22.780222493712092,-43.31660541678868,9,27,27,2.8881332403912063,2.8881332403912063
MCLP-R3km,25020,-22.778944166984587,-43.30862350738487,5,27,27,2.6248299376971405,2.6248299376971405
MCLP-R3km,25025,-22.78456265700059,-43.3231360919681,5,27,27,3.577959378341786,3.577959378341786
MCLP-R3km,25030,-22.7735214191938,-43.311396817507145,1,27,27,2.0430612369762615,2.0430612369762615
MCLP-R3km,25035,-22.755338688692213,-43.308531682770784,14,27,27,0.0,0.0
MCLP-R3km,25036,-22.749595823587462,-43.316204756652816,4,27,27,1.0133411581247986,1.0133411581247986
MCLP-R3km,25040,-22.74090063654044,-43.31546716030017,9,27,27,1.7559180717940295,1.7559180717940295
MCLP-R3km,25041,-22.73578083363829,-43.31812761723224,4,27,27,2.387009821308321,2.387009821308321
MCLP-R3km,25042,-22.73591992474976,-43.3119360459995,1,27,27,2.187310755690118,2.187310755690118
MCLP-R3km,25045,-22.722818281793867,-43.3139157796674,6,27,27,3.658021057400027,3.658021057400027
MCLP-R3km,25046,-22.72351123290818,-43.32148642883789,6,27,27,3.780202563071508,3.780202563071508
MCLP-R3km,25050,-22.753304486524154,-43.29699642294105,3,27,27,1.2042699282047766,1.2042699282047766
MCLP-R3km,25051,-22.761267896992525,-43.29298558604593,2,27,27,1.7250272945506426,1.7250272945506426
MCLP-R3km,25055,-22.75739662652191,-43.28166913009442,4,27,27,2.763959867134316,2.763959867134316
MCLP-R3km,25060,-22.76405759011258,-43.30041310063685,12,27,27,1.277853155926498,1.277853155926498
MCLP-R3km,25065,-22.7574077930847,-43.28687072573676,9,27,27,2.2329865222842424,2.2329865222842424
MCLP-R3km,25070,-22.78016279197431,-43.30430364671711,15,27,27,2.79415144102163,2.79415144102163
MCLP-R3km,25071,-22.78540692093292,-43.301837011358415,2,27,27,3.413169939191161,3.413169939191161
MCLP-R3km,25075,-22.77412502707916,-43.29092658055662,3,27,27,2.7608178615186176,2.7608178615186176
MCLP-R3km,25080,-22.759685746162333,-43.29297061113347,3,27,27,1.6672190619588245,1.6672190619588245
MCLP-R3km,25085,-22.79583417251553,-43.291526151554045,1,27,27,4.828649906304869,4.828649906304869
MCLP-R3km,25086,-22.754121943948885,-43.28647151207924,2,27,27,2.2661069474628115,2.2661069474628115
MCLP-R3km,25211,-22.67066808633434,-43.26255563331919,3,64,64,7.95835977238893,7.95835977238893
MCLP-R3km,25212,-22.676473601000435,-43.25702002542332,9,64,64,8.796223048254255,8.796223048254255
MCLP-R3km,25213,-22.6749107167218,-43.27620037015547,8,64,64,7.862301322822125,7.862301322822125
MCLP-R3km,25214,-22.689731933072384,-43.26636955304457,6,27,27,8.480518752807964,8.480518752807964
MCLP-R3km,25215,-22.682590790490558,-43.27404135699872,4,64,64,8.743826266691455,8.743826266691455
MCLP-R3km,25220,-22.685430142678285,-43.24665539237965,4,27,27,10.035150911485502,10.035150911485502
MCLP-R3km,25223,-22.683322481003053,-43.25395359470418,2,64,64,9.615270244532228,9.615270244532228
MCLP-R3km,25225,-22.696323342560508,-43.271184575072574,3,27,27,7.598335004617095,7.598335004617095
MCLP-R3km,25230,-22.689741624685315,-43.2826886930124,1,27,27,7.760737638183114,7.760737638183114
MCLP-R3km,25231,-22.683563816603137,-43.29906896652288,1,27,27,8.039810729827456,8.039810729827456
MCLP-R3km,25233,-22.70350739511343,-43.29957916081139,4,27,27,5.83606343084406,5.83606343084406
MCLP-R3km,25235,-22.70286437220505,-43.31600017753463,3,27,27,5.8849468622384125,5.8849468622384125
MCLP-R3km,25237,-22.753574853365865,-43.305893071458286,1,27,27,0.3341744848962931,0.3341744848962931
MCLP-R3km,25240,-22.645633194906285,-43.28709135535513,9,64,64,4.423905172906851,4.423905172906851
MCLP-R3km,25241,-22.571208,-43.31268449999998,1,64,64,4.265222256792289,4.265222256792289
MCLP-R3km,25243,-22.659524930411084,-43.296332311051046,2,64,64,5.813262314691926,5.813262314691926
MCLP-R3km,25245,-22.59128608480469,-43.312298090959736,4,64,64,2.2693557890104996,2.2693557890104996
MCLP-R3km,25250,-22.60728606434383,-43.29857473776487,13,64,64,0.0,0.0
MCLP-R3km,25251,-22.65410603965445,-43.27799273062863,3,64,64,5.618385661057068,5.618385661057068
MCLP-R3km,25253,-22.612060153892077,-43.28185276890751,2,64,64,1.7967107106926374,1.7967107106926374
MCLP-R3km,25255,-22.644539050348147,-43.27860193918141,9,64,64,4.621833880715517,4.621833880715517
MCLP-R3km,25260,-22.65362737697551,-43.27588967098969,3,64,64,5.654503082157814,5.654503082157814
MCLP-R3km,25261,-22.64530376193324,-43.26203372616665,6,64,64,5.651251723106653,5.651251723106653
MCLP-R3km,25264,-22.64520106741496,-43.23736687845677,4,46,46,6.749172852282074,6.749172852282074
MCLP-R3km,25265,-22.649550626444302,-43.23034128992175,1,46,46,6.397306073411164,6.397306073411164
MCLP-R3km,25266,-22.63876728053192,-43.2218184372897,4,46,46,5.008314154719811,5.008314154719811
MCLP-R3km,25267,-22.63517083859032,-43.24735328154284,2,64,64,6.103629244365447,6.103629244365447
MCLP-R3km,25268,-22.652696249418973,-43.2761256498613,5,64,64,5.550219355185318,5.550219355185318
MCLP-R3km,25270,-22.623874594466177,-43.23981472381287,1,46,46,6.227326580001727,6.227326580001727
MCLP-R3km,25271,-22.63746113941411,-43.22617580587021,5,46,46,5.33182210806411,5.33182210806411
MCLP-R3km,25272,-22.62425914893622,-43.21652128956865,1,46,46,3.8854305918138023,3.8854305918138023
MCLP-R3km,25275,-22.63887775891837,-43.22692540844416,3,46,46,5.472299051827522,5.472299051827522
MCLP-R3km,25510,-22.790646777654263,-43.375643445446975,14,24,24,0.0,0.0
MCLP-R3km,25515,-22.79765605749528,-43.364274956523175,15,69,69,0.0,0.0
MCLP-R3km,25520,-22.803670156230325,-43.3754619382363,14,69,69,1.3274827938050549,1.3274827938050549
MCLP-R3km,25525,-22.79612913604517,-43.38275185182584,9,24,24,0.9500637972605355,0.9500637972605355
MCLP-R3km,25530,-22.80597341277987,-43.3903648173854,2,24,24,2.2763368467275473,2.2763368467275473
MCLP-R3km,25535,-22.791159022004333,-43.40261092456814,1,15,15,2.64932220868086,2.64932220868086
MCLP-R3km,25540,-22.784015528679777,-43.39703232529075,5,33,33,2.259334978362421,2.259334978362421
MCLP-R3km,25545,-22.788068271999396,-43.38724739844827,4,24,24,1.223640390265287,1.223640390265287
MCLP-R3km,25550,-22.77519333195786,-43.382929842060825,10,24,24,1.8736921716087347,1.8736921716087347
MCLP-R3km,25555,-22.78130043658109,-43.37040843885934,9,24,24,1.1696579272517214,1.1696579272517214
MCLP-R3km,25560,-22.770034075258486,-43.36986192895572,4,24,24,2.367432065585452,2.367432065585452
MCLP-R3km,25561,-22.77327727501097,-43.36365900401443,4,24,24,2.289081245883729,2.289081245883729
MCLP-R3km,25565,-22.78315358395092,-43.35979003562612,5,69,69,1.6768649356320353,1.6768649356320353
MCLP-R3km,25570,-22.767755472400367,-43.351648773854414,5,24,24,3.539859755950797,3.539859755950797
MCLP-R3km,25571,-22.764428655824528,-43.34634958376359,4,27,27,4.007292813742835,4.007292813742835
MCLP-R3km,25575,-22.770524738786182,-43.34087058368249,2,27,27,3.7210615873514925,3.7210615873514925
MCLP-R3km,25576,-22.778287142653923,-43.35224410736812,3,69,69,2.481874024915201,2.481874024915201
MCLP-R3km,25580,-22.78335138297888,-43.34124145850288,3,69,69,2.8470239127053483,2.8470239127053483
MCLP-R3km,25581,-22.788457368960326,-43.34709777532829,2,69,69,2.036385324922052,2.036385324922052
MCLP-R3km,25585,-22.79367354642019,-43.33816809639405,9,69,69,2.7126026281682805,2.7126026281682805
MCLP-R3km,25610,-22.50218363248224,-43.16843451995522,4,63,63,1.1485376688514626,1.1485376688514626
MCLP-R3km,25615,-22.496114223843747,-43.15620443994322,9,53,53,2.4228441657339608,2.4228441657339608
MCLP-R3km,25620,-22.510230788197468,-43.17544387445511,14,63,63,0.0,0.0
MCLP-R3km,25625,-22.515824878742336,-43.17136715693798,3,63,63,0.749861517663934,0.749861517663934
MCLP-R3km,25630,-22.52424789468128,-43.161617138310994,3,63,63,2.108663805313772,2.108663805313772
MCLP-R3km,25635,-22.529027105018844,-43.17661101657757,13,25,25,1.7600164670393719,1.7600164670393719
MCLP-R3km,25640,-22.52279907282805,-43.183566224490704,7,25,25,0.8082060783184428,0.8082060783184428
MCLP-R3km,25645,-22.54079651100627,-43.20123507158808,6,25,25,2.4942099752693085,2.4942099752693085
MCLP-R3km,25650,-22.531038247576937,-43.212309414991445,10,25,25,2.484188897121756,2.484188897121756
MCLP-R3km,25651,-22.524744277401208,-43.21160357990256,10,67,67,1.925202593605939,1.925202593605939
MCLP-R3km,25655,-22.52044984882392,-43.19101234595281,20,25,25,0.0,0.0
MCLP-R3km,25660,-22.512038240121388,-43.20472585759976,8,67,67,1.5833670261170683,1.5833670261170683
MCLP-R3km,25665,-22.509186267903694,-43.219827486060126,16,67,67,0.0,0.0
MCLP-R3km,25670,-22.489507019910214,-43.210414436144696,1,67,67,2.3923823648866467,2.3923823648866467
MCLP-R3km,25675,-22.49698456394848,-43.20060728812907,6,67,67,2.395689671936597,2.395689671936597
MCLP-R3km,25680,-22.48963724197897,-43.18376265001703,12,63,63,2.44417264641706,2.44417264641706
MCLP-R3km,25685,-22.50813163708028,-43.18141468751699,9,63,63,0.6562591305672971,0.6562591305672971
MCLP-R3km,25710,-22.475562635890437,-43.148370152985294,16,53,53,0.0,0.0
MCLP-R3km,25715,-22.47150966453406,-43.1620277638875,6,53,53,1.4739161417519446,1.4739161417519446
MCLP-R3km,25720,-22.43222926280023,-43.14086038411682,15,48,48,2.8004658135230183,2.8004658135230183
MCLP-R3km,25725,-22.427894024726776,-43.20138979903541,3,48,48,7.50627018056066,7.50627018056066
MCLP-R3km,25730,-22.408608081087024,-43.13140914649253,18,48,48,0.0,0.0
MCLP-R3km,25740,-22.374645351841945,-43.12909370218015,4,48,48,3.783983897487318,3.783983897487318
MCLP-R3km,25745,-22.3915193770552,-43.10829358749547,6,48,48,3.0426843783169697,3.0426843783169697
MCLP-R3km,25750,-22.33852928975817,-43.12899883949998,10,48,48,7.79635709419785,7.79635709419785
MCLP-R3km,25770,-22.26889273967007,-43.07681259121553,5,48,48,16.519318658721907,16.519318658721907
MCLP-R3km,25900,-22.651419516496585,-43.06655787630402,18,52,52,0.0,0.0
MCLP-R3km,25901,-22.648338600540264,-43.0583437917855,9,52,52,0.9098800199947461,0.9098800199947461
MCLP-R3km,25902,-22.65954574226225,-43.116827376350194,1,52,52,5.236948437339889,5.236948437339889
MCLP-R3km,25903,-22.641865834980965,-43.07245208309176,3,52,52,1.2224566263359873,1.2224566263359873
MCLP-R3km,25904,-22.65181465633809,-43.05361261025339,1,52,52,1.3291423883379054,1.3291423883379054
MCLP-R3km,25905,-22.661390928999936,-43.03525083599993,2,52,52,3.398507960934215,3.398507960934215
MCLP-R3km,25907,-22.63855440197675,-43.16000184562523,1,46,46,3.2308366119146585,3.2308366119146585
MCLP-R3km,25908,-22.65815606716074,-43.11902674370239,2,52,52,5.435978311284468,5.435978311284468
MCLP-R3km,25911,-22.55907208815268,-43.044923138517305,4,68,68,7.682241806526274,7.682241806526274
MCLP-R3km,25912,-22.57019403842886,-43.058745435694526,1,52,52,9.06740526925756,9.06740526925756
MCLP-R3km,25914,-22.59381281247852,-43.06930284283151,3,52,52,6.411775132825314,6.411775132825314
MCLP-R3km,25921,-22.6525357703222,-43.12650100805483,1,52,52,6.152474028008448,6.152474028008448
MCLP-R3km,25922,-22.66003863059351,-43.1347885471764,6,46,46,6.734309657188536,6.734309657188536
MCLP-R3km,25925,-22.69368277179141,-43.10979273572445,2,52,52,6.462431307136257,6.462431307136257
MCLP-R3km,25926,-22.70142395223432,-43.15952521180791,9,46,46,9.730211445405722,9.730211445405722
MCLP-R3km,25928,-22.63601681822644,-43.02534331618508,1,52,52,4.5632036109954734,4.5632036109954734
MCLP-R3km,25930,-22.68358467046409,-43.160534715770886,1,46,46,7.776849113154509,7.776849113154509
MCLP-R3km,25931,-22.615268497162027,-43.171211569125255,12,46,46,0.8802724039935828,0.8802724039935828
MCLP-R3km,25932,-22.606414625881992,-43.16479917404288,1,46,46,1.864867735691515,1.864867735691515
MCLP-R3km,25933,-22.589725437213616,-43.18381309691644,4,46,46,2.943761969870239,2.943761969870239
MCLP-R3km,25935,-22.615933155012947,-43.17975719830376,15,46,46,0.0,0.0
MCLP-R3km,25936,-22.62086490867415,-43.19203787685941,2,46,46,1.3746432084264877,1.3746432084264877
MCLP-R3km,25937,-22.64373828349399,-43.182944105487344,2,46,46,3.1090467937104087,3.1090467937104087
MCLP-R3km,25938,-22.6545713161462,-43.20333179891331,3,46,46,4.930784028022416,4.930784028022416
MCLP-R3km,25940,-22.617931893774944,-43.00412879602773,4,52,52,7.410597948967999,7.410597948967999
MCLP-R3km,25943,-22.55101493109428,-42.98442049906716,3,68,68,2.6664866926667155,2.6664866926667155
MCLP-R3km,25945,-22.528934117386,-42.98544280263765,1,68,68,0.7493992192411553,0.7493992192411553
MCLP-R3km,25946,-22.527718078493137,-42.97826627951071,11,68,68,0.0,0.0
MCLP-R3km,25949,-22.51454665728784,-42.96902750677734,2,68,68,1.7451572785029943,1.7451572785029943
MCLP-R3km,26010,-22.7551063244127,-43.42858334530357,13,11,11,1.6786415598866924,1.6786415598866924
MCLP-R3km,26011,-22.748785105742307,-43.43168107136049,9,11,11,1.2375346367996953,1.2375346367996953
MCLP-R3km,26012,-22.739120145317514,-43.438923776976765,9,11,11,1.2432192928644064,1.2432192928644064
MCLP-R3km,26013,-22.745675146224823,-43.44388802788447,13,11,11,0.412693204299971,0.412693204299971
MCLP-R3km,26015,-22.74498697417717,-43.43911485622618,7,11,11,0.6805763547467837,0.6805763547467837
MCLP-R3km,26020,-22.73307786504663,-43.4496138786291,14,47,47,0.0,0.0
MCLP-R3km,26021,-22.7265203412345,-43.43963538573774,5,47,47,1.2565840565120026,1.2565840565120026
MCLP-R3km,26022,-22.73223237271496,-43.460676715526674,10,47,47,1.1384623556735478,1.1384623556735478
MCLP-R3km,26023,-22.71845447873864,-43.45333006616676,1,47,47,1.6701205377827502,1.6701205377827502
MCLP-R3km,26030,-22.72927766291159,-43.46322545433846,9,47,47,1.4585340886916864,1.4585340886916864
MCLP-R3km,26031,-22.733144913944965,-43.47564299726109,4,47,47,2.669475641432004,2.669475641432004
MCLP-R3km,26032,-22.73116848461293,-43.4796971945155,5,47,47,3.0925699280075167,3.0925699280075167
MCLP-R3km,26033,-22.722956089481777,-43.4618987093067,1,47,47,1.689432565993398,1.689432565993398
MCLP-R3km,26035,-22.72277955303024,-43.46645519648206,1,47,47,2.0723719331823847,2.0723719331823847
MCLP-R3km,26040,-22.715476981048564,-43.45497446506072,5,47,47,2.03289083551957,2.03289083551957
MCLP-R3km,26041,-22.709788663568432,-43.465657949741065,9,47,47,3.0682504980383554,3.0682504980383554
MCLP-R3km,26042,-22.708401272321503,-43.47914027612773,1,43,43,3.811850402841891,3.811850402841891
MCLP-R3km,26050,-22.692333946397017,-43.4678329284204,4,47,47,4.900809485566308,4.900809485566308
MCLP-R3km,26051,-22.69370930904985,-43.45569367309577,6,47,47,4.421785514820341,4.421785514820341
MCLP-R3km,26052,-22.682661738953115,-43.44763426447411,7,47,47,5.609701592141652,5.609701592141652
MCLP-R3km,26053,-22.676424784708487,-43.46514837118791,2,47,47,6.497960605784498,6.497960605784498
MCLP-R3km,26060,-22.70596026208645,-43.44426093479684,6,47,47,3.0649208696671777,3.0649208696671777
MCLP-R3km,26062,-22.6632991804878,-43.42190649887993,1,47,47,8.263262825910335,8.263262825910335
MCLP-R3km,26063,-22.71869874105048,-43.47704074319361,1,47,47,3.23561414194181,3.23561414194181
MCLP-R3km,26070,-22.712261582859316,-43.43397796646818,18,47,47,2.8159402162735967,2.8159402162735967
MCLP-R3km,26080,-22.72546659818089,-43.5110829974867,5,43,43,1.1086197164811946,1.1086197164811946
MCLP-R3km,26082,-22.73084992306352,-43.501629004388285,1,43,43,2.142245027837683,2.142245027837683
MCLP-R3km,26083,-22.73962521457062,-43.51130348349012,6,43,43,2.6271505107439515,2.6271505107439515
MCLP-R3km,26084,-22.7288301166658,-43.51662859381047,3,43,43,1.401109165075588,1.401109165075588
MCLP-R3km,26085,-22.7378823853966,-43.540626520424674,2,43,43,3.536852619621891,3.536852619621891
MCLP-R3km,26086,-22.727495091333505,-43.52334987524174,5,43,43,1.4944616902421066,1.4944616902421066
MCLP-R3km,26087,-22.716288877191023,-43.51530571258531,14,43,43,0.0,0.0
MCLP-R3km,26088,-22.709994584521123,-43.52081425760519,5,43,43,0.8995007620824608,0.8995007620824608
MCLP-R3km,26110,-22.755672493046596,-43.36930490702333,3,33,33,3.6162715022718155,3.6162715022718155
MCLP-R3km,26112,-22.748890763540413,-43.40218859295182,6,33,33,1.741300120901341,1.741300120901341
MCLP-R3km,26113,-22.75249988943649,-43.39489689201624,4,33,33,1.5871016051187665,1.5871016051187665
MCLP-R3km,26115,-22.74102601762666,-43.39058910287586,7,33,33,2.916939644240185,2.916939644240185
MCLP-R3km,26116,-22.744030405639823,-43.38686162276392,3,33,33,2.8306460126057402,2.8306460126057402
MCLP-R3km,26120,-22.74095127698239,-43.407375755677286,3,33,33,2.654821191692506,2.654821191692506
MCLP-R3km,26123,-22.73755924382916,-43.40715915370587,3,33,33,3.024731844576081,3.024731844576081
MCLP-R3km,26125,-22.733091514554367,-43.40118902114117,2,33,33,3.501080525892419,3.501080525892419
MCLP-R3km,26130,-22.76452043290213,-43.40324268558952,13,33,33,0.0,0.0
MCLP-R3km,26135,-22.748837947683032,-43.4110954882984,3,33,33,1.9207474702766019,1.9207474702766019
MCLP-R3km,26140,-22.738645489116468,-43.41773917384008,6,11,11,2.9207361941620587,2.9207361941620587
MCLP-R3km,26143,-22.72777921195433,-43.41907983538552,1,47,47,3.1864817906231924,3.1864817906231924
MCLP-R3km,26155,-22.72149589575073,-43.40236747175682,2,33,33,4.7849586918560565,4.7849586918560565
MCLP-R3km,26160,-22.73036490590292,-43.39084713564882,5,33,33,4.0049945302282595,4.0049945302282595
MCLP-R3km,26163,-22.71802861019754,-43.38866458565219,1,33,33,5.38148819621521,5.38148819621521
MCLP-R3km,26165,-22.73004862963322,-43.38401397146633,6,33,33,4.310538247577604,4.310538247577604
MCLP-R3km,26167,-22.73381526820578,-43.37869831571142,3,33,33,4.241694322699715,4.241694322699715
MCLP-R3km,26170,-22.735308724256505,-43.3689986253974,1,33,33,4.783476868741585,4.783476868741585
MCLP-R3km,26172,-22.727797274174065,-43.36988532052452,1,33,33,5.326878216440438,5.326878216440438
MCLP-R3km,26173,-22.7293974724831,-43.35646929692585,3,27,27,5.699788989746433,5.699788989746433
MCLP-R3km,26175,-22.723712605507256,-43.34218222243037,4,27,27,4.927054534490701,4.927054534490701
MCLP-R3km,26178,-22.71708005610544,-43.37621943740937,4,33,33,5.958772504138453,5.958772504138453
MCLP-R3km,26180,-22.709309871783464,-43.340396840703605,1,27,27,6.072531152331374,6.072531152331374
MCLP-R3km,26183,-22.71884157108849,-43.3359503631358,8,27,27,4.93726011141345,4.93726011141345
MCLP-R3km,26185,-22.71230675457505,-43.3346366040831,3,27,27,5.482990061890084,5.482990061890084
MCLP-R3km,26187,-22.731683227835816,-43.34902267341827,3,27,27,4.915339334336909,4.915339334336909
MCLP-R3km,26190,-22.738054149192973,-43.33784294353118,1,27,27,3.5677140831638634,3.5677140831638634
MCLP-R3km,26193,-22.74371498675422,-43.34181565153629,3,27,27,3.6496214137419765,3.6496214137419765
MCLP-R3km,26196,-22.74788950490292,-43.365239469417695,1,33,33,4.3133667363683275,4.3133667363683275
MCLP-R3km,26210,-22.75587652233678,-43.45011309119682,13,58,58,0.8682712746434371,0.8682712746434371
MCLP-R3km,26215,-22.749383783452853,-43.44373182064543,12,11,11,0.0,0.0
MCLP-R3km,26216,-22.751111606071024,-43.46011896476947,3,58,58,1.1385866061586682,1.1385866061586682
MCLP-R3km,26220,-22.7584056941374,-43.442957719272016,12,11,11,1.0063275402138596,1.0063275402138596
MCLP-R3km,26221,-22.761895289271685,-43.44132518888005,6,11,11,1.4129351029215098,1.4129351029215098
MCLP-R3km,26225,-22.764974904450163,-43.43867207315254,6,11,11,1.8096236383636908,1.8096236383636908
MCLP-R3km,26230,-22.754343447271268,-43.42874379900237,1,11,11,1.6328642815167322,1.6328642815167322
MCLP-R3km,26250,-22.76580597634655,-43.44413388623215,6,58,58,1.3972290780421168,1.3972290780421168
MCLP-R3km,26255,-22.760838936119494,-43.45665101381061,33,58,58,0.0,0.0
MCLP-R3km,26256,-22.75641397681851,-43.468057858785166,1,58,58,1.2689114666275763,1.2689114666275763
MCLP-R3km,26260,-22.757514514925703,-43.47418414534944,1,58,58,1.8354111613812985,1.8354111613812985
MCLP-R3km,26261,-22.75945387444939,-43.48287991446073,10,58,58,2.693828354252956,2.693828354252956
MCLP-R3km,26262,-22.75865949445597,-43.46865496838731,4,58,58,1.2544789838375505,1.2544789838375505
MCLP-R3km,26263,-22.7511163216362,-43.4803664070067,9,58,58,2.6612585061701535,2.6612585061701535
MCLP-R3km,26265,-22.76240169452735,-43.49189992116156,8,42,42,3.5088152060511515,3.5088152060511515
MCLP-R3km,26266,-22.76149082223366,-43.49983733727016,1,42,42,2.750067492022801,2.750067492022801
MCLP-R3km,26270,-22.771786935706576,-43.513737001536,2,42,42,1.2197711856781057,1.2197711856781057
MCLP-R3km,26271,-22.76538805577464,-43.513740263369385,3,42,42,1.261032696096015,1.261032696096015
MCLP-R3km,26272,-22.761268184110865,-43.504602353534416,2,42,42,2.300636102155709,2.300636102155709
MCLP-R3km,26275,-22.758522248481707,-43.5081270171475,3,42,42,2.126863746992138,2.126863746992138
MCLP-R3km,26276,-22.747655366540023,-43.50045199921573,8,42,42,3.5008567440404366,3.5008567440404366
MCLP-R3km,26277,-22.75365868027963,-43.50568209999401,7,42,42,2.655403187398397,2.655403187398397
MCLP-R3km,26278,-22.750950306589704,-43.5104936361956,3,42,42,2.5383330878739407,2.5383330878739407
MCLP-R3km,26279,-22.746340793942444,-43.51599943467023,3,42,42,2.7192096934623007,2.7192096934623007
MCLP-R3km,26280,-22.74345546985677,-43.48205928698698,5,58,58,3.2441618302313433,3.2441618302313433
MCLP-R3km,26281,-22.739051517422563,-43.47469667232987,4,47,47,2.6567346638769664,2.6567346638769664
MCLP-R3km,26282,-22.743267765418626,-43.47080427462203,2,58,58,2.433876056732228,2.433876056732228
MCLP-R3km,26285,-22.749261034645645,-43.457434797409576,10,58,58,1.2899118768079818,1.2899118768079818
MCLP-R3km,26286,-22.74919369674164,-43.469546131254496,8,58,58,1.850715958922655,1.850715958922655
MCLP-R3km,26290,-22.7692389862532,-43.52530849381608,12,42,42,0.0,0.0
MCLP-R3km,26291,-22.775922205954583,-43.53552518598715,4,42,42,1.2843258340087256,1.2843258340087256
MCLP-R3km,26292,-22.765111723156878,-43.559026201122336,6,42,42,3.4874493466560974,3.4874493466560974
MCLP-R3km,26293,-22.79249083598364,-43.57524682495404,1,42,42,5.735537641719956,5.735537641719956
MCLP-R3km,26296,-22.80012558975328,-43.59358340822262,3,42,42,7.796616444152933,7.796616444152933
MCLP-R3km,26297,-22.81315246690653,-43.58884053145267,3,42,42,8.140079082059012,8.140079082059012
MCLP-R3km,26298,-22.821289601573383,-43.58391704635197,5,22,22,8.323481105146405,8.323481105146405
MCLP-R3km,26299,-22.84103615023977,-43.61515804577371,1,49,49,5.3345980415018,5.3345980415018
MCLP-R3km,26310,-22.71769036507631,-43.56406590011273,9,43,43,5.003709456796977,5.003709456796977
MCLP-R3km,26311,-22.7230667989856,-43.577531170720725,2,43,43,6.426621414280431,6.426621414280431
MCLP-R3km,26313,-22.72398694854633,-43.56859220120247,4,43,43,5.53204024320082,5.53204024320082
MCLP-R3km,26315,-22.726749869469312,-43.58842644869943,2,43,43,7.5893419513408915,7.5893419513408915
MCLP-R3km,26316,-22.691702991594585,-43.594666387857934,1,43,43,8.587494680742124,8.587494680742124
MCLP-R3km,26320,-22.70950681506173,-43.580279131181264,3,43,43,6.7069877388785,6.7069877388785
MCLP-R3km,26321,-22.7081915940706,-43.57351771589113,2,43,43,6.038456051529888,6.038456051529888
MCLP-R3km,26323,-22.721880392950524,-43.56120106689918,6,43,43,4.748249828270118,4.748249828270118
MCLP-R3km,26325,-22.720466020617074,-43.55679725976077,3,43,43,4.280974098434815,4.280974098434815
MCLP-R3km,26330,-22.73569440043516,-43.542197211853576,2,43,43,3.5018488376350914,3.5018488376350914
MCLP-R3km,26380,-22.707476317323948,-43.55071081533383,1,43,43,3.7614825727808783,3.7614825727808783
MCLP-R3km,26381,-22.6969098294197,-43.55741624112584,3,43,43,4.827215412666264,4.827215412666264
MCLP-R3km,26382,-22.692331349282565,-43.531816681604255,1,43,43,3.1567699539555045,3.1567699539555045
MCLP-R3km,26383,-22.707869677714925,-43.561315648938425,8,43,43,4.811318842074363,4.811318842074363
MCLP-R3km,26385,-22.705743887793957,-43.55656212344719,6,43,43,4.391253776665662,4.391253776665662
MCLP-R3km,26413,-22.696333434498968,-43.626641384369336,1,43,43,11.634044260440692,11.634044260440692
MCLP-R3km,26420,-22.68450772983073,-43.61532318330367,2,43,43,10.851483651103406,10.851483651103406
MCLP-R3km,26423,-22.6809778671,-43.61135654272859,1,43,43,10.60666603773451,10.60666603773451
MCLP-R3km,26425,-22.68320829858776,-43.6136513869842,1,43,43,10.73816203572139,10.73816203572139
MCLP-R3km,26430,-22.68817178316981,-43.60645936527142,3,43,43,9.859389562668044,9.859389562668044
MCLP-R3km,26433,-22.650250797954484,-43.65355119895557,4,44,44,6.643533740574133,6.643533740574133
MCLP-R3km,26435,-22.648997352455527,-43.65813095170957,4,44,44,6.184625685950473,6.184625685950473
MCLP-R3km,26440,-22.6438955448154,-43.64300824279504,4,44,44,7.198713556110408,7.198713556110408
MCLP-R3km,26443,-22.644806809224903,-43.65794599414254,2,44,44,5.925609577235003,5.925609577235003
MCLP-R3km,26445,-22.674494004101163,-43.60813218912923,3,43,43,10.59615128072554,10.59615128072554
MCLP-R3km,26450,-22.663207630218253,-43.610776285393406,1,44,44,11.12661756042638,11.12661756042638
MCLP-R3km,26453,-22.66951051838989,-43.61452547990683,3,44,44,11.157111032010608,11.157111032010608
MCLP-R3km,26455,-22.67373240752545,-43.59804565833488,1,43,43,9.71787786673288,9.71787786673288
MCLP-R3km,26460,-22.67164263350668,-43.59088177051566,2,43,43,9.206283272614339,9.206283272614339
MCLP-R3km,26470,-22.679545467450534,-43.593041196799824,1,43,43,8.960091077353361,8.960091077353361
MCLP-R3km,26480,-22.667916878063743,-43.58577332849087,1,43,43,9.010586105722183,9.010586105722183
MCLP-R3km,26510,-22.81662825484205,-43.41632496803764,21,15,15,1.3978898938764108,1.3978898938764108
MCLP-R3km,26515,-22.82027720659127,-43.42270906150816,3,15,15,1.6206200016103571,1.6206200016103571
MCLP-R3km,26520,-22.81249234447968,-43.42909625891298,17,15,15,0.9745375070251576,0.9745375070251576
MCLP-R3km,26521,-22.809500731742084,-43.43250149322672,6,15,15,1.053932657781283,1.053932657781283
MCLP-R3km,26525,-22.805706631753832,-43.42307905240664,20,15,15,0.0,0.0
MCLP-R3km,26526,-22.804257068335087,-43.42109060717076,2,15,15,0.2598529385381136,0.2598529385381136
MCLP-R3km,26530,-22.80164222999227,-43.41601787718497,8,15,15,0.8533079604392624,0.8533079604392624
MCLP-R3km,26535,-22.799760130437143,-43.41047447797409,10,15,15,1.451394931339302,1.451394931339302
MCLP-R3km,26540,-22.80794794860136,-43.40773098670876,7,15,15,1.592818366506805,1.592818366506805
MCLP-R3km,26545,-22.81382105979965,-43.40235279737406,9,15,15,2.3080957535357856,2.3080957535357856
MCLP-R3km,26550,-22.77075741016515,-43.4312991356195,4,11,11,2.696953444097959,2.696953444097959
MCLP-R3km,26551,-22.781707096310384,-43.42552236371597,10,15,15,2.680358434383374,2.680358434383374
MCLP-R3km,26553,-22.786322478605623,-43.43138510904005,6,15,15,2.317501810520047,2.317501810520047
MCLP-R3km,26554,-22.79089221312869,-43.43692215015001,4,15,15,2.17421346036187,2.17421346036187
MCLP-R3km,26556,-22.77776602762561,-43.43662348759625,4,58,58,2.7855397403213784,2.7855397403213784
MCLP-R3km,26557,-22.771105803454297,-43.43638870513932,2,58,58,2.3705438718624188,2.3705438718624188
MCLP-R3km,26560,-22.772872235146963,-43.42497545965702,4,33,33,2.4140444581119436,2.4140444581119436
MCLP-R3km,26562,-22.770064916804248,-43.422339662467735,8,33,33,2.0528036910221767,2.0528036910221767
MCLP-R3km,26564,-22.77328132742342,-43.41781714536901,6,33,33,1.7838148010403208,1.7838148010403208
MCLP-R3km,26570,-22.77814678640116,-43.4171342747468,2,33,33,2.079507905504705,2.079507905504705
MCLP-R3km,26572,-22.7846703338512,-43.41150550604952,4,33,33,2.3953745917439564,2.3953745917439564
MCLP-R3km,26574,-22.77767719983202,-43.4038669735974,4,33,33,1.464367295464023,1.464367295464023
MCLP-R3km,26580,-22.78727630139065,-43.42104793086865,5,15,15,2.0599115947930673,2.0599115947930673
MCLP-R3km,26582,-22.791786349943763,-43.41589366647349,5,15,15,1.714178347030153,1.714178347030153
MCLP-R3km,26584,-22.79705192396206,-43.42658602251409,2,15,15,1.0273107508838542,1.0273107508838542
MCLP-R3km,26585,-22.79835084305232,-43.434750437897016,3,15,15,1.4492490568516991,1.4492490568516991
MCLP-R3km,26587,-22.80462139272945,-43.4357429099578,2,15,15,1.3036773865621845,1.3036773865621845
MCLP-R3km,26600,-22.61483382699214,-43.705683375748585,35,44,44,0.0,0.0
MCLP-R3km,28680,-22.470849051492323,-42.657121037845286,19,62,62,0.0,0.0
MCLP-R3km,28695,-22.60367916043864,-42.74073968432629,1,55,55,16.550308693700245,16.550308693700245
MCLP-R3km,28800,-22.711927870432564,-42.63004113951235,27,55,55,0.0,0.0
