scope,method,radius_km,K,seed,comparison_space,zero_coverage_municipalities,covered_orders,outside_orders,coverage_pct,weighted_avg_distance_km,median_empirical_km,p95_empirical_km,p99_empirical_km,max_distance_km,eligible_95pct,pareto_K_weighted_avg_distance_km,pareto_K_p99_empirical_km,pareto_K_max_distance_km,pareto_K_zero_coverage_municipalities
all_candidates_sensitivity,MCLP,3.0,1,-1,J828,21,974,8717,10.050562377463626,20.47690006512962,17.54334485542852,49.62571322385764,63.0008573622474,77.04033124896215,False,False,False,False,False
all_candidates_sensitivity,MCLP,3.0,2,-1,J828,21,1822,7869,18.800949334434012,17.13962342126916,13.441800176981031,45.02898584723318,59.081922585408364,76.35514829320492,False,False,False,False,False
all_candidates_sensitivity,MCLP,3.0,3,-1,J828,20,2393,7298,24.693014136827983,15.672645230903882,12.160871798774508,43.36367076101962,55.4753951488975,68.69989813390559,False,False,False,False,False
all_candidates_sensitivity,MCLP,3.0,4,-1,J828,20,2818,6873,29.078526467856776,15.43670068080745,11.958185707400702,43.36367076101962,55.4753951488975,68.69989813390559,False,False,False,False,False
all_candidates_sensitivity,MCLP,3.0,5,-1,J828,20,3230,6461,33.3298937158188,15.278709728926929,11.812062116788729,43.36367076101962,55.4753951488975,68.69989813390559,False,False,False,False,False
all_candidates_sensitivity,MCLP,3.0,6,-1,J828,20,3611,6080,37.26137653492932,11.282602710056121,6.820530183558444,34.995608798748826,50.54487915492043,68.69989813390559,False,False,False,False,False
all_candidates_sensitivity,MCLP,3.0,7,-1,J828,20,3970,5721,40.96584459808069,10.841430170956869,5.7835464744845755,34.995608798748826,50.54487915492043,68.69989813390559,False,False,False,False,False
all_candidates_sensitivity,MCLP,3.0,8,-1,J828,20,4268,5423,44.04086265607265,10.184705428408028,4.5615447830926446,34.995608798748826,48.66867736618775,67.98839236377579,False,False,False,False,False
all_candidates_sensitivity,MCLP,3.0,9,-1,J828,20,4563,5128,47.08492415643381,8.061757645077442,3.775125805856015,27.996134227223028,48.66867736618775,67.98839236377579,False,False,False,False,False
all_candidates_sensitivity,MCLP,3.0,10,-1,J828,20,4829,4862,49.82973893303065,7.893662617585101,3.078253458285373,27.996134227223028,48.66867736618775,67.98839236377579,False,False,False,False,False
all_candidates_sensitivity,MCLP,3.0,11,-1,J828,19,5054,4637,52.15148075534,6.997810383100154,2.889147637499886,27.42041720934661,48.285994183934164,66.52430891544924,False,False,False,False,False
all_candidates_sensitivity,MCLP,3.0,12,-1,J828,19,5274,4417,54.42162831493138,6.717901503872281,2.8331210471171935,27.42041720934661,48.285994183934164,66.52430891544924,False,False,False,False,False
all_candidates_sensitivity,MCLP,3.0,13,-1,J828,19,5480,4211,56.547311938912394,6.549105222337249,2.7669924823348246,27.42041720934661,48.285994183934164,66.52430891544924,False,False,False,False,False
all_candidates_sensitivity,MCLP,3.0,14,-1,J828,19,5684,4007,58.65235785780621,6.293329114419283,2.6087342714934887,27.42041720934661,48.285994183934164,66.52430891544924,False,False,False,False,False
all_candidates_sensitivity,MCLP,3.0,15,-1,J828,16,5867,3824,60.54070787328449,6.120264579705228,2.5606658548440118,27.42041720934661,48.285994183934164,66.52430891544924,False,False,False,False,False
all_candidates_sensitivity,MCLP,3.0,16,-1,J828,15,6028,3663,62.20204313280363,5.547668956203642,2.4867523492066126,22.481836950931445,41.686219860557394,62.6532186317727,False,False,False,False,False
all_candidates_sensitivity,MCLP,3.0,17,-1,J828,15,6182,3509,63.79114642451759,5.382653008812736,2.4200864013040215,22.481836950931445,41.686219860557394,62.6532186317727,False,False,False,False,False
all_candidates_sensitivity,MCLP,3.0,18,-1,J828,15,6327,3364,65.28738004333918,5.34043748286962,2.3542074509535773,22.481836950931445,41.686219860557394,62.6532186317727,False,False,False,False,False
all_candidates_sensitivity,MCLP,3.0,19,-1,J828,15,6470,3221,66.76297595707358,4.991042564828595,2.3261002518535894,20.581711734679242,40.85929760902405,59.78171233030053,False,False,False,False,False
all_candidates_sensitivity,MCLP,3.0,20,-1,J828,15,6609,3082,68.19729646063358,4.946693818903218,2.314881337764626,20.581711734679242,40.85929760902405,59.78171233030053,False,False,False,False,False
all_candidates_sensitivity,MCLP,3.0,21,-1,J828,15,6739,2952,69.5387472913012,4.808721382150079,2.2984068659151,20.581711734679242,40.85929760902405,59.78171233030053,False,False,False,False,False
all_candidates_sensitivity,MCLP,3.0,22,-1,J828,15,6858,2833,70.76669074398927,4.609830160716943,2.281643134718513,20.220964850216546,40.85929760902405,59.78171233030053,False,False,False,False,False
all_candidates_sensitivity,MCLP,3.0,23,-1,J828,15,6974,2717,71.96367763904654,4.5383729869397245,2.2381686516965726,20.220964850216546,40.85929760902405,59.78171233030053,False,False,False,False,False
all_candidates_sensitivity,MCLP,3.0,24,-1,J828,15,7090,2601,73.1606645341038,4.503594872996755,2.2380253632866185,20.220964850216546,40.85929760902405,59.78171233030053,False,False,False,False,False
all_candidates_sensitivity,MCLP,3.0,25,-1,J828,15,7205,2486,74.34733257661748,4.456965761170797,2.233878650478,20.220964850216546,40.85929760902405,59.78171233030053,False,False,False,False,False
all_candidates_sensitivity,MCLP,3.0,26,-1,J828,15,7317,2374,75.50304406150036,4.345187981874367,2.1910133645890744,20.220964850216546,40.85929760902405,59.78171233030053,False,False,False,False,False
all_candidates_sensitivity,MCLP,3.0,27,-1,J828,15,7425,2266,76.61748013620885,4.3167637891576165,2.176370464495562,20.220964850216546,40.85929760902405,59.78171233030053,False,False,False,False,False
all_candidates_sensitivity,MCLP,3.0,28,-1,J828,14,7533,2158,77.73191621091735,3.507975874205266,2.1555094264793953,14.744324185566485,24.772361903215916,54.02449470351084,False,False,False,False,False
all_candidates_sensitivity,MCLP,3.0,29,-1,J828,13,7634,2057,78.77412031782066,3.404687994576486,2.1352549956811755,12.723243880068836,24.772361903215916,54.02449470351084,False,False,False,False,False
all_candidates_sensitivity,MCLP,3.0,30,-1,J828,13,7729,1962,79.75441130946238,3.3768554684533645,2.1340438963118062,12.723243880068836,24.772361903215916,54.02449470351084,False,False,False,False,False
all_candidates_sensitivity,MCLP,3.0,31,-1,J828,12,7808,1883,80.56960066040656,3.350074909946732,2.112939189665477,12.723243880068836,24.772361903215916,54.02449470351084,False,False,False,False,False
all_candidates_sensitivity,MCLP,3.0,32,-1,J828,12,7885,1806,81.36415230626355,3.3207676719259824,2.103488858845273,12.723243880068836,24.772361903215916,54.02449470351084,False,False,False,False,False
all_candidates_sensitivity,MCLP,3.0,33,-1,J828,12,7958,1733,82.11742854194614,3.2988159161172796,2.0929403745597637,12.723243880068836,24.772361903215916,54.02449470351084,False,False,False,False,False
all_candidates_sensitivity,MCLP,3.0,34,-1,J828,12,8030,1661,82.86038592508513,3.20307128709313,2.0856969132174936,12.582756807190332,24.772361903215916,54.02449470351084,False,False,False,False,False
all_candidates_sensitivity,MCLP,3.0,35,-1,J828,12,8093,1598,83.51047363533175,3.178709082542744,2.0719623004568013,12.582756807190332,24.772361903215916,54.02449470351084,False,False,False,False,False
all_candidates_sensitivity,MCLP,3.0,36,-1,J828,12,8150,1541,84.09864823031678,3.145617452124951,2.067142953014936,12.582756807190332,24.772361903215916,54.02449470351084,False,False,False,False,False
all_candidates_sensitivity,MCLP,3.0,37,-1,J828,12,8207,1484,84.68682282530183,3.02893643609231,2.0662419674477435,11.217032536970173,24.772361903215916,54.02449470351084,False,False,False,False,False
all_candidates_sensitivity,MCLP,3.0,38,-1,J828,11,8262,1429,85.25435971519967,2.841168377741237,2.049824486816545,8.946297138173975,21.919546534991547,53.71010524144381,False,False,False,False,False
all_candidates_sensitivity,MCLP,3.0,39,-1,J828,10,8315,1376,85.80125890001032,2.7570334599803092,2.033370251569324,8.472712523196261,19.822235011983068,53.71010524144381,False,False,False,False,False
all_candidates_sensitivity,MCLP,3.0,40,-1,J828,10,8365,1326,86.31720152719018,2.7364958969838438,2.02084028668791,8.472712523196261,19.822235011983068,53.71010524144381,False,False,False,False,False
all_candidates_sensitivity,MCLP,3.0,41,-1,J828,10,8414,1277,86.82282530182644,2.695916514614156,2.02084028668791,7.95835977238893,19.822235011983068,53.71010524144381,False,False,False,False,False
all_candidates_sensitivity,MCLP,3.0,42,-1,J828,10,8463,1228,87.3284490764627,2.6658108438644117,2.0207638153287664,7.95835977238893,19.822235011983068,53.71010524144381,False,False,False,False,False
all_candidates_sensitivity,MCLP,3.0,43,-1,J828,10,8509,1182,87.80311629346816,2.6508788094674145,2.011116505552299,7.95835977238893,19.822235011983068,53.71010524144381,False,False,False,False,False
all_candidates_sensitivity,MCLP,3.0,44,-1,J828,10,8553,1138,88.25714580538644,2.6341467117984343,1.9853825800207792,7.95835977238893,19.822235011983068,53.71010524144381,False,False,False,False,False
all_candidates_sensitivity,MCLP,3.0,45,-1,J828,10,8595,1096,88.69053761221753,2.6129097195278024,1.9604576104760014,7.95835977238893,19.822235011983068,53.71010524144381,False,False,False,False,False
all_candidates_sensitivity,MCLP,3.0,46,-1,J828,10,8637,1054,89.12392941904861,2.5890623208661987,1.9604576104760014,7.919187881290632,19.822235011983068,53.71010524144381,False,False,False,False,False
all_candidates_sensitivity,MCLP,3.0,47,-1,J828,10,8679,1012,89.55732122587968,2.5373071728469534,1.9447593754751609,7.919187881290632,19.822235011983068,49.80005490872232,False,False,False,False,False
all_candidates_sensitivity,MCLP,3.0,48,-1,J828,10,8721,970,89.99071303271076,2.523165133128925,1.937643302876497,7.760779485049732,19.822235011983068,49.80005490872232,False,False,False,False,False
all_candidates_sensitivity,MCLP,3.0,49,-1,J828,10,8762,929,90.41378598699825,2.509419661453518,1.9281383460036694,7.760779485049732,19.822235011983068,49.80005490872232,False,False,False,False,False
all_candidates_sensitivity,MCLP,3.0,50,-1,J828,9,8800,891,90.80590238365494,2.468132303497423,1.9110022140440641,6.811172180858405,19.822235011983068,49.80005490872232,False,False,False,False,False
all_candidates_sensitivity,MCLP,3.0,51,-1,J828,8,8835,856,91.16706222268084,2.357582994699229,1.9069129354852845,5.702587140768034,19.822235011983068,36.52617815788724,False,False,False,False,False
all_candidates_sensitivity,MCLP,3.0,52,-1,J828,7,8870,821,91.52822206170674,2.2789606841408383,1.9060959204997994,5.085628878318841,19.822235011983068,36.52617815788724,False,False,False,False,False
all_candidates_sensitivity,MCLP,3.0,53,-1,J828,6,8904,787,91.87906304818904,2.209434904593338,1.9040248578649386,4.533196502567541,14.98677641657208,36.52617815788724,False,False,False,False,False
all_candidates_sensitivity,MCLP,3.0,54,-1,J828,6,8937,754,92.21958518212774,2.1506424207645503,1.9020905141051205,4.523320741756038,14.042661373451415,36.52617815788724,False,False,False,False,False
all_candidates_sensitivity,MCLP,3.0,55,-1,J828,6,8970,721,92.56010731606645,2.090988575749062,1.8942374272156723,4.251354247669167,11.446644962544404,36.52617815788724,False,False,False,False,False
all_candidates_sensitivity,MCLP,3.0,56,-1,J828,6,9002,689,92.89031059746156,2.0803916674963725,1.884876752655092,4.134969863639922,11.446644962544404,36.52617815788724,False,False,False,False,False
all_candidates_sensitivity,MCLP,3.0,57,-1,J828,6,9032,659,93.19987617376948,2.057467891650607,1.8538803270514514,3.9142365725088077,11.446644962544404,36.52617815788724,False,False,False,False,False
all_candidates_sensitivity,MCLP,3.0,58,-1,J828,6,9061,630,93.4991228975338,2.042699520831467,1.8489808116617141,3.860502981179359,11.446644962544404,36.52617815788724,False,False,False,False,False
all_candidates_sensitivity,MCLP,3.0,59,-1,J828,5,9088,603,93.77773191621091,1.9562057339186052,1.8473853396266735,3.7534032516103917,9.730211445405722,26.950553178813898,False,False,False,False,False
all_candidates_sensitivity,MCLP,3.0,60,-1,J828,5,9113,578,94.03570322980084,1.9464193577785571,1.8473853396266735,3.698022435763124,9.730211445405722,26.950553178813898,False,False,False,False,False
all_candidates_sensitivity,MCLP,3.0,61,-1,J828,5,9137,554,94.28335569084717,1.9400832471512046,1.831562605016023,3.5686786815283904,9.730211445405722,26.950553178813898,False,False,False,False,False
all_candidates_sensitivity,MCLP,3.0,62,-1,J828,5,9161,530,94.53100815189352,1.924490413295042,1.831562605016023,3.318886778562327,9.730211445405722,26.950553178813898,False,False,False,False,False
all_candidates_sensitivity,MCLP,3.0,63,-1,J828,5,9185,506,94.77866061293985,1.911758355102137,1.8238862641483033,3.1035894361039706,9.730211445405722,26.950553178813898,False,False,False,False,False
all_candidates_sensitivity,MCLP,3.0,64,-1,J828,5,9207,484,95.00567536889898,1.9038968979591149,1.8140689984614349,2.999282457421771,9.730211445405722,26.950553178813898,True,True,True,True,True
all_candidates_sensitivity,MCLP,3.0,65,-1,J828,4,9228,463,95.22237127231452,1.885613434911481,1.8140689984614349,2.999282457421771,9.730211445405722,26.950553178813898,True,True,False,False,True
all_candidates_sensitivity,MCLP,3.0,66,-1,J828,4,9248,443,95.42874832318647,1.8777746660089891,1.8099022289692708,2.9943824628337823,9.730211445405722,26.950553178813898,True,True,False,False,False
all_candidates_sensitivity,MCLP,3.0,67,-1,J828,4,9267,424,95.62480652151481,1.872206811892166,1.8099022289692708,2.9873448150199233,9.730211445405722,26.950553178813898,True,True,False,False,False
all_candidates_sensitivity,MCLP,3.0,68,-1,J828,4,9286,405,95.82086471984316,1.8612292557138752,1.795624291888566,2.986943751456091,9.312524777011497,26.950553178813898,True,True,True,False,False
all_candidates_sensitivity,MCLP,3.0,69,-1,J828,3,9305,386,96.0169229181715,1.80839048671197,1.795624291888566,2.9517260237767218,8.323481105146405,19.31972202977331,True,True,True,True,True
all_candidates_sensitivity,MCLP,3.0,70,-1,J828,2,9323,368,96.20266226395624,1.784170288490437,1.795624291888566,2.9494149883610596,6.971255341298399,19.31972202977331,True,True,True,False,True
all_candidates_sensitivity,MCLP,3.0,71,-1,J828,2,9341,350,96.388401609741,1.7779568313302139,1.7874400428575077,2.9478215441643756,6.971255341298399,19.31972202977331,True,True,False,False,False
all_candidates_sensitivity,MCLP,3.0,72,-1,J828,2,9358,333,96.56382210298214,1.765727820825408,1.7861262456447786,2.943761969870239,6.734309657188536,19.31972202977331,True,True,True,False,False
all_candidates_sensitivity,MCLP,3.0,73,-1,J828,1,9375,316,96.7392425962233,1.7394309058397925,1.7779386636232026,2.927594582419968,6.399412159314928,19.31972202977331,True,True,True,False,True
all_candidates_sensitivity,MCLP,3.0,74,-1,J828,1,9390,301,96.89402538437726,1.7325994072792936,1.7779386636232026,2.9256120357287254,6.399412159314928,19.31972202977331,True,True,False,False,False
all_candidates_sensitivity,MCLP,3.0,75,-1,J828,1,9405,286,97.04880817253121,1.7271696581657674,1.7779386636232026,2.9256120357287254,6.399412159314928,19.31972202977331,True,True,False,False,False
all_candidates_sensitivity,MCLP,3.0,76,-1,J828,1,9419,272,97.19327210814157,1.7199298331341524,1.7707862753677064,2.9229568213322263,6.399412159314928,19.31972202977331,True,True,False,False,False
all_candidates_sensitivity,MCLP,3.0,77,-1,J828,1,9432,259,97.32741719120834,1.7086893698296723,1.770001569139798,2.9229568213322263,5.746146571490721,19.31972202977331,True,True,True,False,False
all_candidates_sensitivity,MCLP,3.0,78,-1,J828,1,9445,246,97.4615622742751,1.7016112911400234,1.76889668273835,2.9229568213322263,5.141326995507317,19.31972202977331,True,True,True,False,False
all_candidates_sensitivity,MCLP,3.0,79,-1,J828,1,9458,233,97.59570735734187,1.6966758940688957,1.76889668273835,2.90592455010197,5.141326995507317,19.31972202977331,True,True,False,False,False
all_candidates_sensitivity,MCLP,3.0,80,-1,J828,1,9470,221,97.71953358786503,1.6921225199024506,1.76889668273835,2.90592455010197,5.141326995507317,19.31972202977331,True,True,False,False,False
all_candidates_sensitivity,MCLP,3.0,81,-1,J828,1,9482,209,97.8433598183882,1.683250914389097,1.74417295078212,2.9030893795795065,5.141326995507317,19.31972202977331,True,True,False,False,False
all_candidates_sensitivity,MCLP,3.0,82,-1,J828,1,9494,197,97.96718604891136,1.6765993258692613,1.741300120901341,2.899878026988252,4.812282305816808,19.31972202977331,True,True,True,False,False
all_candidates_sensitivity,MCLP,3.0,83,-1,J828,1,9504,187,98.07037457434733,1.6622082759234273,1.741300120901341,2.890547889131019,4.101895934114729,16.550308693700245,True,True,True,True,False
all_candidates_sensitivity,MCLP,3.0,84,-1,J828,1,9514,177,98.17356309978331,1.6562542731083842,1.7379191850209632,2.890547889131019,4.101895934114729,16.550308693700245,True,True,False,False,False
all_candidates_sensitivity,MCLP,3.0,85,-1,J828,1,9524,167,98.27675162521928,1.646956680984451,1.7379191850209632,2.884938795669439,3.921426700971644,16.550308693700245,True,True,True,False,False
all_candidates_sensitivity,MCLP,3.0,86,-1,J828,1,9534,157,98.37994015065524,1.6406854863678333,1.7379191850209632,2.8761753726528236,3.860502981179359,16.550308693700245,True,True,True,False,False
all_candidates_sensitivity,MCLP,3.0,87,-1,J828,1,9544,147,98.48312867609121,1.6362473201176129,1.7379191850209632,2.8707915868512455,3.797836545980927,16.550308693700245,True,True,True,False,False
all_candidates_sensitivity,MCLP,3.0,88,-1,J828,1,9552,139,98.56567949644,1.6326977880540423,1.7379191850209632,2.8707915868512455,3.5686786815283904,16.550308693700245,True,True,True,False,False
all_candidates_sensitivity,MCLP,3.0,89,-1,J828,1,9560,131,98.64823031678877,1.624801248774402,1.7223944364467088,2.8707915868512455,3.504445006951387,16.550308693700245,True,True,True,False,False
all_candidates_sensitivity,MCLP,3.0,90,-1,J828,1,9568,123,98.73078113713755,1.6203628607636562,1.7223944364467088,2.8707915868512455,3.413169939191161,16.550308693700245,True,False,True,False,False
all_candidates_sensitivity,MCLP,3.0,91,-1,J828,1,9576,115,98.81333195748633,1.61633802315814,1.7223944364467088,2.8707915868512455,3.2303767226087223,16.550308693700245,True,False,True,False,False
all_candidates_sensitivity,MCLP,3.0,92,-1,J828,1,9583,108,98.8855639252915,1.6120330499494215,1.7223944364467088,2.8707915868512455,3.2303767226087223,16.550308693700245,True,False,False,False,False
all_candidates_sensitivity,MCLP,3.0,93,-1,J828,1,9590,101,98.95779589309669,1.6038864845161682,1.714178347030153,2.8579272083756084,3.114953218489342,16.550308693700245,True,False,True,False,False
all_candidates_sensitivity,MCLP,3.0,94,-1,J828,1,9597,94,99.03002786090187,1.6010398589093242,1.7131894870866657,2.8579272083756084,2.999282457421771,16.550308693700245,True,False,True,False,False
all_candidates_sensitivity,MCLP,3.0,95,-1,J828,1,9604,87,99.10225982870705,1.5995253914079643,1.7131894870866657,2.8579272083756084,2.999282457421771,16.550308693700245,True,False,False,False,False
all_candidates_sensitivity,MCLP,3.0,96,-1,J828,0,9610,81,99.16417294396864,1.5929186302436638,1.7131894870866657,2.8579272083756084,2.999282457421771,14.686243442503162,True,False,False,True,True
all_candidates_sensitivity,MCLP,3.0,97,-1,J828,0,9615,76,99.21576720668662,1.5889677688088069,1.7003517280031952,2.8579272083756084,2.999282457421771,14.686243442503162,True,False,False,False,False
all_candidates_sensitivity,MCLP,3.0,98,-1,J828,0,9620,71,99.2673614694046,1.5825092193340355,1.6876292435110434,2.8535646935031416,2.999282457421771,14.686243442503162,True,False,False,False,False
all_candidates_sensitivity,MCLP,3.0,99,-1,J828,0,9625,66,99.31895573212259,1.5776478217969248,1.6876292435110434,2.8463716287201897,2.999282457421771,14.686243442503162,True,False,False,False,False
all_candidates_sensitivity,MCLP,3.0,100,-1,J828,0,9630,61,99.37054999484057,1.575806819374917,1.6876292435110434,2.8463716287201897,2.998037101346775,14.686243442503162,True,False,True,False,False
all_candidates_sensitivity,MCLP,3.0,101,-1,J828,0,9634,57,99.41182540501497,1.5356832397458544,1.6180580630819024,2.8463716287201897,2.998037101346775,14.686243442503162,True,False,False,False,False
all_candidates_sensitivity,MCLP,3.0,102,-1,J828,0,9638,53,99.45310081518934,1.5181570075423323,1.600102134363031,2.845032398409346,2.9914486545351595,14.686243442503162,True,False,True,False,False
all_candidates_sensitivity,MCLP,3.0,103,-1,J828,0,9642,49,99.49437622536374,1.45885204531414,1.5282368732061973,2.843448980560313,2.9873448150199233,14.686243442503162,True,False,True,False,False
all_candidates_sensitivity,MCLP,3.0,104,-1,J828,0,9646,45,99.53565163553813,1.4575669627642083,1.5282368732061973,2.843448980560313,2.9847327232724474,14.686243442503162,True,False,True,False,False
all_candidates_sensitivity,MCLP,3.0,105,-1,J828,0,9650,41,99.57692704571252,1.4555336461788326,1.5282368732061973,2.840605488991245,2.969953876211997,14.686243442503162,True,False,True,False,False
all_candidates_sensitivity,MCLP,3.0,106,-1,J828,0,9653,38,99.60788360334331,1.4499427193452004,1.5188165305657795,2.840605488991245,2.963936898477896,14.686243442503162,True,False,True,False,False
all_candidates_sensitivity,MCLP,3.0,107,-1,J828,0,9656,35,99.6388401609741,1.4434793616748847,1.5188165305657795,2.8401611468037125,2.9517260237767218,14.686243442503162,True,False,True,False,False
all_candidates_sensitivity,MCLP,3.0,108,-1,J828,0,9659,32,99.66979671860489,1.4415476644250027,1.5188165305657795,2.8401611468037125,2.9517260237767218,14.686243442503162,True,False,False,False,False
all_candidates_sensitivity,MCLP,3.0,109,-1,J828,0,9662,29,99.70075327623569,1.4410729010659005,1.5188165305657795,2.8401611468037125,2.9517260237767218,14.686243442503162,True,False,False,False,False
all_candidates_sensitivity,MCLP,3.0,110,-1,J828,0,9665,26,99.73170983386647,1.4384465868795708,1.5188165305657795,2.8401611468037125,2.9494149883610596,14.686243442503162,True,False,True,False,False
all_candidates_sensitivity,MCLP,3.0,111,-1,J828,0,9667,24,99.75234753895367,1.4377512785389226,1.5156909312358873,2.8401611468037125,2.9494149883610596,14.686243442503162,True,False,False,False,False
all_candidates_sensitivity,MCLP,3.0,112,-1,J828,0,9669,22,99.77298524404087,1.4370337621260372,1.5156909312358873,2.8392825402734774,2.9494149883610596,14.686243442503162,True,False,False,False,False
all_candidates_sensitivity,MCLP,3.0,113,-1,J828,0,9671,20,99.79362294912805,1.431421577406217,1.509322816282355,2.8392825402734774,2.9494149883610596,14.686243442503162,True,False,False,False,False
all_candidates_sensitivity,MCLP,3.0,114,-1,J828,0,9673,18,99.81426065421525,1.4268496538113957,1.4926355244963654,2.8392825402734774,2.9494149883610596,14.686243442503162,True,False,False,False,False
all_candidates_sensitivity,MCLP,3.0,115,-1,J828,0,9675,16,99.83489835930244,1.4255497363855056,1.4926355244963654,2.830459416481949,2.9494149883610596,14.130148834029482,True,False,False,True,False
all_candidates_sensitivity,MCLP,3.0,116,-1,J828,0,9677,14,99.85553606438964,1.4248206398664323,1.4926355244963654,2.830459416481949,2.9494149883610596,14.130148834029482,True,False,False,False,False
all_candidates_sensitivity,MCLP,3.0,117,-1,J828,0,9679,12,99.87617376947684,1.422612543393633,1.4926355244963654,2.821729285624851,2.9494149883610596,14.130148834029482,True,False,False,False,False
all_candidates_sensitivity,MCLP,3.0,118,-1,J828,0,9681,10,99.89681147456403,1.4218151277868178,1.4926355244963654,2.821729285624851,2.9494149883610596,14.130148834029482,True,False,False,False,False
all_candidates_sensitivity,MCLP,3.0,119,-1,J828,0,9683,8,99.91744917965123,1.411506763614821,1.4909730949186628,2.809631924415955,2.9478215441643756,14.130148834029482,True,False,True,False,False
all_candidates_sensitivity,MCLP,3.0,120,-1,J828,0,9684,7,99.92776803219482,1.40698276090558,1.4773273191866907,2.809631924415955,2.9478215441643756,14.130148834029482,True,False,False,False,False
all_candidates_sensitivity,MCLP,3.0,121,-1,J828,0,9685,6,99.93808688473841,1.4030761526136761,1.473466116279969,2.8005624937157165,2.9478215441643756,14.130148834029482,True,False,False,False,False
all_candidates_sensitivity,MCLP,3.0,122,-1,J828,0,9686,5,99.94840573728202,1.402620998495502,1.473466116279969,2.8005624937157165,2.9478215441643756,14.130148834029482,True,False,False,False,False
all_candidates_sensitivity,MCLP,3.0,123,-1,J828,0,9687,4,99.95872458982561,1.398685057458114,1.473466116279969,2.8005624937157165,2.9478215441643756,14.130148834029482,True,False,False,False,False
all_candidates_sensitivity,MCLP,3.0,124,-1,J828,0,9688,3,99.96904344236921,1.3914060271026256,1.4641339905402546,2.8004658135230183,2.9461572786997947,14.130148834029482,True,False,True,False,False
all_candidates_sensitivity,MCLP,3.0,125,-1,J828,0,9689,2,99.9793622949128,1.3908623258301303,1.4641339905402546,2.8004658135230183,2.9461572786997947,14.130148834029482,True,False,False,False,False
all_candidates_sensitivity,MCLP,3.0,126,-1,J828,0,9690,1,99.98968114745641,1.3903403985986114,1.4641339905402546,2.8004658135230183,2.9461572786997947,14.130148834029482,True,False,False,False,False
all_candidates_sensitivity,MCLP,3.0,127,-1,J828,0,9691,0,100.0,1.3888823293762371,1.4641339905402546,2.8004658135230183,2.9461572786997947,2.999851786916445,True,False,False,True,False
all_candidates_sensitivity,P-Median,3.0,1,-1,J828,21,376,9315,3.879888556392529,17.81364762685249,13.83446945173028,43.39674631089937,56.13726760472635,78.87587931383399,False,False,False,False,False
all_candidates_sensitivity,P-Median,3.0,2,-1,J828,21,977,8714,10.081518935094417,12.922069304441099,10.229540605171644,35.77161555705096,54.21576821597446,73.80657643112575,False,False,False,False,False
all_candidates_sensitivity,P-Median,3.0,3,-1,J828,21,1420,8271,14.652770611907956,11.073461390802322,7.962310565840589,33.31774234794633,52.95777672282012,74.08287023321586,False,False,False,False,False
all_candidates_sensitivity,P-Median,3.0,4,-1,J828,20,1518,8173,15.664018161180477,9.66431208794862,7.783263730407075,21.693270012125698,37.439427256119735,59.67316208885642,False,False,False,False,False
all_candidates_sensitivity,P-Median,3.0,5,-1,J828,18,1924,7767,19.85347229388092,8.372286116883524,6.22150503924481,20.372461689821034,30.691336965427137,53.75830158262533,False,False,False,False,False
all_candidates_sensitivity,P-Median,3.0,6,-1,J828,15,1999,7692,20.627386234650707,7.2586543720334,5.838099922750437,17.20002522683018,30.691336965427137,53.75830158262533,False,False,False,False,False
all_candidates_sensitivity,P-Median,3.0,7,-1,J828,16,2234,7457,23.05231658239604,6.535888524368223,5.179008804457528,17.20002522683018,30.552136561477475,53.75830158262533,False,False,False,False,False
all_candidates_sensitivity,P-Median,3.0,8,-1,J828,16,3095,6596,31.936848622433185,6.131813595950555,4.518072901068037,17.20002522683018,30.552136561477475,53.75830158262533,False,False,False,False,False
all_candidates_sensitivity,P-Median,3.0,9,-1,J828,16,3266,6425,33.7013724073883,5.683901715677373,4.438167170432034,15.623129793098103,26.76476761827881,53.286118949552005,False,False,False,False,False
all_candidates_sensitivity,P-Median,3.0,10,-1,J828,16,3827,5864,39.4902486843463,5.466777487503784,4.001296590835512,15.623129793098103,26.76476761827881,53.286118949552005,False,False,False,False,False
all_candidates_sensitivity,P-Median,3.0,11,-1,J828,16,4381,5310,45.206892993499125,5.170257594730662,3.584360991403077,15.825858976521394,26.76476761827881,53.286118949552005,False,False,False,False,False
all_candidates_sensitivity,P-Median,3.0,12,-1,J828,16,4489,5202,46.32132906820762,4.918343119964005,3.2603799525528627,15.481583913109553,26.76476761827881,53.286118949552005,False,False,False,False,False
all_candidates_sensitivity,P-Median,3.0,13,-1,J828,16,4585,5106,47.31193891239294,4.747410501014324,3.111971914443653,15.481583913109553,25.281952321854824,53.286118949552005,False,False,False,False,False
all_candidates_sensitivity,P-Median,3.0,14,-1,J828,14,4549,5142,46.94046022082345,4.507334321806545,3.1663670549236813,14.102540358748511,21.09387740897042,53.286118949552005,False,False,False,False,False
all_candidates_sensitivity,P-Median,3.0,15,-1,J828,12,4635,5056,47.8278815395728,4.348445928588233,3.1044961985831687,11.565327463477725,19.739303200257545,52.648185687502696,False,False,False,False,False
all_candidates_sensitivity,P-Median,3.0,16,-1,J828,15,5149,4542,53.131771746981734,4.215479132374958,2.801269084793778,13.782227761023227,21.09387740897042,53.286118949552005,False,False,False,False,False
all_candidates_sensitivity,P-Median,3.0,17,-1,J828,14,5222,4469,53.885047982664325,4.01236929924121,2.694404205211542,12.577210941194782,19.426588506507034,50.949528043679216,False,False,False,False,False
all_candidates_sensitivity,P-Median,3.0,18,-1,J828,12,5255,4436,54.22557011660303,3.8342638863346297,2.6862571114899017,10.080721476410522,19.426588506507034,50.949528043679216,False,False,False,False,False
all_candidates_sensitivity,P-Median,3.0,19,-1,J828,11,5300,4391,54.68991848106491,3.684275051410781,2.6862571114899017,9.516491892333404,17.765507929770003,34.82624701169968,False,False,False,False,False
all_candidates_sensitivity,P-Median,3.0,20,-1,J828,9,5437,4254,56.10360127953771,3.5171923126957108,2.6480815335973715,8.991613419588376,17.765507929770003,34.82624701169968,False,False,False,False,False
all_candidates_sensitivity,P-Median,3.0,21,-1,J828,9,5765,3926,59.48818491383758,3.3898280969173107,2.537193018001021,8.991613419588376,17.765507929770003,34.82624701169968,False,False,False,False,False
all_candidates_sensitivity,P-Median,3.0,22,-1,J828,7,5927,3764,61.15983902590032,3.2654171275868125,2.4628686365146235,8.957268712307247,17.765507929770003,34.82624701169968,False,False,False,False,False
all_candidates_sensitivity,P-Median,3.0,23,-1,J828,7,6188,3503,63.853059539779174,3.168524686058633,2.248583976289717,8.945365770231788,17.765507929770003,34.82624701169968,False,False,False,False,False
all_candidates_sensitivity,P-Median,3.0,24,-1,J828,7,6252,3439,64.5134661025694,3.0757274388558766,2.171626192912619,8.492656014975237,15.13360417916932,34.82624701169968,False,False,False,False,False
all_candidates_sensitivity,P-Median,3.0,25,-1,J828,7,6383,3308,65.86523578578063,2.9760761082760125,2.131065504334127,7.919187881290632,15.956494907592061,28.693823772221986,False,False,False,False,False
all_candidates_sensitivity,P-Median,3.0,26,-1,J828,7,6493,3198,67.0003095655763,2.887866250324371,2.0762790407280862,7.919187881290632,15.956494907592061,28.693823772221986,False,False,False,False,False
all_candidates_sensitivity,P-Median,3.0,27,-1,J828,8,6634,3057,68.4552677742235,2.7940583921923987,2.011116505552299,7.305521124093995,16.473094766606238,28.693823772221986,False,False,False,False,False
all_candidates_sensitivity,P-Median,3.0,28,-1,J828,8,6858,2833,70.76669074398927,2.7253242485320777,1.981319165269604,7.305521124093995,16.473094766606238,28.693823772221986,False,False,False,False,False
all_candidates_sensitivity,P-Median,3.0,29,-1,J828,8,6914,2777,71.34454648643072,2.6553458850225704,1.884876752655092,7.305521124093995,16.473094766606238,28.693823772221986,False,False,False,False,False
all_candidates_sensitivity,P-Median,3.0,30,-1,J828,7,6945,2746,71.66443091528222,2.583836417778791,1.8708105123449204,6.836709654322013,16.473094766606238,28.693823772221986,False,False,False,False,False
all_candidates_sensitivity,P-Median,3.0,31,-1,J828,6,6991,2700,72.13909813228769,2.502742607546855,1.884876752655092,6.184625685950473,14.042661373451415,28.693823772221986,False,False,False,False,False
all_candidates_sensitivity,P-Median,3.0,32,-1,J828,6,7024,2667,72.47962026622639,2.4385104348683915,1.8735075577961096,5.95830098284622,13.297750185008958,26.950553178813898,False,False,False,False,False
all_candidates_sensitivity,P-Median,3.0,33,-1,J828,5,7059,2632,72.84078010525229,2.3782472838302104,1.8393526129102369,5.796883749887278,10.360342865340115,26.950553178813898,False,False,False,False,False
all_candidates_sensitivity,P-Median,3.0,34,-1,J828,5,7048,2643,72.72727272727273,2.3274051241136404,1.7689155779523775,5.796883749887278,10.360342865340115,26.950553178813898,False,False,False,False,False
all_candidates_sensitivity,P-Median,3.0,35,-1,J828,5,7166,2525,73.9448973274172,2.2785965420411425,1.733019596917608,5.796883749887278,10.360342865340115,26.950553178813898,False,False,False,False,False
all_candidates_sensitivity,P-Median,3.0,36,-1,J828,4,7185,2506,74.14095552574554,2.2257577730392373,1.733019596917608,5.699697261804399,9.704430895603123,18.218208601095455,False,False,False,False,False
all_candidates_sensitivity,P-Median,3.0,37,-1,J828,5,7306,2385,75.38953668352079,2.186749466020485,1.676269415355319,5.850807033288559,10.440580290107656,18.218208601095455,False,False,False,False,False
all_candidates_sensitivity,P-Median,3.0,38,-1,J828,4,7412,2279,76.48333505314208,2.127960812882204,1.6239575771244976,5.651653868265488,9.704430895603123,18.218208601095455,False,False,False,False,False
all_candidates_sensitivity,P-Median,3.0,39,-1,J828,4,7497,2194,77.36043751934785,2.091975761832503,1.595701062378524,5.679309900081601,9.636197141743487,18.218208601095455,False,False,False,False,False
all_candidates_sensitivity,P-Median,3.0,40,-1,J828,4,7544,2147,77.84542358889692,2.053508290769323,1.5674142754385294,5.376587984314463,9.704430895603123,18.218208601095455,False,False,False,False,False
all_candidates_sensitivity,P-Median,3.0,41,-1,J828,4,7641,2050,78.84635228562584,2.017102582271884,1.5674142754385294,5.3481016028848956,9.636197141743487,18.218208601095455,False,False,False,False,False
all_candidates_sensitivity,P-Median,3.0,42,-1,J828,4,7692,1999,79.3726137653493,1.980670410828531,1.6133095647631162,5.26907419313964,8.699543779176793,17.47616869808689,False,False,False,False,False
all_candidates_sensitivity,P-Median,3.0,43,-1,J828,4,7692,1999,79.3726137653493,1.9495837742370936,1.5239514674315386,5.26907419313964,8.699543779176793,17.47616869808689,False,False,False,False,False
all_candidates_sensitivity,P-Median,3.0,44,-1,J828,4,7724,1967,79.7028170467444,1.9165627767941253,1.5049250044778022,5.26907419313964,8.699543779176793,17.47616869808689,False,False,False,False,False
all_candidates_sensitivity,P-Median,3.0,45,-1,J828,3,7746,1945,79.92983180270355,1.8842633517981089,1.5031532841149107,5.142346794837165,8.396090426376913,17.47616869808689,False,False,False,False,False
all_candidates_sensitivity,P-Median,3.0,46,-1,J828,2,7761,1930,80.0846145908575,1.8567313571809472,1.5006111461378586,5.03596507972479,7.752139093050434,16.550308693700245,False,False,False,False,False
all_candidates_sensitivity,P-Median,3.0,47,-1,J828,2,7873,1818,81.24032607574038,1.829660978459016,1.4344254348379668,5.008314154719811,7.752139093050434,16.550308693700245,False,False,False,False,False
all_candidates_sensitivity,P-Median,3.0,48,-1,J828,2,8009,1682,82.64369002166958,1.8022056520705885,1.4344254348379668,4.927320342024503,7.697430776434928,16.550308693700245,False,False,False,False,False
all_candidates_sensitivity,P-Median,3.0,49,-1,J828,2,8053,1638,83.09771953358786,1.776182655332768,1.434424162537192,4.803755172153724,7.697430776434928,16.550308693700245,False,False,False,False,False
all_candidates_sensitivity,P-Median,3.0,50,-1,J828,2,8114,1577,83.72716953874729,1.749961250758575,1.4341400356132157,4.555438299605537,7.50627018056066,16.550308693700245,False,False,False,False,False
all_candidates_sensitivity,P-Median,3.0,51,-1,J828,2,8195,1496,84.56299659477867,1.7239331987085602,1.4310716415606315,4.459041805367946,7.369783607662824,16.550308693700245,False,False,False,False,False
all_candidates_sensitivity,P-Median,3.0,52,-1,J828,2,8265,1426,85.28531627283046,1.6921808119917872,1.4187850613533846,4.459041805367946,7.362853701753533,16.550308693700245,False,False,False,False,False
all_candidates_sensitivity,P-Median,3.0,53,-1,J828,2,8332,1359,85.97667939325147,1.6680384716046386,1.4179573256310734,4.282083663730321,7.362853701753533,16.550308693700245,False,False,False,False,False
all_candidates_sensitivity,P-Median,3.0,54,-1,J828,2,8395,1296,86.6267671034981,1.652225062898207,1.434424162537192,4.1834648699722425,7.198713556110408,16.550308693700245,False,False,False,False,False
all_candidates_sensitivity,P-Median,3.0,55,-1,J828,2,8442,1249,87.11175317304716,1.6339555547012978,1.4182269708115174,4.163794377137366,6.971255341298399,16.550308693700245,False,False,False,False,False
all_candidates_sensitivity,P-Median,3.0,56,-1,J828,2,8551,1140,88.23650810029925,1.6069021348637615,1.39423247458682,4.3416127040263985,7.198713556110408,16.550308693700245,False,False,False,False,False
all_candidates_sensitivity,P-Median,3.0,57,-1,J828,2,8574,1117,88.47384170880198,1.5842244922085136,1.39423247458682,4.163794377137366,6.971255341298399,16.550308693700245,False,False,False,False,False
all_candidates_sensitivity,P-Median,3.0,58,-1,J828,2,8590,1101,88.63894334949954,1.5686090158477848,1.3722652299616889,4.163794377137366,6.971255341298399,16.550308693700245,False,False,False,False,False
all_candidates_sensitivity,P-Median,3.0,59,-1,J828,2,8602,1089,88.7627695800227,1.5534716378931015,1.3082315328176444,4.181128952609413,6.971255341298399,16.550308693700245,False,False,False,False,False
all_candidates_sensitivity,P-Median,3.0,60,-1,J828,2,8571,1120,88.4428851511712,1.5395956051875825,1.2620299719801076,4.163794377137366,6.971255341298399,16.550308693700245,False,False,False,False,False
all_candidates_sensitivity,P-Median,3.0,61,-1,J828,2,8571,1120,88.4428851511712,1.5198072957811126,1.2296556293561915,4.163794377137366,6.971255341298399,16.550308693700245,False,False,False,False,False
all_candidates_sensitivity,P-Median,3.0,62,-1,J828,2,8612,1079,88.86595810545867,1.497446794011472,1.2260624801722324,4.163794377137366,6.971255341298399,16.550308693700245,False,False,False,False,False
all_candidates_sensitivity,P-Median,3.0,63,-1,J828,2,8612,1079,88.86595810545867,1.479724447404887,1.2188643172406717,4.163794377137366,6.971255341298399,16.550308693700245,False,False,False,False,False
all_candidates_sensitivity,P-Median,3.0,64,-1,J828,2,8679,1012,89.55732122587968,1.451998080612843,1.2188643172406717,4.0691705781674985,6.971255341298399,16.550308693700245,False,False,False,False,False
all_candidates_sensitivity,P-Median,3.0,65,-1,J828,2,8679,1012,89.55732122587968,1.43621344188149,1.167455343486658,4.0691705781674985,6.971255341298399,16.550308693700245,False,False,False,False,False
all_candidates_sensitivity,P-Median,3.0,66,-1,J828,2,8744,947,90.2280466412135,1.4207839464059093,1.148612426686457,4.007292813742835,6.971255341298399,16.550308693700245,False,False,False,False,False
all_candidates_sensitivity,P-Median,3.0,67,-1,J828,2,8811,880,90.91940976163451,1.403850545086244,1.1857584920861142,3.956019545616874,6.971255341298399,16.550308693700245,False,False,False,False,False
all_candidates_sensitivity,P-Median,3.0,68,-1,J828,2,8762,929,90.41378598699825,1.3883085081425997,1.0910087090020244,3.981531274125285,6.971255341298399,16.550308693700245,False,False,False,False,False
all_candidates_sensitivity,P-Median,3.0,69,-1,J828,2,8816,875,90.9710040243525,1.3722736449325463,1.0887875707210855,3.956019545616874,6.971255341298399,16.550308693700245,False,False,False,False,False
all_candidates_sensitivity,P-Median,3.0,70,-1,J828,2,8844,847,91.25993189557322,1.3620656278865466,1.0826980874308703,3.947674892477693,6.971255341298399,16.550308693700245,False,False,False,False,False
all_candidates_sensitivity,P-Median,3.0,71,-1,J828,2,8803,888,90.83685894128573,1.3471778011064839,1.065644611058949,3.947674892477693,6.506971083700149,16.550308693700245,False,False,False,False,False
all_candidates_sensitivity,P-Median,3.0,72,-1,J828,2,8831,860,91.12578681250645,1.334219070792875,1.0572448639980092,3.9141746834882976,6.506971083700149,16.550308693700245,False,False,False,False,False
all_candidates_sensitivity,P-Median,3.0,73,-1,J828,2,8848,843,91.3012073057476,1.3213257141280799,1.054857252557691,3.780181915399265,6.184625685950473,16.550308693700245,False,False,False,False,False
all_candidates_sensitivity,P-Median,3.0,74,-1,J828,2,8853,838,91.35280156846558,1.3095909563021642,1.0572448639980092,3.780181915399265,6.184625685950473,16.550308693700245,False,False,False,False,False
all_candidates_sensitivity,P-Median,3.0,75,-1,J828,2,8905,786,91.88938190073264,1.2959314478199873,1.0530849702224105,3.6670862881297874,6.734309657188536,16.550308693700245,False,False,False,False,False
all_candidates_sensitivity,P-Median,3.0,76,-1,J828,2,8939,752,92.24022288721494,1.2834187007525693,1.0530849702224105,3.6670862881297874,6.506971083700149,16.550308693700245,False,False,False,False,False
all_candidates_sensitivity,P-Median,3.0,77,-1,J828,2,8963,728,92.48787534826127,1.2662077441613055,1.044979018082904,3.6670862881297874,6.506971083700149,16.550308693700245,False,False,False,False,False
all_candidates_sensitivity,P-Median,3.0,78,-1,J828,2,8998,693,92.84903518728717,1.2524826751021443,1.044979018082904,3.473444887152925,6.184625685950473,16.550308693700245,False,False,False,False,False
all_candidates_sensitivity,P-Median,3.0,79,-1,J828,1,9030,661,93.17923846868229,1.2415373600343793,1.0395301593162654,3.3319154445044847,6.3130345708895135,16.550308693700245,False,False,False,False,False
all_candidates_sensitivity,P-Median,3.0,80,-1,J828,1,9028,663,93.15860076359509,1.2285464988679022,1.0395301593162654,3.3363619583093778,5.550219355185318,16.550308693700245,False,False,False,False,False
all_candidates_sensitivity,P-Median,3.0,81,-1,J828,1,9038,653,93.26178928903106,1.216839929813785,1.0395301593162654,3.3319154445044847,5.435978311284468,16.550308693700245,False,False,False,False,False
all_candidates_sensitivity,P-Median,3.0,82,-1,J828,1,9073,618,93.62294912805696,1.2053046094426147,1.0063275402138596,3.318886778562327,5.435978311284468,16.550308693700245,False,False,False,False,False
all_candidates_sensitivity,P-Median,3.0,83,-1,J828,1,9092,599,93.8190073263853,1.194241072245574,1.0062782289283516,3.3098749254970157,5.285693201854514,16.550308693700245,False,False,False,False,False
all_candidates_sensitivity,P-Median,3.0,84,-1,J828,1,9102,589,93.92219585182127,1.183425485949657,0.9917160433609321,3.289407518429638,5.230097964309296,16.550308693700245,False,False,False,False,False
all_candidates_sensitivity,P-Median,3.0,85,-1,J828,1,9121,570,94.11825405014962,1.1732701267326842,0.9838812712567172,3.259780766573148,5.230097964309296,16.550308693700245,False,False,False,False,False
all_candidates_sensitivity,P-Median,3.0,86,-1,J828,1,9135,556,94.26271798575998,1.1619166654941449,0.9838812712567172,3.259780766573148,5.230097964309296,16.550308693700245,False,False,False,False,False
all_candidates_sensitivity,P-Median,3.0,87,-1,J828,1,9158,533,94.50005159426271,1.1516364644285502,0.9745375070251576,3.194109999555658,5.230097964309296,16.550308693700245,False,False,False,False,False
all_candidates_sensitivity,P-Median,3.0,88,-1,J828,1,9158,533,94.50005159426271,1.1415674242966873,0.963513874437589,3.194109999555658,5.230097964309296,16.550308693700245,False,False,False,False,False
all_candidates_sensitivity,P-Median,3.0,89,-1,J828,1,9178,513,94.70642864513466,1.1301056942717187,0.963513874437589,3.055500084704429,5.203303626132989,16.550308693700245,False,False,False,False,False
all_candidates_sensitivity,P-Median,3.0,90,-1,J828,1,9207,484,95.00567536889898,1.1194343106128064,0.9622969749615646,2.9970725880140545,5.203303626132989,16.550308693700245,True,True,False,False,False
all_candidates_sensitivity,P-Median,5.0,1,-1,J828,21,966,8725,9.968011557114849,17.81364762685249,13.83446945173028,43.39674631089937,56.13726760472635,78.87587931383399,False,False,False,False,False
all_candidates_sensitivity,P-Median,5.0,2,-1,J828,21,1693,7998,17.469817356309978,12.922069304441099,10.229540605171644,35.77161555705096,54.21576821597446,73.80657643112575,False,False,False,False,False
all_candidates_sensitivity,P-Median,5.0,3,-1,J828,21,2575,7116,26.571045299762666,11.073461390802322,7.962310565840589,33.31774234794633,52.95777672282012,74.08287023321586,False,False,False,False,False
all_candidates_sensitivity,P-Median,5.0,4,-1,J828,20,2722,6969,28.087916623671447,9.66431208794862,7.783263730407075,21.693270012125698,37.439427256119735,59.67316208885642,False,False,False,False,False
all_candidates_sensitivity,P-Median,5.0,5,-1,J828,18,3852,5839,39.74821999793623,8.372286116883524,6.22150503924481,20.372461689821034,30.691336965427137,53.75830158262533,False,False,False,False,False
all_candidates_sensitivity,P-Median,5.0,6,-1,J828,14,4243,5448,43.78289134248271,7.2586543720334,5.838099922750437,17.20002522683018,30.691336965427137,53.75830158262533,False,False,False,False,False
all_candidates_sensitivity,P-Median,5.0,7,-1,J828,15,4630,5061,47.776287276854816,6.535888524368223,5.179008804457528,17.20002522683018,30.552136561477475,53.75830158262533,False,False,False,False,False
all_candidates_sensitivity,P-Median,5.0,8,-1,J828,15,5315,4376,54.84470126921886,6.131813595950555,4.518072901068037,17.20002522683018,30.552136561477475,53.75830158262533,False,False,False,False,False
all_candidates_sensitivity,P-Median,5.0,9,-1,J828,15,5465,4226,56.392529150758435,5.683901715677373,4.438167170432034,15.623129793098103,26.76476761827881,53.286118949552005,False,False,False,False,False
all_candidates_sensitivity,P-Median,5.0,10,-1,J828,15,5710,3981,58.92064802393974,5.466777487503784,4.001296590835512,15.623129793098103,26.76476761827881,53.286118949552005,False,False,False,False,False
all_candidates_sensitivity,P-Median,5.0,11,-1,J828,14,6139,3552,63.34743576514292,5.170257594730662,3.584360991403077,15.825858976521394,26.76476761827881,53.286118949552005,False,False,False,False,False
all_candidates_sensitivity,P-Median,5.0,12,-1,J828,14,6529,3162,67.37178825714581,4.918343119964005,3.2603799525528627,15.481583913109553,26.76476761827881,53.286118949552005,False,False,False,False,False
all_candidates_sensitivity,P-Median,5.0,13,-1,J828,14,6778,2913,69.9411825405015,4.747410501014324,3.111971914443653,15.481583913109553,25.281952321854824,53.286118949552005,False,False,False,False,False
all_candidates_sensitivity,P-Median,5.0,14,-1,J828,11,6876,2815,70.95243008977401,4.507334321806545,3.1663670549236813,14.102540358748511,21.09387740897042,53.286118949552005,False,False,False,False,False
all_candidates_sensitivity,P-Median,5.0,15,-1,J828,10,6765,2926,69.80703745743473,4.348445928588233,3.1044961985831687,11.565327463477725,19.739303200257545,52.648185687502696,False,False,False,False,False
all_candidates_sensitivity,P-Median,5.0,16,-1,J828,11,7006,2685,72.29388092044165,4.215479132374958,2.801269084793778,13.782227761023227,21.09387740897042,53.286118949552005,False,False,False,False,False
all_candidates_sensitivity,P-Median,5.0,17,-1,J828,10,7089,2602,73.15034568156021,4.01236929924121,2.694404205211542,12.577210941194782,19.426588506507034,50.949528043679216,False,False,False,False,False
all_candidates_sensitivity,P-Median,5.0,18,-1,J828,9,7181,2510,74.09968011557115,3.8342638863346297,2.6862571114899017,10.080721476410522,19.426588506507034,50.949528043679216,False,False,False,False,False
all_candidates_sensitivity,P-Median,5.0,19,-1,J828,8,7249,2442,74.80136208853575,3.684275051410781,2.6862571114899017,9.516491892333404,17.765507929770003,34.82624701169968,False,False,False,False,False
all_candidates_sensitivity,P-Median,5.0,20,-1,J828,8,7447,2244,76.84449489216799,3.5171923126957108,2.6480815335973715,8.991613419588376,17.765507929770003,34.82624701169968,False,False,False,False,False
all_candidates_sensitivity,P-Median,5.0,21,-1,J828,8,7709,1982,79.54803425859045,3.3898280969173107,2.537193018001021,8.991613419588376,17.765507929770003,34.82624701169968,False,False,False,False,False
all_candidates_sensitivity,P-Median,5.0,22,-1,J828,7,7995,1696,82.49922608605922,3.2654171275868125,2.4628686365146235,8.957268712307247,17.765507929770003,34.82624701169968,False,False,False,False,False
all_candidates_sensitivity,P-Median,5.0,23,-1,J828,7,8090,1601,83.47951707770096,3.168524686058633,2.248583976289717,8.945365770231788,17.765507929770003,34.82624701169968,False,False,False,False,False
all_candidates_sensitivity,P-Median,5.0,24,-1,J828,7,8133,1558,83.92322773707563,3.0757274388558766,2.171626192912619,8.492656014975237,15.13360417916932,34.82624701169968,False,False,False,False,False
all_candidates_sensitivity,P-Median,5.0,25,-1,J828,7,8260,1431,85.23372201011247,2.9760761082760125,2.131065504334127,7.919187881290632,15.956494907592061,28.693823772221986,False,False,False,False,False
all_candidates_sensitivity,P-Median,5.0,26,-1,J828,7,8395,1296,86.6267671034981,2.887866250324371,2.0762790407280862,7.919187881290632,15.956494907592061,28.693823772221986,False,False,False,False,False
all_candidates_sensitivity,P-Median,5.0,27,-1,J828,7,8509,1182,87.80311629346816,2.7940583921923987,2.011116505552299,7.305521124093995,16.473094766606238,28.693823772221986,False,False,False,False,False
all_candidates_sensitivity,P-Median,5.0,28,-1,J828,7,8559,1132,88.31905892064802,2.7253242485320777,1.981319165269604,7.305521124093995,16.473094766606238,28.693823772221986,False,False,False,False,False
all_candidates_sensitivity,P-Median,5.0,29,-1,J828,7,8588,1103,88.61830564441235,2.6553458850225704,1.884876752655092,7.305521124093995,16.473094766606238,28.693823772221986,False,False,False,False,False
all_candidates_sensitivity,P-Median,5.0,30,-1,J828,7,8740,951,90.1867712310391,2.583836417778791,1.8708105123449204,6.836709654322013,16.473094766606238,28.693823772221986,False,False,False,False,False
all_candidates_sensitivity,P-Median,5.0,31,-1,J828,6,8819,872,91.00196058198328,2.502742607546855,1.884876752655092,6.184625685950473,14.042661373451415,28.693823772221986,False,False,False,False,False
all_candidates_sensitivity,P-Median,5.0,32,-1,J828,6,8862,829,91.44567124135796,2.4385104348683915,1.8735075577961096,5.95830098284622,13.297750185008958,26.950553178813898,False,False,False,False,False
all_candidates_sensitivity,P-Median,5.0,33,-1,J828,5,8900,791,91.83778763801465,2.3782472838302104,1.8393526129102369,5.796883749887278,10.360342865340115,26.950553178813898,False,False,False,False,False
all_candidates_sensitivity,P-Median,5.0,34,-1,J828,5,8908,783,91.92033845836343,2.3274051241136404,1.7689155779523775,5.796883749887278,10.360342865340115,26.950553178813898,False,False,False,False,False
all_candidates_sensitivity,P-Median,5.0,35,-1,J828,5,8910,781,91.94097616345063,2.2785965420411425,1.733019596917608,5.796883749887278,10.360342865340115,26.950553178813898,False,False,False,False,False
all_candidates_sensitivity,P-Median,5.0,36,-1,J828,4,8929,762,92.13703436177897,2.2257577730392373,1.733019596917608,5.699697261804399,9.704430895603123,18.218208601095455,False,False,False,False,False
all_candidates_sensitivity,P-Median,5.0,37,-1,J828,5,8957,734,92.4259622329997,2.186749466020485,1.676269415355319,5.850807033288559,10.440580290107656,18.218208601095455,False,False,False,False,False
all_candidates_sensitivity,P-Median,5.0,38,-1,J828,4,9000,691,92.86967289237437,2.127960812882204,1.6239575771244976,5.651653868265488,9.704430895603123,18.218208601095455,False,False,False,False,False
all_candidates_sensitivity,P-Median,5.0,39,-1,J828,4,9007,684,92.94190486017955,2.091975761832503,1.595701062378524,5.679309900081601,9.636197141743487,18.218208601095455,False,False,False,False,False
all_candidates_sensitivity,P-Median,5.0,40,-1,J828,4,9114,577,94.04602208234445,2.053508290769323,1.5674142754385294,5.376587984314463,9.704430895603123,18.218208601095455,False,False,False,False,False
all_candidates_sensitivity,P-Median,5.0,41,-1,J828,3,9121,570,94.11825405014962,2.017102582271884,1.5674142754385294,5.3481016028848956,9.636197141743487,18.218208601095455,False,False,False,False,False
all_candidates_sensitivity,P-Median,5.0,42,-1,J828,3,9155,536,94.46909503663193,1.980670410828531,1.6133095647631162,5.26907419313964,8.699543779176793,17.47616869808689,False,False,False,False,False
all_candidates_sensitivity,P-Median,5.0,43,-1,J828,3,9155,536,94.46909503663193,1.9495837742370936,1.5239514674315386,5.26907419313964,8.699543779176793,17.47616869808689,False,False,False,False,False
all_candidates_sensitivity,P-Median,5.0,44,-1,J828,3,9167,524,94.59292126715509,1.9165627767941253,1.5049250044778022,5.26907419313964,8.699543779176793,17.47616869808689,False,False,False,False,False
all_candidates_sensitivity,P-Median,5.0,45,-1,J828,3,9185,506,94.77866061293985,1.8842633517981089,1.5031532841149107,5.142346794837165,8.396090426376913,17.47616869808689,False,False,False,False,False
all_candidates_sensitivity,P-Median,5.0,46,-1,J828,2,9202,489,94.954081106181,1.8567313571809472,1.5006111461378586,5.03596507972479,7.752139093050434,16.550308693700245,False,False,False,False,False
all_candidates_sensitivity,P-Median,5.0,47,-1,J828,2,9203,488,94.96439995872458,1.829660978459016,1.4344254348379668,5.008314154719811,7.752139093050434,16.550308693700245,False,False,False,False,False
all_candidates_sensitivity,P-Median,5.0,48,-1,J828,2,9259,432,95.54225570116603,1.8022056520705885,1.4344254348379668,4.927320342024503,7.697430776434928,16.550308693700245,True,True,True,True,True
all_candidates_sensitivity,P-Median,5.0,49,-1,J828,2,9278,413,95.73831389949437,1.776182655332768,1.434424162537192,4.803755172153724,7.697430776434928,16.550308693700245,True,True,False,False,False
all_candidates_sensitivity,P-Median,5.0,50,-1,J828,2,9307,384,96.0375606232587,1.749961250758575,1.4341400356132157,4.555438299605537,7.50627018056066,16.550308693700245,True,True,True,False,False
all_candidates_sensitivity,P-Median,5.0,51,-1,J828,2,9340,351,96.3780827571974,1.7239331987085602,1.4310716415606315,4.459041805367946,7.369783607662824,16.550308693700245,True,True,True,False,False
all_candidates_sensitivity,P-Median,5.0,52,-1,J828,2,9346,345,96.43999587245898,1.6921808119917872,1.4187850613533846,4.459041805367946,7.362853701753533,16.550308693700245,True,True,True,False,False
all_candidates_sensitivity,P-Median,5.0,53,-1,J828,2,9372,319,96.7082860385925,1.6680384716046386,1.4179573256310734,4.282083663730321,7.362853701753533,16.550308693700245,True,True,False,False,False
all_candidates_sensitivity,P-Median,5.0,54,-1,J828,1,9364,327,96.62573521824373,1.652225062898207,1.434424162537192,4.1834648699722425,7.198713556110408,16.550308693700245,True,True,True,False,True
all_candidates_sensitivity,P-Median,5.0,55,-1,J828,1,9387,304,96.86306882674647,1.6339555547012978,1.4182269708115174,4.163794377137366,6.971255341298399,16.550308693700245,True,True,True,False,False
all_candidates_sensitivity,P-Median,5.0,56,-1,J828,1,9359,332,96.57414095552575,1.6069021348637615,1.39423247458682,4.3416127040263985,7.198713556110408,16.550308693700245,True,True,False,False,False
all_candidates_sensitivity,P-Median,5.0,57,-1,J828,1,9388,303,96.87338767929006,1.5842244922085136,1.39423247458682,4.163794377137366,6.971255341298399,16.550308693700245,True,True,False,False,False
all_candidates_sensitivity,P-Median,5.0,58,-1,J828,1,9388,303,96.87338767929006,1.5686090158477848,1.3722652299616889,4.163794377137366,6.971255341298399,16.550308693700245,True,True,False,False,False
all_candidates_sensitivity,P-Median,5.0,59,-1,J828,1,9388,303,96.87338767929006,1.5534716378931015,1.3082315328176444,4.181128952609413,6.971255341298399,16.550308693700245,True,True,False,False,False
all_candidates_sensitivity,P-Median,5.0,60,-1,J828,1,9388,303,96.87338767929006,1.5395956051875825,1.2620299719801076,4.163794377137366,6.971255341298399,16.550308693700245,True,True,False,False,False
all_candidates_sensitivity,P-Median,5.0,61,-1,J828,1,9388,303,96.87338767929006,1.5198072957811126,1.2296556293561915,4.163794377137366,6.971255341298399,16.550308693700245,True,True,False,False,False
all_candidates_sensitivity,P-Median,5.0,62,-1,J828,1,9388,303,96.87338767929006,1.497446794011472,1.2260624801722324,4.163794377137366,6.971255341298399,16.550308693700245,True,True,False,False,False
all_candidates_sensitivity,P-Median,5.0,63,-1,J828,1,9388,303,96.87338767929006,1.479724447404887,1.2188643172406717,4.163794377137366,6.971255341298399,16.550308693700245,True,True,False,False,False
all_candidates_sensitivity,P-Median,5.0,64,-1,J828,1,9416,275,97.16231555051078,1.451998080612843,1.2188643172406717,4.0691705781674985,6.971255341298399,16.550308693700245,True,True,False,False,False
all_candidates_sensitivity,P-Median,5.0,65,-1,J828,1,9416,275,97.16231555051078,1.43621344188149,1.167455343486658,4.0691705781674985,6.971255341298399,16.550308693700245,True,True,False,False,False
all_candidates_sensitivity,P-Median,5.0,66,-1,J828,1,9431,260,97.31709833866474,1.4207839464059093,1.148612426686457,4.007292813742835,6.971255341298399,16.550308693700245,True,True,False,False,False
all_candidates_sensitivity,P-Median,5.0,67,-1,J828,1,9450,241,97.51315653699308,1.403850545086244,1.1857584920861142,3.956019545616874,6.971255341298399,16.550308693700245,True,True,False,False,False
all_candidates_sensitivity,P-Median,5.0,68,-1,J828,1,9428,263,97.28614178103395,1.3883085081425997,1.0910087090020244,3.981531274125285,6.971255341298399,16.550308693700245,True,True,False,False,False
all_candidates_sensitivity,P-Median,5.0,69,-1,J828,1,9452,239,97.53379424208028,1.3722736449325463,1.0887875707210855,3.956019545616874,6.971255341298399,16.550308693700245,True,True,False,False,False
all_candidates_sensitivity,P-Median,5.0,70,-1,J828,1,9450,241,97.51315653699308,1.3620656278865466,1.0826980874308703,3.947674892477693,6.971255341298399,16.550308693700245,True,True,False,False,False
all_candidates_sensitivity,P-Median,5.0,71,-1,J828,1,9478,213,97.8020844082138,1.3471778011064839,1.065644611058949,3.947674892477693,6.506971083700149,16.550308693700245,True,True,True,False,False
all_candidates_sensitivity,P-Median,5.0,72,-1,J828,1,9486,205,97.88463522856259,1.334219070792875,1.0572448639980092,3.9141746834882976,6.506971083700149,16.550308693700245,True,True,False,False,False
all_candidates_sensitivity,P-Median,5.0,73,-1,J828,1,9503,188,98.06005572180374,1.3213257141280799,1.054857252557691,3.780181915399265,6.184625685950473,16.550308693700245,True,True,True,False,False
all_candidates_sensitivity,P-Median,5.0,74,-1,J828,1,9503,188,98.06005572180374,1.3095909563021642,1.0572448639980092,3.780181915399265,6.184625685950473,16.550308693700245,True,True,False,False,False
all_candidates_sensitivity,P-Median,5.0,75,-1,J828,1,9489,202,97.91559178619337,1.2959314478199873,1.0530849702224105,3.6670862881297874,6.734309657188536,16.550308693700245,True,True,False,False,False
all_candidates_sensitivity,P-Median,5.0,76,-1,J828,1,9486,205,97.88463522856259,1.2834187007525693,1.0530849702224105,3.6670862881297874,6.506971083700149,16.550308693700245,True,True,False,False,False
all_candidates_sensitivity,P-Median,5.0,77,-1,J828,1,9477,214,97.79176555567021,1.2662077441613055,1.044979018082904,3.6670862881297874,6.506971083700149,16.550308693700245,True,True,False,False,False
all_candidates_sensitivity,P-Median,5.0,78,-1,J828,1,9494,197,97.96718604891136,1.2524826751021443,1.044979018082904,3.473444887152925,6.184625685950473,16.550308693700245,True,True,False,False,False
all_candidates_sensitivity,P-Median,5.0,79,-1,J828,1,9507,184,98.10133113197813,1.2415373600343793,1.0395301593162654,3.3319154445044847,6.3130345708895135,16.550308693700245,True,True,False,False,False
all_candidates_sensitivity,P-Median,5.0,80,-1,J828,1,9521,170,98.24579506758849,1.2285464988679022,1.0395301593162654,3.3363619583093778,5.550219355185318,16.550308693700245,True,True,True,False,False
all_candidates_sensitivity,P-Median,5.0,81,-1,J828,1,9531,160,98.34898359302446,1.216839929813785,1.0395301593162654,3.3319154445044847,5.435978311284468,16.550308693700245,True,True,True,False,False
all_candidates_sensitivity,P-Median,5.0,82,-1,J828,1,9531,160,98.34898359302446,1.2053046094426147,1.0063275402138596,3.318886778562327,5.435978311284468,16.550308693700245,True,True,False,False,False
all_candidates_sensitivity,P-Median,5.0,83,-1,J828,1,9549,142,98.53472293880921,1.194241072245574,1.0062782289283516,3.3098749254970157,5.285693201854514,16.550308693700245,True,True,True,False,False
all_candidates_sensitivity,P-Median,5.0,84,-1,J828,1,9559,132,98.63791146424518,1.183425485949657,0.9917160433609321,3.289407518429638,5.230097964309296,16.550308693700245,True,True,True,False,False
all_candidates_sensitivity,P-Median,5.0,85,-1,J828,1,9559,132,98.63791146424518,1.1732701267326842,0.9838812712567172,3.259780766573148,5.230097964309296,16.550308693700245,True,True,False,False,False
all_candidates_sensitivity,P-Median,5.0,86,-1,J828,1,9559,132,98.63791146424518,1.1619166654941449,0.9838812712567172,3.259780766573148,5.230097964309296,16.550308693700245,True,True,False,False,False
all_candidates_sensitivity,P-Median,5.0,87,-1,J828,1,9559,132,98.63791146424518,1.1516364644285502,0.9745375070251576,3.194109999555658,5.230097964309296,16.550308693700245,True,True,False,False,False
all_candidates_sensitivity,P-Median,5.0,88,-1,J828,1,9559,132,98.63791146424518,1.1415674242966873,0.963513874437589,3.194109999555658,5.230097964309296,16.550308693700245,True,True,False,False,False
all_candidates_sensitivity,P-Median,5.0,89,-1,J828,1,9570,121,98.75141884222475,1.1301056942717187,0.963513874437589,3.055500084704429,5.203303626132989,16.550308693700245,True,True,True,False,False
all_candidates_sensitivity,P-Median,5.0,90,-1,J828,1,9570,121,98.75141884222475,1.1194343106128064,0.9622969749615646,2.9970725880140545,5.203303626132989,16.550308693700245,True,True,False,False,False
all_candidates_sensitivity,P-Median,10.0,1,-1,J828,21,2941,6750,30.347745330719224,17.81364762685249,13.83446945173028,43.39674631089937,56.13726760472635,78.87587931383399,False,False,False,False,False
all_candidates_sensitivity,P-Median,10.0,2,-1,J828,17,4658,5033,48.06521514807553,12.922069304441099,10.229540605171644,35.77161555705096,54.21576821597446,73.80657643112575,False,False,False,False,False
all_candidates_sensitivity,P-Median,10.0,3,-1,J828,16,5913,3778,61.01537509028996,11.073461390802322,7.962310565840589,33.31774234794633,52.95777672282012,74.08287023321586,False,False,False,False,False
all_candidates_sensitivity,P-Median,10.0,4,-1,J828,15,6105,3586,62.996594778660615,9.66431208794862,7.783263730407075,21.693270012125698,37.439427256119735,59.67316208885642,False,False,False,False,False
all_candidates_sensitivity,P-Median,10.0,5,-1,J828,14,6666,3025,68.78547105561861,8.372286116883524,6.22150503924481,20.372461689821034,30.691336965427137,53.75830158262533,False,False,False,False,False
all_candidates_sensitivity,P-Median,10.0,6,-1,J828,12,7542,2149,77.82478588380972,7.2586543720334,5.838099922750437,17.20002522683018,30.691336965427137,53.75830158262533,False,False,False,False,False
all_candidates_sensitivity,P-Median,10.0,7,-1,J828,10,8181,1510,84.4185326591683,6.535888524368223,5.179008804457528,17.20002522683018,30.552136561477475,53.75830158262533,False,False,False,False,False
all_candidates_sensitivity,P-Median,10.0,8,-1,J828,10,8191,1500,84.52172118460427,6.131813595950555,4.518072901068037,17.20002522683018,30.552136561477475,53.75830158262533,False,False,False,False,False
all_candidates_sensitivity,P-Median,10.0,9,-1,J828,9,8359,1332,86.25528841192859,5.683901715677373,4.438167170432034,15.623129793098103,26.76476761827881,53.286118949552005,False,False,False,False,False
all_candidates_sensitivity,P-Median,10.0,10,-1,J828,9,8359,1332,86.25528841192859,5.466777487503784,4.001296590835512,15.623129793098103,26.76476761827881,53.286118949552005,False,False,False,False,False
all_candidates_sensitivity,P-Median,10.0,11,-1,J828,9,8436,1255,87.04984005778557,5.170257594730662,3.584360991403077,15.825858976521394,26.76476761827881,53.286118949552005,False,False,False,False,False
all_candidates_sensitivity,P-Median,10.0,12,-1,J828,9,8608,1083,88.82468269528428,4.918343119964005,3.2603799525528627,15.481583913109553,26.76476761827881,53.286118949552005,False,False,False,False,False
all_candidates_sensitivity,P-Median,10.0,13,-1,J828,9,8740,951,90.1867712310391,4.747410501014324,3.111971914443653,15.481583913109553,25.281952321854824,53.286118949552005,False,False,False,False,False
all_candidates_sensitivity,P-Median,10.0,14,-1,J828,8,8867,824,91.49726550407594,4.507334321806545,3.1663670549236813,14.102540358748511,21.09387740897042,53.286118949552005,False,False,False,False,False
all_candidates_sensitivity,P-Median,10.0,15,-1,J828,8,8961,730,92.46723764317407,4.348445928588233,3.1044961985831687,11.565327463477725,19.739303200257545,52.648185687502696,False,False,False,False,False
all_candidates_sensitivity,P-Median,10.0,16,-1,J828,8,8903,788,91.86874419564545,4.215479132374958,2.801269084793778,13.782227761023227,21.09387740897042,53.286118949552005,False,False,False,False,False
all_candidates_sensitivity,P-Median,10.0,17,-1,J828,8,9003,688,92.90062945000516,4.01236929924121,2.694404205211542,12.577210941194782,19.426588506507034,50.949528043679216,False,False,False,False,False
all_candidates_sensitivity,P-Median,10.0,18,-1,J828,8,9190,501,94.83025487565783,3.8342638863346297,2.6862571114899017,10.080721476410522,19.426588506507034,50.949528043679216,False,False,False,False,False
all_candidates_sensitivity,P-Median,10.0,19,-1,J828,7,9270,421,95.6557630791456,3.684275051410781,2.6862571114899017,9.516491892333404,17.765507929770003,34.82624701169968,True,True,True,True,True
all_candidates_sensitivity,P-Median,10.0,20,-1,J828,6,9344,347,96.41935816737178,3.5171923126957108,2.6480815335973715,8.991613419588376,17.765507929770003,34.82624701169968,True,True,False,False,True
all_candidates_sensitivity,P-Median,10.0,21,-1,J828,6,9344,347,96.41935816737178,3.3898280969173107,2.537193018001021,8.991613419588376,17.765507929770003,34.82624701169968,True,True,False,False,False
all_candidates_sensitivity,P-Median,10.0,22,-1,J828,6,9352,339,96.50190898772057,3.2654171275868125,2.4628686365146235,8.957268712307247,17.765507929770003,34.82624701169968,True,True,False,False,False
all_candidates_sensitivity,P-Median,10.0,23,-1,J828,6,9360,331,96.58445980806934,3.168524686058633,2.248583976289717,8.945365770231788,17.765507929770003,34.82624701169968,True,True,False,False,False
all_candidates_sensitivity,P-Median,10.0,24,-1,J828,5,9398,293,96.97657620472603,3.0757274388558766,2.171626192912619,8.492656014975237,15.13360417916932,34.82624701169968,True,True,True,False,True
all_candidates_sensitivity,P-Median,10.0,25,-1,J828,5,9379,312,96.78051800639768,2.9760761082760125,2.131065504334127,7.919187881290632,15.956494907592061,28.693823772221986,True,True,False,True,False
all_candidates_sensitivity,P-Median,10.0,26,-1,J828,5,9379,312,96.78051800639768,2.887866250324371,2.0762790407280862,7.919187881290632,15.956494907592061,28.693823772221986,True,True,False,False,False
all_candidates_sensitivity,P-Median,10.0,27,-1,J828,5,9402,289,97.01785161490042,2.7940583921923987,2.011116505552299,7.305521124093995,16.473094766606238,28.693823772221986,True,True,False,False,False
all_candidates_sensitivity,P-Median,10.0,28,-1,J828,5,9402,289,97.01785161490042,2.7253242485320777,1.981319165269604,7.305521124093995,16.473094766606238,28.693823772221986,True,True,False,False,False
all_candidates_sensitivity,P-Median,10.0,29,-1,J828,5,9402,289,97.01785161490042,2.6553458850225704,1.884876752655092,7.305521124093995,16.473094766606238,28.693823772221986,True,True,False,False,False
all_candidates_sensitivity,P-Median,10.0,30,-1,J828,5,9442,249,97.43060571664431,2.583836417778791,1.8708105123449204,6.836709654322013,16.473094766606238,28.693823772221986,True,True,False,False,False
all_candidates_sensitivity,P-Median,10.0,31,-1,J828,4,9505,186,98.08069342689093,2.502742607546855,1.884876752655092,6.184625685950473,14.042661373451415,28.693823772221986,True,True,True,False,True
all_candidates_sensitivity,P-Median,10.0,32,-1,J828,4,9543,148,98.47280982354762,2.4385104348683915,1.8735075577961096,5.95830098284622,13.297750185008958,26.950553178813898,True,True,True,True,False
all_candidates_sensitivity,P-Median,10.0,33,-1,J828,3,9589,102,98.9474770405531,2.3782472838302104,1.8393526129102369,5.796883749887278,10.360342865340115,26.950553178813898,True,True,True,False,True
all_candidates_sensitivity,P-Median,10.0,34,-1,J828,3,9589,102,98.9474770405531,2.3274051241136404,1.7689155779523775,5.796883749887278,10.360342865340115,26.950553178813898,True,True,False,False,False
all_candidates_sensitivity,P-Median,10.0,35,-1,J828,3,9589,102,98.9474770405531,2.2785965420411425,1.733019596917608,5.796883749887278,10.360342865340115,26.950553178813898,True,True,False,False,False
all_candidates_sensitivity,P-Median,10.0,36,-1,J828,2,9608,83,99.14353523888144,2.2257577730392373,1.733019596917608,5.699697261804399,9.704430895603123,18.218208601095455,True,True,True,True,True
all_candidates_sensitivity,P-Median,10.0,37,-1,J828,2,9584,107,98.8958827778351,2.186749466020485,1.676269415355319,5.850807033288559,10.440580290107656,18.218208601095455,True,True,False,False,False
all_candidates_sensitivity,P-Median,10.0,38,-1,J828,2,9608,83,99.14353523888144,2.127960812882204,1.6239575771244976,5.651653868265488,9.704430895603123,18.218208601095455,True,True,False,False,False
all_candidates_sensitivity,P-Median,10.0,39,-1,J828,1,9611,80,99.17449179651223,2.091975761832503,1.595701062378524,5.679309900081601,9.636197141743487,18.218208601095455,True,True,True,False,True
all_candidates_sensitivity,P-Median,10.0,40,-1,J828,2,9608,83,99.14353523888144,2.053508290769323,1.5674142754385294,5.376587984314463,9.704430895603123,18.218208601095455,True,True,False,False,False
all_candidates_sensitivity,P-Median,10.0,41,-1,J828,2,9612,79,99.18481064905582,2.017102582271884,1.5674142754385294,5.3481016028848956,9.636197141743487,18.218208601095455,True,True,False,False,False
all_candidates_sensitivity,P-Median,10.0,42,-1,J828,2,9623,68,99.29831802703539,1.980670410828531,1.6133095647631162,5.26907419313964,8.699543779176793,17.47616869808689,True,True,True,True,False
all_candidates_sensitivity,P-Median,10.0,43,-1,J828,2,9623,68,99.29831802703539,1.9495837742370936,1.5239514674315386,5.26907419313964,8.699543779176793,17.47616869808689,True,True,False,False,False
all_candidates_sensitivity,P-Median,10.0,44,-1,J828,2,9623,68,99.29831802703539,1.9165627767941253,1.5049250044778022,5.26907419313964,8.699543779176793,17.47616869808689,True,True,False,False,False
all_candidates_sensitivity,P-Median,10.0,45,-1,J828,1,9656,35,99.6388401609741,1.8842633517981089,1.5031532841149107,5.142346794837165,8.396090426376913,17.47616869808689,True,True,True,False,False
all_candidates_sensitivity,P-Median,10.0,46,-1,J828,1,9677,14,99.85553606438964,1.8567313571809472,1.5006111461378586,5.03596507972479,7.752139093050434,16.550308693700245,True,True,True,True,False
all_candidates_sensitivity,P-Median,10.0,47,-1,J828,1,9677,14,99.85553606438964,1.829660978459016,1.4344254348379668,5.008314154719811,7.752139093050434,16.550308693700245,True,True,False,False,False
all_candidates_sensitivity,P-Median,10.0,48,-1,J828,1,9677,14,99.85553606438964,1.8022056520705885,1.4344254348379668,4.927320342024503,7.697430776434928,16.550308693700245,True,True,True,False,False
all_candidates_sensitivity,P-Median,10.0,49,-1,J828,1,9677,14,99.85553606438964,1.776182655332768,1.434424162537192,4.803755172153724,7.697430776434928,16.550308693700245,True,True,False,False,False
all_candidates_sensitivity,P-Median,10.0,50,-1,J828,1,9677,14,99.85553606438964,1.749961250758575,1.4341400356132157,4.555438299605537,7.50627018056066,16.550308693700245,True,True,True,False,False
all_candidates_sensitivity,P-Median,10.0,51,-1,J828,1,9677,14,99.85553606438964,1.7239331987085602,1.4310716415606315,4.459041805367946,7.369783607662824,16.550308693700245,True,True,True,False,False
all_candidates_sensitivity,P-Median,10.0,52,-1,J828,1,9677,14,99.85553606438964,1.6921808119917872,1.4187850613533846,4.459041805367946,7.362853701753533,16.550308693700245,True,True,True,False,False
all_candidates_sensitivity,P-Median,10.0,53,-1,J828,1,9677,14,99.85553606438964,1.6680384716046386,1.4179573256310734,4.282083663730321,7.362853701753533,16.550308693700245,True,True,False,False,False
all_candidates_sensitivity,P-Median,10.0,54,-1,J828,1,9677,14,99.85553606438964,1.652225062898207,1.434424162537192,4.1834648699722425,7.198713556110408,16.550308693700245,True,True,True,False,False
all_candidates_sensitivity,P-Median,10.0,55,-1,J828,1,9677,14,99.85553606438964,1.6339555547012978,1.4182269708115174,4.163794377137366,6.971255341298399,16.550308693700245,True,True,True,False,False
all_candidates_sensitivity,P-Median,10.0,56,-1,J828,1,9677,14,99.85553606438964,1.6069021348637615,1.39423247458682,4.3416127040263985,7.198713556110408,16.550308693700245,True,True,False,False,False
all_candidates_sensitivity,P-Median,10.0,57,-1,J828,1,9677,14,99.85553606438964,1.5842244922085136,1.39423247458682,4.163794377137366,6.971255341298399,16.550308693700245,True,True,False,False,False
all_candidates_sensitivity,P-Median,10.0,58,-1,J828,1,9677,14,99.85553606438964,1.5686090158477848,1.3722652299616889,4.163794377137366,6.971255341298399,16.550308693700245,True,True,False,False,False
all_candidates_sensitivity,P-Median,10.0,59,-1,J828,1,9677,14,99.85553606438964,1.5534716378931015,1.3082315328176444,4.181128952609413,6.971255341298399,16.550308693700245,True,True,False,False,False
all_candidates_sensitivity,P-Median,10.0,60,-1,J828,1,9677,14,99.85553606438964,1.5395956051875825,1.2620299719801076,4.163794377137366,6.971255341298399,16.550308693700245,True,True,False,False,False
all_candidates_sensitivity,P-Median,10.0,61,-1,J828,1,9677,14,99.85553606438964,1.5198072957811126,1.2296556293561915,4.163794377137366,6.971255341298399,16.550308693700245,True,True,False,False,False
all_candidates_sensitivity,P-Median,10.0,62,-1,J828,1,9677,14,99.85553606438964,1.497446794011472,1.2260624801722324,4.163794377137366,6.971255341298399,16.550308693700245,True,True,False,False,False
all_candidates_sensitivity,P-Median,10.0,63,-1,J828,1,9677,14,99.85553606438964,1.479724447404887,1.2188643172406717,4.163794377137366,6.971255341298399,16.550308693700245,True,True,False,False,False
all_candidates_sensitivity,P-Median,10.0,64,-1,J828,1,9677,14,99.85553606438964,1.451998080612843,1.2188643172406717,4.0691705781674985,6.971255341298399,16.550308693700245,True,True,False,False,False
all_candidates_sensitivity,P-Median,10.0,65,-1,J828,1,9677,14,99.85553606438964,1.43621344188149,1.167455343486658,4.0691705781674985,6.971255341298399,16.550308693700245,True,True,False,False,False
all_candidates_sensitivity,P-Median,10.0,66,-1,J828,1,9677,14,99.85553606438964,1.4207839464059093,1.148612426686457,4.007292813742835,6.971255341298399,16.550308693700245,True,True,False,False,False
all_candidates_sensitivity,P-Median,10.0,67,-1,J828,1,9677,14,99.85553606438964,1.403850545086244,1.1857584920861142,3.956019545616874,6.971255341298399,16.550308693700245,True,True,False,False,False
all_candidates_sensitivity,P-Median,10.0,68,-1,J828,1,9677,14,99.85553606438964,1.3883085081425997,1.0910087090020244,3.981531274125285,6.971255341298399,16.550308693700245,True,True,False,False,False
all_candidates_sensitivity,P-Median,10.0,69,-1,J828,1,9677,14,99.85553606438964,1.3722736449325463,1.0887875707210855,3.956019545616874,6.971255341298399,16.550308693700245,True,True,False,False,False
all_candidates_sensitivity,P-Median,10.0,70,-1,J828,1,9677,14,99.85553606438964,1.3620656278865466,1.0826980874308703,3.947674892477693,6.971255341298399,16.550308693700245,True,True,False,False,False
all_candidates_sensitivity,P-Median,10.0,71,-1,J828,1,9677,14,99.85553606438964,1.3471778011064839,1.065644611058949,3.947674892477693,6.506971083700149,16.550308693700245,True,True,True,False,False
all_candidates_sensitivity,P-Median,10.0,72,-1,J828,1,9677,14,99.85553606438964,1.334219070792875,1.0572448639980092,3.9141746834882976,6.506971083700149,16.550308693700245,True,True,False,False,False
all_candidates_sensitivity,P-Median,10.0,73,-1,J828,1,9677,14,99.85553606438964,1.3213257141280799,1.054857252557691,3.780181915399265,6.184625685950473,16.550308693700245,True,True,True,False,False
all_candidates_sensitivity,P-Median,10.0,74,-1,J828,1,9677,14,99.85553606438964,1.3095909563021642,1.0572448639980092,3.780181915399265,6.184625685950473,16.550308693700245,True,True,False,False,False
all_candidates_sensitivity,P-Median,10.0,75,-1,J828,1,9677,14,99.85553606438964,1.2959314478199873,1.0530849702224105,3.6670862881297874,6.734309657188536,16.550308693700245,True,True,False,False,False
all_candidates_sensitivity,P-Median,10.0,76,-1,J828,1,9677,14,99.85553606438964,1.2834187007525693,1.0530849702224105,3.6670862881297874,6.506971083700149,16.550308693700245,True,True,False,False,False
all_candidates_sensitivity,P-Median,10.0,77,-1,J828,1,9677,14,99.85553606438964,1.2662077441613055,1.044979018082904,3.6670862881297874,6.506971083700149,16.550308693700245,True,True,False,False,False
all_candidates_sensitivity,P-Median,10.0,78,-1,J828,1,9677,14,99.85553606438964,1.2524826751021443,1.044979018082904,3.473444887152925,6.184625685950473,16.550308693700245,True,True,False,False,False
all_candidates_sensitivity,P-Median,10.0,79,-1,J828,1,9677,14,99.85553606438964,1.2415373600343793,1.0395301593162654,3.3319154445044847,6.3130345708895135,16.550308693700245,True,True,False,False,False
all_candidates_sensitivity,P-Median,10.0,80,-1,J828,1,9677,14,99.85553606438964,1.2285464988679022,1.0395301593162654,3.3363619583093778,5.550219355185318,16.550308693700245,True,True,True,False,False
all_candidates_sensitivity,P-Median,10.0,81,-1,J828,1,9682,9,99.90713032710762,1.216839929813785,1.0395301593162654,3.3319154445044847,5.435978311284468,16.550308693700245,True,True,True,False,False
all_candidates_sensitivity,P-Median,10.0,82,-1,J828,1,9682,9,99.90713032710762,1.2053046094426147,1.0063275402138596,3.318886778562327,5.435978311284468,16.550308693700245,True,True,False,False,False
all_candidates_sensitivity,P-Median,10.0,83,-1,J828,1,9682,9,99.90713032710762,1.194241072245574,1.0062782289283516,3.3098749254970157,5.285693201854514,16.550308693700245,True,True,True,False,False
all_candidates_sensitivity,P-Median,10.0,84,-1,J828,1,9682,9,99.90713032710762,1.183425485949657,0.9917160433609321,3.289407518429638,5.230097964309296,16.550308693700245,True,True,True,False,False
all_candidates_sensitivity,P-Median,10.0,85,-1,J828,1,9682,9,99.90713032710762,1.1732701267326842,0.9838812712567172,3.259780766573148,5.230097964309296,16.550308693700245,True,True,False,False,False
all_candidates_sensitivity,P-Median,10.0,86,-1,J828,1,9682,9,99.90713032710762,1.1619166654941449,0.9838812712567172,3.259780766573148,5.230097964309296,16.550308693700245,True,True,False,False,False
all_candidates_sensitivity,P-Median,10.0,87,-1,J828,1,9682,9,99.90713032710762,1.1516364644285502,0.9745375070251576,3.194109999555658,5.230097964309296,16.550308693700245,True,True,False,False,False
all_candidates_sensitivity,P-Median,10.0,88,-1,J828,1,9682,9,99.90713032710762,1.1415674242966873,0.963513874437589,3.194109999555658,5.230097964309296,16.550308693700245,True,True,False,False,False
all_candidates_sensitivity,P-Median,10.0,89,-1,J828,1,9682,9,99.90713032710762,1.1301056942717187,0.963513874437589,3.055500084704429,5.203303626132989,16.550308693700245,True,True,True,False,False
all_candidates_sensitivity,P-Median,10.0,90,-1,J828,1,9682,9,99.90713032710762,1.1194343106128064,0.9622969749615646,2.9970725880140545,5.203303626132989,16.550308693700245,True,True,False,False,False
main,Agglomerative-average,3.0,1,-1,continuous,21,279,9412,2.8789598596636052,18.042663746156027,14.629005418617778,42.168897169830835,54.527968353498565,78.96300548880382,False,False,False,False,False
main,Agglomerative-average,3.0,2,-1,continuous,21,262,9429,2.703539366422454,17.567072821864127,14.54084069916825,40.11320721461514,48.39011259951244,57.95196363829192,False,False,False,False,False
main,Agglomerative-average,3.0,3,-1,continuous,19,286,9405,2.9511918274687856,17.14335681935327,14.512021373391597,36.52617815788724,48.39011259951244,57.00749638345982,False,False,False,False,False
main,Agglomerative-average,3.0,4,-1,continuous,18,290,9401,2.992467237643174,14.876815879390092,13.628789910221675,30.279916509830755,41.28846994623245,51.45261289887302,False,False,False,False,False
main,Agglomerative-average,3.0,5,-1,continuous,16,313,9378,3.2298008461459085,13.664700587417872,13.017250486532266,28.6214915660554,41.28846994623245,51.45261289887302,False,False,False,False,False
main,Agglomerative-average,3.0,6,-1,continuous,16,498,9193,5.138788566711382,10.895417422255063,10.36784310028962,21.717003048387213,27.477367985854567,37.89053521339129,False,False,False,False,False
main,Agglomerative-average,3.0,7,-1,continuous,14,794,8897,8.193168919616138,8.935608547378633,8.853596511298278,16.131294278871195,24.918776940982124,34.86600959988491,False,False,False,False,False
main,Agglomerative-average,3.0,8,-1,continuous,13,821,8870,8.471777938293261,8.724183591749648,8.737361441058896,15.82770205870707,22.33137739635082,30.727425808952784,False,False,False,False,False
main,Agglomerative-average,3.0,9,-1,continuous,11,766,8925,7.904241048395418,8.455956769015048,8.610123768830682,15.020568646583524,20.39270638792592,28.062875601084777,False,False,False,False,False
main,Agglomerative-average,3.0,10,-1,continuous,10,753,8938,7.770095965328656,8.348087055551549,8.582661072702482,14.446409600989,18.127987716493784,25.27620007575879,False,False,False,False,False
main,Agglomerative-average,3.0,11,-1,continuous,10,840,8851,8.667836136621608,8.18284018153693,8.402064787678771,14.012698529328373,18.127987716493784,25.27620007575879,False,False,False,False,False
main,Agglomerative-average,3.0,12,-1,continuous,9,902,8789,9.307604994324631,7.939657572051583,8.24654463189432,13.866799803002714,16.131294278871195,21.284670605437178,False,False,False,False,False
main,Agglomerative-average,3.0,13,-1,continuous,8,958,8733,9.885460736766072,7.861683213953462,8.21695083203251,13.408350707043105,16.131294278871195,21.284670605437178,False,False,False,False,False
main,Agglomerative-average,3.0,14,-1,continuous,7,987,8704,10.184707460530388,7.762025584489906,8.059561381131205,13.383345743864474,16.131294278871195,18.123691003342817,False,False,False,False,False
main,Agglomerative-average,3.0,15,-1,continuous,7,989,8702,10.205345165617583,7.758357680574337,8.075161421354144,13.383345743864474,16.131294278871195,16.131294278871195,False,False,False,False,False
main,Agglomerative-average,3.0,16,-1,continuous,7,1793,7898,18.501702610669692,6.108355867786305,5.33418281532678,12.489776729654853,14.147208257942635,15.59567751556931,False,False,False,False,False
main,Agglomerative-average,3.0,17,-1,continuous,6,1810,7881,18.677123103910844,6.080751766403683,5.33418281532678,12.476377669858033,14.147208257942635,15.264598378487985,False,False,False,False,False
main,Agglomerative-average,3.0,18,-1,continuous,6,2088,7603,21.545764111030852,5.608674585244473,4.788572009062122,11.7571823085408,13.739782713382876,15.264598378487985,False,False,False,False,False
main,Agglomerative-average,3.0,19,-1,continuous,6,2089,7602,21.55608296357445,5.606582263373343,4.788572009062122,11.7571823085408,13.739782713382876,15.028174073015018,False,False,False,False,False
main,Agglomerative-average,3.0,20,-1,continuous,6,2145,7546,22.13393870601589,5.37669572227993,4.66320430690904,10.993631897795147,13.739782713382876,15.028174073015018,False,False,False,False,False
main,Agglomerative-average,3.0,21,-1,continuous,6,2043,7648,21.081415746568982,5.140124251208212,4.61101598968782,10.310854781263936,11.959655788973164,12.800187193199797,False,False,False,False,False
main,Agglomerative-average,3.0,22,-1,continuous,6,2114,7577,21.81405427716438,5.082537795301607,4.604597663299725,10.310854781263936,11.934374202404692,12.598147455231135,False,False,False,False,False
main,Agglomerative-average,3.0,23,-1,continuous,5,2131,7560,21.989474770405533,5.053893579283417,4.587893218187099,10.310854781263936,11.55761042228986,12.598147455231135,False,False,False,False,False
main,Agglomerative-average,3.0,24,-1,continuous,5,2393,7298,24.693014136827983,4.561596715106918,4.408823631505559,9.426878849649029,11.472124793185078,12.598147455231135,False,False,False,False,False
main,Agglomerative-average,3.0,25,-1,continuous,4,2530,7161,26.106696935300796,4.3821166155209585,4.260490236144937,8.385381131915626,10.709667211316725,12.598147455231135,False,False,False,False,False
main,Agglomerative-average,3.0,26,-1,continuous,4,2554,7137,26.354349396347125,4.363955029829012,4.216943567355201,8.28152751266103,10.709667211316725,12.598147455231135,False,False,False,False,False
main,Agglomerative-average,3.0,27,-1,continuous,4,3052,6639,31.49313796305851,4.071899730114558,3.8699275216287456,7.714821352406675,9.764083880591677,12.156017938698778,False,False,False,False,False
main,Agglomerative-average,3.0,28,-1,continuous,4,3258,6433,33.61882158703952,3.905329931610999,3.759425042818546,7.244095536309953,9.11294173114528,10.999326247942642,False,False,False,False,False
main,Agglomerative-average,3.0,29,-1,continuous,4,3275,6416,33.794242080280675,3.891820466359835,3.7591562355280885,7.1124665644004486,8.82083436279977,10.999326247942642,False,False,False,False,False
main,Agglomerative-average,3.0,30,-1,continuous,4,3276,6415,33.80456093282427,3.887196154069051,3.757451545281461,7.1124665644004486,8.82083436279977,10.999326247942642,False,False,False,False,False
main,Agglomerative-average,3.0,31,-1,continuous,4,3320,6371,34.258590444742545,3.8528544325402887,3.7368146113299816,6.851064448832453,8.538942798390064,10.466489720462356,False,False,False,False,False
main,Agglomerative-average,3.0,32,-1,continuous,3,3326,6365,34.32050356000413,3.8423578569725145,3.7368146113299816,6.851064448832453,8.538942798390064,10.466489720462356,False,False,False,False,False
main,Agglomerative-average,3.0,33,-1,continuous,2,3395,6296,35.03250438551233,3.7856193686245163,3.6818876026821994,6.711704294801131,8.346968699847071,10.466489720462356,False,False,False,False,False
main,Agglomerative-average,3.0,34,-1,continuous,2,3406,6285,35.1460117634919,3.7737819257581817,3.6589698987170527,6.711704294801131,8.338637394682525,9.84878994268547,False,False,False,False,False
main,Agglomerative-average,3.0,35,-1,continuous,1,3515,6176,36.27076669074399,3.6797347044971063,3.626139830003187,6.53257559707606,7.944830879713228,9.340114652358038,False,False,False,False,False
main,Agglomerative-average,3.0,36,-1,continuous,1,3817,5874,39.38706015891033,3.5421643390719932,3.4837932354675996,6.53257559707606,7.714821352406675,9.340114652358038,False,False,False,False,False
main,Agglomerative-average,3.0,37,-1,continuous,1,3820,5871,39.41801671654112,3.5399001165505486,3.4824908284990417,6.53257559707606,7.714821352406675,9.340114652358038,False,False,False,False,False
main,Agglomerative-average,3.0,38,-1,continuous,1,3901,5790,40.25384377257249,3.507994645283261,3.4392687313459787,6.429777106794323,7.714821352406675,9.340114652358038,False,False,False,False,False
main,Agglomerative-average,3.0,39,-1,continuous,1,4092,5599,42.22474460839955,3.3987857393168834,3.336595433011452,6.3907846922487765,6.752987384132658,8.974275395140166,False,False,False,False,False
main,Agglomerative-average,3.0,40,-1,continuous,1,4456,5235,45.98080693426891,3.200262205590436,3.151454182836038,5.889616911216568,6.655953678940101,8.974275395140166,False,False,False,False,False
main,Agglomerative-average,3.0,41,-1,continuous,1,4473,5218,46.15622742751006,3.1774091325490015,3.1265329550210303,5.889616911216568,6.5766099487461425,8.974275395140166,False,False,False,False,False
main,Agglomerative-average,3.0,42,-1,continuous,1,4549,5142,46.94046022082345,3.133587248211865,3.0815305466609977,5.782446111969735,6.568104811739046,8.974275395140166,False,False,False,False,False
main,Agglomerative-average,3.0,43,-1,continuous,1,4559,5132,47.043648746259414,3.126806899727437,3.0771512566200654,5.782446111969735,6.541397923263205,8.974275395140166,False,False,False,False,False
main,Agglomerative-average,3.0,44,-1,continuous,1,4610,5081,47.56991022598287,3.0966942877865917,3.0701250666536857,5.562857553486088,6.412858466062452,8.974275395140166,False,False,False,False,False
main,Agglomerative-average,3.0,45,-1,continuous,1,4700,4991,48.49860695490661,3.0734926896892363,3.0513173984295676,5.425354774826384,6.376184731983627,8.216740069437929,False,False,False,False,False
main,Agglomerative-average,3.0,46,-1,continuous,1,4759,4932,49.10741925497884,3.0468453595141343,3.0465520383895837,5.401243053828238,6.376184731983627,8.216740069437929,False,False,False,False,False
main,Agglomerative-average,3.0,47,-1,continuous,1,4775,4916,49.2725208956764,3.036325796274203,3.0402684241906486,5.401243053828238,6.279119102063728,7.814980084503154,False,False,False,False,False
main,Agglomerative-average,3.0,48,-1,continuous,1,4857,4834,50.11866680425137,2.9682872258845343,2.989053966655534,5.223380611557858,6.122592764524508,7.814980084503154,False,False,False,False,False
main,Agglomerative-average,3.0,49,-1,continuous,1,4958,4733,51.16087091115468,2.9269823655555043,2.9545480818021512,5.0762052203526125,6.074588939724234,7.814980084503154,False,False,False,False,False
main,Agglomerative-average,3.0,50,-1,continuous,1,5076,4615,52.37849551129914,2.8838953776786025,2.9015168606674537,5.026890520186988,6.074588939724234,6.6061157974916425,False,False,False,False,False
main,Agglomerative-average,3.0,51,-1,continuous,1,5106,4585,52.68806108760706,2.8721200934734483,2.860634006391245,5.034774549185108,6.074588939724234,6.6061157974916425,False,False,False,False,False
main,Agglomerative-average,3.0,52,-1,continuous,1,5121,4570,52.84284387576101,2.8624624925793447,2.8572606551590796,5.026890520186988,6.074588939724234,6.6061157974916425,False,False,False,False,False
main,Agglomerative-average,3.0,53,-1,continuous,1,5924,3767,61.12888246826953,2.592813785533648,2.509739394628094,4.827381162382008,6.074588939724234,6.6061157974916425,False,False,False,False,False
main,Agglomerative-average,3.0,54,-1,continuous,1,5938,3753,61.27334640387989,2.587061810733775,2.497230489893489,4.827381162382008,6.074588939724234,6.6061157974916425,False,False,False,False,False
main,Agglomerative-average,3.0,55,-1,continuous,0,5952,3739,61.41781033949025,2.574120126669581,2.497230489893489,4.827381162382008,6.074588939724234,6.6061157974916425,False,False,False,False,False
main,Agglomerative-average,3.0,56,-1,continuous,0,6070,3621,62.63543493963471,2.5381683507935806,2.44551132555627,4.827381162382008,6.074588939724234,6.6061157974916425,False,False,False,False,False
main,Agglomerative-average,3.0,57,-1,continuous,0,6071,3620,62.64575379217831,2.537059019833501,2.44551132555627,4.827381162382008,6.074588939724234,6.6061157974916425,False,False,False,False,False
main,Agglomerative-average,3.0,58,-1,continuous,0,6149,3542,63.45062429057889,2.507673062292378,2.4322965662599145,4.82220886624762,6.074588939724234,6.6061157974916425,False,False,False,False,False
main,Agglomerative-average,3.0,59,-1,continuous,0,6478,3213,66.84552677742235,2.390644253490531,2.3917744573962647,4.458315125934264,6.074588939724234,6.6061157974916425,False,False,False,False,False
main,Agglomerative-average,3.0,60,-1,continuous,0,6554,3137,67.62975957073573,2.3700097312257684,2.376320300124211,4.447733315343407,6.074588939724234,6.6061157974916425,False,False,False,False,False
main,Agglomerative-average,3.0,61,-1,continuous,0,6896,2795,71.15880714064596,2.2700781708278557,2.2893101439203702,4.27498630764533,5.07790754061223,6.6061157974916425,False,False,False,False,False
main,Agglomerative-average,3.0,62,-1,continuous,0,6913,2778,71.33422763388711,2.258378862590715,2.2703204696820345,4.27498630764533,5.07790754061223,6.6061157974916425,False,False,False,False,False
main,Agglomerative-average,3.0,63,-1,continuous,0,6921,2770,71.4167784542359,2.252018914890468,2.2607503746687483,4.2266843426450365,5.07790754061223,6.3184556937964205,False,False,False,False,False
main,Agglomerative-average,3.0,64,-1,continuous,0,6941,2750,71.62315550510783,2.241016411589839,2.223449214841787,4.2266843426450365,5.07790754061223,6.3184556937964205,False,False,False,False,False
main,Agglomerative-average,3.0,65,-1,continuous,0,6977,2714,71.99463419667732,2.232599507337577,2.219015137979191,4.2266843426450365,5.07790754061223,6.3184556937964205,False,False,False,False,False
main,Agglomerative-average,3.0,66,-1,continuous,0,6985,2706,72.07718501702611,2.2284728456345224,2.219015137979191,4.2266843426450365,4.960483637438683,6.3184556937964205,False,False,False,False,False
main,Agglomerative-average,3.0,67,-1,continuous,0,7088,2603,73.14002682901662,2.198156983014296,2.1807939607495213,4.221607862283872,4.845975356970814,6.3184556937964205,False,False,False,False,False
main,Agglomerative-average,3.0,68,-1,continuous,0,7146,2545,73.73852027654524,2.1845296003727928,2.1657445594566505,4.1250777326403885,4.715188240259613,6.3184556937964205,False,False,False,False,False
main,Agglomerative-average,3.0,69,-1,continuous,0,7182,2509,74.10999896811475,2.175151746365234,2.1574845068740243,4.0756347498884615,4.594922403142545,6.151837255478808,False,False,False,False,False
main,Agglomerative-average,3.0,70,-1,continuous,0,7280,2411,75.12124651738726,2.149765817299231,2.1169750486379533,4.003640689895725,4.574236749069008,6.151837255478808,False,False,False,False,False
main,Agglomerative-average,3.0,71,-1,continuous,0,7346,2345,75.80229078526467,2.127261924368895,2.0677693144323674,3.929830120008898,4.510880951792637,6.151837255478808,False,False,False,False,False
main,Agglomerative-average,3.0,72,-1,continuous,0,7350,2341,75.84356619543907,2.1229020435429766,2.055043321392405,3.929830120008898,4.510880951792637,6.151837255478808,False,False,False,False,False
main,Agglomerative-average,3.0,73,-1,continuous,0,8270,1421,85.33691053554844,1.9023873474005157,1.7785243657310024,3.711202763536149,4.510880951792637,6.151837255478808,False,False,False,False,False
main,Agglomerative-average,3.0,74,-1,continuous,0,8273,1418,85.36786709317924,1.898542969318272,1.7785243657310024,3.711202763536149,4.510880951792637,6.070167755809706,False,False,False,False,False
main,Agglomerative-average,3.0,75,-1,continuous,0,8277,1414,85.40914250335362,1.8965983321897617,1.7785243657310024,3.701061131156907,4.510880951792637,6.070167755809706,False,False,False,False,False
main,Agglomerative-average,3.0,76,-1,continuous,0,8330,1361,85.95604168816428,1.8754512992510994,1.7695933504633765,3.680751768888459,4.474325978399838,6.070167755809706,False,False,False,False,False
main,Agglomerative-average,3.0,77,-1,continuous,0,8350,1341,86.16241873903621,1.8710265920149163,1.755401893024153,3.680751768888459,4.474325978399838,6.070167755809706,False,False,False,False,False
main,Agglomerative-average,3.0,78,-1,continuous,0,8450,1241,87.19430399339593,1.8456442992390585,1.7349100582268444,3.498729457991359,4.458315125934264,6.070167755809706,False,False,False,False,False
main,Agglomerative-average,3.0,79,-1,continuous,0,8457,1234,87.26653596120111,1.8429214027888179,1.7349100582268444,3.4896240717152778,4.458315125934264,6.070167755809706,False,False,False,False,False
main,Agglomerative-average,3.0,80,-1,continuous,0,8489,1202,87.59673924259623,1.8294905424460772,1.7316710679737055,3.437991407002272,4.458315125934264,6.070167755809706,False,False,False,False,False
main,Agglomerative-average,3.0,81,-1,continuous,0,8490,1201,87.60705809513982,1.8291269242033397,1.7316710679737055,3.437991407002272,4.458315125934264,6.070167755809706,False,False,False,False,False
main,Agglomerative-average,3.0,82,-1,continuous,0,8693,998,89.70178516149004,1.78149385048697,1.717959689217956,3.274300776942698,4.458315125934264,6.070167755809706,False,False,False,False,False
main,Agglomerative-average,3.0,83,-1,continuous,0,8930,761,92.14735321432256,1.7125461989332655,1.6684909394435494,3.122646551400562,3.8002380362871087,4.65998641001609,False,False,False,False,False
main,Agglomerative-average,3.0,84,-1,continuous,0,8945,746,92.30213600247653,1.7041915000418297,1.6603153101950783,3.1458089767907356,3.7488642662062803,4.65998641001609,False,False,False,False,False
main,Agglomerative-average,3.0,85,-1,continuous,0,8945,746,92.30213600247653,1.6582294042984005,1.5614510263524286,3.1458089767907356,3.7488642662062803,4.65998641001609,False,False,False,False,False
main,Agglomerative-average,3.0,86,-1,continuous,0,8955,736,92.4053245279125,1.6562422637267864,1.5593393825849664,3.1319345099837386,3.7488642662062803,4.65998641001609,False,False,False,False,False
main,Agglomerative-average,3.0,87,-1,continuous,0,8997,694,92.83871633474358,1.6459139080785317,1.5582617227321847,3.122646551400562,3.711202763536149,4.65998641001609,False,False,False,False,False
main,Agglomerative-average,3.0,88,-1,continuous,0,9001,690,92.87999174491796,1.6435749667774668,1.5582617227321847,3.122646551400562,3.711202763536149,4.65998641001609,False,False,False,False,False
main,Agglomerative-average,3.0,89,-1,continuous,0,9106,585,93.96347126199566,1.6149943587116862,1.5419886065517272,3.094070326983273,3.4896240717152778,4.65998641001609,False,False,False,False,False
main,Agglomerative-average,3.0,90,-1,continuous,0,9113,578,94.03570322980084,1.6139766004465,1.5419886065517272,3.0828622219868387,3.4896240717152778,4.65998641001609,False,False,False,False,False
main,Agglomerative-average,3.0,91,-1,continuous,0,9115,576,94.05634093488804,1.6127969970902267,1.5419886065517272,3.0828622219868387,3.4717877509847015,4.65998641001609,False,False,False,False,False
main,Agglomerative-average,3.0,92,-1,continuous,0,9125,566,94.15952946032401,1.6093713129079157,1.5419886065517272,3.046673536759157,3.444244071188757,4.65998641001609,False,False,False,False,False
main,Agglomerative-average,3.0,93,-1,continuous,0,9134,557,94.25239913321639,1.6036631113898967,1.5419886065517272,3.0451462401672735,3.437991407002272,4.65998641001609,False,False,False,False,False
main,Agglomerative-average,3.0,94,-1,continuous,0,9193,498,94.86121143328862,1.569726970148477,1.497908263800218,3.0108251579469067,3.4271117566805915,4.65998641001609,False,False,False,False,False
main,Agglomerative-average,3.0,95,-1,continuous,0,9195,496,94.88184913837581,1.5686623879275519,1.497908263800218,3.0108251579469067,3.4260188642915512,4.65998641001609,False,False,False,False,False
main,Agglomerative-average,3.0,96,-1,continuous,0,9147,544,94.38654421628316,1.5646524987294366,1.497908263800218,3.0326863782264724,3.406407555327308,4.65998641001609,False,False,False,False,False
main,Agglomerative-average,3.0,97,-1,continuous,0,9205,486,94.98503766381178,1.5540511701551172,1.487063957810696,3.004807101915167,3.2696822982933624,4.65998641001609,False,False,False,False,False
main,Agglomerative-average,3.0,98,-1,continuous,0,9206,485,94.99535651635539,1.5536967120767322,1.487063957810696,3.004807101915167,3.2692502478373693,4.65998641001609,False,False,False,False,False
main,Agglomerative-average,3.0,99,-1,continuous,0,9213,478,95.06758848416057,1.5449798967395507,1.4796854338267538,2.998413494359941,3.267474924527236,4.65998641001609,True,False,True,True,False
main,Agglomerative-average,5.0,1,-1,continuous,21,774,8917,7.986791868744196,18.042663746156027,14.629005418617778,42.168897169830835,54.527968353498565,78.96300548880382,False,False,False,False,False
main,Agglomerative-average,5.0,2,-1,continuous,21,774,8917,7.986791868744196,17.567072821864127,14.54084069916825,40.11320721461514,48.39011259951244,57.95196363829192,False,False,False,False,False
main,Agglomerative-average,5.0,3,-1,continuous,19,798,8893,8.234444329790527,17.14335681935327,14.512021373391597,36.52617815788724,48.39011259951244,57.00749638345982,False,False,False,False,False
main,Agglomerative-average,5.0,4,-1,continuous,18,849,8842,8.760705809513983,14.876815879390092,13.628789910221675,30.279916509830755,41.28846994623245,51.45261289887302,False,False,False,False,False
main,Agglomerative-average,5.0,5,-1,continuous,16,874,8817,9.018677123103911,13.664700587417872,13.017250486532266,28.6214915660554,41.28846994623245,51.45261289887302,False,False,False,False,False
main,Agglomerative-average,5.0,6,-1,continuous,16,1091,8600,11.257868125064492,10.895417422255063,10.36784310028962,21.717003048387213,27.477367985854567,37.89053521339129,False,False,False,False,False
main,Agglomerative-average,5.0,7,-1,continuous,13,1874,7817,19.337529666701062,8.935608547378633,8.853596511298278,16.131294278871195,24.918776940982124,34.86600959988491,False,False,False,False,False
main,Agglomerative-average,5.0,8,-1,continuous,12,1955,7736,20.173356722732432,8.724183591749648,8.737361441058896,15.82770205870707,22.33137739635082,30.727425808952784,False,False,False,False,False
main,Agglomerative-average,5.0,9,-1,continuous,8,1988,7703,20.513878856671138,8.455956769015048,8.610123768830682,15.020568646583524,20.39270638792592,28.062875601084777,False,False,False,False,False
main,Agglomerative-average,5.0,10,-1,continuous,7,1983,7708,20.462284593953154,8.348087055551549,8.582661072702482,14.446409600989,18.127987716493784,25.27620007575879,False,False,False,False,False
main,Agglomerative-average,5.0,11,-1,continuous,6,2087,7604,21.535445258487258,8.18284018153693,8.402064787678771,14.012698529328373,18.127987716493784,25.27620007575879,False,False,False,False,False
main,Agglomerative-average,5.0,12,-1,continuous,5,2543,7148,26.24084201836756,7.939657572051583,8.24654463189432,13.866799803002714,16.131294278871195,21.284670605437178,False,False,False,False,False
main,Agglomerative-average,5.0,13,-1,continuous,4,2610,7081,26.932205138788568,7.861683213953462,8.21695083203251,13.408350707043105,16.131294278871195,21.284670605437178,False,False,False,False,False
main,Agglomerative-average,5.0,14,-1,continuous,4,2688,7003,27.737075637189143,7.762025584489906,8.059561381131205,13.383345743864474,16.131294278871195,18.123691003342817,False,False,False,False,False
main,Agglomerative-average,5.0,15,-1,continuous,4,2684,7007,27.695800227014757,7.758357680574337,8.075161421354144,13.383345743864474,16.131294278871195,16.131294278871195,False,False,False,False,False
main,Agglomerative-average,5.0,16,-1,continuous,4,4563,5128,47.08492415643381,6.108355867786305,5.33418281532678,12.489776729654853,14.147208257942635,15.59567751556931,False,False,False,False,False
main,Agglomerative-average,5.0,17,-1,continuous,3,4578,5113,47.23970694458776,6.080751766403683,5.33418281532678,12.476377669858033,14.147208257942635,15.264598378487985,False,False,False,False,False
main,Agglomerative-average,5.0,18,-1,continuous,3,4993,4698,51.52203075018058,5.608674585244473,4.788572009062122,11.7571823085408,13.739782713382876,15.264598378487985,False,False,False,False,False
main,Agglomerative-average,5.0,19,-1,continuous,3,4994,4697,51.532349602724175,5.606582263373343,4.788572009062122,11.7571823085408,13.739782713382876,15.028174073015018,False,False,False,False,False
main,Agglomerative-average,5.0,20,-1,continuous,3,5202,4489,53.67867093179238,5.37669572227993,4.66320430690904,10.993631897795147,13.739782713382876,15.028174073015018,False,False,False,False,False
main,Agglomerative-average,5.0,21,-1,continuous,3,5408,4283,55.8043545557734,5.140124251208212,4.61101598968782,10.310854781263936,11.959655788973164,12.800187193199797,False,False,False,False,False
main,Agglomerative-average,5.0,22,-1,continuous,3,5490,4201,56.65050046434836,5.082537795301607,4.604597663299725,10.310854781263936,11.934374202404692,12.598147455231135,False,False,False,False,False
main,Agglomerative-average,5.0,23,-1,continuous,2,5520,4171,56.96006604065628,5.053893579283417,4.587893218187099,10.310854781263936,11.55761042228986,12.598147455231135,False,False,False,False,False
main,Agglomerative-average,5.0,24,-1,continuous,2,6230,3461,64.28645134661026,4.561596715106918,4.408823631505559,9.426878849649029,11.472124793185078,12.598147455231135,False,False,False,False,False
main,Agglomerative-average,5.0,25,-1,continuous,2,6429,3262,66.33990300278609,4.3821166155209585,4.260490236144937,8.385381131915626,10.709667211316725,12.598147455231135,False,False,False,False,False
main,Agglomerative-average,5.0,26,-1,continuous,2,6462,3229,66.68042513672479,4.363955029829012,4.216943567355201,8.28152751266103,10.709667211316725,12.598147455231135,False,False,False,False,False
main,Agglomerative-average,5.0,27,-1,continuous,2,6845,2846,70.6325456609225,4.071899730114558,3.8699275216287456,7.714821352406675,9.764083880591677,12.156017938698778,False,False,False,False,False
main,Agglomerative-average,5.0,28,-1,continuous,2,7086,2605,73.11938912392942,3.905329931610999,3.759425042818546,7.244095536309953,9.11294173114528,10.999326247942642,False,False,False,False,False
main,Agglomerative-average,5.0,29,-1,continuous,2,7110,2581,73.36704158497575,3.891820466359835,3.7591562355280885,7.1124665644004486,8.82083436279977,10.999326247942642,False,False,False,False,False
main,Agglomerative-average,5.0,30,-1,continuous,2,7126,2565,73.53214322567331,3.887196154069051,3.757451545281461,7.1124665644004486,8.82083436279977,10.999326247942642,False,False,False,False,False
main,Agglomerative-average,5.0,31,-1,continuous,2,7197,2494,74.2647817562687,3.8528544325402887,3.7368146113299816,6.851064448832453,8.538942798390064,10.466489720462356,False,False,False,False,False
main,Agglomerative-average,5.0,32,-1,continuous,1,7203,2488,74.32669487153028,3.8423578569725145,3.7368146113299816,6.851064448832453,8.538942798390064,10.466489720462356,False,False,False,False,False
main,Agglomerative-average,5.0,33,-1,continuous,0,7279,2412,75.11092766484367,3.7856193686245163,3.6818876026821994,6.711704294801131,8.346968699847071,10.466489720462356,False,False,False,False,False
main,Agglomerative-average,5.0,34,-1,continuous,0,7297,2394,75.29666701062841,3.7737819257581817,3.6589698987170527,6.711704294801131,8.338637394682525,9.84878994268547,False,False,False,False,False
main,Agglomerative-average,5.0,35,-1,continuous,0,7490,2201,77.28820555154267,3.6797347044971063,3.626139830003187,6.53257559707606,7.944830879713228,9.340114652358038,False,False,False,False,False
main,Agglomerative-average,5.0,36,-1,continuous,0,7843,1848,80.93076049943247,3.5421643390719932,3.4837932354675996,6.53257559707606,7.714821352406675,9.340114652358038,False,False,False,False,False
main,Agglomerative-average,5.0,37,-1,continuous,0,7846,1845,80.96171705706325,3.5399001165505486,3.4824908284990417,6.53257559707606,7.714821352406675,9.340114652358038,False,False,False,False,False
main,Agglomerative-average,5.0,38,-1,continuous,0,7900,1791,81.5189350944175,3.507994645283261,3.4392687313459787,6.429777106794323,7.714821352406675,9.340114652358038,False,False,False,False,False
main,Agglomerative-average,5.0,39,-1,continuous,0,7998,1693,82.53018264369003,3.3987857393168834,3.336595433011452,6.3907846922487765,6.752987384132658,8.974275395140166,False,False,False,False,False
main,Agglomerative-average,5.0,40,-1,continuous,0,8527,1164,87.98885563925292,3.200262205590436,3.151454182836038,5.889616911216568,6.655953678940101,8.974275395140166,False,False,False,False,False
main,Agglomerative-average,5.0,41,-1,continuous,0,8544,1147,88.16427613249407,3.1774091325490015,3.1265329550210303,5.889616911216568,6.5766099487461425,8.974275395140166,False,False,False,False,False
main,Agglomerative-average,5.0,42,-1,continuous,0,8652,1039,89.27871220720256,3.133587248211865,3.0815305466609977,5.782446111969735,6.568104811739046,8.974275395140166,False,False,False,False,False
main,Agglomerative-average,5.0,43,-1,continuous,0,8657,1034,89.33030646992054,3.126806899727437,3.0771512566200654,5.782446111969735,6.541397923263205,8.974275395140166,False,False,False,False,False
main,Agglomerative-average,5.0,44,-1,continuous,0,8736,955,90.14549582086472,3.0966942877865917,3.0701250666536857,5.562857553486088,6.412858466062452,8.974275395140166,False,False,False,False,False
main,Agglomerative-average,5.0,45,-1,continuous,0,8784,907,90.64080074295738,3.0734926896892363,3.0513173984295676,5.425354774826384,6.376184731983627,8.216740069437929,False,False,False,False,False
main,Agglomerative-average,5.0,46,-1,continuous,0,8830,861,91.11546795996286,3.0468453595141343,3.0465520383895837,5.401243053828238,6.376184731983627,8.216740069437929,False,False,False,False,False
main,Agglomerative-average,5.0,47,-1,continuous,0,8839,852,91.20833763285523,3.036325796274203,3.0402684241906486,5.401243053828238,6.279119102063728,7.814980084503154,False,False,False,False,False
main,Agglomerative-average,5.0,48,-1,continuous,0,9044,647,93.32370240429265,2.9682872258845343,2.989053966655534,5.223380611557858,6.122592764524508,7.814980084503154,False,False,False,False,False
main,Agglomerative-average,5.0,49,-1,continuous,0,9122,569,94.12857290269322,2.9269823655555043,2.9545480818021512,5.0762052203526125,6.074588939724234,7.814980084503154,False,False,False,False,False
main,Agglomerative-average,5.0,50,-1,continuous,0,9181,510,94.73738520276545,2.8838953776786025,2.9015168606674537,5.026890520186988,6.074588939724234,6.6061157974916425,False,False,False,False,False
main,Agglomerative-average,5.0,51,-1,continuous,0,9178,513,94.70642864513466,2.8721200934734483,2.860634006391245,5.034774549185108,6.074588939724234,6.6061157974916425,False,False,False,False,False
main,Agglomerative-average,5.0,52,-1,continuous,0,9188,503,94.80961717057063,2.8624624925793447,2.8572606551590796,5.026890520186988,6.074588939724234,6.6061157974916425,False,False,False,False,False
main,Agglomerative-average,5.0,53,-1,continuous,0,9320,371,96.17170570632545,2.592813785533648,2.509739394628094,4.827381162382008,6.074588939724234,6.6061157974916425,True,False,False,True,False
main,Agglomerative-average,5.0,54,-1,continuous,0,9320,371,96.17170570632545,2.587061810733775,2.497230489893489,4.827381162382008,6.074588939724234,6.6061157974916425,True,False,False,False,False
main,Agglomerative-average,5.0,55,-1,continuous,0,9328,363,96.25425652667424,2.574120126669581,2.497230489893489,4.827381162382008,6.074588939724234,6.6061157974916425,True,False,False,False,False
main,Agglomerative-average,5.0,56,-1,continuous,0,9337,354,96.3471261995666,2.5381683507935806,2.44551132555627,4.827381162382008,6.074588939724234,6.6061157974916425,True,False,False,False,False
main,Agglomerative-average,5.0,57,-1,continuous,0,9339,352,96.3677639046538,2.537059019833501,2.44551132555627,4.827381162382008,6.074588939724234,6.6061157974916425,True,False,False,False,False
main,Agglomerative-average,5.0,58,-1,continuous,0,9360,331,96.58445980806934,2.507673062292378,2.4322965662599145,4.82220886624762,6.074588939724234,6.6061157974916425,True,False,False,False,False
main,Agglomerative-average,5.0,59,-1,continuous,0,9457,234,97.58538850479826,2.390644253490531,2.3917744573962647,4.458315125934264,6.074588939724234,6.6061157974916425,True,False,False,False,False
main,Agglomerative-average,5.0,60,-1,continuous,0,9472,219,97.74017129295223,2.3700097312257684,2.376320300124211,4.447733315343407,6.074588939724234,6.6061157974916425,True,False,False,False,False
main,Agglomerative-average,5.0,61,-1,continuous,0,9588,103,98.93715818800949,2.2700781708278557,2.2893101439203702,4.27498630764533,5.07790754061223,6.6061157974916425,True,False,False,False,False
main,Agglomerative-average,5.0,62,-1,continuous,0,9588,103,98.93715818800949,2.258378862590715,2.2703204696820345,4.27498630764533,5.07790754061223,6.6061157974916425,True,False,False,False,False
main,Agglomerative-average,5.0,63,-1,continuous,0,9592,99,98.97843359818388,2.252018914890468,2.2607503746687483,4.2266843426450365,5.07790754061223,6.3184556937964205,True,False,False,True,False
main,Agglomerative-average,5.0,64,-1,continuous,0,9593,98,98.98875245072747,2.241016411589839,2.223449214841787,4.2266843426450365,5.07790754061223,6.3184556937964205,True,False,False,False,False
main,Agglomerative-average,5.0,65,-1,continuous,0,9593,98,98.98875245072747,2.232599507337577,2.219015137979191,4.2266843426450365,5.07790754061223,6.3184556937964205,True,False,False,False,False
main,Agglomerative-average,5.0,66,-1,continuous,0,9599,92,99.05066556598906,2.2284728456345224,2.219015137979191,4.2266843426450365,4.960483637438683,6.3184556937964205,True,False,False,False,False
main,Agglomerative-average,5.0,67,-1,continuous,0,9610,81,99.16417294396864,2.198156983014296,2.1807939607495213,4.221607862283872,4.845975356970814,6.3184556937964205,True,False,False,False,False
main,Agglomerative-average,5.0,68,-1,continuous,0,9626,65,99.32927458466618,2.1845296003727928,2.1657445594566505,4.1250777326403885,4.715188240259613,6.3184556937964205,True,False,False,False,False
main,Agglomerative-average,5.0,69,-1,continuous,0,9637,54,99.44278196264575,2.175151746365234,2.1574845068740243,4.0756347498884615,4.594922403142545,6.151837255478808,True,False,False,True,False
main,Agglomerative-average,5.0,70,-1,continuous,0,9637,54,99.44278196264575,2.149765817299231,2.1169750486379533,4.003640689895725,4.574236749069008,6.151837255478808,True,False,False,False,False
main,Agglomerative-average,5.0,71,-1,continuous,0,9641,50,99.48405737282015,2.127261924368895,2.0677693144323674,3.929830120008898,4.510880951792637,6.151837255478808,True,False,False,False,False
main,Agglomerative-average,5.0,72,-1,continuous,0,9641,50,99.48405737282015,2.1229020435429766,2.055043321392405,3.929830120008898,4.510880951792637,6.151837255478808,True,False,False,False,False
main,Agglomerative-average,5.0,73,-1,continuous,0,9641,50,99.48405737282015,1.9023873474005157,1.7785243657310024,3.711202763536149,4.510880951792637,6.151837255478808,True,False,False,False,False
main,Agglomerative-average,5.0,74,-1,continuous,0,9645,46,99.52533278299452,1.898542969318272,1.7785243657310024,3.711202763536149,4.510880951792637,6.070167755809706,True,False,False,True,False
main,Agglomerative-average,5.0,75,-1,continuous,0,9648,43,99.55628934062533,1.8965983321897617,1.7785243657310024,3.701061131156907,4.510880951792637,6.070167755809706,True,False,False,False,False
main,Agglomerative-average,5.0,76,-1,continuous,0,9652,39,99.5975647507997,1.8754512992510994,1.7695933504633765,3.680751768888459,4.474325978399838,6.070167755809706,True,False,False,False,False
main,Agglomerative-average,5.0,77,-1,continuous,0,9657,34,99.6491590135177,1.8710265920149163,1.755401893024153,3.680751768888459,4.474325978399838,6.070167755809706,True,False,False,False,False
main,Agglomerative-average,5.0,78,-1,continuous,0,9667,24,99.75234753895367,1.8456442992390585,1.7349100582268444,3.498729457991359,4.458315125934264,6.070167755809706,True,False,False,False,False
main,Agglomerative-average,5.0,79,-1,continuous,0,9667,24,99.75234753895367,1.8429214027888179,1.7349100582268444,3.4896240717152778,4.458315125934264,6.070167755809706,True,False,False,False,False
main,Agglomerative-average,5.0,80,-1,continuous,0,9668,23,99.76266639149726,1.8294905424460772,1.7316710679737055,3.437991407002272,4.458315125934264,6.070167755809706,True,False,False,False,False
main,Agglomerative-average,5.0,81,-1,continuous,0,9668,23,99.76266639149726,1.8291269242033397,1.7316710679737055,3.437991407002272,4.458315125934264,6.070167755809706,True,False,False,False,False
main,Agglomerative-average,5.0,82,-1,continuous,0,9670,21,99.78330409658446,1.78149385048697,1.717959689217956,3.274300776942698,4.458315125934264,6.070167755809706,True,False,False,False,False
main,Agglomerative-average,5.0,83,-1,continuous,0,9691,0,100.0,1.7125461989332655,1.6684909394435494,3.122646551400562,3.8002380362871087,4.65998641001609,True,False,True,True,False
main,Agglomerative-average,5.0,84,-1,continuous,0,9691,0,100.0,1.7041915000418297,1.6603153101950783,3.1458089767907356,3.7488642662062803,4.65998641001609,True,False,True,False,False
main,Agglomerative-average,5.0,85,-1,continuous,0,9691,0,100.0,1.6582294042984005,1.5614510263524286,3.1458089767907356,3.7488642662062803,4.65998641001609,True,False,False,False,False
main,Agglomerative-average,5.0,86,-1,continuous,0,9691,0,100.0,1.6562422637267864,1.5593393825849664,3.1319345099837386,3.7488642662062803,4.65998641001609,True,False,False,False,False
main,Agglomerative-average,5.0,87,-1,continuous,0,9691,0,100.0,1.6459139080785317,1.5582617227321847,3.122646551400562,3.711202763536149,4.65998641001609,True,False,True,False,False
main,Agglomerative-average,5.0,88,-1,continuous,0,9691,0,100.0,1.6435749667774668,1.5582617227321847,3.122646551400562,3.711202763536149,4.65998641001609,True,False,False,False,False
main,Agglomerative-average,5.0,89,-1,continuous,0,9691,0,100.0,1.6149943587116862,1.5419886065517272,3.094070326983273,3.4896240717152778,4.65998641001609,True,False,True,False,False
main,Agglomerative-average,5.0,90,-1,continuous,0,9691,0,100.0,1.6139766004465,1.5419886065517272,3.0828622219868387,3.4896240717152778,4.65998641001609,True,False,False,False,False
main,Agglomerative-average,5.0,91,-1,continuous,0,9691,0,100.0,1.6127969970902267,1.5419886065517272,3.0828622219868387,3.4717877509847015,4.65998641001609,True,False,True,False,False
main,Agglomerative-average,5.0,92,-1,continuous,0,9691,0,100.0,1.6093713129079157,1.5419886065517272,3.046673536759157,3.444244071188757,4.65998641001609,True,False,True,False,False
main,Agglomerative-average,5.0,93,-1,continuous,0,9691,0,100.0,1.6036631113898967,1.5419886065517272,3.0451462401672735,3.437991407002272,4.65998641001609,True,False,True,False,False
main,Agglomerative-average,5.0,94,-1,continuous,0,9691,0,100.0,1.569726970148477,1.497908263800218,3.0108251579469067,3.4271117566805915,4.65998641001609,True,False,True,False,False
main,Agglomerative-average,5.0,95,-1,continuous,0,9691,0,100.0,1.5686623879275519,1.497908263800218,3.0108251579469067,3.4260188642915512,4.65998641001609,True,False,True,False,False
main,Agglomerative-average,5.0,96,-1,continuous,0,9691,0,100.0,1.5646524987294366,1.497908263800218,3.0326863782264724,3.406407555327308,4.65998641001609,True,False,True,False,False
main,Agglomerative-average,5.0,97,-1,continuous,0,9691,0,100.0,1.5540511701551172,1.487063957810696,3.004807101915167,3.2696822982933624,4.65998641001609,True,False,True,False,False
main,Agglomerative-average,5.0,98,-1,continuous,0,9691,0,100.0,1.5536967120767322,1.487063957810696,3.004807101915167,3.2692502478373693,4.65998641001609,True,False,True,False,False
main,Agglomerative-average,5.0,99,-1,continuous,0,9691,0,100.0,1.5449798967395507,1.4796854338267538,2.998413494359941,3.267474924527236,4.65998641001609,True,False,True,False,False
main,Agglomerative-average,10.0,1,-1,continuous,20,2478,7213,25.570116603033743,18.042663746156027,14.629005418617778,42.168897169830835,54.527968353498565,78.96300548880382,False,False,False,False,False
main,Agglomerative-average,10.0,2,-1,continuous,20,2459,7232,25.374058404705398,17.567072821864127,14.54084069916825,40.11320721461514,48.39011259951244,57.95196363829192,False,False,False,False,False
main,Agglomerative-average,10.0,3,-1,continuous,18,2493,7198,25.7248993911877,17.14335681935327,14.512021373391597,36.52617815788724,48.39011259951244,57.00749638345982,False,False,False,False,False
main,Agglomerative-average,10.0,4,-1,continuous,17,2596,7095,26.787741203178207,14.876815879390092,13.628789910221675,30.279916509830755,41.28846994623245,51.45261289887302,False,False,False,False,False
main,Agglomerative-average,10.0,5,-1,continuous,14,3535,6156,36.47714374161593,13.664700587417872,13.017250486532266,28.6214915660554,41.28846994623245,51.45261289887302,False,False,False,False,False
main,Agglomerative-average,10.0,6,-1,continuous,14,4779,4912,49.313796305850786,10.895417422255063,10.36784310028962,21.717003048387213,27.477367985854567,37.89053521339129,False,False,False,False,False
main,Agglomerative-average,10.0,7,-1,continuous,8,6252,3439,64.5134661025694,8.935608547378633,8.853596511298278,16.131294278871195,24.918776940982124,34.86600959988491,False,False,False,False,False
main,Agglomerative-average,10.0,8,-1,continuous,6,6266,3425,64.65793003817976,8.724183591749648,8.737361441058896,15.82770205870707,22.33137739635082,30.727425808952784,False,False,False,False,False
main,Agglomerative-average,10.0,9,-1,continuous,4,6386,3305,65.89619234341141,8.455956769015048,8.610123768830682,15.020568646583524,20.39270638792592,28.062875601084777,False,False,False,False,False
main,Agglomerative-average,10.0,10,-1,continuous,3,6463,3228,66.6907439892684,8.348087055551549,8.582661072702482,14.446409600989,18.127987716493784,25.27620007575879,False,False,False,False,False
main,Agglomerative-average,10.0,11,-1,continuous,3,6597,3094,68.07347023011042,8.18284018153693,8.402064787678771,14.012698529328373,18.127987716493784,25.27620007575879,False,False,False,False,False
main,Agglomerative-average,10.0,12,-1,continuous,3,6698,2993,69.11567433701373,7.939657572051583,8.24654463189432,13.866799803002714,16.131294278871195,21.284670605437178,False,False,False,False,False
main,Agglomerative-average,10.0,13,-1,continuous,2,6744,2947,69.59034155401919,7.861683213953462,8.21695083203251,13.408350707043105,16.131294278871195,21.284670605437178,False,False,False,False,False
main,Agglomerative-average,10.0,14,-1,continuous,1,6840,2851,70.58095139820452,7.762025584489906,8.059561381131205,13.383345743864474,16.131294278871195,18.123691003342817,False,False,False,False,False
main,Agglomerative-average,10.0,15,-1,continuous,1,6842,2849,70.60158910329172,7.758357680574337,8.075161421354144,13.383345743864474,16.131294278871195,16.131294278871195,False,False,False,False,False
main,Agglomerative-average,10.0,16,-1,continuous,1,8152,1539,84.11928593540398,6.108355867786305,5.33418281532678,12.489776729654853,14.147208257942635,15.59567751556931,False,False,False,False,False
main,Agglomerative-average,10.0,17,-1,continuous,1,8179,1512,84.39789495408111,6.080751766403683,5.33418281532678,12.476377669858033,14.147208257942635,15.264598378487985,False,False,False,False,False
main,Agglomerative-average,10.0,18,-1,continuous,1,8600,1091,88.74213187493551,5.608674585244473,4.788572009062122,11.7571823085408,13.739782713382876,15.264598378487985,False,False,False,False,False
main,Agglomerative-average,10.0,19,-1,continuous,1,8601,1090,88.7524507274791,5.606582263373343,4.788572009062122,11.7571823085408,13.739782713382876,15.028174073015018,False,False,False,False,False
main,Agglomerative-average,10.0,20,-1,continuous,1,8807,884,90.87813435146012,5.37669572227993,4.66320430690904,10.993631897795147,13.739782713382876,15.028174073015018,False,False,False,False,False
main,Agglomerative-average,10.0,21,-1,continuous,1,9066,625,93.55071716025178,5.140124251208212,4.61101598968782,10.310854781263936,11.959655788973164,12.800187193199797,False,False,False,False,False
main,Agglomerative-average,10.0,22,-1,continuous,1,9076,615,93.65390568568775,5.082537795301607,4.604597663299725,10.310854781263936,11.934374202404692,12.598147455231135,False,False,False,False,False
main,Agglomerative-average,10.0,23,-1,continuous,1,9105,586,93.95315240945207,5.053893579283417,4.587893218187099,10.310854781263936,11.55761042228986,12.598147455231135,False,False,False,False,False
main,Agglomerative-average,10.0,24,-1,continuous,1,9364,327,96.62573521824373,4.561596715106918,4.408823631505559,9.426878849649029,11.472124793185078,12.598147455231135,True,False,False,True,False
main,Agglomerative-average,10.0,25,-1,continuous,1,9525,166,98.28707047776287,4.3821166155209585,4.260490236144937,8.385381131915626,10.709667211316725,12.598147455231135,True,False,False,False,False
main,Agglomerative-average,10.0,26,-1,continuous,1,9525,166,98.28707047776287,4.363955029829012,4.216943567355201,8.28152751266103,10.709667211316725,12.598147455231135,True,False,False,False,False
main,Agglomerative-average,10.0,27,-1,continuous,1,9610,81,99.16417294396864,4.071899730114558,3.8699275216287456,7.714821352406675,9.764083880591677,12.156017938698778,True,False,False,True,False
main,Agglomerative-average,10.0,28,-1,continuous,1,9653,38,99.60788360334331,3.905329931610999,3.759425042818546,7.244095536309953,9.11294173114528,10.999326247942642,True,False,True,True,False
main,Agglomerative-average,10.0,29,-1,continuous,1,9653,38,99.60788360334331,3.891820466359835,3.7591562355280885,7.1124665644004486,8.82083436279977,10.999326247942642,True,False,False,False,False
main,Agglomerative-average,10.0,30,-1,continuous,1,9653,38,99.60788360334331,3.887196154069051,3.757451545281461,7.1124665644004486,8.82083436279977,10.999326247942642,True,False,False,False,False
main,Agglomerative-average,10.0,31,-1,continuous,1,9655,36,99.6285213084305,3.8528544325402887,3.7368146113299816,6.851064448832453,8.538942798390064,10.466489720462356,True,False,False,True,False
main,Agglomerative-average,10.0,32,-1,continuous,1,9655,36,99.6285213084305,3.8423578569725145,3.7368146113299816,6.851064448832453,8.538942798390064,10.466489720462356,True,False,False,False,False
main,Agglomerative-average,10.0,33,-1,continuous,0,9690,1,99.98968114745641,3.7856193686245163,3.6818876026821994,6.711704294801131,8.346968699847071,10.466489720462356,True,False,False,False,False
main,Agglomerative-average,10.0,34,-1,continuous,0,9691,0,100.0,3.7737819257581817,3.6589698987170527,6.711704294801131,8.338637394682525,9.84878994268547,True,False,False,True,False
main,Agglomerative-average,10.0,35,-1,continuous,0,9691,0,100.0,3.6797347044971063,3.626139830003187,6.53257559707606,7.944830879713228,9.340114652358038,True,False,False,True,False
main,Agglomerative-average,10.0,36,-1,continuous,0,9691,0,100.0,3.5421643390719932,3.4837932354675996,6.53257559707606,7.714821352406675,9.340114652358038,True,False,False,False,False
main,Agglomerative-average,10.0,37,-1,continuous,0,9691,0,100.0,3.5399001165505486,3.4824908284990417,6.53257559707606,7.714821352406675,9.340114652358038,True,False,False,False,False
main,Agglomerative-average,10.0,38,-1,continuous,0,9691,0,100.0,3.507994645283261,3.4392687313459787,6.429777106794323,7.714821352406675,9.340114652358038,True,False,False,False,False
main,Agglomerative-average,10.0,39,-1,continuous,0,9691,0,100.0,3.3987857393168834,3.336595433011452,6.3907846922487765,6.752987384132658,8.974275395140166,True,False,False,False,False
main,Agglomerative-average,10.0,40,-1,continuous,0,9691,0,100.0,3.200262205590436,3.151454182836038,5.889616911216568,6.655953678940101,8.974275395140166,True,False,False,False,False
main,Agglomerative-average,10.0,41,-1,continuous,0,9691,0,100.0,3.1774091325490015,3.1265329550210303,5.889616911216568,6.5766099487461425,8.974275395140166,True,False,False,False,False
main,Agglomerative-average,10.0,42,-1,continuous,0,9691,0,100.0,3.133587248211865,3.0815305466609977,5.782446111969735,6.568104811739046,8.974275395140166,True,False,False,False,False
main,Agglomerative-average,10.0,43,-1,continuous,0,9691,0,100.0,3.126806899727437,3.0771512566200654,5.782446111969735,6.541397923263205,8.974275395140166,True,False,False,False,False
main,Agglomerative-average,10.0,44,-1,continuous,0,9691,0,100.0,3.0966942877865917,3.0701250666536857,5.562857553486088,6.412858466062452,8.974275395140166,True,False,False,False,False
main,Agglomerative-average,10.0,45,-1,continuous,0,9691,0,100.0,3.0734926896892363,3.0513173984295676,5.425354774826384,6.376184731983627,8.216740069437929,True,False,False,True,False
main,Agglomerative-average,10.0,46,-1,continuous,0,9691,0,100.0,3.0468453595141343,3.0465520383895837,5.401243053828238,6.376184731983627,8.216740069437929,True,False,False,False,False
main,Agglomerative-average,10.0,47,-1,continuous,0,9691,0,100.0,3.036325796274203,3.0402684241906486,5.401243053828238,6.279119102063728,7.814980084503154,True,False,False,True,False
main,Agglomerative-average,10.0,48,-1,continuous,0,9691,0,100.0,2.9682872258845343,2.989053966655534,5.223380611557858,6.122592764524508,7.814980084503154,True,False,False,False,False
main,Agglomerative-average,10.0,49,-1,continuous,0,9691,0,100.0,2.9269823655555043,2.9545480818021512,5.0762052203526125,6.074588939724234,7.814980084503154,True,False,False,False,False
main,Agglomerative-average,10.0,50,-1,continuous,0,9691,0,100.0,2.8838953776786025,2.9015168606674537,5.026890520186988,6.074588939724234,6.6061157974916425,True,False,False,True,False
main,Agglomerative-average,10.0,51,-1,continuous,0,9691,0,100.0,2.8721200934734483,2.860634006391245,5.034774549185108,6.074588939724234,6.6061157974916425,True,False,False,False,False
main,Agglomerative-average,10.0,52,-1,continuous,0,9691,0,100.0,2.8624624925793447,2.8572606551590796,5.026890520186988,6.074588939724234,6.6061157974916425,True,False,False,False,False
main,Agglomerative-average,10.0,53,-1,continuous,0,9691,0,100.0,2.592813785533648,2.509739394628094,4.827381162382008,6.074588939724234,6.6061157974916425,True,False,False,False,False
main,Agglomerative-average,10.0,54,-1,continuous,0,9691,0,100.0,2.587061810733775,2.497230489893489,4.827381162382008,6.074588939724234,6.6061157974916425,True,False,False,False,False
main,Agglomerative-average,10.0,55,-1,continuous,0,9691,0,100.0,2.574120126669581,2.497230489893489,4.827381162382008,6.074588939724234,6.6061157974916425,True,False,False,False,False
main,Agglomerative-average,10.0,56,-1,continuous,0,9691,0,100.0,2.5381683507935806,2.44551132555627,4.827381162382008,6.074588939724234,6.6061157974916425,True,False,False,False,False
main,Agglomerative-average,10.0,57,-1,continuous,0,9691,0,100.0,2.537059019833501,2.44551132555627,4.827381162382008,6.074588939724234,6.6061157974916425,True,False,False,False,False
main,Agglomerative-average,10.0,58,-1,continuous,0,9691,0,100.0,2.507673062292378,2.4322965662599145,4.82220886624762,6.074588939724234,6.6061157974916425,True,False,False,False,False
main,Agglomerative-average,10.0,59,-1,continuous,0,9691,0,100.0,2.390644253490531,2.3917744573962647,4.458315125934264,6.074588939724234,6.6061157974916425,True,False,False,False,False
main,Agglomerative-average,10.0,60,-1,continuous,0,9691,0,100.0,2.3700097312257684,2.376320300124211,4.447733315343407,6.074588939724234,6.6061157974916425,True,False,False,False,False
main,Agglomerative-average,10.0,61,-1,continuous,0,9691,0,100.0,2.2700781708278557,2.2893101439203702,4.27498630764533,5.07790754061223,6.6061157974916425,True,False,False,False,False
main,Agglomerative-average,10.0,62,-1,continuous,0,9691,0,100.0,2.258378862590715,2.2703204696820345,4.27498630764533,5.07790754061223,6.6061157974916425,True,False,False,False,False
main,Agglomerative-average,10.0,63,-1,continuous,0,9691,0,100.0,2.252018914890468,2.2607503746687483,4.2266843426450365,5.07790754061223,6.3184556937964205,True,False,False,True,False
main,Agglomerative-average,10.0,64,-1,continuous,0,9691,0,100.0,2.241016411589839,2.223449214841787,4.2266843426450365,5.07790754061223,6.3184556937964205,True,False,False,False,False
main,Agglomerative-average,10.0,65,-1,continuous,0,9691,0,100.0,2.232599507337577,2.219015137979191,4.2266843426450365,5.07790754061223,6.3184556937964205,True,False,False,False,False
main,Agglomerative-average,10.0,66,-1,continuous,0,9691,0,100.0,2.2284728456345224,2.219015137979191,4.2266843426450365,4.960483637438683,6.3184556937964205,True,False,False,False,False
main,Agglomerative-average,10.0,67,-1,continuous,0,9691,0,100.0,2.198156983014296,2.1807939607495213,4.221607862283872,4.845975356970814,6.3184556937964205,True,False,False,False,False
main,Agglomerative-average,10.0,68,-1,continuous,0,9691,0,100.0,2.1845296003727928,2.1657445594566505,4.1250777326403885,4.715188240259613,6.3184556937964205,True,False,False,False,False
main,Agglomerative-average,10.0,69,-1,continuous,0,9691,0,100.0,2.175151746365234,2.1574845068740243,4.0756347498884615,4.594922403142545,6.151837255478808,True,False,False,True,False
main,Agglomerative-average,10.0,70,-1,continuous,0,9691,0,100.0,2.149765817299231,2.1169750486379533,4.003640689895725,4.574236749069008,6.151837255478808,True,False,False,False,False
main,Agglomerative-average,10.0,71,-1,continuous,0,9691,0,100.0,2.127261924368895,2.0677693144323674,3.929830120008898,4.510880951792637,6.151837255478808,True,False,False,False,False
main,Agglomerative-average,10.0,72,-1,continuous,0,9691,0,100.0,2.1229020435429766,2.055043321392405,3.929830120008898,4.510880951792637,6.151837255478808,True,False,False,False,False
main,Agglomerative-average,10.0,73,-1,continuous,0,9691,0,100.0,1.9023873474005157,1.7785243657310024,3.711202763536149,4.510880951792637,6.151837255478808,True,False,False,False,False
main,Agglomerative-average,10.0,74,-1,continuous,0,9691,0,100.0,1.898542969318272,1.7785243657310024,3.711202763536149,4.510880951792637,6.070167755809706,True,False,False,True,False
main,Agglomerative-average,10.0,75,-1,continuous,0,9691,0,100.0,1.8965983321897617,1.7785243657310024,3.701061131156907,4.510880951792637,6.070167755809706,True,False,False,False,False
main,Agglomerative-average,10.0,76,-1,continuous,0,9691,0,100.0,1.8754512992510994,1.7695933504633765,3.680751768888459,4.474325978399838,6.070167755809706,True,False,False,False,False
main,Agglomerative-average,10.0,77,-1,continuous,0,9691,0,100.0,1.8710265920149163,1.755401893024153,3.680751768888459,4.474325978399838,6.070167755809706,True,False,False,False,False
main,Agglomerative-average,10.0,78,-1,continuous,0,9691,0,100.0,1.8456442992390585,1.7349100582268444,3.498729457991359,4.458315125934264,6.070167755809706,True,False,False,False,False
main,Agglomerative-average,10.0,79,-1,continuous,0,9691,0,100.0,1.8429214027888179,1.7349100582268444,3.4896240717152778,4.458315125934264,6.070167755809706,True,False,False,False,False
main,Agglomerative-average,10.0,80,-1,continuous,0,9691,0,100.0,1.8294905424460772,1.7316710679737055,3.437991407002272,4.458315125934264,6.070167755809706,True,False,False,False,False
main,Agglomerative-average,10.0,81,-1,continuous,0,9691,0,100.0,1.8291269242033397,1.7316710679737055,3.437991407002272,4.458315125934264,6.070167755809706,True,False,False,False,False
main,Agglomerative-average,10.0,82,-1,continuous,0,9691,0,100.0,1.78149385048697,1.717959689217956,3.274300776942698,4.458315125934264,6.070167755809706,True,False,False,False,False
main,Agglomerative-average,10.0,83,-1,continuous,0,9691,0,100.0,1.7125461989332655,1.6684909394435494,3.122646551400562,3.8002380362871087,4.65998641001609,True,False,True,True,False
main,Agglomerative-average,10.0,84,-1,continuous,0,9691,0,100.0,1.7041915000418297,1.6603153101950783,3.1458089767907356,3.7488642662062803,4.65998641001609,True,False,True,False,False
main,Agglomerative-average,10.0,85,-1,continuous,0,9691,0,100.0,1.6582294042984005,1.5614510263524286,3.1458089767907356,3.7488642662062803,4.65998641001609,True,False,False,False,False
main,Agglomerative-average,10.0,86,-1,continuous,0,9691,0,100.0,1.6562422637267864,1.5593393825849664,3.1319345099837386,3.7488642662062803,4.65998641001609,True,False,False,False,False
main,Agglomerative-average,10.0,87,-1,continuous,0,9691,0,100.0,1.6459139080785317,1.5582617227321847,3.122646551400562,3.711202763536149,4.65998641001609,True,False,True,False,False
main,Agglomerative-average,10.0,88,-1,continuous,0,9691,0,100.0,1.6435749667774668,1.5582617227321847,3.122646551400562,3.711202763536149,4.65998641001609,True,False,False,False,False
main,Agglomerative-average,10.0,89,-1,continuous,0,9691,0,100.0,1.6149943587116862,1.5419886065517272,3.094070326983273,3.4896240717152778,4.65998641001609,True,False,True,False,False
main,Agglomerative-average,10.0,90,-1,continuous,0,9691,0,100.0,1.6139766004465,1.5419886065517272,3.0828622219868387,3.4896240717152778,4.65998641001609,True,False,False,False,False
main,Agglomerative-average,10.0,91,-1,continuous,0,9691,0,100.0,1.6127969970902267,1.5419886065517272,3.0828622219868387,3.4717877509847015,4.65998641001609,True,False,True,False,False
main,Agglomerative-average,10.0,92,-1,continuous,0,9691,0,100.0,1.6093713129079157,1.5419886065517272,3.046673536759157,3.444244071188757,4.65998641001609,True,False,True,False,False
main,Agglomerative-average,10.0,93,-1,continuous,0,9691,0,100.0,1.6036631113898967,1.5419886065517272,3.0451462401672735,3.437991407002272,4.65998641001609,True,False,True,False,False
main,Agglomerative-average,10.0,94,-1,continuous,0,9691,0,100.0,1.569726970148477,1.497908263800218,3.0108251579469067,3.4271117566805915,4.65998641001609,True,False,True,False,False
main,Agglomerative-average,10.0,95,-1,continuous,0,9691,0,100.0,1.5686623879275519,1.497908263800218,3.0108251579469067,3.4260188642915512,4.65998641001609,True,False,True,False,False
main,Agglomerative-average,10.0,96,-1,continuous,0,9691,0,100.0,1.5646524987294366,1.497908263800218,3.0326863782264724,3.406407555327308,4.65998641001609,True,False,True,False,False
main,Agglomerative-average,10.0,97,-1,continuous,0,9691,0,100.0,1.5540511701551172,1.487063957810696,3.004807101915167,3.2696822982933624,4.65998641001609,True,False,True,False,False
main,Agglomerative-average,10.0,98,-1,continuous,0,9691,0,100.0,1.5536967120767322,1.487063957810696,3.004807101915167,3.2692502478373693,4.65998641001609,True,False,True,False,False
main,Agglomerative-average,10.0,99,-1,continuous,0,9691,0,100.0,1.5449798967395507,1.4796854338267538,2.998413494359941,3.267474924527236,4.65998641001609,True,False,True,False,False
main,Agglomerative-complete,3.0,1,-1,continuous,21,279,9412,2.8789598596636052,18.042663746156027,14.629005418617778,42.168897169830835,54.527968353498565,78.96300548880382,False,False,False,False,False
main,Agglomerative-complete,3.0,2,-1,continuous,21,162,9529,1.6716541120627386,13.747724589911366,11.5736622126074,32.85946913708175,52.48271435871355,73.29284153326732,False,False,False,False,False
main,Agglomerative-complete,3.0,3,-1,continuous,21,576,9115,5.94365906511196,12.205243244320627,11.697233118688231,24.553206072801558,39.115457024151105,53.27868862231539,False,False,False,False,False
main,Agglomerative-complete,3.0,4,-1,continuous,19,650,9041,6.707254153338149,10.518732125623186,9.515087559188139,21.114927536293923,31.682836134856014,46.44767614647359,False,False,False,False,False
main,Agglomerative-complete,3.0,5,-1,continuous,18,666,9025,6.872355794035704,10.170538089475029,9.398303602114757,19.260312896602617,25.534980805246075,35.729834833357785,False,False,False,False,False
main,Agglomerative-complete,3.0,6,-1,continuous,17,695,8996,7.171602517800021,9.912342877343235,9.386393291869497,18.46366463079986,22.8886479497969,35.729834833357785,False,False,False,False,False
main,Agglomerative-complete,3.0,7,-1,continuous,16,796,8895,8.213806624703333,9.486456778999553,9.079916999624254,17.62447479025319,22.60445684015639,35.729834833357785,False,False,False,False,False
main,Agglomerative-complete,3.0,8,-1,continuous,13,883,8808,9.111546795996285,8.405996722254306,8.468140279308443,14.723597987480566,21.402564203218862,35.729834833357785,False,False,False,False,False
main,Agglomerative-complete,3.0,9,-1,continuous,13,898,8793,9.266329584150242,8.349031232099735,8.441442279085114,14.723597987480566,21.282329559024294,35.729834833357785,False,False,False,False,False
main,Agglomerative-complete,3.0,10,-1,continuous,13,951,8740,9.813228768960892,8.050638680300679,8.352333912880777,14.285649030110958,16.92591904307678,22.681941369776276,False,False,False,False,False
main,Agglomerative-complete,3.0,11,-1,continuous,12,981,8710,10.122794345268806,7.933224647965936,8.28152751266103,13.87632401738991,16.92591904307678,19.53130360714619,False,False,False,False,False
main,Agglomerative-complete,3.0,12,-1,continuous,11,983,8708,10.143432050356001,7.928753775574678,8.28152751266103,13.866799803002714,16.92591904307678,18.52389733134627,False,False,False,False,False
main,Agglomerative-complete,3.0,13,-1,continuous,11,998,8693,10.298214838509958,7.24521227899118,7.153986936943793,13.690017300328043,16.321768444212715,18.52389733134627,False,False,False,False,False
main,Agglomerative-complete,3.0,14,-1,continuous,11,1271,8420,13.11526158291198,6.628856370290358,6.591369792897169,11.771173531027197,15.012696874599715,18.52389733134627,False,False,False,False,False
main,Agglomerative-complete,3.0,15,-1,continuous,9,1317,8374,13.58992879991745,6.571918808844995,6.591369792897169,11.55290854063152,14.138464885761694,18.52389733134627,False,False,False,False,False
main,Agglomerative-complete,3.0,16,-1,continuous,8,1377,8314,14.209059952533279,6.473017669493247,6.579728466021185,11.403385127906175,13.055396557651093,18.262858435686766,False,False,False,False,False
main,Agglomerative-complete,3.0,17,-1,continuous,9,1550,8141,15.994221442575586,6.138951646588828,6.071673872302225,10.724568270312165,12.314624982889564,18.262858435686766,False,False,False,False,False
main,Agglomerative-complete,3.0,18,-1,continuous,9,1646,8045,16.98483128676091,6.028614883935047,5.969027053816491,10.580331569730708,12.056220454770822,14.755872469842686,False,False,False,False,False
main,Agglomerative-complete,3.0,19,-1,continuous,9,2417,7274,24.940666597874316,4.815446102587158,4.46098189871679,9.760963339148045,12.056220454770822,14.755872469842686,False,False,False,False,False
main,Agglomerative-complete,3.0,20,-1,continuous,8,2420,7271,24.971623155505107,4.760022069445351,4.434188828702033,9.467046430118513,11.99229652370026,14.755872469842686,False,False,False,False,False
main,Agglomerative-complete,3.0,21,-1,continuous,6,2471,7220,25.497884635228562,4.6618063609413385,4.394571193407504,9.189040183494468,11.959655788973164,14.755872469842686,False,False,False,False,False
main,Agglomerative-complete,3.0,22,-1,continuous,6,2634,7057,27.1798575998349,4.493996569645858,4.2421042780655975,8.556412096277393,11.197362541686207,14.755872469842686,False,False,False,False,False
main,Agglomerative-complete,3.0,23,-1,continuous,5,2679,7012,27.64420596429677,4.326985805044826,4.131845511133928,8.28152751266103,10.718914349359856,14.755872469842686,False,False,False,False,False
main,Agglomerative-complete,3.0,24,-1,continuous,5,2684,7007,27.695800227014757,4.317318883429682,4.131599319689302,8.28152751266103,10.656059756504357,14.755872469842686,False,False,False,False,False
main,Agglomerative-complete,3.0,25,-1,continuous,5,3182,6509,32.83458879372614,4.025971750679229,3.7946539336301948,7.691510559102071,9.96902981632247,14.755872469842686,False,False,False,False,False
main,Agglomerative-complete,3.0,26,-1,continuous,5,3197,6494,32.98937158188009,4.007748470380597,3.809767297702973,7.555689679381871,9.93430130930167,14.755872469842686,False,False,False,False,False
main,Agglomerative-complete,3.0,27,-1,continuous,5,3241,6450,33.44340109379837,3.9728700304355153,3.7769591696215565,7.392784109842227,9.93430130930167,14.755872469842686,False,False,False,False,False
main,Agglomerative-complete,3.0,28,-1,continuous,5,3270,6421,33.742647817562684,3.956474484655118,3.7769591696215565,7.333398100795044,9.93430130930167,14.755872469842686,False,False,False,False,False
main,Agglomerative-complete,3.0,29,-1,continuous,5,3504,6187,36.157259312764424,3.778490169341913,3.694970971667144,7.075985794757434,8.370681331293659,14.755872469842686,False,False,False,False,False
main,Agglomerative-complete,3.0,30,-1,continuous,5,3543,6148,36.55969456196471,3.612906846532269,3.5805162741916208,6.290669316822721,8.11614840695746,14.755872469842686,False,False,False,False,False
main,Agglomerative-complete,3.0,31,-1,continuous,4,3591,6100,37.054999484057376,3.5863014080372113,3.5723083298210456,6.289594915920709,7.944830879713228,14.755872469842686,False,False,False,False,False
main,Agglomerative-complete,3.0,32,-1,continuous,3,3597,6094,37.11691259931896,3.574473138749409,3.5519791045088507,6.255435120546509,7.944830879713228,12.526406961586767,False,False,False,False,False
main,Agglomerative-complete,3.0,33,-1,continuous,2,3853,5838,39.75853885047982,3.4645187000664226,3.490676909674161,6.1860650047703345,7.944830879713228,12.526406961586767,False,False,False,False,False
main,Agglomerative-complete,3.0,34,-1,continuous,2,3870,5821,39.93395934372098,3.4521998095102444,3.475891111080958,6.137455606537488,7.944830879713228,12.526406961586767,False,False,False,False,False
main,Agglomerative-complete,3.0,35,-1,continuous,1,3892,5799,40.16097409968012,3.4294842775345415,3.4644691528700853,6.002062161988924,7.714821352406675,12.526406961586767,False,False,False,False,False
main,Agglomerative-complete,3.0,36,-1,continuous,1,4003,5688,41.3063667320194,3.383754904096141,3.419079469646902,5.842396536987005,7.714821352406675,12.526406961586767,False,False,False,False,False
main,Agglomerative-complete,3.0,37,-1,continuous,1,4004,5687,41.316685584563,3.3820090257579563,3.419079469646902,5.842396536987005,7.714821352406675,9.340114652358038,False,False,False,False,False
main,Agglomerative-complete,3.0,38,-1,continuous,1,4216,5475,43.50428232380559,3.2766110530545576,3.281595753859841,5.563816754791158,7.239760507525319,8.71734239281974,False,False,False,False,False
main,Agglomerative-complete,3.0,39,-1,continuous,0,4258,5433,43.93767413063667,3.255609031940411,3.281194099656412,5.452717541850318,7.142508035620501,8.71734239281974,False,False,False,False,False
main,Agglomerative-complete,3.0,40,-1,continuous,0,4325,5366,44.62903725105768,3.226265426404671,3.1815089796384917,5.452717541850318,7.112949134260551,8.61340577817708,False,False,False,False,False
main,Agglomerative-complete,3.0,41,-1,continuous,0,5302,4389,54.7105561861521,2.8982016961387207,2.7839463794691013,5.452717541850318,7.112949134260551,8.61340577817708,False,False,False,False,False
main,Agglomerative-complete,3.0,42,-1,continuous,0,5398,4293,55.701166030337426,2.8503044661031165,2.7314230428363597,5.35917057303148,7.081547264570739,8.61340577817708,False,False,False,False,False
main,Agglomerative-complete,3.0,43,-1,continuous,0,5441,4250,56.144876689712106,2.8194545654689134,2.7253331593292964,5.226715197761113,6.988525280613314,8.61340577817708,False,False,False,False,False
main,Agglomerative-complete,3.0,44,-1,continuous,0,5571,4120,57.48632752037973,2.7859845174655558,2.7069355112346014,5.171945186772431,6.516211031090855,8.61340577817708,False,False,False,False,False
main,Agglomerative-complete,3.0,45,-1,continuous,0,5693,3998,58.745227530698585,2.745575917568139,2.686674483297085,5.000857988573524,6.516211031090855,8.61340577817708,False,False,False,False,False
main,Agglomerative-complete,3.0,46,-1,continuous,0,5712,3979,58.94128572902693,2.738212046071101,2.681354923438629,4.956326182301563,6.290669316822721,8.61340577817708,False,False,False,False,False
main,Agglomerative-complete,3.0,47,-1,continuous,0,5809,3882,59.94221442575586,2.7102890379970233,2.652720470940285,4.929880601782031,6.290669316822721,8.61340577817708,False,False,False,False,False
main,Agglomerative-complete,3.0,48,-1,continuous,0,5877,3814,60.643896398720464,2.692189341219588,2.633102270026048,4.898435161266992,6.290669316822721,8.61340577817708,False,False,False,False,False
main,Agglomerative-complete,3.0,49,-1,continuous,0,5949,3742,61.38685378185946,2.678579282522584,2.633102270026048,4.8743015758993105,6.290669316822721,8.11614840695746,False,False,False,False,False
main,Agglomerative-complete,3.0,50,-1,continuous,0,6189,3502,63.86337839232277,2.5901681403072834,2.518798861159272,4.657950327350814,5.698286763648096,8.11614840695746,False,False,False,False,False
main,Agglomerative-complete,3.0,51,-1,continuous,0,6265,3426,64.64761118563615,2.5642271430397066,2.491263609226217,4.622436557241412,5.698286763648096,8.11614840695746,False,False,False,False,False
main,Agglomerative-complete,3.0,52,-1,continuous,0,6573,3118,67.82581776906407,2.4427292081285374,2.3868899884660615,4.581918161810709,5.387688653056392,8.11614840695746,False,False,False,False,False
main,Agglomerative-complete,3.0,53,-1,continuous,0,6644,3047,68.55845629965948,2.4230060836565714,2.3592682104288754,4.581918161810709,5.387688653056392,8.11614840695746,False,False,False,False,False
main,Agglomerative-complete,3.0,54,-1,continuous,0,6654,3037,68.66164482509545,2.4162257351721435,2.3592682104288754,4.581918161810709,5.384434967599091,8.11614840695746,False,False,False,False,False
main,Agglomerative-complete,3.0,55,-1,continuous,0,6735,2956,69.49747188112681,2.396580806602393,2.3451129161865345,4.510875702482465,5.387688653056392,8.11614840695746,False,False,False,False,False
main,Agglomerative-complete,3.0,56,-1,continuous,0,6773,2918,69.88958827778352,2.3840969272538226,2.3318341633836037,4.488217411221128,5.376090467616979,8.11614840695746,False,False,False,False,False
main,Agglomerative-complete,3.0,57,-1,continuous,0,7015,2676,72.38675059333403,2.314906481617168,2.2468093254439587,4.429274503736452,5.35917057303148,8.11614840695746,False,False,False,False,False
main,Agglomerative-complete,3.0,58,-1,continuous,0,7268,2423,74.9974202868641,2.2314045908561044,2.1188939968135796,4.34404898806739,4.965308633334256,8.11614840695746,False,False,False,False,False
main,Agglomerative-complete,3.0,59,-1,continuous,0,7307,2384,75.3998555360644,2.2179267025745237,2.1125183451956233,4.34404898806739,4.939831093505986,8.11614840695746,False,False,False,False,False
main,Agglomerative-complete,3.0,60,-1,continuous,0,7324,2367,75.57527602930554,2.201041066744646,2.1102378032555342,4.336626293652338,4.939831093505986,6.6061157974916425,False,False,False,False,False
main,Agglomerative-complete,3.0,61,-1,continuous,0,7658,2033,79.02177277886699,2.1174603564065846,2.0413071679770347,4.220452950824643,4.939831093505986,6.6061157974916425,False,False,False,False,False
main,Agglomerative-complete,3.0,62,-1,continuous,0,7675,2016,79.19719327210814,2.1089652420212297,2.038688421061312,4.156312678146318,4.939831093505986,6.6061157974916425,False,False,False,False,False
main,Agglomerative-complete,3.0,63,-1,continuous,0,7700,1991,79.45516458569807,2.0949014788783593,2.006004950068355,4.1390901716454085,4.939831093505986,6.6061157974916425,False,False,False,False,False
main,Agglomerative-complete,3.0,64,-1,continuous,0,8042,1649,82.98421215560829,1.999081319779447,1.9098083445355516,3.9317360079484054,4.788644176060652,6.6061157974916425,False,False,False,False,False
main,Agglomerative-complete,3.0,65,-1,continuous,0,8082,1609,83.39696625735218,1.987000003458288,1.883267141564131,3.9317360079484054,4.748262009585162,6.6061157974916425,False,False,False,False,False
main,Agglomerative-complete,3.0,66,-1,continuous,0,8090,1601,83.47951707770096,1.9806400557580408,1.883267141564131,3.9317360079484054,4.730673783781339,6.2637561834818865,False,False,False,False,False
main,Agglomerative-complete,3.0,67,-1,continuous,0,8135,1556,83.94386544216283,1.958015540562107,1.8787137257857316,3.8732199498063777,4.695639240802461,6.2637561834818865,False,False,False,False,False
main,Agglomerative-complete,3.0,68,-1,continuous,0,8205,1486,84.66618512021464,1.9440809273100486,1.8783625665124422,3.8732199498063777,4.6830236732422605,6.2637561834818865,False,False,False,False,False
main,Agglomerative-complete,3.0,69,-1,continuous,0,8237,1454,84.99638840160974,1.9341216443824965,1.8704731929560847,3.8201527897651895,4.555392128340315,6.2637561834818865,False,False,False,False,False
main,Agglomerative-complete,3.0,70,-1,continuous,0,8259,1432,85.22340315756888,1.9229242260943524,1.8538503950136453,3.8201527897651895,4.555392128340315,6.2637561834818865,False,False,False,False,False
main,Agglomerative-complete,3.0,71,-1,continuous,0,8768,923,90.47569910225982,1.7687179468256433,1.7349100582268444,3.276927074043173,4.222112176232479,6.2637561834818865,False,False,False,False,False
main,Agglomerative-complete,3.0,72,-1,continuous,0,8782,909,90.62016303787019,1.7630449629965144,1.7349100582268444,3.276927074043173,4.222112176232479,6.2637561834818865,False,False,False,False,False
main,Agglomerative-complete,3.0,73,-1,continuous,0,8792,899,90.72335156330617,1.7552800817058503,1.7349100582268444,3.276927074043173,4.21591324784172,6.2637561834818865,False,False,False,False,False
main,Agglomerative-complete,3.0,74,-1,continuous,0,8799,892,90.79558353111135,1.7506437043245067,1.7314787936822205,3.267474924527236,4.21591324784172,6.2637561834818865,False,False,False,False,False
main,Agglomerative-complete,3.0,75,-1,continuous,0,8801,890,90.81622123619853,1.748058400435762,1.7285920259970804,3.2497512307134757,4.145997670560603,6.2499579229461855,False,False,False,False,False
main,Agglomerative-complete,3.0,76,-1,continuous,0,8901,790,91.84810649055825,1.7222178327362314,1.7089660660983894,3.209263387374763,3.9849128431935297,6.2499579229461855,False,False,False,False,False
main,Agglomerative-complete,3.0,77,-1,continuous,0,8960,731,92.45691879063048,1.6880916092678089,1.6831739040189804,3.142501729190218,3.9849128431935297,6.2499579229461855,False,False,False,False,False
main,Agglomerative-complete,3.0,78,-1,continuous,0,8965,726,92.50851305334847,1.686296634099406,1.679745801862218,3.142501729190218,3.9849128431935297,6.2499579229461855,False,False,False,False,False
main,Agglomerative-complete,3.0,79,-1,continuous,0,8990,701,92.7664843669384,1.6736128376678097,1.649626352520979,3.142501729190218,3.9849128431935297,6.2499579229461855,False,False,False,False,False
main,Agglomerative-complete,3.0,80,-1,continuous,0,9026,665,93.13796305850789,1.6610463139081488,1.621959469311916,3.1148027744697355,3.923775151276922,6.2499579229461855,False,False,False,False,False
main,Agglomerative-complete,3.0,81,-1,continuous,0,9046,645,93.34434010937984,1.6548888988371984,1.6215333739078135,3.1022140440333956,3.8780795215241275,6.2499579229461855,False,False,False,False,False
main,Agglomerative-complete,3.0,82,-1,continuous,0,9107,584,93.97379011453927,1.634905364446874,1.5942607243653975,3.0701250666536857,3.8201527897651895,6.2499579229461855,False,False,False,False,False
main,Agglomerative-complete,3.0,83,-1,continuous,0,9111,580,94.01506552471365,1.6325664231458092,1.5929709198286297,3.0701250666536857,3.8201527897651895,6.2499579229461855,False,False,False,False,False
main,Agglomerative-complete,3.0,84,-1,continuous,0,9114,577,94.04602208234445,1.6302530032420488,1.5813513857410173,3.0701250666536857,3.8201527897651895,6.151837255478808,False,False,False,False,False
main,Agglomerative-complete,3.0,85,-1,continuous,0,9117,574,94.07697863997524,1.6264086251598049,1.5813513857410173,3.0701250666536857,3.8201527897651895,5.345896058296031,False,False,False,False,False
main,Agglomerative-complete,3.0,86,-1,continuous,0,9127,564,94.1801671654112,1.6174562573048028,1.5562602917172577,3.0701250666536857,3.8201527897651895,5.345896058296031,False,False,False,False,False
main,Agglomerative-complete,3.0,87,-1,continuous,0,9143,548,94.34526880610876,1.6101817994208552,1.549704943002702,3.0688152914433675,3.8201527897651895,5.345896058296031,False,False,False,False,False
main,Agglomerative-complete,3.0,88,-1,continuous,0,9225,466,95.19141471468373,1.5329910452518838,1.4408904186530447,2.950391750983173,3.8201527897651895,5.345896058296031,True,False,True,True,False
main,Agglomerative-complete,5.0,1,-1,continuous,21,774,8917,7.986791868744196,18.042663746156027,14.629005418617778,42.168897169830835,54.527968353498565,78.96300548880382,False,False,False,False,False
main,Agglomerative-complete,5.0,2,-1,continuous,21,972,8719,10.029924672376431,13.747724589911366,11.5736622126074,32.85946913708175,52.48271435871355,73.29284153326732,False,False,False,False,False
main,Agglomerative-complete,5.0,3,-1,continuous,20,1448,8243,14.941698483128675,12.205243244320627,11.697233118688231,24.553206072801558,39.115457024151105,53.27868862231539,False,False,False,False,False
main,Agglomerative-complete,5.0,4,-1,continuous,18,1481,8210,15.282220617067383,10.518732125623186,9.515087559188139,21.114927536293923,31.682836134856014,46.44767614647359,False,False,False,False,False
main,Agglomerative-complete,5.0,5,-1,continuous,18,1573,8118,16.23155505107832,10.170538089475029,9.398303602114757,19.260312896602617,25.534980805246075,35.729834833357785,False,False,False,False,False
main,Agglomerative-complete,5.0,6,-1,continuous,17,1649,8042,17.015787844391703,9.912342877343235,9.386393291869497,18.46366463079986,22.8886479497969,35.729834833357785,False,False,False,False,False
main,Agglomerative-complete,5.0,7,-1,continuous,16,1651,8040,17.0364255494789,9.486456778999553,9.079916999624254,17.62447479025319,22.60445684015639,35.729834833357785,False,False,False,False,False
main,Agglomerative-complete,5.0,8,-1,continuous,12,2058,7633,21.236198534722938,8.405996722254306,8.468140279308443,14.723597987480566,21.402564203218862,35.729834833357785,False,False,False,False,False
main,Agglomerative-complete,5.0,9,-1,continuous,12,2087,7604,21.535445258487258,8.349031232099735,8.441442279085114,14.723597987480566,21.282329559024294,35.729834833357785,False,False,False,False,False
main,Agglomerative-complete,5.0,10,-1,continuous,11,2496,7195,25.755855948818493,8.050638680300679,8.352333912880777,14.285649030110958,16.92591904307678,22.681941369776276,False,False,False,False,False
main,Agglomerative-complete,5.0,11,-1,continuous,10,2532,7159,26.12733464038799,7.933224647965936,8.28152751266103,13.87632401738991,16.92591904307678,19.53130360714619,False,False,False,False,False
main,Agglomerative-complete,5.0,12,-1,continuous,10,2534,7157,26.147972345475182,7.928753775574678,8.28152751266103,13.866799803002714,16.92591904307678,18.52389733134627,False,False,False,False,False
main,Agglomerative-complete,5.0,13,-1,continuous,10,2855,6836,29.46032401196987,7.24521227899118,7.153986936943793,13.690017300328043,16.321768444212715,18.52389733134627,False,False,False,False,False
main,Agglomerative-complete,5.0,14,-1,continuous,10,3227,6464,33.29893715818801,6.628856370290358,6.591369792897169,11.771173531027197,15.012696874599715,18.52389733134627,False,False,False,False,False
main,Agglomerative-complete,5.0,15,-1,continuous,8,3273,6418,33.77360437519348,6.571918808844995,6.591369792897169,11.55290854063152,14.138464885761694,18.52389733134627,False,False,False,False,False
main,Agglomerative-complete,5.0,16,-1,continuous,7,3376,6315,34.83644618718399,6.473017669493247,6.579728466021185,11.403385127906175,13.055396557651093,18.262858435686766,False,False,False,False,False
main,Agglomerative-complete,5.0,17,-1,continuous,7,3692,5999,38.09720359096068,6.138951646588828,6.071673872302225,10.724568270312165,12.314624982889564,18.262858435686766,False,False,False,False,False
main,Agglomerative-complete,5.0,18,-1,continuous,5,3776,5915,38.963987204622846,6.028614883935047,5.969027053816491,10.580331569730708,12.056220454770822,14.755872469842686,False,False,False,False,False
main,Agglomerative-complete,5.0,19,-1,continuous,5,5832,3859,60.17954803425859,4.815446102587158,4.46098189871679,9.760963339148045,12.056220454770822,14.755872469842686,False,False,False,False,False
main,Agglomerative-complete,5.0,20,-1,continuous,5,5869,3822,60.561345578371686,4.760022069445351,4.434188828702033,9.467046430118513,11.99229652370026,14.755872469842686,False,False,False,False,False
main,Agglomerative-complete,5.0,21,-1,continuous,4,6034,3657,62.26395624806521,4.6618063609413385,4.394571193407504,9.189040183494468,11.959655788973164,14.755872469842686,False,False,False,False,False
main,Agglomerative-complete,5.0,22,-1,continuous,4,6260,3431,64.59601692291817,4.493996569645858,4.2421042780655975,8.556412096277393,11.197362541686207,14.755872469842686,False,False,False,False,False
main,Agglomerative-complete,5.0,23,-1,continuous,3,6626,3065,68.37271695387473,4.326985805044826,4.131845511133928,8.28152751266103,10.718914349359856,14.755872469842686,False,False,False,False,False
main,Agglomerative-complete,5.0,24,-1,continuous,3,6631,3060,68.42431121659271,4.317318883429682,4.131599319689302,8.28152751266103,10.656059756504357,14.755872469842686,False,False,False,False,False
main,Agglomerative-complete,5.0,25,-1,continuous,3,7014,2677,72.37643174079042,4.025971750679229,3.7946539336301948,7.691510559102071,9.96902981632247,14.755872469842686,False,False,False,False,False
main,Agglomerative-complete,5.0,26,-1,continuous,2,7080,2611,73.05747600866783,4.007748470380597,3.809767297702973,7.555689679381871,9.93430130930167,14.755872469842686,False,False,False,False,False
main,Agglomerative-complete,5.0,27,-1,continuous,2,7140,2551,73.67660716128367,3.9728700304355153,3.7769591696215565,7.392784109842227,9.93430130930167,14.755872469842686,False,False,False,False,False
main,Agglomerative-complete,5.0,28,-1,continuous,2,7160,2531,73.8829842121556,3.956474484655118,3.7769591696215565,7.333398100795044,9.93430130930167,14.755872469842686,False,False,False,False,False
main,Agglomerative-complete,5.0,29,-1,continuous,2,7410,2281,76.4626973480549,3.778490169341913,3.694970971667144,7.075985794757434,8.370681331293659,14.755872469842686,False,False,False,False,False
main,Agglomerative-complete,5.0,30,-1,continuous,2,7937,1754,81.9007326385306,3.612906846532269,3.5805162741916208,6.290669316822721,8.11614840695746,14.755872469842686,False,False,False,False,False
main,Agglomerative-complete,5.0,31,-1,continuous,2,7982,1709,82.36508100299247,3.5863014080372113,3.5723083298210456,6.289594915920709,7.944830879713228,14.755872469842686,False,False,False,False,False
main,Agglomerative-complete,5.0,32,-1,continuous,1,7988,1703,82.42699411825404,3.574473138749409,3.5519791045088507,6.255435120546509,7.944830879713228,12.526406961586767,False,False,False,False,False
main,Agglomerative-complete,5.0,33,-1,continuous,1,8187,1504,84.48044577442988,3.4645187000664226,3.490676909674161,6.1860650047703345,7.944830879713228,12.526406961586767,False,False,False,False,False
main,Agglomerative-complete,5.0,34,-1,continuous,1,8219,1472,84.810649055825,3.4521998095102444,3.475891111080958,6.137455606537488,7.944830879713228,12.526406961586767,False,False,False,False,False
main,Agglomerative-complete,5.0,35,-1,continuous,1,8239,1452,85.01702610669693,3.4294842775345415,3.4644691528700853,6.002062161988924,7.714821352406675,12.526406961586767,False,False,False,False,False
main,Agglomerative-complete,5.0,36,-1,continuous,1,8325,1366,85.90444742544629,3.383754904096141,3.419079469646902,5.842396536987005,7.714821352406675,12.526406961586767,False,False,False,False,False
main,Agglomerative-complete,5.0,37,-1,continuous,1,8326,1365,85.91476627798988,3.3820090257579563,3.419079469646902,5.842396536987005,7.714821352406675,9.340114652358038,False,False,False,False,False
main,Agglomerative-complete,5.0,38,-1,continuous,1,8426,1265,86.9466515323496,3.2766110530545576,3.281595753859841,5.563816754791158,7.239760507525319,8.71734239281974,False,False,False,False,False
main,Agglomerative-complete,5.0,39,-1,continuous,0,8483,1208,87.53482612733464,3.255609031940411,3.281194099656412,5.452717541850318,7.142508035620501,8.71734239281974,False,False,False,False,False
main,Agglomerative-complete,5.0,40,-1,continuous,0,8535,1156,88.07140645960169,3.226265426404671,3.1815089796384917,5.452717541850318,7.112949134260551,8.61340577817708,False,False,False,False,False
main,Agglomerative-complete,5.0,41,-1,continuous,0,8961,730,92.46723764317407,2.8982016961387207,2.7839463794691013,5.452717541850318,7.112949134260551,8.61340577817708,False,False,False,False,False
main,Agglomerative-complete,5.0,42,-1,continuous,0,9039,652,93.27210814157466,2.8503044661031165,2.7314230428363597,5.35917057303148,7.081547264570739,8.61340577817708,False,False,False,False,False
main,Agglomerative-complete,5.0,43,-1,continuous,0,9102,589,93.92219585182127,2.8194545654689134,2.7253331593292964,5.226715197761113,6.988525280613314,8.61340577817708,False,False,False,False,False
main,Agglomerative-complete,5.0,44,-1,continuous,0,9157,534,94.48973274171912,2.7859845174655558,2.7069355112346014,5.171945186772431,6.516211031090855,8.61340577817708,False,False,False,False,False
main,Agglomerative-complete,5.0,45,-1,continuous,0,9206,485,94.99535651635539,2.745575917568139,2.686674483297085,5.000857988573524,6.516211031090855,8.61340577817708,False,False,False,False,False
main,Agglomerative-complete,5.0,46,-1,continuous,0,9216,475,95.09854504179135,2.738212046071101,2.681354923438629,4.956326182301563,6.290669316822721,8.61340577817708,True,False,False,True,True
main,Agglomerative-complete,5.0,47,-1,continuous,0,9234,457,95.28428438757611,2.7102890379970233,2.652720470940285,4.929880601782031,6.290669316822721,8.61340577817708,True,False,False,False,False
main,Agglomerative-complete,5.0,48,-1,continuous,0,9246,445,95.40811061809927,2.692189341219588,2.633102270026048,4.898435161266992,6.290669316822721,8.61340577817708,True,False,False,False,False
main,Agglomerative-complete,5.0,49,-1,continuous,0,9256,435,95.51129914353524,2.678579282522584,2.633102270026048,4.8743015758993105,6.290669316822721,8.11614840695746,True,False,False,True,False
main,Agglomerative-complete,5.0,50,-1,continuous,0,9401,290,97.00753276235683,2.5901681403072834,2.518798861159272,4.657950327350814,5.698286763648096,8.11614840695746,True,False,True,False,False
main,Agglomerative-complete,5.0,51,-1,continuous,0,9439,252,97.39964915901352,2.5642271430397066,2.491263609226217,4.622436557241412,5.698286763648096,8.11614840695746,True,False,False,False,False
main,Agglomerative-complete,5.0,52,-1,continuous,0,9476,215,97.78144670312662,2.4427292081285374,2.3868899884660615,4.581918161810709,5.387688653056392,8.11614840695746,True,False,True,False,False
main,Agglomerative-complete,5.0,53,-1,continuous,0,9483,208,97.8536786709318,2.4230060836565714,2.3592682104288754,4.581918161810709,5.387688653056392,8.11614840695746,True,False,False,False,False
main,Agglomerative-complete,5.0,54,-1,continuous,0,9488,203,97.90527293364978,2.4162257351721435,2.3592682104288754,4.581918161810709,5.384434967599091,8.11614840695746,True,False,True,False,False
main,Agglomerative-complete,5.0,55,-1,continuous,0,9504,187,98.07037457434733,2.396580806602393,2.3451129161865345,4.510875702482465,5.387688653056392,8.11614840695746,True,False,False,False,False
main,Agglomerative-complete,5.0,56,-1,continuous,0,9520,171,98.23547621504488,2.3840969272538226,2.3318341633836037,4.488217411221128,5.376090467616979,8.11614840695746,True,False,True,False,False
main,Agglomerative-complete,5.0,57,-1,continuous,0,9546,145,98.50376638117841,2.314906481617168,2.2468093254439587,4.429274503736452,5.35917057303148,8.11614840695746,True,False,False,False,False
main,Agglomerative-complete,5.0,58,-1,continuous,0,9595,96,99.00939015581467,2.2314045908561044,2.1188939968135796,4.34404898806739,4.965308633334256,8.11614840695746,True,False,True,False,False
main,Agglomerative-complete,5.0,59,-1,continuous,0,9599,92,99.05066556598906,2.2179267025745237,2.1125183451956233,4.34404898806739,4.939831093505986,8.11614840695746,True,False,True,False,False
main,Agglomerative-complete,5.0,60,-1,continuous,0,9616,75,99.22608605923021,2.201041066744646,2.1102378032555342,4.336626293652338,4.939831093505986,6.6061157974916425,True,False,False,False,False
main,Agglomerative-complete,5.0,61,-1,continuous,0,9616,75,99.22608605923021,2.1174603564065846,2.0413071679770347,4.220452950824643,4.939831093505986,6.6061157974916425,True,False,False,False,False
main,Agglomerative-complete,5.0,62,-1,continuous,0,9621,70,99.2776803219482,2.1089652420212297,2.038688421061312,4.156312678146318,4.939831093505986,6.6061157974916425,True,False,False,False,False
main,Agglomerative-complete,5.0,63,-1,continuous,0,9622,69,99.2879991744918,2.0949014788783593,2.006004950068355,4.1390901716454085,4.939831093505986,6.6061157974916425,True,False,False,False,False
main,Agglomerative-complete,5.0,64,-1,continuous,0,9630,61,99.37054999484057,1.999081319779447,1.9098083445355516,3.9317360079484054,4.788644176060652,6.6061157974916425,True,False,True,False,False
main,Agglomerative-complete,5.0,65,-1,continuous,0,9641,50,99.48405737282015,1.987000003458288,1.883267141564131,3.9317360079484054,4.748262009585162,6.6061157974916425,True,False,True,False,False
main,Agglomerative-complete,5.0,66,-1,continuous,0,9645,46,99.52533278299452,1.9806400557580408,1.883267141564131,3.9317360079484054,4.730673783781339,6.2637561834818865,True,False,True,True,False
main,Agglomerative-complete,5.0,67,-1,continuous,0,9653,38,99.60788360334331,1.958015540562107,1.8787137257857316,3.8732199498063777,4.695639240802461,6.2637561834818865,True,False,True,False,False
main,Agglomerative-complete,5.0,68,-1,continuous,0,9669,22,99.77298524404087,1.9440809273100486,1.8783625665124422,3.8732199498063777,4.6830236732422605,6.2637561834818865,True,False,True,False,False
main,Agglomerative-complete,5.0,69,-1,continuous,0,9673,18,99.81426065421525,1.9341216443824965,1.8704731929560847,3.8201527897651895,4.555392128340315,6.2637561834818865,True,False,True,False,False
main,Agglomerative-complete,5.0,70,-1,continuous,0,9673,18,99.81426065421525,1.9229242260943524,1.8538503950136453,3.8201527897651895,4.555392128340315,6.2637561834818865,True,False,False,False,False
main,Agglomerative-complete,5.0,71,-1,continuous,0,9673,18,99.81426065421525,1.7687179468256433,1.7349100582268444,3.276927074043173,4.222112176232479,6.2637561834818865,True,False,True,False,False
main,Agglomerative-complete,5.0,72,-1,continuous,0,9673,18,99.81426065421525,1.7630449629965144,1.7349100582268444,3.276927074043173,4.222112176232479,6.2637561834818865,True,False,False,False,False
main,Agglomerative-complete,5.0,73,-1,continuous,0,9675,16,99.83489835930244,1.7552800817058503,1.7349100582268444,3.276927074043173,4.21591324784172,6.2637561834818865,True,False,True,False,False
main,Agglomerative-complete,5.0,74,-1,continuous,0,9675,16,99.83489835930244,1.7506437043245067,1.7314787936822205,3.267474924527236,4.21591324784172,6.2637561834818865,True,False,False,False,False
main,Agglomerative-complete,5.0,75,-1,continuous,0,9677,14,99.85553606438964,1.748058400435762,1.7285920259970804,3.2497512307134757,4.145997670560603,6.2499579229461855,True,False,True,False,False
main,Agglomerative-complete,5.0,76,-1,continuous,0,9677,14,99.85553606438964,1.7222178327362314,1.7089660660983894,3.209263387374763,3.9849128431935297,6.2499579229461855,True,False,True,False,False
main,Agglomerative-complete,5.0,77,-1,continuous,0,9677,14,99.85553606438964,1.6880916092678089,1.6831739040189804,3.142501729190218,3.9849128431935297,6.2499579229461855,True,False,False,False,False
main,Agglomerative-complete,5.0,78,-1,continuous,0,9677,14,99.85553606438964,1.686296634099406,1.679745801862218,3.142501729190218,3.9849128431935297,6.2499579229461855,True,False,False,False,False
main,Agglomerative-complete,5.0,79,-1,continuous,0,9677,14,99.85553606438964,1.6736128376678097,1.649626352520979,3.142501729190218,3.9849128431935297,6.2499579229461855,True,False,False,False,False
main,Agglomerative-complete,5.0,80,-1,continuous,0,9677,14,99.85553606438964,1.6610463139081488,1.621959469311916,3.1148027744697355,3.923775151276922,6.2499579229461855,True,False,True,False,False
main,Agglomerative-complete,5.0,81,-1,continuous,0,9677,14,99.85553606438964,1.6548888988371984,1.6215333739078135,3.1022140440333956,3.8780795215241275,6.2499579229461855,True,False,True,False,False
main,Agglomerative-complete,5.0,82,-1,continuous,0,9677,14,99.85553606438964,1.634905364446874,1.5942607243653975,3.0701250666536857,3.8201527897651895,6.2499579229461855,True,False,True,False,False
main,Agglomerative-complete,5.0,83,-1,continuous,0,9677,14,99.85553606438964,1.6325664231458092,1.5929709198286297,3.0701250666536857,3.8201527897651895,6.2499579229461855,True,False,False,False,False
main,Agglomerative-complete,5.0,84,-1,continuous,0,9680,11,99.88649262202043,1.6302530032420488,1.5813513857410173,3.0701250666536857,3.8201527897651895,6.151837255478808,True,False,False,False,False
main,Agglomerative-complete,5.0,85,-1,continuous,0,9684,7,99.92776803219482,1.6264086251598049,1.5813513857410173,3.0701250666536857,3.8201527897651895,5.345896058296031,True,False,False,False,False
main,Agglomerative-complete,5.0,86,-1,continuous,0,9684,7,99.92776803219482,1.6174562573048028,1.5562602917172577,3.0701250666536857,3.8201527897651895,5.345896058296031,True,False,False,False,False
main,Agglomerative-complete,5.0,87,-1,continuous,0,9684,7,99.92776803219482,1.6101817994208552,1.549704943002702,3.0688152914433675,3.8201527897651895,5.345896058296031,True,False,False,False,False
main,Agglomerative-complete,5.0,88,-1,continuous,0,9684,7,99.92776803219482,1.5329910452518838,1.4408904186530447,2.950391750983173,3.8201527897651895,5.345896058296031,True,False,False,False,False
main,Agglomerative-complete,10.0,1,-1,continuous,20,2478,7213,25.570116603033743,18.042663746156027,14.629005418617778,42.168897169830835,54.527968353498565,78.96300548880382,False,False,False,False,False
main,Agglomerative-complete,10.0,2,-1,continuous,19,3760,5931,38.79888556392529,13.747724589911366,11.5736622126074,32.85946913708175,52.48271435871355,73.29284153326732,False,False,False,False,False
main,Agglomerative-complete,10.0,3,-1,continuous,16,4138,5553,42.699411825405015,12.205243244320627,11.697233118688231,24.553206072801558,39.115457024151105,53.27868862231539,False,False,False,False,False
main,Agglomerative-complete,10.0,4,-1,continuous,14,5305,4386,54.74151274378289,10.518732125623186,9.515087559188139,21.114927536293923,31.682836134856014,46.44767614647359,False,False,False,False,False
main,Agglomerative-complete,10.0,5,-1,continuous,14,5470,4221,56.44412341347642,10.170538089475029,9.398303602114757,19.260312896602617,25.534980805246075,35.729834833357785,False,False,False,False,False
main,Agglomerative-complete,10.0,6,-1,continuous,10,5500,4191,56.75368898978434,9.912342877343235,9.386393291869497,18.46366463079986,22.8886479497969,35.729834833357785,False,False,False,False,False
main,Agglomerative-complete,10.0,7,-1,continuous,7,5895,3796,60.82963574450521,9.486456778999553,9.079916999624254,17.62447479025319,22.60445684015639,35.729834833357785,False,False,False,False,False
main,Agglomerative-complete,10.0,8,-1,continuous,6,6849,2842,70.6738210710969,8.405996722254306,8.468140279308443,14.723597987480566,21.402564203218862,35.729834833357785,False,False,False,False,False
main,Agglomerative-complete,10.0,9,-1,continuous,6,6908,2783,71.28263337116913,8.349031232099735,8.441442279085114,14.723597987480566,21.282329559024294,35.729834833357785,False,False,False,False,False
main,Agglomerative-complete,10.0,10,-1,continuous,6,6991,2700,72.13909813228769,8.050638680300679,8.352333912880777,14.285649030110958,16.92591904307678,22.681941369776276,False,False,False,False,False
main,Agglomerative-complete,10.0,11,-1,continuous,3,7122,2569,73.49086781549892,7.933224647965936,8.28152751266103,13.87632401738991,16.92591904307678,19.53130360714619,False,False,False,False,False
main,Agglomerative-complete,10.0,12,-1,continuous,3,7125,2566,73.5218243731297,7.928753775574678,8.28152751266103,13.866799803002714,16.92591904307678,18.52389733134627,False,False,False,False,False
main,Agglomerative-complete,10.0,13,-1,continuous,3,7880,1811,81.31255804354556,7.24521227899118,7.153986936943793,13.690017300328043,16.321768444212715,18.52389733134627,False,False,False,False,False
main,Agglomerative-complete,10.0,14,-1,continuous,3,8450,1241,87.19430399339593,6.628856370290358,6.591369792897169,11.771173531027197,15.012696874599715,18.52389733134627,False,False,False,False,False
main,Agglomerative-complete,10.0,15,-1,continuous,2,8474,1217,87.44195645444226,6.571918808844995,6.591369792897169,11.55290854063152,14.138464885761694,18.52389733134627,False,False,False,False,False
main,Agglomerative-complete,10.0,16,-1,continuous,1,8544,1147,88.16427613249407,6.473017669493247,6.579728466021185,11.403385127906175,13.055396557651093,18.262858435686766,False,False,False,False,False
main,Agglomerative-complete,10.0,17,-1,continuous,1,8834,857,91.15674337013724,6.138951646588828,6.071673872302225,10.724568270312165,12.314624982889564,18.262858435686766,False,False,False,False,False
main,Agglomerative-complete,10.0,18,-1,continuous,0,8870,821,91.52822206170674,6.028614883935047,5.969027053816491,10.580331569730708,12.056220454770822,14.755872469842686,False,False,False,False,False
main,Agglomerative-complete,10.0,19,-1,continuous,0,9277,414,95.72799504695078,4.815446102587158,4.46098189871679,9.760963339148045,12.056220454770822,14.755872469842686,True,False,True,True,True
main,Agglomerative-complete,10.0,20,-1,continuous,0,9374,317,96.7289237436797,4.760022069445351,4.434188828702033,9.467046430118513,11.99229652370026,14.755872469842686,True,False,False,False,False
main,Agglomerative-complete,10.0,21,-1,continuous,0,9444,247,97.4512434217315,4.6618063609413385,4.394571193407504,9.189040183494468,11.959655788973164,14.755872469842686,True,False,False,False,False
main,Agglomerative-complete,10.0,22,-1,continuous,0,9497,194,97.99814260654215,4.493996569645858,4.2421042780655975,8.556412096277393,11.197362541686207,14.755872469842686,True,False,True,False,False
main,Agglomerative-complete,10.0,23,-1,continuous,0,9509,182,98.12196883706532,4.326985805044826,4.131845511133928,8.28152751266103,10.718914349359856,14.755872469842686,True,False,False,False,False
main,Agglomerative-complete,10.0,24,-1,continuous,0,9514,177,98.17356309978331,4.317318883429682,4.131599319689302,8.28152751266103,10.656059756504357,14.755872469842686,True,False,False,False,False
main,Agglomerative-complete,10.0,25,-1,continuous,0,9599,92,99.05066556598906,4.025971750679229,3.7946539336301948,7.691510559102071,9.96902981632247,14.755872469842686,True,False,True,False,False
main,Agglomerative-complete,10.0,26,-1,continuous,0,9612,79,99.18481064905582,4.007748470380597,3.809767297702973,7.555689679381871,9.93430130930167,14.755872469842686,True,False,True,False,False
main,Agglomerative-complete,10.0,27,-1,continuous,0,9614,77,99.20544835414302,3.9728700304355153,3.7769591696215565,7.392784109842227,9.93430130930167,14.755872469842686,True,False,False,False,False
main,Agglomerative-complete,10.0,28,-1,continuous,0,9615,76,99.21576720668662,3.956474484655118,3.7769591696215565,7.333398100795044,9.93430130930167,14.755872469842686,True,False,False,False,False
main,Agglomerative-complete,10.0,29,-1,continuous,0,9677,14,99.85553606438964,3.778490169341913,3.694970971667144,7.075985794757434,8.370681331293659,14.755872469842686,True,False,True,False,False
main,Agglomerative-complete,10.0,30,-1,continuous,0,9677,14,99.85553606438964,3.612906846532269,3.5805162741916208,6.290669316822721,8.11614840695746,14.755872469842686,True,False,True,False,False
main,Agglomerative-complete,10.0,31,-1,continuous,0,9690,1,99.98968114745641,3.5863014080372113,3.5723083298210456,6.289594915920709,7.944830879713228,14.755872469842686,True,False,True,False,False
main,Agglomerative-complete,10.0,32,-1,continuous,0,9690,1,99.98968114745641,3.574473138749409,3.5519791045088507,6.255435120546509,7.944830879713228,12.526406961586767,True,False,False,False,False
main,Agglomerative-complete,10.0,33,-1,continuous,0,9690,1,99.98968114745641,3.4645187000664226,3.490676909674161,6.1860650047703345,7.944830879713228,12.526406961586767,True,False,False,False,False
main,Agglomerative-complete,10.0,34,-1,continuous,0,9690,1,99.98968114745641,3.4521998095102444,3.475891111080958,6.137455606537488,7.944830879713228,12.526406961586767,True,False,False,False,False
main,Agglomerative-complete,10.0,35,-1,continuous,0,9690,1,99.98968114745641,3.4294842775345415,3.4644691528700853,6.002062161988924,7.714821352406675,12.526406961586767,True,False,True,False,False
main,Agglomerative-complete,10.0,36,-1,continuous,0,9690,1,99.98968114745641,3.383754904096141,3.419079469646902,5.842396536987005,7.714821352406675,12.526406961586767,True,False,False,False,False
main,Agglomerative-complete,10.0,37,-1,continuous,0,9691,0,100.0,3.3820090257579563,3.419079469646902,5.842396536987005,7.714821352406675,9.340114652358038,True,False,False,False,False
main,Agglomerative-complete,10.0,38,-1,continuous,0,9691,0,100.0,3.2766110530545576,3.281595753859841,5.563816754791158,7.239760507525319,8.71734239281974,True,False,False,True,False
main,Agglomerative-complete,10.0,39,-1,continuous,0,9691,0,100.0,3.255609031940411,3.281194099656412,5.452717541850318,7.142508035620501,8.71734239281974,True,False,False,False,False
main,Agglomerative-complete,10.0,40,-1,continuous,0,9691,0,100.0,3.226265426404671,3.1815089796384917,5.452717541850318,7.112949134260551,8.61340577817708,True,False,False,True,False
main,Agglomerative-complete,10.0,41,-1,continuous,0,9691,0,100.0,2.8982016961387207,2.7839463794691013,5.452717541850318,7.112949134260551,8.61340577817708,True,False,False,False,False
main,Agglomerative-complete,10.0,42,-1,continuous,0,9691,0,100.0,2.8503044661031165,2.7314230428363597,5.35917057303148,7.081547264570739,8.61340577817708,True,False,False,False,False
main,Agglomerative-complete,10.0,43,-1,continuous,0,9691,0,100.0,2.8194545654689134,2.7253331593292964,5.226715197761113,6.988525280613314,8.61340577817708,True,False,False,False,False
main,Agglomerative-complete,10.0,44,-1,continuous,0,9691,0,100.0,2.7859845174655558,2.7069355112346014,5.171945186772431,6.516211031090855,8.61340577817708,True,False,False,False,False
main,Agglomerative-complete,10.0,45,-1,continuous,0,9691,0,100.0,2.745575917568139,2.686674483297085,5.000857988573524,6.516211031090855,8.61340577817708,True,False,False,False,False
main,Agglomerative-complete,10.0,46,-1,continuous,0,9691,0,100.0,2.738212046071101,2.681354923438629,4.956326182301563,6.290669316822721,8.61340577817708,True,False,False,False,False
main,Agglomerative-complete,10.0,47,-1,continuous,0,9691,0,100.0,2.7102890379970233,2.652720470940285,4.929880601782031,6.290669316822721,8.61340577817708,True,False,False,False,False
main,Agglomerative-complete,10.0,48,-1,continuous,0,9691,0,100.0,2.692189341219588,2.633102270026048,4.898435161266992,6.290669316822721,8.61340577817708,True,False,False,False,False
main,Agglomerative-complete,10.0,49,-1,continuous,0,9691,0,100.0,2.678579282522584,2.633102270026048,4.8743015758993105,6.290669316822721,8.11614840695746,True,False,False,False,False
main,Agglomerative-complete,10.0,50,-1,continuous,0,9691,0,100.0,2.5901681403072834,2.518798861159272,4.657950327350814,5.698286763648096,8.11614840695746,True,False,True,False,False
main,Agglomerative-complete,10.0,51,-1,continuous,0,9691,0,100.0,2.5642271430397066,2.491263609226217,4.622436557241412,5.698286763648096,8.11614840695746,True,False,False,False,False
main,Agglomerative-complete,10.0,52,-1,continuous,0,9691,0,100.0,2.4427292081285374,2.3868899884660615,4.581918161810709,5.387688653056392,8.11614840695746,True,False,True,False,False
main,Agglomerative-complete,10.0,53,-1,continuous,0,9691,0,100.0,2.4230060836565714,2.3592682104288754,4.581918161810709,5.387688653056392,8.11614840695746,True,False,False,False,False
main,Agglomerative-complete,10.0,54,-1,continuous,0,9691,0,100.0,2.4162257351721435,2.3592682104288754,4.581918161810709,5.384434967599091,8.11614840695746,True,False,True,False,False
main,Agglomerative-complete,10.0,55,-1,continuous,0,9691,0,100.0,2.396580806602393,2.3451129161865345,4.510875702482465,5.387688653056392,8.11614840695746,True,False,False,False,False
main,Agglomerative-complete,10.0,56,-1,continuous,0,9691,0,100.0,2.3840969272538226,2.3318341633836037,4.488217411221128,5.376090467616979,8.11614840695746,True,False,True,False,False
main,Agglomerative-complete,10.0,57,-1,continuous,0,9691,0,100.0,2.314906481617168,2.2468093254439587,4.429274503736452,5.35917057303148,8.11614840695746,True,False,False,False,False
main,Agglomerative-complete,10.0,58,-1,continuous,0,9691,0,100.0,2.2314045908561044,2.1188939968135796,4.34404898806739,4.965308633334256,8.11614840695746,True,False,True,False,False
main,Agglomerative-complete,10.0,59,-1,continuous,0,9691,0,100.0,2.2179267025745237,2.1125183451956233,4.34404898806739,4.939831093505986,8.11614840695746,True,False,True,False,False
main,Agglomerative-complete,10.0,60,-1,continuous,0,9691,0,100.0,2.201041066744646,2.1102378032555342,4.336626293652338,4.939831093505986,6.6061157974916425,True,False,False,False,False
main,Agglomerative-complete,10.0,61,-1,continuous,0,9691,0,100.0,2.1174603564065846,2.0413071679770347,4.220452950824643,4.939831093505986,6.6061157974916425,True,False,False,False,False
main,Agglomerative-complete,10.0,62,-1,continuous,0,9691,0,100.0,2.1089652420212297,2.038688421061312,4.156312678146318,4.939831093505986,6.6061157974916425,True,False,False,False,False
main,Agglomerative-complete,10.0,63,-1,continuous,0,9691,0,100.0,2.0949014788783593,2.006004950068355,4.1390901716454085,4.939831093505986,6.6061157974916425,True,False,False,False,False
main,Agglomerative-complete,10.0,64,-1,continuous,0,9691,0,100.0,1.999081319779447,1.9098083445355516,3.9317360079484054,4.788644176060652,6.6061157974916425,True,False,True,False,False
main,Agglomerative-complete,10.0,65,-1,continuous,0,9691,0,100.0,1.987000003458288,1.883267141564131,3.9317360079484054,4.748262009585162,6.6061157974916425,True,False,True,False,False
main,Agglomerative-complete,10.0,66,-1,continuous,0,9691,0,100.0,1.9806400557580408,1.883267141564131,3.9317360079484054,4.730673783781339,6.2637561834818865,True,False,True,True,False
main,Agglomerative-complete,10.0,67,-1,continuous,0,9691,0,100.0,1.958015540562107,1.8787137257857316,3.8732199498063777,4.695639240802461,6.2637561834818865,True,False,True,False,False
main,Agglomerative-complete,10.0,68,-1,continuous,0,9691,0,100.0,1.9440809273100486,1.8783625665124422,3.8732199498063777,4.6830236732422605,6.2637561834818865,True,False,True,False,False
main,Agglomerative-complete,10.0,69,-1,continuous,0,9691,0,100.0,1.9341216443824965,1.8704731929560847,3.8201527897651895,4.555392128340315,6.2637561834818865,True,False,True,False,False
main,Agglomerative-complete,10.0,70,-1,continuous,0,9691,0,100.0,1.9229242260943524,1.8538503950136453,3.8201527897651895,4.555392128340315,6.2637561834818865,True,False,False,False,False
main,Agglomerative-complete,10.0,71,-1,continuous,0,9691,0,100.0,1.7687179468256433,1.7349100582268444,3.276927074043173,4.222112176232479,6.2637561834818865,True,False,True,False,False
main,Agglomerative-complete,10.0,72,-1,continuous,0,9691,0,100.0,1.7630449629965144,1.7349100582268444,3.276927074043173,4.222112176232479,6.2637561834818865,True,False,False,False,False
main,Agglomerative-complete,10.0,73,-1,continuous,0,9691,0,100.0,1.7552800817058503,1.7349100582268444,3.276927074043173,4.21591324784172,6.2637561834818865,True,False,True,False,False
main,Agglomerative-complete,10.0,74,-1,continuous,0,9691,0,100.0,1.7506437043245067,1.7314787936822205,3.267474924527236,4.21591324784172,6.2637561834818865,True,False,False,False,False
main,Agglomerative-complete,10.0,75,-1,continuous,0,9691,0,100.0,1.748058400435762,1.7285920259970804,3.2497512307134757,4.145997670560603,6.2499579229461855,True,False,True,False,False
main,Agglomerative-complete,10.0,76,-1,continuous,0,9691,0,100.0,1.7222178327362314,1.7089660660983894,3.209263387374763,3.9849128431935297,6.2499579229461855,True,False,True,False,False
main,Agglomerative-complete,10.0,77,-1,continuous,0,9691,0,100.0,1.6880916092678089,1.6831739040189804,3.142501729190218,3.9849128431935297,6.2499579229461855,True,False,False,False,False
main,Agglomerative-complete,10.0,78,-1,continuous,0,9691,0,100.0,1.686296634099406,1.679745801862218,3.142501729190218,3.9849128431935297,6.2499579229461855,True,False,False,False,False
main,Agglomerative-complete,10.0,79,-1,continuous,0,9691,0,100.0,1.6736128376678097,1.649626352520979,3.142501729190218,3.9849128431935297,6.2499579229461855,True,False,False,False,False
main,Agglomerative-complete,10.0,80,-1,continuous,0,9691,0,100.0,1.6610463139081488,1.621959469311916,3.1148027744697355,3.923775151276922,6.2499579229461855,True,False,True,False,False
main,Agglomerative-complete,10.0,81,-1,continuous,0,9691,0,100.0,1.6548888988371984,1.6215333739078135,3.1022140440333956,3.8780795215241275,6.2499579229461855,True,False,True,False,False
main,Agglomerative-complete,10.0,82,-1,continuous,0,9691,0,100.0,1.634905364446874,1.5942607243653975,3.0701250666536857,3.8201527897651895,6.2499579229461855,True,False,True,False,False
main,Agglomerative-complete,10.0,83,-1,continuous,0,9691,0,100.0,1.6325664231458092,1.5929709198286297,3.0701250666536857,3.8201527897651895,6.2499579229461855,True,False,False,False,False
main,Agglomerative-complete,10.0,84,-1,continuous,0,9691,0,100.0,1.6302530032420488,1.5813513857410173,3.0701250666536857,3.8201527897651895,6.151837255478808,True,False,False,False,False
main,Agglomerative-complete,10.0,85,-1,continuous,0,9691,0,100.0,1.6264086251598049,1.5813513857410173,3.0701250666536857,3.8201527897651895,5.345896058296031,True,False,False,False,False
main,Agglomerative-complete,10.0,86,-1,continuous,0,9691,0,100.0,1.6174562573048028,1.5562602917172577,3.0701250666536857,3.8201527897651895,5.345896058296031,True,False,False,False,False
main,Agglomerative-complete,10.0,87,-1,continuous,0,9691,0,100.0,1.6101817994208552,1.549704943002702,3.0688152914433675,3.8201527897651895,5.345896058296031,True,False,False,False,False
main,Agglomerative-complete,10.0,88,-1,continuous,0,9691,0,100.0,1.5329910452518838,1.4408904186530447,2.950391750983173,3.8201527897651895,5.345896058296031,True,False,False,False,False
main,Agglomerative-ward,3.0,1,-1,continuous,21,279,9412,2.8789598596636052,18.042663746156027,14.629005418617778,42.168897169830835,54.527968353498565,78.96300548880382,False,False,False,False,False
main,Agglomerative-ward,3.0,2,-1,continuous,21,183,9508,1.8883500154782789,13.597584986563449,11.476032182903497,32.844895640216286,49.3486895706488,70.06155558516541,False,False,False,False,False
main,Agglomerative-ward,3.0,3,-1,continuous,20,962,8729,9.92673614694046,11.592329443016512,10.54072398691601,27.56159823731534,40.87887788586172,58.3429673034723,False,False,False,False,False
main,Agglomerative-ward,3.0,4,-1,continuous,19,1004,8687,10.36012795377154,10.15114766560334,8.717739242450676,21.4348049196734,34.45438550464447,54.507460898897605,False,False,False,False,False
main,Agglomerative-ward,3.0,5,-1,continuous,19,1146,8545,11.825405014962335,8.835711935314743,7.780927191435269,18.086706797539176,29.756945394618572,54.507460898897605,False,False,False,False,False
main,Agglomerative-ward,3.0,6,-1,continuous,18,1268,8423,13.08430502528119,7.905774031434038,6.9188532074536715,16.563908924182215,23.657546152335623,54.507460898897605,False,False,False,False,False
main,Agglomerative-ward,3.0,7,-1,continuous,18,1314,8377,13.558972242286657,7.486120756284216,6.619847428101551,15.168856522113737,23.657546152335623,42.8079666521038,False,False,False,False,False
main,Agglomerative-ward,3.0,8,-1,continuous,16,1490,8201,15.375090289959756,6.850397181327437,6.429679524052745,13.465476318876423,23.657546152335623,42.8079666521038,False,False,False,False,False
main,Agglomerative-ward,3.0,9,-1,continuous,16,1610,8081,16.613352595191415,6.078284557952561,4.945947259919125,13.465476318876423,23.657546152335623,42.8079666521038,False,False,False,False,False
main,Agglomerative-ward,3.0,10,-1,continuous,14,1652,8039,17.046744402022494,5.903111271183223,4.88099416264626,12.395759490981069,20.94257626792801,42.8079666521038,False,False,False,False,False
main,Agglomerative-ward,3.0,11,-1,continuous,13,1683,8008,17.366628830874006,5.755035111942611,4.843088270627931,11.919191376217462,18.949751572664113,27.093030753803173,False,False,False,False,False
main,Agglomerative-ward,3.0,12,-1,continuous,12,1814,7877,18.718398514085234,5.57563645921705,4.675699772641012,11.553992511025081,17.436551507314192,27.093030753803173,False,False,False,False,False
main,Agglomerative-ward,3.0,13,-1,continuous,11,1837,7854,18.955732122587968,5.4803700041471615,4.645672379857868,11.299644699057454,17.034134455227026,27.093030753803173,False,False,False,False,False
main,Agglomerative-ward,3.0,14,-1,continuous,11,1817,7874,18.749355071716025,5.204697149428896,4.604597663299725,10.846357549316409,17.034134455227026,27.093030753803173,False,False,False,False,False
main,Agglomerative-ward,3.0,15,-1,continuous,11,1848,7843,19.069239500567537,5.112430735687412,4.604597663299725,10.299528171505525,14.18690912501696,26.74652534653424,False,False,False,False,False
main,Agglomerative-ward,3.0,16,-1,continuous,11,2351,7340,24.259622329996905,4.808293948390304,4.325314804560824,10.043337460314918,12.915441610247258,26.74652534653424,False,False,False,False,False
main,Agglomerative-ward,3.0,17,-1,continuous,11,2560,7131,26.41626251160871,4.646861390647375,4.251093514633954,9.873796644510309,12.915441610247258,26.74652534653424,False,False,False,False,False
main,Agglomerative-ward,3.0,18,-1,continuous,10,2591,7100,26.73614694046022,4.571626509152129,4.23149112751574,9.873796644510309,12.459848252837357,25.16693052939989,False,False,False,False,False
main,Agglomerative-ward,3.0,19,-1,continuous,8,2698,6993,27.840264162625115,4.477224832276452,4.1114721728225545,9.873796644510309,12.459848252837357,25.16693052939989,False,False,False,False,False
main,Agglomerative-ward,3.0,20,-1,continuous,8,2892,6799,29.842121556082965,4.27551585289597,3.9813394224912497,9.81447058450188,11.446667741103669,25.16693052939989,False,False,False,False,False
main,Agglomerative-ward,3.0,21,-1,continuous,7,2953,6738,30.47157156124239,4.234825927920976,3.9544852610352854,9.430330829540056,11.446667741103669,25.16693052939989,False,False,False,False,False
main,Agglomerative-ward,3.0,22,-1,continuous,7,3033,6658,31.297079764730164,4.162708934019621,3.9333009104139967,9.311176291914215,11.311222027840348,18.123691003342817,False,False,False,False,False
main,Agglomerative-ward,3.0,23,-1,continuous,7,3323,6368,34.28954700237334,3.9932861169329033,3.7368146113299816,8.481284120906004,10.452742788659368,18.123691003342817,False,False,False,False,False
main,Agglomerative-ward,3.0,24,-1,continuous,7,4146,5545,42.781962645753794,3.6933893658374455,3.368840689776594,8.44366865454524,10.452742788659368,18.123691003342817,False,False,False,False,False
main,Agglomerative-ward,3.0,25,-1,continuous,7,4182,5509,43.15344133732329,3.65882367826309,3.3364458291895303,8.324557780315542,10.452742788659368,17.268296834427396,False,False,False,False,False
main,Agglomerative-ward,3.0,26,-1,continuous,7,4338,5353,44.763182334124444,3.6037945446585,3.268011825118023,8.324557780315542,10.452742788659368,17.268296834427396,False,False,False,False,False
main,Agglomerative-ward,3.0,27,-1,continuous,6,4347,5344,44.85605200701682,3.5812494721811974,3.267474924527236,7.928745066108682,10.299528171505525,17.268296834427396,False,False,False,False,False
main,Agglomerative-ward,3.0,28,-1,continuous,6,4429,5262,45.70219791559179,3.542673696162456,3.211930743888117,7.912075157685663,10.299528171505525,17.268296834427396,False,False,False,False,False
main,Agglomerative-ward,3.0,29,-1,continuous,5,4558,5133,47.033329893715816,3.485983236958822,3.148080055338734,7.358796458313008,10.299528171505525,17.268296834427396,False,False,False,False,False
main,Agglomerative-ward,3.0,30,-1,continuous,5,4775,4916,49.2725208956764,3.352504257460522,3.0465520383895837,7.206357867594351,10.299528171505525,17.268296834427396,False,False,False,False,False
main,Agglomerative-ward,3.0,31,-1,continuous,5,4987,4704,51.460117634918994,3.2423465038930828,2.953514591206668,6.5706675312517415,10.299528171505525,17.268296834427396,False,False,False,False,False
main,Agglomerative-ward,3.0,32,-1,continuous,6,5026,4665,51.86255288411929,3.2060894407375344,2.9438759425600662,6.400895904132902,9.828117173418315,17.268296834427396,False,False,False,False,False
main,Agglomerative-ward,3.0,33,-1,continuous,6,5375,4316,55.463832421834695,2.9443868268503066,2.7587312986278656,5.64334086063038,8.640760124417893,17.268296834427396,False,False,False,False,False
main,Agglomerative-ward,3.0,34,-1,continuous,5,5423,4268,55.95913734392735,2.9177813883552486,2.7474430838778736,5.586767091897132,8.640760124417893,17.268296834427396,False,False,False,False,False
main,Agglomerative-ward,3.0,35,-1,continuous,5,5542,4149,57.18708079661542,2.886343686773605,2.710980036088571,5.565557530101189,8.640760124417893,17.268296834427396,False,False,False,False,False
main,Agglomerative-ward,3.0,36,-1,continuous,5,5603,4088,57.816530801774846,2.847490529567036,2.6931942489318774,5.5042178431648665,8.640760124417893,17.268296834427396,False,False,False,False,False
main,Agglomerative-ward,3.0,37,-1,continuous,5,5744,3947,59.271489010422044,2.8105750076640112,2.629545849134264,5.437775869325561,8.640760124417893,17.268296834427396,False,False,False,False,False
main,Agglomerative-ward,3.0,38,-1,continuous,3,5790,3901,59.74615622742751,2.752067315318694,2.607377677175443,5.3927900442286845,7.1296851217591914,15.264598378487985,False,False,False,False,False
main,Agglomerative-ward,3.0,39,-1,continuous,3,5807,3884,59.92157672066866,2.740479678021109,2.6036330737801605,5.35917057303148,6.6061157974916425,15.264598378487985,False,False,False,False,False
main,Agglomerative-ward,3.0,40,-1,continuous,3,5907,3784,60.953461975028375,2.710404842557466,2.568310809961546,5.16827765750267,6.471169644502528,15.264598378487985,False,False,False,False,False
main,Agglomerative-ward,3.0,41,-1,continuous,3,6824,2867,70.41584975750696,2.4909000853969125,2.225333515941104,5.16827765750267,6.471169644502528,15.264598378487985,False,False,False,False,False
main,Agglomerative-ward,3.0,42,-1,continuous,3,7173,2518,74.01712929522238,2.3830952621870543,2.106875182452187,4.92407793510625,6.471169644502528,15.264598378487985,False,False,False,False,False
main,Agglomerative-ward,3.0,43,-1,continuous,3,7230,2461,74.60530389020741,2.3604197468626187,2.0789124353021102,4.92407793510625,6.471169644502528,15.264598378487985,False,False,False,False,False
main,Agglomerative-ward,3.0,44,-1,continuous,3,7267,2424,74.98710143432051,2.3380134761827573,2.075854426118523,4.845975356970814,6.471169644502528,15.264598378487985,False,False,False,False,False
main,Agglomerative-ward,3.0,45,-1,continuous,3,7305,2386,75.3792178309772,2.3260925631650196,2.075854426118523,4.6670044582733725,6.471169644502528,15.264598378487985,False,False,False,False,False
main,Agglomerative-ward,3.0,46,-1,continuous,3,7344,2347,75.78165308017748,2.302107724811396,2.0712716952867507,4.636295810146419,6.074588939724234,15.264598378487985,False,False,False,False,False
main,Agglomerative-ward,3.0,47,-1,continuous,3,7396,2295,76.31823341244454,2.2861142791024123,2.0467249335760735,4.536060420724363,6.074588939724234,15.264598378487985,False,False,False,False,False
main,Agglomerative-ward,3.0,48,-1,continuous,2,7449,2242,76.86513259725518,2.2582513162347304,2.0444914751645786,4.510880951792637,6.074588939724234,15.264598378487985,False,False,False,False,False
main,Agglomerative-ward,3.0,49,-1,continuous,2,7532,2159,77.72159735837374,2.233776947727307,2.0194145700390447,4.447733315343407,6.074588939724234,15.264598378487985,False,False,False,False,False
main,Agglomerative-ward,3.0,50,-1,continuous,1,7552,2139,77.92797440924569,2.2224326950417246,2.011641654243981,4.440261765669887,6.074588939724234,15.264598378487985,False,False,False,False,False
main,Agglomerative-ward,3.0,51,-1,continuous,1,7557,2134,77.97956867196368,2.212765773426581,2.0097752874758714,4.404531690433675,6.074588939724234,15.264598378487985,False,False,False,False,False
main,Agglomerative-ward,3.0,52,-1,continuous,1,7633,2058,78.76380146527706,2.1867814217882118,1.9817639987314541,4.337606393829281,6.074588939724234,15.264598378487985,False,False,False,False,False
main,Agglomerative-ward,3.0,53,-1,continuous,1,7870,1821,81.20936951810958,2.1189637214369683,1.941066398094831,4.199926326101654,6.074588939724234,15.264598378487985,False,False,False,False,False
main,Agglomerative-ward,3.0,54,-1,continuous,1,7886,1805,81.37447115880714,2.110315216785954,1.9398164375128588,4.199926326101654,6.074588939724234,15.264598378487985,False,False,False,False,False
main,Agglomerative-ward,3.0,55,-1,continuous,1,7896,1795,81.47765968424311,2.1070005223957997,1.9370122528266243,4.199926326101654,6.074588939724234,15.264598378487985,False,False,False,False,False
main,Agglomerative-ward,3.0,56,-1,continuous,1,7897,1794,81.48797853678671,2.1049082005246706,1.9248852413924868,4.199926326101654,6.074588939724234,8.476521242362951,False,False,False,False,False
main,Agglomerative-ward,3.0,57,-1,continuous,1,7925,1766,81.77690640800743,2.0937449936156507,1.923367933169736,4.199926326101654,6.074588939724234,8.476521242362951,False,False,False,False,False
main,Agglomerative-ward,3.0,58,-1,continuous,1,8035,1656,82.91198018780311,2.066742198785613,1.8889378582449452,4.134739333831918,6.074588939724234,8.476521242362951,False,False,False,False,False
main,Agglomerative-ward,3.0,59,-1,continuous,1,8045,1646,83.01516871323909,2.059961850301185,1.8838217175229461,4.134739333831918,6.074588939724234,8.476521242362951,False,False,False,False,False
main,Agglomerative-ward,3.0,60,-1,continuous,1,8062,1629,83.19058920648024,2.048447116159488,1.8716159336747826,4.110150174243761,6.074588939724234,8.476521242362951,False,False,False,False,False
main,Agglomerative-ward,3.0,61,-1,continuous,1,8205,1486,84.66618512021464,1.9614155929321653,1.7910361515176252,4.110150174243761,6.074588939724234,8.476521242362951,False,False,False,False,False
main,Agglomerative-ward,3.0,62,-1,continuous,1,8237,1454,84.99638840160974,1.9487167680773358,1.7701938708143943,4.110150174243761,6.074588939724234,8.476521242362951,False,False,False,False,False
main,Agglomerative-ward,3.0,63,-1,continuous,1,8267,1424,85.30595397791765,1.9369414838721817,1.7687119311874915,3.945693455698156,6.074588939724234,8.476521242362951,False,False,False,False,False
main,Agglomerative-ward,3.0,64,-1,continuous,1,8352,1339,86.18305644412341,1.9128339269793624,1.7618575827541136,3.945693455698156,6.074588939724234,8.476521242362951,False,False,False,False,False
main,Agglomerative-ward,3.0,65,-1,continuous,1,8416,1275,86.84346300691364,1.8964159062064674,1.75745358336226,3.945693455698156,6.074588939724234,8.476521242362951,False,False,False,False,False
main,Agglomerative-ward,3.0,66,-1,continuous,1,8700,991,89.77401712929522,1.7975602937906505,1.7349100582268444,3.401604308286464,5.154687798229854,8.476521242362951,False,False,False,False,False
main,Agglomerative-ward,3.0,67,-1,continuous,1,8714,977,89.91848106490558,1.7918873099615216,1.7349100582268444,3.372619417478407,5.154687798229854,8.476521242362951,False,False,False,False,False
main,Agglomerative-ward,3.0,68,-1,continuous,1,8722,969,90.00103188525436,1.7855273622612744,1.732968431250524,3.3651745961708563,5.154687798229854,8.476521242362951,False,False,False,False,False
main,Agglomerative-ward,3.0,69,-1,continuous,1,8740,951,90.1867712310391,1.778290408417803,1.732968431250524,3.3387799871976074,5.154687798229854,8.476521242362951,False,False,False,False,False
main,Agglomerative-ward,3.0,70,-1,continuous,1,8763,928,90.42410483954184,1.7674534946961789,1.7216384091698045,3.3387799871976074,5.154687798229854,8.476521242362951,False,False,False,False,False
main,Agglomerative-ward,3.0,71,-1,continuous,1,8808,883,90.88845320400371,1.748962914056799,1.7139853882534077,3.3387799871976074,5.154687798229854,8.476521242362951,False,False,False,False,False
main,Agglomerative-ward,3.0,72,-1,continuous,1,8848,843,91.3012073057476,1.7281608429465765,1.6702622468067418,3.334563143333576,4.65998641001609,8.476521242362951,False,False,False,False,False
main,Agglomerative-ward,3.0,73,-1,continuous,1,9034,657,93.22051387885666,1.6860961052814343,1.6214244402152922,3.1104087330441796,4.65998641001609,8.476521242362951,False,False,False,False,False
main,Agglomerative-ward,3.0,74,-1,continuous,1,9053,638,93.41657207718502,1.6787322337843964,1.6214244402152922,3.0994236641843584,4.620806684161795,8.476521242362951,False,False,False,False,False
main,Agglomerative-ward,3.0,75,-1,continuous,1,9078,613,93.67454339077494,1.6704590488089954,1.608702519506504,3.097871580919675,4.620806684161795,8.476521242362951,False,False,False,False,False
main,Agglomerative-ward,3.0,76,-1,continuous,1,9136,555,94.27303683830358,1.656992826646488,1.6033592782065327,3.0701250666536857,4.304254684242705,8.476521242362951,False,False,False,False,False
main,Agglomerative-ward,3.0,77,-1,continuous,1,9147,544,94.38654421628316,1.6467987937023356,1.5787432538174955,3.0701250666536857,4.304254684242705,8.476521242362951,False,False,False,False,False
main,Agglomerative-ward,3.0,78,-1,continuous,1,9167,524,94.59292126715509,1.6342450424513224,1.5419886065517272,3.0701250666536857,4.304254684242705,8.476521242362951,False,False,False,False,False
main,Agglomerative-ward,3.0,79,-1,continuous,1,9167,524,94.59292126715509,1.625130981998197,1.5276945494981047,3.0701250666536857,4.304254684242705,8.476521242362951,False,False,False,False,False
main,Agglomerative-ward,3.0,80,-1,continuous,1,9216,475,95.09854504179135,1.6053351384870707,1.499134313255914,2.996582310684295,4.304254684242705,8.476521242362951,True,True,True,True,True
main,Agglomerative-ward,5.0,1,-1,continuous,21,774,8917,7.986791868744196,18.042663746156027,14.629005418617778,42.168897169830835,54.527968353498565,78.96300548880382,False,False,False,False,False
main,Agglomerative-ward,5.0,2,-1,continuous,21,619,9072,6.387369724486637,13.597584986563449,11.476032182903497,32.844895640216286,49.3486895706488,70.06155558516541,False,False,False,False,False
main,Agglomerative-ward,5.0,3,-1,continuous,20,1509,8182,15.571148488288102,11.592329443016512,10.54072398691601,27.56159823731534,40.87887788586172,58.3429673034723,False,False,False,False,False
main,Agglomerative-ward,5.0,4,-1,continuous,17,1589,8102,16.396656691775874,10.15114766560334,8.717739242450676,21.4348049196734,34.45438550464447,54.507460898897605,False,False,False,False,False
main,Agglomerative-ward,5.0,5,-1,continuous,17,2001,7690,20.6480239397379,8.835711935314743,7.780927191435269,18.086706797539176,29.756945394618572,54.507460898897605,False,False,False,False,False
main,Agglomerative-ward,5.0,6,-1,continuous,15,2528,7163,26.0860592302136,7.905774031434038,6.9188532074536715,16.563908924182215,23.657546152335623,54.507460898897605,False,False,False,False,False
main,Agglomerative-ward,5.0,7,-1,continuous,15,2968,6723,30.626354349396347,7.486120756284216,6.619847428101551,15.168856522113737,23.657546152335623,42.8079666521038,False,False,False,False,False
main,Agglomerative-ward,5.0,8,-1,continuous,11,3048,6643,31.45186255288412,6.850397181327437,6.429679524052745,13.465476318876423,23.657546152335623,42.8079666521038,False,False,False,False,False
main,Agglomerative-ward,5.0,9,-1,continuous,11,4883,4808,50.386956970384894,6.078284557952561,4.945947259919125,13.465476318876423,23.657546152335623,42.8079666521038,False,False,False,False,False
main,Agglomerative-ward,5.0,10,-1,continuous,11,4992,4699,51.511711897636985,5.903111271183223,4.88099416264626,12.395759490981069,20.94257626792801,42.8079666521038,False,False,False,False,False
main,Agglomerative-ward,5.0,11,-1,continuous,10,5056,4635,52.1721184604272,5.755035111942611,4.843088270627931,11.919191376217462,18.949751572664113,27.093030753803173,False,False,False,False,False
main,Agglomerative-ward,5.0,12,-1,continuous,9,5262,4429,54.29780208440821,5.57563645921705,4.675699772641012,11.553992511025081,17.436551507314192,27.093030753803173,False,False,False,False,False
main,Agglomerative-ward,5.0,13,-1,continuous,8,5350,4341,55.20586110824476,5.4803700041471615,4.645672379857868,11.299644699057454,17.034134455227026,27.093030753803173,False,False,False,False,False
main,Agglomerative-ward,5.0,14,-1,continuous,7,5568,4123,57.455370962748944,5.204697149428896,4.604597663299725,10.846357549316409,17.034134455227026,27.093030753803173,False,False,False,False,False
main,Agglomerative-ward,5.0,15,-1,continuous,6,5561,4130,57.383138994943764,5.112430735687412,4.604597663299725,10.299528171505525,14.18690912501696,26.74652534653424,False,False,False,False,False
main,Agglomerative-ward,5.0,16,-1,continuous,6,5944,3747,61.335259519141474,4.808293948390304,4.325314804560824,10.043337460314918,12.915441610247258,26.74652534653424,False,False,False,False,False
main,Agglomerative-ward,5.0,17,-1,continuous,6,6140,3551,63.35775461768651,4.646861390647375,4.251093514633954,9.873796644510309,12.915441610247258,26.74652534653424,False,False,False,False,False
main,Agglomerative-ward,5.0,18,-1,continuous,5,6183,3508,63.80146527706119,4.571626509152129,4.23149112751574,9.873796644510309,12.459848252837357,25.16693052939989,False,False,False,False,False
main,Agglomerative-ward,5.0,19,-1,continuous,5,6456,3235,66.61851202146322,4.477224832276452,4.1114721728225545,9.873796644510309,12.459848252837357,25.16693052939989,False,False,False,False,False
main,Agglomerative-ward,5.0,20,-1,continuous,5,6855,2836,70.73573418635847,4.27551585289597,3.9813394224912497,9.81447058450188,11.446667741103669,25.16693052939989,False,False,False,False,False
main,Agglomerative-ward,5.0,21,-1,continuous,5,6914,2777,71.34454648643072,4.234825927920976,3.9544852610352854,9.430330829540056,11.446667741103669,25.16693052939989,False,False,False,False,False
main,Agglomerative-ward,5.0,22,-1,continuous,5,7034,2657,72.58280879166237,4.162708934019621,3.9333009104139967,9.311176291914215,11.311222027840348,18.123691003342817,False,False,False,False,False
main,Agglomerative-ward,5.0,23,-1,continuous,5,7323,2368,75.56495717676195,3.9932861169329033,3.7368146113299816,8.481284120906004,10.452742788659368,18.123691003342817,False,False,False,False,False
main,Agglomerative-ward,5.0,24,-1,continuous,5,7623,2068,78.66061293984109,3.6933893658374455,3.368840689776594,8.44366865454524,10.452742788659368,18.123691003342817,False,False,False,False,False
main,Agglomerative-ward,5.0,25,-1,continuous,5,7688,2003,79.3313383551749,3.65882367826309,3.3364458291895303,8.324557780315542,10.452742788659368,17.268296834427396,False,False,False,False,False
main,Agglomerative-ward,5.0,26,-1,continuous,5,7771,1920,80.18780311629347,3.6037945446585,3.268011825118023,8.324557780315542,10.452742788659368,17.268296834427396,False,False,False,False,False
main,Agglomerative-ward,5.0,27,-1,continuous,4,7797,1894,80.45609328242699,3.5812494721811974,3.267474924527236,7.928745066108682,10.299528171505525,17.268296834427396,False,False,False,False,False
main,Agglomerative-ward,5.0,28,-1,continuous,4,7885,1806,81.36415230626355,3.542673696162456,3.211930743888117,7.912075157685663,10.299528171505525,17.268296834427396,False,False,False,False,False
main,Agglomerative-ward,5.0,29,-1,continuous,4,7953,1738,82.06583427922816,3.485983236958822,3.148080055338734,7.358796458313008,10.299528171505525,17.268296834427396,False,False,False,False,False
main,Agglomerative-ward,5.0,30,-1,continuous,4,8231,1460,84.93447528634816,3.352504257460522,3.0465520383895837,7.206357867594351,10.299528171505525,17.268296834427396,False,False,False,False,False
main,Agglomerative-ward,5.0,31,-1,continuous,4,8332,1359,85.97667939325147,3.2423465038930828,2.953514591206668,6.5706675312517415,10.299528171505525,17.268296834427396,False,False,False,False,False
main,Agglomerative-ward,5.0,32,-1,continuous,3,8406,1285,86.74027448147766,3.2060894407375344,2.9438759425600662,6.400895904132902,9.828117173418315,17.268296834427396,False,False,False,False,False
main,Agglomerative-ward,5.0,33,-1,continuous,3,8881,810,91.6417294396863,2.9443868268503066,2.7587312986278656,5.64334086063038,8.640760124417893,17.268296834427396,False,False,False,False,False
main,Agglomerative-ward,5.0,34,-1,continuous,3,8926,765,92.10607780414819,2.9177813883552486,2.7474430838778736,5.586767091897132,8.640760124417893,17.268296834427396,False,False,False,False,False
main,Agglomerative-ward,5.0,35,-1,continuous,3,8951,740,92.3640491177381,2.886343686773605,2.710980036088571,5.565557530101189,8.640760124417893,17.268296834427396,False,False,False,False,False
main,Agglomerative-ward,5.0,36,-1,continuous,3,9020,671,93.07604994324632,2.847490529567036,2.6931942489318774,5.5042178431648665,8.640760124417893,17.268296834427396,False,False,False,False,False
main,Agglomerative-ward,5.0,37,-1,continuous,3,9046,645,93.34434010937984,2.8105750076640112,2.629545849134264,5.437775869325561,8.640760124417893,17.268296834427396,False,False,False,False,False
main,Agglomerative-ward,5.0,38,-1,continuous,1,9092,599,93.8190073263853,2.752067315318694,2.607377677175443,5.3927900442286845,7.1296851217591914,15.264598378487985,False,False,False,False,False
main,Agglomerative-ward,5.0,39,-1,continuous,1,9120,571,94.10793519760603,2.740479678021109,2.6036330737801605,5.35917057303148,6.6061157974916425,15.264598378487985,False,False,False,False,False
main,Agglomerative-ward,5.0,40,-1,continuous,1,9193,498,94.86121143328862,2.710404842557466,2.568310809961546,5.16827765750267,6.471169644502528,15.264598378487985,False,False,False,False,False
main,Agglomerative-ward,5.0,41,-1,continuous,1,9193,498,94.86121143328862,2.4909000853969125,2.225333515941104,5.16827765750267,6.471169644502528,15.264598378487985,False,False,False,False,False
main,Agglomerative-ward,5.0,42,-1,continuous,1,9247,444,95.41842947064286,2.3830952621870543,2.106875182452187,4.92407793510625,6.471169644502528,15.264598378487985,True,False,True,False,False
main,Agglomerative-ward,5.0,43,-1,continuous,1,9255,436,95.50098029099165,2.3604197468626187,2.0789124353021102,4.92407793510625,6.471169644502528,15.264598378487985,True,False,False,False,False
main,Agglomerative-ward,5.0,44,-1,continuous,1,9274,417,95.69703848932,2.3380134761827573,2.075854426118523,4.845975356970814,6.471169644502528,15.264598378487985,True,False,False,False,False
main,Agglomerative-ward,5.0,45,-1,continuous,1,9296,395,95.92405324527913,2.3260925631650196,2.075854426118523,4.6670044582733725,6.471169644502528,15.264598378487985,True,False,False,False,False
main,Agglomerative-ward,5.0,46,-1,continuous,1,9338,353,96.35744505211021,2.302107724811396,2.0712716952867507,4.636295810146419,6.074588939724234,15.264598378487985,True,False,True,False,False
main,Agglomerative-ward,5.0,47,-1,continuous,1,9345,346,96.42967701991539,2.2861142791024123,2.0467249335760735,4.536060420724363,6.074588939724234,15.264598378487985,True,False,False,False,False
main,Agglomerative-ward,5.0,48,-1,continuous,1,9365,326,96.63605407078732,2.2582513162347304,2.0444914751645786,4.510880951792637,6.074588939724234,15.264598378487985,True,False,False,False,False
main,Agglomerative-ward,5.0,49,-1,continuous,1,9365,326,96.63605407078732,2.233776947727307,2.0194145700390447,4.447733315343407,6.074588939724234,15.264598378487985,True,False,False,False,False
main,Agglomerative-ward,5.0,50,-1,continuous,1,9370,321,96.68764833350531,2.2224326950417246,2.011641654243981,4.440261765669887,6.074588939724234,15.264598378487985,True,False,False,False,False
main,Agglomerative-ward,5.0,51,-1,continuous,1,9375,316,96.7392425962233,2.212765773426581,2.0097752874758714,4.404531690433675,6.074588939724234,15.264598378487985,True,False,False,False,False
main,Agglomerative-ward,5.0,52,-1,continuous,1,9413,278,97.13135899288,2.1867814217882118,1.9817639987314541,4.337606393829281,6.074588939724234,15.264598378487985,True,False,False,False,False
main,Agglomerative-ward,5.0,53,-1,continuous,1,9434,257,97.34805489629554,2.1189637214369683,1.941066398094831,4.199926326101654,6.074588939724234,15.264598378487985,True,False,False,False,False
main,Agglomerative-ward,5.0,54,-1,continuous,1,9443,248,97.4409245691879,2.110315216785954,1.9398164375128588,4.199926326101654,6.074588939724234,15.264598378487985,True,False,False,False,False
main,Agglomerative-ward,5.0,55,-1,continuous,1,9445,246,97.4615622742751,2.1070005223957997,1.9370122528266243,4.199926326101654,6.074588939724234,15.264598378487985,True,False,False,False,False
main,Agglomerative-ward,5.0,56,-1,continuous,1,9446,245,97.4718811268187,2.1049082005246706,1.9248852413924868,4.199926326101654,6.074588939724234,8.476521242362951,True,False,False,False,False
main,Agglomerative-ward,5.0,57,-1,continuous,1,9451,240,97.52347538953669,2.0937449936156507,1.923367933169736,4.199926326101654,6.074588939724234,8.476521242362951,True,False,False,False,False
main,Agglomerative-ward,5.0,58,-1,continuous,1,9451,240,97.52347538953669,2.066742198785613,1.8889378582449452,4.134739333831918,6.074588939724234,8.476521242362951,True,False,False,False,False
main,Agglomerative-ward,5.0,59,-1,continuous,1,9456,235,97.57506965225467,2.059961850301185,1.8838217175229461,4.134739333831918,6.074588939724234,8.476521242362951,True,False,False,False,False
main,Agglomerative-ward,5.0,60,-1,continuous,1,9456,235,97.57506965225467,2.048447116159488,1.8716159336747826,4.110150174243761,6.074588939724234,8.476521242362951,True,False,False,False,False
main,Agglomerative-ward,5.0,61,-1,continuous,1,9456,235,97.57506965225467,1.9614155929321653,1.7910361515176252,4.110150174243761,6.074588939724234,8.476521242362951,True,False,False,False,False
main,Agglomerative-ward,5.0,62,-1,continuous,1,9456,235,97.57506965225467,1.9487167680773358,1.7701938708143943,4.110150174243761,6.074588939724234,8.476521242362951,True,False,False,False,False
main,Agglomerative-ward,5.0,63,-1,continuous,1,9453,238,97.54411309462388,1.9369414838721817,1.7687119311874915,3.945693455698156,6.074588939724234,8.476521242362951,True,False,False,False,False
main,Agglomerative-ward,5.0,64,-1,continuous,1,9461,230,97.62666391497265,1.9128339269793624,1.7618575827541136,3.945693455698156,6.074588939724234,8.476521242362951,True,False,False,False,False
main,Agglomerative-ward,5.0,65,-1,continuous,1,9461,230,97.62666391497265,1.8964159062064674,1.75745358336226,3.945693455698156,6.074588939724234,8.476521242362951,True,False,False,False,False
main,Agglomerative-ward,5.0,66,-1,continuous,1,9577,114,98.82365081002992,1.7975602937906505,1.7349100582268444,3.401604308286464,5.154687798229854,8.476521242362951,True,False,False,False,False
main,Agglomerative-ward,5.0,67,-1,continuous,1,9577,114,98.82365081002992,1.7918873099615216,1.7349100582268444,3.372619417478407,5.154687798229854,8.476521242362951,True,False,False,False,False
main,Agglomerative-ward,5.0,68,-1,continuous,1,9581,110,98.86492622020431,1.7855273622612744,1.732968431250524,3.3651745961708563,5.154687798229854,8.476521242362951,True,False,False,False,False
main,Agglomerative-ward,5.0,69,-1,continuous,1,9581,110,98.86492622020431,1.778290408417803,1.732968431250524,3.3387799871976074,5.154687798229854,8.476521242362951,True,False,False,False,False
main,Agglomerative-ward,5.0,70,-1,continuous,1,9581,110,98.86492622020431,1.7674534946961789,1.7216384091698045,3.3387799871976074,5.154687798229854,8.476521242362951,True,False,False,False,False
main,Agglomerative-ward,5.0,71,-1,continuous,1,9581,110,98.86492622020431,1.748962914056799,1.7139853882534077,3.3387799871976074,5.154687798229854,8.476521242362951,True,False,False,False,False
main,Agglomerative-ward,5.0,72,-1,continuous,1,9618,73,99.24672376431741,1.7281608429465765,1.6702622468067418,3.334563143333576,4.65998641001609,8.476521242362951,True,False,False,False,False
main,Agglomerative-ward,5.0,73,-1,continuous,1,9620,71,99.2673614694046,1.6860961052814343,1.6214244402152922,3.1104087330441796,4.65998641001609,8.476521242362951,True,False,False,False,False
main,Agglomerative-ward,5.0,74,-1,continuous,1,9630,61,99.37054999484057,1.6787322337843964,1.6214244402152922,3.0994236641843584,4.620806684161795,8.476521242362951,True,False,False,False,False
main,Agglomerative-ward,5.0,75,-1,continuous,1,9630,61,99.37054999484057,1.6704590488089954,1.608702519506504,3.097871580919675,4.620806684161795,8.476521242362951,True,False,False,False,False
main,Agglomerative-ward,5.0,76,-1,continuous,1,9646,45,99.53565163553813,1.656992826646488,1.6033592782065327,3.0701250666536857,4.304254684242705,8.476521242362951,True,False,False,False,False
main,Agglomerative-ward,5.0,77,-1,continuous,1,9646,45,99.53565163553813,1.6467987937023356,1.5787432538174955,3.0701250666536857,4.304254684242705,8.476521242362951,True,False,False,False,False
main,Agglomerative-ward,5.0,78,-1,continuous,1,9646,45,99.53565163553813,1.6342450424513224,1.5419886065517272,3.0701250666536857,4.304254684242705,8.476521242362951,True,False,False,False,False
main,Agglomerative-ward,5.0,79,-1,continuous,1,9646,45,99.53565163553813,1.625130981998197,1.5276945494981047,3.0701250666536857,4.304254684242705,8.476521242362951,True,False,False,False,False
main,Agglomerative-ward,5.0,80,-1,continuous,1,9646,45,99.53565163553813,1.6053351384870707,1.499134313255914,2.996582310684295,4.304254684242705,8.476521242362951,True,False,False,False,False
main,Agglomerative-ward,10.0,1,-1,continuous,20,2478,7213,25.570116603033743,18.042663746156027,14.629005418617778,42.168897169830835,54.527968353498565,78.96300548880382,False,False,False,False,False
main,Agglomerative-ward,10.0,2,-1,continuous,17,3747,5944,38.664740480858526,13.597584986563449,11.476032182903497,32.844895640216286,49.3486895706488,70.06155558516541,False,False,False,False,False
main,Agglomerative-ward,10.0,3,-1,continuous,17,4594,5097,47.404808585285316,11.592329443016512,10.54072398691601,27.56159823731534,40.87887788586172,58.3429673034723,False,False,False,False,False
main,Agglomerative-ward,10.0,4,-1,continuous,13,5513,4178,56.8878340728511,10.15114766560334,8.717739242450676,21.4348049196734,34.45438550464447,54.507460898897605,False,False,False,False,False
main,Agglomerative-ward,10.0,5,-1,continuous,11,6755,2936,69.70384893199876,8.835711935314743,7.780927191435269,18.086706797539176,29.756945394618572,54.507460898897605,False,False,False,False,False
main,Agglomerative-ward,10.0,6,-1,continuous,11,7270,2421,75.0180579919513,7.905774031434038,6.9188532074536715,16.563908924182215,23.657546152335623,54.507460898897605,False,False,False,False,False
main,Agglomerative-ward,10.0,7,-1,continuous,10,7329,2362,75.62687029202353,7.486120756284216,6.619847428101551,15.168856522113737,23.657546152335623,42.8079666521038,False,False,False,False,False
main,Agglomerative-ward,10.0,8,-1,continuous,8,8250,1441,85.1305334846765,6.850397181327437,6.429679524052745,13.465476318876423,23.657546152335623,42.8079666521038,False,False,False,False,False
main,Agglomerative-ward,10.0,9,-1,continuous,8,8373,1318,86.39975234753895,6.078284557952561,4.945947259919125,13.465476318876423,23.657546152335623,42.8079666521038,False,False,False,False,False
main,Agglomerative-ward,10.0,10,-1,continuous,8,8511,1180,87.82375399855536,5.903111271183223,4.88099416264626,12.395759490981069,20.94257626792801,42.8079666521038,False,False,False,False,False
main,Agglomerative-ward,10.0,11,-1,continuous,6,8604,1087,88.7834072851099,5.755035111942611,4.843088270627931,11.919191376217462,18.949751572664113,27.093030753803173,False,False,False,False,False
main,Agglomerative-ward,10.0,12,-1,continuous,4,8649,1042,89.24775564957177,5.57563645921705,4.675699772641012,11.553992511025081,17.436551507314192,27.093030753803173,False,False,False,False,False
main,Agglomerative-ward,10.0,13,-1,continuous,3,8705,986,89.82561139201322,5.4803700041471615,4.645672379857868,11.299644699057454,17.034134455227026,27.093030753803173,False,False,False,False,False
main,Agglomerative-ward,10.0,14,-1,continuous,3,9022,669,93.0966876483335,5.204697149428896,4.604597663299725,10.846357549316409,17.034134455227026,27.093030753803173,False,False,False,False,False
main,Agglomerative-ward,10.0,15,-1,continuous,2,9093,598,93.82932617892891,5.112430735687412,4.604597663299725,10.299528171505525,14.18690912501696,26.74652534653424,False,False,False,False,False
main,Agglomerative-ward,10.0,16,-1,continuous,2,9179,512,94.71674749767826,4.808293948390304,4.325314804560824,10.043337460314918,12.915441610247258,26.74652534653424,False,False,False,False,False
main,Agglomerative-ward,10.0,17,-1,continuous,2,9230,461,95.24300897740171,4.646861390647375,4.251093514633954,9.873796644510309,12.915441610247258,26.74652534653424,True,False,True,False,True
main,Agglomerative-ward,10.0,18,-1,continuous,2,9303,388,95.9962852130843,4.571626509152129,4.23149112751574,9.873796644510309,12.459848252837357,25.16693052939989,True,False,True,False,False
main,Agglomerative-ward,10.0,19,-1,continuous,2,9303,388,95.9962852130843,4.477224832276452,4.1114721728225545,9.873796644510309,12.459848252837357,25.16693052939989,True,False,False,False,False
main,Agglomerative-ward,10.0,20,-1,continuous,2,9372,319,96.7082860385925,4.27551585289597,3.9813394224912497,9.81447058450188,11.446667741103669,25.16693052939989,True,False,True,False,False
main,Agglomerative-ward,10.0,21,-1,continuous,2,9388,303,96.87338767929006,4.234825927920976,3.9544852610352854,9.430330829540056,11.446667741103669,25.16693052939989,True,False,False,False,False
main,Agglomerative-ward,10.0,22,-1,continuous,2,9408,283,97.07976473016201,4.162708934019621,3.9333009104139967,9.311176291914215,11.311222027840348,18.123691003342817,True,False,False,False,False
main,Agglomerative-ward,10.0,23,-1,continuous,2,9482,209,97.8433598183882,3.9932861169329033,3.7368146113299816,8.481284120906004,10.452742788659368,18.123691003342817,True,False,True,False,False
main,Agglomerative-ward,10.0,24,-1,continuous,2,9482,209,97.8433598183882,3.6933893658374455,3.368840689776594,8.44366865454524,10.452742788659368,18.123691003342817,True,False,False,False,False
main,Agglomerative-ward,10.0,25,-1,continuous,2,9484,207,97.86399752347539,3.65882367826309,3.3364458291895303,8.324557780315542,10.452742788659368,17.268296834427396,True,False,False,False,False
main,Agglomerative-ward,10.0,26,-1,continuous,2,9484,207,97.86399752347539,3.6037945446585,3.268011825118023,8.324557780315542,10.452742788659368,17.268296834427396,True,False,False,False,False
main,Agglomerative-ward,10.0,27,-1,continuous,2,9501,190,98.03941801671654,3.5812494721811974,3.267474924527236,7.928745066108682,10.299528171505525,17.268296834427396,True,False,False,False,False
main,Agglomerative-ward,10.0,28,-1,continuous,2,9501,190,98.03941801671654,3.542673696162456,3.211930743888117,7.912075157685663,10.299528171505525,17.268296834427396,True,False,False,False,False
main,Agglomerative-ward,10.0,29,-1,continuous,2,9501,190,98.03941801671654,3.485983236958822,3.148080055338734,7.358796458313008,10.299528171505525,17.268296834427396,True,False,False,False,False
main,Agglomerative-ward,10.0,30,-1,continuous,2,9584,107,98.8958827778351,3.352504257460522,3.0465520383895837,7.206357867594351,10.299528171505525,17.268296834427396,True,False,False,False,False
main,Agglomerative-ward,10.0,31,-1,continuous,2,9584,107,98.8958827778351,3.2423465038930828,2.953514591206668,6.5706675312517415,10.299528171505525,17.268296834427396,True,False,False,False,False
main,Agglomerative-ward,10.0,32,-1,continuous,1,9628,63,99.34991228975338,3.2060894407375344,2.9438759425600662,6.400895904132902,9.828117173418315,17.268296834427396,True,False,False,False,False
main,Agglomerative-ward,10.0,33,-1,continuous,1,9645,46,99.52533278299452,2.9443868268503066,2.7587312986278656,5.64334086063038,8.640760124417893,17.268296834427396,True,False,False,False,False
main,Agglomerative-ward,10.0,34,-1,continuous,1,9658,33,99.6594778660613,2.9177813883552486,2.7474430838778736,5.586767091897132,8.640760124417893,17.268296834427396,True,False,False,False,False
main,Agglomerative-ward,10.0,35,-1,continuous,1,9658,33,99.6594778660613,2.886343686773605,2.710980036088571,5.565557530101189,8.640760124417893,17.268296834427396,True,False,False,False,False
main,Agglomerative-ward,10.0,36,-1,continuous,1,9658,33,99.6594778660613,2.847490529567036,2.6931942489318774,5.5042178431648665,8.640760124417893,17.268296834427396,True,False,False,False,False
main,Agglomerative-ward,10.0,37,-1,continuous,1,9658,33,99.6594778660613,2.8105750076640112,2.629545849134264,5.437775869325561,8.640760124417893,17.268296834427396,True,False,False,False,False
main,Agglomerative-ward,10.0,38,-1,continuous,0,9682,9,99.90713032710762,2.752067315318694,2.607377677175443,5.3927900442286845,7.1296851217591914,15.264598378487985,True,False,True,False,False
main,Agglomerative-ward,10.0,39,-1,continuous,0,9682,9,99.90713032710762,2.740479678021109,2.6036330737801605,5.35917057303148,6.6061157974916425,15.264598378487985,True,False,True,False,False
main,Agglomerative-ward,10.0,40,-1,continuous,0,9682,9,99.90713032710762,2.710404842557466,2.568310809961546,5.16827765750267,6.471169644502528,15.264598378487985,True,False,True,False,False
main,Agglomerative-ward,10.0,41,-1,continuous,0,9682,9,99.90713032710762,2.4909000853969125,2.225333515941104,5.16827765750267,6.471169644502528,15.264598378487985,True,False,False,False,False
main,Agglomerative-ward,10.0,42,-1,continuous,0,9682,9,99.90713032710762,2.3830952621870543,2.106875182452187,4.92407793510625,6.471169644502528,15.264598378487985,True,False,False,False,False
main,Agglomerative-ward,10.0,43,-1,continuous,0,9682,9,99.90713032710762,2.3604197468626187,2.0789124353021102,4.92407793510625,6.471169644502528,15.264598378487985,True,False,False,False,False
main,Agglomerative-ward,10.0,44,-1,continuous,0,9682,9,99.90713032710762,2.3380134761827573,2.075854426118523,4.845975356970814,6.471169644502528,15.264598378487985,True,False,False,False,False
main,Agglomerative-ward,10.0,45,-1,continuous,0,9683,8,99.91744917965123,2.3260925631650196,2.075854426118523,4.6670044582733725,6.471169644502528,15.264598378487985,True,False,False,False,False
main,Agglomerative-ward,10.0,46,-1,continuous,0,9683,8,99.91744917965123,2.302107724811396,2.0712716952867507,4.636295810146419,6.074588939724234,15.264598378487985,True,False,True,False,False
main,Agglomerative-ward,10.0,47,-1,continuous,0,9683,8,99.91744917965123,2.2861142791024123,2.0467249335760735,4.536060420724363,6.074588939724234,15.264598378487985,True,False,False,False,False
main,Agglomerative-ward,10.0,48,-1,continuous,0,9683,8,99.91744917965123,2.2582513162347304,2.0444914751645786,4.510880951792637,6.074588939724234,15.264598378487985,True,False,False,False,False
main,Agglomerative-ward,10.0,49,-1,continuous,0,9683,8,99.91744917965123,2.233776947727307,2.0194145700390447,4.447733315343407,6.074588939724234,15.264598378487985,True,False,False,False,False
main,Agglomerative-ward,10.0,50,-1,continuous,0,9683,8,99.91744917965123,2.2224326950417246,2.011641654243981,4.440261765669887,6.074588939724234,15.264598378487985,True,False,False,False,False
main,Agglomerative-ward,10.0,51,-1,continuous,0,9688,3,99.96904344236921,2.212765773426581,2.0097752874758714,4.404531690433675,6.074588939724234,15.264598378487985,True,False,False,False,False
main,Agglomerative-ward,10.0,52,-1,continuous,0,9688,3,99.96904344236921,2.1867814217882118,1.9817639987314541,4.337606393829281,6.074588939724234,15.264598378487985,True,False,False,False,False
main,Agglomerative-ward,10.0,53,-1,continuous,0,9688,3,99.96904344236921,2.1189637214369683,1.941066398094831,4.199926326101654,6.074588939724234,15.264598378487985,True,False,False,False,False
main,Agglomerative-ward,10.0,54,-1,continuous,0,9688,3,99.96904344236921,2.110315216785954,1.9398164375128588,4.199926326101654,6.074588939724234,15.264598378487985,True,False,False,False,False
main,Agglomerative-ward,10.0,55,-1,continuous,0,9690,1,99.98968114745641,2.1070005223957997,1.9370122528266243,4.199926326101654,6.074588939724234,15.264598378487985,True,False,False,False,False
main,Agglomerative-ward,10.0,56,-1,continuous,0,9691,0,100.0,2.1049082005246706,1.9248852413924868,4.199926326101654,6.074588939724234,8.476521242362951,True,False,False,False,False
main,Agglomerative-ward,10.0,57,-1,continuous,0,9691,0,100.0,2.0937449936156507,1.923367933169736,4.199926326101654,6.074588939724234,8.476521242362951,True,False,False,False,False
main,Agglomerative-ward,10.0,58,-1,continuous,0,9691,0,100.0,2.066742198785613,1.8889378582449452,4.134739333831918,6.074588939724234,8.476521242362951,True,False,False,False,False
main,Agglomerative-ward,10.0,59,-1,continuous,0,9691,0,100.0,2.059961850301185,1.8838217175229461,4.134739333831918,6.074588939724234,8.476521242362951,True,False,False,False,False
main,Agglomerative-ward,10.0,60,-1,continuous,0,9691,0,100.0,2.048447116159488,1.8716159336747826,4.110150174243761,6.074588939724234,8.476521242362951,True,False,False,False,False
main,Agglomerative-ward,10.0,61,-1,continuous,0,9691,0,100.0,1.9614155929321653,1.7910361515176252,4.110150174243761,6.074588939724234,8.476521242362951,True,False,False,False,False
main,Agglomerative-ward,10.0,62,-1,continuous,0,9691,0,100.0,1.9487167680773358,1.7701938708143943,4.110150174243761,6.074588939724234,8.476521242362951,True,False,False,False,False
main,Agglomerative-ward,10.0,63,-1,continuous,0,9691,0,100.0,1.9369414838721817,1.7687119311874915,3.945693455698156,6.074588939724234,8.476521242362951,True,False,False,False,False
main,Agglomerative-ward,10.0,64,-1,continuous,0,9691,0,100.0,1.9128339269793624,1.7618575827541136,3.945693455698156,6.074588939724234,8.476521242362951,True,False,False,False,False
main,Agglomerative-ward,10.0,65,-1,continuous,0,9691,0,100.0,1.8964159062064674,1.75745358336226,3.945693455698156,6.074588939724234,8.476521242362951,True,False,False,False,False
main,Agglomerative-ward,10.0,66,-1,continuous,0,9691,0,100.0,1.7975602937906505,1.7349100582268444,3.401604308286464,5.154687798229854,8.476521242362951,True,False,False,False,False
main,Agglomerative-ward,10.0,67,-1,continuous,0,9691,0,100.0,1.7918873099615216,1.7349100582268444,3.372619417478407,5.154687798229854,8.476521242362951,True,False,False,False,False
main,Agglomerative-ward,10.0,68,-1,continuous,0,9691,0,100.0,1.7855273622612744,1.732968431250524,3.3651745961708563,5.154687798229854,8.476521242362951,True,False,False,False,False
main,Agglomerative-ward,10.0,69,-1,continuous,0,9691,0,100.0,1.778290408417803,1.732968431250524,3.3387799871976074,5.154687798229854,8.476521242362951,True,False,False,False,False
main,Agglomerative-ward,10.0,70,-1,continuous,0,9691,0,100.0,1.7674534946961789,1.7216384091698045,3.3387799871976074,5.154687798229854,8.476521242362951,True,False,False,False,False
main,Agglomerative-ward,10.0,71,-1,continuous,0,9691,0,100.0,1.748962914056799,1.7139853882534077,3.3387799871976074,5.154687798229854,8.476521242362951,True,False,False,False,False
main,Agglomerative-ward,10.0,72,-1,continuous,0,9691,0,100.0,1.7281608429465765,1.6702622468067418,3.334563143333576,4.65998641001609,8.476521242362951,True,False,False,False,False
main,Agglomerative-ward,10.0,73,-1,continuous,0,9691,0,100.0,1.6860961052814343,1.6214244402152922,3.1104087330441796,4.65998641001609,8.476521242362951,True,False,False,False,False
main,Agglomerative-ward,10.0,74,-1,continuous,0,9691,0,100.0,1.6787322337843964,1.6214244402152922,3.0994236641843584,4.620806684161795,8.476521242362951,True,False,False,False,False
main,Agglomerative-ward,10.0,75,-1,continuous,0,9691,0,100.0,1.6704590488089954,1.608702519506504,3.097871580919675,4.620806684161795,8.476521242362951,True,False,False,False,False
main,Agglomerative-ward,10.0,76,-1,continuous,0,9691,0,100.0,1.656992826646488,1.6033592782065327,3.0701250666536857,4.304254684242705,8.476521242362951,True,False,False,False,False
main,Agglomerative-ward,10.0,77,-1,continuous,0,9691,0,100.0,1.6467987937023356,1.5787432538174955,3.0701250666536857,4.304254684242705,8.476521242362951,True,False,False,False,False
main,Agglomerative-ward,10.0,78,-1,continuous,0,9691,0,100.0,1.6342450424513224,1.5419886065517272,3.0701250666536857,4.304254684242705,8.476521242362951,True,False,False,False,False
main,Agglomerative-ward,10.0,79,-1,continuous,0,9691,0,100.0,1.625130981998197,1.5276945494981047,3.0701250666536857,4.304254684242705,8.476521242362951,True,False,False,False,False
main,Agglomerative-ward,10.0,80,-1,continuous,0,9691,0,100.0,1.6053351384870707,1.499134313255914,2.996582310684295,4.304254684242705,8.476521242362951,True,False,False,False,False
main,KMeans-weighted,3.0,1,42,continuous,21,279,9412,2.8789598596636052,18.04266374615605,14.629005418618874,42.16889716983217,54.5279683534975,78.96300548880234,False,False,False,False,False
main,KMeans-weighted,3.0,2,42,continuous,21,182,9509,1.8780311629346818,13.609721458996948,11.67622437976312,32.947237109223444,49.31170663823021,69.06575044971149,False,False,False,False,False
main,KMeans-weighted,3.0,3,42,continuous,20,647,9044,6.676297595707357,11.757836715784359,10.047272535466881,26.307907017575104,40.93972916873914,58.45341852393412,False,False,False,False,False
main,KMeans-weighted,3.0,4,42,continuous,21,483,9208,4.9840057785574245,10.047000407307749,8.886742018529523,20.01582406560075,32.76914240122023,50.34916667200888,False,False,False,False,False
main,KMeans-weighted,3.0,5,42,continuous,18,936,8755,9.658445980806935,8.608525143725261,7.2469758372624105,17.971647789508502,29.034135309778005,52.202247518832216,False,False,False,False,False
main,KMeans-weighted,3.0,6,42,continuous,15,1310,8381,13.51769683211227,7.472783441025342,6.6446737966463525,16.424782043345324,29.487442508652162,49.878154080439394,False,False,False,False,False
main,KMeans-weighted,3.0,7,42,continuous,15,1369,8322,14.1265091321845,7.0680624293910475,6.328027455621775,14.845215649925148,22.745462289936285,38.84635485996977,False,False,False,False,False
main,KMeans-weighted,3.0,8,42,continuous,18,1596,8095,16.468888659581054,6.311383082304183,5.2250663400691035,14.358054926598173,20.864626830698842,38.84635485996977,False,False,False,False,False
main,KMeans-weighted,3.0,9,42,continuous,18,1571,8120,16.210917345991128,6.048401846889331,5.036387174215364,14.185476711870653,20.55207041210357,38.84635485996977,False,False,False,False,False
main,KMeans-weighted,3.0,10,42,continuous,13,1973,7718,20.359096068517182,5.808972668334218,4.889889501195707,12.790305940226409,17.62447479025319,33.64025875706124,False,False,False,False,False
main,KMeans-weighted,3.0,11,42,continuous,13,1898,7793,19.585182127747395,5.592018207612895,4.793270031099261,11.64656781359222,17.189131714372458,32.933938233500164,False,False,False,False,False
main,KMeans-weighted,3.0,12,42,continuous,13,2055,7636,21.205241977092147,5.385821802886218,4.764592010139717,10.884326896953507,17.0520256309285,27.572229138176187,False,False,False,False,False
main,KMeans-weighted,3.0,13,42,continuous,13,2564,7127,26.457537921783096,5.064956295704432,4.250156253283824,11.289577368318488,15.670092436801434,27.572229138176187,False,False,False,False,False
main,KMeans-weighted,3.0,14,42,continuous,14,2633,7058,27.169538747291302,4.876334049273165,4.370105198465385,10.670912465283418,16.769218515149223,28.781500002527686,False,False,False,False,False
main,KMeans-weighted,3.0,15,42,continuous,13,2705,6986,27.912496130430295,4.662635815521361,4.1700714952697835,10.194431462233704,17.119430694803093,27.173465665058036,False,False,False,False,False
main,KMeans-weighted,3.0,16,42,continuous,14,3746,5945,38.65442162831493,4.341428045430272,3.6713677906733264,9.635660554207062,16.893137617551627,27.146702657125758,False,False,False,False,False
main,KMeans-weighted,3.0,17,42,continuous,14,3791,5900,39.118769992776805,4.184138647479244,3.8134511747178537,9.454689734698537,14.326254166178083,25.166930529399814,False,False,False,False,False
main,KMeans-weighted,3.0,18,42,continuous,14,3574,6117,36.87957899081622,4.147197216658173,3.688441132832597,8.665857664269575,14.690837569548558,19.60178239350467,False,False,False,False,False
main,KMeans-weighted,3.0,19,42,continuous,11,3907,5784,40.31575688783407,3.9821203426483494,3.5377821456784493,8.850339418699182,12.170397668669846,25.166930529399814,False,False,False,False,False
main,KMeans-weighted,3.0,20,42,continuous,11,4267,5424,44.03054380352905,3.793960314277979,3.2330041948680446,8.37447587567144,13.756035158363737,25.166930529399814,False,False,False,False,False
main,KMeans-weighted,3.0,21,42,continuous,9,4506,5185,46.496749561448766,3.677548898335097,3.2058981705701832,8.233586017470532,12.384332103571833,25.166930529399814,False,False,False,False,False
main,KMeans-weighted,3.0,22,42,continuous,11,4602,5089,47.487359405634095,3.4911275395194536,3.056629857785481,7.752046078838192,12.170397668669846,25.166930529399814,False,False,False,False,False
main,KMeans-weighted,3.0,23,42,continuous,7,4448,5243,45.898256113920134,3.5150577259747195,3.294492288711463,7.249709169237538,10.606017006807763,25.166930529399814,False,False,False,False,False
main,KMeans-weighted,3.0,24,42,continuous,8,4946,4745,51.03704468063152,3.3580362098093683,2.951176882456822,7.038410653311744,11.323635076759665,25.166930529399814,False,False,False,False,False
main,KMeans-weighted,3.0,25,42,continuous,7,5134,4557,52.976988958827775,3.212825778683069,2.804790933918887,6.959983915355851,10.606017006807763,25.166930529399814,False,False,False,False,False
main,KMeans-weighted,3.0,26,42,continuous,8,5337,4354,55.071716025178,3.1151452478167765,2.7457371960197934,6.4419329239256795,10.025485215946041,17.26829683442775,False,False,False,False,False
main,KMeans-weighted,3.0,27,42,continuous,6,5545,4146,57.218037354246206,3.0533368107875445,2.6658830794376898,6.374833588543655,9.444849162702722,17.949858814079803,False,False,False,False,False
main,KMeans-weighted,3.0,28,42,continuous,6,5890,3801,60.77804148178723,2.9073309878156657,2.5455902097098395,6.095731307948488,10.112464964079873,15.738589550835977,False,False,False,False,False
main,KMeans-weighted,3.0,29,42,continuous,7,5985,3706,61.75833247342896,2.8260797768375077,2.4554804337714633,6.138838339046947,8.756518774415165,16.299743927271756,False,False,False,False,False
main,KMeans-weighted,3.0,30,42,continuous,6,5726,3965,59.08574966463729,2.86474444415449,2.5739051042935017,5.769140126002425,8.666643867612471,15.738589550835977,False,False,False,False,False
main,KMeans-weighted,3.0,31,42,continuous,4,6449,3242,66.54628005365804,2.657461124772577,2.2940734258075803,5.656967390696872,8.500303232517032,16.299743927271756,False,False,False,False,False
main,KMeans-weighted,3.0,32,42,continuous,5,6703,2988,69.16726859973171,2.557065091924896,2.229879930321811,5.870565834343132,8.7638417096211,16.732826938892167,False,False,False,False,False
main,KMeans-weighted,3.0,33,42,continuous,3,6693,2998,69.06408007429575,2.522783781991696,2.236720129277663,5.670176541340034,8.11614840695746,16.299743927271756,False,False,False,False,False
main,KMeans-weighted,3.0,34,42,continuous,5,7001,2690,72.24228665772367,2.4151517612898497,2.0709873566949186,5.591882470944135,8.837103310698508,16.299743927271756,False,False,False,False,False
main,KMeans-weighted,3.0,35,42,continuous,3,7165,2526,73.93457847487359,2.364272263346977,2.0285493563668373,5.671588537081104,8.11614840695746,16.732826938892167,False,False,False,False,False
main,KMeans-weighted,3.0,36,42,continuous,5,7245,2446,74.76008667836136,2.344875913621128,1.9977766309612794,5.359170573031727,8.11614840695746,16.732826938892167,False,False,False,False,False
main,KMeans-weighted,3.0,37,42,continuous,4,7180,2511,74.08936126302756,2.3269756094369023,2.039660134720713,5.4142533869960525,7.992721898729921,15.738589550835977,False,False,False,False,False
main,KMeans-weighted,3.0,38,42,continuous,3,7205,2486,74.34733257661748,2.310573016141963,2.053072529633069,5.114744248684278,7.139859421567164,16.299743927271756,False,False,False,False,False
main,KMeans-weighted,3.0,39,42,continuous,3,7356,2335,75.90547931070066,2.2299179168254115,1.9373949829122188,4.795170706933781,7.427376915995516,16.732826938892167,False,False,False,False,False
main,KMeans-weighted,3.0,40,42,continuous,4,7662,2029,79.06304818904138,2.187319761580365,1.9037403979434784,4.894576733948815,7.39570894003147,15.264598378487985,False,False,False,False,False
main,KMeans-weighted,3.0,41,42,continuous,3,7615,2076,78.57806211949232,2.183223125260696,1.9618915280659657,4.7331900237974835,7.427376915995516,16.732826938892167,False,False,False,False,False
main,KMeans-weighted,3.0,42,42,continuous,4,7781,1910,80.29099164172943,2.123024535641755,1.854587057499809,4.866883235141887,6.606115797492381,15.264598378487985,False,False,False,False,False
main,KMeans-weighted,3.0,43,42,continuous,4,7773,1918,80.20844082138066,2.0868199802108376,1.777232689224366,4.658812344223944,6.875710224651298,15.264598378487985,False,False,False,False,False
main,KMeans-weighted,3.0,44,42,continuous,3,7806,1885,80.54896295531937,2.0317656645358944,1.7349100582273138,4.58976911499492,6.322898637331803,15.264598378487985,False,False,False,False,False
main,KMeans-weighted,3.0,45,42,continuous,3,7805,1886,80.53864410277578,1.9887681672548418,1.641413607073156,4.625623737982251,6.4310538307002885,16.732826938892167,False,False,False,False,False
main,KMeans-weighted,3.0,46,42,continuous,3,7976,1715,82.30316788773088,1.957640584205302,1.6645392183101613,4.555247072972229,6.606115797492381,16.299743927271756,False,False,False,False,False
main,KMeans-weighted,3.0,47,42,continuous,3,8043,1648,82.9945310081519,1.9820674556109223,1.7349100582273138,4.3091715890707185,6.169055941248935,15.264598378487985,False,False,False,False,False
main,KMeans-weighted,3.0,48,42,continuous,3,8035,1656,82.91198018780311,1.938546994235959,1.702971157697066,4.276137748840794,6.125974846528992,15.264598378487985,False,False,False,False,False
main,KMeans-weighted,3.0,49,42,continuous,3,8090,1601,83.47951707770096,1.9354432925861793,1.6745713217191445,4.218823674964171,6.078880429811471,15.264598378487985,False,False,False,False,False
main,KMeans-weighted,3.0,50,42,continuous,1,8129,1562,83.88195232690124,1.9179410068534304,1.631949940107448,4.29375959172743,5.838455589524835,15.264598378487985,False,False,False,False,False
main,KMeans-weighted,3.0,51,42,continuous,3,8290,1401,85.54328758642039,1.8479088811280209,1.621959469311916,4.27498630764577,5.819226003269213,15.264598378487985,False,False,False,False,False
main,KMeans-weighted,3.0,52,42,continuous,3,8213,1478,84.7487359405634,1.8182109616609767,1.5450385483547038,4.091564263169562,5.879989238520638,15.264598378487985,False,False,False,False,False
main,KMeans-weighted,3.0,53,42,continuous,1,8261,1430,85.24404086265608,1.8545220831034712,1.6138312483986104,4.019966995034089,5.722703036177957,15.264598378487985,False,False,False,False,False
main,KMeans-weighted,3.0,54,42,continuous,2,8342,1349,86.07986791868744,1.7571593316643426,1.506778129279755,4.116692419460654,6.167734263443133,15.264598378487985,False,False,False,False,False
main,KMeans-weighted,3.0,55,42,continuous,2,8416,1275,86.84346300691364,1.7584034258455332,1.4955103416910136,3.8787382667424306,5.525130979803084,15.264598378487985,False,False,False,False,False
main,KMeans-weighted,3.0,56,42,continuous,2,8330,1361,85.95604168816428,1.7056697420090767,1.3672602323557213,3.858921493438897,5.788337409596899,15.264598378487985,False,False,False,False,False
main,KMeans-weighted,3.0,57,42,continuous,1,8573,1118,88.46352285625838,1.7044234294173684,1.4861871796198782,3.6214298629711656,5.3453206385270775,15.264598378487985,False,False,False,False,False
main,KMeans-weighted,3.0,58,42,continuous,2,8567,1124,88.4016097409968,1.6603470272097491,1.332575897113299,3.9407302342027255,5.803836669113962,14.252581573122306,False,False,False,False,False
main,KMeans-weighted,3.0,59,42,continuous,2,8624,1067,88.98978433598184,1.6882519717143798,1.4738156293471314,3.6546054254749087,5.142746463955531,15.264598378487985,False,False,False,False,False
main,KMeans-weighted,3.0,60,42,continuous,2,8614,1077,88.88659581054587,1.6783606900164747,1.481878620623132,3.5351069858083237,5.377944026593517,15.264598378487985,False,False,False,False,False
main,KMeans-weighted,3.0,61,42,continuous,1,8714,977,89.91848106490558,1.6007575714360156,1.3354251136227502,3.4979927865876164,5.455106221363536,15.264598378487985,False,False,False,False,False
main,KMeans-weighted,3.0,62,42,continuous,3,8615,1076,88.89691466308946,1.6168614867993873,1.332575897113299,3.734060901296568,5.359170573031727,15.264598378487985,False,False,False,False,False
main,KMeans-weighted,3.0,63,42,continuous,1,8766,925,90.45506139717263,1.589444727189643,1.4139849845188226,3.478418963454417,4.890440652929784,15.264598378487985,False,False,False,False,False
main,KMeans-weighted,3.0,64,42,continuous,2,8795,896,90.75430812093695,1.5905108052028731,1.451565483898538,3.4249151225353094,4.930243342482724,15.264598378487985,False,False,False,False,False
main,KMeans-weighted,3.0,65,42,continuous,3,8958,733,92.43628108554329,1.5300766070225302,1.302520056481154,3.254351953137291,5.339102038245566,15.264598378487985,False,False,False,False,False
main,KMeans-weighted,3.0,66,42,continuous,2,8917,774,92.01320813125581,1.530587637210777,1.3612704772672033,3.308519785777545,5.059237121120909,15.264598378487985,False,False,False,False,False
main,KMeans-weighted,3.0,67,42,continuous,2,8890,801,91.73459911257868,1.5265893246889495,1.3572446148101731,3.2803229993356022,5.27800676108332,15.264598378487985,False,False,False,False,False
main,KMeans-weighted,3.0,68,42,continuous,1,8900,791,91.83778763801465,1.536360349970413,1.3672602323557213,3.2992306485570264,4.803614741723829,15.264598378487985,False,False,False,False,False
main,KMeans-weighted,3.0,69,42,continuous,0,8879,812,91.62109173459912,1.5069085323827016,1.2524815698149125,3.452359568561921,4.760482264703176,12.996052512646255,False,False,False,False,False
main,KMeans-weighted,3.0,70,42,continuous,2,8984,707,92.70457125167681,1.4910433919338635,1.3170037215268224,3.254351953137291,4.853936072039876,15.264598378487985,False,False,False,False,False
main,KMeans-weighted,3.0,71,42,continuous,0,8956,735,92.41564338045609,1.4425566940778103,1.1997728436555375,3.2538499319227583,4.789241647872848,12.996052512646255,False,False,False,False,False
main,KMeans-weighted,3.0,72,42,continuous,2,9020,671,93.07604994324632,1.4531837525055853,1.2969856550123877,3.238875584967766,5.359170573031727,15.264598378487985,False,False,False,False,False
main,KMeans-weighted,3.0,73,42,continuous,1,9044,647,93.32370240429265,1.4466773586716712,1.3248573990781012,3.108255404896404,4.27498630764577,15.264598378487985,False,False,False,False,False
main,KMeans-weighted,3.0,74,42,continuous,1,9063,628,93.51976060262099,1.4114977206029418,1.1584177223263143,3.1290287894695767,4.628503268886951,15.264598378487985,False,False,False,False,False
main,KMeans-weighted,3.0,75,42,continuous,1,9076,615,93.65390568568775,1.3810396011775417,1.1603657868228838,3.131934509984364,4.615468964393815,15.264598378487985,False,False,False,False,False
main,KMeans-weighted,3.0,76,42,continuous,1,9088,603,93.77773191621091,1.3859871689236611,1.158940277110253,3.0701250666533686,4.62577438793231,15.264598378487985,False,False,False,False,False
main,KMeans-weighted,3.0,77,42,continuous,0,9101,590,93.91187699927768,1.3833759388340094,1.1902514132869693,3.0928100159266556,4.530706123384854,12.996052512646255,False,False,False,False,False
main,KMeans-weighted,3.0,78,42,continuous,1,9132,559,94.23176142812919,1.3613133332105058,1.126646605955625,3.085367775005313,4.27498630764577,15.264598378487985,False,False,False,False,False
main,KMeans-weighted,3.0,79,42,continuous,0,9139,552,94.30399339593437,1.3653698215244903,1.189690152558703,3.0701250666533686,4.274521418324846,12.996052512646255,False,False,False,False,False
main,KMeans-weighted,3.0,80,42,continuous,1,9170,521,94.62387782478588,1.339432940660886,1.1615976399739172,3.0654028174495873,4.27498630764577,15.264598378487985,False,False,False,False,False
main,KMeans-weighted,3.0,81,42,continuous,0,9207,484,95.00567536889898,1.318414668437812,1.0915064307345623,2.9944963521651955,4.440925680851463,12.996052512646255,True,True,False,False,True
main,KMeans-weighted,3.0,82,42,continuous,1,9263,428,95.58353111134042,1.3315743778828384,1.1598275907182487,2.97440048668587,3.8787382667424306,15.264598378487985,True,False,True,False,False
main,KMeans-weighted,5.0,1,42,continuous,21,774,8917,7.986791868744196,18.04266374615605,14.629005418618874,42.16889716983217,54.5279683534975,78.96300548880234,False,False,False,False,False
main,KMeans-weighted,5.0,2,42,continuous,20,564,9127,5.8198328345887935,13.609721458996948,11.67622437976312,32.947237109223444,49.31170663823021,69.06575044971149,False,False,False,False,False
main,KMeans-weighted,5.0,3,42,continuous,20,1334,8357,13.7653492931586,11.757836715784359,10.047272535466881,26.307907017575104,40.93972916873914,58.45341852393412,False,False,False,False,False
main,KMeans-weighted,5.0,4,42,continuous,18,1719,7972,17.738107522443503,10.047000407307749,8.886742018529523,20.01582406560075,32.76914240122023,50.34916667200888,False,False,False,False,False
main,KMeans-weighted,5.0,5,42,continuous,16,2830,6861,29.20235269837994,8.608525143725261,7.2469758372624105,17.971647789508502,29.034135309778005,52.202247518832216,False,False,False,False,False
main,KMeans-weighted,5.0,6,42,continuous,13,3302,6389,34.0728510989578,7.472783441025342,6.6446737966463525,16.424782043345324,29.487442508652162,49.878154080439394,False,False,False,False,False
main,KMeans-weighted,5.0,7,42,continuous,12,3778,5913,38.98462490971004,7.0680624293910475,6.328027455621775,14.845215649925148,22.745462289936285,38.84635485996977,False,False,False,False,False
main,KMeans-weighted,5.0,8,42,continuous,15,4643,5048,47.91043235992158,6.311383082304183,5.2250663400691035,14.358054926598173,20.864626830698842,38.84635485996977,False,False,False,False,False
main,KMeans-weighted,5.0,9,42,continuous,13,4675,5016,48.240635641316686,6.048401846889331,5.036387174215364,14.185476711870653,20.55207041210357,38.84635485996977,False,False,False,False,False
main,KMeans-weighted,5.0,10,42,continuous,10,4982,4709,51.40852337220101,5.808972668334218,4.889889501195707,12.790305940226409,17.62447479025319,33.64025875706124,False,False,False,False,False
main,KMeans-weighted,5.0,11,42,continuous,10,5216,4475,53.82313486740274,5.592018207612895,4.793270031099261,11.64656781359222,17.189131714372458,32.933938233500164,False,False,False,False,False
main,KMeans-weighted,5.0,12,42,continuous,10,5243,4448,54.101743886079866,5.385821802886218,4.764592010139717,10.884326896953507,17.0520256309285,27.572229138176187,False,False,False,False,False
main,KMeans-weighted,5.0,13,42,continuous,11,5504,4187,56.79496439995872,5.064956295704432,4.250156253283824,11.289577368318488,15.670092436801434,27.572229138176187,False,False,False,False,False
main,KMeans-weighted,5.0,14,42,continuous,9,6148,3543,63.44030543803529,4.876334049273165,4.370105198465385,10.670912465283418,16.769218515149223,28.781500002527686,False,False,False,False,False
main,KMeans-weighted,5.0,15,42,continuous,9,6493,3198,67.0003095655763,4.662635815521361,4.1700714952697835,10.194431462233704,17.119430694803093,27.173465665058036,False,False,False,False,False
main,KMeans-weighted,5.0,16,42,continuous,9,6577,3114,67.86709317923847,4.341428045430272,3.6713677906733264,9.635660554207062,16.893137617551627,27.146702657125758,False,False,False,False,False
main,KMeans-weighted,5.0,17,42,continuous,10,6783,2908,69.99277680321948,4.184138647479244,3.8134511747178537,9.454689734698537,14.326254166178083,25.166930529399814,False,False,False,False,False
main,KMeans-weighted,5.0,18,42,continuous,9,7034,2657,72.58280879166237,4.147197216658173,3.688441132832597,8.665857664269575,14.690837569548558,19.60178239350467,False,False,False,False,False
main,KMeans-weighted,5.0,19,42,continuous,6,6949,2742,71.7057063254566,3.9821203426483494,3.5377821456784493,8.850339418699182,12.170397668669846,25.166930529399814,False,False,False,False,False
main,KMeans-weighted,5.0,20,42,continuous,6,7582,2109,78.23753998555361,3.793960314277979,3.2330041948680446,8.37447587567144,13.756035158363737,25.166930529399814,False,False,False,False,False
main,KMeans-weighted,5.0,21,42,continuous,5,7488,2203,77.26756784645548,3.677548898335097,3.2058981705701832,8.233586017470532,12.384332103571833,25.166930529399814,False,False,False,False,False
main,KMeans-weighted,5.0,22,42,continuous,4,7873,1818,81.24032607574038,3.4911275395194536,3.056629857785481,7.752046078838192,12.170397668669846,25.166930529399814,False,False,False,False,False
main,KMeans-weighted,5.0,23,42,continuous,3,7859,1832,81.09586214013002,3.5150577259747195,3.294492288711463,7.249709169237538,10.606017006807763,25.166930529399814,False,False,False,False,False
main,KMeans-weighted,5.0,24,42,continuous,4,7995,1696,82.49922608605922,3.3580362098093683,2.951176882456822,7.038410653311744,11.323635076759665,25.166930529399814,False,False,False,False,False
main,KMeans-weighted,5.0,25,42,continuous,4,8348,1343,86.14178103394903,3.212825778683069,2.804790933918887,6.959983915355851,10.606017006807763,25.166930529399814,False,False,False,False,False
main,KMeans-weighted,5.0,26,42,continuous,6,8472,1219,87.42131874935507,3.1151452478167765,2.7457371960197934,6.4419329239256795,10.025485215946041,17.26829683442775,False,False,False,False,False
main,KMeans-weighted,5.0,27,42,continuous,3,8391,1300,86.5854916933237,3.0533368107875445,2.6658830794376898,6.374833588543655,9.444849162702722,17.949858814079803,False,False,False,False,False
main,KMeans-weighted,5.0,28,42,continuous,3,8624,1067,88.98978433598184,2.9073309878156657,2.5455902097098395,6.095731307948488,10.112464964079873,15.738589550835977,False,False,False,False,False
main,KMeans-weighted,5.0,29,42,continuous,2,8574,1117,88.47384170880198,2.8260797768375077,2.4554804337714633,6.138838339046947,8.756518774415165,16.299743927271756,False,False,False,False,False
main,KMeans-weighted,5.0,30,42,continuous,3,8777,914,90.5685687751522,2.86474444415449,2.5739051042935017,5.769140126002425,8.666643867612471,15.738589550835977,False,False,False,False,False
main,KMeans-weighted,5.0,31,42,continuous,3,8870,821,91.52822206170674,2.657461124772577,2.2940734258075803,5.656967390696872,8.500303232517032,16.299743927271756,False,False,False,False,False
main,KMeans-weighted,5.0,32,42,continuous,3,8974,717,92.60138272624084,2.557065091924896,2.229879930321811,5.870565834343132,8.7638417096211,16.732826938892167,False,False,False,False,False
main,KMeans-weighted,5.0,33,42,continuous,3,8979,712,92.65297698895883,2.522783781991696,2.236720129277663,5.670176541340034,8.11614840695746,16.299743927271756,False,False,False,False,False
main,KMeans-weighted,5.0,34,42,continuous,3,8992,699,92.7871220720256,2.4151517612898497,2.0709873566949186,5.591882470944135,8.837103310698508,16.299743927271756,False,False,False,False,False
main,KMeans-weighted,5.0,35,42,continuous,3,8958,733,92.43628108554329,2.364272263346977,2.0285493563668373,5.671588537081104,8.11614840695746,16.732826938892167,False,False,False,False,False
main,KMeans-weighted,5.0,36,42,continuous,3,8994,697,92.80775977711278,2.344875913621128,1.9977766309612794,5.359170573031727,8.11614840695746,16.732826938892167,False,False,False,False,False
main,KMeans-weighted,5.0,37,42,continuous,1,9034,657,93.22051387885666,2.3269756094369023,2.039660134720713,5.4142533869960525,7.992721898729921,15.738589550835977,False,False,False,False,False
main,KMeans-weighted,5.0,38,42,continuous,1,9189,502,94.81993602311422,2.310573016141963,2.053072529633069,5.114744248684278,7.139859421567164,16.299743927271756,False,False,False,False,False
main,KMeans-weighted,5.0,39,42,continuous,1,9270,421,95.6557630791456,2.2299179168254115,1.9373949829122188,4.795170706933781,7.427376915995516,16.732826938892167,True,True,True,True,True
main,KMeans-weighted,5.0,40,42,continuous,1,9240,451,95.34619750283768,2.187319761580365,1.9037403979434784,4.894576733948815,7.39570894003147,15.264598378487985,True,True,True,True,False
main,KMeans-weighted,5.0,41,42,continuous,1,9283,408,95.78990816221236,2.183223125260696,1.9618915280659657,4.7331900237974835,7.427376915995516,16.732826938892167,True,True,False,False,False
main,KMeans-weighted,5.0,42,42,continuous,2,9273,418,95.68671963677639,2.123024535641755,1.854587057499809,4.866883235141887,6.606115797492381,15.264598378487985,True,True,False,False,False
main,KMeans-weighted,5.0,43,42,continuous,1,9337,354,96.3471261995666,2.0868199802108376,1.777232689224366,4.658812344223944,6.875710224651298,15.264598378487985,True,True,False,False,False
main,KMeans-weighted,5.0,44,42,continuous,1,9372,319,96.7082860385925,2.0317656645358944,1.7349100582273138,4.58976911499492,6.322898637331803,15.264598378487985,True,True,True,False,False
main,KMeans-weighted,5.0,45,42,continuous,1,9324,367,96.21298111649985,1.9887681672548418,1.641413607073156,4.625623737982251,6.4310538307002885,16.732826938892167,True,True,False,False,False
main,KMeans-weighted,5.0,46,42,continuous,1,9322,369,96.19234341141265,1.957640584205302,1.6645392183101613,4.555247072972229,6.606115797492381,16.299743927271756,True,True,False,False,False
main,KMeans-weighted,5.0,47,42,continuous,1,9410,281,97.1004024352492,1.9820674556109223,1.7349100582273138,4.3091715890707185,6.169055941248935,15.264598378487985,True,False,False,False,False
main,KMeans-weighted,5.0,48,42,continuous,1,9391,300,96.90434423692085,1.938546994235959,1.702971157697066,4.276137748840794,6.125974846528992,15.264598378487985,True,True,False,False,False
main,KMeans-weighted,5.0,49,42,continuous,1,9484,207,97.86399752347539,1.9354432925861793,1.6745713217191445,4.218823674964171,6.078880429811471,15.264598378487985,True,True,False,False,False
main,KMeans-weighted,5.0,50,42,continuous,1,9436,255,97.36869260138273,1.9179410068534304,1.631949940107448,4.29375959172743,5.838455589524835,15.264598378487985,True,True,False,False,False
main,KMeans-weighted,5.0,51,42,continuous,1,9468,223,97.69889588277783,1.8479088811280209,1.621959469311916,4.27498630764577,5.819226003269213,15.264598378487985,True,True,False,False,False
main,KMeans-weighted,5.0,52,42,continuous,1,9491,200,97.93622949128057,1.8182109616609767,1.5450385483547038,4.091564263169562,5.879989238520638,15.264598378487985,True,True,False,False,False
main,KMeans-weighted,5.0,53,42,continuous,1,9484,207,97.86399752347539,1.8545220831034712,1.6138312483986104,4.019966995034089,5.722703036177957,15.264598378487985,True,False,False,False,False
main,KMeans-weighted,5.0,54,42,continuous,1,9496,195,97.98782375399855,1.7571593316643426,1.506778129279755,4.116692419460654,6.167734263443133,15.264598378487985,True,True,False,False,False
main,KMeans-weighted,5.0,55,42,continuous,1,9530,161,98.33866474048087,1.7584034258455332,1.4955103416910136,3.8787382667424306,5.525130979803084,15.264598378487985,True,False,False,False,False
main,KMeans-weighted,5.0,56,42,continuous,1,9502,189,98.04973686926014,1.7056697420090767,1.3672602323557213,3.858921493438897,5.788337409596899,15.264598378487985,True,True,False,False,False
main,KMeans-weighted,5.0,57,42,continuous,1,9514,177,98.17356309978331,1.7044234294173684,1.4861871796198782,3.6214298629711656,5.3453206385270775,15.264598378487985,True,True,True,False,False
main,KMeans-weighted,5.0,58,42,continuous,0,9494,197,97.96718604891136,1.6603470272097491,1.332575897113299,3.9407302342027255,5.803836669113962,14.252581573122306,True,True,False,False,False
main,KMeans-weighted,5.0,59,42,continuous,1,9581,110,98.86492622020431,1.6882519717143798,1.4738156293471314,3.6546054254749087,5.142746463955531,15.264598378487985,True,False,False,False,False
main,KMeans-weighted,5.0,60,42,continuous,1,9576,115,98.81333195748633,1.6783606900164747,1.481878620623132,3.5351069858083237,5.377944026593517,15.264598378487985,True,False,False,False,False
main,KMeans-weighted,5.0,61,42,continuous,1,9535,156,98.39025900319885,1.6007575714360156,1.3354251136227502,3.4979927865876164,5.455106221363536,15.264598378487985,True,True,False,False,False
main,KMeans-weighted,5.0,62,42,continuous,1,9554,137,98.5863172015272,1.6168614867993873,1.332575897113299,3.734060901296568,5.359170573031727,15.264598378487985,True,False,False,False,False
main,KMeans-weighted,5.0,63,42,continuous,1,9605,86,99.11257868125064,1.589444727189643,1.4139849845188226,3.478418963454417,4.890440652929784,15.264598378487985,True,True,True,False,False
main,KMeans-weighted,5.0,64,42,continuous,1,9601,90,99.07130327107626,1.5905108052028731,1.451565483898538,3.4249151225353094,4.930243342482724,15.264598378487985,True,False,False,False,False
main,KMeans-weighted,5.0,65,42,continuous,1,9574,117,98.79269425239913,1.5300766070225302,1.302520056481154,3.254351953137291,5.339102038245566,15.264598378487985,True,True,False,False,False
main,KMeans-weighted,5.0,66,42,continuous,1,9584,107,98.8958827778351,1.530587637210777,1.3612704772672033,3.308519785777545,5.059237121120909,15.264598378487985,True,False,False,False,False
main,KMeans-weighted,5.0,67,42,continuous,1,9585,106,98.9062016303787,1.5265893246889495,1.3572446148101731,3.2803229993356022,5.27800676108332,15.264598378487985,True,True,False,False,False
main,KMeans-weighted,5.0,68,42,continuous,1,9608,83,99.14353523888144,1.536360349970413,1.3672602323557213,3.2992306485570264,4.803614741723829,15.264598378487985,True,False,False,False,False
main,KMeans-weighted,5.0,69,42,continuous,0,9598,93,99.04034671344546,1.5069085323827016,1.2524815698149125,3.452359568561921,4.760482264703176,12.996052512646255,True,True,False,False,False
main,KMeans-weighted,5.0,70,42,continuous,1,9601,90,99.07130327107626,1.4910433919338635,1.3170037215268224,3.254351953137291,4.853936072039876,15.264598378487985,True,True,False,False,False
main,KMeans-weighted,5.0,71,42,continuous,0,9622,69,99.2879991744918,1.4425566940778103,1.1997728436555375,3.2538499319227583,4.789241647872848,12.996052512646255,True,True,False,False,False
main,KMeans-weighted,5.0,72,42,continuous,1,9582,109,98.87524507274792,1.4531837525055853,1.2969856550123877,3.238875584967766,5.359170573031727,15.264598378487985,True,False,False,False,False
main,KMeans-weighted,5.0,73,42,continuous,1,9640,51,99.47373852027654,1.4466773586716712,1.3248573990781012,3.108255404896404,4.27498630764577,15.264598378487985,True,False,False,False,False
main,KMeans-weighted,5.0,74,42,continuous,1,9621,70,99.2776803219482,1.4114977206029418,1.1584177223263143,3.1290287894695767,4.628503268886951,15.264598378487985,True,True,False,False,False
main,KMeans-weighted,5.0,75,42,continuous,1,9632,59,99.39118769992777,1.3810396011775417,1.1603657868228838,3.131934509984364,4.615468964393815,15.264598378487985,True,True,False,False,False
main,KMeans-weighted,5.0,76,42,continuous,1,9637,54,99.44278196264575,1.3859871689236611,1.158940277110253,3.0701250666533686,4.62577438793231,15.264598378487985,True,False,False,False,False
main,KMeans-weighted,5.0,77,42,continuous,0,9629,62,99.36023114229698,1.3833759388340094,1.1902514132869693,3.0928100159266556,4.530706123384854,12.996052512646255,True,False,False,False,False
main,KMeans-weighted,5.0,78,42,continuous,1,9639,52,99.46341966773295,1.3613133332105058,1.126646605955625,3.085367775005313,4.27498630764577,15.264598378487985,True,True,False,False,False
main,KMeans-weighted,5.0,79,42,continuous,0,9638,53,99.45310081518934,1.3653698215244903,1.189690152558703,3.0701250666533686,4.274521418324846,12.996052512646255,True,False,False,False,False
main,KMeans-weighted,5.0,80,42,continuous,1,9627,64,99.33959343720979,1.339432940660886,1.1615976399739172,3.0654028174495873,4.27498630764577,15.264598378487985,True,True,False,False,False
main,KMeans-weighted,5.0,81,42,continuous,0,9640,51,99.47373852027654,1.318414668437812,1.0915064307345623,2.9944963521651955,4.440925680851463,12.996052512646255,True,True,False,False,False
main,KMeans-weighted,5.0,82,42,continuous,1,9645,46,99.52533278299452,1.3315743778828384,1.1598275907182487,2.97440048668587,3.8787382667424306,15.264598378487985,True,False,False,False,False
main,KMeans-weighted,10.0,1,42,continuous,20,2478,7213,25.570116603033743,18.04266374615605,14.629005418618874,42.16889716983217,54.5279683534975,78.96300548880234,False,False,False,False,False
main,KMeans-weighted,10.0,2,42,continuous,17,3739,5952,38.58218966050975,13.609721458996948,11.67622437976312,32.947237109223444,49.31170663823021,69.06575044971149,False,False,False,False,False
main,KMeans-weighted,10.0,3,42,continuous,18,4787,4904,49.396347126199565,11.757836715784359,10.047272535466881,26.307907017575104,40.93972916873914,58.45341852393412,False,False,False,False,False
main,KMeans-weighted,10.0,4,42,continuous,15,5853,3838,60.39624393767413,10.047000407307749,8.886742018529523,20.01582406560075,32.76914240122023,50.34916667200888,False,False,False,False,False
main,KMeans-weighted,10.0,5,42,continuous,11,6950,2741,71.71602517800021,8.608525143725261,7.2469758372624105,17.971647789508502,29.034135309778005,52.202247518832216,False,False,False,False,False
main,KMeans-weighted,10.0,6,42,continuous,9,7827,1864,80.76565885873491,7.472783441025342,6.6446737966463525,16.424782043345324,29.487442508652162,49.878154080439394,False,False,False,False,False
main,KMeans-weighted,10.0,7,42,continuous,8,7847,1844,80.97203590960684,7.0680624293910475,6.328027455621775,14.845215649925148,22.745462289936285,38.84635485996977,False,False,False,False,False
main,KMeans-weighted,10.0,8,42,continuous,8,8436,1255,87.04984005778557,6.311383082304183,5.2250663400691035,14.358054926598173,20.864626830698842,38.84635485996977,False,False,False,False,False
main,KMeans-weighted,10.0,9,42,continuous,8,8680,1011,89.56764007842328,6.048401846889331,5.036387174215364,14.185476711870653,20.55207041210357,38.84635485996977,False,False,False,False,False
main,KMeans-weighted,10.0,10,42,continuous,4,8539,1152,88.11268186977608,5.808972668334218,4.889889501195707,12.790305940226409,17.62447479025319,33.64025875706124,False,False,False,False,False
main,KMeans-weighted,10.0,11,42,continuous,5,8748,943,90.26932205138789,5.592018207612895,4.793270031099261,11.64656781359222,17.189131714372458,32.933938233500164,False,False,False,False,False
main,KMeans-weighted,10.0,12,42,continuous,4,8902,789,91.85842534310184,5.385821802886218,4.764592010139717,10.884326896953507,17.0520256309285,27.572229138176187,False,False,False,False,False
main,KMeans-weighted,10.0,13,42,continuous,4,9003,688,92.90062945000516,5.064956295704432,4.250156253283824,11.289577368318488,15.670092436801434,27.572229138176187,False,False,False,False,False
main,KMeans-weighted,10.0,14,42,continuous,5,9068,623,93.57135486533898,4.876334049273165,4.370105198465385,10.670912465283418,16.769218515149223,28.781500002527686,False,False,False,False,False
main,KMeans-weighted,10.0,15,42,continuous,5,9162,529,94.54132700443711,4.662635815521361,4.1700714952697835,10.194431462233704,17.119430694803093,27.173465665058036,False,False,False,False,False
main,KMeans-weighted,10.0,16,42,continuous,4,9269,422,95.645444226602,4.341428045430272,3.6713677906733264,9.635660554207062,16.893137617551627,27.146702657125758,True,True,True,True,True
main,KMeans-weighted,10.0,17,42,continuous,4,9282,409,95.77958930966876,4.184138647479244,3.8134511747178537,9.454689734698537,14.326254166178083,25.166930529399814,True,True,False,True,False
main,KMeans-weighted,10.0,18,42,continuous,5,9346,345,96.43999587245898,4.147197216658173,3.688441132832597,8.665857664269575,14.690837569548558,19.60178239350467,True,True,False,True,False
main,KMeans-weighted,10.0,19,42,continuous,3,9402,289,97.01785161490042,3.9821203426483494,3.5377821456784493,8.850339418699182,12.170397668669846,25.166930529399814,True,True,False,False,False
main,KMeans-weighted,10.0,20,42,continuous,2,9466,225,97.67825817769064,3.793960314277979,3.2330041948680446,8.37447587567144,13.756035158363737,25.166930529399814,True,True,False,False,False
main,KMeans-weighted,10.0,21,42,continuous,3,9454,237,97.55443194716747,3.677548898335097,3.2058981705701832,8.233586017470532,12.384332103571833,25.166930529399814,True,True,False,False,False
main,KMeans-weighted,10.0,22,42,continuous,2,9473,218,97.75049014549582,3.4911275395194536,3.056629857785481,7.752046078838192,12.170397668669846,25.166930529399814,True,True,False,False,False
main,KMeans-weighted,10.0,23,42,continuous,1,9566,125,98.71014343205036,3.5150577259747195,3.294492288711463,7.249709169237538,10.606017006807763,25.166930529399814,True,False,False,False,False
main,KMeans-weighted,10.0,24,42,continuous,1,9548,143,98.5244040862656,3.3580362098093683,2.951176882456822,7.038410653311744,11.323635076759665,25.166930529399814,True,True,False,False,False
main,KMeans-weighted,10.0,25,42,continuous,1,9559,132,98.63791146424518,3.212825778683069,2.804790933918887,6.959983915355851,10.606017006807763,25.166930529399814,True,True,False,False,False
main,KMeans-weighted,10.0,26,42,continuous,1,9592,99,98.97843359818388,3.1151452478167765,2.7457371960197934,6.4419329239256795,10.025485215946041,17.26829683442775,True,True,False,False,False
main,KMeans-weighted,10.0,27,42,continuous,0,9629,62,99.36023114229698,3.0533368107875445,2.6658830794376898,6.374833588543655,9.444849162702722,17.949858814079803,True,True,True,False,False
main,KMeans-weighted,10.0,28,42,continuous,1,9573,118,98.78237539985554,2.9073309878156657,2.5455902097098395,6.095731307948488,10.112464964079873,15.738589550835977,True,True,False,False,False
main,KMeans-weighted,10.0,29,42,continuous,0,9634,57,99.41182540501497,2.8260797768375077,2.4554804337714633,6.138838339046947,8.756518774415165,16.299743927271756,True,True,False,False,False
main,KMeans-weighted,10.0,30,42,continuous,0,9638,53,99.45310081518934,2.86474444415449,2.5739051042935017,5.769140126002425,8.666643867612471,15.738589550835977,True,False,False,False,False
main,KMeans-weighted,10.0,31,42,continuous,0,9640,51,99.47373852027654,2.657461124772577,2.2940734258075803,5.656967390696872,8.500303232517032,16.299743927271756,True,True,False,False,False
main,KMeans-weighted,10.0,32,42,continuous,0,9638,53,99.45310081518934,2.557065091924896,2.229879930321811,5.870565834343132,8.7638417096211,16.732826938892167,True,True,False,False,False
main,KMeans-weighted,10.0,33,42,continuous,0,9670,21,99.78330409658446,2.522783781991696,2.236720129277663,5.670176541340034,8.11614840695746,16.299743927271756,True,True,False,False,False
main,KMeans-weighted,10.0,34,42,continuous,0,9638,53,99.45310081518934,2.4151517612898497,2.0709873566949186,5.591882470944135,8.837103310698508,16.299743927271756,True,True,False,False,False
main,KMeans-weighted,10.0,35,42,continuous,0,9670,21,99.78330409658446,2.364272263346977,2.0285493563668373,5.671588537081104,8.11614840695746,16.732826938892167,True,True,False,False,False
main,KMeans-weighted,10.0,36,42,continuous,0,9657,34,99.6491590135177,2.344875913621128,1.9977766309612794,5.359170573031727,8.11614840695746,16.732826938892167,True,True,False,False,False
main,KMeans-weighted,10.0,37,42,continuous,0,9670,21,99.78330409658446,2.3269756094369023,2.039660134720713,5.4142533869960525,7.992721898729921,15.738589550835977,True,True,False,False,False
main,KMeans-weighted,10.0,38,42,continuous,0,9683,8,99.91744917965123,2.310573016141963,2.053072529633069,5.114744248684278,7.139859421567164,16.299743927271756,True,True,False,False,False
main,KMeans-weighted,10.0,39,42,continuous,0,9683,8,99.91744917965123,2.2299179168254115,1.9373949829122188,4.795170706933781,7.427376915995516,16.732826938892167,True,True,False,False,False
main,KMeans-weighted,10.0,40,42,continuous,0,9670,21,99.78330409658446,2.187319761580365,1.9037403979434784,4.894576733948815,7.39570894003147,15.264598378487985,True,True,False,False,False
main,KMeans-weighted,10.0,41,42,continuous,0,9683,8,99.91744917965123,2.183223125260696,1.9618915280659657,4.7331900237974835,7.427376915995516,16.732826938892167,True,True,False,False,False
main,KMeans-weighted,10.0,42,42,continuous,0,9670,21,99.78330409658446,2.123024535641755,1.854587057499809,4.866883235141887,6.606115797492381,15.264598378487985,True,True,False,False,False
main,KMeans-weighted,10.0,43,42,continuous,0,9670,21,99.78330409658446,2.0868199802108376,1.777232689224366,4.658812344223944,6.875710224651298,15.264598378487985,True,True,False,False,False
main,KMeans-weighted,10.0,44,42,continuous,0,9683,8,99.91744917965123,2.0317656645358944,1.7349100582273138,4.58976911499492,6.322898637331803,15.264598378487985,True,True,True,False,False
main,KMeans-weighted,10.0,45,42,continuous,0,9683,8,99.91744917965123,1.9887681672548418,1.641413607073156,4.625623737982251,6.4310538307002885,16.732826938892167,True,True,False,False,False
main,KMeans-weighted,10.0,46,42,continuous,0,9683,8,99.91744917965123,1.957640584205302,1.6645392183101613,4.555247072972229,6.606115797492381,16.299743927271756,True,True,False,False,False
main,KMeans-weighted,10.0,47,42,continuous,0,9683,8,99.91744917965123,1.9820674556109223,1.7349100582273138,4.3091715890707185,6.169055941248935,15.264598378487985,True,False,False,False,False
main,KMeans-weighted,10.0,48,42,continuous,0,9683,8,99.91744917965123,1.938546994235959,1.702971157697066,4.276137748840794,6.125974846528992,15.264598378487985,True,True,False,False,False
main,KMeans-weighted,10.0,49,42,continuous,0,9683,8,99.91744917965123,1.9354432925861793,1.6745713217191445,4.218823674964171,6.078880429811471,15.264598378487985,True,True,False,False,False
main,KMeans-weighted,10.0,50,42,continuous,0,9688,3,99.96904344236921,1.9179410068534304,1.631949940107448,4.29375959172743,5.838455589524835,15.264598378487985,True,True,False,False,False
main,KMeans-weighted,10.0,51,42,continuous,0,9688,3,99.96904344236921,1.8479088811280209,1.621959469311916,4.27498630764577,5.819226003269213,15.264598378487985,True,True,False,False,False
main,KMeans-weighted,10.0,52,42,continuous,0,9688,3,99.96904344236921,1.8182109616609767,1.5450385483547038,4.091564263169562,5.879989238520638,15.264598378487985,True,True,False,False,False
main,KMeans-weighted,10.0,53,42,continuous,0,9688,3,99.96904344236921,1.8545220831034712,1.6138312483986104,4.019966995034089,5.722703036177957,15.264598378487985,True,False,False,False,False
main,KMeans-weighted,10.0,54,42,continuous,0,9688,3,99.96904344236921,1.7571593316643426,1.506778129279755,4.116692419460654,6.167734263443133,15.264598378487985,True,True,False,False,False
main,KMeans-weighted,10.0,55,42,continuous,0,9688,3,99.96904344236921,1.7584034258455332,1.4955103416910136,3.8787382667424306,5.525130979803084,15.264598378487985,True,False,False,False,False
main,KMeans-weighted,10.0,56,42,continuous,0,9688,3,99.96904344236921,1.7056697420090767,1.3672602323557213,3.858921493438897,5.788337409596899,15.264598378487985,True,True,False,False,False
main,KMeans-weighted,10.0,57,42,continuous,0,9683,8,99.91744917965123,1.7044234294173684,1.4861871796198782,3.6214298629711656,5.3453206385270775,15.264598378487985,True,True,True,False,False
main,KMeans-weighted,10.0,58,42,continuous,0,9688,3,99.96904344236921,1.6603470272097491,1.332575897113299,3.9407302342027255,5.803836669113962,14.252581573122306,True,True,False,False,False
main,KMeans-weighted,10.0,59,42,continuous,0,9688,3,99.96904344236921,1.6882519717143798,1.4738156293471314,3.6546054254749087,5.142746463955531,15.264598378487985,True,False,False,False,False
main,KMeans-weighted,10.0,60,42,continuous,0,9688,3,99.96904344236921,1.6783606900164747,1.481878620623132,3.5351069858083237,5.377944026593517,15.264598378487985,True,False,False,False,False
main,KMeans-weighted,10.0,61,42,continuous,0,9683,8,99.91744917965123,1.6007575714360156,1.3354251136227502,3.4979927865876164,5.455106221363536,15.264598378487985,True,True,False,False,False
main,KMeans-weighted,10.0,62,42,continuous,0,9688,3,99.96904344236921,1.6168614867993873,1.332575897113299,3.734060901296568,5.359170573031727,15.264598378487985,True,False,False,False,False
main,KMeans-weighted,10.0,63,42,continuous,0,9688,3,99.96904344236921,1.589444727189643,1.4139849845188226,3.478418963454417,4.890440652929784,15.264598378487985,True,True,True,False,False
main,KMeans-weighted,10.0,64,42,continuous,0,9688,3,99.96904344236921,1.5905108052028731,1.451565483898538,3.4249151225353094,4.930243342482724,15.264598378487985,True,False,False,False,False
main,KMeans-weighted,10.0,65,42,continuous,0,9688,3,99.96904344236921,1.5300766070225302,1.302520056481154,3.254351953137291,5.339102038245566,15.264598378487985,True,True,False,False,False
main,KMeans-weighted,10.0,66,42,continuous,0,9688,3,99.96904344236921,1.530587637210777,1.3612704772672033,3.308519785777545,5.059237121120909,15.264598378487985,True,False,False,False,False
main,KMeans-weighted,10.0,67,42,continuous,0,9688,3,99.96904344236921,1.5265893246889495,1.3572446148101731,3.2803229993356022,5.27800676108332,15.264598378487985,True,True,False,False,False
main,KMeans-weighted,10.0,68,42,continuous,0,9688,3,99.96904344236921,1.536360349970413,1.3672602323557213,3.2992306485570264,4.803614741723829,15.264598378487985,True,False,False,False,False
main,KMeans-weighted,10.0,69,42,continuous,0,9688,3,99.96904344236921,1.5069085323827016,1.2524815698149125,3.452359568561921,4.760482264703176,12.996052512646255,True,True,False,False,False
main,KMeans-weighted,10.0,70,42,continuous,0,9688,3,99.96904344236921,1.4910433919338635,1.3170037215268224,3.254351953137291,4.853936072039876,15.264598378487985,True,True,False,False,False
main,KMeans-weighted,10.0,71,42,continuous,0,9688,3,99.96904344236921,1.4425566940778103,1.1997728436555375,3.2538499319227583,4.789241647872848,12.996052512646255,True,True,False,False,False
main,KMeans-weighted,10.0,72,42,continuous,0,9688,3,99.96904344236921,1.4531837525055853,1.2969856550123877,3.238875584967766,5.359170573031727,15.264598378487985,True,False,False,False,False
main,KMeans-weighted,10.0,73,42,continuous,0,9688,3,99.96904344236921,1.4466773586716712,1.3248573990781012,3.108255404896404,4.27498630764577,15.264598378487985,True,False,False,False,False
main,KMeans-weighted,10.0,74,42,continuous,0,9688,3,99.96904344236921,1.4114977206029418,1.1584177223263143,3.1290287894695767,4.628503268886951,15.264598378487985,True,True,False,False,False
main,KMeans-weighted,10.0,75,42,continuous,0,9688,3,99.96904344236921,1.3810396011775417,1.1603657868228838,3.131934509984364,4.615468964393815,15.264598378487985,True,True,False,False,False
main,KMeans-weighted,10.0,76,42,continuous,0,9688,3,99.96904344236921,1.3859871689236611,1.158940277110253,3.0701250666533686,4.62577438793231,15.264598378487985,True,False,False,False,False
main,KMeans-weighted,10.0,77,42,continuous,0,9688,3,99.96904344236921,1.3833759388340094,1.1902514132869693,3.0928100159266556,4.530706123384854,12.996052512646255,True,False,False,False,False
main,KMeans-weighted,10.0,78,42,continuous,0,9688,3,99.96904344236921,1.3613133332105058,1.126646605955625,3.085367775005313,4.27498630764577,15.264598378487985,True,True,False,False,False
main,KMeans-weighted,10.0,79,42,continuous,0,9688,3,99.96904344236921,1.3653698215244903,1.189690152558703,3.0701250666533686,4.274521418324846,12.996052512646255,True,False,False,False,False
main,KMeans-weighted,10.0,80,42,continuous,0,9688,3,99.96904344236921,1.339432940660886,1.1615976399739172,3.0654028174495873,4.27498630764577,15.264598378487985,True,True,False,False,False
main,KMeans-weighted,10.0,81,42,continuous,0,9688,3,99.96904344236921,1.318414668437812,1.0915064307345623,2.9944963521651955,4.440925680851463,12.996052512646255,True,True,False,False,False
main,KMeans-weighted,10.0,82,42,continuous,0,9690,1,99.98968114745641,1.3315743778828384,1.1598275907182487,2.97440048668587,3.8787382667424306,15.264598378487985,True,False,False,False,False
main,MCLP,5.0,1,-1,J300,21,1971,7720,20.338458363429986,19.518446886197214,16.46442007645856,47.79354650825217,63.27162846894999,75.91632448114619,False,False,False,False,False
main,MCLP,5.0,2,-1,J300,21,2852,6839,29.429367454339076,15.501248696781664,11.472868230169649,41.50935203655784,54.962532016469495,75.91632448114619,False,False,False,False,False
main,MCLP,5.0,3,-1,J300,21,3578,6113,36.920854400990606,12.901400748448486,8.460803985013026,39.05299086412297,52.17597433155382,75.91632448114619,False,False,False,False,False
main,MCLP,5.0,4,-1,J300,19,4287,5404,44.23692085440099,11.388719916024588,6.137934231125217,34.6112260822792,50.31502837013558,67.88307213260497,False,False,False,False,False
main,MCLP,5.0,5,-1,J300,19,4855,4836,50.09802909916417,10.479000034720316,4.9871383013026005,34.08039786494347,49.96060299834962,67.88307213260497,False,False,False,False,False
main,MCLP,5.0,6,-1,J300,19,5326,4365,54.95820864719843,8.445615471127338,4.659839303441408,27.38293376371475,49.96060299834962,67.88307213260497,False,False,False,False,False
main,MCLP,5.0,7,-1,J300,19,5709,3982,58.91032917139614,8.286525956588939,4.420528303150724,27.38293376371475,49.96060299834962,67.88307213260497,False,False,False,False,False
main,MCLP,5.0,8,-1,J300,19,6088,3603,62.82117428541946,7.9769829895789215,4.292835257400963,27.38293376371475,49.96060299834962,67.88307213260497,False,False,False,False,False
main,MCLP,5.0,9,-1,J300,16,6466,3225,66.72170054689919,6.984356057033487,4.164417324784249,26.17863928993314,47.01607467547261,65.38507422206561,False,False,False,False,False
main,MCLP,5.0,10,-1,J300,16,6730,2961,69.44587761840883,6.552220184519284,3.949347471827534,22.987157886703898,43.17955599614334,61.350475844255804,False,False,False,False,False
main,MCLP,5.0,11,-1,J300,14,6991,2700,72.13909813228769,6.385933150969013,3.8782071446673076,22.93843913410475,43.17955599614334,61.350475844255804,False,False,False,False,False
main,MCLP,5.0,12,-1,J300,14,7226,2465,74.56402848003302,6.207131728201584,3.8297922068865033,22.93843913410475,43.17955599614334,61.350475844255804,False,False,False,False,False
main,MCLP,5.0,13,-1,J300,14,7454,2237,76.91672685997317,6.0454549486104066,3.712823220418491,22.93843913410475,43.17955599614334,61.350475844255804,False,False,False,False,False
main,MCLP,5.0,14,-1,J300,14,7647,2044,78.90826540088742,5.813171598489304,3.6368917401317518,22.606340348714234,43.17955599614334,61.350475844255804,False,False,False,False,False
main,MCLP,5.0,15,-1,J300,13,7820,1871,80.69342689092973,4.853609815185265,3.620500182023189,16.299168238446256,27.79552810376862,53.43111241429651,False,False,False,False,False
main,MCLP,5.0,16,-1,J300,12,7969,1722,82.2309359199257,4.688513086686392,3.522709794622921,14.463495993886488,27.79552810376862,53.43111241429651,False,False,False,False,False
main,MCLP,5.0,17,-1,J300,12,8116,1575,83.74780724383449,4.5272362034945814,3.4891062598763534,14.297005939959623,27.79552810376862,53.43111241429651,False,False,False,False,False
main,MCLP,5.0,18,-1,J300,11,8253,1438,85.16149004230729,4.366838598461026,3.3842037980743465,13.200655449450235,26.10983679575951,53.43111241429651,False,False,False,False,False
main,MCLP,5.0,19,-1,J300,10,8349,1342,86.15209988649262,4.214231930481695,3.364900882537945,12.697166359370346,22.55773476316851,53.43111241429651,False,False,False,False,False
main,MCLP,5.0,20,-1,J300,10,8419,1272,86.87441956454443,4.15284282912359,3.349277235200596,12.697166359370346,22.55773476316851,53.43111241429651,False,False,False,False,False
main,MCLP,5.0,21,-1,J300,10,8488,1203,87.58642039005262,4.112353980538719,3.314578198549469,12.697166359370346,22.55773476316851,53.43111241429651,False,False,False,False,False
main,MCLP,5.0,22,-1,J300,10,8554,1137,88.26746465793003,3.915341025479575,3.305921647148711,11.430701842315088,21.2807436557052,53.30339599552052,False,False,False,False,False
main,MCLP,5.0,23,-1,J300,10,8608,1083,88.82468269528428,3.87534090922088,3.2581752197961706,11.430701842315088,21.2807436557052,53.30339599552052,False,False,False,False,False
main,MCLP,5.0,24,-1,J300,10,8660,1031,89.36126302755133,3.8544789630654743,3.2434853340139584,11.430701842315088,21.2807436557052,53.30339599552052,False,False,False,False,False
main,MCLP,5.0,25,-1,J300,10,8711,980,89.88752450727479,3.821158028082579,3.1946205225157502,11.430701842315088,21.2807436557052,53.30339599552052,False,False,False,False,False
main,MCLP,5.0,26,-1,J300,10,8756,935,90.35187287173666,3.781460990066716,3.1820582780503486,10.61751914573396,21.2807436557052,53.30339599552052,False,False,False,False,False
main,MCLP,5.0,27,-1,J300,10,8799,892,90.79558353111135,3.709067397905183,3.1516336845513853,10.238082278310785,20.448218447898217,49.2340699205548,False,False,False,False,False
main,MCLP,5.0,28,-1,J300,9,8840,851,91.21865648539882,3.5922596422981394,3.134542319088127,8.08377293400457,20.346572422516328,49.2340699205548,False,False,False,False,False
main,MCLP,5.0,29,-1,J300,9,8880,811,91.63141058714271,3.5644268540062916,3.1044961985831687,8.08377293400457,20.346572422516328,49.2340699205548,False,False,False,False,False
main,MCLP,5.0,30,-1,J300,9,8918,773,92.0235269837994,3.515423342640022,3.1044961985831687,6.947550633677082,20.346572422516328,49.2340699205548,False,False,False,False,False
main,MCLP,5.0,31,-1,J300,9,8956,735,92.41564338045609,3.492863023940892,3.0991392941617804,6.852086771279059,20.346572422516328,49.2340699205548,False,False,False,False,False
main,MCLP,5.0,32,-1,J300,8,8994,697,92.80775977711278,3.440238481891019,3.0824308739677924,6.470218951306017,20.346572422516328,49.2340699205548,False,False,False,False,False
main,MCLP,5.0,33,-1,J300,7,9031,660,93.18955732122588,3.3009064261436185,3.05573075896094,6.05627966651341,20.136948757424015,36.52617815788724,False,False,False,False,False
main,MCLP,5.0,34,-1,J300,6,9066,625,93.55071716025178,3.2017015677490206,3.047234288410315,5.654503082157814,14.042661373451415,36.52617815788724,False,False,False,False,False
main,MCLP,5.0,35,-1,J300,6,9100,591,93.90155814673409,3.1425505357934655,3.0294360402236715,5.53204024320082,12.42928974093915,36.52617815788724,False,False,False,False,False
main,MCLP,5.0,36,-1,J300,6,9130,561,94.211123723042,3.1206023298974848,3.0219692599632455,5.352611413469411,12.42928974093915,36.52617815788724,False,False,False,False,False
main,MCLP,5.0,37,-1,J300,5,9157,534,94.48973274171912,3.0341085429846224,3.008199664816719,5.249879777108853,10.381628712023282,26.950553178813898,False,False,False,False,False
main,MCLP,5.0,38,-1,J300,5,9181,510,94.73738520276545,3.01334498002594,3.006813642795855,5.172537433259706,10.381628712023282,26.950553178813898,False,False,False,False,False
main,MCLP,5.0,39,-1,J300,5,9205,486,94.98503766381178,2.9861999160671417,2.975039579766665,5.003709456796977,10.381628712023282,26.950553178813898,False,False,False,False,False
main,MCLP,5.0,40,-1,J300,5,9225,466,95.19141471468373,2.977517512505512,2.975039579766665,4.93726011141345,10.381628712023282,26.950553178813898,True,True,True,True,True
main,MCLP,5.0,41,-1,J300,4,9244,447,95.38747291301208,2.924678743503607,2.962831971288249,4.935511512715816,10.320062325763953,18.218208601095455,True,True,True,True,True
main,MCLP,5.0,42,-1,J300,4,9262,429,95.57321225879681,2.9047698024778725,2.962831971288249,4.935511512715816,10.320062325763953,18.218208601095455,True,True,False,False,False
main,MCLP,5.0,43,-1,J300,4,9279,412,95.74863275203798,2.8865582981847764,2.934318043674189,4.927320342024503,9.71787786673288,18.218208601095455,True,True,True,False,False
main,MCLP,5.0,44,-1,J300,3,9296,395,95.92405324527913,2.8582193667669666,2.934318043674189,4.927054534490701,8.587494680742124,16.550308693700245,True,True,True,True,True
main,MCLP,5.0,45,-1,J300,3,9310,381,96.06851718088949,2.831919178516164,2.8855074507496985,4.915339334336909,8.587494680742124,16.550308693700245,True,True,False,False,False
main,MCLP,5.0,46,-1,J300,3,9321,370,96.18202455886906,2.624235760006653,2.5699656860839055,4.882267596554133,8.587494680742124,16.550308693700245,True,True,False,False,False
main,MCLP,5.0,47,-1,J300,3,9331,360,96.28521308430503,2.5507965237329415,2.44417264641706,4.88109551331443,8.587494680742124,16.550308693700245,True,True,False,False,False
main,MCLP,5.0,48,-1,J300,3,9337,354,96.3471261995666,2.5406751092799387,2.44417264641706,4.88109551331443,8.587494680742124,16.550308693700245,True,True,False,False,False
main,MCLP,5.0,49,-1,J300,3,9341,350,96.388401609741,2.4266842347055,2.1527995727949927,4.88109551331443,8.587494680742124,16.550308693700245,True,True,False,False,False
main,MCLP,5.0,50,-1,J300,3,9343,348,96.40903931482819,2.4005939366638476,2.123746720056368,4.88109551331443,8.587494680742124,16.550308693700245,True,True,False,False,False
main,MCLP,5.0,51,-1,J300,3,9344,347,96.41935816737178,2.3779449093357816,2.0934933854116955,4.88109551331443,8.587494680742124,16.550308693700245,True,True,False,False,False
main,MCLP,10.0,1,-1,J300,21,3664,6027,37.80827571973997,17.952685371209387,14.054852205530679,44.794449100913106,58.16384706889171,79.17901060539485,False,False,False,False,False
main,MCLP,10.0,2,-1,J300,17,5038,4653,51.98637911464245,14.09084995270303,9.678548307187034,38.5465041035339,56.51008262706592,79.17901060539485,False,False,False,False,False
main,MCLP,10.0,3,-1,J300,14,6120,3571,63.15137756681457,11.859204331459996,8.568500569967284,33.10707234203919,48.551054074394834,70.54029245518277,False,False,False,False,False
main,MCLP,10.0,4,-1,J300,14,6914,2777,71.34454648643072,10.965557939035735,7.947338487549384,31.393858351308246,48.551054074394834,70.54029245518277,False,False,False,False,False
main,MCLP,10.0,5,-1,J300,13,7664,2027,79.08368589412858,9.466259599312837,7.480684418706016,28.00115129663156,48.551054074394834,70.54029245518277,False,False,False,False,False
main,MCLP,10.0,6,-1,J300,13,8146,1545,84.0573728201424,8.56081093290687,7.1124708243289065,25.369799644180727,46.71850668089494,65.0581314509113,False,False,False,False,False
main,MCLP,10.0,7,-1,J300,12,8407,1284,86.75059333402126,8.154306937811782,6.743727454837376,23.964068257838303,46.01142765971311,65.0581314509113,False,False,False,False,False
main,MCLP,10.0,8,-1,J300,11,8616,1075,88.90723351563307,7.190679020944671,6.615102897958672,17.01461325746569,27.676253128383717,50.4789120536817,False,False,False,False,False
main,MCLP,10.0,9,-1,J300,11,8754,937,90.33123516664946,6.9595061671412815,6.520462451294679,15.937866908208177,24.466084661724192,50.4789120536817,False,False,False,False,False
main,MCLP,10.0,10,-1,J300,11,8866,825,91.48694665153235,6.779231994964844,6.489376285880765,12.942693744985258,24.466084661724192,50.4789120536817,False,False,False,False,False
main,MCLP,10.0,11,-1,J300,11,8961,730,92.46723764317407,6.605816517870659,6.37317584564896,11.941872528689617,23.98286638828881,50.4789120536817,False,False,False,False,False
main,MCLP,10.0,12,-1,J300,11,9045,646,93.33402125683624,6.458358486427533,6.324925812527492,11.395084869095994,23.98286638828881,50.4789120536817,False,False,False,False,False
main,MCLP,10.0,13,-1,J300,10,9124,567,94.14921060778042,6.3340095342146165,6.263974045250386,10.282495412934002,22.96627395425885,50.4789120536817,False,False,False,False,False
main,MCLP,10.0,14,-1,J300,9,9190,501,94.83025487565783,6.2521494481095345,6.161876310650398,10.117288499959404,22.96627395425885,50.4789120536817,False,False,False,False,False
main,MCLP,10.0,15,-1,J300,9,9251,440,95.45970488081726,6.078534399545696,5.976480406476556,9.810989721000864,22.96627395425885,50.4789120536817,True,True,True,True,True
main,MCLP,10.0,16,-1,J300,8,9311,380,96.07883603343308,5.972949027595551,5.9038529265735376,9.771980896601479,21.201524002949654,50.4789120536817,True,True,True,False,True
main,MCLP,10.0,17,-1,J300,7,9367,324,96.65669177587452,5.832119841199906,5.864070035019858,9.678548307187034,18.81521672498776,37.75112261106004,True,True,True,True,True
main,MCLP,10.0,18,-1,J300,5,9416,275,97.16231555051078,5.713815640068429,5.816354170718122,9.578937624791477,14.618364215385649,37.75112261106004,True,True,True,False,True
main,MCLP,10.0,19,-1,J300,4,9460,231,97.61634506242906,5.657916871429873,5.770007793072252,9.380658070651243,14.042661373451415,37.75112261106004,True,True,True,False,True
main,MCLP,10.0,20,-1,J300,4,9492,199,97.94654834382416,5.15634120050486,5.228595089459129,8.796223048254255,14.042661373451415,37.75112261106004,True,True,False,False,False
main,MCLP,10.0,21,-1,J300,3,9519,172,98.22515736250129,5.067038971310053,5.160439263936177,8.69063636299862,12.08325942760386,26.950553178813898,True,True,True,True,True
main,MCLP,10.0,22,-1,J300,3,9541,150,98.45217211846042,5.022593930385397,5.081177969338045,8.629813592082245,12.08325942760386,26.950553178813898,True,True,False,False,False
main,MCLP,10.0,23,-1,J300,3,9562,129,98.66886802187597,4.994254998967586,5.050222526077477,8.617048937809704,11.395084869095994,26.950553178813898,True,False,True,False,False
main,MCLP,10.0,24,-1,J300,3,9582,109,98.87524507274792,4.957485297963807,5.027376998492832,8.605289376223585,10.360342865340115,26.950553178813898,True,False,True,False,False
main,MCLP,10.0,25,-1,J300,2,9601,90,99.07130327107626,4.904646528961901,5.027376998492832,8.530291800239317,9.91353366952201,16.550308693700245,True,False,True,True,True
main,MCLP,10.0,26,-1,J300,2,9615,76,99.21576720668662,4.869542749093373,4.986210256748569,8.486065992327747,9.91353366952201,16.550308693700245,True,False,False,False,False
main,MCLP,10.0,27,-1,J300,2,9624,67,99.30863687957898,4.835521192186484,4.963935466929743,8.486065992327747,9.745091728114067,16.550308693700245,True,False,True,False,False
main,MCLP,10.0,28,-1,J300,1,9632,59,99.39118769992777,4.822781604725544,4.949660752940091,8.486065992327747,9.730211445405722,16.550308693700245,True,False,True,False,True
main,MCLP,10.0,29,-1,J300,1,9635,56,99.42214425755856,4.71453071357083,4.827215412666264,8.486065992327747,9.615270244532228,16.550308693700245,True,False,True,False,False
main,MCLP,10.0,30,-1,J300,1,9636,55,99.43246311010216,4.67478032481292,4.7671693360632394,8.42197292458974,9.433251074836722,16.550308693700245,True,False,True,False,False
main,P-Median,3.0,1,-1,J300,21,376,9315,3.879888556392529,17.81364762685249,13.83446945173028,43.39674631089937,56.13726760472635,78.87587931383399,False,False,False,False,False
main,P-Median,3.0,2,-1,J300,21,977,8714,10.081518935094417,12.922069304441099,10.229540605171644,35.77161555705096,54.21576821597446,73.80657643112575,False,False,False,False,False
main,P-Median,3.0,3,-1,J300,21,1420,8271,14.652770611907956,11.073461390802322,7.962310565840589,33.31774234794633,52.95777672282012,74.08287023321586,False,False,False,False,False
main,P-Median,3.0,4,-1,J300,20,1525,8166,15.736250128985656,9.666353613499766,7.783263730407075,21.683381776931128,37.439427256119735,59.67316208885642,False,False,False,False,False
main,P-Median,3.0,5,-1,J300,18,1772,7919,18.285006707254155,8.382091957797977,6.541563848613607,19.999036236662285,30.691336965427137,53.75830158262533,False,False,False,False,False
main,P-Median,3.0,6,-1,J300,15,1988,7703,20.513878856671138,7.263516035757777,5.838099922750437,17.20002522683018,30.691336965427137,53.75830158262533,False,False,False,False,False
main,P-Median,3.0,7,-1,J300,16,2223,7468,22.93880920441647,6.539635074254122,5.179008804457528,17.20002522683018,30.552136561477475,53.75830158262533,False,False,False,False,False
main,P-Median,3.0,8,-1,J300,16,3103,6588,32.01939944278196,6.13624522586564,4.732743587258944,17.13119169534484,30.552136561477475,53.75830158262533,False,False,False,False,False
main,P-Median,3.0,9,-1,J300,16,2614,7077,26.973480548962954,5.778283639351625,4.5527497215265065,15.67848864574144,26.031163469053986,52.82595594585596,False,False,False,False,False
main,P-Median,3.0,10,-1,J300,16,3704,5987,38.22102982148385,5.389008752331704,4.081704243915837,15.623129793098103,26.031163469053986,52.82595594585596,False,False,False,False,False
main,P-Median,3.0,11,-1,J300,16,4256,5435,43.917036425549476,5.174205463089414,3.6133936950559327,15.623129793098103,26.031163469053986,52.82595594585596,False,False,False,False,False
main,P-Median,3.0,12,-1,J300,16,4343,5348,44.81477659684243,4.953646405627787,3.4461411123517824,15.249815667038591,24.917595380788335,52.82595594585596,False,False,False,False,False
main,P-Median,3.0,13,-1,J300,16,4588,5103,47.342895470023734,4.739759989592031,3.267500128849236,15.249815667038591,24.917595380788335,52.82595594585596,False,False,False,False,False
main,P-Median,3.0,14,-1,J300,15,4651,5040,47.99298318027036,4.53582275352746,3.2188436842229744,13.556593029545915,23.946669378325982,53.30339599552052,False,False,False,False,False
main,P-Median,3.0,15,-1,J300,15,4854,4837,50.087710246620574,4.372349769253669,2.993742953511284,13.262241123856388,23.946669378325982,53.30339599552052,False,False,False,False,False
main,P-Median,3.0,16,-1,J300,13,4660,5031,48.08585285316273,4.198056705465321,3.1218717844357537,12.771879674796843,21.74033084005331,53.30339599552052,False,False,False,False,False
main,P-Median,3.0,17,-1,J300,13,5131,4560,52.94603240119699,4.053320762607017,2.8258790542219328,12.771879674796843,21.74033084005331,53.30339599552052,False,False,False,False,False
main,P-Median,3.0,18,-1,J300,14,5442,4249,56.155195542255704,3.8802495686015854,2.6434634844540024,12.1722980861503,23.946669378325982,53.30339599552052,False,False,False,False,False
main,P-Median,3.0,19,-1,J300,13,5437,4254,56.10360127953771,3.7159853444425037,2.639548053547475,11.761925245227314,19.519201221675583,53.30339599552052,False,False,False,False,False
main,P-Median,3.0,20,-1,J300,12,5520,4171,56.96006604065628,3.581129401499205,2.62937674429977,11.484943190121134,18.95046947037582,28.687629604511976,False,False,False,False,False
main,P-Median,3.0,21,-1,J300,12,5853,3838,60.39624393767413,3.4455252844551705,2.507880086102327,11.484943190121134,18.95046947037582,28.687629604511976,False,False,False,False,False
main,P-Median,3.0,22,-1,J300,10,5947,3744,61.36621607677226,3.3409886461755787,2.44417264641706,11.382671014047254,18.95046947037582,28.687629604511976,False,False,False,False,False
main,P-Median,3.0,23,-1,J300,9,5981,3710,61.717057063254565,3.2230405932518127,2.443233127282843,9.568198139105785,17.73728270898471,28.687629604511976,False,False,False,False,False
main,P-Median,3.0,24,-1,J300,8,6078,3613,62.71798575998349,3.13961684989155,2.376438560451072,9.053876266375925,17.73728270898471,28.687629604511976,False,False,False,False,False
main,P-Median,3.0,25,-1,J300,9,6277,3414,64.77143741615933,3.0331176608009534,2.248583976289717,9.053876266375925,17.73728270898471,28.687629604511976,False,False,False,False,False
main,P-Median,3.0,26,-1,J300,10,6499,3192,67.06222268083789,2.9438276069872202,2.059087187647578,7.919187881290632,17.73728270898471,28.687629604511976,False,False,False,False,False
main,P-Median,3.0,27,-1,J300,8,6626,3065,68.37271695387473,2.845090561074778,2.011116505552299,7.919187881290632,17.73728270898471,28.687629604511976,False,False,False,False,False
main,P-Median,3.0,28,-1,J300,7,6675,3016,68.87834072851099,2.761071604249728,2.012619837648251,7.198713556110408,14.618364215385649,28.687629604511976,False,False,False,False,False
main,P-Median,3.0,29,-1,J300,7,6675,3016,68.87834072851099,2.7009648746827835,1.9329024952667448,7.198713556110408,14.618364215385649,28.687629604511976,False,False,False,False,False
main,P-Median,3.0,30,-1,J300,7,6899,2792,71.18976369827675,2.6318299174054167,1.8656365932153816,7.198713556110408,14.618364215385649,28.687629604511976,False,False,False,False,False
main,P-Median,3.0,31,-1,J300,7,6938,2753,71.59219894747704,2.567263706307326,1.8536663023148021,6.932343588454078,14.042661373451415,26.950553178813898,False,False,False,False,False
main,P-Median,3.0,32,-1,J300,7,7062,2629,72.8717366628831,2.5160547126670556,1.8096129159227226,6.932343588454078,14.042661373451415,26.950553178813898,False,False,False,False,False
main,P-Median,3.0,33,-1,J300,6,7095,2596,73.2122587968218,2.4557200832549198,1.8096129159227226,6.643533740574133,12.918502115738656,26.950553178813898,False,False,False,False,False
main,P-Median,3.0,34,-1,J300,6,7111,2580,73.37736043751934,2.3911248192169388,1.7861262456447786,6.381402798556995,11.040705652185979,26.950553178813898,False,False,False,False,False
main,P-Median,3.0,35,-1,J300,5,6995,2696,72.18037354246208,2.332994340556984,1.734521548562822,6.2033089083584665,10.737611259610295,18.218208601095455,False,False,False,False,False
main,P-Median,3.0,36,-1,J300,5,7124,2567,73.51150552058611,2.2852897385924615,1.734521548562822,6.2033089083584665,10.737611259610295,18.218208601095455,False,False,False,False,False
main,P-Median,3.0,37,-1,J300,5,7235,2456,74.6568981529254,2.237075947312195,1.714178347030153,6.18398788521521,10.737611259610295,18.218208601095455,False,False,False,False,False
main,P-Median,3.0,38,-1,J300,5,7351,2340,75.85388504798266,2.187492778435428,1.6622325629078913,6.18398788521521,10.737611259610295,18.218208601095455,False,False,False,False,False
main,P-Median,3.0,39,-1,J300,5,7460,2231,76.97863997523476,2.141036527311769,1.6239575771244976,6.18398788521521,10.737611259610295,18.218208601095455,False,False,False,False,False
main,P-Median,3.0,40,-1,J300,5,7580,2111,78.21690228046641,2.102026730505557,1.5635091222298605,6.038456051529888,10.737611259610295,18.218208601095455,False,False,False,False,False
main,P-Median,3.0,41,-1,J300,5,7614,2077,78.56774326694871,2.057575229783072,1.556599009612125,5.813262314691926,9.921070220632696,18.218208601095455,False,False,False,False,False
main,P-Median,3.0,42,-1,J300,5,7614,2077,78.56774326694871,2.0215570269166814,1.5188543609535086,5.813262314691926,9.921070220632696,18.218208601095455,False,False,False,False,False
main,P-Median,3.0,43,-1,J300,5,7646,2045,78.89794654834382,1.9882765641632743,1.5031532841149107,5.728987041671982,9.859389562668044,18.218208601095455,False,False,False,False,False
main,P-Median,3.0,44,-1,J300,5,7702,1989,79.47580229078527,1.9600086475871081,1.5006111461378586,5.651251723106653,9.859389562668044,18.218208601095455,False,False,False,False,False
main,P-Median,3.0,45,-1,J300,4,7719,1972,79.65122278402642,1.9316697161692986,1.4982228349801148,5.53204024320082,9.010586105722183,16.550308693700245,False,False,False,False,False
main,P-Median,3.0,46,-1,J300,4,7806,1885,80.54896295531937,1.9048840319421472,1.467496862312899,5.53204024320082,8.897232022872103,16.550308693700245,False,False,False,False,False
main,P-Median,3.0,47,-1,J300,4,7850,1841,81.00299246723765,1.878861035204326,1.4641339905402546,5.372258303903576,8.897232022872103,16.550308693700245,False,False,False,False,False
main,P-Median,3.0,48,-1,J300,4,7875,1816,81.26096378082757,1.8553265408460187,1.4523038313445036,5.288815248490521,8.897232022872103,16.550308693700245,False,False,False,False,False
main,P-Median,3.0,49,-1,J300,4,7948,1743,82.01424001651016,1.830973014961155,1.4344254348379668,5.288815248490521,8.897232022872103,16.550308693700245,False,False,False,False,False
main,P-Median,3.0,50,-1,J300,4,8023,1668,82.78815395727995,1.8081780094664903,1.4344254348379668,5.216055695851447,8.743826266691455,16.550308693700245,False,False,False,False,False
main,P-Median,3.0,51,-1,J300,4,8047,1644,83.03580641832629,1.7834407218993298,1.4341400356132157,5.003709456796977,8.743826266691455,16.550308693700245,False,False,False,False,False
main,P-Median,3.0,52,-1,J300,4,8144,1547,84.03673511505521,1.763871391904828,1.4310716415606315,5.003709456796977,8.743826266691455,16.550308693700245,False,False,False,False,False
main,P-Median,3.0,53,-1,J300,4,8144,1547,84.03673511505521,1.7460441969193758,1.402001229980834,5.003709456796977,8.743826266691455,16.550308693700245,False,False,False,False,False
main,P-Median,3.0,54,-1,J300,4,8155,1536,84.15024249303478,1.7283661302374544,1.3964546112870102,5.003709456796977,8.743826266691455,16.550308693700245,False,False,False,False,False
main,P-Median,3.0,55,-1,J300,4,8255,1436,85.18212774739449,1.7114825088873502,1.4119980094677078,4.919192756936556,8.587494680742124,16.550308693700245,False,False,False,False,False
main,P-Median,5.0,1,-1,J300,21,966,8725,9.968011557114849,17.81364762685249,13.83446945173028,43.39674631089937,56.13726760472635,78.87587931383399,False,False,False,False,False
main,P-Median,5.0,2,-1,J300,21,1693,7998,17.469817356309978,12.922069304441099,10.229540605171644,35.77161555705096,54.21576821597446,73.80657643112575,False,False,False,False,False
main,P-Median,5.0,3,-1,J300,21,2575,7116,26.571045299762666,11.073461390802322,7.962310565840589,33.31774234794633,52.95777672282012,74.08287023321586,False,False,False,False,False
main,P-Median,5.0,4,-1,J300,20,2734,6957,28.211742854194615,9.666353613499766,7.783263730407075,21.683381776931128,37.439427256119735,59.67316208885642,False,False,False,False,False
main,P-Median,5.0,5,-1,J300,18,3808,5883,39.29419048601795,8.382091957797977,6.541563848613607,19.999036236662285,30.691336965427137,53.75830158262533,False,False,False,False,False
main,P-Median,5.0,6,-1,J300,14,4217,5474,43.51460117634919,7.263516035757777,5.838099922750437,17.20002522683018,30.691336965427137,53.75830158262533,False,False,False,False,False
main,P-Median,5.0,7,-1,J300,15,4604,5087,47.50799711072129,6.539635074254122,5.179008804457528,17.20002522683018,30.552136561477475,53.75830158262533,False,False,False,False,False
main,P-Median,5.0,8,-1,J300,15,5193,4498,53.58580125890001,6.13624522586564,4.732743587258944,17.13119169534484,30.552136561477475,53.75830158262533,False,False,False,False,False
main,P-Median,5.0,9,-1,J300,15,5467,4224,56.41316685584563,5.778283639351625,4.5527497215265065,15.67848864574144,26.031163469053986,52.82595594585596,False,False,False,False,False
main,P-Median,5.0,10,-1,J300,14,5887,3804,60.74708492415643,5.389008752331704,4.081704243915837,15.623129793098103,26.031163469053986,52.82595594585596,False,False,False,False,False
main,P-Median,5.0,11,-1,J300,15,6126,3565,63.213290682076156,5.174205463089414,3.6133936950559327,15.623129793098103,26.031163469053986,52.82595594585596,False,False,False,False,False
main,P-Median,5.0,12,-1,J300,15,6360,3331,65.62790217727789,4.953646405627787,3.4461411123517824,15.249815667038591,24.917595380788335,52.82595594585596,False,False,False,False,False
main,P-Median,5.0,13,-1,J300,14,6719,2972,69.33237024042927,4.739759989592031,3.267500128849236,15.249815667038591,24.917595380788335,52.82595594585596,False,False,False,False,False
main,P-Median,5.0,14,-1,J300,13,6810,2881,70.2713858218966,4.53582275352746,3.2188436842229744,13.556593029545915,23.946669378325982,53.30339599552052,False,False,False,False,False
main,P-Median,5.0,15,-1,J300,14,6834,2857,70.51903828294293,4.372349769253669,2.993742953511284,13.262241123856388,23.946669378325982,53.30339599552052,False,False,False,False,False
main,P-Median,5.0,16,-1,J300,11,7028,2663,72.52089567640078,4.198056705465321,3.1218717844357537,12.771879674796843,21.74033084005331,53.30339599552052,False,False,False,False,False
main,P-Median,5.0,17,-1,J300,11,7229,2462,74.59498503766382,4.053320762607017,2.8258790542219328,12.771879674796843,21.74033084005331,53.30339599552052,False,False,False,False,False
main,P-Median,5.0,18,-1,J300,12,7617,2074,78.59869982457951,3.8802495686015854,2.6434634844540024,12.1722980861503,23.946669378325982,53.30339599552052,False,False,False,False,False
main,P-Median,5.0,19,-1,J300,11,7669,2022,79.13528015684656,3.7159853444425037,2.639548053547475,11.761925245227314,19.519201221675583,53.30339599552052,False,False,False,False,False
main,P-Median,5.0,20,-1,J300,9,7635,2056,78.78443917036425,3.581129401499205,2.62937674429977,11.484943190121134,18.95046947037582,28.687629604511976,False,False,False,False,False
main,P-Median,5.0,21,-1,J300,10,7812,1879,80.61087607058096,3.4455252844551705,2.507880086102327,11.484943190121134,18.95046947037582,28.687629604511976,False,False,False,False,False
main,P-Median,5.0,22,-1,J300,9,8021,1670,82.76751625219276,3.3409886461755787,2.44417264641706,11.382671014047254,18.95046947037582,28.687629604511976,False,False,False,False,False
main,P-Median,5.0,23,-1,J300,8,8062,1629,83.19058920648024,3.2230405932518127,2.443233127282843,9.568198139105785,17.73728270898471,28.687629604511976,False,False,False,False,False
main,P-Median,5.0,24,-1,J300,8,8225,1466,84.87256217108657,3.13961684989155,2.376438560451072,9.053876266375925,17.73728270898471,28.687629604511976,False,False,False,False,False
main,P-Median,5.0,25,-1,J300,8,8382,1309,86.49262202043133,3.0331176608009534,2.248583976289717,9.053876266375925,17.73728270898471,28.687629604511976,False,False,False,False,False
main,P-Median,5.0,26,-1,J300,8,8327,1364,85.92508513053349,2.9438276069872202,2.059087187647578,7.919187881290632,17.73728270898471,28.687629604511976,False,False,False,False,False
main,P-Median,5.0,27,-1,J300,7,8515,1176,87.86502940872975,2.845090561074778,2.011116505552299,7.919187881290632,17.73728270898471,28.687629604511976,False,False,False,False,False
main,P-Median,5.0,28,-1,J300,6,8580,1111,88.53575482406356,2.761071604249728,2.012619837648251,7.198713556110408,14.618364215385649,28.687629604511976,False,False,False,False,False
main,P-Median,5.0,29,-1,J300,6,8580,1111,88.53575482406356,2.7009648746827835,1.9329024952667448,7.198713556110408,14.618364215385649,28.687629604511976,False,False,False,False,False
main,P-Median,5.0,30,-1,J300,6,8630,1061,89.05169745124343,2.6318299174054167,1.8656365932153816,7.198713556110408,14.618364215385649,28.687629604511976,False,False,False,False,False
main,P-Median,5.0,31,-1,J300,6,8651,1040,89.26839335465897,2.567263706307326,1.8536663023148021,6.932343588454078,14.042661373451415,26.950553178813898,False,False,False,False,False
main,P-Median,5.0,32,-1,J300,6,8653,1038,89.28903105974615,2.5160547126670556,1.8096129159227226,6.932343588454078,14.042661373451415,26.950553178813898,False,False,False,False,False
main,P-Median,5.0,33,-1,J300,5,8691,1000,89.68114745640285,2.4557200832549198,1.8096129159227226,6.643533740574133,12.918502115738656,26.950553178813898,False,False,False,False,False
main,P-Median,5.0,34,-1,J300,5,8722,969,90.00103188525436,2.3911248192169388,1.7861262456447786,6.381402798556995,11.040705652185979,26.950553178813898,False,False,False,False,False
main,P-Median,5.0,35,-1,J300,4,8747,944,90.25900319884428,2.332994340556984,1.734521548562822,6.2033089083584665,10.737611259610295,18.218208601095455,False,False,False,False,False
main,P-Median,5.0,36,-1,J300,4,8749,942,90.27964090393148,2.2852897385924615,1.734521548562822,6.2033089083584665,10.737611259610295,18.218208601095455,False,False,False,False,False
main,P-Median,5.0,37,-1,J300,4,8820,871,91.01227943452687,2.237075947312195,1.714178347030153,6.18398788521521,10.737611259610295,18.218208601095455,False,False,False,False,False
main,P-Median,5.0,38,-1,J300,4,8820,871,91.01227943452687,2.187492778435428,1.6622325629078913,6.18398788521521,10.737611259610295,18.218208601095455,False,False,False,False,False
main,P-Median,5.0,39,-1,J300,4,8912,779,91.96161386853782,2.141036527311769,1.6239575771244976,6.18398788521521,10.737611259610295,18.218208601095455,False,False,False,False,False
main,P-Median,5.0,40,-1,J300,4,8972,719,92.58074502115365,2.102026730505557,1.5635091222298605,6.038456051529888,10.737611259610295,18.218208601095455,False,False,False,False,False
main,P-Median,5.0,41,-1,J300,4,9013,678,93.00381797544114,2.057575229783072,1.556599009612125,5.813262314691926,9.921070220632696,18.218208601095455,False,False,False,False,False
main,P-Median,5.0,42,-1,J300,4,9013,678,93.00381797544114,2.0215570269166814,1.5188543609535086,5.813262314691926,9.921070220632696,18.218208601095455,False,False,False,False,False
main,P-Median,5.0,43,-1,J300,4,9025,666,93.1276442059643,1.9882765641632743,1.5031532841149107,5.728987041671982,9.859389562668044,18.218208601095455,False,False,False,False,False
main,P-Median,5.0,44,-1,J300,4,9074,617,93.63326798060055,1.9600086475871081,1.5006111461378586,5.651251723106653,9.859389562668044,18.218208601095455,False,False,False,False,False
main,P-Median,5.0,45,-1,J300,3,9091,600,93.80868847384171,1.9316697161692986,1.4982228349801148,5.53204024320082,9.010586105722183,16.550308693700245,False,False,False,False,False
main,P-Median,5.0,46,-1,J300,3,9091,600,93.80868847384171,1.9048840319421472,1.467496862312899,5.53204024320082,8.897232022872103,16.550308693700245,False,False,False,False,False
main,P-Median,5.0,47,-1,J300,3,9110,581,94.00474667217006,1.878861035204326,1.4641339905402546,5.372258303903576,8.897232022872103,16.550308693700245,False,False,False,False,False
main,P-Median,5.0,48,-1,J300,3,9143,548,94.34526880610876,1.8553265408460187,1.4523038313445036,5.288815248490521,8.897232022872103,16.550308693700245,False,False,False,False,False
main,P-Median,5.0,49,-1,J300,3,9143,548,94.34526880610876,1.830973014961155,1.4344254348379668,5.288815248490521,8.897232022872103,16.550308693700245,False,False,False,False,False
main,P-Median,5.0,50,-1,J300,3,9167,524,94.59292126715509,1.8081780094664903,1.4344254348379668,5.216055695851447,8.743826266691455,16.550308693700245,False,False,False,False,False
main,P-Median,5.0,51,-1,J300,3,9199,492,94.9231245485502,1.7834407218993298,1.4341400356132157,5.003709456796977,8.743826266691455,16.550308693700245,False,False,False,False,False
main,P-Median,5.0,52,-1,J300,3,9201,490,94.9437622536374,1.763871391904828,1.4310716415606315,5.003709456796977,8.743826266691455,16.550308693700245,False,False,False,False,False
main,P-Median,5.0,53,-1,J300,3,9201,490,94.9437622536374,1.7460441969193758,1.402001229980834,5.003709456796977,8.743826266691455,16.550308693700245,False,False,False,False,False
main,P-Median,5.0,54,-1,J300,3,9202,489,94.954081106181,1.7283661302374544,1.3964546112870102,5.003709456796977,8.743826266691455,16.550308693700245,False,False,False,False,False
main,P-Median,5.0,55,-1,J300,3,9234,457,95.28428438757611,1.7114825088873502,1.4119980094677078,4.919192756936556,8.587494680742124,16.550308693700245,True,True,False,False,False
main,P-Median,10.0,1,-1,J300,21,2941,6750,30.347745330719224,17.81364762685249,13.83446945173028,43.39674631089937,56.13726760472635,78.87587931383399,False,False,False,False,False
main,P-Median,10.0,2,-1,J300,17,4658,5033,48.06521514807553,12.922069304441099,10.229540605171644,35.77161555705096,54.21576821597446,73.80657643112575,False,False,False,False,False
main,P-Median,10.0,3,-1,J300,16,5913,3778,61.01537509028996,11.073461390802322,7.962310565840589,33.31774234794633,52.95777672282012,74.08287023321586,False,False,False,False,False
main,P-Median,10.0,4,-1,J300,15,6120,3571,63.15137756681457,9.666353613499766,7.783263730407075,21.683381776931128,37.439427256119735,59.67316208885642,False,False,False,False,False
main,P-Median,10.0,5,-1,J300,14,6826,2865,70.43648746259416,8.382091957797977,6.541563848613607,19.999036236662285,30.691336965427137,53.75830158262533,False,False,False,False,False
main,P-Median,10.0,6,-1,J300,12,7536,2155,77.76287276854814,7.263516035757777,5.838099922750437,17.20002522683018,30.691336965427137,53.75830158262533,False,False,False,False,False
main,P-Median,10.0,7,-1,J300,10,8175,1516,84.35661954390672,6.539635074254122,5.179008804457528,17.20002522683018,30.552136561477475,53.75830158262533,False,False,False,False,False
main,P-Median,10.0,8,-1,J300,10,8219,1472,84.810649055825,6.13624522586564,4.732743587258944,17.13119169534484,30.552136561477475,53.75830158262533,False,False,False,False,False
main,P-Median,10.0,9,-1,J300,10,8443,1248,87.12207202559075,5.778283639351625,4.5527497215265065,15.67848864574144,26.031163469053986,52.82595594585596,False,False,False,False,False
main,P-Median,10.0,10,-1,J300,9,8458,1233,87.2768548137447,5.389008752331704,4.081704243915837,15.623129793098103,26.031163469053986,52.82595594585596,False,False,False,False,False
main,P-Median,10.0,11,-1,J300,9,8452,1239,87.21494169848313,5.174205463089414,3.6133936950559327,15.623129793098103,26.031163469053986,52.82595594585596,False,False,False,False,False
main,P-Median,10.0,12,-1,J300,9,8662,1029,89.38190073263853,4.953646405627787,3.4461411123517824,15.249815667038591,24.917595380788335,52.82595594585596,False,False,False,False,False
main,P-Median,10.0,13,-1,J300,9,8721,970,89.99071303271076,4.739759989592031,3.267500128849236,15.249815667038591,24.917595380788335,52.82595594585596,False,False,False,False,False
main,P-Median,10.0,14,-1,J300,9,8815,876,90.96068517180889,4.53582275352746,3.2188436842229744,13.556593029545915,23.946669378325982,53.30339599552052,False,False,False,False,False
main,P-Median,10.0,15,-1,J300,9,8921,770,92.05448354143019,4.372349769253669,2.993742953511284,13.262241123856388,23.946669378325982,53.30339599552052,False,False,False,False,False
main,P-Median,10.0,16,-1,J300,8,9015,676,93.02445568052832,4.198056705465321,3.1218717844357537,12.771879674796843,21.74033084005331,53.30339599552052,False,False,False,False,False
main,P-Median,10.0,17,-1,J300,8,9032,659,93.19987617376948,4.053320762607017,2.8258790542219328,12.771879674796843,21.74033084005331,53.30339599552052,False,False,False,False,False
main,P-Median,10.0,18,-1,J300,9,9066,625,93.55071716025178,3.8802495686015854,2.6434634844540024,12.1722980861503,23.946669378325982,53.30339599552052,False,False,False,False,False
main,P-Median,10.0,19,-1,J300,7,9115,576,94.05634093488804,3.7159853444425037,2.639548053547475,11.761925245227314,19.519201221675583,53.30339599552052,False,False,False,False,False
main,P-Median,10.0,20,-1,J300,6,9142,549,94.33494995356516,3.581129401499205,2.62937674429977,11.484943190121134,18.95046947037582,28.687629604511976,False,False,False,False,False
main,P-Median,10.0,21,-1,J300,6,9142,549,94.33494995356516,3.4455252844551705,2.507880086102327,11.484943190121134,18.95046947037582,28.687629604511976,False,False,False,False,False
main,P-Median,10.0,22,-1,J300,6,9140,551,94.31431224847798,3.3409886461755787,2.44417264641706,11.382671014047254,18.95046947037582,28.687629604511976,False,False,False,False,False
main,P-Median,10.0,23,-1,J300,6,9223,468,95.17077700959653,3.2230405932518127,2.443233127282843,9.568198139105785,17.73728270898471,28.687629604511976,True,True,False,False,False
main,P-Median,10.0,24,-1,J300,7,9263,428,95.58353111134042,3.13961684989155,2.376438560451072,9.053876266375925,17.73728270898471,28.687629604511976,True,True,False,False,False
main,P-Median,10.0,25,-1,J300,6,9262,429,95.57321225879681,3.0331176608009534,2.248583976289717,9.053876266375925,17.73728270898471,28.687629604511976,True,True,False,False,False
main,P-Median,10.0,26,-1,J300,6,9329,362,96.26457537921783,2.9438276069872202,2.059087187647578,7.919187881290632,17.73728270898471,28.687629604511976,True,True,False,False,False
main,P-Median,10.0,27,-1,J300,6,9330,361,96.27489423176142,2.845090561074778,2.011116505552299,7.919187881290632,17.73728270898471,28.687629604511976,True,True,False,False,False
main,P-Median,10.0,28,-1,J300,5,9386,305,96.85274997420287,2.761071604249728,2.012619837648251,7.198713556110408,14.618364215385649,28.687629604511976,True,True,False,False,False
main,P-Median,10.0,29,-1,J300,5,9386,305,96.85274997420287,2.7009648746827835,1.9329024952667448,7.198713556110408,14.618364215385649,28.687629604511976,True,True,False,False,False
main,P-Median,10.0,30,-1,J300,5,9386,305,96.85274997420287,2.6318299174054167,1.8656365932153816,7.198713556110408,14.618364215385649,28.687629604511976,True,True,False,False,False
main,P-Median,10.0,31,-1,J300,5,9424,267,97.24486637085955,2.567263706307326,1.8536663023148021,6.932343588454078,14.042661373451415,26.950553178813898,True,True,False,False,False
main,P-Median,10.0,32,-1,J300,5,9424,267,97.24486637085955,2.5160547126670556,1.8096129159227226,6.932343588454078,14.042661373451415,26.950553178813898,True,True,False,False,False
main,P-Median,10.0,33,-1,J300,4,9470,221,97.71953358786503,2.4557200832549198,1.8096129159227226,6.643533740574133,12.918502115738656,26.950553178813898,True,True,False,False,False
main,P-Median,10.0,34,-1,J300,3,9533,158,98.36962129811165,2.3911248192169388,1.7861262456447786,6.381402798556995,11.040705652185979,26.950553178813898,True,True,False,False,False
main,P-Median,10.0,35,-1,J300,2,9552,139,98.56567949644,2.332994340556984,1.734521548562822,6.2033089083584665,10.737611259610295,18.218208601095455,True,True,False,False,False
main,P-Median,10.0,36,-1,J300,2,9552,139,98.56567949644,2.2852897385924615,1.734521548562822,6.2033089083584665,10.737611259610295,18.218208601095455,True,True,False,False,False
main,P-Median,10.0,37,-1,J300,2,9552,139,98.56567949644,2.237075947312195,1.714178347030153,6.18398788521521,10.737611259610295,18.218208601095455,True,True,False,False,False
main,P-Median,10.0,38,-1,J300,2,9552,139,98.56567949644,2.187492778435428,1.6622325629078913,6.18398788521521,10.737611259610295,18.218208601095455,True,True,False,False,False
main,P-Median,10.0,39,-1,J300,2,9552,139,98.56567949644,2.141036527311769,1.6239575771244976,6.18398788521521,10.737611259610295,18.218208601095455,True,True,False,False,False
main,P-Median,10.0,40,-1,J300,2,9552,139,98.56567949644,2.102026730505557,1.5635091222298605,6.038456051529888,10.737611259610295,18.218208601095455,True,True,False,False,False
main,P-Median,10.0,41,-1,J300,2,9596,95,99.01970900835828,2.057575229783072,1.556599009612125,5.813262314691926,9.921070220632696,18.218208601095455,True,True,False,False,False
main,P-Median,10.0,42,-1,J300,2,9596,95,99.01970900835828,2.0215570269166814,1.5188543609535086,5.813262314691926,9.921070220632696,18.218208601095455,True,True,False,False,False
main,P-Median,10.0,43,-1,J300,2,9598,93,99.04034671344546,1.9882765641632743,1.5031532841149107,5.728987041671982,9.859389562668044,18.218208601095455,True,True,False,False,False
main,P-Median,10.0,44,-1,J300,2,9598,93,99.04034671344546,1.9600086475871081,1.5006111461378586,5.651251723106653,9.859389562668044,18.218208601095455,True,True,False,False,False
main,P-Median,10.0,45,-1,J300,2,9619,72,99.257042616861,1.9316697161692986,1.4982228349801148,5.53204024320082,9.010586105722183,16.550308693700245,True,True,True,False,False
main,P-Median,10.0,46,-1,J300,2,9623,68,99.29831802703539,1.9048840319421472,1.467496862312899,5.53204024320082,8.897232022872103,16.550308693700245,True,True,True,False,False
main,P-Median,10.0,47,-1,J300,2,9623,68,99.29831802703539,1.878861035204326,1.4641339905402546,5.372258303903576,8.897232022872103,16.550308693700245,True,True,False,False,False
main,P-Median,10.0,48,-1,J300,2,9623,68,99.29831802703539,1.8553265408460187,1.4523038313445036,5.288815248490521,8.897232022872103,16.550308693700245,True,True,False,False,False
main,P-Median,10.0,49,-1,J300,2,9623,68,99.29831802703539,1.830973014961155,1.4344254348379668,5.288815248490521,8.897232022872103,16.550308693700245,True,True,False,False,False
main,P-Median,10.0,50,-1,J300,2,9628,63,99.34991228975338,1.8081780094664903,1.4344254348379668,5.216055695851447,8.743826266691455,16.550308693700245,True,True,True,False,False
main,P-Median,10.0,51,-1,J300,2,9628,63,99.34991228975338,1.7834407218993298,1.4341400356132157,5.003709456796977,8.743826266691455,16.550308693700245,True,True,False,False,False
main,P-Median,10.0,52,-1,J300,2,9628,63,99.34991228975338,1.763871391904828,1.4310716415606315,5.003709456796977,8.743826266691455,16.550308693700245,True,True,False,False,False
main,P-Median,10.0,53,-1,J300,2,9628,63,99.34991228975338,1.7460441969193758,1.402001229980834,5.003709456796977,8.743826266691455,16.550308693700245,True,True,False,False,False
main,P-Median,10.0,54,-1,J300,2,9628,63,99.34991228975338,1.7283661302374544,1.3964546112870102,5.003709456796977,8.743826266691455,16.550308693700245,True,True,False,False,False
main,P-Median,10.0,55,-1,J300,2,9628,63,99.34991228975338,1.7114825088873502,1.4119980094677078,4.919192756936556,8.587494680742124,16.550308693700245,True,True,True,False,False
