scope,method,radius_km,K_selected,seed,CEP,lat,lng,city_norm,n_pedidos,valor_total,freight_total,native_label,nearest_facility,distance_km,native_distance_km,outside_R
main,KMeans-weighted,10.0,17,42,21910,-22.79777839220466,-43.18136086251543,rio de janeiro,15,1492.97,478.2,8,8,11.785047393000344,11.785047393000344,True
main,KMeans-weighted,10.0,17,42,21911,-22.7900819429952,-43.17257319356364,rio de janeiro,9,1442.42,315.54,8,8,13.007608701579656,13.007608701579656,True
main,KMeans-weighted,10.0,17,42,21920,-22.79811558143935,-43.19569772270941,rio de janeiro,25,2088.07,534.94,8,8,10.55582043906389,10.55582043906389,True
main,KMeans-weighted,10.0,17,42,21921,-22.8083044291334,-43.18564856697721,rio de janeiro,13,1134.38,262.78,8,8,10.80855229716258,10.80855229716258,True
main,KMeans-weighted,10.0,17,42,21930,-22.819481062981133,-43.1783585853495,rio de janeiro,12,2009.18,245.03,8,8,10.962046637591998,10.962046637591998,True
main,KMeans-weighted,10.0,17,42,23020,-23.0049905225767,-43.54784520457546,rio de janeiro,17,2349.81,324.69,16,16,10.025485215946041,10.025485215946041,True
main,KMeans-weighted,10.0,17,42,23810,-22.87093410934107,-43.76901268302672,itaguai,10,1477.67,210.63,10,10,11.605904328310313,11.605904328310313,True
main,KMeans-weighted,10.0,17,42,23811,-22.864749343835488,-43.76730098420256,itaguai,5,573.14,105.33,10,10,11.818368640044882,11.818368640044882,True
main,KMeans-weighted,10.0,17,42,23812,-22.872059666972863,-43.77093362835852,itaguai,5,793.85,136.33,10,10,11.715369473922808,11.715369473922808,True
main,KMeans-weighted,10.0,17,42,23815,-22.86867015326329,-43.78013952780047,itaguai,4,995.88,106.03,10,10,12.723548000622621,12.723548000622621,True
main,KMeans-weighted,10.0,17,42,23820,-22.862780471644363,-43.78526762819197,itaguai,4,522.4,106.66,10,10,13.50156042591712,13.50156042591712,True
main,KMeans-weighted,10.0,17,42,23821,-22.870305329108017,-43.79064137470553,itaguai,1,249.9,36.88,10,10,13.599286462215645,13.599286462215645,True
main,KMeans-weighted,10.0,17,42,23822,-22.861638585933974,-43.79342663064544,itaguai,1,247.0,19.61,10,10,14.293053268711422,14.293053268711422,True
main,KMeans-weighted,10.0,17,42,23825,-22.885828313712477,-43.82785584819327,itaguai,4,375.05,52.02,10,10,16.601504109938507,16.601504109938507,True
main,KMeans-weighted,10.0,17,42,23826,-22.89560484133116,-43.84587026303256,itaguai,4,246.45,77.39,10,10,18.178490640589605,18.178490640589605,True
main,KMeans-weighted,10.0,17,42,23830,-22.8458671869452,-43.78333380428192,itaguai,2,258.0,126.25,10,10,14.370444532644704,14.370444532644704,True
main,KMeans-weighted,10.0,17,42,23831,-22.876635031970025,-43.80985126698182,itaguai,3,234.8,52.26,10,10,15.141958359047269,15.141958359047269,True
main,KMeans-weighted,10.0,17,42,23832,-22.85534509298971,-43.76583456328473,itaguai,1,89.0,15.37,10,10,12.30532158960871,12.30532158960871,True
main,KMeans-weighted,10.0,17,42,23855,-22.86387076999147,-43.7592342671893,itaguai,2,59.4,35.02,10,10,11.194736580135809,11.194736580135809,True
main,KMeans-weighted,10.0,17,42,23890,-22.787688375690134,-43.64890166112607,seropedica,3,218.6,62.87,11,11,11.194427188706488,11.194427188706488,True
main,KMeans-weighted,10.0,17,42,23895,-22.746274001626645,-43.708503424610186,seropedica,9,1833.81,411.09,11,11,10.235764591416347,10.235764591416347,True
main,KMeans-weighted,10.0,17,42,23897,-22.792366849451536,-43.662640119980665,seropedica,2,144.98,33.01,11,11,12.0107734818792,12.0107734818792,True
main,KMeans-weighted,10.0,17,42,23898,-22.80791081625367,-43.644304412473865,seropedica,8,1063.59,133.13,10,3,13.087137727932246,13.105378645047026,True
main,KMeans-weighted,10.0,17,42,24800,-22.74248129310771,-42.85721075258665,itaborai,10,1027.89,195.82,9,9,15.087352298393824,15.087352298393824,True
main,KMeans-weighted,10.0,17,42,24801,-22.7395793666599,-42.84701335677763,itaborai,2,254.98,41.36,9,9,15.58247342774217,15.58247342774217,True
main,KMeans-weighted,10.0,17,42,24802,-22.729006918491564,-42.83466835876695,itaborai,1,199.0,21.66,9,9,17.017549793469637,17.017549793469637,True
main,KMeans-weighted,10.0,17,42,24804,-22.747090526611107,-42.84342210737453,itaborai,3,269.70000000000005,59.760000000000005,9,9,14.847378116452322,14.847378116452322,True
main,KMeans-weighted,10.0,17,42,24805,-22.73533148939793,-42.83883774259336,itaborai,1,53.9,22.96,9,9,16.229483597519895,16.229483597519895,True
main,KMeans-weighted,10.0,17,42,24808,-22.75677623430587,-42.855419742696405,itaborai,12,1489.52,289.06,9,9,13.544176366856735,13.544176366856735,True
main,KMeans-weighted,10.0,17,42,24812,-22.75019628085652,-42.87187716603211,itaborai,6,1169.7,194.99,9,9,14.09738897606641,14.09738897606641,True
main,KMeans-weighted,10.0,17,42,24813,-22.75411758328793,-42.88883553024611,itaborai,1,260.0,37.42,9,9,13.699104844696759,13.699104844696759,True
main,KMeans-weighted,10.0,17,42,24830,-22.7113078008679,-42.87331425316652,itaborai,1,45.9,15.56,9,9,18.414835306831474,18.414835306831474,True
main,KMeans-weighted,10.0,17,42,24846,-22.71538558398837,-42.80638584132024,itaborai,2,153.8,30.58,9,4,18.61573802125375,19.379264633752104,True
main,KMeans-weighted,10.0,17,42,24855,-22.773459679480904,-42.91565441771825,itaborai,3,485.88,69.33,9,9,12.146028963917098,12.146028963917098,True
main,KMeans-weighted,10.0,17,42,24856,-22.75807913856637,-42.91063311206234,itaborai,1,145.0,15.76,9,9,13.639012613342592,13.639012613342592,True
main,KMeans-weighted,10.0,17,42,24858,-22.77209935726771,-42.92264307986124,itaborai,6,512.78,120.95,9,6,12.348829677301772,12.535723920719073,True
main,KMeans-weighted,10.0,17,42,24859,-22.77340230558587,-42.90984766620826,itaborai,2,57.9,38.85,9,9,11.973764810685914,11.973764810685914,True
main,KMeans-weighted,10.0,17,42,24866,-22.73373117887529,-42.93276530734327,itaborai,2,95.9,33.52,6,6,14.326254166178083,14.326254166178083,True
main,KMeans-weighted,10.0,17,42,24876,-22.7125342435385,-42.89540473111652,itaborai,3,334.0,39.74,9,9,18.365576399690593,18.365576399690593,True
main,KMeans-weighted,10.0,17,42,24890,-22.73521870942802,-42.727847609078914,tangua,6,504.88,131.16,4,4,14.364442247569814,14.364442247569814,True
main,KMeans-weighted,10.0,17,42,24915,-22.955984494690547,-42.80761537855785,marica,3,326.70000000000005,89.65,9,9,11.340059757321825,11.340059757321825,True
main,KMeans-weighted,10.0,17,42,24921,-22.95260981760148,-42.808872638137295,marica,1,95.9,22.99,9,9,10.968616285547256,10.968616285547256,True
main,KMeans-weighted,10.0,17,42,24922,-22.94856570290517,-42.70343236618995,marica,2,78.9,30.700000000000003,9,9,19.528250030886237,19.528250030886237,True
main,KMeans-weighted,10.0,17,42,24935,-22.95097062040013,-42.94683341061871,marica,6,691.6,118.01,9,9,10.878189058445205,10.878189058445205,True
main,KMeans-weighted,10.0,17,42,24936,-22.954278207609654,-42.96711894755224,marica,16,2305.71,344.86,9,9,12.584077768012,12.584077768012,True
main,KMeans-weighted,10.0,17,42,24937,-22.95115200845083,-42.99376127553226,marica,2,269.98,30.54,13,13,11.244834385299189,11.244834385299189,True
main,KMeans-weighted,10.0,17,42,25241,-22.571208,-43.31268449999998,duque de caxias,1,59.99,16.18,7,7,15.719019223785846,15.719019223785846,True
main,KMeans-weighted,10.0,17,42,25245,-22.59128608480469,-43.312298090959736,duque de caxias,4,1164.39,183.36,7,7,13.494220226632095,13.494220226632095,True
main,KMeans-weighted,10.0,17,42,25250,-22.60728606434383,-43.29857473776487,duque de caxias,13,1324.26,320.51,7,7,11.633764374208953,11.633764374208953,True
main,KMeans-weighted,10.0,17,42,25253,-22.612060153892077,-43.28185276890751,duque de caxias,2,96.0,45.620000000000005,7,7,11.223537213862235,11.223537213862235,True
main,KMeans-weighted,10.0,17,42,25266,-22.63876728053192,-43.2218184372897,duque de caxias,4,668.7,86.51,7,7,11.270178160438023,11.270178160438023,True
main,KMeans-weighted,10.0,17,42,25270,-22.623874594466177,-43.23981472381287,duque de caxias,1,19.0,15.23,7,7,11.458490855872459,11.458490855872459,True
main,KMeans-weighted,10.0,17,42,25271,-22.63746113941411,-43.22617580587021,duque de caxias,5,422.38,76.13,7,7,11.073606133290737,11.073606133290737,True
main,KMeans-weighted,10.0,17,42,25272,-22.62425914893622,-43.21652128956865,duque de caxias,1,319.0,16.98,2,2,11.892202086036978,11.892202086036978,True
main,KMeans-weighted,10.0,17,42,25275,-22.63887775891837,-43.22692540844416,duque de caxias,3,389.8,69.43,7,7,10.904843250742507,10.904843250742507,True
main,KMeans-weighted,10.0,17,42,25740,-22.374645351841945,-43.12909370218015,petropolis,4,350.20000000000005,103.3,12,12,12.251065919697961,12.251065919697961,True
main,KMeans-weighted,10.0,17,42,25745,-22.3915193770552,-43.10829358749547,petropolis,6,538.43,135.37,12,12,11.561348114573667,11.561348114573667,True
main,KMeans-weighted,10.0,17,42,25750,-22.33852928975817,-43.12899883949998,petropolis,10,1118.48,243.37,12,12,16.073687308806598,16.073687308806598,True
main,KMeans-weighted,10.0,17,42,25770,-22.26889273967007,-43.07681259121553,petropolis,5,457.79,154.81,12,12,25.166930529399814,25.166930529399814,True
main,KMeans-weighted,10.0,17,42,25926,-22.70142395223432,-43.15952521180791,mage,9,1116.8,259.76,2,2,10.614780996396668,10.614780996396668,True
main,KMeans-weighted,10.0,17,42,25938,-22.6545713161462,-43.20333179891331,mage,3,670.2,61.77,2,2,11.108573667566018,11.108573667566018,True
main,KMeans-weighted,10.0,17,42,25943,-22.55101493109428,-42.98442049906716,guapimirim,3,129.9,47.22,2,2,14.365288037293931,14.365288037293931,True
main,KMeans-weighted,10.0,17,42,25945,-22.528934117386,-42.98544280263765,guapimirim,1,124.99,14.62,2,2,15.78547324508944,15.78547324508944,True
main,KMeans-weighted,10.0,17,42,25946,-22.527718078493137,-42.97826627951071,guapimirim,11,1815.77,266.41,2,2,16.431813220571556,16.431813220571556,True
main,KMeans-weighted,10.0,17,42,25949,-22.51454665728784,-42.96902750677734,guapimirim,2,368.9,35.08,2,2,18.1085101512682,18.1085101512682,True
main,KMeans-weighted,10.0,17,42,26062,-22.6632991804878,-43.42190649887993,nova iguacu,1,134.9,23.81,5,5,10.774042368515607,10.774042368515607,True
main,KMeans-weighted,10.0,17,42,26085,-22.7378823853966,-43.540626520424674,nova iguacu,2,176.86,43.99,5,5,10.484655360042023,10.484655360042023,True
main,KMeans-weighted,10.0,17,42,26292,-22.765111723156878,-43.559026201122336,nova iguacu,6,1152.69,121.1,11,11,11.274910506989098,11.274910506989098,True
main,KMeans-weighted,10.0,17,42,26293,-22.79249083598364,-43.57524682495404,nova iguacu,1,265.0,45.85,3,3,11.396360829308216,11.396360829308216,True
main,KMeans-weighted,10.0,17,42,26296,-22.80012558975328,-43.59358340822262,nova iguacu,3,1570.89,98.69,3,3,11.054280506919952,11.054280506919952,True
main,KMeans-weighted,10.0,17,42,26330,-22.73569440043516,-43.542197211853576,queimados,2,224.9,42.96,11,11,10.509959577741853,10.509959577741853,True
main,KMeans-weighted,10.0,17,42,26382,-22.692331349282565,-43.531816681604255,queimados,1,120.0,16.6,11,11,10.174918159907916,10.174918159907916,True
main,KMeans-weighted,10.0,17,42,26600,-22.61483382699214,-43.705683375748585,paracambi,35,6571.96,944.27,11,11,11.215323667759687,11.215323667759687,True
main,KMeans-weighted,10.0,17,42,28680,-22.470849051492323,-42.657121037845286,cachoeiras de macacu,19,1819.26,363.9,4,4,17.26829683442775,17.26829683442775,True
main,KMeans-weighted,5.0,40,42,20531,-22.958246852875916,-43.27033293203977,rio de janeiro,8,3652.34,170.89,37,37,5.27913683894607,5.27913683894607,True
main,KMeans-weighted,5.0,40,42,21854,-22.845556518964184,-43.49501645648064,rio de janeiro,1,79.98,30.46,24,24,5.313420828688977,5.313420828688977,True
main,KMeans-weighted,5.0,40,42,23020,-23.0049905225767,-43.54784520457546,rio de janeiro,17,2349.81,324.69,13,13,8.11614840695746,8.11614840695746,True
main,KMeans-weighted,5.0,40,42,23025,-22.99046924798533,-43.61550570181899,rio de janeiro,4,623.88,101.11,15,15,8.078359746568662,8.078359746568662,True
main,KMeans-weighted,5.0,40,42,23026,-22.99073734829478,-43.63045092144838,rio de janeiro,7,655.34,166.2,22,22,7.39570894003147,7.39570894003147,True
main,KMeans-weighted,5.0,40,42,23027,-23.00123690831294,-43.64009513690838,rio de janeiro,1,40.0,22.21,22,22,7.826491971086475,7.826491971086475,True
main,KMeans-weighted,5.0,40,42,23030,-22.96669955681108,-43.6017686687425,rio de janeiro,12,1097.63,274.43,15,15,5.472758065596307,5.472758065596307,True
main,KMeans-weighted,5.0,40,42,23031,-22.964378631240205,-43.61186736926677,rio de janeiro,6,471.79,80.62,15,15,5.159918398673235,5.159918398673235,True
main,KMeans-weighted,5.0,40,42,23032,-22.972563998366837,-43.64295047031437,rio de janeiro,11,3148.59,275.8,22,22,5.0278622578732834,5.0278622578732834,True
main,KMeans-weighted,5.0,40,42,23097,-22.85109676327036,-43.53613869095038,rio de janeiro,8,2435.26,129.27,3,3,5.1880136223226545,5.1880136223226545,True
main,KMeans-weighted,5.0,40,42,23560,-22.898979722466947,-43.69930833968601,rio de janeiro,19,3971.18,343.15,22,22,5.059535064119325,5.059535064119325,True
main,KMeans-weighted,5.0,40,42,23565,-22.897761741341185,-43.69665951306267,rio de janeiro,2,76.99000000000001,37.64,22,22,5.059572440043856,5.059572440043856,True
main,KMeans-weighted,5.0,40,42,23826,-22.89560484133116,-43.84587026303256,itaguai,4,246.45,77.39,35,35,6.606115797492381,6.606115797492381,True
main,KMeans-weighted,5.0,40,42,23893,-22.71072154468618,-43.69140232860298,seropedica,2,309.9,43.75,34,34,6.525740912398249,6.525740912398249,True
main,KMeans-weighted,5.0,40,42,23898,-22.80791081625367,-43.644304412473865,seropedica,8,1063.59,133.13,34,34,5.458779973013264,5.458779973013264,True
main,KMeans-weighted,5.0,40,42,24140,-22.889267493261837,-43.04860885808703,niteroi,6,241.67,104.78,26,26,5.083162386787936,5.083162386787936,True
main,KMeans-weighted,5.0,40,42,24141,-22.87816915718994,-43.05564163085743,niteroi,4,373.79,109.26,27,27,5.315559570685188,5.315559570685188,True
main,KMeans-weighted,5.0,40,42,24325,-22.882411375017146,-43.023744808929656,niteroi,3,294.89,99.1,4,4,6.151834297611221,6.151834297611221,True
main,KMeans-weighted,5.0,40,42,24330,-22.901199547746405,-42.991174595669065,niteroi,9,775.0,171.04,14,14,5.4185771817574695,5.4185771817574695,True
main,KMeans-weighted,5.0,40,42,24471,-22.785600785156785,-43.04593640228686,sao goncalo,2,99.75,56.94,27,27,5.500090505661732,5.500090505661732,True
main,KMeans-weighted,5.0,40,42,24472,-22.789315227589743,-43.03850388360695,sao goncalo,2,288.8,39.15,27,27,5.474625230099315,5.474625230099315,True
main,KMeans-weighted,5.0,40,42,24473,-22.787988229533347,-43.03235624966042,sao goncalo,1,34.98,28.2,4,4,5.4570396870224664,5.4570396870224664,True
main,KMeans-weighted,5.0,40,42,24475,-22.777267778897787,-43.027446308928425,sao goncalo,1,99.99,16.95,4,4,6.302679455916034,6.302679455916034,True
main,KMeans-weighted,5.0,40,42,24723,-22.81762359087853,-42.94676360586466,sao goncalo,5,736.45,126.85,4,4,6.095991937872345,6.095991937872345,True
main,KMeans-weighted,5.0,40,42,24724,-22.805769003517707,-42.95726724972363,sao goncalo,4,538.9,91.85,4,4,5.55695401804954,5.55695401804954,True
main,KMeans-weighted,5.0,40,42,24726,-22.78851170276054,-42.958565788861314,sao goncalo,1,151.0,15.72,4,4,6.603135521763247,6.603135521763247,True
main,KMeans-weighted,5.0,40,42,24735,-22.845883873637536,-42.95426308031982,sao goncalo,1,26.7,15.11,4,4,5.466692004631881,5.466692004631881,True
main,KMeans-weighted,5.0,40,42,24738,-22.851785749069546,-42.94354284297728,sao goncalo,5,132.06,77.15,4,4,6.723827874624141,6.723827874624141,True
main,KMeans-weighted,5.0,40,42,24752,-22.882259138501706,-42.98436172867216,sao goncalo,4,846.89,51.86,4,4,6.180789449443448,6.180789449443448,True
main,KMeans-weighted,5.0,40,42,24753,-22.88628701436756,-42.99166865896655,sao goncalo,2,409.7000000000001,84.69999999999999,4,4,6.40707920960799,6.40707920960799,True
main,KMeans-weighted,5.0,40,42,24754,-22.872354587681084,-43.027432812835386,sao goncalo,6,423.69,120.64,4,4,5.2594463451722175,5.2594463451722175,True
main,KMeans-weighted,5.0,40,42,24756,-22.88593339499682,-43.011983104667294,sao goncalo,10,1781.88,224.75,4,4,6.27083972711689,6.27083972711689,True
main,KMeans-weighted,5.0,40,42,24846,-22.71538558398837,-42.80638584132024,itaborai,2,153.8,30.58,29,29,7.823245667561711,7.823245667561711,True
main,KMeans-weighted,5.0,40,42,24855,-22.773459679480904,-42.91565441771825,itaborai,3,485.88,69.33,29,29,5.114744248684278,5.114744248684278,True
main,KMeans-weighted,5.0,40,42,24858,-22.77209935726771,-42.92264307986124,itaborai,6,512.78,120.95,29,29,5.665651501134742,5.665651501134742,True
main,KMeans-weighted,5.0,40,42,24866,-22.73373117887529,-42.93276530734327,itaborai,2,95.9,33.52,29,29,6.331832054961336,6.331832054961336,True
main,KMeans-weighted,5.0,40,42,24890,-22.73521870942802,-42.727847609078914,tangua,6,504.88,131.16,8,8,8.308129462619,8.308129462619,True
main,KMeans-weighted,5.0,40,42,24922,-22.94856570290517,-42.70343236618995,marica,2,78.9,30.700000000000003,23,23,14.252581573122306,14.252581573122306,True
main,KMeans-weighted,5.0,40,42,24930,-22.92610775291927,-42.89850356371279,marica,4,387.59,79.6,14,14,5.18605478582687,5.18605478582687,True
main,KMeans-weighted,5.0,40,42,24933,-22.9565929719624,-42.88349437707549,marica,8,615.57,182.63,23,23,5.455106221363536,5.455106221363536,True
main,KMeans-weighted,5.0,40,42,24934,-22.946221164792775,-42.88645951724069,marica,3,698.74,73.75999999999999,23,23,5.1331983458501025,5.1331983458501025,True
main,KMeans-weighted,5.0,40,42,24937,-22.95115200845083,-42.99376127553226,marica,2,269.98,30.54,14,14,5.133316022310327,5.133316022310327,True
main,KMeans-weighted,5.0,40,42,25085,-22.79583417251553,-43.291526151554045,duque de caxias,1,259.0,16.69,6,6,5.158442679816275,5.158442679816275,True
main,KMeans-weighted,5.0,40,42,25233,-22.70350739511343,-43.29957916081139,duque de caxias,4,912.05,112.24,0,0,6.301432172567005,6.301432172567005,True
main,KMeans-weighted,5.0,40,42,25235,-22.70286437220505,-43.31600017753463,duque de caxias,3,527.9,63.54,28,28,6.146564018943992,6.146564018943992,True
main,KMeans-weighted,5.0,40,42,25241,-22.571208,-43.31268449999998,duque de caxias,1,59.99,16.18,0,0,9.9733740344141,9.9733740344141,True
main,KMeans-weighted,5.0,40,42,25245,-22.59128608480469,-43.312298090959736,duque de caxias,4,1164.39,183.36,0,0,7.976904872152048,7.976904872152048,True
main,KMeans-weighted,5.0,40,42,25250,-22.60728606434383,-43.29857473776487,duque de caxias,13,1324.26,320.51,0,0,5.733574101692603,5.733574101692603,True
main,KMeans-weighted,5.0,40,42,25266,-22.63876728053192,-43.2218184372897,duque de caxias,4,668.7,86.51,32,32,5.333662749600639,5.333662749600639,True
main,KMeans-weighted,5.0,40,42,25271,-22.63746113941411,-43.22617580587021,duque de caxias,5,422.38,76.13,0,0,5.024118449922282,5.024118449922282,True
main,KMeans-weighted,5.0,40,42,25272,-22.62425914893622,-43.21652128956865,duque de caxias,1,319.0,16.98,32,32,5.093473940845189,5.093473940845189,True
main,KMeans-weighted,5.0,40,42,25710,-22.475562635890437,-43.148370152985294,petropolis,16,2736.4,646.96,16,16,5.359170573031727,5.359170573031727,True
main,KMeans-weighted,5.0,40,42,25725,-22.427894024726776,-43.20138979903541,petropolis,3,345.89,55.44,7,7,8.556412096277574,8.556412096277574,True
main,KMeans-weighted,5.0,40,42,25750,-22.33852928975817,-43.12899883949998,petropolis,10,1118.48,243.37,7,7,5.559094888446921,5.559094888446921,True
main,KMeans-weighted,5.0,40,42,25770,-22.26889273967007,-43.07681259121553,petropolis,5,457.79,154.81,7,7,14.377953932951817,14.377953932951817,True
main,KMeans-weighted,5.0,40,42,25900,-22.651419516496585,-43.06655787630402,mage,18,1902.22,408.59,20,20,6.020844335407034,6.020844335407034,True
main,KMeans-weighted,5.0,40,42,25901,-22.648338600540264,-43.0583437917855,mage,9,1310.87,168.63,20,20,5.301947950523778,5.301947950523778,True
main,KMeans-weighted,5.0,40,42,25902,-22.65954574226225,-43.116827376350194,mage,1,146.0,29.36,32,32,5.865894785741271,5.865894785741271,True
main,KMeans-weighted,5.0,40,42,25903,-22.641865834980965,-43.07245208309176,mage,3,289.88,49.1,20,20,5.562575084876071,5.562575084876071,True
main,KMeans-weighted,5.0,40,42,25904,-22.65181465633809,-43.05361261025339,mage,1,1499.99,21.76,20,20,5.458287054466006,5.458287054466006,True
main,KMeans-weighted,5.0,40,42,25905,-22.661390928999936,-43.03525083599993,mage,2,204.75000000000003,71.47,20,20,6.169229071686537,6.169229071686537,True
main,KMeans-weighted,5.0,40,42,25908,-22.65815606716074,-43.11902674370239,mage,2,327.89,37.35,32,32,5.599176018499079,5.599176018499079,True
main,KMeans-weighted,5.0,40,42,25911,-22.55907208815268,-43.044923138517305,mage,4,526.49,131.57,20,20,5.31161628743041,5.31161628743041,True
main,KMeans-weighted,5.0,40,42,25925,-22.69368277179141,-43.10979273572445,mage,2,174.99,30.58,32,32,8.590869103870766,8.590869103870766,True
main,KMeans-weighted,5.0,40,42,25926,-22.70142395223432,-43.15952521180791,mage,9,1116.8,259.76,32,32,6.927079248824868,6.927079248824868,True
main,KMeans-weighted,5.0,40,42,25933,-22.589725437213616,-43.18381309691644,mage,4,745.79,78.25999999999999,32,32,5.755915257178402,5.755915257178402,True
main,KMeans-weighted,5.0,40,42,25943,-22.55101493109428,-42.98442049906716,guapimirim,3,129.9,47.22,20,20,7.99908409152529,7.99908409152529,True
main,KMeans-weighted,5.0,40,42,25945,-22.528934117386,-42.98544280263765,guapimirim,1,124.99,14.62,20,20,9.9457954535614,9.9457954535614,True
main,KMeans-weighted,5.0,40,42,25946,-22.527718078493137,-42.97826627951071,guapimirim,11,1815.77,266.41,20,20,10.452742788659368,10.452742788659368,True
main,KMeans-weighted,5.0,40,42,25949,-22.51454665728784,-42.96902750677734,guapimirim,2,368.9,35.08,20,20,12.197768035424936,12.197768035424936,True
main,KMeans-weighted,5.0,40,42,26052,-22.682661738953115,-43.44763426447411,nova iguacu,7,912.53,204.37,38,38,5.790856595342369,5.790856595342369,True
main,KMeans-weighted,5.0,40,42,26053,-22.676424784708487,-43.46514837118791,nova iguacu,2,271.99,49.42,38,38,6.155533456498367,6.155533456498367,True
main,KMeans-weighted,5.0,40,42,26062,-22.6632991804878,-43.42190649887993,nova iguacu,1,134.9,23.81,38,38,8.878337586139251,8.878337586139251,True
main,KMeans-weighted,5.0,40,42,26163,-22.71802861019754,-43.38866458565219,belford roxo,1,16.99,15.11,12,12,5.816984449955557,5.816984449955557,True
main,KMeans-weighted,5.0,40,42,26165,-22.73004862963322,-43.38401397146633,belford roxo,6,543.65,134.29000000000002,12,12,5.34224455182715,5.34224455182715,True
main,KMeans-weighted,5.0,40,42,26167,-22.73381526820578,-43.37869831571142,belford roxo,3,185.89,41.54,12,12,5.618051191639043,5.618051191639043,True
main,KMeans-weighted,5.0,40,42,26170,-22.735308724256505,-43.3689986253974,belford roxo,1,12.99,15.23,28,28,5.520645576675588,5.520645576675588,True
main,KMeans-weighted,5.0,40,42,26172,-22.727797274174065,-43.36988532052452,belford roxo,1,56.99,15.15,28,28,6.023499400162644,6.023499400162644,True
main,KMeans-weighted,5.0,40,42,26178,-22.71708005610544,-43.37621943740937,belford roxo,4,344.6,86.10999999999999,12,12,6.832928319891636,6.832928319891636,True
main,KMeans-weighted,5.0,40,42,26180,-22.709309871783464,-43.340396840703605,belford roxo,1,31.9,14.1,28,28,5.759059356653711,5.759059356653711,True
main,KMeans-weighted,5.0,40,42,26185,-22.71230675457505,-43.3346366040831,belford roxo,3,412.7000000000001,204.06,28,28,5.261403683075173,5.261403683075173,True
main,KMeans-weighted,5.0,40,42,26270,-22.771786935706576,-43.513737001536,nova iguacu,2,153.65,27.71,5,5,6.4597857197992665,6.4597857197992665,True
main,KMeans-weighted,5.0,40,42,26271,-22.76538805577464,-43.513740263369385,nova iguacu,3,551.96,46.46,5,5,5.884731304688973,5.884731304688973,True
main,KMeans-weighted,5.0,40,42,26272,-22.761268184110865,-43.504602353534416,nova iguacu,2,508.9,43.78,38,38,5.107310372877487,5.107310372877487,True
main,KMeans-weighted,5.0,40,42,26275,-22.758522248481707,-43.5081270171475,nova iguacu,3,84.89,64.13,38,38,5.209206386096643,5.209206386096643,True
main,KMeans-weighted,5.0,40,42,26290,-22.7692389862532,-43.52530849381608,nova iguacu,12,2442.91,211.53,5,5,5.619009925726881,5.619009925726881,True
main,KMeans-weighted,5.0,40,42,26291,-22.775922205954583,-43.53552518598715,nova iguacu,4,1112.41,89.05,5,5,5.968391739149674,5.968391739149674,True
main,KMeans-weighted,5.0,40,42,26293,-22.79249083598364,-43.57524682495404,nova iguacu,1,265.0,45.85,5,5,8.100115291266407,8.100115291266407,True
main,KMeans-weighted,5.0,40,42,26296,-22.80012558975328,-43.59358340822262,nova iguacu,3,1570.89,98.69,34,34,9.02410511721689,9.02410511721689,True
main,KMeans-weighted,5.0,40,42,26297,-22.81315246690653,-43.58884053145267,nova iguacu,3,503.8,76.75,3,3,9.485939520179656,9.485939520179656,True
main,KMeans-weighted,5.0,40,42,26298,-22.821289601573383,-43.58391704635197,nova iguacu,5,1986.86,132.22,3,3,8.465344523894505,8.465344523894505,True
main,KMeans-weighted,5.0,40,42,26299,-22.84103615023977,-43.61515804577371,nova iguacu,1,148.9,20.23,15,3,8.29802811400378,8.578775162273454,True
main,KMeans-weighted,5.0,40,42,26316,-22.691702991594585,-43.594666387857934,queimados,1,49.8,14.52,5,5,5.8731122473713535,5.8731122473713535,True
main,KMeans-weighted,5.0,40,42,26413,-22.696333434498968,-43.626641384369336,japeri,1,56.99,15.15,5,5,8.513363922486699,8.513363922486699,True
main,KMeans-weighted,5.0,40,42,26420,-22.68450772983073,-43.61532318330367,japeri,2,216.8,39.86,5,5,8.069345104316321,8.069345104316321,True
main,KMeans-weighted,5.0,40,42,26423,-22.6809778671,-43.61135654272859,japeri,1,75.0,14.7,5,5,7.958312813930692,7.958312813930692,True
main,KMeans-weighted,5.0,40,42,26425,-22.68320829858776,-43.6136513869842,japeri,1,809.0,27.59,5,5,8.006072821562455,8.006072821562455,True
main,KMeans-weighted,5.0,40,42,26430,-22.68817178316981,-43.60645936527142,japeri,3,256.99,47.4,5,5,7.085659927831203,7.085659927831203,True
main,KMeans-weighted,5.0,40,42,26440,-22.6438955448154,-43.64300824279504,japeri,4,252.61,78.17,17,17,5.345896058296031,5.345896058296031,True
main,KMeans-weighted,5.0,40,42,26445,-22.674494004101163,-43.60813218912923,japeri,3,266.98,54.94,5,5,8.16087628348745,8.16087628348745,True
main,KMeans-weighted,5.0,40,42,26450,-22.663207630218253,-43.610776285393406,japeri,1,229.99,18.86,5,5,9.234609715999216,9.234609715999216,True
main,KMeans-weighted,5.0,40,42,26453,-22.66951051838989,-43.61452547990683,japeri,3,232.66000000000005,52.92999999999999,5,5,9.019119661695555,9.019119661695555,True
main,KMeans-weighted,5.0,40,42,26455,-22.67373240752545,-43.59804565833488,japeri,1,109.9,16.53,5,5,7.488839522449865,7.488839522449865,True
main,KMeans-weighted,5.0,40,42,26460,-22.67164263350668,-43.59088177051566,japeri,2,878.56,471.57,5,5,7.203324148140115,7.203324148140115,True
main,KMeans-weighted,5.0,40,42,26470,-22.679545467450534,-43.593041196799824,japeri,1,18.9,15.1,5,5,6.665159241620263,6.665159241620263,True
main,KMeans-weighted,5.0,40,42,26480,-22.667916878063743,-43.58577332849087,japeri,1,57.99,16.17,5,5,7.255792225316303,7.255792225316303,True
main,KMeans-weighted,5.0,40,42,28695,-22.60367916043864,-42.74073968432629,cachoeiras de macacu,1,99.0,22.16,8,8,15.264598378487985,15.264598378487985,True
main,KMeans-weighted,3.0,82,42,20531,-22.958246852875916,-43.27033293203977,rio de janeiro,8,3652.34,170.89,68,68,4.623997626546914,4.623997626546914,True
main,KMeans-weighted,3.0,82,42,20931,-22.880476502680093,-43.21772315263865,rio de janeiro,11,1466.49,213.49,31,31,3.5779652163562914,3.5779652163562914,True
main,KMeans-weighted,3.0,82,42,20932,-22.85332248950828,-43.397360098269154,rio de janeiro,1,140.0,15.73,67,67,3.052191482598007,3.052191482598007,True
main,KMeans-weighted,3.0,82,42,21360,-22.866945338258187,-43.33478170506691,rio de janeiro,8,1156.7,129.31,57,57,3.0195301489499387,3.0195301489499387,True
main,KMeans-weighted,3.0,82,42,21530,-22.828811915352887,-43.346307609440586,rio de janeiro,6,795.55,125.32,33,33,3.262299805602677,3.262299805602677,True
main,KMeans-weighted,3.0,82,42,21535,-22.8194481093076,-43.35408490190018,rio de janeiro,2,92.89,35.27,36,36,3.546199475873133,3.546199475873133,True
main,KMeans-weighted,3.0,82,42,21640,-22.83463324022867,-43.39275636997285,rio de janeiro,2,155.99,36.83,22,22,3.100985539083084,3.100985539083084,True
main,KMeans-weighted,3.0,82,42,21650,-22.816850689474528,-43.374314532417216,rio de janeiro,5,475.78,128.24,36,36,3.1290287894695767,3.1290287894695767,True
main,KMeans-weighted,3.0,82,42,21655,-22.818616394359942,-43.382598700728,rio de janeiro,2,160.8,50.26,22,22,3.296978507457181,3.296978507457181,True
main,KMeans-weighted,3.0,82,42,21740,-22.88433305340309,-43.387504877344114,rio de janeiro,10,2002.6,264.68,13,13,3.1240961597057146,3.1240961597057146,True
main,KMeans-weighted,3.0,82,42,21741,-22.88962788350659,-43.395124429249634,rio de janeiro,6,859.59,206.53,28,28,3.3289982499494903,3.3289982499494903,True
main,KMeans-weighted,3.0,82,42,21832,-22.894998640111965,-43.490836960215546,rio de janeiro,9,731.6899999999999,193.47,39,39,3.1458089767907356,3.1458089767907356,True
main,KMeans-weighted,3.0,82,42,21854,-22.845556518964184,-43.49501645648064,rio de janeiro,1,79.98,30.46,39,39,3.745589826445892,3.745589826445892,True
main,KMeans-weighted,3.0,82,42,21932,-22.80486286271774,-43.22572822631956,rio de janeiro,4,789.78,126.70999999999998,24,24,3.267474924527236,3.267474924527236,True
main,KMeans-weighted,3.0,82,42,22452,-22.952645498107493,-43.30267070542142,rio de janeiro,2,145.88,55.7,32,32,3.1220356929292903,3.1220356929292903,True
main,KMeans-weighted,3.0,82,42,22783,-22.984082408782115,-43.44889019919411,rio de janeiro,44,5413.76,990.75,16,16,3.160693822658841,3.160693822658841,True
main,KMeans-weighted,3.0,82,42,23026,-22.99073734829478,-43.63045092144838,rio de janeiro,7,655.34,166.2,60,60,3.128428709344932,3.128428709344932,True
main,KMeans-weighted,3.0,82,42,23027,-23.00123690831294,-43.64009513690838,rio de janeiro,1,40.0,22.21,60,60,4.647097317581865,4.647097317581865,True
main,KMeans-weighted,3.0,82,42,23032,-22.972563998366837,-43.64295047031437,rio de janeiro,11,3148.59,275.8,60,60,3.009510293982534,3.009510293982534,True
main,KMeans-weighted,3.0,82,42,23035,-22.945894102935657,-43.594457021538446,rio de janeiro,12,2189.19,354.29,60,60,3.089975319951323,3.089975319951323,True
main,KMeans-weighted,3.0,82,42,23036,-22.937899966329617,-43.578646142633474,rio de janeiro,10,1326.92,222.66,40,40,3.4799625776735623,3.4799625776735623,True
main,KMeans-weighted,3.0,82,42,23525,-22.94503552262656,-43.67692431410214,rio de janeiro,5,470.63,61.82,14,14,3.1762016474273453,3.1762016474273453,True
main,KMeans-weighted,3.0,82,42,23825,-22.885828313712477,-43.82785584819327,itaguai,4,375.05,52.02,8,8,4.484074256278153,4.484074256278153,True
main,KMeans-weighted,3.0,82,42,23826,-22.89560484133116,-43.84587026303256,itaguai,4,246.45,77.39,8,8,6.606115797492381,6.606115797492381,True
main,KMeans-weighted,3.0,82,42,23890,-22.787688375690134,-43.64890166112607,seropedica,3,218.6,62.87,56,56,3.797668336873663,3.797668336873663,True
main,KMeans-weighted,3.0,82,42,23893,-22.71072154468618,-43.69140232860298,seropedica,2,309.9,43.75,30,30,3.498729457991359,3.498729457991359,True
main,KMeans-weighted,3.0,82,42,23897,-22.792366849451536,-43.662640119980665,seropedica,2,144.98,33.01,56,56,4.811420300628543,4.811420300628543,True
main,KMeans-weighted,3.0,82,42,24330,-22.901199547746405,-42.991174595669065,niteroi,9,775.0,171.04,79,79,3.5155556328854978,3.5155556328854978,True
main,KMeans-weighted,3.0,82,42,24467,-22.805308252046,-43.05264792957123,sao goncalo,2,130.96,35.42,5,5,3.0876501160673078,3.0876501160673078,True
main,KMeans-weighted,3.0,82,42,24470,-22.79629033350867,-43.04531393855412,sao goncalo,1,193.8,35.86,5,5,3.2261736705058977,3.2261736705058977,True
main,KMeans-weighted,3.0,82,42,24471,-22.785600785156785,-43.04593640228686,sao goncalo,2,99.75,56.94,5,5,4.27844328545866,4.27844328545866,True
main,KMeans-weighted,3.0,82,42,24472,-22.789315227589743,-43.03850388360695,sao goncalo,2,288.8,39.15,5,5,3.5987114965355174,3.5987114965355174,True
main,KMeans-weighted,3.0,82,42,24473,-22.787988229533347,-43.03235624966042,sao goncalo,1,34.98,28.2,5,5,3.5901518863132256,3.5901518863132256,True
main,KMeans-weighted,3.0,82,42,24475,-22.777267778897787,-43.027446308928425,sao goncalo,1,99.99,16.95,5,5,4.7404533511529445,4.7404533511529445,True
main,KMeans-weighted,3.0,82,42,24726,-22.78851170276054,-42.958565788861314,sao goncalo,1,151.0,15.72,55,55,3.8829507882746346,3.8829507882746346,True
main,KMeans-weighted,3.0,82,42,24738,-22.851785749069546,-42.94354284297728,sao goncalo,5,132.06,77.15,55,55,3.539121248230353,3.539121248230353,True
main,KMeans-weighted,3.0,82,42,24743,-22.845998417596405,-42.99706758921929,sao goncalo,7,484.85,168.22,79,79,3.1250298083057135,3.1250298083057135,True
main,KMeans-weighted,3.0,82,42,24813,-22.75411758328793,-42.88883553024611,itaborai,1,260.0,37.42,65,65,3.2227997124099272,3.2227997124099272,True
main,KMeans-weighted,3.0,82,42,24830,-22.7113078008679,-42.87331425316652,itaborai,1,45.9,15.56,7,7,3.9209256734687785,3.9209256734687785,True
main,KMeans-weighted,3.0,82,42,24846,-22.71538558398837,-42.80638584132024,itaborai,2,153.8,30.58,7,7,6.046508438810637,6.046508438810637,True
main,KMeans-weighted,3.0,82,42,24866,-22.73373117887529,-42.93276530734327,itaborai,2,95.9,33.52,65,65,3.8292581787479643,3.8292581787479643,True
main,KMeans-weighted,3.0,82,42,24876,-22.7125342435385,-42.89540473111652,itaborai,3,334.0,39.74,7,7,5.207897978078798,5.207897978078798,True
main,KMeans-weighted,3.0,82,42,24890,-22.73521870942802,-42.727847609078914,tangua,6,504.88,131.16,21,21,8.308129462619,8.308129462619,True
main,KMeans-weighted,3.0,82,42,24915,-22.955984494690547,-42.80761537855785,marica,3,326.70000000000005,89.65,54,54,4.594922403142583,4.594922403142583,True
main,KMeans-weighted,3.0,82,42,24921,-22.95260981760148,-42.808872638137295,marica,1,95.9,22.99,54,54,4.208559699825142,4.208559699825142,True
main,KMeans-weighted,3.0,82,42,24937,-22.95115200845083,-42.99376127553226,marica,2,269.98,30.54,25,25,3.556495499832309,3.556495499832309,True
main,KMeans-weighted,3.0,82,42,24943,-22.909483056983007,-42.92582680004856,marica,5,407.86,113.57,77,77,3.71180067105045,3.71180067105045,True
main,KMeans-weighted,3.0,82,42,24944,-22.895520218492944,-42.93694066986552,marica,5,280.3,84.59,77,77,4.642106458790604,4.642106458790604,True
main,KMeans-weighted,3.0,82,42,25085,-22.79583417251553,-43.291526151554045,duque de caxias,1,259.0,16.69,81,81,3.299597315286675,3.299597315286675,True
main,KMeans-weighted,3.0,82,42,25220,-22.685430142678285,-43.24665539237965,duque de caxias,4,353.45000000000005,64.16,18,18,3.3332655888332483,3.3332655888332483,True
main,KMeans-weighted,3.0,82,42,25225,-22.696323342560508,-43.271184575072574,duque de caxias,3,251.88,74.93,18,18,3.669557073271564,3.669557073271564,True
main,KMeans-weighted,3.0,82,42,25230,-22.689741624685315,-43.2826886930124,duque de caxias,1,29.9,18.31,18,18,3.261957794230289,3.261957794230289,True
main,KMeans-weighted,3.0,82,42,25231,-22.683563816603137,-43.29906896652288,duque de caxias,1,227.9,16.48,18,18,3.839362420354426,3.839362420354426,True
main,KMeans-weighted,3.0,82,42,25233,-22.70350739511343,-43.29957916081139,duque de caxias,4,912.05,112.24,38,38,3.6719987815770447,3.6719987815770447,True
main,KMeans-weighted,3.0,82,42,25241,-22.571208,-43.31268449999998,duque de caxias,1,59.99,16.18,74,74,3.7298301050498956,3.7298301050498956,True
main,KMeans-weighted,3.0,82,42,25264,-22.64520106741496,-43.23736687845677,duque de caxias,4,279.78,73.97,18,18,3.798421262958294,3.798421262958294,True
main,KMeans-weighted,3.0,82,42,25265,-22.649550626444302,-43.23034128992175,duque de caxias,1,149.99,40.38,18,18,4.225880376929747,4.225880376929747,True
main,KMeans-weighted,3.0,82,42,25266,-22.63876728053192,-43.2218184372897,duque de caxias,4,668.7,86.51,34,34,3.695483069976111,3.695483069976111,True
main,KMeans-weighted,3.0,82,42,25267,-22.63517083859032,-43.24735328154284,duque de caxias,2,689.2,58.16,18,18,3.8274298241793074,3.8274298241793074,True
main,KMeans-weighted,3.0,82,42,25270,-22.623874594466177,-43.23981472381287,duque de caxias,1,19.0,15.23,18,34,5.082977236003563,5.300967264391108,True
main,KMeans-weighted,3.0,82,42,25271,-22.63746113941411,-43.22617580587021,duque de caxias,5,422.38,76.13,34,34,4.0312385361357235,4.0312385361357235,True
main,KMeans-weighted,3.0,82,42,25275,-22.63887775891837,-43.22692540844416,duque de caxias,3,389.8,69.43,34,34,4.167197569000833,4.167197569000833,True
main,KMeans-weighted,3.0,82,42,25571,-22.764428655824528,-43.34634958376359,sao joao de meriti,4,540.89,62.34,36,36,3.4810235353648213,3.4810235353648213,True
main,KMeans-weighted,3.0,82,42,25575,-22.770524738786182,-43.34087058368249,sao joao de meriti,2,219.97,76.73,36,36,3.3768564914686316,3.3768564914686316,True
main,KMeans-weighted,3.0,82,42,25615,-22.496114223843747,-43.15620443994322,petropolis,9,2496.53,296.70000000000005,61,61,3.541286110562371,3.541286110562371,True
main,KMeans-weighted,3.0,82,42,25630,-22.52424789468128,-43.161617138310994,petropolis,3,239.22000000000003,74.35,23,23,3.355402364681066,3.355402364681066,True
main,KMeans-weighted,3.0,82,42,25670,-22.489507019910214,-43.210414436144696,petropolis,1,103.9,16.32,23,23,3.3965982111452075,3.3965982111452075,True
main,KMeans-weighted,3.0,82,42,25680,-22.48963724197897,-43.18376265001703,petropolis,12,1880.45,494.18,23,23,3.010825157946368,3.010825157946368,True
main,KMeans-weighted,3.0,82,42,25720,-22.43222926280023,-43.14086038411682,petropolis,15,1427.66,263.66,61,61,3.7360457257799307,3.7360457257799307,True
main,KMeans-weighted,3.0,82,42,25750,-22.33852928975817,-43.12899883949998,petropolis,10,1118.48,243.37,37,37,5.048925264825768,5.048925264825768,True
main,KMeans-weighted,3.0,82,42,25902,-22.65954574226225,-43.116827376350194,mage,1,146.0,29.36,47,47,3.42128180577229,3.42128180577229,True
main,KMeans-weighted,3.0,82,42,25905,-22.661390928999936,-43.03525083599993,mage,2,204.75000000000003,71.47,2,2,3.149451064967972,3.149451064967972,True
main,KMeans-weighted,3.0,82,42,25907,-22.63855440197675,-43.16000184562523,mage,1,3.54,14.1,34,34,3.576201272096256,3.576201272096256,True
main,KMeans-weighted,3.0,82,42,25908,-22.65815606716074,-43.11902674370239,mage,2,327.89,37.35,47,47,3.372619417477967,3.372619417477967,True
main,KMeans-weighted,3.0,82,42,25911,-22.55907208815268,-43.044923138517305,mage,4,526.49,131.57,35,35,6.08317062463753,6.08317062463753,True
main,KMeans-weighted,3.0,82,42,25912,-22.57019403842886,-43.058745435694526,mage,1,64.99,27.51,2,2,7.871795476021069,7.871795476021069,True
main,KMeans-weighted,3.0,82,42,25914,-22.59381281247852,-43.06930284283151,mage,3,203.8,73.78,2,2,5.404273333718268,5.404273333718268,True
main,KMeans-weighted,3.0,82,42,25921,-22.6525357703222,-43.12650100805483,mage,1,257.9,16.91,47,47,3.4613878859495357,3.4613878859495357,True
main,KMeans-weighted,3.0,82,42,25925,-22.69368277179141,-43.10979273572445,mage,2,174.99,30.58,47,47,3.5351069858083237,3.5351069858083237,True
main,KMeans-weighted,3.0,82,42,25928,-22.63601681822644,-43.02534331618508,mage,1,379.8,38.42,2,2,3.2446570772854773,3.2446570772854773,True
main,KMeans-weighted,3.0,82,42,25932,-22.606414625881992,-43.16479917404288,mage,1,29.5,19.84,34,34,3.1826342176537565,3.1826342176537565,True
main,KMeans-weighted,3.0,82,42,25933,-22.589725437213616,-43.18381309691644,mage,4,745.79,78.25999999999999,34,34,3.7250467237430374,3.7250467237430374,True
main,KMeans-weighted,3.0,82,42,25938,-22.6545713161462,-43.20333179891331,mage,3,670.2,61.77,34,34,3.7891970147050835,3.7891970147050835,True
main,KMeans-weighted,3.0,82,42,25940,-22.617931893774944,-43.00412879602773,guapimirim,4,527.7,116.4,2,2,5.953940998246654,5.953940998246654,True
main,KMeans-weighted,3.0,82,42,25949,-22.51454665728784,-42.96902750677734,guapimirim,2,368.9,35.08,35,35,3.2911571347828024,3.2911571347828024,True
main,KMeans-weighted,3.0,82,42,26031,-22.733144913944965,-43.47564299726109,nova iguacu,4,339.29,82.65,12,12,3.201431193345046,3.201431193345046,True
main,KMeans-weighted,3.0,82,42,26032,-22.73116848461293,-43.4796971945155,nova iguacu,5,382.69,84.94,52,52,3.5392977123856424,3.5392977123856424,True
main,KMeans-weighted,3.0,82,42,26053,-22.676424784708487,-43.46514837118791,nova iguacu,2,271.99,49.42,66,66,3.4019690890043703,3.4019690890043703,True
main,KMeans-weighted,3.0,82,42,26062,-22.6632991804878,-43.42190649887993,nova iguacu,1,134.9,23.81,66,66,5.366521751464547,5.366521751464547,True
main,KMeans-weighted,3.0,82,42,26063,-22.71869874105048,-43.47704074319361,nova iguacu,1,20.89,15.79,66,66,3.1998993798837625,3.1998993798837625,True
main,KMeans-weighted,3.0,82,42,26110,-22.755672493046596,-43.36930490702333,belford roxo,3,340.98,43.0,4,4,3.1876660584059593,3.1876660584059593,True
main,KMeans-weighted,3.0,82,42,26173,-22.7293974724831,-43.35646929692585,belford roxo,3,308.8,81.37,38,38,3.1086935676463208,3.1086935676463208,True
main,KMeans-weighted,3.0,82,42,26196,-22.74788950490292,-43.365239469417695,belford roxo,1,170.0,18.44,4,4,3.127567328713035,3.127567328713035,True
main,KMeans-weighted,3.0,82,42,26291,-22.775922205954583,-43.53552518598715,nova iguacu,4,1112.41,89.05,52,52,4.215915774138046,4.215915774138046,True
main,KMeans-weighted,3.0,82,42,26292,-22.765111723156878,-43.559026201122336,nova iguacu,6,1152.69,121.1,70,70,5.422685201583125,5.422685201583125,True
main,KMeans-weighted,3.0,82,42,26293,-22.79249083598364,-43.57524682495404,nova iguacu,1,265.0,45.85,56,56,4.741205260385238,4.741205260385238,True
main,KMeans-weighted,3.0,82,42,26297,-22.81315246690653,-43.58884053145267,nova iguacu,3,503.8,76.75,56,56,3.1183045582627464,3.1183045582627464,True
main,KMeans-weighted,3.0,82,42,26298,-22.821289601573383,-43.58391704635197,nova iguacu,5,1986.86,132.22,56,56,3.8787382667424306,3.8787382667424306,True
main,KMeans-weighted,3.0,82,42,26299,-22.84103615023977,-43.61515804577371,nova iguacu,1,148.9,20.23,56,56,3.7632137951162554,3.7632137951162554,True
main,KMeans-weighted,3.0,82,42,26316,-22.691702991594585,-43.594666387857934,queimados,1,49.8,14.52,27,27,3.8875424239031378,3.8875424239031378,True
main,KMeans-weighted,3.0,82,42,26382,-22.692331349282565,-43.531816681604255,queimados,1,120.0,16.6,70,27,4.154382022468889,4.242099578570534,True
main,KMeans-weighted,3.0,82,42,26413,-22.696333434498968,-43.626641384369336,japeri,1,56.99,15.15,75,75,3.466051543688275,3.466051543688275,True
main,KMeans-weighted,3.0,82,42,26430,-22.68817178316981,-43.60645936527142,japeri,3,256.99,47.4,75,75,3.2303023230870553,3.2303023230870553,True
main,KMeans-weighted,3.0,82,42,26433,-22.650250797954484,-43.65355119895557,japeri,4,478.89,123.43,75,75,3.305020733898252,3.305020733898252,True
main,KMeans-weighted,3.0,82,42,26435,-22.648997352455527,-43.65813095170957,japeri,4,352.69,185.08,75,75,3.783187797552376,3.783187797552376,True
main,KMeans-weighted,3.0,82,42,26443,-22.644806809224903,-43.65794599414254,japeri,2,164.32,47.07,75,75,4.010037857497594,4.010037857497594,True
main,KMeans-weighted,3.0,82,42,26460,-22.67164263350668,-43.59088177051566,japeri,2,878.56,471.57,75,75,3.643915224776957,3.643915224776957,True
main,KMeans-weighted,3.0,82,42,26470,-22.679545467450534,-43.593041196799824,japeri,1,18.9,15.1,75,75,3.7121141452909447,3.7121141452909447,True
main,KMeans-weighted,3.0,82,42,26480,-22.667916878063743,-43.58577332849087,japeri,1,57.99,16.17,75,75,4.107777084332644,4.107777084332644,True
main,KMeans-weighted,3.0,82,42,28695,-22.60367916043864,-42.74073968432629,cachoeiras de macacu,1,99.0,22.16,21,21,15.264598378487985,15.264598378487985,True
main,Agglomerative-ward,10.0,17,-1,21910,-22.79777839220466,-43.18136086251543,rio de janeiro,15,1492.97,478.2,3,3,13.62995846148564,13.62995846148564,True
main,Agglomerative-ward,10.0,17,-1,21911,-22.7900819429952,-43.17257319356364,rio de janeiro,9,1442.42,315.54,3,3,14.852038238161128,14.852038238161128,True
main,Agglomerative-ward,10.0,17,-1,21920,-22.79811558143935,-43.19569772270941,rio de janeiro,25,2088.07,534.94,3,3,12.395759490981069,12.395759490981069,True
main,Agglomerative-ward,10.0,17,-1,21921,-22.8083044291334,-43.18564856697721,rio de janeiro,13,1134.38,262.78,3,3,12.650525655542197,12.650525655542197,True
main,Agglomerative-ward,10.0,17,-1,21930,-22.819481062981133,-43.1783585853495,rio de janeiro,12,2009.18,245.03,3,3,12.777310550906778,12.777310550906778,True
main,Agglomerative-ward,10.0,17,-1,21931,-22.809517664348768,-43.200203165434935,rio de janeiro,39,6437.62,848.98,3,3,11.299644699057454,11.299644699057454,True
main,Agglomerative-ward,10.0,17,-1,21940,-22.81388871143013,-43.20247749638257,rio de janeiro,30,3367.0,655.43,3,3,10.846357549316409,10.846357549316409,True
main,Agglomerative-ward,10.0,17,-1,22785,-22.979900329721087,-43.49176475913368,rio de janeiro,15,1410.98,285.8,13,13,11.446667741103669,11.446667741103669,True
main,Agglomerative-ward,10.0,17,-1,22795,-23.020470737334893,-43.46265642068304,rio de janeiro,68,8942.54,1343.94,13,13,10.043337460314918,10.043337460314918,True
main,Agglomerative-ward,10.0,17,-1,23020,-23.0049905225767,-43.54784520457546,rio de janeiro,17,2349.81,324.69,16,16,12.459848252837357,12.459848252837357,True
main,Agglomerative-ward,10.0,17,-1,23890,-22.787688375690134,-43.64890166112607,seropedica,3,218.6,62.87,6,11,11.976269229455976,14.05822847955415,True
main,Agglomerative-ward,10.0,17,-1,23895,-22.746274001626645,-43.708503424610186,seropedica,9,1833.81,411.09,11,11,10.47467595763576,10.47467595763576,True
main,Agglomerative-ward,10.0,17,-1,23897,-22.792366849451536,-43.662640119980665,seropedica,2,144.98,33.01,6,11,12.729250012035475,14.435529264050258,True
main,Agglomerative-ward,10.0,17,-1,23898,-22.80791081625367,-43.644304412473865,seropedica,8,1063.59,133.13,6,6,11.926048773852955,11.926048773852955,True
main,Agglomerative-ward,10.0,17,-1,24800,-22.74248129310771,-42.85721075258665,itaborai,10,1027.89,195.82,0,0,11.05441521876636,11.05441521876636,True
main,Agglomerative-ward,10.0,17,-1,24801,-22.7395793666599,-42.84701335677763,itaborai,2,254.98,41.36,0,0,10.002259185489594,10.002259185489594,True
main,Agglomerative-ward,10.0,17,-1,24804,-22.747090526611107,-42.84342210737453,itaborai,3,269.70000000000005,59.760000000000005,0,0,10.203051166915065,10.203051166915065,True
main,Agglomerative-ward,10.0,17,-1,24808,-22.75677623430587,-42.855419742696405,itaborai,12,1489.52,289.06,0,0,11.83711070037628,11.83711070037628,True
main,Agglomerative-ward,10.0,17,-1,24812,-22.75019628085652,-42.87187716603211,itaborai,6,1169.7,194.99,0,0,12.784312659372347,12.784312659372347,True
main,Agglomerative-ward,10.0,17,-1,24813,-22.75411758328793,-42.88883553024611,itaborai,1,260.0,37.42,0,0,14.500969393149687,14.500969393149687,True
main,Agglomerative-ward,10.0,17,-1,24830,-22.7113078008679,-42.87331425316652,itaborai,1,45.9,15.56,0,0,11.262087968026636,11.262087968026636,True
main,Agglomerative-ward,10.0,17,-1,24855,-22.773459679480904,-42.91565441771825,itaborai,3,485.88,69.33,0,5,12.915441610247258,17.96280633523757,True
main,Agglomerative-ward,10.0,17,-1,24856,-22.75807913856637,-42.91063311206234,itaborai,1,145.0,15.76,0,5,14.212171621214221,16.67567106832249,True
main,Agglomerative-ward,10.0,17,-1,24858,-22.77209935726771,-42.92264307986124,itaborai,6,512.78,120.95,0,5,12.3554160926485,18.502713171032987,True
main,Agglomerative-ward,10.0,17,-1,24859,-22.77340230558587,-42.90984766620826,itaborai,2,57.9,38.85,0,5,13.45077156359226,17.45380500728002,True
main,Agglomerative-ward,10.0,17,-1,24866,-22.73373117887529,-42.93276530734327,itaborai,2,95.9,33.52,0,5,14.18155825324287,17.789922881026943,True
main,Agglomerative-ward,10.0,17,-1,24876,-22.7125342435385,-42.89540473111652,itaborai,3,334.0,39.74,0,0,13.50838957318309,13.50838957318309,True
main,Agglomerative-ward,10.0,17,-1,24922,-22.94856570290517,-42.70343236618995,marica,2,78.9,30.700000000000003,10,10,18.123691003342817,18.123691003342817,True
main,Agglomerative-ward,10.0,17,-1,24937,-22.95115200845083,-42.99376127553226,marica,2,269.98,30.54,10,15,10.974779016517717,11.938647406953562,True
main,Agglomerative-ward,10.0,17,-1,25241,-22.571208,-43.31268449999998,duque de caxias,1,59.99,16.18,4,4,11.66130836342124,11.66130836342124,True
main,Agglomerative-ward,10.0,17,-1,25245,-22.59128608480469,-43.312298090959736,duque de caxias,4,1164.39,183.36,4,4,10.086457498572836,10.086457498572836,True
main,Agglomerative-ward,10.0,17,-1,25740,-22.374645351841945,-43.12909370218015,petropolis,4,350.20000000000005,103.3,2,2,12.25106591969806,12.25106591969806,True
main,Agglomerative-ward,10.0,17,-1,25745,-22.3915193770552,-43.10829358749547,petropolis,6,538.43,135.37,2,2,11.561348114573597,11.561348114573597,True
main,Agglomerative-ward,10.0,17,-1,25750,-22.33852928975817,-43.12899883949998,petropolis,10,1118.48,243.37,2,2,16.07368730880676,16.07368730880676,True
main,Agglomerative-ward,10.0,17,-1,25770,-22.26889273967007,-43.07681259121553,petropolis,5,457.79,154.81,2,2,25.16693052939989,25.16693052939989,True
main,Agglomerative-ward,10.0,17,-1,25902,-22.65954574226225,-43.116827376350194,mage,1,146.0,29.36,4,14,10.31954946464528,12.331716063427251,True
main,Agglomerative-ward,10.0,17,-1,25908,-22.65815606716074,-43.11902674370239,mage,2,327.89,37.35,4,14,10.417655936416397,12.093095098619973,True
main,Agglomerative-ward,10.0,17,-1,25921,-22.6525357703222,-43.12650100805483,mage,1,257.9,16.91,4,14,10.747844026467286,11.29005582197587,True
main,Agglomerative-ward,10.0,17,-1,25922,-22.66003863059351,-43.1347885471764,mage,6,602.49,134.8,4,4,10.50476295085843,10.50476295085843,True
main,Agglomerative-ward,10.0,17,-1,25925,-22.69368277179141,-43.10979273572445,mage,2,174.99,30.58,4,14,12.43075429965593,13.914548225482005,True
main,Agglomerative-ward,10.0,17,-1,25946,-22.527718078493137,-42.97826627951071,guapimirim,11,1815.77,266.41,14,14,10.452742788659368,10.452742788659368,True
main,Agglomerative-ward,10.0,17,-1,25949,-22.51454665728784,-42.96902750677734,guapimirim,2,368.9,35.08,14,14,12.197768035424936,12.197768035424936,True
main,Agglomerative-ward,10.0,17,-1,26293,-22.79249083598364,-43.57524682495404,nova iguacu,1,265.0,45.85,6,6,11.401496786899964,11.401496786899964,True
main,Agglomerative-ward,10.0,17,-1,26296,-22.80012558975328,-43.59358340822262,nova iguacu,3,1570.89,98.69,6,6,10.697753448052103,10.697753448052103,True
main,Agglomerative-ward,10.0,17,-1,26600,-22.61483382699214,-43.705683375748585,paracambi,35,6571.96,944.27,11,11,10.299528171505525,10.299528171505525,True
main,Agglomerative-ward,10.0,17,-1,28680,-22.470849051492323,-42.657121037845286,cachoeiras de macacu,19,1819.26,363.9,0,0,26.74652534653424,26.74652534653424,True
main,Agglomerative-ward,10.0,17,-1,28800,-22.711927870432564,-42.63004113951235,rio bonito,27,4352.11,594.18,0,0,14.18690912501696,14.18690912501696,True
main,Agglomerative-ward,5.0,42,-1,20531,-22.958246852875916,-43.27033293203977,rio de janeiro,8,3652.34,170.89,29,40,5.675808309781929,7.010707837924868,True
main,Agglomerative-ward,5.0,42,-1,21941,-22.8338340042933,-43.24885668973881,rio de janeiro,21,6635.849999999999,515.45,19,41,5.920391155913169,6.279119102063728,True
main,Agglomerative-ward,5.0,42,-1,22452,-22.952645498107493,-43.30267070542142,rio de janeiro,2,145.88,55.7,29,29,5.366803251431434,5.366803251431434,True
main,Agglomerative-ward,5.0,42,-1,22610,-22.99599813649958,-43.261663703422506,rio de janeiro,29,3507.7200000000003,792.05,29,29,6.471169644502528,6.471169644502528,True
main,Agglomerative-ward,5.0,42,-1,22793,-23.00061899109568,-43.40471828456725,rio de janeiro,116,16054.06,2801.79,27,32,6.074588939724234,6.530037810876079,True
main,Agglomerative-ward,5.0,42,-1,23020,-23.0049905225767,-43.54784520457546,rio de janeiro,17,2349.81,324.69,4,32,8.640760124417893,9.130083071715433,True
main,Agglomerative-ward,5.0,42,-1,23097,-22.85109676327036,-43.53613869095038,rio de janeiro,8,2435.26,129.27,17,17,5.16827765750267,5.16827765750267,True
main,Agglomerative-ward,5.0,42,-1,23530,-22.97383432126233,-43.6810761924786,rio de janeiro,8,966.25,156.52,4,4,5.262684144978746,5.262684144978746,True
main,Agglomerative-ward,5.0,42,-1,23535,-22.9790211808901,-43.69012245165258,rio de janeiro,14,1817.67,692.35,4,4,6.230239680517383,6.230239680517383,True
main,Agglomerative-ward,5.0,42,-1,23540,-22.974468021753417,-43.696539704365605,rio de janeiro,9,815.74,172.04000000000002,4,39,6.586977935207899,6.847217123024041,True
main,Agglomerative-ward,5.0,42,-1,23545,-22.967091308000946,-43.700265635554,rio de janeiro,11,1098.27,221.01,4,39,5.952400507854059,7.248660222247225,True
main,Agglomerative-ward,5.0,42,-1,23826,-22.89560484133116,-43.84587026303256,itaguai,4,246.45,77.39,26,26,6.6061157974916425,6.6061157974916425,True
main,Agglomerative-ward,5.0,42,-1,23893,-22.71072154468618,-43.69140232860298,seropedica,2,309.9,43.75,9,9,5.890784533823622,5.890784533823622,True
main,Agglomerative-ward,5.0,42,-1,23894,-22.74100679492528,-43.6998298199384,seropedica,9,820.27,181.35,9,9,9.270752349085768,9.270752349085768,True
main,Agglomerative-ward,5.0,42,-1,23895,-22.746274001626645,-43.708503424610186,seropedica,9,1833.81,411.09,9,9,9.948314544264633,9.948314544264633,True
main,Agglomerative-ward,5.0,42,-1,24141,-22.87816915718994,-43.05564163085743,niteroi,4,373.79,109.26,6,30,5.422113027534768,5.674484040416712,True
main,Agglomerative-ward,5.0,42,-1,24325,-22.882411375017146,-43.023744808929656,niteroi,3,294.89,99.1,6,6,5.1674587346253125,5.1674587346253125,True
main,Agglomerative-ward,5.0,42,-1,24330,-22.901199547746405,-42.991174595669065,niteroi,9,775.0,171.04,6,6,5.64334086063038,5.64334086063038,True
main,Agglomerative-ward,5.0,42,-1,24411,-22.85753738472352,-43.08169034540716,sao goncalo,1,79.9,16.81,0,0,5.003259995594125,5.003259995594125,True
main,Agglomerative-ward,5.0,42,-1,24425,-22.852695605444847,-43.09014618727886,sao goncalo,6,316.68,95.71,0,30,5.200556600471918,5.2950636414341625,True
main,Agglomerative-ward,5.0,42,-1,24475,-22.777267778897787,-43.027446308928425,sao goncalo,1,99.99,16.95,0,0,5.685581094431054,5.685581094431054,True
main,Agglomerative-ward,5.0,42,-1,24726,-22.78851170276054,-42.958565788861314,sao goncalo,1,151.0,15.72,13,13,5.620328518280926,5.620328518280926,True
main,Agglomerative-ward,5.0,42,-1,24738,-22.851785749069546,-42.94354284297728,sao goncalo,5,132.06,77.15,13,13,5.3927900442286845,5.3927900442286845,True
main,Agglomerative-ward,5.0,42,-1,24752,-22.882259138501706,-42.98436172867216,sao goncalo,4,846.89,51.86,6,13,5.879258254994612,7.453566554344654,True
main,Agglomerative-ward,5.0,42,-1,24753,-22.88628701436756,-42.99166865896655,sao goncalo,2,409.7000000000001,84.69999999999999,6,13,6.296068699979268,6.598512307576741,True
main,Agglomerative-ward,5.0,42,-1,24754,-22.872354587681084,-43.027432812835386,sao goncalo,6,423.69,120.64,6,0,5.729299498260684,6.161698100078307,True
main,Agglomerative-ward,5.0,42,-1,24756,-22.88593339499682,-43.011983104667294,sao goncalo,10,1781.88,224.75,6,6,5.305699120800239,5.305699120800239,True
main,Agglomerative-ward,5.0,42,-1,24846,-22.71538558398837,-42.80638584132024,itaborai,2,153.8,30.58,8,8,7.823245667561139,7.823245667561139,True
main,Agglomerative-ward,5.0,42,-1,24855,-22.773459679480904,-42.91565441771825,itaborai,3,485.88,69.33,8,8,5.114744248684831,5.114744248684831,True
main,Agglomerative-ward,5.0,42,-1,24858,-22.77209935726771,-42.92264307986124,itaborai,6,512.78,120.95,8,8,5.665651501135325,5.665651501135325,True
main,Agglomerative-ward,5.0,42,-1,24866,-22.73373117887529,-42.93276530734327,itaborai,2,95.9,33.52,8,8,6.331832054961964,6.331832054961964,True
main,Agglomerative-ward,5.0,42,-1,24890,-22.73521870942802,-42.727847609078914,tangua,6,504.88,131.16,11,11,8.308129462619,8.308129462619,True
main,Agglomerative-ward,5.0,42,-1,24922,-22.94856570290517,-42.70343236618995,marica,2,78.9,30.700000000000003,10,10,12.996052512646887,12.996052512646887,True
main,Agglomerative-ward,5.0,42,-1,24937,-22.95115200845083,-42.99376127553226,marica,2,269.98,30.54,24,6,5.346583094035205,7.172899466382177,True
main,Agglomerative-ward,5.0,42,-1,25233,-22.70350739511343,-43.29957916081139,duque de caxias,4,912.05,112.24,1,1,5.644930708587895,5.644930708587895,True
main,Agglomerative-ward,5.0,42,-1,25235,-22.70286437220505,-43.31600017753463,duque de caxias,3,527.9,63.54,1,3,5.740601761058318,6.395478455801791,True
main,Agglomerative-ward,5.0,42,-1,25241,-22.571208,-43.31268449999998,duque de caxias,1,59.99,16.18,1,1,10.051009644388056,10.051009644388056,True
main,Agglomerative-ward,5.0,42,-1,25245,-22.59128608480469,-43.312298090959736,duque de caxias,4,1164.39,183.36,1,1,7.969624191628672,7.969624191628672,True
main,Agglomerative-ward,5.0,42,-1,25250,-22.60728606434383,-43.29857473776487,duque de caxias,13,1324.26,320.51,1,1,5.785789335387553,5.785789335387553,True
main,Agglomerative-ward,5.0,42,-1,25710,-22.475562635890437,-43.148370152985294,petropolis,16,2736.4,646.96,21,21,5.35917057303148,5.35917057303148,True
main,Agglomerative-ward,5.0,42,-1,25725,-22.427894024726776,-43.20138979903541,petropolis,3,345.89,55.44,15,15,8.556412096277393,8.556412096277393,True
main,Agglomerative-ward,5.0,42,-1,25750,-22.33852928975817,-43.12899883949998,petropolis,10,1118.48,243.37,15,15,5.559094888447275,5.559094888447275,True
main,Agglomerative-ward,5.0,42,-1,25770,-22.26889273967007,-43.07681259121553,petropolis,5,457.79,154.81,15,15,14.377953932952144,14.377953932952144,True
main,Agglomerative-ward,5.0,42,-1,25911,-22.55907208815268,-43.044923138517305,mage,4,526.49,131.57,16,33,7.5146268741348585,8.383938379534808,True
main,Agglomerative-ward,5.0,42,-1,25912,-22.57019403842886,-43.058745435694526,mage,1,64.99,27.51,16,16,7.084535528073259,7.084535528073259,True
main,Agglomerative-ward,5.0,42,-1,25940,-22.617931893774944,-43.00412879602773,guapimirim,4,527.7,116.4,16,16,5.56086821595786,5.56086821595786,True
main,Agglomerative-ward,5.0,42,-1,26050,-22.692333946397017,-43.4678329284204,nova iguacu,4,370.59,85.26,2,2,5.670058501709149,5.670058501709149,True
main,Agglomerative-ward,5.0,42,-1,26051,-22.69370930904985,-43.45569367309577,nova iguacu,6,353.46,166.92,2,2,5.324456845965403,5.324456845965403,True
main,Agglomerative-ward,5.0,42,-1,26052,-22.682661738953115,-43.44763426447411,nova iguacu,7,912.53,204.37,2,2,6.573632280250569,6.573632280250569,True
main,Agglomerative-ward,5.0,42,-1,26053,-22.676424784708487,-43.46514837118791,nova iguacu,2,271.99,49.42,2,2,7.341443687010923,7.341443687010923,True
main,Agglomerative-ward,5.0,42,-1,26062,-22.6632991804878,-43.42190649887993,nova iguacu,1,134.9,23.81,2,31,9.102822149192933,9.279042909936505,True
main,Agglomerative-ward,5.0,42,-1,26180,-22.709309871783464,-43.340396840703605,belford roxo,1,31.9,14.1,3,3,5.780569116403167,5.780569116403167,True
main,Agglomerative-ward,5.0,42,-1,26185,-22.71230675457505,-43.3346366040831,belford roxo,3,412.7000000000001,204.06,3,3,5.208721834988481,5.208721834988481,True
main,Agglomerative-ward,5.0,42,-1,26413,-22.696333434498968,-43.626641384369336,japeri,1,56.99,15.15,7,7,5.144350490040472,5.144350490040472,True
main,Agglomerative-ward,5.0,42,-1,26440,-22.6438955448154,-43.64300824279504,japeri,4,252.61,78.17,9,9,5.464064157089987,5.464064157089987,True
main,Agglomerative-ward,5.0,42,-1,26450,-22.663207630218253,-43.610776285393406,japeri,1,229.99,18.86,7,7,5.645116083651528,5.645116083651528,True
main,Agglomerative-ward,5.0,42,-1,26453,-22.66951051838989,-43.61452547990683,japeri,3,232.66000000000005,52.92999999999999,7,7,5.376958388970466,5.376958388970466,True
main,Agglomerative-ward,5.0,42,-1,28695,-22.60367916043864,-42.74073968432629,cachoeiras de macacu,1,99.0,22.16,11,11,15.264598378487985,15.264598378487985,True
main,Agglomerative-ward,3.0,80,-1,20531,-22.958246852875916,-43.27033293203977,rio de janeiro,8,3652.34,170.89,12,12,4.620806684161795,4.620806684161795,True
main,Agglomerative-ward,3.0,80,-1,20911,-22.89314885311464,-43.242201014642525,rio de janeiro,8,552.91,168.74,64,19,3.046673536759157,3.5422911109379616,True
main,Agglomerative-ward,3.0,80,-1,20930,-22.889979653251217,-43.22883289161473,rio de janeiro,3,371.88,85.7,19,19,3.3325251977336565,3.3325251977336565,True
main,Agglomerative-ward,3.0,80,-1,20931,-22.880476502680093,-43.21772315263865,rio de janeiro,11,1466.49,213.49,19,19,4.65998641001609,4.65998641001609,True
main,Agglomerative-ward,3.0,80,-1,21240,-22.8111210300632,-43.32621279907767,rio de janeiro,7,1125.97,136.45,41,41,3.298537273474672,3.298537273474672,True
main,Agglomerative-ward,3.0,80,-1,21832,-22.894998640111965,-43.490836960215546,rio de janeiro,9,731.6899999999999,193.47,14,14,3.221850780929972,3.221850780929972,True
main,Agglomerative-ward,3.0,80,-1,21854,-22.845556518964184,-43.49501645648064,rio de janeiro,1,79.98,30.46,14,14,3.099808820068573,3.099808820068573,True
main,Agglomerative-ward,3.0,80,-1,21932,-22.80486286271774,-43.22572822631956,rio de janeiro,4,789.78,126.70999999999998,45,45,3.267474924527236,3.267474924527236,True
main,Agglomerative-ward,3.0,80,-1,22452,-22.952645498107493,-43.30267070542142,rio de janeiro,2,145.88,55.7,12,72,4.304254684242705,5.290184244508859,True
main,Agglomerative-ward,3.0,80,-1,22753,-22.96619236089961,-43.33073451387544,rio de janeiro,52,9949.93,1302.06,71,72,3.097871580919675,3.3766576664205794,True
main,Agglomerative-ward,3.0,80,-1,22783,-22.984082408782115,-43.44889019919411,rio de janeiro,44,5413.76,990.75,65,65,3.0701250666536857,3.0701250666536857,True
main,Agglomerative-ward,3.0,80,-1,22785,-22.979900329721087,-43.49176475913368,rio de janeiro,15,1410.98,285.8,65,65,4.27498630764533,4.27498630764533,True
main,Agglomerative-ward,3.0,80,-1,23010,-22.885872200386764,-43.51372891804045,rio de janeiro,10,2100.65,230.17,38,38,3.1714360511574182,3.1714360511574182,True
main,Agglomerative-ward,3.0,80,-1,23020,-23.0049905225767,-43.54784520457546,rio de janeiro,17,2349.81,324.69,10,10,5.643528018758917,5.643528018758917,True
main,Agglomerative-ward,3.0,80,-1,23036,-22.937899966329617,-43.578646142633474,rio de janeiro,10,1326.92,222.66,10,10,3.276420312343672,3.276420312343672,True
main,Agglomerative-ward,3.0,80,-1,23525,-22.94503552262656,-43.67692431410214,rio de janeiro,5,470.63,61.82,39,39,3.004807101915167,3.004807101915167,True
main,Agglomerative-ward,3.0,80,-1,23560,-22.898979722466947,-43.69930833968601,rio de janeiro,19,3971.18,343.15,39,39,3.1104087330441796,3.1104087330441796,True
main,Agglomerative-ward,3.0,80,-1,23565,-22.897761741341185,-43.69665951306267,rio de janeiro,2,76.99000000000001,37.64,39,39,3.0171316097972642,3.0171316097972642,True
main,Agglomerative-ward,3.0,80,-1,23893,-22.71072154468618,-43.69140232860298,seropedica,2,309.9,43.75,47,47,3.498729457991359,3.498729457991359,True
main,Agglomerative-ward,3.0,80,-1,24111,-22.86398451494475,-43.09252306679081,niteroi,2,74.9,35.06,16,16,3.1378720425692035,3.1378720425692035,True
main,Agglomerative-ward,3.0,80,-1,24141,-22.87816915718994,-43.05564163085743,niteroi,4,373.79,109.26,3,3,3.209263387374763,3.209263387374763,True
main,Agglomerative-ward,3.0,80,-1,24310,-22.9110328213164,-43.06742681237905,niteroi,8,427.54,154.54999999999998,79,79,3.4150528935755666,3.4150528935755666,True
main,Agglomerative-ward,3.0,80,-1,24315,-22.901684792085454,-43.06891496088816,niteroi,22,2712.0,439.89,79,79,3.2135530118400064,3.2135530118400064,True
main,Agglomerative-ward,3.0,80,-1,24330,-22.901199547746405,-42.991174595669065,niteroi,9,775.0,171.04,3,3,3.923775151276922,3.923775151276922,True
main,Agglomerative-ward,3.0,80,-1,24344,-22.93685983573083,-43.01491522990823,niteroi,10,2482.99,294.22,51,51,3.1319345099837386,3.1319345099837386,True
main,Agglomerative-ward,3.0,80,-1,24348,-22.970402738373885,-43.03213294708582,niteroi,5,414.14,88.77,51,51,3.106978510106694,3.106978510106694,True
main,Agglomerative-ward,3.0,80,-1,24410,-22.859653314312613,-43.08078230203989,sao goncalo,1,179.99,45.72,5,5,3.304526886886176,3.304526886886176,True
main,Agglomerative-ward,3.0,80,-1,24411,-22.85753738472352,-43.08169034540716,sao goncalo,1,79.9,16.81,5,5,3.1279401787529872,3.1279401787529872,True
main,Agglomerative-ward,3.0,80,-1,24425,-22.852695605444847,-43.09014618727886,sao goncalo,6,316.68,95.71,5,5,3.186118089100805,3.186118089100805,True
main,Agglomerative-ward,3.0,80,-1,24467,-22.805308252046,-43.05264792957123,sao goncalo,2,130.96,35.42,5,20,3.1151316771341486,3.399590440995133,True
main,Agglomerative-ward,3.0,80,-1,24470,-22.79629033350867,-43.04531393855412,sao goncalo,1,193.8,35.86,20,20,3.026444118896727,3.026444118896727,True
main,Agglomerative-ward,3.0,80,-1,24471,-22.785600785156785,-43.04593640228686,sao goncalo,2,99.75,56.94,20,20,3.9881893828581503,3.9881893828581503,True
main,Agglomerative-ward,3.0,80,-1,24472,-22.789315227589743,-43.03850388360695,sao goncalo,2,288.8,39.15,20,20,3.2464082533475223,3.2464082533475223,True
main,Agglomerative-ward,3.0,80,-1,24473,-22.787988229533347,-43.03235624966042,sao goncalo,1,34.98,28.2,20,20,3.1590289821442283,3.1590289821442283,True
main,Agglomerative-ward,3.0,80,-1,24475,-22.777267778897787,-43.027446308928425,sao goncalo,1,99.99,16.95,20,20,4.253502732673368,4.253502732673368,True
main,Agglomerative-ward,3.0,80,-1,24716,-22.78988059417565,-43.00428047982366,sao goncalo,3,2863.9,102.5,20,20,3.502866905867794,3.502866905867794,True
main,Agglomerative-ward,3.0,80,-1,24726,-22.78851170276054,-42.958565788861314,sao goncalo,1,151.0,15.72,11,11,3.099648862001312,3.099648862001312,True
main,Agglomerative-ward,3.0,80,-1,24735,-22.845883873637536,-42.95426308031982,sao goncalo,1,26.7,15.11,11,11,3.7387813263557224,3.7387813263557224,True
main,Agglomerative-ward,3.0,80,-1,24737,-22.84162388029282,-42.96231323222136,sao goncalo,1,117.3,22.29,11,11,3.0381653235693733,3.0381653235693733,True
main,Agglomerative-ward,3.0,80,-1,24738,-22.851785749069546,-42.94354284297728,sao goncalo,5,132.06,77.15,11,11,4.829029224490068,4.829029224490068,True
main,Agglomerative-ward,3.0,80,-1,24751,-22.86782548778561,-43.002749069555286,sao goncalo,10,1346.01,208.28,27,27,3.2359680557654897,3.2359680557654897,True
main,Agglomerative-ward,3.0,80,-1,24752,-22.882259138501706,-42.98436172867216,sao goncalo,4,846.89,51.86,3,3,4.616972913719784,4.616972913719784,True
main,Agglomerative-ward,3.0,80,-1,24753,-22.88628701436756,-42.99166865896655,sao goncalo,2,409.7000000000001,84.69999999999999,3,3,3.7928571353880165,3.7928571353880165,True
main,Agglomerative-ward,3.0,80,-1,24813,-22.75411758328793,-42.88883553024611,itaborai,1,260.0,37.42,8,8,3.3961010277809383,3.3961010277809383,True
main,Agglomerative-ward,3.0,80,-1,24830,-22.7113078008679,-42.87331425316652,itaborai,1,45.9,15.56,8,8,3.9148546474319987,3.9148546474319987,True
main,Agglomerative-ward,3.0,80,-1,24846,-22.71538558398837,-42.80638584132024,itaborai,2,153.8,30.58,8,8,6.128006926277294,6.128006926277294,True
main,Agglomerative-ward,3.0,80,-1,24866,-22.73373117887529,-42.93276530734327,itaborai,2,95.9,33.52,53,53,3.832626062335142,3.832626062335142,True
main,Agglomerative-ward,3.0,80,-1,24876,-22.7125342435385,-42.89540473111652,itaborai,3,334.0,39.74,8,8,5.168644293613353,5.168644293613353,True
main,Agglomerative-ward,3.0,80,-1,24890,-22.73521870942802,-42.727847609078914,tangua,6,504.88,131.16,2,2,8.476521242362951,8.476521242362951,True
main,Agglomerative-ward,3.0,80,-1,24915,-22.955984494690547,-42.80761537855785,marica,3,326.70000000000005,89.65,6,6,4.594922403142545,4.594922403142545,True
main,Agglomerative-ward,3.0,80,-1,24921,-22.95260981760148,-42.808872638137295,marica,1,95.9,22.99,6,6,4.208559699825089,4.208559699825089,True
main,Agglomerative-ward,3.0,80,-1,24933,-22.9565929719624,-42.88349437707549,marica,8,615.57,182.63,9,9,3.6234531233901413,3.6234531233901413,True
main,Agglomerative-ward,3.0,80,-1,24937,-22.95115200845083,-42.99376127553226,marica,2,269.98,30.54,62,62,3.0283930213251473,3.0283930213251473,True
main,Agglomerative-ward,3.0,80,-1,24940,-22.92600502136488,-42.940013982950965,marica,2,254.0,69.69,9,9,3.6145315445335804,3.6145315445335804,True
main,Agglomerative-ward,3.0,80,-1,24943,-22.909483056983007,-42.92582680004856,marica,5,407.86,113.57,9,9,3.1807081761653233,3.1807081761653233,True
main,Agglomerative-ward,3.0,80,-1,24944,-22.895520218492944,-42.93694066986552,marica,5,280.3,84.59,9,9,5.100202209430759,5.100202209430759,True
main,Agglomerative-ward,3.0,80,-1,25220,-22.685430142678285,-43.24665539237965,duque de caxias,4,353.45000000000005,64.16,1,1,3.4081490843844526,3.4081490843844526,True
main,Agglomerative-ward,3.0,80,-1,25225,-22.696323342560508,-43.271184575072574,duque de caxias,3,251.88,74.93,1,1,3.0767548497933177,3.0767548497933177,True
main,Agglomerative-ward,3.0,80,-1,25233,-22.70350739511343,-43.29957916081139,duque de caxias,4,912.05,112.24,1,7,4.321748749600135,4.630815277419574,True
main,Agglomerative-ward,3.0,80,-1,25235,-22.70286437220505,-43.31600017753463,duque de caxias,3,527.9,63.54,1,7,3.6840806205203784,5.690117912728164,True
main,Agglomerative-ward,3.0,80,-1,25241,-22.571208,-43.31268449999998,duque de caxias,1,59.99,16.18,44,44,3.7298301050495635,3.7298301050495635,True
main,Agglomerative-ward,3.0,80,-1,25630,-22.52424789468128,-43.161617138310994,petropolis,3,239.22000000000003,74.35,35,35,3.4129244382928583,3.4129244382928583,True
main,Agglomerative-ward,3.0,80,-1,25670,-22.489507019910214,-43.210414436144696,petropolis,1,103.9,16.32,35,35,3.3950490122034194,3.3950490122034194,True
main,Agglomerative-ward,3.0,80,-1,25680,-22.48963724197897,-43.18376265001703,petropolis,12,1880.45,494.18,35,76,3.0387857731389416,3.0742949314811723,True
main,Agglomerative-ward,3.0,80,-1,25725,-22.427894024726776,-43.20138979903541,petropolis,3,345.89,55.44,24,24,6.2499579229461855,6.2499579229461855,True
main,Agglomerative-ward,3.0,80,-1,25745,-22.3915193770552,-43.10829358749547,petropolis,6,538.43,135.37,73,73,3.641194567365517,3.641194567365517,True
main,Agglomerative-ward,3.0,80,-1,25902,-22.65954574226225,-43.116827376350194,mage,1,146.0,29.36,18,18,3.4212818057727667,3.4212818057727667,True
main,Agglomerative-ward,3.0,80,-1,25907,-22.63855440197675,-43.16000184562523,mage,1,3.54,14.1,26,26,3.0737822973467837,3.0737822973467837,True
main,Agglomerative-ward,3.0,80,-1,25908,-22.65815606716074,-43.11902674370239,mage,2,327.89,37.35,18,18,3.372619417478407,3.372619417478407,True
main,Agglomerative-ward,3.0,80,-1,25921,-22.6525357703222,-43.12650100805483,mage,1,257.9,16.91,18,18,3.46138788594982,3.46138788594982,True
main,Agglomerative-ward,3.0,80,-1,25925,-22.69368277179141,-43.10979273572445,mage,2,174.99,30.58,18,18,3.535106985808919,3.535106985808919,True
main,Agglomerative-ward,3.0,80,-1,25928,-22.63601681822644,-43.02534331618508,mage,1,379.8,38.42,40,40,3.3022823301131683,3.3022823301131683,True
main,Agglomerative-ward,3.0,80,-1,25933,-22.589725437213616,-43.18381309691644,mage,4,745.79,78.25999999999999,26,26,3.1802126822588446,3.1802126822588446,True
main,Agglomerative-ward,3.0,80,-1,25938,-22.6545713161462,-43.20333179891331,mage,3,670.2,61.77,26,59,3.2857434120010547,4.697427560123933,True
main,Agglomerative-ward,3.0,80,-1,25940,-22.617931893774944,-43.00412879602773,guapimirim,4,527.7,116.4,40,40,6.151837255478808,6.151837255478808,True
main,Agglomerative-ward,3.0,80,-1,26052,-22.682661738953115,-43.44763426447411,nova iguacu,7,912.53,204.37,4,4,3.096962468280247,3.096962468280247,True
main,Agglomerative-ward,3.0,80,-1,26053,-22.676424784708487,-43.46514837118791,nova iguacu,2,271.99,49.42,4,4,3.94221608991951,3.94221608991951,True
main,Agglomerative-ward,3.0,80,-1,26062,-22.6632991804878,-43.42190649887993,nova iguacu,1,134.9,23.81,4,4,6.101852971902346,6.101852971902346,True
main,Agglomerative-ward,3.0,80,-1,26172,-22.727797274174065,-43.36988532052452,belford roxo,1,56.99,15.15,15,15,3.1739637359647572,3.1739637359647572,True
main,Agglomerative-ward,3.0,80,-1,26173,-22.7293974724831,-43.35646929692585,belford roxo,3,308.8,81.37,7,7,3.387253946445823,3.387253946445823,True
main,Agglomerative-ward,3.0,80,-1,26178,-22.71708005610544,-43.37621943740937,belford roxo,4,344.6,86.10999999999999,15,15,3.470438076477347,3.470438076477347,True
main,Agglomerative-ward,3.0,80,-1,26180,-22.709309871783464,-43.340396840703605,belford roxo,1,31.9,14.1,7,7,3.327945228547263,3.327945228547263,True
main,Agglomerative-ward,3.0,80,-1,26196,-22.74788950490292,-43.365239469417695,belford roxo,1,170.0,18.44,21,21,3.29206857990423,3.29206857990423,True
main,Agglomerative-ward,3.0,80,-1,26292,-22.765111723156878,-43.559026201122336,nova iguacu,6,1152.69,121.1,17,74,4.65600541757006,5.422685201583382,True
main,Agglomerative-ward,3.0,80,-1,26299,-22.84103615023977,-43.61515804577371,nova iguacu,1,148.9,20.23,34,57,4.377350956929283,4.8898126913288396,True
main,Agglomerative-ward,3.0,80,-1,26382,-22.692331349282565,-43.531816681604255,queimados,1,120.0,16.6,17,43,4.132485097847283,4.24209957857019,True
main,Agglomerative-ward,3.0,80,-1,26433,-22.650250797954484,-43.65355119895557,japeri,4,478.89,123.43,13,13,4.776387221046233,4.776387221046233,True
main,Agglomerative-ward,3.0,80,-1,26435,-22.648997352455527,-43.65813095170957,japeri,4,352.69,185.08,13,13,4.322184253588063,4.322184253588063,True
main,Agglomerative-ward,3.0,80,-1,26440,-22.6438955448154,-43.64300824279504,japeri,4,252.61,78.17,13,13,5.345896058296031,5.345896058296031,True
main,Agglomerative-ward,3.0,80,-1,26443,-22.644806809224903,-43.65794599414254,japeri,2,164.32,47.07,13,13,4.0553811089775635,4.0553811089775635,True
main,Agglomerative-complete,10.0,19,-1,21910,-22.79777839220466,-43.18136086251543,rio de janeiro,15,1492.97,478.2,2,2,12.056220454770822,12.056220454770822,True
main,Agglomerative-complete,10.0,19,-1,21911,-22.7900819429952,-43.17257319356364,rio de janeiro,9,1442.42,315.54,2,2,13.24028615203955,13.24028615203955,True
main,Agglomerative-complete,10.0,19,-1,21920,-22.79811558143935,-43.19569772270941,rio de janeiro,25,2088.07,534.94,2,2,10.724568270312165,10.724568270312165,True
main,Agglomerative-complete,10.0,19,-1,21921,-22.8083044291334,-43.18564856697721,rio de janeiro,13,1134.38,262.78,2,2,11.197362541686207,11.197362541686207,True
main,Agglomerative-complete,10.0,19,-1,21930,-22.819481062981133,-43.1783585853495,rio de janeiro,12,2009.18,245.03,2,2,11.549703813543225,11.549703813543225,True
main,Agglomerative-complete,10.0,19,-1,23027,-23.00123690831294,-43.64009513690838,rio de janeiro,1,40.0,22.21,3,3,11.096775392692246,11.096775392692246,True
main,Agglomerative-complete,10.0,19,-1,23028,-22.98056296317437,-43.65998986714787,rio de janeiro,7,716.6,167.1,3,3,10.097957983374657,10.097957983374657,True
main,Agglomerative-complete,10.0,19,-1,23530,-22.97383432126233,-43.6810761924786,rio de janeiro,8,966.25,156.52,3,3,11.03576044254642,11.03576044254642,True
main,Agglomerative-complete,10.0,19,-1,23535,-22.9790211808901,-43.69012245165258,rio de janeiro,14,1817.67,692.35,3,3,12.114012444960556,12.114012444960556,True
main,Agglomerative-complete,10.0,19,-1,23540,-22.974468021753417,-43.696539704365605,rio de janeiro,9,815.74,172.04000000000002,3,3,12.314624982889564,12.314624982889564,True
main,Agglomerative-complete,10.0,19,-1,23545,-22.967091308000946,-43.700265635554,rio de janeiro,11,1098.27,221.01,3,3,12.165667411678008,12.165667411678008,True
main,Agglomerative-complete,10.0,19,-1,23890,-22.787688375690134,-43.64890166112607,seropedica,3,218.6,62.87,3,12,14.138464885761694,14.348034601971706,True
main,Agglomerative-complete,10.0,19,-1,23897,-22.792366849451536,-43.662640119980665,seropedica,2,144.98,33.01,3,3,14.431656061822702,14.431656061822702,True
main,Agglomerative-complete,10.0,19,-1,23898,-22.80791081625367,-43.644304412473865,seropedica,8,1063.59,133.13,3,3,12.081571368572266,12.081571368572266,True
main,Agglomerative-complete,10.0,19,-1,24348,-22.970402738373885,-43.03213294708582,niteroi,5,414.14,88.77,4,4,10.656059756504357,10.656059756504357,True
main,Agglomerative-complete,10.0,19,-1,24457,-22.806624227141477,-43.012656807667405,sao goncalo,6,1374.19,186.67,4,4,10.171691281732791,10.171691281732791,True
main,Agglomerative-complete,10.0,19,-1,24471,-22.785600785156785,-43.04593640228686,sao goncalo,2,99.75,56.94,4,4,10.915378585004621,10.915378585004621,True
main,Agglomerative-complete,10.0,19,-1,24472,-22.789315227589743,-43.03850388360695,sao goncalo,2,288.8,39.15,4,4,10.718914349359856,10.718914349359856,True
main,Agglomerative-complete,10.0,19,-1,24473,-22.787988229533347,-43.03235624966042,sao goncalo,1,34.98,28.2,4,4,11.064132893508727,11.064132893508727,True
main,Agglomerative-complete,10.0,19,-1,24474,-22.794969261024608,-43.02441434660769,sao goncalo,1,99.9,15.46,4,4,10.672047099454726,10.672047099454726,True
main,Agglomerative-complete,10.0,19,-1,24475,-22.777267778897787,-43.027446308928425,sao goncalo,1,99.99,16.95,4,4,12.357088291256515,12.357088291256515,True
main,Agglomerative-complete,10.0,19,-1,24711,-22.818906926534805,-42.99751196239111,sao goncalo,7,855.5600000000001,142.63,4,4,10.16701671506282,10.16701671506282,True
main,Agglomerative-complete,10.0,19,-1,24715,-22.80276772976624,-42.99028180866455,sao goncalo,6,878.5,113.62,4,4,11.959655788973164,11.959655788973164,True
main,Agglomerative-complete,10.0,19,-1,24716,-22.78988059417565,-43.00428047982366,sao goncalo,3,2863.9,102.5,4,4,12.192686171348441,12.192686171348441,True
main,Agglomerative-complete,10.0,19,-1,24717,-22.808029904019023,-43.00303400236285,sao goncalo,4,309.69,99.39,4,4,10.652983285062211,10.652983285062211,True
main,Agglomerative-complete,10.0,19,-1,24720,-22.813217838338208,-42.98741033222329,sao goncalo,3,207.69,38.63,4,4,11.358438543484752,11.358438543484752,True
main,Agglomerative-complete,10.0,19,-1,24721,-22.801495702866447,-42.98390861201865,sao goncalo,1,138.0,100.56,4,15,12.456187266395586,12.515500856723108,True
main,Agglomerative-complete,10.0,19,-1,24722,-22.796501747075485,-42.97622988470504,sao goncalo,9,1502.59,173.57,4,15,11.503234843587826,13.465476318876423,True
main,Agglomerative-complete,10.0,19,-1,24723,-22.81762359087853,-42.94676360586466,sao goncalo,5,736.45,126.85,4,15,10.432469313600269,14.4850323833922,True
main,Agglomerative-complete,10.0,19,-1,24724,-22.805769003517707,-42.95726724972363,sao goncalo,4,538.9,91.85,4,15,10.377593084710576,14.287904467505216,True
main,Agglomerative-complete,10.0,19,-1,24725,-22.811456217228336,-42.97220863173352,sao goncalo,4,1169.4,82.64,4,15,11.99229652370026,12.682865804942054,True
main,Agglomerative-complete,10.0,19,-1,24730,-22.829046912919456,-42.98784246443976,sao goncalo,3,437.99,82.68,4,4,10.234569138116589,10.234569138116589,True
main,Agglomerative-complete,10.0,19,-1,24731,-22.822811422053213,-42.98685114650694,sao goncalo,2,320.62,44.27,4,4,10.723576982421893,10.723576982421893,True
main,Agglomerative-complete,10.0,19,-1,24732,-22.827064469158785,-42.9738976624395,sao goncalo,3,450.77,48.41,4,4,11.553992511025081,11.553992511025081,True
main,Agglomerative-complete,10.0,19,-1,24734,-22.829471848017025,-42.9607569973706,sao goncalo,1,39.9,15.79,4,15,12.377362760795304,12.598147455231135,True
main,Agglomerative-complete,10.0,19,-1,24735,-22.845883873637536,-42.95426308031982,sao goncalo,1,26.7,15.11,4,7,11.952230284259683,12.50576311664756,True
main,Agglomerative-complete,10.0,19,-1,24736,-22.820033389763783,-42.969922193443765,sao goncalo,5,783.98,78.11,4,4,12.317625492510624,12.317625492510624,True
main,Agglomerative-complete,10.0,19,-1,24737,-22.84162388029282,-42.96231323222136,sao goncalo,1,117.3,22.29,4,4,11.892684514457686,11.892684514457686,True
main,Agglomerative-complete,10.0,19,-1,24738,-22.851785749069546,-42.94354284297728,sao goncalo,5,132.06,77.15,4,7,10.766521248385255,13.377346397686068,True
main,Agglomerative-complete,10.0,19,-1,24937,-22.95115200845083,-42.99376127553226,marica,2,269.98,30.54,7,4,11.03249992143547,11.67491091435297,True
main,Agglomerative-complete,10.0,19,-1,25035,-22.755338688692213,-43.308531682770784,duque de caxias,14,1404.55,386.23,2,2,10.035433660920116,10.035433660920116,True
main,Agglomerative-complete,10.0,19,-1,25036,-22.749595823587462,-43.316204756652816,duque de caxias,4,839.89,67.53999999999999,2,2,10.843506366951615,10.843506366951615,True
main,Agglomerative-complete,10.0,19,-1,25040,-22.74090063654044,-43.31546716030017,duque de caxias,9,552.3,144.53,0,0,10.57581332392845,10.57581332392845,True
main,Agglomerative-complete,10.0,19,-1,25041,-22.73578083363829,-43.31812761723224,duque de caxias,4,484.63,81.23,0,0,10.296200212958432,10.296200212958432,True
main,Agglomerative-complete,10.0,19,-1,25050,-22.753304486524154,-43.29699642294105,duque de caxias,3,264.8,50.08,2,2,10.080502887551674,10.080502887551674,True
main,Agglomerative-complete,10.0,19,-1,25237,-22.753574853365865,-43.305893071458286,duque de caxias,1,49.9,18.0,2,2,10.175014177719662,10.175014177719662,True
main,Agglomerative-complete,10.0,19,-1,25241,-22.571208,-43.31268449999998,duque de caxias,1,59.99,16.18,0,0,11.991147935743081,11.991147935743081,True
main,Agglomerative-complete,10.0,19,-1,25245,-22.59128608480469,-43.312298090959736,duque de caxias,4,1164.39,183.36,0,0,10.098267328732907,10.098267328732907,True
main,Agglomerative-complete,10.0,19,-1,25560,-22.770034075258486,-43.36986192895572,sao joao de meriti,4,710.94,72.37,2,16,10.23576460110465,11.718160970108185,True
main,Agglomerative-complete,10.0,19,-1,25561,-22.77327727501097,-43.36365900401443,sao joao de meriti,4,422.63,200.86,2,16,10.352361031124694,11.012605151992696,True
main,Agglomerative-complete,10.0,19,-1,25570,-22.767755472400367,-43.351648773854414,sao joao de meriti,5,1388.79,107.51,2,2,10.661750543485098,10.661750543485098,True
main,Agglomerative-complete,10.0,19,-1,25571,-22.764428655824528,-43.34634958376359,sao joao de meriti,4,540.89,62.34,2,2,10.642085649454685,10.642085649454685,True
main,Agglomerative-complete,10.0,19,-1,25770,-22.26889273967007,-43.07681259121553,petropolis,5,457.79,154.81,8,8,14.377953932952144,14.377953932952144,True
main,Agglomerative-complete,10.0,19,-1,25902,-22.65954574226225,-43.116827376350194,mage,1,146.0,29.36,0,9,10.31954946464528,14.093521762697009,True
main,Agglomerative-complete,10.0,19,-1,25907,-22.63855440197675,-43.16000184562523,mage,1,3.54,14.1,0,0,10.075037365243679,10.075037365243679,True
main,Agglomerative-complete,10.0,19,-1,25908,-22.65815606716074,-43.11902674370239,mage,2,327.89,37.35,0,9,10.417655936416397,13.875077407473091,True
main,Agglomerative-complete,10.0,19,-1,25921,-22.6525357703222,-43.12650100805483,mage,1,257.9,16.91,0,9,10.747844026467286,13.157848740977993,True
main,Agglomerative-complete,10.0,19,-1,25922,-22.66003863059351,-43.1347885471764,mage,6,602.49,134.8,0,9,11.899437509844029,12.249779278818892,True
main,Agglomerative-complete,10.0,19,-1,25925,-22.69368277179141,-43.10979273572445,mage,2,174.99,30.58,0,9,12.43075429965593,15.154445232554439,True
main,Agglomerative-complete,10.0,19,-1,25926,-22.70142395223432,-43.15952521180791,mage,9,1116.8,259.76,0,0,10.533543594391611,10.533543594391611,True
main,Agglomerative-complete,10.0,19,-1,25931,-22.615268497162027,-43.171211569125255,mage,12,1602.95,389.1,0,0,10.113022242581295,10.113022242581295,True
main,Agglomerative-complete,10.0,19,-1,25932,-22.606414625881992,-43.16479917404288,mage,1,29.5,19.84,0,17,11.024564664974754,11.20940108840865,True
main,Agglomerative-complete,10.0,19,-1,25946,-22.527718078493137,-42.97826627951071,guapimirim,11,1815.77,266.41,9,9,10.452742788659368,10.452742788659368,True
main,Agglomerative-complete,10.0,19,-1,25949,-22.51454665728784,-42.96902750677734,guapimirim,2,368.9,35.08,9,9,12.197768035424936,12.197768035424936,True
main,Agglomerative-complete,10.0,19,-1,26110,-22.755672493046596,-43.36930490702333,belford roxo,3,340.98,43.0,1,1,10.038815121447117,10.038815121447117,True
main,Agglomerative-complete,10.0,19,-1,26173,-22.7293974724831,-43.35646929692585,belford roxo,3,308.8,81.37,1,1,11.241070138085782,11.241070138085782,True
main,Agglomerative-complete,10.0,19,-1,26175,-22.723712605507256,-43.34218222243037,belford roxo,4,318.97,87.96000000000001,0,0,11.1830989463928,11.1830989463928,True
main,Agglomerative-complete,10.0,19,-1,26180,-22.709309871783464,-43.340396840703605,belford roxo,1,31.9,14.1,0,0,10.16196126887648,10.16196126887648,True
main,Agglomerative-complete,10.0,19,-1,26183,-22.71884157108849,-43.3359503631358,belford roxo,8,635.5600000000001,131.82,0,0,10.347750373285896,10.347750373285896,True
main,Agglomerative-complete,10.0,19,-1,26187,-22.731683227835816,-43.34902267341827,belford roxo,3,303.44,54.78,1,1,11.98083948099459,11.98083948099459,True
main,Agglomerative-complete,10.0,19,-1,26190,-22.738054149192973,-43.33784294353118,belford roxo,1,34.9,17.06,0,0,11.863821587907196,11.863821587907196,True
main,Agglomerative-complete,10.0,19,-1,26193,-22.74371498675422,-43.34181565153629,belford roxo,3,289.18,49.6,0,2,12.40004341820192,12.594069503647146,True
main,Agglomerative-complete,10.0,19,-1,26196,-22.74788950490292,-43.365239469417695,belford roxo,1,170.0,18.44,1,1,10.332919557817368,10.332919557817368,True
main,Agglomerative-complete,10.0,19,-1,26292,-22.765111723156878,-43.559026201122336,nova iguacu,6,1152.69,121.1,1,1,10.007467935116116,10.007467935116116,True
main,Agglomerative-complete,10.0,19,-1,26293,-22.79249083598364,-43.57524682495404,nova iguacu,1,265.0,45.85,3,1,12.71122729479343,13.151222337789147,True
main,Agglomerative-complete,10.0,19,-1,26296,-22.80012558975328,-43.59358340822262,nova iguacu,3,1570.89,98.69,3,3,12.074833534931797,12.074833534931797,True
main,Agglomerative-complete,10.0,19,-1,26297,-22.81315246690653,-43.58884053145267,nova iguacu,3,503.8,76.75,3,3,10.669257924176884,10.669257924176884,True
main,Agglomerative-complete,10.0,19,-1,26310,-22.71769036507631,-43.56406590011273,queimados,9,950.48,358.38,1,1,10.382422813434761,10.382422813434761,True
main,Agglomerative-complete,10.0,19,-1,26311,-22.7230667989856,-43.577531170720725,queimados,2,427.0,57.57,1,1,11.62309018294935,11.62309018294935,True
main,Agglomerative-complete,10.0,19,-1,26313,-22.72398694854633,-43.56859220120247,queimados,4,439.98,64.82,1,1,10.701565403734387,10.701565403734387,True
main,Agglomerative-complete,10.0,19,-1,26315,-22.726749869469312,-43.58842644869943,queimados,2,114.89,34.849999999999994,1,12,11.28062518518623,12.676788599194236,True
main,Agglomerative-complete,10.0,19,-1,26320,-22.70950681506173,-43.580279131181264,queimados,3,211.8,54.3,1,12,10.903772316467622,12.220904508016101,True
main,Agglomerative-complete,10.0,19,-1,26321,-22.7081915940706,-43.57351771589113,queimados,2,228.99,31.46,1,12,11.452258673510988,11.597475443017164,True
main,Agglomerative-complete,10.0,19,-1,26381,-22.6969098294197,-43.55741624112584,queimados,3,257.68,78.46000000000001,1,1,10.530609252719804,10.530609252719804,True
main,Agglomerative-complete,10.0,19,-1,26383,-22.707869677714925,-43.561315648938425,queimados,8,819.42,126.87,1,1,10.42121675690904,10.42121675690904,True
main,Agglomerative-complete,10.0,19,-1,26385,-22.705743887793957,-43.55656212344719,queimados,6,664.31,122.95,1,1,10.048289718818351,10.048289718818351,True
main,Agglomerative-complete,10.0,19,-1,28695,-22.60367916043864,-42.74073968432629,cachoeiras de macacu,1,99.0,22.16,6,6,14.755872469842686,14.755872469842686,True
main,Agglomerative-complete,5.0,46,-1,20531,-22.958246852875916,-43.27033293203977,rio de janeiro,8,3652.34,170.89,10,40,7.090066964765956,7.575369609049077,True
main,Agglomerative-complete,5.0,46,-1,20561,-22.923671061855,-43.27951061325535,rio de janeiro,28,3756.96,666.58,6,6,5.177534827211751,5.177534827211751,True
main,Agglomerative-complete,5.0,46,-1,21557,-22.85620371453252,-43.37495578967732,rio de janeiro,3,136.89,51.61,7,14,5.198658374116927,5.9445277595830825,True
main,Agglomerative-complete,5.0,46,-1,21615,-22.86209078632198,-43.39136925868886,rio de janeiro,17,2248.31,378.72,7,14,5.247649062372986,5.734885772402907,True
main,Agglomerative-complete,5.0,46,-1,21670,-22.84984365215036,-43.3808702413711,rio de janeiro,5,969.79,110.27,7,7,5.015734828522711,5.015734828522711,True
main,Agglomerative-complete,5.0,46,-1,21675,-22.849034554602184,-43.3744236468128,rio de janeiro,8,1097.58,182.36,7,22,5.192085134922043,5.363164173209927,True
main,Agglomerative-complete,5.0,46,-1,21854,-22.845556518964184,-43.49501645648064,rio de janeiro,1,79.98,30.46,0,0,5.67586883562399,5.67586883562399,True
main,Agglomerative-complete,5.0,46,-1,21941,-22.8338340042933,-43.24885668973881,rio de janeiro,21,6635.849999999999,515.45,6,6,5.698286763648096,5.698286763648096,True
main,Agglomerative-complete,5.0,46,-1,22452,-22.952645498107493,-43.30267070542142,rio de janeiro,2,145.88,55.7,3,3,6.289594915920709,6.289594915920709,True
main,Agglomerative-complete,5.0,46,-1,22610,-22.99599813649958,-43.261663703422506,rio de janeiro,29,3507.7200000000003,792.05,10,10,7.692664585017062,7.692664585017062,True
main,Agglomerative-complete,5.0,46,-1,22611,-23.008068841447862,-43.29861176534447,rio de janeiro,8,977.64,154.16,3,3,7.081547264570739,7.081547264570739,True
main,Agglomerative-complete,5.0,46,-1,22621,-23.010803499326403,-43.3098866524811,rio de janeiro,27,4191.21,627.3,3,3,6.290669316822721,6.290669316822721,True
main,Agglomerative-complete,5.0,46,-1,22793,-23.00061899109568,-43.40471828456725,rio de janeiro,116,16054.06,2801.79,3,3,5.452717541850318,5.452717541850318,True
main,Agglomerative-complete,5.0,46,-1,23020,-23.0049905225767,-43.54784520457546,rio de janeiro,17,2349.81,324.69,13,13,8.11614840695746,8.11614840695746,True
main,Agglomerative-complete,5.0,46,-1,23025,-22.99046924798533,-43.61550570181899,rio de janeiro,4,623.88,101.11,20,20,6.12221499143601,6.12221499143601,True
main,Agglomerative-complete,5.0,46,-1,23097,-22.85109676327036,-43.53613869095038,rio de janeiro,8,2435.26,129.27,12,12,5.387688653056392,5.387688653056392,True
main,Agglomerative-complete,5.0,46,-1,23826,-22.89560484133116,-43.84587026303256,itaguai,4,246.45,77.39,21,21,6.6061157974916425,6.6061157974916425,True
main,Agglomerative-complete,5.0,46,-1,23890,-22.787688375690134,-43.64890166112607,seropedica,3,218.6,62.87,1,1,7.1344435537482545,7.1344435537482545,True
main,Agglomerative-complete,5.0,46,-1,23897,-22.792366849451536,-43.662640119980665,seropedica,2,144.98,33.01,1,34,7.105506443302352,7.3665835567765665,True
main,Agglomerative-complete,5.0,46,-1,24141,-22.87816915718994,-43.05564163085743,niteroi,4,373.79,109.26,2,18,5.379712311043129,5.674484040416712,True
main,Agglomerative-complete,5.0,46,-1,24325,-22.882411375017146,-43.023744808929656,niteroi,3,294.89,99.1,2,2,5.1674587346253125,5.1674587346253125,True
main,Agglomerative-complete,5.0,46,-1,24330,-22.901199547746405,-42.991174595669065,niteroi,9,775.0,171.04,2,2,5.64334086063038,5.64334086063038,True
main,Agglomerative-complete,5.0,46,-1,24475,-22.777267778897787,-43.027446308928425,sao goncalo,1,99.99,16.95,17,17,6.048228361507309,6.048228361507309,True
main,Agglomerative-complete,5.0,46,-1,24723,-22.81762359087853,-42.94676360586466,sao goncalo,5,736.45,126.85,8,8,5.70739421507869,5.70739421507869,True
main,Agglomerative-complete,5.0,46,-1,24724,-22.805769003517707,-42.95726724972363,sao goncalo,4,538.9,91.85,8,8,5.129158479431835,5.129158479431835,True
main,Agglomerative-complete,5.0,46,-1,24726,-22.78851170276054,-42.958565788861314,sao goncalo,1,151.0,15.72,8,8,6.170801172013201,6.170801172013201,True
main,Agglomerative-complete,5.0,46,-1,24735,-22.845883873637536,-42.95426308031982,sao goncalo,1,26.7,15.11,8,8,5.246453839002925,5.246453839002925,True
main,Agglomerative-complete,5.0,46,-1,24738,-22.851785749069546,-42.94354284297728,sao goncalo,5,132.06,77.15,8,8,6.516211031090855,6.516211031090855,True
main,Agglomerative-complete,5.0,46,-1,24752,-22.882259138501706,-42.98436172867216,sao goncalo,4,846.89,51.86,2,8,6.334921745540935,7.453566554344654,True
main,Agglomerative-complete,5.0,46,-1,24753,-22.88628701436756,-42.99166865896655,sao goncalo,2,409.7000000000001,84.69999999999999,2,2,6.598512307576741,6.598512307576741,True
main,Agglomerative-complete,5.0,46,-1,24754,-22.872354587681084,-43.027432812835386,sao goncalo,6,423.69,120.64,2,8,5.655913589347509,6.161698100078307,True
main,Agglomerative-complete,5.0,46,-1,24756,-22.88593339499682,-43.011983104667294,sao goncalo,10,1781.88,224.75,2,2,5.305699120800239,5.305699120800239,True
main,Agglomerative-complete,5.0,46,-1,24846,-22.71538558398837,-42.80638584132024,itaborai,2,153.8,30.58,25,25,6.2637561834818865,6.2637561834818865,True
main,Agglomerative-complete,5.0,46,-1,24858,-22.77209935726771,-42.92264307986124,itaborai,6,512.78,120.95,15,15,5.376090467616979,5.376090467616979,True
main,Agglomerative-complete,5.0,46,-1,24866,-22.73373117887529,-42.93276530734327,itaborai,2,95.9,33.52,15,15,6.127965922847653,6.127965922847653,True
main,Agglomerative-complete,5.0,46,-1,24915,-22.955984494690547,-42.80761537855785,marica,3,326.70000000000005,89.65,39,39,5.153401124158951,5.153401124158951,True
main,Agglomerative-complete,5.0,46,-1,24933,-22.9565929719624,-42.88349437707549,marica,8,615.57,182.63,39,39,5.014668912268433,5.014668912268433,True
main,Agglomerative-complete,5.0,46,-1,24937,-22.95115200845083,-42.99376127553226,marica,2,269.98,30.54,26,26,5.240610505965334,5.240610505965334,True
main,Agglomerative-complete,5.0,46,-1,25555,-22.78130043658109,-43.37040843885934,sao joao de meriti,9,945.08,234.62,22,7,5.369827355877259,5.741669805064527,True
main,Agglomerative-complete,5.0,46,-1,25560,-22.770034075258486,-43.36986192895572,sao joao de meriti,4,710.94,72.37,22,19,5.393193011515648,6.715247097952011,True
main,Agglomerative-complete,5.0,46,-1,25561,-22.77327727501097,-43.36365900401443,sao joao de meriti,4,422.63,200.86,22,22,6.075741079464294,6.075741079464294,True
main,Agglomerative-complete,5.0,46,-1,25570,-22.767755472400367,-43.351648773854414,sao joao de meriti,5,1388.79,107.51,22,44,5.2793929796470875,6.151199461310491,True
main,Agglomerative-complete,5.0,46,-1,25576,-22.778287142653923,-43.35224410736812,sao joao de meriti,3,339.5,67.25,22,22,5.064416680893095,5.064416680893095,True
main,Agglomerative-complete,5.0,46,-1,25710,-22.475562635890437,-43.148370152985294,petropolis,16,2736.4,646.96,35,35,5.35917057303148,5.35917057303148,True
main,Agglomerative-complete,5.0,46,-1,25725,-22.427894024726776,-43.20138979903541,petropolis,3,345.89,55.44,32,32,6.2499579229461855,6.2499579229461855,True
main,Agglomerative-complete,5.0,46,-1,25911,-22.55907208815268,-43.044923138517305,mage,4,526.49,131.57,5,30,7.5146268741348585,8.383938379534808,True
main,Agglomerative-complete,5.0,46,-1,25912,-22.57019403842886,-43.058745435694526,mage,1,64.99,27.51,5,5,7.084535528073259,7.084535528073259,True
main,Agglomerative-complete,5.0,46,-1,25940,-22.617931893774944,-43.00412879602773,guapimirim,4,527.7,116.4,5,5,5.56086821595786,5.56086821595786,True
main,Agglomerative-complete,5.0,46,-1,26052,-22.682661738953115,-43.44763426447411,nova iguacu,7,912.53,204.37,4,4,5.724963049053802,5.724963049053802,True
main,Agglomerative-complete,5.0,46,-1,26053,-22.676424784708487,-43.46514837118791,nova iguacu,2,271.99,49.42,4,4,6.362738821089949,6.362738821089949,True
main,Agglomerative-complete,5.0,46,-1,26062,-22.6632991804878,-43.42190649887993,nova iguacu,1,134.9,23.81,4,4,8.61340577817708,8.61340577817708,True
main,Agglomerative-complete,5.0,46,-1,26178,-22.71708005610544,-43.37621943740937,belford roxo,4,344.6,86.10999999999999,19,19,5.384434967599091,5.384434967599091,True
main,Agglomerative-complete,5.0,46,-1,26196,-22.74788950490292,-43.365239469417695,belford roxo,1,170.0,18.44,19,42,5.079975942342194,5.275271423645937,True
main,Agglomerative-complete,5.0,46,-1,26293,-22.79249083598364,-43.57524682495404,nova iguacu,1,265.0,45.85,1,1,7.657773267447628,7.657773267447628,True
main,Agglomerative-complete,5.0,46,-1,26296,-22.80012558975328,-43.59358340822262,nova iguacu,3,1570.89,98.69,1,1,5.906333833128245,5.906333833128245,True
main,Agglomerative-complete,5.0,46,-1,26297,-22.81315246690653,-43.58884053145267,nova iguacu,3,503.8,76.75,1,1,5.000857988573524,5.000857988573524,True
main,Agglomerative-complete,5.0,46,-1,26311,-22.7230667989856,-43.577531170720725,queimados,2,427.0,57.57,9,9,5.226715197761113,5.226715197761113,True
main,Agglomerative-complete,5.0,46,-1,26315,-22.726749869469312,-43.58842644869943,queimados,2,114.89,34.849999999999994,9,38,5.6872715733151225,6.2155831496387695,True
main,Agglomerative-complete,5.0,46,-1,26381,-22.6969098294197,-43.55741624112584,queimados,3,257.68,78.46000000000001,9,9,5.3284136063415195,5.3284136063415195,True
main,Agglomerative-complete,5.0,46,-1,26440,-22.6438955448154,-43.64300824279504,japeri,4,252.61,78.17,37,37,5.345896058296031,5.345896058296031,True
main,Agglomerative-complete,3.0,88,-1,20531,-22.958246852875916,-43.27033293203977,rio de janeiro,8,3652.34,170.89,5,5,4.730673783781339,4.730673783781339,True
main,Agglomerative-complete,3.0,88,-1,20911,-22.89314885311464,-43.242201014642525,rio de janeiro,8,552.91,168.74,34,34,3.126288916288362,3.126288916288362,True
main,Agglomerative-complete,3.0,88,-1,20921,-22.893703236582244,-43.23151762119004,rio de janeiro,19,1619.84,680.14,42,34,3.056815588174313,4.377462328886922,True
main,Agglomerative-complete,3.0,88,-1,20930,-22.889979653251217,-43.22883289161473,rio de janeiro,3,371.88,85.7,42,34,3.517457994902863,4.281278731144314,True
main,Agglomerative-complete,3.0,88,-1,20931,-22.880476502680093,-43.21772315263865,rio de janeiro,11,1466.49,213.49,42,42,3.9849128431935297,3.9849128431935297,True
main,Agglomerative-complete,3.0,88,-1,21042,-22.86486541105725,-43.24870050352791,rio de janeiro,4,743.26,89.85999999999999,70,70,3.051868464691559,3.051868464691559,True
main,Agglomerative-complete,3.0,88,-1,21370,-22.87000636720115,-43.32004486324283,rio de janeiro,4,407.1,82.9,18,18,3.3608859950175343,3.3608859950175343,True
main,Agglomerative-complete,3.0,88,-1,21380,-22.88331793518069,-43.31951190668025,rio de janeiro,19,2926.74,476.49,18,18,3.2296201078619444,3.2296201078619444,True
main,Agglomerative-complete,3.0,88,-1,21381,-22.87907528708003,-43.314672063074205,rio de janeiro,8,2280.59,197.33,18,40,3.6403138065052247,3.711202763536149,True
main,Agglomerative-complete,3.0,88,-1,21510,-22.84251003329592,-43.35349069066133,rio de janeiro,7,752.49,136.12,13,13,3.340740369327177,3.340740369327177,True
main,Agglomerative-complete,3.0,88,-1,21511,-22.84410299270375,-43.35219269222594,rio de janeiro,5,786.59,113.07,13,13,3.2465960095228663,3.2465960095228663,True
main,Agglomerative-complete,3.0,88,-1,21512,-22.84146868829085,-43.36195292092932,rio de janeiro,5,554.3100000000001,115.27,13,4,3.625937990646668,4.182935818349056,True
main,Agglomerative-complete,3.0,88,-1,21515,-22.83902730987094,-43.35587746226516,rio de janeiro,5,583.13,102.4,13,13,3.5396927460286376,3.5396927460286376,True
main,Agglomerative-complete,3.0,88,-1,21535,-22.8194481093076,-43.35408490190018,rio de janeiro,2,92.89,35.27,4,85,3.889135573336695,4.593508546746511,True
main,Agglomerative-complete,3.0,88,-1,21555,-22.855135850026095,-43.36350730842812,rio de janeiro,13,1670.67,305.45,18,18,3.0875363907388684,3.0875363907388684,True
main,Agglomerative-complete,3.0,88,-1,21557,-22.85620371453252,-43.37495578967732,rio de janeiro,3,136.89,51.61,4,4,3.3406772704574488,3.3406772704574488,True
main,Agglomerative-complete,3.0,88,-1,21615,-22.86209078632198,-43.39136925868886,rio de janeiro,17,2248.31,378.72,4,4,3.2231847203337716,3.2231847203337716,True
main,Agglomerative-complete,3.0,88,-1,21832,-22.894998640111965,-43.490836960215546,rio de janeiro,9,731.6899999999999,193.47,46,46,3.0460689954865,3.0460689954865,True
main,Agglomerative-complete,3.0,88,-1,21854,-22.845556518964184,-43.49501645648064,rio de janeiro,1,79.98,30.46,46,46,3.3764241940386013,3.3764241940386013,True
main,Agglomerative-complete,3.0,88,-1,21932,-22.80486286271774,-43.22572822631956,rio de janeiro,4,789.78,126.70999999999998,28,28,3.267474924527236,3.267474924527236,True
main,Agglomerative-complete,3.0,88,-1,22452,-22.952645498107493,-43.30267070542142,rio de janeiro,2,145.88,55.7,19,19,3.8780795215241275,3.8780795215241275,True
main,Agglomerative-complete,3.0,88,-1,22610,-22.99599813649958,-43.261663703422506,rio de janeiro,29,3507.7200000000003,792.05,5,5,3.8201527897651895,3.8201527897651895,True
main,Agglomerative-complete,3.0,88,-1,22611,-23.008068841447862,-43.29861176534447,rio de janeiro,8,977.64,154.16,15,15,3.607200488906092,3.607200488906092,True
main,Agglomerative-complete,3.0,88,-1,22641,-22.986105098852665,-43.31152067063231,rio de janeiro,6,650.19,204.85,15,15,3.094070326983273,3.094070326983273,True
main,Agglomerative-complete,3.0,88,-1,22783,-22.984082408782115,-43.44889019919411,rio de janeiro,44,5413.76,990.75,26,26,3.0701250666536857,3.0701250666536857,True
main,Agglomerative-complete,3.0,88,-1,22785,-22.979900329721087,-43.49176475913368,rio de janeiro,15,1410.98,285.8,26,26,4.27498630764533,4.27498630764533,True
main,Agglomerative-complete,3.0,88,-1,23010,-22.885872200386764,-43.51372891804045,rio de janeiro,10,2100.65,230.17,32,32,3.1714360511574182,3.1714360511574182,True
main,Agglomerative-complete,3.0,88,-1,23520,-22.936255491866653,-43.661399065747545,rio de janeiro,27,2148.58,500.97,12,12,3.1022140440333956,3.1022140440333956,True
main,Agglomerative-complete,3.0,88,-1,23893,-22.71072154468618,-43.69140232860298,seropedica,2,309.9,43.75,69,69,3.498729457991359,3.498729457991359,True
main,Agglomerative-complete,3.0,88,-1,24141,-22.87816915718994,-43.05564163085743,niteroi,4,373.79,109.26,0,0,3.209263387374763,3.209263387374763,True
main,Agglomerative-complete,3.0,88,-1,24310,-22.9110328213164,-43.06742681237905,niteroi,8,427.54,154.54999999999998,8,8,4.069865681111759,4.069865681111759,True
main,Agglomerative-complete,3.0,88,-1,24315,-22.901684792085454,-43.06891496088816,niteroi,22,2712.0,439.89,8,8,3.799794531955799,3.799794531955799,True
main,Agglomerative-complete,3.0,88,-1,24330,-22.901199547746405,-42.991174595669065,niteroi,9,775.0,171.04,0,0,3.923775151276922,3.923775151276922,True
main,Agglomerative-complete,3.0,88,-1,24344,-22.93685983573083,-43.01491522990823,niteroi,10,2482.99,294.22,24,24,3.1319345099837386,3.1319345099837386,True
main,Agglomerative-complete,3.0,88,-1,24348,-22.970402738373885,-43.03213294708582,niteroi,5,414.14,88.77,24,24,3.106978510106694,3.106978510106694,True
main,Agglomerative-complete,3.0,88,-1,24475,-22.777267778897787,-43.027446308928425,sao goncalo,1,99.99,16.95,62,62,3.4952341287477284,3.4952341287477284,True
main,Agglomerative-complete,3.0,88,-1,24716,-22.78988059417565,-43.00428047982366,sao goncalo,3,2863.9,102.5,62,36,3.0994255842314375,3.585565324269591,True
main,Agglomerative-complete,3.0,88,-1,24726,-22.78851170276054,-42.958565788861314,sao goncalo,1,151.0,15.72,2,2,3.2258193843816145,3.2258193843816145,True
main,Agglomerative-complete,3.0,88,-1,24735,-22.845883873637536,-42.95426308031982,sao goncalo,1,26.7,15.11,2,2,3.315475934417299,3.315475934417299,True
main,Agglomerative-complete,3.0,88,-1,24738,-22.851785749069546,-42.94354284297728,sao goncalo,5,132.06,77.15,2,2,4.337582693191947,4.337582693191947,True
main,Agglomerative-complete,3.0,88,-1,24751,-22.86782548778561,-43.002749069555286,sao goncalo,10,1346.01,208.28,14,14,3.517426406145787,3.517426406145787,True
main,Agglomerative-complete,3.0,88,-1,24752,-22.882259138501706,-42.98436172867216,sao goncalo,4,846.89,51.86,0,0,4.616972913719784,4.616972913719784,True
main,Agglomerative-complete,3.0,88,-1,24753,-22.88628701436756,-42.99166865896655,sao goncalo,2,409.7000000000001,84.69999999999999,0,0,3.7928571353880165,3.7928571353880165,True
main,Agglomerative-complete,3.0,88,-1,24802,-22.729006918491564,-42.83466835876695,itaborai,1,199.0,21.66,10,10,3.1715406836317737,3.1715406836317737,True
main,Agglomerative-complete,3.0,88,-1,24813,-22.75411758328793,-42.88883553024611,itaborai,1,260.0,37.42,10,10,3.095086156427375,3.095086156427375,True
main,Agglomerative-complete,3.0,88,-1,24830,-22.7113078008679,-42.87331425316652,itaborai,1,45.9,15.56,10,10,3.962037443854263,3.962037443854263,True
main,Agglomerative-complete,3.0,88,-1,24866,-22.73373117887529,-42.93276530734327,itaborai,2,95.9,33.52,30,30,3.832626062335142,3.832626062335142,True
main,Agglomerative-complete,3.0,88,-1,24876,-22.7125342435385,-42.89540473111652,itaborai,3,334.0,39.74,10,10,5.084221165101133,5.084221165101133,True
main,Agglomerative-complete,3.0,88,-1,24937,-22.95115200845083,-42.99376127553226,marica,2,269.98,30.54,17,17,3.0283930213251473,3.0283930213251473,True
main,Agglomerative-complete,3.0,88,-1,25085,-22.79583417251553,-43.291526151554045,duque de caxias,1,259.0,16.69,21,21,3.53498969963458,3.53498969963458,True
main,Agglomerative-complete,3.0,88,-1,25220,-22.685430142678285,-43.24665539237965,duque de caxias,4,353.45000000000005,64.16,41,41,3.3652105780912147,3.3652105780912147,True
main,Agglomerative-complete,3.0,88,-1,25225,-22.696323342560508,-43.271184575072574,duque de caxias,3,251.88,74.93,41,41,3.4260188642915512,3.4260188642915512,True
main,Agglomerative-complete,3.0,88,-1,25241,-22.571208,-43.31268449999998,duque de caxias,1,59.99,16.18,27,27,3.7298301050495635,3.7298301050495635,True
main,Agglomerative-complete,3.0,88,-1,25630,-22.52424789468128,-43.161617138310994,petropolis,3,239.22000000000003,74.35,20,20,3.440876468979643,3.440876468979643,True
main,Agglomerative-complete,3.0,88,-1,25670,-22.489507019910214,-43.210414436144696,petropolis,1,103.9,16.32,20,20,3.591095708337827,3.591095708337827,True
main,Agglomerative-complete,3.0,88,-1,25745,-22.3915193770552,-43.10829358749547,petropolis,6,538.43,135.37,22,22,3.641194567365517,3.641194567365517,True
main,Agglomerative-complete,3.0,88,-1,25902,-22.65954574226225,-43.116827376350194,mage,1,146.0,29.36,7,7,3.4212818057727667,3.4212818057727667,True
main,Agglomerative-complete,3.0,88,-1,25905,-22.661390928999936,-43.03525083599993,mage,2,204.75000000000003,71.47,55,55,3.060837454438341,3.060837454438341,True
main,Agglomerative-complete,3.0,88,-1,25907,-22.63855440197675,-43.16000184562523,mage,1,3.54,14.1,16,16,3.294917129205323,3.294917129205323,True
main,Agglomerative-complete,3.0,88,-1,25908,-22.65815606716074,-43.11902674370239,mage,2,327.89,37.35,7,7,3.372619417478407,3.372619417478407,True
main,Agglomerative-complete,3.0,88,-1,25921,-22.6525357703222,-43.12650100805483,mage,1,257.9,16.91,7,7,3.46138788594982,3.46138788594982,True
main,Agglomerative-complete,3.0,88,-1,25925,-22.69368277179141,-43.10979273572445,mage,2,174.99,30.58,7,7,3.535106985808919,3.535106985808919,True
main,Agglomerative-complete,3.0,88,-1,25937,-22.64373828349399,-43.182944105487344,mage,2,258.9,41.34,3,16,3.4992053875324087,3.942708819160487,True
main,Agglomerative-complete,3.0,88,-1,26042,-22.708401272321503,-43.47914027612773,nova iguacu,1,179.0,9.2,9,23,3.5198240567406542,3.95951548292189,True
main,Agglomerative-complete,3.0,88,-1,26062,-22.6632991804878,-43.42190649887993,nova iguacu,1,134.9,23.81,23,23,4.21591324784172,4.21591324784172,True
main,Agglomerative-complete,3.0,88,-1,26070,-22.712261582859316,-43.43397796646818,nova iguacu,18,3306.44,472.26,9,23,3.574646224011097,3.8309558798767647,True
main,Agglomerative-complete,3.0,88,-1,26085,-22.7378823853966,-43.540626520424674,nova iguacu,2,176.86,43.99,31,31,3.0959014979796935,3.0959014979796935,True
main,Agglomerative-complete,3.0,88,-1,26299,-22.84103615023977,-43.61515804577371,nova iguacu,1,148.9,20.23,48,51,4.377350956929283,4.8898126913288396,True
main,Agglomerative-complete,3.0,88,-1,26330,-22.73569440043516,-43.542197211853576,queimados,2,224.9,42.96,31,78,3.1642806593949975,3.3722136606239266,True
main,Agglomerative-complete,3.0,88,-1,26382,-22.692331349282565,-43.531816681604255,queimados,1,120.0,16.6,78,78,3.3003450971279538,3.3003450971279538,True
main,Agglomerative-complete,3.0,88,-1,26433,-22.650250797954484,-43.65355119895557,japeri,4,478.89,123.43,1,1,4.776387221046233,4.776387221046233,True
main,Agglomerative-complete,3.0,88,-1,26435,-22.648997352455527,-43.65813095170957,japeri,4,352.69,185.08,1,1,4.322184253588063,4.322184253588063,True
main,Agglomerative-complete,3.0,88,-1,26440,-22.6438955448154,-43.64300824279504,japeri,4,252.61,78.17,1,1,5.345896058296031,5.345896058296031,True
main,Agglomerative-complete,3.0,88,-1,26443,-22.644806809224903,-43.65794599414254,japeri,2,164.32,47.07,1,1,4.0553811089775635,4.0553811089775635,True
main,Agglomerative-complete,3.0,88,-1,26515,-22.82027720659127,-43.42270906150816,nilopolis,3,316.9,58.3,4,54,3.025956802868025,3.08225276043702,True
main,Agglomerative-average,10.0,24,-1,23027,-23.00123690831294,-43.64009513690838,rio de janeiro,1,40.0,22.21,4,4,10.791016011052152,10.791016011052152,True
main,Agglomerative-average,10.0,24,-1,23530,-22.97383432126233,-43.6810761924786,rio de janeiro,8,966.25,156.52,4,4,10.85200799717311,10.85200799717311,True
main,Agglomerative-average,10.0,24,-1,23535,-22.9790211808901,-43.69012245165258,rio de janeiro,14,1817.67,692.35,4,4,11.934374202404692,11.934374202404692,True
main,Agglomerative-average,10.0,24,-1,23540,-22.974468021753417,-43.696539704365605,rio de janeiro,9,815.74,172.04000000000002,4,4,12.156017938698778,12.156017938698778,True
main,Agglomerative-average,10.0,24,-1,23545,-22.967091308000946,-43.700265635554,rio de janeiro,11,1098.27,221.01,4,4,12.03124542684078,12.03124542684078,True
main,Agglomerative-average,10.0,24,-1,24348,-22.970402738373885,-43.03213294708582,niteroi,5,414.14,88.77,2,2,10.656059756504357,10.656059756504357,True
main,Agglomerative-average,10.0,24,-1,24457,-22.806624227141477,-43.012656807667405,sao goncalo,6,1374.19,186.67,2,2,10.171691281732791,10.171691281732791,True
main,Agglomerative-average,10.0,24,-1,24471,-22.785600785156785,-43.04593640228686,sao goncalo,2,99.75,56.94,2,2,10.915378585004621,10.915378585004621,True
main,Agglomerative-average,10.0,24,-1,24472,-22.789315227589743,-43.03850388360695,sao goncalo,2,288.8,39.15,2,2,10.718914349359856,10.718914349359856,True
main,Agglomerative-average,10.0,24,-1,24473,-22.787988229533347,-43.03235624966042,sao goncalo,1,34.98,28.2,2,2,11.064132893508727,11.064132893508727,True
main,Agglomerative-average,10.0,24,-1,24474,-22.794969261024608,-43.02441434660769,sao goncalo,1,99.9,15.46,2,2,10.672047099454726,10.672047099454726,True
main,Agglomerative-average,10.0,24,-1,24475,-22.777267778897787,-43.027446308928425,sao goncalo,1,99.99,16.95,2,2,12.357088291256515,12.357088291256515,True
main,Agglomerative-average,10.0,24,-1,24711,-22.818906926534805,-42.99751196239111,sao goncalo,7,855.5600000000001,142.63,2,2,10.16701671506282,10.16701671506282,True
main,Agglomerative-average,10.0,24,-1,24715,-22.80276772976624,-42.99028180866455,sao goncalo,6,878.5,113.62,2,2,11.959655788973164,11.959655788973164,True
main,Agglomerative-average,10.0,24,-1,24716,-22.78988059417565,-43.00428047982366,sao goncalo,3,2863.9,102.5,2,2,12.192686171348441,12.192686171348441,True
main,Agglomerative-average,10.0,24,-1,24717,-22.808029904019023,-43.00303400236285,sao goncalo,4,309.69,99.39,2,2,10.652983285062211,10.652983285062211,True
main,Agglomerative-average,10.0,24,-1,24720,-22.813217838338208,-42.98741033222329,sao goncalo,3,207.69,38.63,2,2,11.358438543484752,11.358438543484752,True
main,Agglomerative-average,10.0,24,-1,24721,-22.801495702866447,-42.98390861201865,sao goncalo,1,138.0,100.56,2,2,12.515500856723108,12.515500856723108,True
main,Agglomerative-average,10.0,24,-1,24722,-22.796501747075485,-42.97622988470504,sao goncalo,9,1502.59,173.57,2,12,11.792754426842135,13.465476318876423,True
main,Agglomerative-average,10.0,24,-1,24723,-22.81762359087853,-42.94676360586466,sao goncalo,5,736.45,126.85,2,12,10.709667211316725,14.4850323833922,True
main,Agglomerative-average,10.0,24,-1,24724,-22.805769003517707,-42.95726724972363,sao goncalo,4,538.9,91.85,2,12,10.664732900386944,14.287904467505216,True
main,Agglomerative-average,10.0,24,-1,24725,-22.811456217228336,-42.97220863173352,sao goncalo,4,1169.4,82.64,2,12,12.28054388629525,12.682865804942054,True
main,Agglomerative-average,10.0,24,-1,24730,-22.829046912919456,-42.98784246443976,sao goncalo,3,437.99,82.68,2,2,10.234569138116589,10.234569138116589,True
main,Agglomerative-average,10.0,24,-1,24731,-22.822811422053213,-42.98685114650694,sao goncalo,2,320.62,44.27,2,2,10.723576982421893,10.723576982421893,True
main,Agglomerative-average,10.0,24,-1,24732,-22.827064469158785,-42.9738976624395,sao goncalo,3,450.77,48.41,2,2,11.553992511025081,11.553992511025081,True
main,Agglomerative-average,10.0,24,-1,24734,-22.829471848017025,-42.9607569973706,sao goncalo,1,39.9,15.79,2,2,12.598147455231135,12.598147455231135,True
main,Agglomerative-average,10.0,24,-1,24735,-22.845883873637536,-42.95426308031982,sao goncalo,1,26.7,15.11,2,6,11.952230284259683,12.50576311664756,True
main,Agglomerative-average,10.0,24,-1,24736,-22.820033389763783,-42.969922193443765,sao goncalo,5,783.98,78.11,2,2,12.317625492510624,12.317625492510624,True
main,Agglomerative-average,10.0,24,-1,24737,-22.84162388029282,-42.96231323222136,sao goncalo,1,117.3,22.29,2,2,11.892684514457686,11.892684514457686,True
main,Agglomerative-average,10.0,24,-1,24738,-22.851785749069546,-42.94354284297728,sao goncalo,5,132.06,77.15,2,6,10.766521248385255,13.377346397686068,True
main,Agglomerative-average,10.0,24,-1,24937,-22.95115200845083,-42.99376127553226,marica,2,269.98,30.54,6,2,11.03249992143547,11.67491091435297,True
main,Agglomerative-average,10.0,24,-1,25020,-22.778944166984587,-43.30862350738487,duque de caxias,5,623.55,121.74,0,11,10.044609909808868,11.098489666827318,True
main,Agglomerative-average,10.0,24,-1,25030,-22.7735214191938,-43.311396817507145,duque de caxias,1,89.99,17.88,0,11,10.651516080910628,10.73452829794474,True
main,Agglomerative-average,10.0,24,-1,25035,-22.755338688692213,-43.308531682770784,duque de caxias,14,1404.55,386.23,0,0,10.993631897795147,10.993631897795147,True
main,Agglomerative-average,10.0,24,-1,25036,-22.749595823587462,-43.316204756652816,duque de caxias,4,839.89,67.53999999999999,0,0,10.280975906777067,10.280975906777067,True
main,Agglomerative-average,10.0,24,-1,25040,-22.74090063654044,-43.31546716030017,duque de caxias,9,552.3,144.53,0,0,10.536634519997632,10.536634519997632,True
main,Agglomerative-average,10.0,24,-1,25041,-22.73578083363829,-43.31812761723224,duque de caxias,4,484.63,81.23,0,0,10.421126119380107,10.421126119380107,True
main,Agglomerative-average,10.0,24,-1,25042,-22.73591992474976,-43.3119360459995,duque de caxias,1,299.99,24.97,0,0,11.026425737862764,11.026425737862764,True
main,Agglomerative-average,10.0,24,-1,25045,-22.722818281793867,-43.3139157796674,duque de caxias,6,404.28,111.91,0,13,10.934100447905486,11.320338243195673,True
main,Agglomerative-average,10.0,24,-1,25046,-22.72351123290818,-43.32148642883789,duque de caxias,6,1793.04,201.38,0,0,10.57861081886963,10.57861081886963,True
main,Agglomerative-average,10.0,24,-1,25050,-22.753304486524154,-43.29699642294105,duque de caxias,3,264.8,50.08,0,20,12.120020188943421,12.190956539853643,True
main,Agglomerative-average,10.0,24,-1,25051,-22.761267896992525,-43.29298558604593,duque de caxias,2,88.97,30.57,0,20,11.342095259495316,12.557331470283431,True
main,Agglomerative-average,10.0,24,-1,25055,-22.75739662652191,-43.28166913009442,duque de caxias,4,608.69,91.52,0,20,10.533521083988477,13.729803630876297,True
main,Agglomerative-average,10.0,24,-1,25060,-22.76405759011258,-43.30041310063685,duque de caxias,12,1637.94,245.94,0,11,11.729798004775372,11.795348181011388,True
main,Agglomerative-average,10.0,24,-1,25065,-22.7574077930847,-43.28687072573676,duque de caxias,9,1005.27,165.84,0,20,10.991880757274917,13.196921134620304,True
main,Agglomerative-average,10.0,24,-1,25075,-22.77412502707916,-43.29092658055662,duque de caxias,3,403.9,27.15,0,20,10.583080821877036,12.828851418146446,True
main,Agglomerative-average,10.0,24,-1,25080,-22.759685746162333,-43.29297061113347,duque de caxias,3,295.64,63.72,0,20,11.420162657753625,12.562532644749817,True
main,Agglomerative-average,10.0,24,-1,25086,-22.754121943948885,-43.28647151207924,duque de caxias,2,139.79,49.49,0,20,11.143645415597925,13.259496192361667,True
main,Agglomerative-average,10.0,24,-1,25237,-22.753574853365865,-43.305893071458286,duque de caxias,1,49.9,18.0,0,0,11.279622488131695,11.279622488131695,True
main,Agglomerative-average,10.0,24,-1,25241,-22.571208,-43.31268449999998,duque de caxias,1,59.99,16.18,13,13,10.466489720462356,10.466489720462356,True
main,Agglomerative-average,10.0,24,-1,26053,-22.676424784708487,-43.46514837118791,nova iguacu,2,271.99,49.42,0,0,10.87211752173636,10.87211752173636,True
main,Agglomerative-average,10.0,24,-1,26062,-22.6632991804878,-43.42190649887993,nova iguacu,1,134.9,23.81,0,0,11.08206270870183,11.08206270870183,True
main,Agglomerative-average,10.0,24,-1,26080,-22.72546659818089,-43.5110829974867,nova iguacu,5,558.6800000000001,110.64,0,0,10.64942205942702,10.64942205942702,True
main,Agglomerative-average,10.0,24,-1,26083,-22.73962521457062,-43.51130348349012,nova iguacu,6,578.48,127.62,0,0,10.161552549377939,10.161552549377939,True
main,Agglomerative-average,10.0,24,-1,26084,-22.7288301166658,-43.51662859381047,nova iguacu,3,174.99,47.4,0,0,11.041836029981877,11.041836029981877,True
main,Agglomerative-average,10.0,24,-1,26085,-22.7378823853966,-43.540626520424674,nova iguacu,2,176.86,43.99,0,10,11.336752241026437,13.1320437252917,True
main,Agglomerative-average,10.0,24,-1,26086,-22.727495091333505,-43.52334987524174,nova iguacu,5,398.8,117.61,0,0,11.740745475827177,11.740745475827177,True
main,Agglomerative-average,10.0,24,-1,26087,-22.716288877191023,-43.51530571258531,nova iguacu,14,2048.68,290.33,0,0,11.472124793185078,11.472124793185078,True
main,Agglomerative-average,10.0,24,-1,26088,-22.709994584521123,-43.52081425760519,nova iguacu,5,417.02,159.08999999999995,0,10,11.42955083981666,12.297626235256926,True
main,Agglomerative-average,10.0,24,-1,26185,-22.71230675457505,-43.3346366040831,belford roxo,3,412.7000000000001,204.06,0,0,10.008889559452818,10.008889559452818,True
main,Agglomerative-average,10.0,24,-1,26270,-22.771786935706576,-43.513737001536,nova iguacu,2,153.65,27.71,0,0,10.1277963984353,10.1277963984353,True
main,Agglomerative-average,10.0,24,-1,26271,-22.76538805577464,-43.513740263369385,nova iguacu,3,551.96,46.46,0,0,10.082927613800148,10.082927613800148,True
main,Agglomerative-average,10.0,24,-1,26279,-22.746340793942444,-43.51599943467023,nova iguacu,3,704.5,56.72,0,0,10.471982023376404,10.471982023376404,True
main,Agglomerative-average,10.0,24,-1,26290,-22.7692389862532,-43.52530849381608,nova iguacu,12,2442.91,211.53,0,0,11.287587016539307,11.287587016539307,True
main,Agglomerative-average,10.0,24,-1,26291,-22.775922205954583,-43.53552518598715,nova iguacu,4,1112.41,89.05,0,1,12.277268298237866,12.39835224028695,True
main,Agglomerative-average,10.0,24,-1,26330,-22.73569440043516,-43.542197211853576,queimados,2,224.9,42.96,0,10,11.055573409067254,13.342445486292204,True
main,Agglomerative-average,10.0,24,-1,26600,-22.61483382699214,-43.705683375748585,paracambi,35,6571.96,944.27,10,10,10.453491973619895,10.453491973619895,True
main,Agglomerative-average,5.0,53,-1,20932,-22.85332248950828,-43.397360098269154,rio de janeiro,1,140.0,15.73,3,19,6.097539475451097,6.318219818673286,True
main,Agglomerative-average,5.0,53,-1,21011,-22.827727546600816,-43.2864223207302,rio de janeiro,16,1599.55,367.77,3,3,5.992029096669606,5.992029096669606,True
main,Agglomerative-average,5.0,53,-1,21020,-22.835828487618876,-43.27614378416555,rio de janeiro,33,5932.27,761.39,3,39,5.425354774826384,6.534536781304802,True
main,Agglomerative-average,5.0,53,-1,21240,-22.8111210300632,-43.32621279907767,rio de janeiro,7,1125.97,136.45,3,3,5.150648211988351,5.150648211988351,True
main,Agglomerative-average,5.0,53,-1,21241,-22.81349696231808,-43.30803677134236,rio de janeiro,4,371.8,89.58,3,34,5.055375429616065,5.572901749279045,True
main,Agglomerative-average,5.0,53,-1,21615,-22.86209078632198,-43.39136925868886,rio de janeiro,17,2248.31,378.72,3,3,5.726464629385056,5.726464629385056,True
main,Agglomerative-average,5.0,53,-1,21616,-22.85387973916863,-43.39680943222229,rio de janeiro,10,1153.7,199.25,3,19,6.122592764524508,6.258586184363543,True
main,Agglomerative-average,5.0,53,-1,21740,-22.88433305340309,-43.387504877344114,rio de janeiro,10,2002.6,264.68,19,3,6.130042408083707,6.576332818260627,True
main,Agglomerative-average,5.0,53,-1,21741,-22.88962788350659,-43.395124429249634,rio de janeiro,6,859.59,206.53,19,19,5.917226230817297,5.917226230817297,True
main,Agglomerative-average,5.0,53,-1,21854,-22.845556518964184,-43.49501645648064,rio de janeiro,1,79.98,30.46,19,19,5.67586883562399,5.67586883562399,True
main,Agglomerative-average,5.0,53,-1,21941,-22.8338340042933,-43.24885668973881,rio de janeiro,21,6635.849999999999,515.45,39,39,6.279119102063728,6.279119102063728,True
main,Agglomerative-average,5.0,53,-1,22452,-22.952645498107493,-43.30267070542142,rio de janeiro,2,145.88,55.7,8,28,5.600178259855259,7.112603074682836,True
main,Agglomerative-average,5.0,53,-1,22793,-23.00061899109568,-43.40471828456725,rio de janeiro,116,16054.06,2801.79,8,15,6.074588939724234,6.56934590440999,True
main,Agglomerative-average,5.0,53,-1,23010,-22.885872200386764,-43.51372891804045,rio de janeiro,10,2100.65,230.17,27,27,5.190667919166168,5.190667919166168,True
main,Agglomerative-average,5.0,53,-1,23067,-22.88243614479021,-43.61658346798473,rio de janeiro,2,477.99,166.6,4,4,5.244893314436517,5.244893314436517,True
main,Agglomerative-average,5.0,53,-1,23097,-22.85109676327036,-43.53613869095038,rio de janeiro,8,2435.26,129.27,27,27,5.716649673626987,5.716649673626987,True
main,Agglomerative-average,5.0,53,-1,23098,-22.870188890670534,-43.52187688533317,rio de janeiro,2,478.91,102.69,27,27,5.116824100204326,5.116824100204326,True
main,Agglomerative-average,5.0,53,-1,23560,-22.898979722466947,-43.69930833968601,rio de janeiro,19,3971.18,343.15,4,4,5.034774549185108,5.034774549185108,True
main,Agglomerative-average,5.0,53,-1,23826,-22.89560484133116,-43.84587026303256,itaguai,4,246.45,77.39,20,20,6.6061157974916425,6.6061157974916425,True
main,Agglomerative-average,5.0,53,-1,24141,-22.87816915718994,-43.05564163085743,niteroi,4,373.79,109.26,18,18,5.109709715229598,5.109709715229598,True
main,Agglomerative-average,5.0,53,-1,24475,-22.777267778897787,-43.027446308928425,sao goncalo,1,99.99,16.95,23,23,6.175514813741177,6.175514813741177,True
main,Agglomerative-average,5.0,53,-1,24723,-22.81762359087853,-42.94676360586466,sao goncalo,5,736.45,126.85,11,11,5.4192889392418,5.4192889392418,True
main,Agglomerative-average,5.0,53,-1,24735,-22.845883873637536,-42.95426308031982,sao goncalo,1,26.7,15.11,11,11,5.043655948422165,5.043655948422165,True
main,Agglomerative-average,5.0,53,-1,24738,-22.851785749069546,-42.94354284297728,sao goncalo,5,132.06,77.15,11,11,6.3184556937964205,6.3184556937964205,True
main,Agglomerative-average,5.0,53,-1,24846,-22.71538558398837,-42.80638584132024,itaborai,2,153.8,30.58,5,5,6.128006926277294,6.128006926277294,True
main,Agglomerative-average,5.0,53,-1,24876,-22.7125342435385,-42.89540473111652,itaborai,3,334.0,39.74,5,5,5.168644293613353,5.168644293613353,True
main,Agglomerative-average,5.0,53,-1,24944,-22.895520218492944,-42.93694066986552,marica,5,280.3,84.59,13,13,5.100202209430759,5.100202209430759,True
main,Agglomerative-average,5.0,53,-1,25045,-22.722818281793867,-43.3139157796674,duque de caxias,6,404.28,111.91,9,34,5.165203003147784,5.847435719915379,True
main,Agglomerative-average,5.0,53,-1,25046,-22.72351123290818,-43.32148642883789,duque de caxias,6,1793.04,201.38,9,9,5.080059872439248,5.080059872439248,True
main,Agglomerative-average,5.0,53,-1,25235,-22.70286437220505,-43.31600017753463,duque de caxias,3,527.9,63.54,38,38,5.690117912728164,5.690117912728164,True
main,Agglomerative-average,5.0,53,-1,25581,-22.788457368960326,-43.34709777532829,sao joao de meriti,2,270.7,101.66,1,34,5.016394424496597,5.4203207859213745,True
main,Agglomerative-average,5.0,53,-1,25710,-22.475562635890437,-43.148370152985294,petropolis,16,2736.4,646.96,21,21,5.35917057303148,5.35917057303148,True
main,Agglomerative-average,5.0,53,-1,25940,-22.617931893774944,-43.00412879602773,guapimirim,4,527.7,116.4,22,22,6.151837255478808,6.151837255478808,True
main,Agglomerative-average,5.0,53,-1,26050,-22.692333946397017,-43.4678329284204,nova iguacu,4,370.59,85.26,24,24,5.630382609076319,5.630382609076319,True
main,Agglomerative-average,5.0,53,-1,26292,-22.765111723156878,-43.559026201122336,nova iguacu,6,1152.69,121.1,10,10,5.07790754061223,5.07790754061223,True
main,Agglomerative-average,5.0,53,-1,26413,-22.696333434498968,-43.626641384369336,japeri,1,56.99,15.15,7,7,5.144350490040472,5.144350490040472,True
main,Agglomerative-average,5.0,53,-1,26440,-22.6438955448154,-43.64300824279504,japeri,4,252.61,78.17,2,2,5.345896058296031,5.345896058296031,True
main,Agglomerative-average,5.0,53,-1,26450,-22.663207630218253,-43.610776285393406,japeri,1,229.99,18.86,7,7,5.645116083651528,5.645116083651528,True
main,Agglomerative-average,5.0,53,-1,26453,-22.66951051838989,-43.61452547990683,japeri,3,232.66000000000005,52.92999999999999,7,7,5.376958388970466,5.376958388970466,True
main,Agglomerative-average,3.0,99,-1,20220,-22.899829533909223,-43.20080433539784,rio de janeiro,17,1928.84,431.13,77,77,3.0326863782264724,3.0326863782264724,True
main,Agglomerative-average,3.0,99,-1,20740,-22.89620288125079,-43.31266061354411,rio de janeiro,11,980.23,257.93,10,10,3.131784122118302,3.131784122118302,True
main,Agglomerative-average,3.0,99,-1,20750,-22.87518071840644,-43.30082797736797,rio de janeiro,5,983.78,166.89,10,10,3.1594956755236323,3.1594956755236323,True
main,Agglomerative-average,3.0,99,-1,20761,-22.870098149013963,-43.2972179170696,rio de janeiro,1,74.99,17.16,10,10,3.444244071188757,3.444244071188757,True
main,Agglomerative-average,3.0,99,-1,20765,-22.87067512100277,-43.28612468627153,rio de janeiro,8,1218.54,396.61,10,10,3.0416273642713914,3.0416273642713914,True
main,Agglomerative-average,3.0,99,-1,20766,-22.865673065092224,-43.28931782004312,rio de janeiro,5,537.49,108.56,10,19,3.0828622219868387,3.6452888812932502,True
main,Agglomerative-average,3.0,99,-1,20911,-22.89314885311464,-43.242201014642525,rio de janeiro,8,552.91,168.74,10,17,3.046673536759157,4.122909407801427,True
main,Agglomerative-average,3.0,99,-1,20930,-22.889979653251217,-43.22883289161473,rio de janeiro,3,371.88,85.7,17,17,3.3325251977336565,3.3325251977336565,True
main,Agglomerative-average,3.0,99,-1,20931,-22.880476502680093,-43.21772315263865,rio de janeiro,11,1466.49,213.49,17,17,4.65998641001609,4.65998641001609,True
main,Agglomerative-average,3.0,99,-1,20932,-22.85332248950828,-43.397360098269154,rio de janeiro,1,140.0,15.73,4,4,3.0304056841082296,3.0304056841082296,True
main,Agglomerative-average,3.0,99,-1,20975,-22.89442355697212,-43.251622708261415,rio de janeiro,3,468.89,66.58,10,10,3.1477037364951768,3.1477037364951768,True
main,Agglomerative-average,3.0,99,-1,21236,-22.8396852659843,-43.33712480023102,rio de janeiro,1,65.99,14.21,4,58,3.009742859670709,3.34833619062704,True
main,Agglomerative-average,3.0,99,-1,21240,-22.8111210300632,-43.32621279907767,rio de janeiro,7,1125.97,136.45,58,58,3.3229407855692097,3.3229407855692097,True
main,Agglomerative-average,3.0,99,-1,21370,-22.87000636720115,-43.32004486324283,rio de janeiro,4,407.1,82.9,16,16,3.3608859950175343,3.3608859950175343,True
main,Agglomerative-average,3.0,99,-1,21380,-22.88331793518069,-43.31951190668025,rio de janeiro,19,2926.74,476.49,16,16,3.2296201078619444,3.2296201078619444,True
main,Agglomerative-average,3.0,99,-1,21381,-22.87907528708003,-43.314672063074205,rio de janeiro,8,2280.59,197.33,16,16,3.711202763536149,3.711202763536149,True
main,Agglomerative-average,3.0,99,-1,21535,-22.8194481093076,-43.35408490190018,rio de janeiro,2,92.89,35.27,4,4,3.1962707686813805,3.1962707686813805,True
main,Agglomerative-average,3.0,99,-1,21650,-22.816850689474528,-43.374314532417216,rio de janeiro,5,475.78,128.24,4,4,3.115717999056596,3.115717999056596,True
main,Agglomerative-average,3.0,99,-1,21740,-22.88433305340309,-43.387504877344114,rio de janeiro,10,2002.6,264.68,8,8,3.6635048603757574,3.6635048603757574,True
main,Agglomerative-average,3.0,99,-1,21832,-22.894998640111965,-43.490836960215546,rio de janeiro,9,731.6899999999999,193.47,32,32,3.1458089767907356,3.1458089767907356,True
main,Agglomerative-average,3.0,99,-1,21854,-22.845556518964184,-43.49501645648064,rio de janeiro,1,79.98,30.46,32,32,3.745589826445892,3.745589826445892,True
main,Agglomerative-average,3.0,99,-1,21932,-22.80486286271774,-43.22572822631956,rio de janeiro,4,789.78,126.70999999999998,9,9,3.267474924527236,3.267474924527236,True
main,Agglomerative-average,3.0,99,-1,22431,-22.98284371340203,-43.22474000720175,rio de janeiro,22,2425.57,521.35,12,12,3.0180057555194253,3.0180057555194253,True
main,Agglomerative-average,3.0,99,-1,22441,-22.98416017609255,-43.22495474880264,rio de janeiro,26,3258.18,576.96,12,12,3.112491036087457,3.112491036087457,True
main,Agglomerative-average,3.0,99,-1,22450,-22.986493696399247,-43.23306806247369,rio de janeiro,39,5424.54,867.01,12,50,3.112060794677386,3.9598956655686104,True
main,Agglomerative-average,3.0,99,-1,22451,-22.97841522971715,-43.23772919271784,rio de janeiro,56,9533.01,1393.15,12,50,3.134542319088127,4.071606915872419,True
main,Agglomerative-average,3.0,99,-1,22452,-22.952645498107493,-43.30267070542142,rio de janeiro,2,145.88,55.7,1,95,3.3691165646118026,3.8780795215241275,True
main,Agglomerative-average,3.0,99,-1,22611,-23.008068841447862,-43.29861176534447,rio de janeiro,8,977.64,154.16,11,11,3.607200488906092,3.607200488906092,True
main,Agglomerative-average,3.0,99,-1,22641,-22.986105098852665,-43.31152067063231,rio de janeiro,6,650.19,204.85,11,11,3.094070326983273,3.094070326983273,True
main,Agglomerative-average,3.0,99,-1,22783,-22.984082408782115,-43.44889019919411,rio de janeiro,44,5413.76,990.75,13,13,3.160693822658841,3.160693822658841,True
main,Agglomerative-average,3.0,99,-1,23010,-22.885872200386764,-43.51372891804045,rio de janeiro,10,2100.65,230.17,38,38,3.1714360511574182,3.1714360511574182,True
main,Agglomerative-average,3.0,99,-1,23065,-22.88293828358117,-43.625086210988606,rio de janeiro,9,843.28,229.3,0,0,3.2293220170717456,3.2293220170717456,True
main,Agglomerative-average,3.0,99,-1,23067,-22.88243614479021,-43.61658346798473,rio de janeiro,2,477.99,166.6,0,0,3.4271117566805915,3.4271117566805915,True
main,Agglomerative-average,3.0,99,-1,23525,-22.94503552262656,-43.67692431410214,rio de janeiro,5,470.63,61.82,28,28,3.004807101915167,3.004807101915167,True
main,Agglomerative-average,3.0,99,-1,23560,-22.898979722466947,-43.69930833968601,rio de janeiro,19,3971.18,343.15,28,28,3.1104087330441796,3.1104087330441796,True
main,Agglomerative-average,3.0,99,-1,23565,-22.897761741341185,-43.69665951306267,rio de janeiro,2,76.99000000000001,37.64,28,28,3.0171316097972642,3.0171316097972642,True
main,Agglomerative-average,3.0,99,-1,23893,-22.71072154468618,-43.69140232860298,seropedica,2,309.9,43.75,5,5,3.498729457991359,3.498729457991359,True
main,Agglomerative-average,3.0,99,-1,24344,-22.93685983573083,-43.01491522990823,niteroi,10,2482.99,294.22,2,2,3.1319345099837386,3.1319345099837386,True
main,Agglomerative-average,3.0,99,-1,24348,-22.970402738373885,-43.03213294708582,niteroi,5,414.14,88.77,2,2,3.106978510106694,3.106978510106694,True
main,Agglomerative-average,3.0,99,-1,24475,-22.777267778897787,-43.027446308928425,sao goncalo,1,99.99,16.95,79,79,3.6658259661834673,3.6658259661834673,True
main,Agglomerative-average,3.0,99,-1,24716,-22.78988059417565,-43.00428047982366,sao goncalo,3,2863.9,102.5,49,49,3.100955794394094,3.100955794394094,True
main,Agglomerative-average,3.0,99,-1,24802,-22.729006918491564,-42.83466835876695,itaborai,1,199.0,21.66,57,57,3.1599709635434863,3.1599709635434863,True
main,Agglomerative-average,3.0,99,-1,24813,-22.75411758328793,-42.88883553024611,itaborai,1,260.0,37.42,57,57,3.3151202979198007,3.3151202979198007,True
main,Agglomerative-average,3.0,99,-1,24937,-22.95115200845083,-42.99376127553226,marica,2,269.98,30.54,24,24,3.0283930213251473,3.0283930213251473,True
main,Agglomerative-average,3.0,99,-1,25085,-22.79583417251553,-43.291526151554045,duque de caxias,1,259.0,16.69,34,34,3.299597315287572,3.299597315287572,True
main,Agglomerative-average,3.0,99,-1,25241,-22.571208,-43.31268449999998,duque de caxias,1,59.99,16.18,7,7,3.7298301050495635,3.7298301050495635,True
main,Agglomerative-average,3.0,99,-1,25571,-22.764428655824528,-43.34634958376359,sao joao de meriti,4,540.89,62.34,55,55,3.2692502478373693,3.2692502478373693,True
main,Agglomerative-average,3.0,99,-1,25575,-22.770524738786182,-43.34087058368249,sao joao de meriti,2,219.97,76.73,55,55,3.2166002451343436,3.2166002451343436,True
main,Agglomerative-average,3.0,99,-1,25630,-22.52424789468128,-43.161617138310994,petropolis,3,239.22000000000003,74.35,27,27,3.355402364681587,3.355402364681587,True
main,Agglomerative-average,3.0,99,-1,25670,-22.489507019910214,-43.210414436144696,petropolis,1,103.9,16.32,27,27,3.3965982111451596,3.3965982111451596,True
main,Agglomerative-average,3.0,99,-1,25680,-22.48963724197897,-43.18376265001703,petropolis,12,1880.45,494.18,27,27,3.0108251579469067,3.0108251579469067,True
main,Agglomerative-average,3.0,99,-1,25905,-22.661390928999936,-43.03525083599993,mage,2,204.75000000000003,71.47,33,33,3.060837454438341,3.060837454438341,True
main,Agglomerative-average,3.0,99,-1,25907,-22.63855440197675,-43.16000184562523,mage,1,3.54,14.1,15,15,3.1970479158726017,3.1970479158726017,True
main,Agglomerative-average,3.0,99,-1,26031,-22.733144913944965,-43.47564299726109,nova iguacu,4,339.29,82.65,18,6,3.1701983662103186,3.370067638100598,True
main,Agglomerative-average,3.0,99,-1,26032,-22.73116848461293,-43.4796971945155,nova iguacu,5,382.69,84.94,18,6,3.3711689012039696,3.8282271363078326,True
main,Agglomerative-average,3.0,99,-1,26052,-22.682661738953115,-43.44763426447411,nova iguacu,7,912.53,204.37,6,61,3.406407555327308,3.579553722892131,True
main,Agglomerative-average,3.0,99,-1,26053,-22.676424784708487,-43.46514837118791,nova iguacu,2,271.99,49.42,6,6,4.445989903583037,4.445989903583037,True
main,Agglomerative-average,3.0,99,-1,26110,-22.755672493046596,-43.36930490702333,belford roxo,3,340.98,43.0,3,29,3.2696822982933624,4.662522320568672,True
main,Agglomerative-average,3.0,99,-1,26170,-22.735308724256505,-43.3689986253974,belford roxo,1,12.99,15.23,3,29,3.028975124523576,3.7112578388687107,True
main,Agglomerative-average,3.0,99,-1,26172,-22.727797274174065,-43.36988532052452,belford roxo,1,56.99,15.15,3,29,3.2575421581092114,3.7662300173386636,True
main,Agglomerative-average,3.0,99,-1,26178,-22.71708005610544,-43.37621943740937,belford roxo,4,344.6,86.10999999999999,29,29,3.543410556685783,3.543410556685783,True
main,Agglomerative-average,3.0,99,-1,26196,-22.74788950490292,-43.365239469417695,belford roxo,1,170.0,18.44,3,29,3.379890607313635,3.829239645136219,True
main,Agglomerative-average,3.0,99,-1,26280,-22.74345546985677,-43.48205928698698,nova iguacu,5,487.77,133.49,18,86,3.0561741969685983,3.3561439528298873,True
main,P-Median,10.0,23,-1,23810,-22.87093410934107,-43.76901268302672,itaguai,10,1477.67,210.63,7,7,13.200655449450235,13.200655449450235,True
main,P-Median,10.0,23,-1,23811,-22.864749343835488,-43.76730098420256,itaguai,5,573.14,105.33,7,7,13.449592315634847,13.449592315634847,True
main,P-Median,10.0,23,-1,23812,-22.872059666972863,-43.77093362835852,itaguai,5,793.85,136.33,7,7,13.297750185008958,13.297750185008958,True
main,P-Median,10.0,23,-1,23815,-22.86867015326329,-43.78013952780047,itaguai,4,995.88,106.03,7,7,14.297005939959623,14.297005939959623,True
main,P-Median,10.0,23,-1,23820,-22.862780471644363,-43.78526762819197,itaguai,4,522.4,106.66,7,7,15.0909490961546,15.0909490961546,True
main,P-Median,10.0,23,-1,23821,-22.870305329108017,-43.79064137470553,itaguai,1,249.9,36.88,7,7,15.13360417916932,15.13360417916932,True
main,P-Median,10.0,23,-1,23822,-22.861638585933974,-43.79342663064544,itaguai,1,247.0,19.61,7,7,15.866172838302553,15.866172838302553,True
main,P-Median,10.0,23,-1,23825,-22.885828313712477,-43.82785584819327,itaguai,4,375.05,52.02,7,7,17.947407291776884,17.947407291776884,True
main,P-Median,10.0,23,-1,23826,-22.89560484133116,-43.84587026303256,itaguai,4,246.45,77.39,7,7,19.426588506507034,19.426588506507034,True
main,P-Median,10.0,23,-1,23830,-22.8458671869452,-43.78333380428192,itaguai,2,258.0,126.25,7,7,16.032347613432957,16.032347613432957,True
main,P-Median,10.0,23,-1,23831,-22.876635031970025,-43.80985126698182,itaguai,3,234.8,52.26,7,7,16.58780442169863,16.58780442169863,True
main,P-Median,10.0,23,-1,23832,-22.85534509298971,-43.76583456328473,itaguai,1,89.0,15.37,7,7,13.978048834771272,13.978048834771272,True
main,P-Median,10.0,23,-1,23855,-22.86387076999147,-43.7592342671893,itaguai,2,59.4,35.02,7,7,12.853467665475396,12.853467665475396,True
main,P-Median,10.0,23,-1,23890,-22.787688375690134,-43.64890166112607,seropedica,3,218.6,62.87,22,22,15.003764387196886,15.003764387196886,True
main,P-Median,10.0,23,-1,23893,-22.71072154468618,-43.69140232860298,seropedica,2,309.9,43.75,21,21,10.762468500970497,10.762468500970497,True
main,P-Median,10.0,23,-1,23894,-22.74100679492528,-43.6998298199384,seropedica,9,820.27,181.35,21,21,14.042661373451415,14.042661373451415,True
main,P-Median,10.0,23,-1,23895,-22.746274001626645,-43.708503424610186,seropedica,9,1833.81,411.09,21,21,14.618364215385649,14.618364215385649,True
main,P-Median,10.0,23,-1,23897,-22.792366849451536,-43.662640119980665,seropedica,2,144.98,33.01,22,22,15.44747312530992,15.44747312530992,True
main,P-Median,10.0,23,-1,23898,-22.80791081625367,-43.644304412473865,seropedica,8,1063.59,133.13,22,22,12.918502115738656,12.918502115738656,True
main,P-Median,10.0,23,-1,24344,-22.93685983573083,-43.01491522990823,niteroi,10,2482.99,294.22,1,1,10.146922912661624,10.146922912661624,True
main,P-Median,10.0,23,-1,24348,-22.970402738373885,-43.03213294708582,niteroi,5,414.14,88.77,1,1,10.704204646520179,10.704204646520179,True
main,P-Median,10.0,23,-1,24800,-22.74248129310771,-42.85721075258665,itaborai,10,1027.89,195.82,8,8,18.95046947037582,18.95046947037582,True
main,P-Median,10.0,23,-1,24801,-22.7395793666599,-42.84701335677763,itaborai,2,254.98,41.36,8,8,20.02535664319172,20.02535664319172,True
main,P-Median,10.0,23,-1,24802,-22.729006918491564,-42.83466835876695,itaborai,1,199.0,21.66,18,18,21.073613581227068,21.073613581227068,True
main,P-Median,10.0,23,-1,24804,-22.747090526611107,-42.84342210737453,itaborai,3,269.70000000000005,59.760000000000005,13,13,19.18782953773342,19.18782953773342,True
main,P-Median,10.0,23,-1,24805,-22.73533148939793,-42.83883774259336,itaborai,1,53.9,22.96,13,13,20.49199725225774,20.49199725225774,True
main,P-Median,10.0,23,-1,24808,-22.75677623430587,-42.855419742696405,itaborai,12,1489.52,289.06,13,13,18.17792129003349,18.17792129003349,True
main,P-Median,10.0,23,-1,24812,-22.75019628085652,-42.87187716603211,itaborai,6,1169.7,194.99,8,8,17.21959205558593,17.21959205558593,True
main,P-Median,10.0,23,-1,24813,-22.75411758328793,-42.88883553024611,itaborai,1,260.0,37.42,8,8,15.486661609384562,15.486661609384562,True
main,P-Median,10.0,23,-1,24830,-22.7113078008679,-42.87331425316652,itaborai,1,45.9,15.56,8,8,19.519201221675583,19.519201221675583,True
main,P-Median,10.0,23,-1,24846,-22.71538558398837,-42.80638584132024,itaborai,2,153.8,30.58,18,18,18.092019346881663,18.092019346881663,True
main,P-Median,10.0,23,-1,24855,-22.773459679480904,-42.91565441771825,itaborai,3,485.88,69.33,8,8,12.042600879844299,12.042600879844299,True
main,P-Median,10.0,23,-1,24856,-22.75807913856637,-42.91063311206234,itaborai,1,145.0,15.76,8,8,13.347246261024056,13.347246261024056,True
main,P-Median,10.0,23,-1,24858,-22.77209935726771,-42.92264307986124,itaborai,6,512.78,120.95,8,8,11.484943190121134,11.484943190121134,True
main,P-Median,10.0,23,-1,24859,-22.77340230558587,-42.90984766620826,itaborai,2,57.9,38.85,8,8,12.577210941194782,12.577210941194782,True
main,P-Median,10.0,23,-1,24866,-22.73373117887529,-42.93276530734327,itaborai,2,95.9,33.52,8,8,13.376955626271366,13.376955626271366,True
main,P-Median,10.0,23,-1,24876,-22.7125342435385,-42.89540473111652,itaborai,3,334.0,39.74,8,8,17.73728270898471,17.73728270898471,True
main,P-Median,10.0,23,-1,24890,-22.73521870942802,-42.727847609078914,tangua,6,504.88,131.16,18,18,10.360342865340115,10.360342865340115,True
main,P-Median,10.0,23,-1,24922,-22.94856570290517,-42.70343236618995,marica,2,78.9,30.700000000000003,13,13,14.329920998283052,14.329920998283052,True
main,P-Median,10.0,23,-1,24935,-22.95097062040013,-42.94683341061871,marica,6,691.6,118.01,13,13,11.502807067614032,11.502807067614032,True
main,P-Median,10.0,23,-1,24936,-22.954278207609654,-42.96711894755224,marica,16,2305.71,344.86,13,13,13.59661412198706,13.59661412198706,True
main,P-Median,10.0,23,-1,24937,-22.95115200845083,-42.99376127553226,marica,2,269.98,30.54,1,1,12.764036191935817,12.764036191935817,True
main,P-Median,10.0,23,-1,24940,-22.92600502136488,-42.940013982950965,marica,2,254.0,69.69,13,13,10.288927108255866,10.288927108255866,True
main,P-Median,10.0,23,-1,24944,-22.895520218492944,-42.93694066986552,marica,5,280.3,84.59,13,13,10.305222759760541,10.305222759760541,True
main,P-Median,10.0,23,-1,25211,-22.67066808633434,-43.26255563331919,duque de caxias,3,649.9,94.62,4,4,10.451959965004919,10.451959965004919,True
main,P-Median,10.0,23,-1,25212,-22.676473601000435,-43.25702002542332,duque de caxias,9,1436.97,288.01,17,17,10.238082278310785,10.238082278310785,True
main,P-Median,10.0,23,-1,25220,-22.685430142678285,-43.24665539237965,duque de caxias,4,353.45000000000005,64.16,17,17,10.035150911485502,10.035150911485502,True
main,P-Median,10.0,23,-1,25240,-22.645633194906285,-43.28709135535513,duque de caxias,9,854.27,155.09,4,4,11.500452885607785,11.500452885607785,True
main,P-Median,10.0,23,-1,25241,-22.571208,-43.31268449999998,duque de caxias,1,59.99,16.18,4,4,14.524437410123667,14.524437410123667,True
main,P-Median,10.0,23,-1,25243,-22.659524930411084,-43.296332311051046,duque de caxias,2,154.9,24.08,17,17,10.727256088838413,10.727256088838413,True
main,P-Median,10.0,23,-1,25245,-22.59128608480469,-43.312298090959736,duque de caxias,4,1164.39,183.36,4,4,13.87909765498305,13.87909765498305,True
main,P-Median,10.0,23,-1,25250,-22.60728606434383,-43.29857473776487,duque de caxias,13,1324.26,320.51,4,4,12.234197867203257,12.234197867203257,True
main,P-Median,10.0,23,-1,25251,-22.65410603965445,-43.27799273062863,duque de caxias,3,234.85,48.42,4,4,10.93903493496299,10.93903493496299,True
main,P-Median,10.0,23,-1,25253,-22.612060153892077,-43.28185276890751,duque de caxias,2,96.0,45.620000000000005,4,4,10.488546072919823,10.488546072919823,True
main,P-Median,10.0,23,-1,25255,-22.644539050348147,-43.27860193918141,duque de caxias,9,663.6899999999999,140.77,4,4,10.63179383687,10.63179383687,True
main,P-Median,10.0,23,-1,25260,-22.65362737697551,-43.27588967098969,duque de caxias,3,414.8,52.69,4,4,10.71952787296396,10.71952787296396,True
main,P-Median,10.0,23,-1,25268,-22.652696249418973,-43.2761256498613,duque de caxias,5,531.85,130.26999999999998,4,4,10.701878537841896,10.701878537841896,True
main,P-Median,10.0,23,-1,25730,-22.408608081087024,-43.13140914649253,petropolis,18,2144.82,552.5,3,3,12.1722980861503,12.1722980861503,True
main,P-Median,10.0,23,-1,25740,-22.374645351841945,-43.12909370218015,petropolis,4,350.20000000000005,103.3,3,3,15.811086269706001,15.811086269706001,True
main,P-Median,10.0,23,-1,25745,-22.3915193770552,-43.10829358749547,petropolis,6,538.43,135.37,3,3,14.895135340677488,14.895135340677488,True
main,P-Median,10.0,23,-1,25750,-22.33852928975817,-43.12899883949998,petropolis,10,1118.48,243.37,3,3,19.68016221159499,19.68016221159499,True
main,P-Median,10.0,23,-1,25770,-22.26889273967007,-43.07681259121553,petropolis,5,457.79,154.81,3,3,28.687629604511976,28.687629604511976,True
main,P-Median,10.0,23,-1,25900,-22.651419516496585,-43.06655787630402,mage,18,1902.22,408.59,4,4,12.269609269981894,12.269609269981894,True
main,P-Median,10.0,23,-1,25901,-22.648338600540264,-43.0583437917855,mage,9,1310.87,168.63,4,4,12.97148238815126,12.97148238815126,True
main,P-Median,10.0,23,-1,25903,-22.641865834980965,-43.07245208309176,mage,3,289.88,49.1,4,4,11.384491914839538,11.384491914839538,True
main,P-Median,10.0,23,-1,25904,-22.65181465633809,-43.05361261025339,mage,1,1499.99,21.76,4,4,13.547221464694134,13.547221464694134,True
main,P-Median,10.0,23,-1,25905,-22.661390928999936,-43.03525083599993,mage,2,204.75000000000003,71.47,4,4,15.668078384665833,15.668078384665833,True
main,P-Median,10.0,23,-1,25911,-22.55907208815268,-43.044923138517305,mage,4,526.49,131.57,3,3,14.463495993886488,14.463495993886488,True
main,P-Median,10.0,23,-1,25912,-22.57019403842886,-43.058745435694526,mage,1,64.99,27.51,4,4,13.424025269831994,13.424025269831994,True
main,P-Median,10.0,23,-1,25914,-22.59381281247852,-43.06930284283151,mage,3,203.8,73.78,4,4,11.60217244816972,11.60217244816972,True
main,P-Median,10.0,23,-1,25925,-22.69368277179141,-43.10979273572445,mage,2,174.99,30.58,4,4,11.237741727564556,11.237741727564556,True
main,P-Median,10.0,23,-1,25928,-22.63601681822644,-43.02534331618508,mage,1,379.8,38.42,4,4,16.005150400658202,16.005150400658202,True
main,P-Median,10.0,23,-1,25940,-22.617931893774944,-43.00412879602773,guapimirim,4,527.7,116.4,4,4,18.02853573456531,18.02853573456531,True
main,P-Median,10.0,23,-1,25943,-22.55101493109428,-42.98442049906716,guapimirim,3,129.9,47.22,3,3,20.136948757424015,20.136948757424015,True
main,P-Median,10.0,23,-1,25945,-22.528934117386,-42.98544280263765,guapimirim,1,124.99,14.62,3,3,19.626705762581892,19.626705762581892,True
main,P-Median,10.0,23,-1,25946,-22.527718078493137,-42.97826627951071,guapimirim,11,1815.77,266.41,3,3,20.346572422516328,20.346572422516328,True
main,P-Median,10.0,23,-1,25949,-22.51454665728784,-42.96902750677734,guapimirim,2,368.9,35.08,3,3,21.20885951647919,21.20885951647919,True
main,P-Median,10.0,23,-1,26291,-22.775922205954583,-43.53552518598715,nova iguacu,4,1112.41,89.05,6,6,10.01510253364013,10.01510253364013,True
main,P-Median,10.0,23,-1,26292,-22.765111723156878,-43.559026201122336,nova iguacu,6,1152.69,121.1,6,6,11.77153280770334,11.77153280770334,True
main,P-Median,10.0,23,-1,26293,-22.79249083598364,-43.57524682495404,nova iguacu,1,265.0,45.85,22,22,11.834976240376774,11.834976240376774,True
main,P-Median,10.0,23,-1,26296,-22.80012558975328,-43.59358340822262,nova iguacu,3,1570.89,98.69,22,22,11.317221421546089,11.317221421546089,True
main,P-Median,10.0,23,-1,26310,-22.71769036507631,-43.56406590011273,queimados,9,950.48,358.38,6,6,11.862549252223218,11.862549252223218,True
main,P-Median,10.0,23,-1,26311,-22.7230667989856,-43.577531170720725,queimados,2,427.0,57.57,6,6,13.166423946273026,13.166423946273026,True
main,P-Median,10.0,23,-1,26313,-22.72398694854633,-43.56859220120247,queimados,4,439.98,64.82,6,6,12.244252942339202,12.244252942339202,True
main,P-Median,10.0,23,-1,26315,-22.726749869469312,-43.58842644869943,queimados,2,114.89,34.849999999999994,6,6,14.253894816611052,14.253894816611052,True
main,P-Median,10.0,23,-1,26316,-22.691702991594585,-43.594666387857934,queimados,1,49.8,14.52,21,21,14.24223690424539,14.24223690424539,True
main,P-Median,10.0,23,-1,26320,-22.70950681506173,-43.580279131181264,queimados,3,211.8,54.3,6,6,13.655666192638979,13.655666192638979,True
main,P-Median,10.0,23,-1,26321,-22.7081915940706,-43.57351771589113,queimados,2,228.99,31.46,6,6,13.006141594386495,13.006141594386495,True
main,P-Median,10.0,23,-1,26323,-22.721880392950524,-43.56120106689918,queimados,6,889.7,121.63,6,6,11.51203626364191,11.51203626364191,True
main,P-Median,10.0,23,-1,26325,-22.720466020617074,-43.55679725976077,queimados,3,363.0,61.58,6,6,11.081992716240427,11.081992716240427,True
main,P-Median,10.0,23,-1,26380,-22.707476317323948,-43.55071081533383,queimados,1,79.9,19.75,6,6,10.752838554697918,10.752838554697918,True
main,P-Median,10.0,23,-1,26381,-22.6969098294197,-43.55741624112584,queimados,3,257.68,78.46000000000001,6,6,11.76600406610609,11.76600406610609,True
main,P-Median,10.0,23,-1,26383,-22.707869677714925,-43.561315648938425,queimados,8,819.42,126.87,6,6,11.7947536448733,11.7947536448733,True
main,P-Median,10.0,23,-1,26385,-22.705743887793957,-43.55656212344719,queimados,6,664.31,122.95,6,6,11.382671014047254,11.382671014047254,True
main,P-Median,10.0,23,-1,26413,-22.696333434498968,-43.626641384369336,japeri,1,56.99,15.15,21,21,12.161939774104289,12.161939774104289,True
main,P-Median,10.0,23,-1,26420,-22.68450772983073,-43.61532318330367,japeri,2,216.8,39.86,21,21,12.08325942760386,12.08325942760386,True
main,P-Median,10.0,23,-1,26423,-22.6809778671,-43.61135654272859,japeri,1,75.0,14.7,21,21,12.157078001263363,12.157078001263363,True
main,P-Median,10.0,23,-1,26425,-22.68320829858776,-43.6136513869842,japeri,1,809.0,27.59,21,21,12.124318107330222,12.124318107330222,True
main,P-Median,10.0,23,-1,26430,-22.68817178316981,-43.60645936527142,japeri,3,256.99,47.4,21,21,13.045213714262664,13.045213714262664,True
main,P-Median,10.0,23,-1,26445,-22.674494004101163,-43.60813218912923,japeri,3,266.98,54.94,21,21,12.009540478815751,12.009540478815751,True
main,P-Median,10.0,23,-1,26450,-22.663207630218253,-43.610776285393406,japeri,1,229.99,18.86,21,21,11.12661756042638,11.12661756042638,True
main,P-Median,10.0,23,-1,26453,-22.66951051838989,-43.61452547990683,japeri,3,232.66000000000005,52.92999999999999,21,21,11.157111032010608,11.157111032010608,True
main,P-Median,10.0,23,-1,26455,-22.67373240752545,-43.59804565833488,japeri,1,109.9,16.53,21,21,12.84171971297364,12.84171971297364,True
main,P-Median,10.0,23,-1,26460,-22.67164263350668,-43.59088177051566,japeri,2,878.56,471.57,21,21,13.368040389443191,13.368040389443191,True
main,P-Median,10.0,23,-1,26470,-22.679545467450534,-43.593041196799824,japeri,1,18.9,15.1,21,21,13.616106292449045,13.616106292449045,True
main,P-Median,10.0,23,-1,26480,-22.667916878063743,-43.58577332849087,japeri,1,57.99,16.17,21,21,13.648220338111933,13.648220338111933,True
main,P-Median,10.0,23,-1,28680,-22.470849051492323,-42.657121037845286,cachoeiras de macacu,19,1819.26,363.9,18,18,26.950553178813898,26.950553178813898,True
main,P-Median,10.0,23,-1,28695,-22.60367916043864,-42.74073968432629,cachoeiras de macacu,1,99.0,22.16,18,18,16.550308693700245,16.550308693700245,True
main,P-Median,5.0,55,-1,23020,-23.0049905225767,-43.54784520457546,rio de janeiro,17,2349.81,324.69,51,51,6.971255341298399,6.971255341298399,True
main,P-Median,5.0,55,-1,23027,-23.00123690831294,-43.64009513690838,rio de janeiro,1,40.0,22.21,51,51,5.490134085645947,5.490134085645947,True
main,P-Median,5.0,55,-1,23028,-22.98056296317437,-43.65998986714787,rio de janeiro,7,716.6,167.1,51,51,6.156547487135775,6.156547487135775,True
main,P-Median,5.0,55,-1,23535,-22.9790211808901,-43.69012245165258,rio de janeiro,14,1817.67,692.35,43,43,5.372258303903576,5.372258303903576,True
main,P-Median,5.0,55,-1,23825,-22.885828313712477,-43.82785584819327,itaguai,4,375.05,52.02,32,32,6.251701459913452,6.251701459913452,True
main,P-Median,5.0,55,-1,23826,-22.89560484133116,-43.84587026303256,itaguai,4,246.45,77.39,32,32,8.337801652522263,8.337801652522263,True
main,P-Median,5.0,55,-1,23890,-22.787688375690134,-43.64890166112607,seropedica,3,218.6,62.87,52,52,12.836116973910558,12.836116973910558,True
main,P-Median,5.0,55,-1,23893,-22.71072154468618,-43.69140232860298,seropedica,2,309.9,43.75,21,21,10.762468500970497,10.762468500970497,True
main,P-Median,5.0,55,-1,23894,-22.74100679492528,-43.6998298199384,seropedica,9,820.27,181.35,21,21,14.042661373451415,14.042661373451415,True
main,P-Median,5.0,55,-1,23895,-22.746274001626645,-43.708503424610186,seropedica,9,1833.81,411.09,21,21,14.618364215385649,14.618364215385649,True
main,P-Median,5.0,55,-1,23897,-22.792366849451536,-43.662640119980665,seropedica,2,144.98,33.01,22,22,13.765419932539206,13.765419932539206,True
main,P-Median,5.0,55,-1,23898,-22.80791081625367,-43.644304412473865,seropedica,8,1063.59,133.13,22,22,11.326268169000599,11.326268169000599,True
main,P-Median,5.0,55,-1,24330,-22.901199547746405,-42.991174595669065,niteroi,9,775.0,171.04,49,49,6.116035626099095,6.116035626099095,True
main,P-Median,5.0,55,-1,24471,-22.785600785156785,-43.04593640228686,sao goncalo,2,99.75,56.94,38,38,5.261017559248988,5.261017559248988,True
main,P-Median,5.0,55,-1,24472,-22.789315227589743,-43.03850388360695,sao goncalo,2,288.8,39.15,8,8,5.185777449931601,5.185777449931601,True
main,P-Median,5.0,55,-1,24475,-22.777267778897787,-43.027446308928425,sao goncalo,1,99.99,16.95,8,8,5.627400034223935,5.627400034223935,True
main,P-Median,5.0,55,-1,24723,-22.81762359087853,-42.94676360586466,sao goncalo,5,736.45,126.85,8,8,5.8000765882034875,5.8000765882034875,True
main,P-Median,5.0,55,-1,24724,-22.805769003517707,-42.95726724972363,sao goncalo,4,538.9,91.85,8,8,5.057155598591609,5.057155598591609,True
main,P-Median,5.0,55,-1,24726,-22.78851170276054,-42.958565788861314,sao goncalo,1,151.0,15.72,8,8,5.934657653089395,5.934657653089395,True
main,P-Median,5.0,55,-1,24735,-22.845883873637536,-42.95426308031982,sao goncalo,1,26.7,15.11,8,8,5.633054771934058,5.633054771934058,True
main,P-Median,5.0,55,-1,24738,-22.851785749069546,-42.94354284297728,sao goncalo,5,132.06,77.15,8,8,6.9106730976860336,6.9106730976860336,True
main,P-Median,5.0,55,-1,24751,-22.86782548778561,-43.002749069555286,sao goncalo,10,1346.01,208.28,8,8,5.02627303787417,5.02627303787417,True
main,P-Median,5.0,55,-1,24752,-22.882259138501706,-42.98436172867216,sao goncalo,4,846.89,51.86,8,8,6.903306760253294,6.903306760253294,True
main,P-Median,5.0,55,-1,24753,-22.88628701436756,-42.99166865896655,sao goncalo,2,409.7000000000001,84.69999999999999,49,49,6.335780050658779,6.335780050658779,True
main,P-Median,5.0,55,-1,24846,-22.71538558398837,-42.80638584132024,itaborai,2,153.8,30.58,30,30,6.020702582912501,6.020702582912501,True
main,P-Median,5.0,55,-1,24855,-22.773459679480904,-42.91565441771825,itaborai,3,485.88,69.33,30,30,6.9121735506211435,6.9121735506211435,True
main,P-Median,5.0,55,-1,24856,-22.75807913856637,-42.91063311206234,itaborai,1,145.0,15.76,30,30,5.746146571490721,5.746146571490721,True
main,P-Median,5.0,55,-1,24858,-22.77209935726771,-42.92264307986124,itaborai,6,512.78,120.95,30,30,7.474070129763937,7.474070129763937,True
main,P-Median,5.0,55,-1,24859,-22.77340230558587,-42.90984766620826,itaborai,2,57.9,38.85,30,30,6.399412159314928,6.399412159314928,True
main,P-Median,5.0,55,-1,24866,-22.73373117887529,-42.93276530734327,itaborai,2,95.9,33.52,30,30,7.809205867951098,7.809205867951098,True
main,P-Median,5.0,55,-1,24876,-22.7125342435385,-42.89540473111652,itaborai,3,334.0,39.74,30,30,5.141326995507317,5.141326995507317,True
main,P-Median,5.0,55,-1,24890,-22.73521870942802,-42.727847609078914,tangua,6,504.88,131.16,18,18,10.360342865340115,10.360342865340115,True
main,P-Median,5.0,55,-1,24905,-22.934535219557365,-42.911752855372335,marica,6,430.05,131.91,0,0,6.079564403730966,6.079564403730966,True
main,P-Median,5.0,55,-1,24915,-22.955984494690547,-42.80761537855785,marica,3,326.70000000000005,89.65,13,13,5.216055695851447,5.216055695851447,True
main,P-Median,5.0,55,-1,24922,-22.94856570290517,-42.70343236618995,marica,2,78.9,30.700000000000003,13,13,14.329920998283052,14.329920998283052,True
main,P-Median,5.0,55,-1,24930,-22.92610775291927,-42.89850356371279,marica,4,387.59,79.6,13,13,6.05627966651341,6.05627966651341,True
main,P-Median,5.0,55,-1,24933,-22.9565929719624,-42.88349437707549,marica,8,615.57,182.63,13,13,6.077312227999265,6.077312227999265,True
main,P-Median,5.0,55,-1,24934,-22.946221164792775,-42.88645951724069,marica,3,698.74,73.75999999999999,13,13,5.620698090818854,5.620698090818854,True
main,P-Median,5.0,55,-1,24942,-22.93102569180272,-42.92272114486791,marica,5,378.47,78.97999999999999,0,0,5.230097964309296,5.230097964309296,True
main,P-Median,5.0,55,-1,24943,-22.909483056983007,-42.92582680004856,marica,5,407.86,113.57,0,0,6.533875616407087,6.533875616407087,True
main,P-Median,5.0,55,-1,24944,-22.895520218492944,-42.93694066986552,marica,5,280.3,84.59,0,0,7.22771920827911,7.22771920827911,True
main,P-Median,5.0,55,-1,25211,-22.67066808633434,-43.26255563331919,duque de caxias,3,649.9,94.62,40,40,7.95835977238893,7.95835977238893,True
main,P-Median,5.0,55,-1,25212,-22.676473601000435,-43.25702002542332,duque de caxias,9,1436.97,288.01,40,40,8.796223048254255,8.796223048254255,True
main,P-Median,5.0,55,-1,25213,-22.6749107167218,-43.27620037015547,duque de caxias,8,2626.26,187.72,40,40,7.862301322822125,7.862301322822125,True
main,P-Median,5.0,55,-1,25214,-22.689731933072384,-43.26636955304457,duque de caxias,6,748.4300000000001,115.28,17,17,8.480518752807964,8.480518752807964,True
main,P-Median,5.0,55,-1,25215,-22.682590790490558,-43.27404135699872,duque de caxias,4,199.72,92.26,40,40,8.743826266691455,8.743826266691455,True
main,P-Median,5.0,55,-1,25220,-22.685430142678285,-43.24665539237965,duque de caxias,4,353.45000000000005,64.16,17,17,10.035150911485502,10.035150911485502,True
main,P-Median,5.0,55,-1,25223,-22.683322481003053,-43.25395359470418,duque de caxias,2,118.99,34.24,40,40,9.615270244532228,9.615270244532228,True
main,P-Median,5.0,55,-1,25225,-22.696323342560508,-43.271184575072574,duque de caxias,3,251.88,74.93,17,17,7.598335004617095,7.598335004617095,True
main,P-Median,5.0,55,-1,25230,-22.689741624685315,-43.2826886930124,duque de caxias,1,29.9,18.31,17,17,7.760737638183114,7.760737638183114,True
main,P-Median,5.0,55,-1,25231,-22.683563816603137,-43.29906896652288,duque de caxias,1,227.9,16.48,17,17,8.039810729827456,8.039810729827456,True
main,P-Median,5.0,55,-1,25233,-22.70350739511343,-43.29957916081139,duque de caxias,4,912.05,112.24,17,17,5.83606343084406,5.83606343084406,True
main,P-Median,5.0,55,-1,25235,-22.70286437220505,-43.31600017753463,duque de caxias,3,527.9,63.54,17,17,5.8849468622384125,5.8849468622384125,True
main,P-Median,5.0,55,-1,25243,-22.659524930411084,-43.296332311051046,duque de caxias,2,154.9,24.08,40,40,5.813262314691926,5.813262314691926,True
main,P-Median,5.0,55,-1,25251,-22.65410603965445,-43.27799273062863,duque de caxias,3,234.85,48.42,40,40,5.618385661057068,5.618385661057068,True
main,P-Median,5.0,55,-1,25260,-22.65362737697551,-43.27588967098969,duque de caxias,3,414.8,52.69,40,40,5.654503082157814,5.654503082157814,True
main,P-Median,5.0,55,-1,25261,-22.64530376193324,-43.26203372616665,duque de caxias,6,316.48,128.69,40,40,5.651251723106653,5.651251723106653,True
main,P-Median,5.0,55,-1,25264,-22.64520106741496,-43.23736687845677,duque de caxias,4,279.78,73.97,24,24,6.749172852282074,6.749172852282074,True
main,P-Median,5.0,55,-1,25265,-22.649550626444302,-43.23034128992175,duque de caxias,1,149.99,40.38,24,24,6.397306073411164,6.397306073411164,True
main,P-Median,5.0,55,-1,25266,-22.63876728053192,-43.2218184372897,duque de caxias,4,668.7,86.51,24,24,5.008314154719811,5.008314154719811,True
main,P-Median,5.0,55,-1,25267,-22.63517083859032,-43.24735328154284,duque de caxias,2,689.2,58.16,40,40,6.103629244365447,6.103629244365447,True
main,P-Median,5.0,55,-1,25268,-22.652696249418973,-43.2761256498613,duque de caxias,5,531.85,130.26999999999998,40,40,5.550219355185318,5.550219355185318,True
main,P-Median,5.0,55,-1,25270,-22.623874594466177,-43.23981472381287,duque de caxias,1,19.0,15.23,24,24,6.227326580001727,6.227326580001727,True
main,P-Median,5.0,55,-1,25271,-22.63746113941411,-43.22617580587021,duque de caxias,5,422.38,76.13,24,24,5.33182210806411,5.33182210806411,True
main,P-Median,5.0,55,-1,25275,-22.63887775891837,-43.22692540844416,duque de caxias,3,389.8,69.43,24,24,5.472299051827522,5.472299051827522,True
main,P-Median,5.0,55,-1,25710,-22.475562635890437,-43.148370152985294,petropolis,16,2736.4,646.96,3,3,6.641028728543738,6.641028728543738,True
main,P-Median,5.0,55,-1,25715,-22.47150966453406,-43.1620277638875,petropolis,6,572.8,97.59,3,3,6.2033089083584665,6.2033089083584665,True
main,P-Median,5.0,55,-1,25725,-22.427894024726776,-43.20138979903541,petropolis,3,345.89,55.44,28,28,7.50627018056066,7.50627018056066,True
main,P-Median,5.0,55,-1,25750,-22.33852928975817,-43.12899883949998,petropolis,10,1118.48,243.37,28,28,7.79635709419785,7.79635709419785,True
main,P-Median,5.0,55,-1,25770,-22.26889273967007,-43.07681259121553,petropolis,5,457.79,154.81,28,28,16.519318658721907,16.519318658721907,True
main,P-Median,5.0,55,-1,25902,-22.65954574226225,-43.116827376350194,mage,1,146.0,29.36,35,35,5.236948437339889,5.236948437339889,True
main,P-Median,5.0,55,-1,25908,-22.65815606716074,-43.11902674370239,mage,2,327.89,37.35,35,35,5.435978311284468,5.435978311284468,True
main,P-Median,5.0,55,-1,25911,-22.55907208815268,-43.044923138517305,mage,4,526.49,131.57,47,47,7.682241806526274,7.682241806526274,True
main,P-Median,5.0,55,-1,25912,-22.57019403842886,-43.058745435694526,mage,1,64.99,27.51,35,35,9.06740526925756,9.06740526925756,True
main,P-Median,5.0,55,-1,25914,-22.59381281247852,-43.06930284283151,mage,3,203.8,73.78,35,35,6.411775132825314,6.411775132825314,True
main,P-Median,5.0,55,-1,25921,-22.6525357703222,-43.12650100805483,mage,1,257.9,16.91,35,35,6.152474028008448,6.152474028008448,True
main,P-Median,5.0,55,-1,25922,-22.66003863059351,-43.1347885471764,mage,6,602.49,134.8,24,24,6.734309657188536,6.734309657188536,True
main,P-Median,5.0,55,-1,25925,-22.69368277179141,-43.10979273572445,mage,2,174.99,30.58,35,35,6.462431307136257,6.462431307136257,True
main,P-Median,5.0,55,-1,25926,-22.70142395223432,-43.15952521180791,mage,9,1116.8,259.76,24,24,9.730211445405722,9.730211445405722,True
main,P-Median,5.0,55,-1,25930,-22.68358467046409,-43.160534715770886,mage,1,89.9,16.39,24,24,7.776849113154509,7.776849113154509,True
main,P-Median,5.0,55,-1,25940,-22.617931893774944,-43.00412879602773,guapimirim,4,527.7,116.4,35,35,7.410597948967999,7.410597948967999,True
main,P-Median,5.0,55,-1,26052,-22.682661738953115,-43.44763426447411,nova iguacu,7,912.53,204.37,44,44,5.609701592141652,5.609701592141652,True
main,P-Median,5.0,55,-1,26053,-22.676424784708487,-43.46514837118791,nova iguacu,2,271.99,49.42,44,44,6.497960605784498,6.497960605784498,True
main,P-Median,5.0,55,-1,26062,-22.6632991804878,-43.42190649887993,nova iguacu,1,134.9,23.81,44,44,8.263262825910335,8.263262825910335,True
main,P-Median,5.0,55,-1,26163,-22.71802861019754,-43.38866458565219,belford roxo,1,16.99,15.11,6,6,5.81012003783285,5.81012003783285,True
main,P-Median,5.0,55,-1,26165,-22.73004862963322,-43.38401397146633,belford roxo,6,543.65,134.29000000000002,6,6,5.352907777922989,5.352907777922989,True
main,P-Median,5.0,55,-1,26167,-22.73381526820578,-43.37869831571142,belford roxo,3,185.89,41.54,6,6,5.636889476773943,5.636889476773943,True
main,P-Median,5.0,55,-1,26170,-22.735308724256505,-43.3689986253974,belford roxo,1,12.99,15.23,41,41,6.190923950110748,6.190923950110748,True
main,P-Median,5.0,55,-1,26172,-22.727797274174065,-43.36988532052452,belford roxo,1,56.99,15.15,6,6,6.742087459845587,6.742087459845587,True
main,P-Median,5.0,55,-1,26173,-22.7293974724831,-43.35646929692585,belford roxo,3,308.8,81.37,17,17,5.699788989746433,5.699788989746433,True
main,P-Median,5.0,55,-1,26178,-22.71708005610544,-43.37621943740937,belford roxo,4,344.6,86.10999999999999,6,6,6.83501615888522,6.83501615888522,True
main,P-Median,5.0,55,-1,26180,-22.709309871783464,-43.340396840703605,belford roxo,1,31.9,14.1,17,17,6.072531152331374,6.072531152331374,True
main,P-Median,5.0,55,-1,26185,-22.71230675457505,-43.3346366040831,belford roxo,3,412.7000000000001,204.06,17,17,5.482990061890084,5.482990061890084,True
main,P-Median,5.0,55,-1,26293,-22.79249083598364,-43.57524682495404,nova iguacu,1,265.0,45.85,52,52,5.735537641719956,5.735537641719956,True
main,P-Median,5.0,55,-1,26296,-22.80012558975328,-43.59358340822262,nova iguacu,3,1570.89,98.69,52,52,7.796616444152933,7.796616444152933,True
main,P-Median,5.0,55,-1,26297,-22.81315246690653,-43.58884053145267,nova iguacu,3,503.8,76.75,1,1,7.901048963314017,7.901048963314017,True
main,P-Median,5.0,55,-1,26298,-22.821289601573383,-43.58391704635197,nova iguacu,5,1986.86,132.22,1,1,6.8727948798883745,6.8727948798883745,True
main,P-Median,5.0,55,-1,26299,-22.84103615023977,-43.61515804577371,nova iguacu,1,148.9,20.23,22,22,6.723154021267705,6.723154021267705,True
main,P-Median,5.0,55,-1,26310,-22.71769036507631,-43.56406590011273,queimados,9,950.48,358.38,15,15,5.003709456796977,5.003709456796977,True
main,P-Median,5.0,55,-1,26311,-22.7230667989856,-43.577531170720725,queimados,2,427.0,57.57,15,15,6.426621414280431,6.426621414280431,True
main,P-Median,5.0,55,-1,26313,-22.72398694854633,-43.56859220120247,queimados,4,439.98,64.82,15,15,5.53204024320082,5.53204024320082,True
main,P-Median,5.0,55,-1,26315,-22.726749869469312,-43.58842644869943,queimados,2,114.89,34.849999999999994,15,15,7.5893419513408915,7.5893419513408915,True
main,P-Median,5.0,55,-1,26316,-22.691702991594585,-43.594666387857934,queimados,1,49.8,14.52,15,15,8.587494680742124,8.587494680742124,True
main,P-Median,5.0,55,-1,26320,-22.70950681506173,-43.580279131181264,queimados,3,211.8,54.3,15,15,6.7069877388785,6.7069877388785,True
main,P-Median,5.0,55,-1,26321,-22.7081915940706,-43.57351771589113,queimados,2,228.99,31.46,15,15,6.038456051529888,6.038456051529888,True
main,P-Median,5.0,55,-1,26413,-22.696333434498968,-43.626641384369336,japeri,1,56.99,15.15,15,15,11.634044260440692,11.634044260440692,True
main,P-Median,5.0,55,-1,26420,-22.68450772983073,-43.61532318330367,japeri,2,216.8,39.86,15,15,10.851483651103406,10.851483651103406,True
main,P-Median,5.0,55,-1,26423,-22.6809778671,-43.61135654272859,japeri,1,75.0,14.7,15,15,10.60666603773451,10.60666603773451,True
main,P-Median,5.0,55,-1,26425,-22.68320829858776,-43.6136513869842,japeri,1,809.0,27.59,15,15,10.73816203572139,10.73816203572139,True
main,P-Median,5.0,55,-1,26430,-22.68817178316981,-43.60645936527142,japeri,3,256.99,47.4,15,15,9.859389562668044,9.859389562668044,True
main,P-Median,5.0,55,-1,26433,-22.650250797954484,-43.65355119895557,japeri,4,478.89,123.43,21,21,6.643533740574133,6.643533740574133,True
main,P-Median,5.0,55,-1,26435,-22.648997352455527,-43.65813095170957,japeri,4,352.69,185.08,21,21,6.184625685950473,6.184625685950473,True
main,P-Median,5.0,55,-1,26440,-22.6438955448154,-43.64300824279504,japeri,4,252.61,78.17,21,21,7.198713556110408,7.198713556110408,True
main,P-Median,5.0,55,-1,26443,-22.644806809224903,-43.65794599414254,japeri,2,164.32,47.07,21,21,5.925609577235003,5.925609577235003,True
main,P-Median,5.0,55,-1,26445,-22.674494004101163,-43.60813218912923,japeri,3,266.98,54.94,15,15,10.59615128072554,10.59615128072554,True
main,P-Median,5.0,55,-1,26450,-22.663207630218253,-43.610776285393406,japeri,1,229.99,18.86,21,21,11.12661756042638,11.12661756042638,True
main,P-Median,5.0,55,-1,26453,-22.66951051838989,-43.61452547990683,japeri,3,232.66000000000005,52.92999999999999,21,21,11.157111032010608,11.157111032010608,True
main,P-Median,5.0,55,-1,26455,-22.67373240752545,-43.59804565833488,japeri,1,109.9,16.53,15,15,9.71787786673288,9.71787786673288,True
main,P-Median,5.0,55,-1,26460,-22.67164263350668,-43.59088177051566,japeri,2,878.56,471.57,15,15,9.206283272614339,9.206283272614339,True
main,P-Median,5.0,55,-1,26470,-22.679545467450534,-43.593041196799824,japeri,1,18.9,15.1,15,15,8.960091077353361,8.960091077353361,True
main,P-Median,5.0,55,-1,26480,-22.667916878063743,-43.58577332849087,japeri,1,57.99,16.17,15,15,9.010586105722183,9.010586105722183,True
main,P-Median,5.0,55,-1,28695,-22.60367916043864,-42.74073968432629,cachoeiras de macacu,1,99.0,22.16,18,18,16.550308693700245,16.550308693700245,True
main,MCLP,5.0,40,-1,20931,-22.880476502680093,-43.21772315263865,rio de janeiro,11,1466.49,213.49,1,1,5.178423064093566,5.178423064093566,True
main,MCLP,5.0,40,-1,21740,-22.88433305340309,-43.387504877344114,rio de janeiro,10,2002.6,264.68,22,22,5.172537433259706,5.172537433259706,True
main,MCLP,5.0,40,-1,22452,-22.952645498107493,-43.30267070542142,rio de janeiro,2,145.88,55.7,2,2,6.221135259144246,6.221135259144246,True
main,MCLP,5.0,40,-1,23020,-23.0049905225767,-43.54784520457546,rio de janeiro,17,2349.81,324.69,23,23,10.381628712023282,10.381628712023282,True
main,MCLP,5.0,40,-1,23035,-22.945894102935657,-43.594457021538446,rio de janeiro,12,2189.19,354.29,5,5,5.249879777108853,5.249879777108853,True
main,MCLP,5.0,40,-1,23067,-22.88243614479021,-43.61658346798473,rio de janeiro,2,477.99,166.6,25,25,5.598172299762232,5.598172299762232,True
main,MCLP,5.0,40,-1,23825,-22.885828313712477,-43.82785584819327,itaguai,4,375.05,52.02,31,31,6.251701459913452,6.251701459913452,True
main,MCLP,5.0,40,-1,23826,-22.89560484133116,-43.84587026303256,itaguai,4,246.45,77.39,31,31,8.337801652522263,8.337801652522263,True
main,MCLP,5.0,40,-1,23890,-22.787688375690134,-43.64890166112607,seropedica,3,218.6,62.87,25,25,12.42928974093915,12.42928974093915,True
main,MCLP,5.0,40,-1,23893,-22.71072154468618,-43.69140232860298,seropedica,2,309.9,43.75,33,33,10.762468500970497,10.762468500970497,True
main,MCLP,5.0,40,-1,23894,-22.74100679492528,-43.6998298199384,seropedica,9,820.27,181.35,33,33,14.042661373451415,14.042661373451415,True
main,MCLP,5.0,40,-1,23895,-22.746274001626645,-43.708503424610186,seropedica,9,1833.81,411.09,33,33,14.618364215385649,14.618364215385649,True
main,MCLP,5.0,40,-1,23897,-22.792366849451536,-43.662640119980665,seropedica,2,144.98,33.01,25,25,11.760397415216895,11.760397415216895,True
main,MCLP,5.0,40,-1,23898,-22.80791081625367,-43.644304412473865,seropedica,8,1063.59,133.13,25,25,10.320062325763953,10.320062325763953,True
main,MCLP,5.0,40,-1,24370,-22.92466477380604,-43.09986986144608,niteroi,4,2545.9,105.53,3,3,5.123463320945287,5.123463320945287,True
main,MCLP,5.0,40,-1,24430,-22.830092235510783,-43.0856527985238,sao goncalo,6,456.39,93.29,9,9,5.352611413469411,5.352611413469411,True
main,MCLP,5.0,40,-1,24723,-22.81762359087853,-42.94676360586466,sao goncalo,5,736.45,126.85,38,38,5.8000765882034875,5.8000765882034875,True
main,MCLP,5.0,40,-1,24724,-22.805769003517707,-42.95726724972363,sao goncalo,4,538.9,91.85,38,38,5.057155598591609,5.057155598591609,True
main,MCLP,5.0,40,-1,24726,-22.78851170276054,-42.958565788861314,sao goncalo,1,151.0,15.72,38,38,5.934657653089395,5.934657653089395,True
main,MCLP,5.0,40,-1,24735,-22.845883873637536,-42.95426308031982,sao goncalo,1,26.7,15.11,24,24,5.534821315567961,5.534821315567961,True
main,MCLP,5.0,40,-1,24738,-22.851785749069546,-42.94354284297728,sao goncalo,5,132.06,77.15,24,24,6.323116708291453,6.323116708291453,True
main,MCLP,5.0,40,-1,24846,-22.71538558398837,-42.80638584132024,itaborai,2,153.8,30.58,32,32,6.020702582912501,6.020702582912501,True
main,MCLP,5.0,40,-1,24855,-22.773459679480904,-42.91565441771825,itaborai,3,485.88,69.33,32,32,6.9121735506211435,6.9121735506211435,True
main,MCLP,5.0,40,-1,24856,-22.75807913856637,-42.91063311206234,itaborai,1,145.0,15.76,32,32,5.746146571490721,5.746146571490721,True
main,MCLP,5.0,40,-1,24858,-22.77209935726771,-42.92264307986124,itaborai,6,512.78,120.95,32,32,7.474070129763937,7.474070129763937,True
main,MCLP,5.0,40,-1,24859,-22.77340230558587,-42.90984766620826,itaborai,2,57.9,38.85,32,32,6.399412159314928,6.399412159314928,True
main,MCLP,5.0,40,-1,24866,-22.73373117887529,-42.93276530734327,itaborai,2,95.9,33.52,32,32,7.809205867951098,7.809205867951098,True
main,MCLP,5.0,40,-1,24876,-22.7125342435385,-42.89540473111652,itaborai,3,334.0,39.74,32,32,5.141326995507317,5.141326995507317,True
main,MCLP,5.0,40,-1,24890,-22.73521870942802,-42.727847609078914,tangua,6,504.88,131.16,36,36,10.360342865340115,10.360342865340115,True
main,MCLP,5.0,40,-1,24905,-22.934535219557365,-42.911752855372335,marica,6,430.05,131.91,37,37,6.079564403730966,6.079564403730966,True
main,MCLP,5.0,40,-1,24915,-22.955984494690547,-42.80761537855785,marica,3,326.70000000000005,89.65,21,21,5.216055695851447,5.216055695851447,True
main,MCLP,5.0,40,-1,24922,-22.94856570290517,-42.70343236618995,marica,2,78.9,30.700000000000003,21,21,14.329920998283052,14.329920998283052,True
main,MCLP,5.0,40,-1,24930,-22.92610775291927,-42.89850356371279,marica,4,387.59,79.6,21,21,6.05627966651341,6.05627966651341,True
main,MCLP,5.0,40,-1,24933,-22.9565929719624,-42.88349437707549,marica,8,615.57,182.63,21,21,6.077312227999265,6.077312227999265,True
main,MCLP,5.0,40,-1,24934,-22.946221164792775,-42.88645951724069,marica,3,698.74,73.75999999999999,21,21,5.620698090818854,5.620698090818854,True
main,MCLP,5.0,40,-1,24942,-22.93102569180272,-42.92272114486791,marica,5,378.47,78.97999999999999,37,37,5.230097964309296,5.230097964309296,True
main,MCLP,5.0,40,-1,24943,-22.909483056983007,-42.92582680004856,marica,5,407.86,113.57,37,37,6.533875616407087,6.533875616407087,True
main,MCLP,5.0,40,-1,24944,-22.895520218492944,-42.93694066986552,marica,5,280.3,84.59,37,37,7.22771920827911,7.22771920827911,True
main,MCLP,5.0,40,-1,25211,-22.67066808633434,-43.26255563331919,duque de caxias,3,649.9,94.62,29,29,7.95835977238893,7.95835977238893,True
main,MCLP,5.0,40,-1,25212,-22.676473601000435,-43.25702002542332,duque de caxias,9,1436.97,288.01,29,29,8.796223048254255,8.796223048254255,True
main,MCLP,5.0,40,-1,25213,-22.6749107167218,-43.27620037015547,duque de caxias,8,2626.26,187.72,29,29,7.862301322822125,7.862301322822125,True
main,MCLP,5.0,40,-1,25214,-22.689731933072384,-43.26636955304457,duque de caxias,6,748.4300000000001,115.28,15,15,8.480518752807964,8.480518752807964,True
main,MCLP,5.0,40,-1,25215,-22.682590790490558,-43.27404135699872,duque de caxias,4,199.72,92.26,29,29,8.743826266691455,8.743826266691455,True
main,MCLP,5.0,40,-1,25220,-22.685430142678285,-43.24665539237965,duque de caxias,4,353.45000000000005,64.16,15,15,10.035150911485502,10.035150911485502,True
main,MCLP,5.0,40,-1,25223,-22.683322481003053,-43.25395359470418,duque de caxias,2,118.99,34.24,29,29,9.615270244532228,9.615270244532228,True
main,MCLP,5.0,40,-1,25225,-22.696323342560508,-43.271184575072574,duque de caxias,3,251.88,74.93,15,15,7.598335004617095,7.598335004617095,True
main,MCLP,5.0,40,-1,25230,-22.689741624685315,-43.2826886930124,duque de caxias,1,29.9,18.31,15,15,7.760737638183114,7.760737638183114,True
main,MCLP,5.0,40,-1,25231,-22.683563816603137,-43.29906896652288,duque de caxias,1,227.9,16.48,15,15,8.039810729827456,8.039810729827456,True
main,MCLP,5.0,40,-1,25233,-22.70350739511343,-43.29957916081139,duque de caxias,4,912.05,112.24,15,15,5.83606343084406,5.83606343084406,True
main,MCLP,5.0,40,-1,25235,-22.70286437220505,-43.31600017753463,duque de caxias,3,527.9,63.54,15,15,5.8849468622384125,5.8849468622384125,True
main,MCLP,5.0,40,-1,25243,-22.659524930411084,-43.296332311051046,duque de caxias,2,154.9,24.08,29,29,5.813262314691926,5.813262314691926,True
main,MCLP,5.0,40,-1,25251,-22.65410603965445,-43.27799273062863,duque de caxias,3,234.85,48.42,29,29,5.618385661057068,5.618385661057068,True
main,MCLP,5.0,40,-1,25260,-22.65362737697551,-43.27588967098969,duque de caxias,3,414.8,52.69,29,29,5.654503082157814,5.654503082157814,True
main,MCLP,5.0,40,-1,25261,-22.64530376193324,-43.26203372616665,duque de caxias,6,316.48,128.69,29,29,5.651251723106653,5.651251723106653,True
main,MCLP,5.0,40,-1,25264,-22.64520106741496,-43.23736687845677,duque de caxias,4,279.78,73.97,27,27,6.749172852282074,6.749172852282074,True
main,MCLP,5.0,40,-1,25265,-22.649550626444302,-43.23034128992175,duque de caxias,1,149.99,40.38,27,27,6.397306073411164,6.397306073411164,True
main,MCLP,5.0,40,-1,25266,-22.63876728053192,-43.2218184372897,duque de caxias,4,668.7,86.51,27,27,5.008314154719811,5.008314154719811,True
main,MCLP,5.0,40,-1,25267,-22.63517083859032,-43.24735328154284,duque de caxias,2,689.2,58.16,29,29,6.103629244365447,6.103629244365447,True
main,MCLP,5.0,40,-1,25268,-22.652696249418973,-43.2761256498613,duque de caxias,5,531.85,130.26999999999998,29,29,5.550219355185318,5.550219355185318,True
main,MCLP,5.0,40,-1,25270,-22.623874594466177,-43.23981472381287,duque de caxias,1,19.0,15.23,27,27,6.227326580001727,6.227326580001727,True
main,MCLP,5.0,40,-1,25271,-22.63746113941411,-43.22617580587021,duque de caxias,5,422.38,76.13,27,27,5.33182210806411,5.33182210806411,True
main,MCLP,5.0,40,-1,25275,-22.63887775891837,-43.22692540844416,duque de caxias,3,389.8,69.43,27,27,5.472299051827522,5.472299051827522,True
main,MCLP,5.0,40,-1,25725,-22.427894024726776,-43.20138979903541,petropolis,3,345.89,55.44,26,26,7.50627018056066,7.50627018056066,True
main,MCLP,5.0,40,-1,25750,-22.33852928975817,-43.12899883949998,petropolis,10,1118.48,243.37,26,26,7.79635709419785,7.79635709419785,True
main,MCLP,5.0,40,-1,25770,-22.26889273967007,-43.07681259121553,petropolis,5,457.79,154.81,26,26,16.519318658721907,16.519318658721907,True
main,MCLP,5.0,40,-1,25902,-22.65954574226225,-43.116827376350194,mage,1,146.0,29.36,34,34,5.236948437339889,5.236948437339889,True
main,MCLP,5.0,40,-1,25908,-22.65815606716074,-43.11902674370239,mage,2,327.89,37.35,34,34,5.435978311284468,5.435978311284468,True
main,MCLP,5.0,40,-1,25911,-22.55907208815268,-43.044923138517305,mage,4,526.49,131.57,34,34,10.505995828432589,10.505995828432589,True
main,MCLP,5.0,40,-1,25912,-22.57019403842886,-43.058745435694526,mage,1,64.99,27.51,34,34,9.06740526925756,9.06740526925756,True
main,MCLP,5.0,40,-1,25914,-22.59381281247852,-43.06930284283151,mage,3,203.8,73.78,34,34,6.411775132825314,6.411775132825314,True
main,MCLP,5.0,40,-1,25921,-22.6525357703222,-43.12650100805483,mage,1,257.9,16.91,34,34,6.152474028008448,6.152474028008448,True
main,MCLP,5.0,40,-1,25922,-22.66003863059351,-43.1347885471764,mage,6,602.49,134.8,27,27,6.734309657188536,6.734309657188536,True
main,MCLP,5.0,40,-1,25925,-22.69368277179141,-43.10979273572445,mage,2,174.99,30.58,34,34,6.462431307136257,6.462431307136257,True
main,MCLP,5.0,40,-1,25926,-22.70142395223432,-43.15952521180791,mage,9,1116.8,259.76,27,27,9.730211445405722,9.730211445405722,True
main,MCLP,5.0,40,-1,25930,-22.68358467046409,-43.160534715770886,mage,1,89.9,16.39,27,27,7.776849113154509,7.776849113154509,True
main,MCLP,5.0,40,-1,25940,-22.617931893774944,-43.00412879602773,guapimirim,4,527.7,116.4,34,34,7.410597948967999,7.410597948967999,True
main,MCLP,5.0,40,-1,25943,-22.55101493109428,-42.98442049906716,guapimirim,3,129.9,47.22,34,34,13.990787336931751,13.990787336931751,True
main,MCLP,5.0,40,-1,25945,-22.528934117386,-42.98544280263765,guapimirim,1,124.99,14.62,34,34,15.963920490960222,15.963920490960222,True
main,MCLP,5.0,40,-1,25946,-22.527718078493137,-42.97826627951071,guapimirim,11,1815.77,266.41,34,34,16.473094766606238,16.473094766606238,True
main,MCLP,5.0,40,-1,25949,-22.51454665728784,-42.96902750677734,guapimirim,2,368.9,35.08,34,34,18.218208601095455,18.218208601095455,True
main,MCLP,5.0,40,-1,26050,-22.692333946397017,-43.4678329284204,nova iguacu,4,370.59,85.26,18,18,5.550583388945327,5.550583388945327,True
main,MCLP,5.0,40,-1,26051,-22.69370930904985,-43.45569367309577,nova iguacu,6,353.46,166.92,8,8,6.311127352721448,6.311127352721448,True
main,MCLP,5.0,40,-1,26052,-22.682661738953115,-43.44763426447411,nova iguacu,7,912.53,204.37,8,8,7.429952826006149,7.429952826006149,True
main,MCLP,5.0,40,-1,26053,-22.676424784708487,-43.46514837118791,nova iguacu,2,271.99,49.42,18,18,6.791428256105331,6.791428256105331,True
main,MCLP,5.0,40,-1,26062,-22.6632991804878,-43.42190649887993,nova iguacu,1,134.9,23.81,8,8,9.830504788358562,9.830504788358562,True
main,MCLP,5.0,40,-1,26163,-22.71802861019754,-43.38866458565219,belford roxo,1,16.99,15.11,28,28,5.38148819621521,5.38148819621521,True
main,MCLP,5.0,40,-1,26172,-22.727797274174065,-43.36988532052452,belford roxo,1,56.99,15.15,28,28,5.326878216440438,5.326878216440438,True
main,MCLP,5.0,40,-1,26173,-22.7293974724831,-43.35646929692585,belford roxo,3,308.8,81.37,15,15,5.699788989746433,5.699788989746433,True
main,MCLP,5.0,40,-1,26178,-22.71708005610544,-43.37621943740937,belford roxo,4,344.6,86.10999999999999,28,28,5.958772504138453,5.958772504138453,True
main,MCLP,5.0,40,-1,26180,-22.709309871783464,-43.340396840703605,belford roxo,1,31.9,14.1,15,15,6.072531152331374,6.072531152331374,True
main,MCLP,5.0,40,-1,26185,-22.71230675457505,-43.3346366040831,belford roxo,3,412.7000000000001,204.06,15,15,5.482990061890084,5.482990061890084,True
main,MCLP,5.0,40,-1,26293,-22.79249083598364,-43.57524682495404,nova iguacu,1,265.0,45.85,30,30,5.735537641719956,5.735537641719956,True
main,MCLP,5.0,40,-1,26296,-22.80012558975328,-43.59358340822262,nova iguacu,3,1570.89,98.69,30,30,7.796616444152933,7.796616444152933,True
main,MCLP,5.0,40,-1,26297,-22.81315246690653,-43.58884053145267,nova iguacu,3,503.8,76.75,30,30,8.140079082059012,8.140079082059012,True
main,MCLP,5.0,40,-1,26298,-22.821289601573383,-43.58391704635197,nova iguacu,5,1986.86,132.22,30,30,8.34230586835111,8.34230586835111,True
main,MCLP,5.0,40,-1,26299,-22.84103615023977,-43.61515804577371,nova iguacu,1,148.9,20.23,25,25,8.368998288586479,8.368998288586479,True
main,MCLP,5.0,40,-1,26310,-22.71769036507631,-43.56406590011273,queimados,9,950.48,358.38,18,18,5.003709456796977,5.003709456796977,True
main,MCLP,5.0,40,-1,26311,-22.7230667989856,-43.577531170720725,queimados,2,427.0,57.57,18,18,6.426621414280431,6.426621414280431,True
main,MCLP,5.0,40,-1,26313,-22.72398694854633,-43.56859220120247,queimados,4,439.98,64.82,18,18,5.53204024320082,5.53204024320082,True
main,MCLP,5.0,40,-1,26315,-22.726749869469312,-43.58842644869943,queimados,2,114.89,34.849999999999994,18,18,7.5893419513408915,7.5893419513408915,True
main,MCLP,5.0,40,-1,26316,-22.691702991594585,-43.594666387857934,queimados,1,49.8,14.52,18,18,8.587494680742124,8.587494680742124,True
main,MCLP,5.0,40,-1,26320,-22.70950681506173,-43.580279131181264,queimados,3,211.8,54.3,18,18,6.7069877388785,6.7069877388785,True
main,MCLP,5.0,40,-1,26321,-22.7081915940706,-43.57351771589113,queimados,2,228.99,31.46,18,18,6.038456051529888,6.038456051529888,True
main,MCLP,5.0,40,-1,26413,-22.696333434498968,-43.626641384369336,japeri,1,56.99,15.15,18,18,11.634044260440692,11.634044260440692,True
main,MCLP,5.0,40,-1,26420,-22.68450772983073,-43.61532318330367,japeri,2,216.8,39.86,18,18,10.851483651103406,10.851483651103406,True
main,MCLP,5.0,40,-1,26423,-22.6809778671,-43.61135654272859,japeri,1,75.0,14.7,18,18,10.60666603773451,10.60666603773451,True
main,MCLP,5.0,40,-1,26425,-22.68320829858776,-43.6136513869842,japeri,1,809.0,27.59,18,18,10.73816203572139,10.73816203572139,True
main,MCLP,5.0,40,-1,26430,-22.68817178316981,-43.60645936527142,japeri,3,256.99,47.4,18,18,9.859389562668044,9.859389562668044,True
main,MCLP,5.0,40,-1,26433,-22.650250797954484,-43.65355119895557,japeri,4,478.89,123.43,33,33,6.643533740574133,6.643533740574133,True
main,MCLP,5.0,40,-1,26435,-22.648997352455527,-43.65813095170957,japeri,4,352.69,185.08,33,33,6.184625685950473,6.184625685950473,True
main,MCLP,5.0,40,-1,26440,-22.6438955448154,-43.64300824279504,japeri,4,252.61,78.17,33,33,7.198713556110408,7.198713556110408,True
main,MCLP,5.0,40,-1,26443,-22.644806809224903,-43.65794599414254,japeri,2,164.32,47.07,33,33,5.925609577235003,5.925609577235003,True
main,MCLP,5.0,40,-1,26445,-22.674494004101163,-43.60813218912923,japeri,3,266.98,54.94,18,18,10.59615128072554,10.59615128072554,True
main,MCLP,5.0,40,-1,26450,-22.663207630218253,-43.610776285393406,japeri,1,229.99,18.86,33,33,11.12661756042638,11.12661756042638,True
main,MCLP,5.0,40,-1,26453,-22.66951051838989,-43.61452547990683,japeri,3,232.66000000000005,52.92999999999999,33,33,11.157111032010608,11.157111032010608,True
main,MCLP,5.0,40,-1,26455,-22.67373240752545,-43.59804565833488,japeri,1,109.9,16.53,18,18,9.71787786673288,9.71787786673288,True
main,MCLP,5.0,40,-1,26460,-22.67164263350668,-43.59088177051566,japeri,2,878.56,471.57,18,18,9.206283272614339,9.206283272614339,True
main,MCLP,5.0,40,-1,26470,-22.679545467450534,-43.593041196799824,japeri,1,18.9,15.1,18,18,8.960091077353361,8.960091077353361,True
main,MCLP,5.0,40,-1,26480,-22.667916878063743,-43.58577332849087,japeri,1,57.99,16.17,18,18,9.010586105722183,9.010586105722183,True
main,MCLP,5.0,40,-1,28680,-22.470849051492323,-42.657121037845286,cachoeiras de macacu,19,1819.26,363.9,36,36,26.950553178813898,26.950553178813898,True
main,MCLP,5.0,40,-1,28695,-22.60367916043864,-42.74073968432629,cachoeiras de macacu,1,99.0,22.16,36,36,16.550308693700245,16.550308693700245,True
main,MCLP,10.0,15,-1,22010,-22.96271293881479,-43.1708107829536,rio de janeiro,24,1880.49,495.55,0,0,10.117288499959404,10.117288499959404,True
main,MCLP,10.0,15,-1,22611,-23.008068841447862,-43.29861176534447,rio de janeiro,8,977.64,154.16,0,0,10.808817591517158,10.808817591517158,True
main,MCLP,10.0,15,-1,23027,-23.00123690831294,-43.64009513690838,rio de janeiro,1,40.0,22.21,4,4,10.17872403004212,10.17872403004212,True
main,MCLP,10.0,15,-1,23822,-22.861638585933974,-43.79342663064544,itaguai,1,247.0,19.61,13,13,10.498076018509668,10.498076018509668,True
main,MCLP,10.0,15,-1,23825,-22.885828313712477,-43.82785584819327,itaguai,4,375.05,52.02,13,13,13.248976167034177,13.248976167034177,True
main,MCLP,10.0,15,-1,23826,-22.89560484133116,-43.84587026303256,itaguai,4,246.45,77.39,13,13,15.017514719229121,15.017514719229121,True
main,MCLP,10.0,15,-1,23830,-22.8458671869452,-43.78333380428192,itaguai,2,258.0,126.25,13,13,10.439675477319799,10.439675477319799,True
main,MCLP,10.0,15,-1,23831,-22.876635031970025,-43.80985126698182,itaguai,3,234.8,52.26,13,13,11.593443223069205,11.593443223069205,True
main,MCLP,10.0,15,-1,23890,-22.787688375690134,-43.64890166112607,seropedica,3,218.6,62.87,12,12,12.836116973910558,12.836116973910558,True
main,MCLP,10.0,15,-1,23893,-22.71072154468618,-43.69140232860298,seropedica,2,309.9,43.75,12,12,18.23374045839835,18.23374045839835,True
main,MCLP,10.0,15,-1,23894,-22.74100679492528,-43.6998298199384,seropedica,9,820.27,181.35,13,13,17.565893664350405,17.565893664350405,True
main,MCLP,10.0,15,-1,23895,-22.746274001626645,-43.708503424610186,seropedica,9,1833.81,411.09,13,13,17.0062564781496,17.0062564781496,True
main,MCLP,10.0,15,-1,23897,-22.792366849451536,-43.662640119980665,seropedica,2,144.98,33.01,13,13,12.436058001767044,12.436058001767044,True
main,MCLP,10.0,15,-1,23898,-22.80791081625367,-43.644304412473865,seropedica,8,1063.59,133.13,13,13,11.589191998589579,11.589191998589579,True
main,MCLP,10.0,15,-1,24471,-22.785600785156785,-43.04593640228686,sao goncalo,2,99.75,56.94,8,8,10.157985295361074,10.157985295361074,True
main,MCLP,10.0,15,-1,24475,-22.777267778897787,-43.027446308928425,sao goncalo,1,99.99,16.95,8,8,10.382837166273823,10.382837166273823,True
main,MCLP,10.0,15,-1,24800,-22.74248129310771,-42.85721075258665,itaborai,10,1027.89,195.82,10,10,19.77749285719158,19.77749285719158,True
main,MCLP,10.0,15,-1,24801,-22.7395793666599,-42.84701335677763,itaborai,2,254.98,41.36,10,10,20.033106041237048,20.033106041237048,True
main,MCLP,10.0,15,-1,24802,-22.729006918491564,-42.83466835876695,itaborai,1,199.0,21.66,10,10,21.201524002949654,21.201524002949654,True
main,MCLP,10.0,15,-1,24804,-22.747090526611107,-42.84342210737453,itaborai,3,269.70000000000005,59.760000000000005,10,10,19.18782953773342,19.18782953773342,True
main,MCLP,10.0,15,-1,24805,-22.73533148939793,-42.83883774259336,itaborai,1,53.9,22.96,10,10,20.49199725225774,20.49199725225774,True
main,MCLP,10.0,15,-1,24808,-22.75677623430587,-42.855419742696405,itaborai,12,1489.52,289.06,10,10,18.17792129003349,18.17792129003349,True
main,MCLP,10.0,15,-1,24812,-22.75019628085652,-42.87187716603211,itaborai,6,1169.7,194.99,8,8,18.735678274318623,18.735678274318623,True
main,MCLP,10.0,15,-1,24813,-22.75411758328793,-42.88883553024611,itaborai,1,260.0,37.42,8,8,17.210244097679038,17.210244097679038,True
main,MCLP,10.0,15,-1,24830,-22.7113078008679,-42.87331425316652,itaborai,1,45.9,15.56,8,8,21.885241849592585,21.885241849592585,True
main,MCLP,10.0,15,-1,24846,-22.71538558398837,-42.80638584132024,itaborai,2,153.8,30.58,10,10,22.96627395425885,22.96627395425885,True
main,MCLP,10.0,15,-1,24855,-22.773459679480904,-42.91565441771825,itaborai,3,485.88,69.33,8,8,13.776226735178483,13.776226735178483,True
main,MCLP,10.0,15,-1,24856,-22.75807913856637,-42.91063311206234,itaborai,1,145.0,15.76,8,8,15.42929630760357,15.42929630760357,True
main,MCLP,10.0,15,-1,24858,-22.77209935726771,-42.92264307986124,itaborai,6,512.78,120.95,8,8,13.442761378717691,13.442761378717691,True
main,MCLP,10.0,15,-1,24859,-22.77340230558587,-42.90984766620826,itaborai,2,57.9,38.85,8,8,14.173832605814392,14.173832605814392,True
main,MCLP,10.0,15,-1,24866,-22.73373117887529,-42.93276530734327,itaborai,2,95.9,33.52,8,8,16.546588895733997,16.546588895733997,True
main,MCLP,10.0,15,-1,24876,-22.7125342435385,-42.89540473111652,itaborai,3,334.0,39.74,8,8,20.475968845202967,20.475968845202967,True
main,MCLP,10.0,15,-1,24890,-22.73521870942802,-42.727847609078914,tangua,6,504.88,131.16,10,10,23.495623129099208,23.495623129099208,True
main,MCLP,10.0,15,-1,24922,-22.94856570290517,-42.70343236618995,marica,2,78.9,30.700000000000003,10,10,14.329920998283052,14.329920998283052,True
main,MCLP,10.0,15,-1,24935,-22.95097062040013,-42.94683341061871,marica,6,691.6,118.01,8,8,10.87547553711942,10.87547553711942,True
main,MCLP,10.0,15,-1,24936,-22.954278207609654,-42.96711894755224,marica,16,2305.71,344.86,8,8,10.282495412934002,10.282495412934002,True
main,MCLP,10.0,15,-1,25220,-22.685430142678285,-43.24665539237965,duque de caxias,4,353.45000000000005,64.16,9,9,10.19269523663228,10.19269523663228,True
main,MCLP,10.0,15,-1,25740,-22.374645351841945,-43.12909370218015,petropolis,4,350.20000000000005,103.3,7,7,11.395084869095994,11.395084869095994,True
main,MCLP,10.0,15,-1,25745,-22.3915193770552,-43.10829358749547,petropolis,6,538.43,135.37,7,7,10.21271178480243,10.21271178480243,True
main,MCLP,10.0,15,-1,25750,-22.33852928975817,-43.12899883949998,petropolis,10,1118.48,243.37,7,7,15.36700782499512,15.36700782499512,True
main,MCLP,10.0,15,-1,25770,-22.26889273967007,-43.07681259121553,petropolis,5,457.79,154.81,7,7,24.129870998257644,24.129870998257644,True
main,MCLP,10.0,15,-1,25900,-22.651419516496585,-43.06655787630402,mage,18,1902.22,408.59,7,7,21.282584448847494,21.282584448847494,True
main,MCLP,10.0,15,-1,25901,-22.648338600540264,-43.0583437917855,mage,9,1310.87,168.63,7,7,21.320233891710295,21.320233891710295,True
main,MCLP,10.0,15,-1,25902,-22.65954574226225,-43.116827376350194,mage,1,146.0,29.36,9,9,19.537205477139103,19.537205477139103,True
main,MCLP,10.0,15,-1,25903,-22.641865834980965,-43.07245208309176,mage,3,289.88,49.1,7,7,20.068191779154468,20.068191779154468,True
main,MCLP,10.0,15,-1,25904,-22.65181465633809,-43.05361261025339,mage,1,1499.99,21.76,7,7,21.880792861043656,21.880792861043656,True
main,MCLP,10.0,15,-1,25905,-22.661390928999936,-43.03525083599993,mage,2,204.75000000000003,71.47,8,8,23.195150818927264,23.195150818927264,True
main,MCLP,10.0,15,-1,25907,-22.63855440197675,-43.16000184562523,mage,1,3.54,14.1,9,9,14.641832699842002,14.641832699842002,True
main,MCLP,10.0,15,-1,25908,-22.65815606716074,-43.11902674370239,mage,2,327.89,37.35,9,9,19.27599272996762,19.27599272996762,True
main,MCLP,10.0,15,-1,25911,-22.55907208815268,-43.044923138517305,mage,4,526.49,131.57,7,7,14.111552033520653,14.111552033520653,True
main,MCLP,10.0,15,-1,25912,-22.57019403842886,-43.058745435694526,mage,1,64.99,27.51,7,7,13.981018361309284,13.981018361309284,True
main,MCLP,10.0,15,-1,25914,-22.59381281247852,-43.06930284283151,mage,3,203.8,73.78,7,7,15.45432872285037,15.45432872285037,True
main,MCLP,10.0,15,-1,25921,-22.6525357703222,-43.12650100805483,mage,1,257.9,16.91,9,9,18.363398204439775,18.363398204439775,True
main,MCLP,10.0,15,-1,25922,-22.66003863059351,-43.1347885471764,mage,6,602.49,134.8,9,9,17.80365742310929,17.80365742310929,True
main,MCLP,10.0,15,-1,25925,-22.69368277179141,-43.10979273572445,mage,2,174.99,30.58,6,6,21.122909387077367,21.122909387077367,True
main,MCLP,10.0,15,-1,25926,-22.70142395223432,-43.15952521180791,mage,9,1116.8,259.76,11,11,17.23645927932319,17.23645927932319,True
main,MCLP,10.0,15,-1,25928,-22.63601681822644,-43.02534331618508,mage,1,379.8,38.42,7,7,21.861683698186063,21.861683698186063,True
main,MCLP,10.0,15,-1,25930,-22.68358467046409,-43.160534715770886,mage,1,89.9,16.39,9,9,16.512257909183006,16.512257909183006,True
main,MCLP,10.0,15,-1,25931,-22.615268497162027,-43.171211569125255,mage,12,1602.95,389.1,9,9,13.10367347080287,13.10367347080287,True
main,MCLP,10.0,15,-1,25932,-22.606414625881992,-43.16479917404288,mage,1,29.5,19.84,9,9,13.732580199583424,13.732580199583424,True
main,MCLP,10.0,15,-1,25933,-22.589725437213616,-43.18381309691644,mage,4,745.79,78.25999999999999,9,9,11.941872528689617,11.941872528689617,True
main,MCLP,10.0,15,-1,25935,-22.615933155012947,-43.17975719830376,mage,15,1657.62,241.65,9,9,12.234197867203257,12.234197867203257,True
main,MCLP,10.0,15,-1,25936,-22.62086490867415,-43.19203787685941,mage,2,102.0,38.98,9,9,11.039320919366814,11.039320919366814,True
main,MCLP,10.0,15,-1,25937,-22.64373828349399,-43.182944105487344,mage,2,258.9,41.34,9,9,12.541106557364204,12.541106557364204,True
main,MCLP,10.0,15,-1,25938,-22.6545713161462,-43.20333179891331,mage,3,670.2,61.77,9,9,11.099458953506128,11.099458953506128,True
main,MCLP,10.0,15,-1,25940,-22.617931893774944,-43.00412879602773,guapimirim,4,527.7,116.4,7,7,21.680372184972708,21.680372184972708,True
main,MCLP,10.0,15,-1,25943,-22.55101493109428,-42.98442049906716,guapimirim,3,129.9,47.22,7,7,18.81521672498776,18.81521672498776,True
main,MCLP,10.0,15,-1,25945,-22.528934117386,-42.98544280263765,guapimirim,1,124.99,14.62,7,7,17.75838795609237,17.75838795609237,True
main,MCLP,10.0,15,-1,25946,-22.527718078493137,-42.97826627951071,guapimirim,11,1815.77,266.41,7,7,18.41191974651748,18.41191974651748,True
main,MCLP,10.0,15,-1,25949,-22.51454665728784,-42.96902750677734,guapimirim,2,368.9,35.08,7,7,18.927747741965764,18.927747741965764,True
main,MCLP,10.0,15,-1,26316,-22.691702991594585,-43.594666387857934,queimados,1,49.8,14.52,12,12,11.177249257808983,11.177249257808983,True
main,MCLP,10.0,15,-1,26413,-22.696333434498968,-43.626641384369336,japeri,1,56.99,15.15,12,12,13.18034029170818,13.18034029170818,True
main,MCLP,10.0,15,-1,26420,-22.68450772983073,-43.61532318330367,japeri,2,216.8,39.86,12,12,13.190870821282497,13.190870821282497,True
main,MCLP,10.0,15,-1,26423,-22.6809778671,-43.61135654272859,japeri,1,75.0,14.7,12,12,13.198677729458073,13.198677729458073,True
main,MCLP,10.0,15,-1,26425,-22.68320829858776,-43.6136513869842,japeri,1,809.0,27.59,12,12,13.175998183213414,13.175998183213414,True
main,MCLP,10.0,15,-1,26430,-22.68817178316981,-43.60645936527142,japeri,3,256.99,47.4,12,12,12.268941482996613,12.268941482996613,True
main,MCLP,10.0,15,-1,26433,-22.650250797954484,-43.65355119895557,japeri,4,478.89,123.43,12,12,18.657313757133625,18.657313757133625,True
main,MCLP,10.0,15,-1,26435,-22.648997352455527,-43.65813095170957,japeri,4,352.69,185.08,12,12,19.088852693907,19.088852693907,True
main,MCLP,10.0,15,-1,26440,-22.6438955448154,-43.64300824279504,japeri,4,252.61,78.17,12,12,18.439617795031516,18.439617795031516,True
main,MCLP,10.0,15,-1,26443,-22.644806809224903,-43.65794599414254,japeri,2,164.32,47.07,12,12,19.40491487192381,19.40491487192381,True
main,MCLP,10.0,15,-1,26445,-22.674494004101163,-43.60813218912923,japeri,3,266.98,54.94,12,12,13.533372840972344,13.533372840972344,True
main,MCLP,10.0,15,-1,26450,-22.663207630218253,-43.610776285393406,japeri,1,229.99,18.86,12,12,14.692092845041367,14.692092845041367,True
main,MCLP,10.0,15,-1,26453,-22.66951051838989,-43.61452547990683,japeri,3,232.66000000000005,52.92999999999999,12,12,14.37737173549354,14.37737173549354,True
main,MCLP,10.0,15,-1,26455,-22.67373240752545,-43.59804565833488,japeri,1,109.9,16.53,12,12,12.978365728346196,12.978365728346196,True
main,MCLP,10.0,15,-1,26460,-22.67164263350668,-43.59088177051566,japeri,2,878.56,471.57,12,12,12.767335318817437,12.767335318817437,True
main,MCLP,10.0,15,-1,26470,-22.679545467450534,-43.593041196799824,japeri,1,18.9,15.1,12,12,12.154408027109248,12.154408027109248,True
main,MCLP,10.0,15,-1,26480,-22.667916878063743,-43.58577332849087,japeri,1,57.99,16.17,12,12,12.860640777794888,12.860640777794888,True
main,MCLP,10.0,15,-1,26600,-22.61483382699214,-43.705683375748585,paracambi,35,6571.96,944.27,12,12,25.2425082576641,25.2425082576641,True
main,MCLP,10.0,15,-1,28680,-22.470849051492323,-42.657121037845286,cachoeiras de macacu,19,1819.26,363.9,7,7,50.4789120536817,50.4789120536817,True
main,MCLP,10.0,15,-1,28695,-22.60367916043864,-42.74073968432629,cachoeiras de macacu,1,99.0,22.16,10,10,36.56943500292944,36.56943500292944,True
main,MCLP,10.0,15,-1,28800,-22.711927870432564,-42.63004113951235,rio bonito,27,4352.11,594.18,10,10,31.551660197352977,31.551660197352977,True
all_candidates_sensitivity,P-Median,3.0,90,-1,20531,-22.958246852875916,-43.27033293203977,rio de janeiro,8,3652.34,170.89,81,81,4.290548962315033,4.290548962315033,True
all_candidates_sensitivity,P-Median,3.0,90,-1,21645,-22.821385636314904,-43.39760318048674,rio de janeiro,2,129.9,33.32,22,22,3.1397192843693724,3.1397192843693724,True
all_candidates_sensitivity,P-Median,3.0,90,-1,21655,-22.818616394359942,-43.382598700728,rio de janeiro,2,160.8,50.26,46,46,3.190752001134744,3.190752001134744,True
all_candidates_sensitivity,P-Median,3.0,90,-1,21741,-22.88962788350659,-43.395124429249634,rio de janeiro,6,859.59,206.53,61,61,3.2936888817602794,3.2936888817602794,True
all_candidates_sensitivity,P-Median,3.0,90,-1,21832,-22.894998640111965,-43.490836960215546,rio de janeiro,9,731.6899999999999,193.47,82,82,3.6973179574672232,3.6973179574672232,True
all_candidates_sensitivity,P-Median,3.0,90,-1,21854,-22.845556518964184,-43.49501645648064,rio de janeiro,1,79.98,30.46,82,82,3.6621745097740868,3.6621745097740868,True
all_candidates_sensitivity,P-Median,3.0,90,-1,21911,-22.7900819429952,-43.17257319356364,rio de janeiro,9,1442.42,315.54,15,15,3.562624599069623,3.562624599069623,True
all_candidates_sensitivity,P-Median,3.0,90,-1,22452,-22.952645498107493,-43.30267070542142,rio de janeiro,2,145.88,55.7,76,76,3.244259610323008,3.244259610323008,True
all_candidates_sensitivity,P-Median,3.0,90,-1,22785,-22.979900329721087,-43.49176475913368,rio de janeiro,15,1410.98,285.8,66,66,4.4136035033195276,4.4136035033195276,True
all_candidates_sensitivity,P-Median,3.0,90,-1,23010,-22.885872200386764,-43.51372891804045,rio de janeiro,10,2100.65,230.17,1,1,3.508498312848428,3.508498312848428,True
all_candidates_sensitivity,P-Median,3.0,90,-1,23026,-22.99073734829478,-43.63045092144838,rio de janeiro,7,655.34,166.2,56,56,3.494256542524197,3.494256542524197,True
all_candidates_sensitivity,P-Median,3.0,90,-1,23027,-23.00123690831294,-43.64009513690838,rio de janeiro,1,40.0,22.21,56,56,5.014715914324815,5.014715914324815,True
all_candidates_sensitivity,P-Median,3.0,90,-1,23028,-22.98056296317437,-43.65998986714787,rio de janeiro,7,716.6,167.1,49,49,3.0894609973906055,3.0894609973906055,True
all_candidates_sensitivity,P-Median,3.0,90,-1,23032,-22.972563998366837,-43.64295047031437,rio de janeiro,11,3148.59,275.8,56,56,3.3098749254970157,3.3098749254970157,True
all_candidates_sensitivity,P-Median,3.0,90,-1,23065,-22.88293828358117,-43.625086210988606,rio de janeiro,9,843.28,229.3,51,51,3.055500084704429,3.055500084704429,True
all_candidates_sensitivity,P-Median,3.0,90,-1,23560,-22.898979722466947,-43.69930833968601,rio de janeiro,19,3971.18,343.15,42,42,3.6670862881297874,3.6670862881297874,True
all_candidates_sensitivity,P-Median,3.0,90,-1,23565,-22.897761741341185,-43.69665951306267,rio de janeiro,2,76.99000000000001,37.64,42,42,3.5522249052984605,3.5522249052984605,True
all_candidates_sensitivity,P-Median,3.0,90,-1,23825,-22.885828313712477,-43.82785584819327,itaguai,4,375.05,52.02,32,32,5.247586904063439,5.247586904063439,True
all_candidates_sensitivity,P-Median,3.0,90,-1,23826,-22.89560484133116,-43.84587026303256,itaguai,4,246.45,77.39,32,32,7.369783607662824,7.369783607662824,True
all_candidates_sensitivity,P-Median,3.0,90,-1,23831,-22.876635031970025,-43.80985126698182,itaguai,3,234.8,52.26,32,32,3.170248074822514,3.170248074822514,True
all_candidates_sensitivity,P-Median,3.0,90,-1,23893,-22.71072154468618,-43.69140232860298,seropedica,2,309.9,43.75,45,45,3.476725778636354,3.476725778636354,True
all_candidates_sensitivity,P-Median,3.0,90,-1,24330,-22.901199547746405,-42.991174595669065,niteroi,9,775.0,171.04,74,74,3.8958559308130356,3.8958559308130356,True
all_candidates_sensitivity,P-Median,3.0,90,-1,24471,-22.785600785156785,-43.04593640228686,sao goncalo,2,99.75,56.94,65,65,3.9141746834882976,3.9141746834882976,True
all_candidates_sensitivity,P-Median,3.0,90,-1,24472,-22.789315227589743,-43.03850388360695,sao goncalo,2,288.8,39.15,65,65,3.3518793578846737,3.3518793578846737,True
all_candidates_sensitivity,P-Median,3.0,90,-1,24473,-22.787988229533347,-43.03235624966042,sao goncalo,1,34.98,28.2,65,65,3.486211223259934,3.486211223259934,True
all_candidates_sensitivity,P-Median,3.0,90,-1,24475,-22.777267778897787,-43.027446308928425,sao goncalo,1,99.99,16.95,65,65,4.72940309765631,4.72940309765631,True
all_candidates_sensitivity,P-Median,3.0,90,-1,24716,-22.78988059417565,-43.00428047982366,sao goncalo,3,2863.9,102.5,8,8,3.3013118043683787,3.3013118043683787,True
all_candidates_sensitivity,P-Median,3.0,90,-1,24722,-22.796501747075485,-42.97622988470504,sao goncalo,9,1502.59,173.57,8,8,3.311411339896455,3.311411339896455,True
all_candidates_sensitivity,P-Median,3.0,90,-1,24723,-22.81762359087853,-42.94676360586466,sao goncalo,5,736.45,126.85,8,8,5.203303626132989,5.203303626132989,True
all_candidates_sensitivity,P-Median,3.0,90,-1,24724,-22.805769003517707,-42.95726724972363,sao goncalo,4,538.9,91.85,8,8,4.37602371140548,4.37602371140548,True
all_candidates_sensitivity,P-Median,3.0,90,-1,24726,-22.78851170276054,-42.958565788861314,sao goncalo,1,151.0,15.72,8,8,5.230694881838528,5.230694881838528,True
all_candidates_sensitivity,P-Median,3.0,90,-1,24734,-22.829471848017025,-42.9607569973706,sao goncalo,1,39.9,15.79,8,8,3.9458915420172604,3.9458915420172604,True
all_candidates_sensitivity,P-Median,3.0,90,-1,24735,-22.845883873637536,-42.95426308031982,sao goncalo,1,26.7,15.11,8,8,5.351915976285031,5.351915976285031,True
all_candidates_sensitivity,P-Median,3.0,90,-1,24737,-22.84162388029282,-42.96231323222136,sao goncalo,1,117.3,22.29,8,8,4.4037907041771405,4.4037907041771405,True
all_candidates_sensitivity,P-Median,3.0,90,-1,24738,-22.851785749069546,-42.94354284297728,sao goncalo,5,132.06,77.15,74,74,6.323116708291453,6.323116708291453,True
all_candidates_sensitivity,P-Median,3.0,90,-1,24802,-22.729006918491564,-42.83466835876695,itaborai,1,199.0,21.66,33,33,4.484648961508971,4.484648961508971,True
all_candidates_sensitivity,P-Median,3.0,90,-1,24805,-22.73533148939793,-42.83883774259336,itaborai,1,53.9,22.96,33,33,3.7698569347935047,3.7698569347935047,True
all_candidates_sensitivity,P-Median,3.0,90,-1,24830,-22.7113078008679,-42.87331425316652,itaborai,1,45.9,15.56,33,33,4.326718660875606,4.326718660875606,True
all_candidates_sensitivity,P-Median,3.0,90,-1,24846,-22.71538558398837,-42.80638584132024,itaborai,2,153.8,30.58,33,33,7.752139093050434,7.752139093050434,True
all_candidates_sensitivity,P-Median,3.0,90,-1,24855,-22.773459679480904,-42.91565441771825,itaborai,3,485.88,69.33,33,33,5.180730591277122,5.180730591277122,True
all_candidates_sensitivity,P-Median,3.0,90,-1,24856,-22.75807913856637,-42.91063311206234,itaborai,1,145.0,15.76,33,33,4.06959529022247,4.06959529022247,True
all_candidates_sensitivity,P-Median,3.0,90,-1,24858,-22.77209935726771,-42.92264307986124,itaborai,6,512.78,120.95,33,33,5.746924876008807,5.746924876008807,True
all_candidates_sensitivity,P-Median,3.0,90,-1,24859,-22.77340230558587,-42.90984766620826,itaborai,2,57.9,38.85,33,33,4.670799949647672,4.670799949647672,True
all_candidates_sensitivity,P-Median,3.0,90,-1,24866,-22.73373117887529,-42.93276530734327,itaborai,2,95.9,33.52,33,33,6.506971083700149,6.506971083700149,True
all_candidates_sensitivity,P-Median,3.0,90,-1,24876,-22.7125342435385,-42.89540473111652,itaborai,3,334.0,39.74,33,33,4.833244077439372,4.833244077439372,True
all_candidates_sensitivity,P-Median,3.0,90,-1,24890,-22.73521870942802,-42.727847609078914,tangua,6,504.88,131.16,16,16,10.360342865340115,10.360342865340115,True
all_candidates_sensitivity,P-Median,3.0,90,-1,24915,-22.955984494690547,-42.80761537855785,marica,3,326.70000000000005,89.65,50,50,5.396034578680859,5.396034578680859,True
all_candidates_sensitivity,P-Median,3.0,90,-1,24916,-22.94457633335577,-42.82844129113664,marica,2,265.99,43.8,50,50,3.4263217820725576,3.4263217820725576,True
all_candidates_sensitivity,P-Median,3.0,90,-1,24921,-22.95260981760148,-42.808872638137295,marica,1,95.9,22.99,50,50,5.008403685717027,5.008403685717027,True
all_candidates_sensitivity,P-Median,3.0,90,-1,24922,-22.94856570290517,-42.70343236618995,marica,2,78.9,30.700000000000003,50,50,13.959387596655228,13.959387596655228,True
all_candidates_sensitivity,P-Median,3.0,90,-1,24931,-22.93464894999394,-42.88228044187334,marica,9,1258.29,235.18,18,18,3.0181532124260686,3.0181532124260686,True
all_candidates_sensitivity,P-Median,3.0,90,-1,24933,-22.9565929719624,-42.88349437707549,marica,8,615.57,182.63,18,18,3.7932311937191123,3.7932311937191123,True
all_candidates_sensitivity,P-Median,3.0,90,-1,24940,-22.92600502136488,-42.940013982950965,marica,2,254.0,69.69,18,18,3.0456434843336795,3.0456434843336795,True
all_candidates_sensitivity,P-Median,3.0,90,-1,24943,-22.909483056983007,-42.92582680004856,marica,5,407.86,113.57,18,18,3.1364898712426093,3.1364898712426093,True
all_candidates_sensitivity,P-Median,3.0,90,-1,24944,-22.895520218492944,-42.93694066986552,marica,5,280.3,84.59,18,18,5.0473427320727575,5.0473427320727575,True
all_candidates_sensitivity,P-Median,3.0,90,-1,25010,-22.79046925687479,-43.31481452785819,duque de caxias,3,434.3,129.0,26,26,3.2871096560671176,3.2871096560671176,True
all_candidates_sensitivity,P-Median,3.0,90,-1,25025,-22.78456265700059,-43.3231360919681,duque de caxias,5,335.63,81.79,26,26,3.259780766573148,3.259780766573148,True
all_candidates_sensitivity,P-Median,3.0,90,-1,25085,-22.79583417251553,-43.291526151554045,duque de caxias,1,259.0,16.69,26,26,3.648975997877764,3.648975997877764,True
all_candidates_sensitivity,P-Median,3.0,90,-1,25212,-22.676473601000435,-43.25702002542332,duque de caxias,9,1436.97,288.01,17,17,3.194109999555658,3.194109999555658,True
all_candidates_sensitivity,P-Median,3.0,90,-1,25214,-22.689731933072384,-43.26636955304457,duque de caxias,6,748.4300000000001,115.28,17,17,4.131770635184067,4.131770635184067,True
all_candidates_sensitivity,P-Median,3.0,90,-1,25215,-22.682590790490558,-43.27404135699872,duque de caxias,4,199.72,92.26,17,17,3.2261680337862537,3.2261680337862537,True
all_candidates_sensitivity,P-Median,3.0,90,-1,25220,-22.685430142678285,-43.24665539237965,duque de caxias,4,353.45000000000005,64.16,17,17,4.637122784240623,4.637122784240623,True
all_candidates_sensitivity,P-Median,3.0,90,-1,25223,-22.683322481003053,-43.25395359470418,duque de caxias,2,118.99,34.24,17,17,3.9960955310831414,3.9960955310831414,True
all_candidates_sensitivity,P-Median,3.0,90,-1,25225,-22.696323342560508,-43.271184575072574,duque de caxias,3,251.88,74.93,17,17,4.772061500234146,4.772061500234146,True
all_candidates_sensitivity,P-Median,3.0,90,-1,25230,-22.689741624685315,-43.2826886930124,duque de caxias,1,29.9,18.31,17,17,4.075868678002638,4.075868678002638,True
all_candidates_sensitivity,P-Median,3.0,90,-1,25231,-22.683563816603137,-43.29906896652288,duque de caxias,1,227.9,16.48,17,17,4.091111882058235,4.091111882058235,True
all_candidates_sensitivity,P-Median,3.0,90,-1,25233,-22.70350739511343,-43.29957916081139,duque de caxias,4,912.05,112.24,83,83,3.161792010047053,3.161792010047053,True
all_candidates_sensitivity,P-Median,3.0,90,-1,25241,-22.571208,-43.31268449999998,duque de caxias,1,59.99,16.18,25,25,4.265222256792289,4.265222256792289,True
all_candidates_sensitivity,P-Median,3.0,90,-1,25264,-22.64520106741496,-43.23736687845677,duque de caxias,4,279.78,73.97,17,17,4.062711348392626,4.062711348392626,True
all_candidates_sensitivity,P-Median,3.0,90,-1,25265,-22.649550626444302,-43.23034128992175,duque de caxias,1,149.99,40.38,17,17,4.696010824957064,4.696010824957064,True
all_candidates_sensitivity,P-Median,3.0,90,-1,25266,-22.63876728053192,-43.2218184372897,duque de caxias,4,668.7,86.51,43,43,5.008314154719811,5.008314154719811,True
all_candidates_sensitivity,P-Median,3.0,90,-1,25267,-22.63517083859032,-43.24735328154284,duque de caxias,2,689.2,58.16,17,17,3.5760228292641614,3.5760228292641614,True
all_candidates_sensitivity,P-Median,3.0,90,-1,25270,-22.623874594466177,-43.23981472381287,duque de caxias,1,19.0,15.23,17,17,4.9650938998361545,4.9650938998361545,True
all_candidates_sensitivity,P-Median,3.0,90,-1,25271,-22.63746113941411,-43.22617580587021,duque de caxias,5,422.38,76.13,43,43,5.33182210806411,5.33182210806411,True
all_candidates_sensitivity,P-Median,3.0,90,-1,25272,-22.62425914893622,-43.21652128956865,duque de caxias,1,319.0,16.98,43,43,3.8854305918138023,3.8854305918138023,True
all_candidates_sensitivity,P-Median,3.0,90,-1,25275,-22.63887775891837,-43.22692540844416,duque de caxias,3,389.8,69.43,17,17,5.285693201854514,5.285693201854514,True
all_candidates_sensitivity,P-Median,3.0,90,-1,25570,-22.767755472400367,-43.351648773854414,sao joao de meriti,5,1388.79,107.51,46,46,3.539859755950797,3.539859755950797,True
all_candidates_sensitivity,P-Median,3.0,90,-1,25571,-22.764428655824528,-43.34634958376359,sao joao de meriti,4,540.89,62.34,46,46,4.185570252396787,4.185570252396787,True
all_candidates_sensitivity,P-Median,3.0,90,-1,25575,-22.770524738786182,-43.34087058368249,sao joao de meriti,2,219.97,76.73,46,46,4.208942584511028,4.208942584511028,True
all_candidates_sensitivity,P-Median,3.0,90,-1,25580,-22.78335138297888,-43.34124145850288,sao joao de meriti,3,226.8,51.02,46,46,3.6188619262072654,3.6188619262072654,True
all_candidates_sensitivity,P-Median,3.0,90,-1,25585,-22.79367354642019,-43.33816809639405,sao joao de meriti,9,821.9,167.06,46,46,3.8564078065092415,3.8564078065092415,True
all_candidates_sensitivity,P-Median,3.0,90,-1,25670,-22.489507019910214,-43.210414436144696,petropolis,1,103.9,16.32,19,19,3.920113391960279,3.920113391960279,True
all_candidates_sensitivity,P-Median,3.0,90,-1,25710,-22.475562635890437,-43.148370152985294,petropolis,16,2736.4,646.96,63,63,4.753622875107286,4.753622875107286,True
all_candidates_sensitivity,P-Median,3.0,90,-1,25715,-22.47150966453406,-43.1620277638875,petropolis,6,572.8,97.59,63,63,4.520840378598261,4.520840378598261,True
all_candidates_sensitivity,P-Median,3.0,90,-1,25725,-22.427894024726776,-43.20138979903541,petropolis,3,345.89,55.44,28,28,7.50627018056066,7.50627018056066,True
all_candidates_sensitivity,P-Median,3.0,90,-1,25740,-22.374645351841945,-43.12909370218015,petropolis,4,350.20000000000005,103.3,28,28,3.783983897487318,3.783983897487318,True
all_candidates_sensitivity,P-Median,3.0,90,-1,25745,-22.3915193770552,-43.10829358749547,petropolis,6,538.43,135.37,28,28,3.0426843783169697,3.0426843783169697,True
all_candidates_sensitivity,P-Median,3.0,90,-1,25770,-22.26889273967007,-43.07681259121553,petropolis,5,457.79,154.81,87,87,9.422360706427899,9.422360706427899,True
all_candidates_sensitivity,P-Median,3.0,90,-1,25902,-22.65954574226225,-43.116827376350194,mage,1,146.0,29.36,23,23,5.236948437339889,5.236948437339889,True
all_candidates_sensitivity,P-Median,3.0,90,-1,25905,-22.661390928999936,-43.03525083599993,mage,2,204.75000000000003,71.47,23,23,3.398507960934215,3.398507960934215,True
all_candidates_sensitivity,P-Median,3.0,90,-1,25907,-22.63855440197675,-43.16000184562523,mage,1,3.54,14.1,43,43,3.2308366119146585,3.2308366119146585,True
all_candidates_sensitivity,P-Median,3.0,90,-1,25908,-22.65815606716074,-43.11902674370239,mage,2,327.89,37.35,23,23,5.435978311284468,5.435978311284468,True
all_candidates_sensitivity,P-Median,3.0,90,-1,25911,-22.55907208815268,-43.044923138517305,mage,4,526.49,131.57,48,48,7.682241806526274,7.682241806526274,True
all_candidates_sensitivity,P-Median,3.0,90,-1,25912,-22.57019403842886,-43.058745435694526,mage,1,64.99,27.51,23,23,9.06740526925756,9.06740526925756,True
all_candidates_sensitivity,P-Median,3.0,90,-1,25914,-22.59381281247852,-43.06930284283151,mage,3,203.8,73.78,23,23,6.411775132825314,6.411775132825314,True
all_candidates_sensitivity,P-Median,3.0,90,-1,25921,-22.6525357703222,-43.12650100805483,mage,1,257.9,16.91,23,23,6.152474028008448,6.152474028008448,True
all_candidates_sensitivity,P-Median,3.0,90,-1,25922,-22.66003863059351,-43.1347885471764,mage,6,602.49,134.8,59,59,5.255267252699163,5.255267252699163,True
all_candidates_sensitivity,P-Median,3.0,90,-1,25925,-22.69368277179141,-43.10979273572445,mage,2,174.99,30.58,59,59,5.173840220312422,5.173840220312422,True
all_candidates_sensitivity,P-Median,3.0,90,-1,25928,-22.63601681822644,-43.02534331618508,mage,1,379.8,38.42,23,23,4.5632036109954734,4.5632036109954734,True
all_candidates_sensitivity,P-Median,3.0,90,-1,25937,-22.64373828349399,-43.182944105487344,mage,2,258.9,41.34,43,43,3.1090467937104087,3.1090467937104087,True
all_candidates_sensitivity,P-Median,3.0,90,-1,25938,-22.6545713161462,-43.20333179891331,mage,3,670.2,61.77,43,43,4.930784028022416,4.930784028022416,True
all_candidates_sensitivity,P-Median,3.0,90,-1,25940,-22.617931893774944,-43.00412879602773,guapimirim,4,527.7,116.4,23,23,7.410597948967999,7.410597948967999,True
all_candidates_sensitivity,P-Median,3.0,90,-1,26032,-22.73116848461293,-43.4796971945155,nova iguacu,5,382.69,84.94,53,53,3.0515332786722276,3.0515332786722276,True
all_candidates_sensitivity,P-Median,3.0,90,-1,26050,-22.692333946397017,-43.4678329284204,nova iguacu,4,370.59,85.26,53,53,3.2633010997198135,3.2633010997198135,True
all_candidates_sensitivity,P-Median,3.0,90,-1,26052,-22.682661738953115,-43.44763426447411,nova iguacu,7,912.53,204.37,53,53,4.022635912032282,4.022635912032282,True
all_candidates_sensitivity,P-Median,3.0,90,-1,26053,-22.676424784708487,-43.46514837118791,nova iguacu,2,271.99,49.42,53,53,4.8281864947057525,4.8281864947057525,True
all_candidates_sensitivity,P-Median,3.0,90,-1,26062,-22.6632991804878,-43.42190649887993,nova iguacu,1,134.9,23.81,53,53,6.928628048118908,6.928628048118908,True
all_candidates_sensitivity,P-Median,3.0,90,-1,26085,-22.7378823853966,-43.540626520424674,nova iguacu,2,176.86,43.99,13,13,3.289407518429638,3.289407518429638,True
all_candidates_sensitivity,P-Median,3.0,90,-1,26143,-22.72777921195433,-43.41907983538552,belford roxo,1,146.99,20.52,64,64,3.272174824121372,3.272174824121372,True
all_candidates_sensitivity,P-Median,3.0,90,-1,26173,-22.7293974724831,-43.35646929692585,belford roxo,3,308.8,81.37,83,83,3.6471200705996605,3.6471200705996605,True
all_candidates_sensitivity,P-Median,3.0,90,-1,26178,-22.71708005610544,-43.37621943740937,belford roxo,4,344.6,86.10999999999999,64,64,3.0433160290273995,3.0433160290273995,True
all_candidates_sensitivity,P-Median,3.0,90,-1,26193,-22.74371498675422,-43.34181565153629,belford roxo,3,289.18,49.6,83,83,3.064931652402926,3.064931652402926,True
all_candidates_sensitivity,P-Median,3.0,90,-1,26281,-22.739051517422563,-43.47469667232987,nova iguacu,4,319.92,179.04000000000002,70,70,3.1393154092033555,3.1393154092033555,True
all_candidates_sensitivity,P-Median,3.0,90,-1,26291,-22.775922205954583,-43.53552518598715,nova iguacu,4,1112.41,89.05,71,71,3.9359347830467564,3.9359347830467564,True
all_candidates_sensitivity,P-Median,3.0,90,-1,26292,-22.765111723156878,-43.559026201122336,nova iguacu,6,1152.69,121.1,13,13,5.298288925451235,5.298288925451235,True
all_candidates_sensitivity,P-Median,3.0,90,-1,26293,-22.79249083598364,-43.57524682495404,nova iguacu,1,265.0,45.85,86,86,7.283548367125678,7.283548367125678,True
all_candidates_sensitivity,P-Median,3.0,90,-1,26296,-22.80012558975328,-43.59358340822262,nova iguacu,3,1570.89,98.69,86,86,5.270664390028443,5.270664390028443,True
all_candidates_sensitivity,P-Median,3.0,90,-1,26297,-22.81315246690653,-43.58884053145267,nova iguacu,3,503.8,76.75,86,86,5.714776744238904,5.714776744238904,True
all_candidates_sensitivity,P-Median,3.0,90,-1,26298,-22.821289601573383,-43.58391704635197,nova iguacu,5,1986.86,132.22,86,86,6.365714693585744,6.365714693585744,True
all_candidates_sensitivity,P-Median,3.0,90,-1,26299,-22.84103615023977,-43.61515804577371,nova iguacu,1,148.9,20.23,86,86,4.74240101019026,4.74240101019026,True
all_candidates_sensitivity,P-Median,3.0,90,-1,26316,-22.691702991594585,-43.594666387857934,queimados,1,49.8,14.52,78,78,3.2001230220717476,3.2001230220717476,True
all_candidates_sensitivity,P-Median,3.0,90,-1,26330,-22.73569440043516,-43.542197211853576,queimados,2,224.9,42.96,13,13,3.0063929793869058,3.0063929793869058,True
all_candidates_sensitivity,P-Median,3.0,90,-1,26382,-22.692331349282565,-43.531816681604255,queimados,1,120.0,16.6,2,2,3.1567699539555045,3.1567699539555045,True
all_candidates_sensitivity,P-Median,3.0,90,-1,26413,-22.696333434498968,-43.626641384369336,japeri,1,56.99,15.15,78,78,3.231233885260104,3.231233885260104,True
all_candidates_sensitivity,P-Median,3.0,90,-1,26433,-22.650250797954484,-43.65355119895557,japeri,4,478.89,123.43,78,78,4.541187064844241,4.541187064844241,True
all_candidates_sensitivity,P-Median,3.0,90,-1,26435,-22.648997352455527,-43.65813095170957,japeri,4,352.69,185.08,78,78,5.022302309148517,5.022302309148517,True
all_candidates_sensitivity,P-Median,3.0,90,-1,26440,-22.6438955448154,-43.64300824279504,japeri,4,252.61,78.17,78,78,4.081047294269835,4.081047294269835,True
all_candidates_sensitivity,P-Median,3.0,90,-1,26443,-22.644806809224903,-43.65794599414254,japeri,2,164.32,47.07,78,78,5.234260496404304,5.234260496404304,True
all_candidates_sensitivity,P-Median,3.0,90,-1,28695,-22.60367916043864,-42.74073968432629,cachoeiras de macacu,1,99.0,22.16,16,16,16.550308693700245,16.550308693700245,True
all_candidates_sensitivity,MCLP,3.0,64,-1,20531,-22.958246852875916,-43.27033293203977,rio de janeiro,8,3652.34,170.89,57,57,4.290548962315033,4.290548962315033,True
all_candidates_sensitivity,MCLP,3.0,64,-1,21236,-22.8396852659843,-43.33712480023102,rio de janeiro,1,65.99,14.21,59,59,3.367336599543769,3.367336599543769,True
all_candidates_sensitivity,MCLP,3.0,64,-1,21381,-22.87907528708003,-43.314672063074205,rio de janeiro,8,2280.59,197.33,9,9,3.0532602457520834,3.0532602457520834,True
all_candidates_sensitivity,MCLP,3.0,64,-1,21520,-22.810998397638027,-43.3618771585306,rio de janeiro,3,293.9,65.73,25,25,3.1035894361039706,3.1035894361039706,True
all_candidates_sensitivity,MCLP,3.0,64,-1,21532,-22.8130814021041,-43.36036408098235,rio de janeiro,1,27.0,15.11,25,25,3.328346356972708,3.328346356972708,True
all_candidates_sensitivity,MCLP,3.0,64,-1,21535,-22.8194481093076,-43.35408490190018,rio de janeiro,2,92.89,35.27,59,59,3.0030647222947215,3.0030647222947215,True
all_candidates_sensitivity,MCLP,3.0,64,-1,21545,-22.8432861377694,-43.34344431819371,rio de janeiro,4,713.58,117.04,9,9,3.0206868203868527,3.0206868203868527,True
all_candidates_sensitivity,MCLP,3.0,64,-1,21630,-22.825649495444644,-43.41164984676431,rio de janeiro,5,654.5999999999999,84.78,14,14,3.7904576807425925,3.7904576807425925,True
all_candidates_sensitivity,MCLP,3.0,64,-1,21635,-22.83290297152516,-43.41230278119793,rio de janeiro,2,146.9,38.61,26,26,3.698022435763124,3.698022435763124,True
all_candidates_sensitivity,MCLP,3.0,64,-1,21854,-22.845556518964184,-43.49501645648064,rio de janeiro,1,79.98,30.46,55,55,4.017067704930669,4.017067704930669,True
all_candidates_sensitivity,MCLP,3.0,64,-1,21932,-22.80486286271774,-43.22572822631956,rio de janeiro,4,789.78,126.70999999999998,18,18,4.6156265646369325,4.6156265646369325,True
all_candidates_sensitivity,MCLP,3.0,64,-1,22211,-22.923384297280904,-43.179530436549925,rio de janeiro,4,576.88,85.53,4,4,3.2110356696601214,3.2110356696601214,True
all_candidates_sensitivity,MCLP,3.0,64,-1,22452,-22.952645498107493,-43.30267070542142,rio de janeiro,2,145.88,55.7,17,17,3.406178329381465,3.406178329381465,True
all_candidates_sensitivity,MCLP,3.0,64,-1,22611,-23.008068841447862,-43.29861176534447,rio de janeiro,8,977.64,154.16,11,11,3.860502981179359,3.860502981179359,True
all_candidates_sensitivity,MCLP,3.0,64,-1,22785,-22.979900329721087,-43.49176475913368,rio de janeiro,15,1410.98,285.8,43,43,4.4136035033195276,4.4136035033195276,True
all_candidates_sensitivity,MCLP,3.0,64,-1,23020,-23.0049905225767,-43.54784520457546,rio de janeiro,17,2349.81,324.69,45,45,6.971255341298399,6.971255341298399,True
all_candidates_sensitivity,MCLP,3.0,64,-1,23026,-22.99073734829478,-43.63045092144838,rio de janeiro,7,655.34,166.2,45,45,3.970627942976585,3.970627942976585,True
all_candidates_sensitivity,MCLP,3.0,64,-1,23027,-23.00123690831294,-43.64009513690838,rio de janeiro,1,40.0,22.21,40,40,5.184850092089466,5.184850092089466,True
all_candidates_sensitivity,MCLP,3.0,64,-1,23032,-22.972563998366837,-43.64295047031437,rio de janeiro,11,3148.59,275.8,40,40,3.90571110240792,3.90571110240792,True
all_candidates_sensitivity,MCLP,3.0,64,-1,23056,-22.91818988167744,-43.61235085654186,rio de janeiro,5,373.78,85.81,42,42,3.5686786815283904,3.5686786815283904,True
all_candidates_sensitivity,MCLP,3.0,64,-1,23525,-22.94503552262656,-43.67692431410214,rio de janeiro,5,470.63,61.82,40,40,3.2303767226087223,3.2303767226087223,True
all_candidates_sensitivity,MCLP,3.0,64,-1,23547,-22.93249321644976,-43.62300753113864,rio de janeiro,2,145.89,35.370000000000005,21,21,3.797836545980927,3.797836545980927,True
all_candidates_sensitivity,MCLP,3.0,64,-1,23825,-22.885828313712477,-43.82785584819327,itaguai,4,375.05,52.02,49,49,5.060180089364878,5.060180089364878,True
all_candidates_sensitivity,MCLP,3.0,64,-1,23826,-22.89560484133116,-43.84587026303256,itaguai,4,246.45,77.39,49,49,7.2019453688523996,7.2019453688523996,True
all_candidates_sensitivity,MCLP,3.0,64,-1,23890,-22.787688375690134,-43.64890166112607,seropedica,3,218.6,62.87,42,42,11.446644962544404,11.446644962544404,True
all_candidates_sensitivity,MCLP,3.0,64,-1,23893,-22.71072154468618,-43.69140232860298,seropedica,2,309.9,43.75,51,51,10.762468500970497,10.762468500970497,True
all_candidates_sensitivity,MCLP,3.0,64,-1,23894,-22.74100679492528,-43.6998298199384,seropedica,9,820.27,181.35,51,51,14.042661373451415,14.042661373451415,True
all_candidates_sensitivity,MCLP,3.0,64,-1,23895,-22.746274001626645,-43.708503424610186,seropedica,9,1833.81,411.09,51,51,14.618364215385649,14.618364215385649,True
all_candidates_sensitivity,MCLP,3.0,64,-1,23897,-22.792366849451536,-43.662640119980665,seropedica,2,144.98,33.01,42,42,11.341224652593299,11.341224652593299,True
all_candidates_sensitivity,MCLP,3.0,64,-1,23898,-22.80791081625367,-43.644304412473865,seropedica,8,1063.59,133.13,42,42,9.14934543535891,9.14934543535891,True
all_candidates_sensitivity,MCLP,3.0,64,-1,24111,-22.86398451494475,-43.09252306679081,niteroi,2,74.9,35.06,2,2,3.067166774834152,3.067166774834152,True
all_candidates_sensitivity,MCLP,3.0,64,-1,24348,-22.970402738373885,-43.03213294708582,niteroi,5,414.14,88.77,20,20,3.4416847717260395,3.4416847717260395,True
all_candidates_sensitivity,MCLP,3.0,64,-1,24370,-22.92466477380604,-43.09986986144608,niteroi,4,2545.9,105.53,29,29,4.071984981630713,4.071984981630713,True
all_candidates_sensitivity,MCLP,3.0,64,-1,24716,-22.78988059417565,-43.00428047982366,sao goncalo,3,2863.9,102.5,46,46,4.069859479826342,4.069859479826342,True
all_candidates_sensitivity,MCLP,3.0,64,-1,24735,-22.845883873637536,-42.95426308031982,sao goncalo,1,26.7,15.11,46,46,4.2470560319458635,4.2470560319458635,True
all_candidates_sensitivity,MCLP,3.0,64,-1,24737,-22.84162388029282,-42.96231323222136,sao goncalo,1,117.3,22.29,46,46,3.504445006951387,3.504445006951387,True
all_candidates_sensitivity,MCLP,3.0,64,-1,24738,-22.851785749069546,-42.94354284297728,sao goncalo,5,132.06,77.15,46,46,5.361029421555471,5.361029421555471,True
all_candidates_sensitivity,MCLP,3.0,64,-1,24813,-22.75411758328793,-42.88883553024611,itaborai,1,260.0,37.42,50,50,3.491572760073031,3.491572760073031,True
all_candidates_sensitivity,MCLP,3.0,64,-1,24830,-22.7113078008679,-42.87331425316652,itaborai,1,45.9,15.56,50,50,3.8396989324029343,3.8396989324029343,True
all_candidates_sensitivity,MCLP,3.0,64,-1,24846,-22.71538558398837,-42.80638584132024,itaborai,2,153.8,30.58,50,50,6.020702582912501,6.020702582912501,True
all_candidates_sensitivity,MCLP,3.0,64,-1,24855,-22.773459679480904,-42.91565441771825,itaborai,3,485.88,69.33,50,50,6.9121735506211435,6.9121735506211435,True
all_candidates_sensitivity,MCLP,3.0,64,-1,24856,-22.75807913856637,-42.91063311206234,itaborai,1,145.0,15.76,50,50,5.746146571490721,5.746146571490721,True
all_candidates_sensitivity,MCLP,3.0,64,-1,24858,-22.77209935726771,-42.92264307986124,itaborai,6,512.78,120.95,46,46,6.705932682755194,6.705932682755194,True
all_candidates_sensitivity,MCLP,3.0,64,-1,24859,-22.77340230558587,-42.90984766620826,itaborai,2,57.9,38.85,50,50,6.399412159314928,6.399412159314928,True
all_candidates_sensitivity,MCLP,3.0,64,-1,24866,-22.73373117887529,-42.93276530734327,itaborai,2,95.9,33.52,50,50,7.809205867951098,7.809205867951098,True
all_candidates_sensitivity,MCLP,3.0,64,-1,24876,-22.7125342435385,-42.89540473111652,itaborai,3,334.0,39.74,50,50,5.141326995507317,5.141326995507317,True
all_candidates_sensitivity,MCLP,3.0,64,-1,24890,-22.73521870942802,-42.727847609078914,tangua,6,504.88,131.16,58,58,10.360342865340115,10.360342865340115,True
all_candidates_sensitivity,MCLP,3.0,64,-1,24910,-22.895953023136546,-42.84243328776303,marica,1,9.9,15.23,37,37,3.7050470280946617,3.7050470280946617,True
all_candidates_sensitivity,MCLP,3.0,64,-1,24915,-22.955984494690547,-42.80761537855785,marica,3,326.70000000000005,89.65,37,37,3.9142365725088077,3.9142365725088077,True
all_candidates_sensitivity,MCLP,3.0,64,-1,24921,-22.95260981760148,-42.808872638137295,marica,1,95.9,22.99,37,37,3.533868974145447,3.533868974145447,True
all_candidates_sensitivity,MCLP,3.0,64,-1,24922,-22.94856570290517,-42.70343236618995,marica,2,78.9,30.700000000000003,37,37,13.111834865612579,13.111834865612579,True
all_candidates_sensitivity,MCLP,3.0,64,-1,24937,-22.95115200845083,-42.99376127553226,marica,2,269.98,30.54,61,61,4.8051123481246,4.8051123481246,True
all_candidates_sensitivity,MCLP,3.0,64,-1,24942,-22.93102569180272,-42.92272114486791,marica,5,378.47,78.97999999999999,61,61,3.318886778562327,3.318886778562327,True
all_candidates_sensitivity,MCLP,3.0,64,-1,24943,-22.909483056983007,-42.92582680004856,marica,5,407.86,113.57,61,61,5.090150137230876,5.090150137230876,True
all_candidates_sensitivity,MCLP,3.0,64,-1,24944,-22.895520218492944,-42.93694066986552,marica,5,280.3,84.59,61,61,6.248496932795861,6.248496932795861,True
all_candidates_sensitivity,MCLP,3.0,64,-1,25071,-22.78540692093292,-43.301837011358415,duque de caxias,2,128.78,110.98,28,28,3.413169939191161,3.413169939191161,True
all_candidates_sensitivity,MCLP,3.0,64,-1,25085,-22.79583417251553,-43.291526151554045,duque de caxias,1,259.0,16.69,59,59,3.940955511608688,3.940955511608688,True
all_candidates_sensitivity,MCLP,3.0,64,-1,25231,-22.683563816603137,-43.29906896652288,duque de caxias,1,227.9,16.48,36,36,4.011283066734961,4.011283066734961,True
all_candidates_sensitivity,MCLP,3.0,64,-1,25233,-22.70350739511343,-43.29957916081139,duque de caxias,4,912.05,112.24,48,48,4.101895934114729,4.101895934114729,True
all_candidates_sensitivity,MCLP,3.0,64,-1,25241,-22.571208,-43.31268449999998,duque de caxias,1,59.99,16.18,62,62,9.742452884601027,9.742452884601027,True
all_candidates_sensitivity,MCLP,3.0,64,-1,25243,-22.659524930411084,-43.296332311051046,duque de caxias,2,154.9,24.08,36,36,3.6805857195330756,3.6805857195330756,True
all_candidates_sensitivity,MCLP,3.0,64,-1,25245,-22.59128608480469,-43.312298090959736,duque de caxias,4,1164.39,183.36,62,62,7.918090060874419,7.918090060874419,True
all_candidates_sensitivity,MCLP,3.0,64,-1,25250,-22.60728606434383,-43.29857473776487,duque de caxias,13,1324.26,320.51,62,62,5.651251723106653,5.651251723106653,True
all_candidates_sensitivity,MCLP,3.0,64,-1,25253,-22.612060153892077,-43.28185276890751,duque de caxias,2,96.0,45.620000000000005,62,62,4.219239114774782,4.219239114774782,True
all_candidates_sensitivity,MCLP,3.0,64,-1,25265,-22.649550626444302,-43.23034128992175,duque de caxias,1,149.99,40.38,62,62,3.286415107613209,3.286415107613209,True
all_candidates_sensitivity,MCLP,3.0,64,-1,25266,-22.63876728053192,-43.2218184372897,duque de caxias,4,668.7,86.51,62,62,4.190608248151382,4.190608248151382,True
all_candidates_sensitivity,MCLP,3.0,64,-1,25270,-22.623874594466177,-43.23981472381287,duque de caxias,1,19.0,15.23,62,62,3.2981536370581104,3.2981536370581104,True
all_candidates_sensitivity,MCLP,3.0,64,-1,25271,-22.63746113941411,-43.22617580587021,duque de caxias,5,422.38,76.13,62,62,3.7818564595189494,3.7818564595189494,True
all_candidates_sensitivity,MCLP,3.0,64,-1,25272,-22.62425914893622,-43.21652128956865,duque de caxias,1,319.0,16.98,52,52,3.8854305918138023,3.8854305918138023,True
all_candidates_sensitivity,MCLP,3.0,64,-1,25275,-22.63887775891837,-43.22692540844416,duque de caxias,3,389.8,69.43,62,62,3.673161562701463,3.673161562701463,True
all_candidates_sensitivity,MCLP,3.0,64,-1,25530,-22.80597341277987,-43.3903648173854,sao joao de meriti,2,116.89,38.19,14,14,3.0556115903106646,3.0556115903106646,True
all_candidates_sensitivity,MCLP,3.0,64,-1,25670,-22.489507019910214,-43.210414436144696,petropolis,1,103.9,16.32,27,27,3.628291487418848,3.628291487418848,True
all_candidates_sensitivity,MCLP,3.0,64,-1,25725,-22.427894024726776,-43.20138979903541,petropolis,3,345.89,55.44,53,53,6.240026016201828,6.240026016201828,True
all_candidates_sensitivity,MCLP,3.0,64,-1,25740,-22.374645351841945,-43.12909370218015,petropolis,4,350.20000000000005,103.3,53,53,6.5163069069230595,6.5163069069230595,True
all_candidates_sensitivity,MCLP,3.0,64,-1,25745,-22.3915193770552,-43.10829358749547,petropolis,6,538.43,135.37,53,53,5.630163866912036,5.630163866912036,True
all_candidates_sensitivity,MCLP,3.0,64,-1,25750,-22.33852928975817,-43.12899883949998,petropolis,10,1118.48,243.37,53,53,10.490108325022312,10.490108325022312,True
all_candidates_sensitivity,MCLP,3.0,64,-1,25770,-22.26889273967007,-43.07681259121553,petropolis,5,457.79,154.81,53,53,19.31972202977331,19.31972202977331,True
all_candidates_sensitivity,MCLP,3.0,64,-1,25902,-22.65954574226225,-43.116827376350194,mage,1,146.0,29.36,54,54,6.12937945267456,6.12937945267456,True
all_candidates_sensitivity,MCLP,3.0,64,-1,25907,-22.63855440197675,-43.16000184562523,mage,1,3.54,14.1,52,52,3.2308366119146585,3.2308366119146585,True
all_candidates_sensitivity,MCLP,3.0,64,-1,25908,-22.65815606716074,-43.11902674370239,mage,2,327.89,37.35,54,54,6.322046286136292,6.322046286136292,True
all_candidates_sensitivity,MCLP,3.0,64,-1,25911,-22.55907208815268,-43.044923138517305,mage,4,526.49,131.57,54,54,10.021148452328557,10.021148452328557,True
all_candidates_sensitivity,MCLP,3.0,64,-1,25912,-22.57019403842886,-43.058745435694526,mage,1,64.99,27.51,54,54,8.689388662912796,8.689388662912796,True
all_candidates_sensitivity,MCLP,3.0,64,-1,25914,-22.59381281247852,-43.06930284283151,mage,3,203.8,73.78,54,54,6.166460659464895,6.166460659464895,True
all_candidates_sensitivity,MCLP,3.0,64,-1,25921,-22.6525357703222,-43.12650100805483,mage,1,257.9,16.91,52,52,6.814642415327984,6.814642415327984,True
all_candidates_sensitivity,MCLP,3.0,64,-1,25922,-22.66003863059351,-43.1347885471764,mage,6,602.49,134.8,52,52,6.734309657188536,6.734309657188536,True
all_candidates_sensitivity,MCLP,3.0,64,-1,25925,-22.69368277179141,-43.10979273572445,mage,2,174.99,30.58,54,54,7.299888081721352,7.299888081721352,True
all_candidates_sensitivity,MCLP,3.0,64,-1,25926,-22.70142395223432,-43.15952521180791,mage,9,1116.8,259.76,52,52,9.730211445405722,9.730211445405722,True
all_candidates_sensitivity,MCLP,3.0,64,-1,25928,-22.63601681822644,-43.02534331618508,mage,1,379.8,38.42,54,54,3.653324688045559,3.653324688045559,True
all_candidates_sensitivity,MCLP,3.0,64,-1,25930,-22.68358467046409,-43.160534715770886,mage,1,89.9,16.39,52,52,7.776849113154509,7.776849113154509,True
all_candidates_sensitivity,MCLP,3.0,64,-1,25937,-22.64373828349399,-43.182944105487344,mage,2,258.9,41.34,52,52,3.1090467937104087,3.1090467937104087,True
all_candidates_sensitivity,MCLP,3.0,64,-1,25938,-22.6545713161462,-43.20333179891331,mage,3,670.2,61.77,52,52,4.930784028022416,4.930784028022416,True
all_candidates_sensitivity,MCLP,3.0,64,-1,25940,-22.617931893774944,-43.00412879602773,guapimirim,4,527.7,116.4,54,54,6.510894344385676,6.510894344385676,True
all_candidates_sensitivity,MCLP,3.0,64,-1,25943,-22.55101493109428,-42.98442049906716,guapimirim,3,129.9,47.22,54,54,13.217505313966049,13.217505313966049,True
all_candidates_sensitivity,MCLP,3.0,64,-1,25945,-22.528934117386,-42.98544280263765,guapimirim,1,124.99,14.62,54,54,15.241378373526787,15.241378373526787,True
all_candidates_sensitivity,MCLP,3.0,64,-1,25946,-22.527718078493137,-42.97826627951071,guapimirim,11,1815.77,266.41,54,54,15.731515369598393,15.731515369598393,True
all_candidates_sensitivity,MCLP,3.0,64,-1,25949,-22.51454665728784,-42.96902750677734,guapimirim,2,368.9,35.08,54,54,17.47616869808689,17.47616869808689,True
all_candidates_sensitivity,MCLP,3.0,64,-1,26042,-22.708401272321503,-43.47914027612773,nova iguacu,1,179.0,9.2,34,34,3.5880755476952646,3.5880755476952646,True
all_candidates_sensitivity,MCLP,3.0,64,-1,26053,-22.676424784708487,-43.46514837118791,nova iguacu,2,271.99,49.42,34,34,3.921426700971644,3.921426700971644,True
all_candidates_sensitivity,MCLP,3.0,64,-1,26062,-22.6632991804878,-43.42190649887993,nova iguacu,1,134.9,23.81,34,34,5.269009031751198,5.269009031751198,True
all_candidates_sensitivity,MCLP,3.0,64,-1,26063,-22.71869874105048,-43.47704074319361,nova iguacu,1,20.89,15.79,34,34,3.648485573889523,3.648485573889523,True
all_candidates_sensitivity,MCLP,3.0,64,-1,26087,-22.716288877191023,-43.51530571258531,nova iguacu,14,2048.68,290.33,33,33,3.8856477657127324,3.8856477657127324,True
all_candidates_sensitivity,MCLP,3.0,64,-1,26088,-22.709994584521123,-43.52081425760519,nova iguacu,5,417.02,159.08999999999995,38,38,4.348190326131384,4.348190326131384,True
all_candidates_sensitivity,MCLP,3.0,64,-1,26110,-22.755672493046596,-43.36930490702333,belford roxo,3,340.98,43.0,25,25,3.207708235396396,3.207708235396396,True
all_candidates_sensitivity,MCLP,3.0,64,-1,26155,-22.72149589575073,-43.40236747175682,belford roxo,2,501.85,75.46,30,30,3.0462297608126905,3.0462297608126905,True
all_candidates_sensitivity,MCLP,3.0,64,-1,26163,-22.71802861019754,-43.38866458565219,belford roxo,1,16.99,15.11,30,30,3.7014055730462547,3.7014055730462547,True
all_candidates_sensitivity,MCLP,3.0,64,-1,26170,-22.735308724256505,-43.3689986253974,belford roxo,1,12.99,15.23,30,30,3.723655395378789,3.723655395378789,True
all_candidates_sensitivity,MCLP,3.0,64,-1,26172,-22.727797274174065,-43.36988532052452,belford roxo,1,56.99,15.15,48,48,3.6201719868014126,3.6201719868014126,True
all_candidates_sensitivity,MCLP,3.0,64,-1,26178,-22.71708005610544,-43.37621943740937,belford roxo,4,344.6,86.10999999999999,48,48,4.134969863639922,4.134969863639922,True
all_candidates_sensitivity,MCLP,3.0,64,-1,26196,-22.74788950490292,-43.365239469417695,belford roxo,1,170.0,18.44,30,30,3.790598735249484,3.790598735249484,True
all_candidates_sensitivity,MCLP,3.0,64,-1,26291,-22.775922205954583,-43.53552518598715,nova iguacu,4,1112.41,89.05,33,33,3.7812336105500974,3.7812336105500974,True
all_candidates_sensitivity,MCLP,3.0,64,-1,26292,-22.765111723156878,-43.559026201122336,nova iguacu,6,1152.69,121.1,38,38,4.812282305816808,4.812282305816808,True
all_candidates_sensitivity,MCLP,3.0,64,-1,26293,-22.79249083598364,-43.57524682495404,nova iguacu,1,265.0,45.85,38,38,7.9825348047373925,7.9825348047373925,True
all_candidates_sensitivity,MCLP,3.0,64,-1,26296,-22.80012558975328,-43.59358340822262,nova iguacu,3,1570.89,98.69,38,38,9.312524777011497,9.312524777011497,True
all_candidates_sensitivity,MCLP,3.0,64,-1,26297,-22.81315246690653,-43.58884053145267,nova iguacu,3,503.8,76.75,42,42,9.118817618868329,9.118817618868329,True
all_candidates_sensitivity,MCLP,3.0,64,-1,26298,-22.821289601573383,-43.58391704635197,nova iguacu,5,1986.86,132.22,23,23,8.323481105146405,8.323481105146405,True
all_candidates_sensitivity,MCLP,3.0,64,-1,26299,-22.84103615023977,-43.61515804577371,nova iguacu,1,148.9,20.23,42,42,5.3345980415018,5.3345980415018,True
all_candidates_sensitivity,MCLP,3.0,64,-1,26316,-22.691702991594585,-43.594666387857934,queimados,1,49.8,14.52,38,38,4.800389829570525,4.800389829570525,True
all_candidates_sensitivity,MCLP,3.0,64,-1,26382,-22.692331349282565,-43.531816681604255,queimados,1,120.0,16.6,38,38,4.458804866393712,4.458804866393712,True
all_candidates_sensitivity,MCLP,3.0,64,-1,26413,-22.696333434498968,-43.626641384369336,japeri,1,56.99,15.15,38,38,7.28887121048564,7.28887121048564,True
all_candidates_sensitivity,MCLP,3.0,64,-1,26420,-22.68450772983073,-43.61532318330367,japeri,2,216.8,39.86,38,38,6.934843972899151,6.934843972899151,True
all_candidates_sensitivity,MCLP,3.0,64,-1,26423,-22.6809778671,-43.61135654272859,japeri,1,75.0,14.7,38,38,6.867064493372337,6.867064493372337,True
all_candidates_sensitivity,MCLP,3.0,64,-1,26425,-22.68320829858776,-43.6136513869842,japeri,1,809.0,27.59,38,38,6.887622859722183,6.887622859722183,True
all_candidates_sensitivity,MCLP,3.0,64,-1,26430,-22.68817178316981,-43.60645936527142,japeri,3,256.99,47.4,38,38,5.9667470009669445,5.9667470009669445,True
all_candidates_sensitivity,MCLP,3.0,64,-1,26433,-22.650250797954484,-43.65355119895557,japeri,4,478.89,123.43,51,51,6.643533740574133,6.643533740574133,True
all_candidates_sensitivity,MCLP,3.0,64,-1,26435,-22.648997352455527,-43.65813095170957,japeri,4,352.69,185.08,51,51,6.184625685950473,6.184625685950473,True
all_candidates_sensitivity,MCLP,3.0,64,-1,26440,-22.6438955448154,-43.64300824279504,japeri,4,252.61,78.17,51,51,7.198713556110408,7.198713556110408,True
all_candidates_sensitivity,MCLP,3.0,64,-1,26443,-22.644806809224903,-43.65794599414254,japeri,2,164.32,47.07,51,51,5.925609577235003,5.925609577235003,True
all_candidates_sensitivity,MCLP,3.0,64,-1,26445,-22.674494004101163,-43.60813218912923,japeri,3,266.98,54.94,38,38,7.137339332795789,7.137339332795789,True
all_candidates_sensitivity,MCLP,3.0,64,-1,26450,-22.663207630218253,-43.610776285393406,japeri,1,229.99,18.86,38,38,8.27220642291293,8.27220642291293,True
all_candidates_sensitivity,MCLP,3.0,64,-1,26453,-22.66951051838989,-43.61452547990683,japeri,3,232.66000000000005,52.92999999999999,38,38,7.989647585235695,7.989647585235695,True
all_candidates_sensitivity,MCLP,3.0,64,-1,26455,-22.67373240752545,-43.59804565833488,japeri,1,109.9,16.53,38,38,6.55355365545449,6.55355365545449,True
all_candidates_sensitivity,MCLP,3.0,64,-1,26460,-22.67164263350668,-43.59088177051566,japeri,2,878.56,471.57,38,38,6.362087274575705,6.362087274575705,True
all_candidates_sensitivity,MCLP,3.0,64,-1,26470,-22.679545467450534,-43.593041196799824,japeri,1,18.9,15.1,38,38,5.729571892726017,5.729571892726017,True
all_candidates_sensitivity,MCLP,3.0,64,-1,26480,-22.667916878063743,-43.58577332849087,japeri,1,57.99,16.17,38,38,6.50845216719128,6.50845216719128,True
all_candidates_sensitivity,MCLP,3.0,64,-1,26515,-22.82027720659127,-43.42270906150816,nilopolis,3,316.9,58.3,14,14,3.2441529424812563,3.2441529424812563,True
all_candidates_sensitivity,MCLP,3.0,64,-1,26557,-22.771105803454297,-43.43638870513932,mesquita,2,407.97,53.63,14,14,3.114953218489342,3.114953218489342,True
all_candidates_sensitivity,MCLP,3.0,64,-1,28680,-22.470849051492323,-42.657121037845286,cachoeiras de macacu,19,1819.26,363.9,58,58,26.950553178813898,26.950553178813898,True
all_candidates_sensitivity,MCLP,3.0,64,-1,28695,-22.60367916043864,-42.74073968432629,cachoeiras de macacu,1,99.0,22.16,58,58,16.550308693700245,16.550308693700245,True
