id;local;item;artigo;github;fonte;status;nota
1;Tabela 1;K-Means | K em 3 km;82;82;data/v22_verified/main/service_selection.csv (K_selected/status);OK;
2;Tabela 1;K-Means | K em 5 km;40;40;data/v22_verified/main/service_selection.csv (K_selected/status);OK;
3;Tabela 1;K-Means | K em 10 km;17;17;data/v22_verified/main/service_selection.csv (K_selected/status);OK;
4;Tabela 1;Ward | K em 3 km;80;80;data/v22_verified/main/service_selection.csv (K_selected/status);OK;
5;Tabela 1;Ward | K em 5 km;42;42;data/v22_verified/main/service_selection.csv (K_selected/status);OK;
6;Tabela 1;Ward | K em 10 km;17;17;data/v22_verified/main/service_selection.csv (K_selected/status);OK;
7;Tabela 1;Complete | K em 3 km;88;88;data/v22_verified/main/service_selection.csv (K_selected/status);OK;
8;Tabela 1;Complete | K em 5 km;46;46;data/v22_verified/main/service_selection.csv (K_selected/status);OK;
9;Tabela 1;Complete | K em 10 km;19;19;data/v22_verified/main/service_selection.csv (K_selected/status);OK;
10;Tabela 1;Average | K em 3 km;99;99;data/v22_verified/main/service_selection.csv (K_selected/status);OK;
11;Tabela 1;Average | K em 5 km;53;53;data/v22_verified/main/service_selection.csv (K_selected/status);OK;
12;Tabela 1;Average | K em 10 km;24;24;data/v22_verified/main/service_selection.csv (K_selected/status);OK;
13;Tabela 1;P-mediana | K em 3 km;Inviável;Inviável;data/v22_verified/main/service_selection.csv (K_selected/status);OK;
14;Tabela 1;P-mediana | K em 5 km;55;55;data/v22_verified/main/service_selection.csv (K_selected/status);OK;
15;Tabela 1;P-mediana | K em 10 km;23;23;data/v22_verified/main/service_selection.csv (K_selected/status);OK;
16;Tabela 1;MCLP GA | K em 3 km;Inviável;Inviável;data/v22_verified/main/service_selection.csv (K_selected/status);OK;
17;Tabela 1;MCLP GA | K em 5 km;40;40;data/v22_verified/main/service_selection.csv (K_selected/status);OK;
18;Tabela 1;MCLP GA | K em 10 km;15;15;data/v22_verified/main/service_selection.csv (K_selected/status);OK;
19;Tabela 1;P-mediana (sens.) | K em 3 km;90;90;data/v22_verified/main/service_selection.csv (K_selected/status);OK;
20;Tabela 1;P-mediana (sens.) | K em 5 km;—;—;data/v22_verified/main/service_selection.csv (K_selected/status);OK;
21;Tabela 1;P-mediana (sens.) | K em 10 km;—;—;data/v22_verified/main/service_selection.csv (K_selected/status);OK;
22;Tabela 1;MCLP GA (sens.) | K em 3 km;64;64;data/v22_verified/main/service_selection.csv (K_selected/status);OK;
23;Tabela 1;MCLP GA (sens.) | K em 5 km;—;—;data/v22_verified/main/service_selection.csv (K_selected/status);OK;
24;Tabela 1;MCLP GA (sens.) | K em 10 km;—;—;data/v22_verified/main/service_selection.csv (K_selected/status);OK;
25;Tabela 2;K-Means R=3 | K;82;82;data/v22_verified/main/service_selection.csv (K_selected);OK;
26;Tabela 2;K-Means R=3 | Cob. (%);95,584;95,584;data/v22_verified/main/service_selection.csv (coverage_pct);OK;
27;Tabela 2;K-Means R=3 | Média;1,33;1,33;data/v22_verified/main/service_selection.csv (weighted_avg_distance_km);OK;
28;Tabela 2;K-Means R=3 | Mediana;1,16;1,16;data/v22_verified/main/service_selection.csv (median_empirical_km);OK;
29;Tabela 2;K-Means R=3 | P95;2,97;2,97;data/v22_verified/main/service_selection.csv (p95_empirical_km);OK;
30;Tabela 2;K-Means R=3 | P99;3,88;3,88;data/v22_verified/main/service_selection.csv (p99_empirical_km);OK;
31;Tabela 2;K-Means R=3 | Máximo;15,26;15,26;data/v22_verified/main/service_selection.csv (max_distance_km);OK;
32;Tabela 2;Ward R=3 | K;80;80;data/v22_verified/main/service_selection.csv (K_selected);OK;
33;Tabela 2;Ward R=3 | Cob. (%);95,099;95,099;data/v22_verified/main/service_selection.csv (coverage_pct);OK;
34;Tabela 2;Ward R=3 | Média;1,61;1,61;data/v22_verified/main/service_selection.csv (weighted_avg_distance_km);OK;
35;Tabela 2;Ward R=3 | Mediana;1,50;1,50;data/v22_verified/main/service_selection.csv (median_empirical_km);OK;
36;Tabela 2;Ward R=3 | P95;3,00;3,00;data/v22_verified/main/service_selection.csv (p95_empirical_km);OK;
37;Tabela 2;Ward R=3 | P99;4,30;4,30;data/v22_verified/main/service_selection.csv (p99_empirical_km);OK;
38;Tabela 2;Ward R=3 | Máximo;8,48;8,48;data/v22_verified/main/service_selection.csv (max_distance_km);OK;
39;Tabela 2;Complete R=3 | K;88;88;data/v22_verified/main/service_selection.csv (K_selected);OK;
40;Tabela 2;Complete R=3 | Cob. (%);95,191;95,191;data/v22_verified/main/service_selection.csv (coverage_pct);OK;
41;Tabela 2;Complete R=3 | Média;1,53;1,53;data/v22_verified/main/service_selection.csv (weighted_avg_distance_km);OK;
42;Tabela 2;Complete R=3 | Mediana;1,44;1,44;data/v22_verified/main/service_selection.csv (median_empirical_km);OK;
43;Tabela 2;Complete R=3 | P95;2,95;2,95;data/v22_verified/main/service_selection.csv (p95_empirical_km);OK;
44;Tabela 2;Complete R=3 | P99;3,82;3,82;data/v22_verified/main/service_selection.csv (p99_empirical_km);OK;
45;Tabela 2;Complete R=3 | Máximo;5,35;5,35;data/v22_verified/main/service_selection.csv (max_distance_km);OK;
46;Tabela 2;Average R=3 | K;99;99;data/v22_verified/main/service_selection.csv (K_selected);OK;
47;Tabela 2;Average R=3 | Cob. (%);95,068;95,068;data/v22_verified/main/service_selection.csv (coverage_pct);OK;
48;Tabela 2;Average R=3 | Média;1,54;1,54;data/v22_verified/main/service_selection.csv (weighted_avg_distance_km);OK;
49;Tabela 2;Average R=3 | Mediana;1,48;1,48;data/v22_verified/main/service_selection.csv (median_empirical_km);OK;
50;Tabela 2;Average R=3 | P95;3,00;3,00;data/v22_verified/main/service_selection.csv (p95_empirical_km);OK;
51;Tabela 2;Average R=3 | P99;3,27;3,27;data/v22_verified/main/service_selection.csv (p99_empirical_km);OK;
52;Tabela 2;Average R=3 | Máximo;4,66;4,66;data/v22_verified/main/service_selection.csv (max_distance_km);OK;
53;Tabela 2;P-mediana (sens.) R=3 | K;90;90;data/v22_verified/main/service_selection.csv (K_selected);OK;
54;Tabela 2;P-mediana (sens.) R=3 | Cob. (%);95,006;95,006;data/v22_verified/main/service_selection.csv (coverage_pct);OK;
55;Tabela 2;P-mediana (sens.) R=3 | Média;1,12;1,12;data/v22_verified/main/service_selection.csv (weighted_avg_distance_km);OK;
56;Tabela 2;P-mediana (sens.) R=3 | Mediana;0,96;0,96;data/v22_verified/main/service_selection.csv (median_empirical_km);OK;
57;Tabela 2;P-mediana (sens.) R=3 | P95;3,00;3,00;data/v22_verified/main/service_selection.csv (p95_empirical_km);OK;
58;Tabela 2;P-mediana (sens.) R=3 | P99;5,20;5,20;data/v22_verified/main/service_selection.csv (p99_empirical_km);OK;
59;Tabela 2;P-mediana (sens.) R=3 | Máximo;16,55;16,55;data/v22_verified/main/service_selection.csv (max_distance_km);OK;
60;Tabela 2;MCLP GA (sens.) R=3 | K;64;64;data/v22_verified/main/service_selection.csv (K_selected);OK;
61;Tabela 2;MCLP GA (sens.) R=3 | Cob. (%);95,006;95,006;data/v22_verified/main/service_selection.csv (coverage_pct);OK;
62;Tabela 2;MCLP GA (sens.) R=3 | Média;1,90;1,90;data/v22_verified/main/service_selection.csv (weighted_avg_distance_km);OK;
63;Tabela 2;MCLP GA (sens.) R=3 | Mediana;1,81;1,81;data/v22_verified/main/service_selection.csv (median_empirical_km);OK;
64;Tabela 2;MCLP GA (sens.) R=3 | P95;3,00;3,00;data/v22_verified/main/service_selection.csv (p95_empirical_km);OK;
65;Tabela 2;MCLP GA (sens.) R=3 | P99;9,73;9,73;data/v22_verified/main/service_selection.csv (p99_empirical_km);OK;
66;Tabela 2;MCLP GA (sens.) R=3 | Máximo;26,95;26,95;data/v22_verified/main/service_selection.csv (max_distance_km);OK;
67;Tabela 2;K-Means R=5 | K;40;40;data/v22_verified/main/service_selection.csv (K_selected);OK;
68;Tabela 2;K-Means R=5 | Cob. (%);95,346;95,346;data/v22_verified/main/service_selection.csv (coverage_pct);OK;
69;Tabela 2;K-Means R=5 | Média;2,19;2,19;data/v22_verified/main/service_selection.csv (weighted_avg_distance_km);OK;
70;Tabela 2;K-Means R=5 | Mediana;1,90;1,90;data/v22_verified/main/service_selection.csv (median_empirical_km);OK;
71;Tabela 2;K-Means R=5 | P95;4,89;4,89;data/v22_verified/main/service_selection.csv (p95_empirical_km);OK;
72;Tabela 2;K-Means R=5 | P99;7,40;7,40;data/v22_verified/main/service_selection.csv (p99_empirical_km);OK;
73;Tabela 2;K-Means R=5 | Máximo;15,26;15,26;data/v22_verified/main/service_selection.csv (max_distance_km);OK;
74;Tabela 2;Ward R=5 | K;42;42;data/v22_verified/main/service_selection.csv (K_selected);OK;
75;Tabela 2;Ward R=5 | Cob. (%);95,418;95,418;data/v22_verified/main/service_selection.csv (coverage_pct);OK;
76;Tabela 2;Ward R=5 | Média;2,38;2,38;data/v22_verified/main/service_selection.csv (weighted_avg_distance_km);OK;
77;Tabela 2;Ward R=5 | Mediana;2,11;2,11;data/v22_verified/main/service_selection.csv (median_empirical_km);OK;
78;Tabela 2;Ward R=5 | P95;4,92;4,92;data/v22_verified/main/service_selection.csv (p95_empirical_km);OK;
79;Tabela 2;Ward R=5 | P99;6,47;6,47;data/v22_verified/main/service_selection.csv (p99_empirical_km);OK;
80;Tabela 2;Ward R=5 | Máximo;15,26;15,26;data/v22_verified/main/service_selection.csv (max_distance_km);OK;
81;Tabela 2;Complete R=5 | K;46;46;data/v22_verified/main/service_selection.csv (K_selected);OK;
82;Tabela 2;Complete R=5 | Cob. (%);95,099;95,099;data/v22_verified/main/service_selection.csv (coverage_pct);OK;
83;Tabela 2;Complete R=5 | Média;2,74;2,74;data/v22_verified/main/service_selection.csv (weighted_avg_distance_km);OK;
84;Tabela 2;Complete R=5 | Mediana;2,68;2,68;data/v22_verified/main/service_selection.csv (median_empirical_km);OK;
85;Tabela 2;Complete R=5 | P95;4,96;4,96;data/v22_verified/main/service_selection.csv (p95_empirical_km);OK;
86;Tabela 2;Complete R=5 | P99;6,29;6,29;data/v22_verified/main/service_selection.csv (p99_empirical_km);OK;
87;Tabela 2;Complete R=5 | Máximo;8,61;8,61;data/v22_verified/main/service_selection.csv (max_distance_km);OK;
88;Tabela 2;Average R=5 | K;53;53;data/v22_verified/main/service_selection.csv (K_selected);OK;
89;Tabela 2;Average R=5 | Cob. (%);96,172;96,172;data/v22_verified/main/service_selection.csv (coverage_pct);OK;
90;Tabela 2;Average R=5 | Média;2,59;2,59;data/v22_verified/main/service_selection.csv (weighted_avg_distance_km);OK;
91;Tabela 2;Average R=5 | Mediana;2,51;2,51;data/v22_verified/main/service_selection.csv (median_empirical_km);OK;
92;Tabela 2;Average R=5 | P95;4,83;4,83;data/v22_verified/main/service_selection.csv (p95_empirical_km);OK;
93;Tabela 2;Average R=5 | P99;6,07;6,07;data/v22_verified/main/service_selection.csv (p99_empirical_km);OK;
94;Tabela 2;Average R=5 | Máximo;6,61;6,61;data/v22_verified/main/service_selection.csv (max_distance_km);OK;
95;Tabela 2;P-mediana R=5 | K;55;55;data/v22_verified/main/service_selection.csv (K_selected);OK;
96;Tabela 2;P-mediana R=5 | Cob. (%);95,284;95,284;data/v22_verified/main/service_selection.csv (coverage_pct);OK;
97;Tabela 2;P-mediana R=5 | Média;1,71;1,71;data/v22_verified/main/service_selection.csv (weighted_avg_distance_km);OK;
98;Tabela 2;P-mediana R=5 | Mediana;1,41;1,41;data/v22_verified/main/service_selection.csv (median_empirical_km);OK;
99;Tabela 2;P-mediana R=5 | P95;4,92;4,92;data/v22_verified/main/service_selection.csv (p95_empirical_km);OK;
100;Tabela 2;P-mediana R=5 | P99;8,59;8,59;data/v22_verified/main/service_selection.csv (p99_empirical_km);OK;
101;Tabela 2;P-mediana R=5 | Máximo;16,55;16,55;data/v22_verified/main/service_selection.csv (max_distance_km);OK;
102;Tabela 2;MCLP GA R=5 | K;40;40;data/v22_verified/main/service_selection.csv (K_selected);OK;
103;Tabela 2;MCLP GA R=5 | Cob. (%);95,191;95,191;data/v22_verified/main/service_selection.csv (coverage_pct);OK;
104;Tabela 2;MCLP GA R=5 | Média;2,98;2,98;data/v22_verified/main/service_selection.csv (weighted_avg_distance_km);OK;
105;Tabela 2;MCLP GA R=5 | Mediana;2,98;2,98;data/v22_verified/main/service_selection.csv (median_empirical_km);OK;
106;Tabela 2;MCLP GA R=5 | P95;4,94;4,94;data/v22_verified/main/service_selection.csv (p95_empirical_km);OK;
107;Tabela 2;MCLP GA R=5 | P99;10,38;10,38;data/v22_verified/main/service_selection.csv (p99_empirical_km);OK;
108;Tabela 2;MCLP GA R=5 | Máximo;26,95;26,95;data/v22_verified/main/service_selection.csv (max_distance_km);OK;
109;Tabela 2;K-Means R=10 | K;17;17;data/v22_verified/main/service_selection.csv (K_selected);OK;
110;Tabela 2;K-Means R=10 | Cob. (%);95,780;95,780;data/v22_verified/main/service_selection.csv (coverage_pct);OK;
111;Tabela 2;K-Means R=10 | Média;4,18;4,18;data/v22_verified/main/service_selection.csv (weighted_avg_distance_km);OK;
112;Tabela 2;K-Means R=10 | Mediana;3,81;3,81;data/v22_verified/main/service_selection.csv (median_empirical_km);OK;
113;Tabela 2;K-Means R=10 | P95;9,45;9,45;data/v22_verified/main/service_selection.csv (p95_empirical_km);OK;
114;Tabela 2;K-Means R=10 | P99;14,33;14,33;data/v22_verified/main/service_selection.csv (p99_empirical_km);OK;
115;Tabela 2;K-Means R=10 | Máximo;25,17;25,17;data/v22_verified/main/service_selection.csv (max_distance_km);OK;
116;Tabela 2;Ward R=10 | K;17;17;data/v22_verified/main/service_selection.csv (K_selected);OK;
117;Tabela 2;Ward R=10 | Cob. (%);95,243;95,243;data/v22_verified/main/service_selection.csv (coverage_pct);OK;
118;Tabela 2;Ward R=10 | Média;4,65;4,65;data/v22_verified/main/service_selection.csv (weighted_avg_distance_km);OK;
119;Tabela 2;Ward R=10 | Mediana;4,25;4,25;data/v22_verified/main/service_selection.csv (median_empirical_km);OK;
120;Tabela 2;Ward R=10 | P95;9,87;9,87;data/v22_verified/main/service_selection.csv (p95_empirical_km);OK;
121;Tabela 2;Ward R=10 | P99;12,92;12,92;data/v22_verified/main/service_selection.csv (p99_empirical_km);OK;
122;Tabela 2;Ward R=10 | Máximo;26,75;26,75;data/v22_verified/main/service_selection.csv (max_distance_km);OK;
123;Tabela 2;Complete R=10 | K;19;19;data/v22_verified/main/service_selection.csv (K_selected);OK;
124;Tabela 2;Complete R=10 | Cob. (%);95,728;95,728;data/v22_verified/main/service_selection.csv (coverage_pct);OK;
125;Tabela 2;Complete R=10 | Média;4,82;4,82;data/v22_verified/main/service_selection.csv (weighted_avg_distance_km);OK;
126;Tabela 2;Complete R=10 | Mediana;4,46;4,46;data/v22_verified/main/service_selection.csv (median_empirical_km);OK;
127;Tabela 2;Complete R=10 | P95;9,76;9,76;data/v22_verified/main/service_selection.csv (p95_empirical_km);OK;
128;Tabela 2;Complete R=10 | P99;12,06;12,06;data/v22_verified/main/service_selection.csv (p99_empirical_km);OK;
129;Tabela 2;Complete R=10 | Máximo;14,76;14,76;data/v22_verified/main/service_selection.csv (max_distance_km);OK;
130;Tabela 2;Average R=10 | K;24;24;data/v22_verified/main/service_selection.csv (K_selected);OK;
131;Tabela 2;Average R=10 | Cob. (%);96,626;96,626;data/v22_verified/main/service_selection.csv (coverage_pct);OK;
132;Tabela 2;Average R=10 | Média;4,56;4,56;data/v22_verified/main/service_selection.csv (weighted_avg_distance_km);OK;
133;Tabela 2;Average R=10 | Mediana;4,41;4,41;data/v22_verified/main/service_selection.csv (median_empirical_km);OK;
134;Tabela 2;Average R=10 | P95;9,43;9,43;data/v22_verified/main/service_selection.csv (p95_empirical_km);OK;
135;Tabela 2;Average R=10 | P99;11,47;11,47;data/v22_verified/main/service_selection.csv (p99_empirical_km);OK;
136;Tabela 2;Average R=10 | Máximo;12,60;12,60;data/v22_verified/main/service_selection.csv (max_distance_km);OK;
137;Tabela 2;P-mediana R=10 | K;23;23;data/v22_verified/main/service_selection.csv (K_selected);OK;
138;Tabela 2;P-mediana R=10 | Cob. (%);95,171;95,171;data/v22_verified/main/service_selection.csv (coverage_pct);OK;
139;Tabela 2;P-mediana R=10 | Média;3,22;3,22;data/v22_verified/main/service_selection.csv (weighted_avg_distance_km);OK;
140;Tabela 2;P-mediana R=10 | Mediana;2,44;2,44;data/v22_verified/main/service_selection.csv (median_empirical_km);OK;
141;Tabela 2;P-mediana R=10 | P95;9,57;9,57;data/v22_verified/main/service_selection.csv (p95_empirical_km);OK;
142;Tabela 2;P-mediana R=10 | P99;17,74;17,74;data/v22_verified/main/service_selection.csv (p99_empirical_km);OK;
143;Tabela 2;P-mediana R=10 | Máximo;28,69;28,69;data/v22_verified/main/service_selection.csv (max_distance_km);OK;
144;Tabela 2;MCLP GA R=10 | K;15;15;data/v22_verified/main/service_selection.csv (K_selected);OK;
145;Tabela 2;MCLP GA R=10 | Cob. (%);95,460;95,460;data/v22_verified/main/service_selection.csv (coverage_pct);OK;
146;Tabela 2;MCLP GA R=10 | Média;6,08;6,08;data/v22_verified/main/service_selection.csv (weighted_avg_distance_km);OK;
147;Tabela 2;MCLP GA R=10 | Mediana;5,98;5,98;data/v22_verified/main/service_selection.csv (median_empirical_km);OK;
148;Tabela 2;MCLP GA R=10 | P95;9,81;9,81;data/v22_verified/main/service_selection.csv (p95_empirical_km);OK;
149;Tabela 2;MCLP GA R=10 | P99;22,97;22,97;data/v22_verified/main/service_selection.csv (p99_empirical_km);OK;
150;Tabela 2;MCLP GA R=10 | Máximo;50,48;50,48;data/v22_verified/main/service_selection.csv (max_distance_km);OK;
151;Tabela 3;J300 R=3 | K certificado;Inviável;Inviável;data/v22_verified/exact/exact_results.csv (status=2: teto de candidatos);OK;
152;Tabela 3;J300 R=3 | Gap;Teto de candidatos;Teto de candidatos;data/v22_verified/exact/exact_results.csv (certificate_type=candidate_coverage_ceiling);OK;
153;Tabela 3;J300 R=5 | K certificado;35;35;data/v22_verified/exact/exact_results.csv (K);OK;
154;Tabela 3;J300 R=5 | Gap;0,000;0,000;data/v22_verified/exact/exact_results.csv (mip_gap);OK;
155;Tabela 3;J300 R=10 | K certificado;12;12;data/v22_verified/exact/exact_results.csv (K);OK;
156;Tabela 3;J300 R=10 | Gap;0,000;0,000;data/v22_verified/exact/exact_results.csv (mip_gap);OK;
157;Tabela 3;J828 R=3 | K certificado;61;61;data/v22_verified/exact/exact_results.csv (K);OK;
158;Tabela 3;J828 R=3 | Gap;0,000;0,000;data/v22_verified/exact/exact_results.csv (mip_gap);OK;
159;Tabela 3;J828 R=5 | K certificado;29;29;data/v22_verified/exact/exact_results.csv (K);OK;
160;Tabela 3;J828 R=5 | Gap;0,000;0,000;data/v22_verified/exact/exact_results.csv (mip_gap);OK;
161;Tabela 3;J828 R=10 | K certificado;11;11;data/v22_verified/exact/exact_results.csv (K);OK;
162;Tabela 3;J828 R=10 | Gap;0,000;0,000;data/v22_verified/exact/exact_results.csv (mip_gap);OK;
163;Tabela 3;J825 R=3 | K certificado;61;61;data/v22_verified/exact/exact_results.csv (K);OK;
164;Tabela 3;J825 R=3 | Gap;0,000;0,000;data/v22_verified/exact/exact_results.csv (mip_gap);OK;
165;Tabela 3;J825 R=5 | K certificado;29;29;data/v22_verified/exact/exact_results.csv (K);OK;
166;Tabela 3;J825 R=5 | Gap;0,000;0,000;data/v22_verified/exact/exact_results.csv (mip_gap);OK;
167;Tabela 3;J825 R=10 | K certificado;11;11;data/v22_verified/exact/exact_results.csv (K);OK;
168;Tabela 3;J825 R=10 | Gap;0,000;0,000;data/v22_verified/exact/exact_results.csv (mip_gap);OK;
169;Tabela 3;J825_grid500 R=3 | K certificado;52;52;data/v22_verified/exact/exact_results.csv (K);OK;
170;Tabela 3;J825_grid500 R=3 | Gap;0,000;0,000;data/v22_verified/exact/exact_results.csv (mip_gap);OK;
171;Tabela 3;J825_grid500 R=5 | K certificado;27;27;data/v22_verified/exact/exact_results.csv (K);OK;
172;Tabela 3;J825_grid500 R=5 | Gap;0,000;0,000;data/v22_verified/exact/exact_results.csv (mip_gap);OK;
173;Tabela 3;J825_grid500 R=10 | K certificado;10;10;data/v22_verified/exact/exact_results.csv (K);OK;
174;Tabela 3;J825_grid500 R=10 | Gap;0,000;0,000;data/v22_verified/exact/exact_results.csv (mip_gap);OK;
175;Tabela 4;K-Means R=3 | K;82;82;data/v22_verified/main/municipal_summary_v22.csv (K_selected);OK;
176;Tabela 4;K-Means R=3 | Nul.;1;1;data/v22_verified/main/municipal_summary_v22.csv (zero_coverage_municipalities);OK;
177;Tabela 4;K-Means R=3 | <80%;6;6;data/v22_verified/main/municipal_summary_v22.csv (below_80pct_municipalities);OK;
178;Tabela 4;K-Means R=3 | Fora;428;428;data/v22_verified/main/municipal_summary_v22.csv (outside_orders);OK;
179;Tabela 4;K-Means R=3 | Rio;167;167;data/v22_verified/main/municipal_summary_v22.csv (rio_outside_orders);OK;
180;Tabela 4;K-Means R=3 | Rio (%);39,0;39,0;data/v22_verified/main/municipal_summary_v22.csv (rio_share_outside_pct);OK;
181;Tabela 4;K-Means R=5 | K;40;40;data/v22_verified/main/municipal_summary_v22.csv (K_selected);OK;
182;Tabela 4;K-Means R=5 | Nul.;1;1;data/v22_verified/main/municipal_summary_v22.csv (zero_coverage_municipalities);OK;
183;Tabela 4;K-Means R=5 | <80%;6;6;data/v22_verified/main/municipal_summary_v22.csv (below_80pct_municipalities);OK;
184;Tabela 4;K-Means R=5 | Fora;451;451;data/v22_verified/main/municipal_summary_v22.csv (outside_orders);OK;
185;Tabela 4;K-Means R=5 | Rio;96;96;data/v22_verified/main/municipal_summary_v22.csv (rio_outside_orders);OK;
186;Tabela 4;K-Means R=5 | Rio (%);21,3;21,3;data/v22_verified/main/municipal_summary_v22.csv (rio_share_outside_pct);OK;
187;Tabela 4;K-Means R=10 | K;17;17;data/v22_verified/main/municipal_summary_v22.csv (K_selected);OK;
188;Tabela 4;K-Means R=10 | Nul.;4;4;data/v22_verified/main/municipal_summary_v22.csv (zero_coverage_municipalities);OK;
189;Tabela 4;K-Means R=10 | <80%;8;8;data/v22_verified/main/municipal_summary_v22.csv (below_80pct_municipalities);OK;
190;Tabela 4;K-Means R=10 | Fora;409;409;data/v22_verified/main/municipal_summary_v22.csv (outside_orders);OK;
191;Tabela 4;K-Means R=10 | Rio;91;91;data/v22_verified/main/municipal_summary_v22.csv (rio_outside_orders);OK;
192;Tabela 4;K-Means R=10 | Rio (%);22,2;22,2;data/v22_verified/main/municipal_summary_v22.csv (rio_share_outside_pct);OK;
193;Tabela 4;Ward R=3 | K;80;80;data/v22_verified/main/municipal_summary_v22.csv (K_selected);OK;
194;Tabela 4;Ward R=3 | Nul.;1;1;data/v22_verified/main/municipal_summary_v22.csv (zero_coverage_municipalities);OK;
195;Tabela 4;Ward R=3 | <80%;2;2;data/v22_verified/main/municipal_summary_v22.csv (below_80pct_municipalities);OK;
196;Tabela 4;Ward R=3 | Fora;475;475;data/v22_verified/main/municipal_summary_v22.csv (outside_orders);OK;
197;Tabela 4;Ward R=3 | Rio;227;227;data/v22_verified/main/municipal_summary_v22.csv (rio_outside_orders);OK;
198;Tabela 4;Ward R=3 | Rio (%);47,8;47,8;data/v22_verified/main/municipal_summary_v22.csv (rio_share_outside_pct);OK;
199;Tabela 4;Ward R=5 | K;42;42;data/v22_verified/main/municipal_summary_v22.csv (K_selected);OK;
200;Tabela 4;Ward R=5 | Nul.;1;1;data/v22_verified/main/municipal_summary_v22.csv (zero_coverage_municipalities);OK;
201;Tabela 4;Ward R=5 | <80%;4;4;data/v22_verified/main/municipal_summary_v22.csv (below_80pct_municipalities);OK;
202;Tabela 4;Ward R=5 | Fora;444;444;data/v22_verified/main/municipal_summary_v22.csv (outside_orders);OK;
203;Tabela 4;Ward R=5 | Rio;243;243;data/v22_verified/main/municipal_summary_v22.csv (rio_outside_orders);OK;
204;Tabela 4;Ward R=5 | Rio (%);54,7;54,7;data/v22_verified/main/municipal_summary_v22.csv (rio_share_outside_pct);OK;
205;Tabela 4;Ward R=10 | K;17;17;data/v22_verified/main/municipal_summary_v22.csv (K_selected);OK;
206;Tabela 4;Ward R=10 | Nul.;2;2;data/v22_verified/main/municipal_summary_v22.csv (zero_coverage_municipalities);OK;
207;Tabela 4;Ward R=10 | <80%;6;6;data/v22_verified/main/municipal_summary_v22.csv (below_80pct_municipalities);OK;
208;Tabela 4;Ward R=10 | Fora;461;461;data/v22_verified/main/municipal_summary_v22.csv (outside_orders);OK;
209;Tabela 4;Ward R=10 | Rio;243;243;data/v22_verified/main/municipal_summary_v22.csv (rio_outside_orders);OK;
210;Tabela 4;Ward R=10 | Rio (%);52,7;52,7;data/v22_verified/main/municipal_summary_v22.csv (rio_share_outside_pct);OK;
211;Tabela 4;Complete R=3 | K;88;88;data/v22_verified/main/municipal_summary_v22.csv (K_selected);OK;
212;Tabela 4;Complete R=3 | Nul.;0;0;data/v22_verified/main/municipal_summary_v22.csv (zero_coverage_municipalities);OK;
213;Tabela 4;Complete R=3 | <80%;1;1;data/v22_verified/main/municipal_summary_v22.csv (below_80pct_municipalities);OK;
214;Tabela 4;Complete R=3 | Fora;466;466;data/v22_verified/main/municipal_summary_v22.csv (outside_orders);OK;
215;Tabela 4;Complete R=3 | Rio;296;296;data/v22_verified/main/municipal_summary_v22.csv (rio_outside_orders);OK;
216;Tabela 4;Complete R=3 | Rio (%);63,5;63,5;data/v22_verified/main/municipal_summary_v22.csv (rio_share_outside_pct);OK;
217;Tabela 4;Complete R=5 | K;46;46;data/v22_verified/main/municipal_summary_v22.csv (K_selected);OK;
218;Tabela 4;Complete R=5 | Nul.;0;0;data/v22_verified/main/municipal_summary_v22.csv (zero_coverage_municipalities);OK;
219;Tabela 4;Complete R=5 | <80%;1;1;data/v22_verified/main/municipal_summary_v22.csv (below_80pct_municipalities);OK;
220;Tabela 4;Complete R=5 | Fora;475;475;data/v22_verified/main/municipal_summary_v22.csv (outside_orders);OK;
221;Tabela 4;Complete R=5 | Rio;302;302;data/v22_verified/main/municipal_summary_v22.csv (rio_outside_orders);OK;
222;Tabela 4;Complete R=5 | Rio (%);63,6;63,6;data/v22_verified/main/municipal_summary_v22.csv (rio_share_outside_pct);OK;
223;Tabela 4;Complete R=10 | K;19;19;data/v22_verified/main/municipal_summary_v22.csv (K_selected);OK;
224;Tabela 4;Complete R=10 | Nul.;0;0;data/v22_verified/main/municipal_summary_v22.csv (zero_coverage_municipalities);OK;
225;Tabela 4;Complete R=10 | <80%;6;6;data/v22_verified/main/municipal_summary_v22.csv (below_80pct_municipalities);OK;
226;Tabela 4;Complete R=10 | Fora;414;414;data/v22_verified/main/municipal_summary_v22.csv (outside_orders);OK;
227;Tabela 4;Complete R=10 | Rio;124;124;data/v22_verified/main/municipal_summary_v22.csv (rio_outside_orders);OK;
228;Tabela 4;Complete R=10 | Rio (%);30,0;30,0;data/v22_verified/main/municipal_summary_v22.csv (rio_share_outside_pct);OK;
229;Tabela 4;Average R=3 | K;99;99;data/v22_verified/main/municipal_summary_v22.csv (K_selected);OK;
230;Tabela 4;Average R=3 | Nul.;0;0;data/v22_verified/main/municipal_summary_v22.csv (zero_coverage_municipalities);OK;
231;Tabela 4;Average R=3 | <80%;0;0;data/v22_verified/main/municipal_summary_v22.csv (below_80pct_municipalities);OK;
232;Tabela 4;Average R=3 | Fora;478;478;data/v22_verified/main/municipal_summary_v22.csv (outside_orders);OK;
233;Tabela 4;Average R=3 | Rio;393;393;data/v22_verified/main/municipal_summary_v22.csv (rio_outside_orders);OK;
234;Tabela 4;Average R=3 | Rio (%);82,2;82,2;data/v22_verified/main/municipal_summary_v22.csv (rio_share_outside_pct);OK;
235;Tabela 4;Average R=5 | K;53;53;data/v22_verified/main/municipal_summary_v22.csv (K_selected);OK;
236;Tabela 4;Average R=5 | Nul.;0;0;data/v22_verified/main/municipal_summary_v22.csv (zero_coverage_municipalities);OK;
237;Tabela 4;Average R=5 | <80%;1;1;data/v22_verified/main/municipal_summary_v22.csv (below_80pct_municipalities);OK;
238;Tabela 4;Average R=5 | Fora;371;371;data/v22_verified/main/municipal_summary_v22.csv (outside_orders);OK;
239;Tabela 4;Average R=5 | Rio;285;285;data/v22_verified/main/municipal_summary_v22.csv (rio_outside_orders);OK;
240;Tabela 4;Average R=5 | Rio (%);76,8;76,8;data/v22_verified/main/municipal_summary_v22.csv (rio_share_outside_pct);OK;
241;Tabela 4;Average R=10 | K;24;24;data/v22_verified/main/municipal_summary_v22.csv (K_selected);OK;
242;Tabela 4;Average R=10 | Nul.;1;1;data/v22_verified/main/municipal_summary_v22.csv (zero_coverage_municipalities);OK;
243;Tabela 4;Average R=10 | <80%;3;3;data/v22_verified/main/municipal_summary_v22.csv (below_80pct_municipalities);OK;
244;Tabela 4;Average R=10 | Fora;327;327;data/v22_verified/main/municipal_summary_v22.csv (outside_orders);OK;
245;Tabela 4;Average R=10 | Rio;43;43;data/v22_verified/main/municipal_summary_v22.csv (rio_outside_orders);OK;
246;Tabela 4;Average R=10 | Rio (%);13,1;13,1;data/v22_verified/main/municipal_summary_v22.csv (rio_share_outside_pct);OK;
247;Tabela 4;P-mediana R=5 | K;55;55;data/v22_verified/main/municipal_summary_v22.csv (K_selected);OK;
248;Tabela 4;P-mediana R=5 | Nul.;3;3;data/v22_verified/main/municipal_summary_v22.csv (zero_coverage_municipalities);OK;
249;Tabela 4;P-mediana R=5 | <80%;9;9;data/v22_verified/main/municipal_summary_v22.csv (below_80pct_municipalities);OK;
250;Tabela 4;P-mediana R=5 | Fora;457;457;data/v22_verified/main/municipal_summary_v22.csv (outside_orders);OK;
251;Tabela 4;P-mediana R=5 | Rio;39;39;data/v22_verified/main/municipal_summary_v22.csv (rio_outside_orders);OK;
252;Tabela 4;P-mediana R=5 | Rio (%);8,5;8,5;data/v22_verified/main/municipal_summary_v22.csv (rio_share_outside_pct);OK;
253;Tabela 4;P-mediana R=10 | K;23;23;data/v22_verified/main/municipal_summary_v22.csv (K_selected);OK;
254;Tabela 4;P-mediana R=10 | Nul.;6;6;data/v22_verified/main/municipal_summary_v22.csv (zero_coverage_municipalities);OK;
255;Tabela 4;P-mediana R=10 | <80%;11;11;data/v22_verified/main/municipal_summary_v22.csv (below_80pct_municipalities);OK;
256;Tabela 4;P-mediana R=10 | Fora;468;468;data/v22_verified/main/municipal_summary_v22.csv (outside_orders);OK;
257;Tabela 4;P-mediana R=10 | Rio;0;0;data/v22_verified/main/municipal_summary_v22.csv (rio_outside_orders);OK;
258;Tabela 4;P-mediana R=10 | Rio (%);0,0;0,0;data/v22_verified/main/municipal_summary_v22.csv (rio_share_outside_pct);OK;
259;Tabela 4;MCLP GA R=5 | K;40;40;data/v22_verified/main/municipal_summary_v22.csv (K_selected);OK;
260;Tabela 4;MCLP GA R=5 | Nul.;5;5;data/v22_verified/main/municipal_summary_v22.csv (zero_coverage_municipalities);OK;
261;Tabela 4;MCLP GA R=5 | <80%;10;10;data/v22_verified/main/municipal_summary_v22.csv (below_80pct_municipalities);OK;
262;Tabela 4;MCLP GA R=5 | Fora;466;466;data/v22_verified/main/municipal_summary_v22.csv (outside_orders);OK;
263;Tabela 4;MCLP GA R=5 | Rio;54;54;data/v22_verified/main/municipal_summary_v22.csv (rio_outside_orders);OK;
264;Tabela 4;MCLP GA R=5 | Rio (%);11,6;11,6;data/v22_verified/main/municipal_summary_v22.csv (rio_share_outside_pct);OK;
265;Tabela 4;MCLP GA R=10 | K;15;15;data/v22_verified/main/municipal_summary_v22.csv (K_selected);OK;
266;Tabela 4;MCLP GA R=10 | Nul.;9;9;data/v22_verified/main/municipal_summary_v22.csv (zero_coverage_municipalities);OK;
267;Tabela 4;MCLP GA R=10 | <80%;10;10;data/v22_verified/main/municipal_summary_v22.csv (below_80pct_municipalities);OK;
268;Tabela 4;MCLP GA R=10 | Fora;440;440;data/v22_verified/main/municipal_summary_v22.csv (outside_orders);OK;
269;Tabela 4;MCLP GA R=10 | Rio;33;33;data/v22_verified/main/municipal_summary_v22.csv (rio_outside_orders);OK;
270;Tabela 4;MCLP GA R=10 | Rio (%);7,5;7,5;data/v22_verified/main/municipal_summary_v22.csv (rio_share_outside_pct);OK;
271;Tabela 4;P-mediana (sens.) R=3 | K;90;90;data/v22_verified/main/municipal_summary_v22.csv (K_selected);OK;
272;Tabela 4;P-mediana (sens.) R=3 | Nul.;1;1;data/v22_verified/main/municipal_summary_v22.csv (zero_coverage_municipalities);OK;
273;Tabela 4;P-mediana (sens.) R=3 | <80%;7;7;data/v22_verified/main/municipal_summary_v22.csv (below_80pct_municipalities);OK;
274;Tabela 4;P-mediana (sens.) R=3 | Fora;484;484;data/v22_verified/main/municipal_summary_v22.csv (outside_orders);OK;
275;Tabela 4;P-mediana (sens.) R=3 | Rio;120;120;data/v22_verified/main/municipal_summary_v22.csv (rio_outside_orders);OK;
276;Tabela 4;P-mediana (sens.) R=3 | Rio (%);24,8;24,8;data/v22_verified/main/municipal_summary_v22.csv (rio_share_outside_pct);OK;
277;Tabela 4;MCLP GA (sens.) R=3 | K;64;64;data/v22_verified/main/municipal_summary_v22.csv (K_selected);OK;
278;Tabela 4;MCLP GA (sens.) R=3 | Nul.;5;5;data/v22_verified/main/municipal_summary_v22.csv (zero_coverage_municipalities);OK;
279;Tabela 4;MCLP GA (sens.) R=3 | <80%;7;7;data/v22_verified/main/municipal_summary_v22.csv (below_80pct_municipalities);OK;
280;Tabela 4;MCLP GA (sens.) R=3 | Fora;484;484;data/v22_verified/main/municipal_summary_v22.csv (outside_orders);OK;
281;Tabela 4;MCLP GA (sens.) R=3 | Rio;116;116;data/v22_verified/main/municipal_summary_v22.csv (rio_outside_orders);OK;
282;Tabela 4;MCLP GA (sens.) R=3 | Rio (%);24,0;24,0;data/v22_verified/main/municipal_summary_v22.csv (rio_share_outside_pct);OK;
283;Tabela 5;Belford Roxo | N;104;104;data/v22_verified/main/service_by_municipality_v22.csv (orders);OK;
284;Tabela 5;Belford Roxo | K-Means R=10;100,0;100,0;data/v22_verified/main/service_by_municipality_v22.csv (coverage_pct);OK;
285;Tabela 5;Belford Roxo | Ward R=10;100,0;100,0;data/v22_verified/main/service_by_municipality_v22.csv (coverage_pct);OK;
286;Tabela 5;Belford Roxo | Complete R=10;74,0;74,0;data/v22_verified/main/service_by_municipality_v22.csv (coverage_pct);OK;
287;Tabela 5;Belford Roxo | Average R=10;97,1;97,1;data/v22_verified/main/service_by_municipality_v22.csv (coverage_pct);OK;
288;Tabela 5;Belford Roxo | P-mediana R=10;100,0;100,0;data/v22_verified/main/service_by_municipality_v22.csv (coverage_pct);OK;
289;Tabela 5;Belford Roxo | MCLP GA R=10;100,0;100,0;data/v22_verified/main/service_by_municipality_v22.csv (coverage_pct);OK;
290;Tabela 5;Cachoeiras de Macacu | N;20;20;data/v22_verified/main/service_by_municipality_v22.csv (orders);OK;
291;Tabela 5;Cachoeiras de Macacu | K-Means R=10;5,0;5,0;data/v22_verified/main/service_by_municipality_v22.csv (coverage_pct);OK;
292;Tabela 5;Cachoeiras de Macacu | Ward R=10;5,0;5,0;data/v22_verified/main/service_by_municipality_v22.csv (coverage_pct);OK;
293;Tabela 5;Cachoeiras de Macacu | Complete R=10;95,0;95,0;data/v22_verified/main/service_by_municipality_v22.csv (coverage_pct);OK;
294;Tabela 5;Cachoeiras de Macacu | Average R=10;100,0;100,0;data/v22_verified/main/service_by_municipality_v22.csv (coverage_pct);OK;
295;Tabela 5;Cachoeiras de Macacu | P-mediana R=10;0,0;0,0;data/v22_verified/main/service_by_municipality_v22.csv (coverage_pct);OK;
296;Tabela 5;Cachoeiras de Macacu | MCLP GA R=10;0,0;0,0;data/v22_verified/main/service_by_municipality_v22.csv (coverage_pct);OK;
297;Tabela 5;Duque de Caxias | N;250;250;data/v22_verified/main/service_by_municipality_v22.csv (orders);OK;
298;Tabela 5;Duque de Caxias | K-Means R=10;86,4;86,4;data/v22_verified/main/service_by_municipality_v22.csv (coverage_pct);OK;
299;Tabela 5;Duque de Caxias | Ward R=10;98,0;98,0;data/v22_verified/main/service_by_municipality_v22.csv (coverage_pct);OK;
300;Tabela 5;Duque de Caxias | Complete R=10;84,0;84,0;data/v22_verified/main/service_by_municipality_v22.csv (coverage_pct);OK;
301;Tabela 5;Duque de Caxias | Average R=10;64,0;64,0;data/v22_verified/main/service_by_municipality_v22.csv (coverage_pct);OK;
302;Tabela 5;Duque de Caxias | P-mediana R=10;73,2;73,2;data/v22_verified/main/service_by_municipality_v22.csv (coverage_pct);OK;
303;Tabela 5;Duque de Caxias | MCLP GA R=10;98,4;98,4;data/v22_verified/main/service_by_municipality_v22.csv (coverage_pct);OK;
304;Tabela 5;Guapimirim | N;21;21;data/v22_verified/main/service_by_municipality_v22.csv (orders);OK;
305;Tabela 5;Guapimirim | K-Means R=10;19,0;19,0;data/v22_verified/main/service_by_municipality_v22.csv (coverage_pct);OK;
306;Tabela 5;Guapimirim | Ward R=10;38,1;38,1;data/v22_verified/main/service_by_municipality_v22.csv (coverage_pct);OK;
307;Tabela 5;Guapimirim | Complete R=10;38,1;38,1;data/v22_verified/main/service_by_municipality_v22.csv (coverage_pct);OK;
308;Tabela 5;Guapimirim | Average R=10;100,0;100,0;data/v22_verified/main/service_by_municipality_v22.csv (coverage_pct);OK;
309;Tabela 5;Guapimirim | P-mediana R=10;0,0;0,0;data/v22_verified/main/service_by_municipality_v22.csv (coverage_pct);OK;
310;Tabela 5;Guapimirim | MCLP GA R=10;0,0;0,0;data/v22_verified/main/service_by_municipality_v22.csv (coverage_pct);OK;
311;Tabela 5;Itaboraí | N;56;56;data/v22_verified/main/service_by_municipality_v22.csv (orders);OK;
312;Tabela 5;Itaboraí | K-Means R=10;0,0;0,0;data/v22_verified/main/service_by_municipality_v22.csv (coverage_pct);OK;
313;Tabela 5;Itaboraí | Ward R=10;7,1;7,1;data/v22_verified/main/service_by_municipality_v22.csv (coverage_pct);OK;
314;Tabela 5;Itaboraí | Complete R=10;100,0;100,0;data/v22_verified/main/service_by_municipality_v22.csv (coverage_pct);OK;
315;Tabela 5;Itaboraí | Average R=10;100,0;100,0;data/v22_verified/main/service_by_municipality_v22.csv (coverage_pct);OK;
316;Tabela 5;Itaboraí | P-mediana R=10;0,0;0,0;data/v22_verified/main/service_by_municipality_v22.csv (coverage_pct);OK;
317;Tabela 5;Itaboraí | MCLP GA R=10;0,0;0,0;data/v22_verified/main/service_by_municipality_v22.csv (coverage_pct);OK;
318;Tabela 5;Itaguaí | N;46;46;data/v22_verified/main/service_by_municipality_v22.csv (orders);OK;
319;Tabela 5;Itaguaí | K-Means R=10;0,0;0,0;data/v22_verified/main/service_by_municipality_v22.csv (coverage_pct);OK;
320;Tabela 5;Itaguaí | Ward R=10;100,0;100,0;data/v22_verified/main/service_by_municipality_v22.csv (coverage_pct);OK;
321;Tabela 5;Itaguaí | Complete R=10;100,0;100,0;data/v22_verified/main/service_by_municipality_v22.csv (coverage_pct);OK;
322;Tabela 5;Itaguaí | Average R=10;100,0;100,0;data/v22_verified/main/service_by_municipality_v22.csv (coverage_pct);OK;
323;Tabela 5;Itaguaí | P-mediana R=10;0,0;0,0;data/v22_verified/main/service_by_municipality_v22.csv (coverage_pct);OK;
324;Tabela 5;Itaguaí | MCLP GA R=10;69,6;69,6;data/v22_verified/main/service_by_municipality_v22.csv (coverage_pct);OK;
325;Tabela 5;Japeri | N;34;34;data/v22_verified/main/service_by_municipality_v22.csv (orders);OK;
326;Tabela 5;Japeri | K-Means R=10;100,0;100,0;data/v22_verified/main/service_by_municipality_v22.csv (coverage_pct);OK;
327;Tabela 5;Japeri | Ward R=10;100,0;100,0;data/v22_verified/main/service_by_municipality_v22.csv (coverage_pct);OK;
328;Tabela 5;Japeri | Complete R=10;100,0;100,0;data/v22_verified/main/service_by_municipality_v22.csv (coverage_pct);OK;
329;Tabela 5;Japeri | Average R=10;100,0;100,0;data/v22_verified/main/service_by_municipality_v22.csv (coverage_pct);OK;
330;Tabela 5;Japeri | P-mediana R=10;41,2;41,2;data/v22_verified/main/service_by_municipality_v22.csv (coverage_pct);OK;
331;Tabela 5;Japeri | MCLP GA R=10;0,0;0,0;data/v22_verified/main/service_by_municipality_v22.csv (coverage_pct);OK;
332;Tabela 5;Magé | N;104;104;data/v22_verified/main/service_by_municipality_v22.csv (orders);OK;
333;Tabela 5;Magé | K-Means R=10;88,5;88,5;data/v22_verified/main/service_by_municipality_v22.csv (coverage_pct);OK;
334;Tabela 5;Magé | Ward R=10;88,5;88,5;data/v22_verified/main/service_by_municipality_v22.csv (coverage_pct);OK;
335;Tabela 5;Magé | Complete R=10;66,3;66,3;data/v22_verified/main/service_by_municipality_v22.csv (coverage_pct);OK;
336;Tabela 5;Magé | Average R=10;100,0;100,0;data/v22_verified/main/service_by_municipality_v22.csv (coverage_pct);OK;
337;Tabela 5;Magé | P-mediana R=10;57,7;57,7;data/v22_verified/main/service_by_municipality_v22.csv (coverage_pct);OK;
338;Tabela 5;Magé | MCLP GA R=10;0,0;0,0;data/v22_verified/main/service_by_municipality_v22.csv (coverage_pct);OK;
339;Tabela 5;Maricá | N;133;133;data/v22_verified/main/service_by_municipality_v22.csv (orders);OK;
340;Tabela 5;Maricá | K-Means R=10;77,4;77,4;data/v22_verified/main/service_by_municipality_v22.csv (coverage_pct);OK;
341;Tabela 5;Maricá | Ward R=10;97,0;97,0;data/v22_verified/main/service_by_municipality_v22.csv (coverage_pct);OK;
342;Tabela 5;Maricá | Complete R=10;98,5;98,5;data/v22_verified/main/service_by_municipality_v22.csv (coverage_pct);OK;
343;Tabela 5;Maricá | Average R=10;98,5;98,5;data/v22_verified/main/service_by_municipality_v22.csv (coverage_pct);OK;
344;Tabela 5;Maricá | P-mediana R=10;75,2;75,2;data/v22_verified/main/service_by_municipality_v22.csv (coverage_pct);OK;
345;Tabela 5;Maricá | MCLP GA R=10;82,0;82,0;data/v22_verified/main/service_by_municipality_v22.csv (coverage_pct);OK;
346;Tabela 5;Mesquita | N;75;75;data/v22_verified/main/service_by_municipality_v22.csv (orders);OK;
347;Tabela 5;Mesquita | K-Means R=10;100,0;100,0;data/v22_verified/main/service_by_municipality_v22.csv (coverage_pct);OK;
348;Tabela 5;Mesquita | Ward R=10;100,0;100,0;data/v22_verified/main/service_by_municipality_v22.csv (coverage_pct);OK;
349;Tabela 5;Mesquita | Complete R=10;100,0;100,0;data/v22_verified/main/service_by_municipality_v22.csv (coverage_pct);OK;
350;Tabela 5;Mesquita | Average R=10;100,0;100,0;data/v22_verified/main/service_by_municipality_v22.csv (coverage_pct);OK;
351;Tabela 5;Mesquita | P-mediana R=10;100,0;100,0;data/v22_verified/main/service_by_municipality_v22.csv (coverage_pct);OK;
352;Tabela 5;Mesquita | MCLP GA R=10;100,0;100,0;data/v22_verified/main/service_by_municipality_v22.csv (coverage_pct);OK;
353;Tabela 5;Nilópolis | N;103;103;data/v22_verified/main/service_by_municipality_v22.csv (orders);OK;
354;Tabela 5;Nilópolis | K-Means R=10;100,0;100,0;data/v22_verified/main/service_by_municipality_v22.csv (coverage_pct);OK;
355;Tabela 5;Nilópolis | Ward R=10;100,0;100,0;data/v22_verified/main/service_by_municipality_v22.csv (coverage_pct);OK;
356;Tabela 5;Nilópolis | Complete R=10;100,0;100,0;data/v22_verified/main/service_by_municipality_v22.csv (coverage_pct);OK;
357;Tabela 5;Nilópolis | Average R=10;100,0;100,0;data/v22_verified/main/service_by_municipality_v22.csv (coverage_pct);OK;
358;Tabela 5;Nilópolis | P-mediana R=10;100,0;100,0;data/v22_verified/main/service_by_municipality_v22.csv (coverage_pct);OK;
359;Tabela 5;Nilópolis | MCLP GA R=10;100,0;100,0;data/v22_verified/main/service_by_municipality_v22.csv (coverage_pct);OK;
360;Tabela 5;Niterói | N;824;824;data/v22_verified/main/service_by_municipality_v22.csv (orders);OK;
361;Tabela 5;Niterói | K-Means R=10;100,0;100,0;data/v22_verified/main/service_by_municipality_v22.csv (coverage_pct);OK;
362;Tabela 5;Niterói | Ward R=10;100,0;100,0;data/v22_verified/main/service_by_municipality_v22.csv (coverage_pct);OK;
363;Tabela 5;Niterói | Complete R=10;99,4;99,4;data/v22_verified/main/service_by_municipality_v22.csv (coverage_pct);OK;
364;Tabela 5;Niterói | Average R=10;99,4;99,4;data/v22_verified/main/service_by_municipality_v22.csv (coverage_pct);OK;
365;Tabela 5;Niterói | P-mediana R=10;98,2;98,2;data/v22_verified/main/service_by_municipality_v22.csv (coverage_pct);OK;
366;Tabela 5;Niterói | MCLP GA R=10;100,0;100,0;data/v22_verified/main/service_by_municipality_v22.csv (coverage_pct);OK;
367;Tabela 5;Nova Iguaçu | N;423;423;data/v22_verified/main/service_by_municipality_v22.csv (orders);OK;
368;Tabela 5;Nova Iguaçu | K-Means R=10;96,9;96,9;data/v22_verified/main/service_by_municipality_v22.csv (coverage_pct);OK;
369;Tabela 5;Nova Iguaçu | Ward R=10;99,1;99,1;data/v22_verified/main/service_by_municipality_v22.csv (coverage_pct);OK;
370;Tabela 5;Nova Iguaçu | Complete R=10;96,9;96,9;data/v22_verified/main/service_by_municipality_v22.csv (coverage_pct);OK;
371;Tabela 5;Nova Iguaçu | Average R=10;84,2;84,2;data/v22_verified/main/service_by_municipality_v22.csv (coverage_pct);OK;
372;Tabela 5;Nova Iguaçu | P-mediana R=10;96,7;96,7;data/v22_verified/main/service_by_municipality_v22.csv (coverage_pct);OK;
373;Tabela 5;Nova Iguaçu | MCLP GA R=10;100,0;100,0;data/v22_verified/main/service_by_municipality_v22.csv (coverage_pct);OK;
374;Tabela 5;Paracambi | N;35;35;data/v22_verified/main/service_by_municipality_v22.csv (orders);OK;
375;Tabela 5;Paracambi | K-Means R=10;0,0;0,0;data/v22_verified/main/service_by_municipality_v22.csv (coverage_pct);OK;
376;Tabela 5;Paracambi | Ward R=10;0,0;0,0;data/v22_verified/main/service_by_municipality_v22.csv (coverage_pct);OK;
377;Tabela 5;Paracambi | Complete R=10;100,0;100,0;data/v22_verified/main/service_by_municipality_v22.csv (coverage_pct);OK;
378;Tabela 5;Paracambi | Average R=10;0,0;0,0;data/v22_verified/main/service_by_municipality_v22.csv (coverage_pct);OK;
379;Tabela 5;Paracambi | P-mediana R=10;100,0;100,0;data/v22_verified/main/service_by_municipality_v22.csv (coverage_pct);OK;
380;Tabela 5;Paracambi | MCLP GA R=10;0,0;0,0;data/v22_verified/main/service_by_municipality_v22.csv (coverage_pct);OK;
381;Tabela 5;Petrópolis | N;234;234;data/v22_verified/main/service_by_municipality_v22.csv (orders);OK;
382;Tabela 5;Petrópolis | K-Means R=10;89,3;89,3;data/v22_verified/main/service_by_municipality_v22.csv (coverage_pct);OK;
383;Tabela 5;Petrópolis | Ward R=10;89,3;89,3;data/v22_verified/main/service_by_municipality_v22.csv (coverage_pct);OK;
384;Tabela 5;Petrópolis | Complete R=10;97,9;97,9;data/v22_verified/main/service_by_municipality_v22.csv (coverage_pct);OK;
385;Tabela 5;Petrópolis | Average R=10;100,0;100,0;data/v22_verified/main/service_by_municipality_v22.csv (coverage_pct);OK;
386;Tabela 5;Petrópolis | P-mediana R=10;81,6;81,6;data/v22_verified/main/service_by_municipality_v22.csv (coverage_pct);OK;
387;Tabela 5;Petrópolis | MCLP GA R=10;89,3;89,3;data/v22_verified/main/service_by_municipality_v22.csv (coverage_pct);OK;
388;Tabela 5;Queimados | N;53;53;data/v22_verified/main/service_by_municipality_v22.csv (orders);OK;
389;Tabela 5;Queimados | K-Means R=10;94,3;94,3;data/v22_verified/main/service_by_municipality_v22.csv (coverage_pct);OK;
390;Tabela 5;Queimados | Ward R=10;100,0;100,0;data/v22_verified/main/service_by_municipality_v22.csv (coverage_pct);OK;
391;Tabela 5;Queimados | Complete R=10;26,4;26,4;data/v22_verified/main/service_by_municipality_v22.csv (coverage_pct);OK;
392;Tabela 5;Queimados | Average R=10;96,2;96,2;data/v22_verified/main/service_by_municipality_v22.csv (coverage_pct);OK;
393;Tabela 5;Queimados | P-mediana R=10;5,7;5,7;data/v22_verified/main/service_by_municipality_v22.csv (coverage_pct);OK;
394;Tabela 5;Queimados | MCLP GA R=10;98,1;98,1;data/v22_verified/main/service_by_municipality_v22.csv (coverage_pct);OK;
395;Tabela 5;Rio Bonito | N;27;27;data/v22_verified/main/service_by_municipality_v22.csv (orders);OK;
396;Tabela 5;Rio Bonito | K-Means R=10;100,0;100,0;data/v22_verified/main/service_by_municipality_v22.csv (coverage_pct);OK;
397;Tabela 5;Rio Bonito | Ward R=10;0,0;0,0;data/v22_verified/main/service_by_municipality_v22.csv (coverage_pct);OK;
398;Tabela 5;Rio Bonito | Complete R=10;100,0;100,0;data/v22_verified/main/service_by_municipality_v22.csv (coverage_pct);OK;
399;Tabela 5;Rio Bonito | Average R=10;100,0;100,0;data/v22_verified/main/service_by_municipality_v22.csv (coverage_pct);OK;
400;Tabela 5;Rio Bonito | P-mediana R=10;100,0;100,0;data/v22_verified/main/service_by_municipality_v22.csv (coverage_pct);OK;
401;Tabela 5;Rio Bonito | MCLP GA R=10;0,0;0,0;data/v22_verified/main/service_by_municipality_v22.csv (coverage_pct);OK;
402;Tabela 5;Rio de Janeiro | N;6.601;6.601;data/v22_verified/main/service_by_municipality_v22.csv (orders);OK;
403;Tabela 5;Rio de Janeiro | K-Means R=10;98,6;98,6;data/v22_verified/main/service_by_municipality_v22.csv (coverage_pct);OK;
404;Tabela 5;Rio de Janeiro | Ward R=10;96,3;96,3;data/v22_verified/main/service_by_municipality_v22.csv (coverage_pct);OK;
405;Tabela 5;Rio de Janeiro | Complete R=10;98,1;98,1;data/v22_verified/main/service_by_municipality_v22.csv (coverage_pct);OK;
406;Tabela 5;Rio de Janeiro | Average R=10;99,3;99,3;data/v22_verified/main/service_by_municipality_v22.csv (coverage_pct);OK;
407;Tabela 5;Rio de Janeiro | P-mediana R=10;100,0;100,0;data/v22_verified/main/service_by_municipality_v22.csv (coverage_pct);OK;
408;Tabela 5;Rio de Janeiro | MCLP GA R=10;99,5;99,5;data/v22_verified/main/service_by_municipality_v22.csv (coverage_pct);OK;
409;Tabela 5;São Gonçalo | N;385;385;data/v22_verified/main/service_by_municipality_v22.csv (orders);OK;
410;Tabela 5;São Gonçalo | K-Means R=10;100,0;100,0;data/v22_verified/main/service_by_municipality_v22.csv (coverage_pct);OK;
411;Tabela 5;São Gonçalo | Ward R=10;100,0;100,0;data/v22_verified/main/service_by_municipality_v22.csv (coverage_pct);OK;
412;Tabela 5;São Gonçalo | Complete R=10;79,2;79,2;data/v22_verified/main/service_by_municipality_v22.csv (coverage_pct);OK;
413;Tabela 5;São Gonçalo | Average R=10;79,2;79,2;data/v22_verified/main/service_by_municipality_v22.csv (coverage_pct);OK;
414;Tabela 5;São Gonçalo | P-mediana R=10;100,0;100,0;data/v22_verified/main/service_by_municipality_v22.csv (coverage_pct);OK;
415;Tabela 5;São Gonçalo | MCLP GA R=10;99,2;99,2;data/v22_verified/main/service_by_municipality_v22.csv (coverage_pct);OK;
416;Tabela 5;São João de Meriti | N;124;124;data/v22_verified/main/service_by_municipality_v22.csv (orders);OK;
417;Tabela 5;São João de Meriti | K-Means R=10;100,0;100,0;data/v22_verified/main/service_by_municipality_v22.csv (coverage_pct);OK;
418;Tabela 5;São João de Meriti | Ward R=10;100,0;100,0;data/v22_verified/main/service_by_municipality_v22.csv (coverage_pct);OK;
419;Tabela 5;São João de Meriti | Complete R=10;86,3;86,3;data/v22_verified/main/service_by_municipality_v22.csv (coverage_pct);OK;
420;Tabela 5;São João de Meriti | Average R=10;100,0;100,0;data/v22_verified/main/service_by_municipality_v22.csv (coverage_pct);OK;
421;Tabela 5;São João de Meriti | P-mediana R=10;100,0;100,0;data/v22_verified/main/service_by_municipality_v22.csv (coverage_pct);OK;
422;Tabela 5;São João de Meriti | MCLP GA R=10;100,0;100,0;data/v22_verified/main/service_by_municipality_v22.csv (coverage_pct);OK;
423;Tabela 5;Seropédica | N;33;33;data/v22_verified/main/service_by_municipality_v22.csv (orders);OK;
424;Tabela 5;Seropédica | K-Means R=10;33,3;33,3;data/v22_verified/main/service_by_municipality_v22.csv (coverage_pct);OK;
425;Tabela 5;Seropédica | Ward R=10;33,3;33,3;data/v22_verified/main/service_by_municipality_v22.csv (coverage_pct);OK;
426;Tabela 5;Seropédica | Complete R=10;60,6;60,6;data/v22_verified/main/service_by_municipality_v22.csv (coverage_pct);OK;
427;Tabela 5;Seropédica | Average R=10;100,0;100,0;data/v22_verified/main/service_by_municipality_v22.csv (coverage_pct);OK;
428;Tabela 5;Seropédica | P-mediana R=10;0,0;0,0;data/v22_verified/main/service_by_municipality_v22.csv (coverage_pct);OK;
429;Tabela 5;Seropédica | MCLP GA R=10;0,0;0,0;data/v22_verified/main/service_by_municipality_v22.csv (coverage_pct);OK;
430;Tabela 5;Tanguá | N;6;6;data/v22_verified/main/service_by_municipality_v22.csv (orders);OK;
431;Tabela 5;Tanguá | K-Means R=10;0,0;0,0;data/v22_verified/main/service_by_municipality_v22.csv (coverage_pct);OK;
432;Tabela 5;Tanguá | Ward R=10;100,0;100,0;data/v22_verified/main/service_by_municipality_v22.csv (coverage_pct);OK;
433;Tabela 5;Tanguá | Complete R=10;100,0;100,0;data/v22_verified/main/service_by_municipality_v22.csv (coverage_pct);OK;
434;Tabela 5;Tanguá | Average R=10;100,0;100,0;data/v22_verified/main/service_by_municipality_v22.csv (coverage_pct);OK;
435;Tabela 5;Tanguá | P-mediana R=10;0,0;0,0;data/v22_verified/main/service_by_municipality_v22.csv (coverage_pct);OK;
436;Tabela 5;Tanguá | MCLP GA R=10;0,0;0,0;data/v22_verified/main/service_by_municipality_v22.csv (coverage_pct);OK;
437;Tabela 6;T=Sem T | K;61;61;data/v22_verified/exact/exact_results.csv (K);OK;
438;Tabela 6;T=Sem T | Máximo;26,95;26,95;data/v22_verified/exact/exact_results.csv (max_distance_km);OK;
439;Tabela 6;T=Sem T | Cobertura;95,016;95,016;data/v22_verified/exact/exact_results.csv (coverage_pct);OK;
440;Tabela 6;T=Sem T | Gap;0,000;0,000;data/v22_verified/exact/exact_results.csv (mip_gap);OK;
441;Tabela 6;T=15 | K;63;63;data/v22_verified/exact/exact_results.csv (K);OK;
442;Tabela 6;T=15 | Máximo;14,69;14,69;data/v22_verified/exact/exact_results.csv (max_distance_km);OK;
443;Tabela 6;T=15 | Cobertura;95,057;95,057;data/v22_verified/exact/exact_results.csv (coverage_pct);OK;
444;Tabela 6;T=15 | Gap;0,000;0,000;data/v22_verified/exact/exact_results.csv (mip_gap);OK;
445;Tabela 6;T=10 | K;65;65;data/v22_verified/exact/exact_results.csv (K);OK;
446;Tabela 6;T=10 | Máximo;9,74;9,74;data/v22_verified/exact/exact_results.csv (max_distance_km);OK;
447;Tabela 6;T=10 | Cobertura;95,006;95,006;data/v22_verified/exact/exact_results.csv (coverage_pct);OK;
448;Tabela 6;T=10 | Gap;0,000;0,000;data/v22_verified/exact/exact_results.csv (mip_gap);OK;
449;Tabela 6;T=8 | K;67;67;data/v22_verified/exact/exact_results.csv (K);OK;
450;Tabela 6;T=8 | Máximo;7,96;7,96;data/v22_verified/exact/exact_results.csv (max_distance_km);OK;
451;Tabela 6;T=8 | Cobertura;95,047;95,047;data/v22_verified/exact/exact_results.csv (coverage_pct);OK;
452;Tabela 6;T=8 | Gap;0,000;0,000;data/v22_verified/exact/exact_results.csv (mip_gap);OK;
453;Tabela 6;T=5 | K;76;76;data/v22_verified/exact/exact_results.csv (K);OK;
454;Tabela 6;T=5 | Máximo;5,00;5,00;data/v22_verified/exact/exact_results.csv (max_distance_km);OK;
455;Tabela 6;T=5 | Cobertura;95,088;95,088;data/v22_verified/exact/exact_results.csv (coverage_pct);OK;
456;Tabela 6;T=5 | Gap;0,000;0,000;data/v22_verified/exact/exact_results.csv (mip_gap);OK;
457;Tabela 7;K-Means | faixa em 3 km;82–84;82–84;"data/v22_verified/sensitivity/sensitivity_selection.csv (K_selected; casos de representação, distância e projeção)";OK;
458;Tabela 7;K-Means | faixa em 5 km;40–42;40–42;"data/v22_verified/sensitivity/sensitivity_selection.csv (K_selected; casos de representação, distância e projeção)";OK;
459;Tabela 7;K-Means | faixa em 10 km;16–17;16–17;"data/v22_verified/sensitivity/sensitivity_selection.csv (K_selected; casos de representação, distância e projeção)";OK;
460;Tabela 7;Ward | faixa em 3 km;80–88;80–88;"data/v22_verified/sensitivity/sensitivity_selection.csv (K_selected; casos de representação, distância e projeção)";OK;
461;Tabela 7;Ward | faixa em 5 km;41–45;41–45;"data/v22_verified/sensitivity/sensitivity_selection.csv (K_selected; casos de representação, distância e projeção)";OK;
462;Tabela 7;Ward | faixa em 10 km;16–17;16–17;"data/v22_verified/sensitivity/sensitivity_selection.csv (K_selected; casos de representação, distância e projeção)";OK;
463;Tabela 7;Complete | faixa em 3 km;87–91;87–91;"data/v22_verified/sensitivity/sensitivity_selection.csv (K_selected; casos de representação, distância e projeção)";OK;
464;Tabela 7;Complete | faixa em 5 km;45–47;45–47;"data/v22_verified/sensitivity/sensitivity_selection.csv (K_selected; casos de representação, distância e projeção)";OK;
465;Tabela 7;Complete | faixa em 10 km;17–22;17–22;"data/v22_verified/sensitivity/sensitivity_selection.csv (K_selected; casos de representação, distância e projeção)";OK;
466;Tabela 7;Average | faixa em 3 km;98–101;98–101;"data/v22_verified/sensitivity/sensitivity_selection.csv (K_selected; casos de representação, distância e projeção)";OK;
467;Tabela 7;Average | faixa em 5 km;48–54;48–54;"data/v22_verified/sensitivity/sensitivity_selection.csv (K_selected; casos de representação, distância e projeção)";OK;
468;Tabela 7;Average | faixa em 10 km;21–24;21–24;"data/v22_verified/sensitivity/sensitivity_selection.csv (K_selected; casos de representação, distância e projeção)";OK;
469;Tabela 7;P-mediana | faixa em 3 km;Inviável (J300);Inviável (J300);"data/v22_verified/sensitivity/sensitivity_selection.csv (K_selected; casos de representação, distância e projeção)";OK;
470;Tabela 7;P-mediana | faixa em 5 km;53–55;53–55;"data/v22_verified/sensitivity/sensitivity_selection.csv (K_selected; casos de representação, distância e projeção)";OK;
471;Tabela 7;P-mediana | faixa em 10 km;23–24;23–24;"data/v22_verified/sensitivity/sensitivity_selection.csv (K_selected; casos de representação, distância e projeção)";OK;
472;Tabela 7;MCLP GA | faixa em 3 km;Inviável (J300);Inviável (J300);"data/v22_verified/sensitivity/sensitivity_selection.csv (K_selected; casos de representação, distância e projeção)";OK;
473;Tabela 7;MCLP GA | faixa em 5 km;39–40;39–40;"data/v22_verified/sensitivity/sensitivity_selection.csv (K_selected; casos de representação, distância e projeção)";OK;
474;Tabela 7;MCLP GA | faixa em 10 km;14–15;14–15;"data/v22_verified/sensitivity/sensitivity_selection.csv (K_selected; casos de representação, distância e projeção)";OK;
475;Tabela 8;Ward principal | T;—;—;sem limite T;OK;
476;Tabela 8;Ward principal | K;80;80;data/v22_verified/main/service_selection.csv;OK;
477;Tabela 8;Ward principal | Média;1,61;1,61;data/v22_verified/main/service_selection.csv;OK;
478;Tabela 8;Ward principal | P99;4,30;4,30;data/v22_verified/main/service_selection.csv;OK;
479;Tabela 8;Ward principal | Máximo;8,48;8,48;data/v22_verified/main/service_selection.csv;OK;
480;Tabela 8;Ward principal | Nul.;1;1;data/v22_verified/main/municipal_summary_v22.csv;OK;
481;Tabela 8;Ward principal | <80%;2;2;data/v22_verified/main/municipal_summary_v22.csv;OK;
482;Tabela 8;Alternativa exata (T=8,00, após Ward) | T;8,00;8,00;data/v23_verified/profiles/solver_profiles.csv (mandatory_radius_km);OK;
483;Tabela 8;Alternativa exata (T=8,00, após Ward) | K;67;67;data/v23_verified/profiles/solver_profiles.csv;OK;
484;Tabela 8;Alternativa exata (T=8,00, após Ward) | Média;1,86;1,86;data/v23_verified/profiles/solver_profiles.csv;OK;
485;Tabela 8;Alternativa exata (T=8,00, após Ward) | P99;6,73;6,73;data/v23_verified/profiles/solver_profiles.csv;OK;
486;Tabela 8;Alternativa exata (T=8,00, após Ward) | Máximo;7,96;7,96;data/v23_verified/profiles/solver_profiles.csv;OK;
487;Tabela 8;Alternativa exata (T=8,00, após Ward) | Nul.;1;1;data/v23_verified/profiles/solver_profiles.csv;OK;
488;Tabela 8;Alternativa exata (T=8,00, após Ward) | <80%;5;5;data/v23_verified/profiles/solver_profiles.csv;OK;
489;Tabela 8;Complete principal | T;—;—;sem limite T;OK;
490;Tabela 8;Complete principal | K;88;88;data/v22_verified/main/service_selection.csv;OK;
491;Tabela 8;Complete principal | Média;1,53;1,53;data/v22_verified/main/service_selection.csv;OK;
492;Tabela 8;Complete principal | P99;3,82;3,82;data/v22_verified/main/service_selection.csv;OK;
493;Tabela 8;Complete principal | Máximo;5,35;5,35;data/v22_verified/main/service_selection.csv;OK;
494;Tabela 8;Complete principal | Nul.;0;0;data/v22_verified/main/municipal_summary_v22.csv;OK;
495;Tabela 8;Complete principal | <80%;1;1;data/v22_verified/main/municipal_summary_v22.csv;OK;
496;Tabela 8;Alternativa exata (T=5,00, após Complete) | T;5,00;5,00;data/v23_verified/profiles/solver_profiles.csv (mandatory_radius_km);OK;
497;Tabela 8;Alternativa exata (T=5,00, após Complete) | K;76;76;data/v23_verified/profiles/solver_profiles.csv;OK;
498;Tabela 8;Alternativa exata (T=5,00, após Complete) | Média;1,80;1,80;data/v23_verified/profiles/solver_profiles.csv;OK;
499;Tabela 8;Alternativa exata (T=5,00, após Complete) | P99;4,52;4,52;data/v23_verified/profiles/solver_profiles.csv;OK;
500;Tabela 8;Alternativa exata (T=5,00, após Complete) | Máximo;5,00;5,00;data/v23_verified/profiles/solver_profiles.csv;OK;
501;Tabela 8;Alternativa exata (T=5,00, após Complete) | Nul.;0;0;data/v23_verified/profiles/solver_profiles.csv;OK;
502;Tabela 8;Alternativa exata (T=5,00, após Complete) | <80%;5;5;data/v23_verified/profiles/solver_profiles.csv;OK;
503;Tabela 8;Average principal | T;—;—;sem limite T;OK;
504;Tabela 8;Average principal | K;99;99;data/v22_verified/main/service_selection.csv;OK;
505;Tabela 8;Average principal | Média;1,54;1,54;data/v22_verified/main/service_selection.csv;OK;
506;Tabela 8;Average principal | P99;3,27;3,27;data/v22_verified/main/service_selection.csv;OK;
507;Tabela 8;Average principal | Máximo;4,66;4,66;data/v22_verified/main/service_selection.csv;OK;
508;Tabela 8;Average principal | Nul.;0;0;data/v22_verified/main/municipal_summary_v22.csv;OK;
509;Tabela 8;Average principal | <80%;0;0;data/v22_verified/main/municipal_summary_v22.csv;OK;
510;Tabela 8;Alternativa exata (T=4,65, após Average) | T;4,65;4,65;data/v23_verified/profiles/solver_profiles.csv (mandatory_radius_km);OK;
511;Tabela 8;Alternativa exata (T=4,65, após Average) | K;79;79;data/v23_verified/profiles/solver_profiles.csv;OK;
512;Tabela 8;Alternativa exata (T=4,65, após Average) | Média;1,73;1,73;data/v23_verified/profiles/solver_profiles.csv;OK;
513;Tabela 8;Alternativa exata (T=4,65, após Average) | P99;4,00;4,00;data/v23_verified/profiles/solver_profiles.csv;OK;
514;Tabela 8;Alternativa exata (T=4,65, após Average) | Máximo;4,64;4,64;data/v23_verified/profiles/solver_profiles.csv;OK;
515;Tabela 8;Alternativa exata (T=4,65, após Average) | Nul.;0;0;data/v23_verified/profiles/solver_profiles.csv;OK;
516;Tabela 8;Alternativa exata (T=4,65, após Average) | <80%;0;0;data/v23_verified/profiles/solver_profiles.csv;OK;
517;Apêndice A.1;Principal | K-Means | 3 km;82;82;data/v22_verified/sensitivity/sensitivity_selection.csv (case=main);OK;
518;Apêndice A.1;Principal | K-Means | 5 km;40;40;data/v22_verified/sensitivity/sensitivity_selection.csv (case=main);OK;
519;Apêndice A.1;Principal | K-Means | 10 km;17;17;data/v22_verified/sensitivity/sensitivity_selection.csv (case=main);OK;
520;Apêndice A.1;Principal | Ward | 3 km;80;80;data/v22_verified/sensitivity/sensitivity_selection.csv (case=main);OK;
521;Apêndice A.1;Principal | Ward | 5 km;42;42;data/v22_verified/sensitivity/sensitivity_selection.csv (case=main);OK;
522;Apêndice A.1;Principal | Ward | 10 km;17;17;data/v22_verified/sensitivity/sensitivity_selection.csv (case=main);OK;
523;Apêndice A.1;Principal | Complete | 3 km;88;88;data/v22_verified/sensitivity/sensitivity_selection.csv (case=main);OK;
524;Apêndice A.1;Principal | Complete | 5 km;46;46;data/v22_verified/sensitivity/sensitivity_selection.csv (case=main);OK;
525;Apêndice A.1;Principal | Complete | 10 km;19;19;data/v22_verified/sensitivity/sensitivity_selection.csv (case=main);OK;
526;Apêndice A.1;Principal | Average | 3 km;99;99;data/v22_verified/sensitivity/sensitivity_selection.csv (case=main);OK;
527;Apêndice A.1;Principal | Average | 5 km;53;53;data/v22_verified/sensitivity/sensitivity_selection.csv (case=main);OK;
528;Apêndice A.1;Principal | Average | 10 km;24;24;data/v22_verified/sensitivity/sensitivity_selection.csv (case=main);OK;
529;Apêndice A.1;Principal | P-mediana | 3 km;Inviável;Inviável;data/v22_verified/sensitivity/sensitivity_selection.csv (case=main);OK;
530;Apêndice A.1;Principal | P-mediana | 5 km;55;55;data/v22_verified/sensitivity/sensitivity_selection.csv (case=main);OK;
531;Apêndice A.1;Principal | P-mediana | 10 km;23;23;data/v22_verified/sensitivity/sensitivity_selection.csv (case=main);OK;
532;Apêndice A.1;Principal | MCLP GA | 3 km;Inviável;Inviável;data/v22_verified/sensitivity/sensitivity_selection.csv (case=main);OK;
533;Apêndice A.1;Principal | MCLP GA | 5 km;40;40;data/v22_verified/sensitivity/sensitivity_selection.csv (case=main);OK;
534;Apêndice A.1;Principal | MCLP GA | 10 km;15;15;data/v22_verified/sensitivity/sensitivity_selection.csv (case=main);OK;
535;Apêndice A.1;Todos os candidatos, ordem por demanda | P-mediana | 3 km;89;89;data/v22_verified/sensitivity/sensitivity_selection.csv (case=J_all828);OK;
536;Apêndice A.1;Todos os candidatos, ordem por demanda | P-mediana | 5 km;47;47;data/v22_verified/sensitivity/sensitivity_selection.csv (case=J_all828);OK;
537;Apêndice A.1;Todos os candidatos, ordem por demanda | P-mediana | 10 km;19;19;data/v22_verified/sensitivity/sensitivity_selection.csv (case=J_all828);OK;
538;Apêndice A.1;Todos os candidatos, ordem por demanda | MCLP GA | 3 km;64;64;data/v22_verified/sensitivity/sensitivity_selection.csv (case=J_all828);OK;
539;Apêndice A.1;Todos os candidatos, ordem por demanda | MCLP GA | 5 km;32;32;data/v22_verified/sensitivity/sensitivity_selection.csv (case=J_all828);OK;
540;Apêndice A.1;Todos os candidatos, ordem por demanda | MCLP GA | 10 km;12;12;data/v22_verified/sensitivity/sensitivity_selection.csv (case=J_all828);OK;
541;Apêndice A.1;Todos os candidatos, ordem por prefixo | P-mediana | 3 km;90;90;data/v22_verified/sensitivity/sensitivity_selection.csv (case=J_all828_legacy_order);OK;
542;Apêndice A.1;Todos os candidatos, ordem por prefixo | P-mediana | 5 km;48;48;data/v22_verified/sensitivity/sensitivity_selection.csv (case=J_all828_legacy_order);OK;
543;Apêndice A.1;Todos os candidatos, ordem por prefixo | P-mediana | 10 km;19;19;data/v22_verified/sensitivity/sensitivity_selection.csv (case=J_all828_legacy_order);OK;
544;Apêndice A.1;Todos os candidatos, ordem por prefixo | MCLP GA | 3 km;64;64;data/v22_verified/sensitivity/sensitivity_selection.csv (case=J_all828_legacy_order);OK;
545;Apêndice A.1;Todos os candidatos, ordem por prefixo | MCLP GA | 5 km;32;32;data/v22_verified/sensitivity/sensitivity_selection.csv (case=J_all828_legacy_order);OK;
546;Apêndice A.1;Todos os candidatos, ordem por prefixo | MCLP GA | 10 km;12;12;data/v22_verified/sensitivity/sensitivity_selection.csv (case=J_all828_legacy_order);OK;
547;Apêndice A.1;Candidatos internos, ordem por demanda | P-mediana | 3 km;89;89;data/v22_verified/sensitivity/sensitivity_selection.csv (case=J_union825);OK;
548;Apêndice A.1;Candidatos internos, ordem por demanda | P-mediana | 5 km;47;47;data/v22_verified/sensitivity/sensitivity_selection.csv (case=J_union825);OK;
549;Apêndice A.1;Candidatos internos, ordem por demanda | P-mediana | 10 km;19;19;data/v22_verified/sensitivity/sensitivity_selection.csv (case=J_union825);OK;
550;Apêndice A.1;Candidatos internos, ordem por demanda | MCLP GA | 3 km;64;64;data/v22_verified/sensitivity/sensitivity_selection.csv (case=J_union825);OK;
551;Apêndice A.1;Candidatos internos, ordem por demanda | MCLP GA | 5 km;32;32;data/v22_verified/sensitivity/sensitivity_selection.csv (case=J_union825);OK;
552;Apêndice A.1;Candidatos internos, ordem por demanda | MCLP GA | 10 km;12;12;data/v22_verified/sensitivity/sensitivity_selection.csv (case=J_union825);OK;
553;Apêndice A.1;Candidatos internos, ordem por prefixo | P-mediana | 3 km;90;90;data/v22_verified/sensitivity/sensitivity_selection.csv (case=J_union825_legacy_order);OK;
554;Apêndice A.1;Candidatos internos, ordem por prefixo | P-mediana | 5 km;48;48;data/v22_verified/sensitivity/sensitivity_selection.csv (case=J_union825_legacy_order);OK;
555;Apêndice A.1;Candidatos internos, ordem por prefixo | P-mediana | 10 km;19;19;data/v22_verified/sensitivity/sensitivity_selection.csv (case=J_union825_legacy_order);OK;
556;Apêndice A.1;Candidatos internos, ordem por prefixo | MCLP GA | 3 km;64;64;data/v22_verified/sensitivity/sensitivity_selection.csv (case=J_union825_legacy_order);OK;
557;Apêndice A.1;Candidatos internos, ordem por prefixo | MCLP GA | 5 km;32;32;data/v22_verified/sensitivity/sensitivity_selection.csv (case=J_union825_legacy_order);OK;
558;Apêndice A.1;Candidatos internos, ordem por prefixo | MCLP GA | 10 km;12;12;data/v22_verified/sensitivity/sensitivity_selection.csv (case=J_union825_legacy_order);OK;
559;Apêndice A.1;Desempate inverso dos candidatos principais | P-mediana | 3 km;Inviável;Inviável;data/v22_verified/sensitivity/sensitivity_selection.csv (case=J300_tie_reverse);OK;
560;Apêndice A.1;Desempate inverso dos candidatos principais | P-mediana | 5 km;55;55;data/v22_verified/sensitivity/sensitivity_selection.csv (case=J300_tie_reverse);OK;
561;Apêndice A.1;Desempate inverso dos candidatos principais | P-mediana | 10 km;23;23;data/v22_verified/sensitivity/sensitivity_selection.csv (case=J300_tie_reverse);OK;
562;Apêndice A.1;Desempate inverso dos candidatos principais | MCLP GA | 3 km;Inviável;Inviável;data/v22_verified/sensitivity/sensitivity_selection.csv (case=J300_tie_reverse);OK;
563;Apêndice A.1;Desempate inverso dos candidatos principais | MCLP GA | 5 km;40;40;data/v22_verified/sensitivity/sensitivity_selection.csv (case=J300_tie_reverse);OK;
564;Apêndice A.1;Desempate inverso dos candidatos principais | MCLP GA | 10 km;14;14;data/v22_verified/sensitivity/sensitivity_selection.csv (case=J300_tie_reverse);OK;
565;Apêndice A.1;WGS84 somente na avaliação | K-Means | 3 km;82;82;data/v22_verified/sensitivity/sensitivity_selection.csv (case=geodesic_eval_only);OK;
566;Apêndice A.1;WGS84 somente na avaliação | K-Means | 5 km;40;40;data/v22_verified/sensitivity/sensitivity_selection.csv (case=geodesic_eval_only);OK;
567;Apêndice A.1;WGS84 somente na avaliação | K-Means | 10 km;17;17;data/v22_verified/sensitivity/sensitivity_selection.csv (case=geodesic_eval_only);OK;
568;Apêndice A.1;WGS84 somente na avaliação | Ward | 3 km;80;80;data/v22_verified/sensitivity/sensitivity_selection.csv (case=geodesic_eval_only);OK;
569;Apêndice A.1;WGS84 somente na avaliação | Ward | 5 km;42;42;data/v22_verified/sensitivity/sensitivity_selection.csv (case=geodesic_eval_only);OK;
570;Apêndice A.1;WGS84 somente na avaliação | Ward | 10 km;17;17;data/v22_verified/sensitivity/sensitivity_selection.csv (case=geodesic_eval_only);OK;
571;Apêndice A.1;WGS84 somente na avaliação | Complete | 3 km;88;88;data/v22_verified/sensitivity/sensitivity_selection.csv (case=geodesic_eval_only);OK;
572;Apêndice A.1;WGS84 somente na avaliação | Complete | 5 km;45;45;data/v22_verified/sensitivity/sensitivity_selection.csv (case=geodesic_eval_only);OK;
573;Apêndice A.1;WGS84 somente na avaliação | Complete | 10 km;19;19;data/v22_verified/sensitivity/sensitivity_selection.csv (case=geodesic_eval_only);OK;
574;Apêndice A.1;WGS84 somente na avaliação | Average | 3 km;101;101;data/v22_verified/sensitivity/sensitivity_selection.csv (case=geodesic_eval_only);OK;
575;Apêndice A.1;WGS84 somente na avaliação | Average | 5 km;53;53;data/v22_verified/sensitivity/sensitivity_selection.csv (case=geodesic_eval_only);OK;
576;Apêndice A.1;WGS84 somente na avaliação | Average | 10 km;24;24;data/v22_verified/sensitivity/sensitivity_selection.csv (case=geodesic_eval_only);OK;
577;Apêndice A.1;WGS84 somente na avaliação | P-mediana | 3 km;Inviável;Inviável;data/v22_verified/sensitivity/sensitivity_selection.csv (case=geodesic_eval_only);OK;
578;Apêndice A.1;WGS84 somente na avaliação | P-mediana | 5 km;55;55;data/v22_verified/sensitivity/sensitivity_selection.csv (case=geodesic_eval_only);OK;
579;Apêndice A.1;WGS84 somente na avaliação | P-mediana | 10 km;23;23;data/v22_verified/sensitivity/sensitivity_selection.csv (case=geodesic_eval_only);OK;
580;Apêndice A.1;WGS84 somente na avaliação | MCLP GA | 3 km;Inviável;Inviável;data/v22_verified/sensitivity/sensitivity_selection.csv (case=geodesic_eval_only);OK;
581;Apêndice A.1;WGS84 somente na avaliação | MCLP GA | 5 km;40;40;data/v22_verified/sensitivity/sensitivity_selection.csv (case=geodesic_eval_only);OK;
582;Apêndice A.1;WGS84 somente na avaliação | MCLP GA | 10 km;15;15;data/v22_verified/sensitivity/sensitivity_selection.csv (case=geodesic_eval_only);OK;
583;Apêndice A.1;WGS84 no ajuste e na avaliação | K-Means | 3 km;82;82;data/v22_verified/sensitivity/sensitivity_selection.csv (case=geodesic);OK;
584;Apêndice A.1;WGS84 no ajuste e na avaliação | K-Means | 5 km;40;40;data/v22_verified/sensitivity/sensitivity_selection.csv (case=geodesic);OK;
585;Apêndice A.1;WGS84 no ajuste e na avaliação | K-Means | 10 km;17;17;data/v22_verified/sensitivity/sensitivity_selection.csv (case=geodesic);OK;
586;Apêndice A.1;WGS84 no ajuste e na avaliação | Ward | 3 km;80;80;data/v22_verified/sensitivity/sensitivity_selection.csv (case=geodesic);OK;
587;Apêndice A.1;WGS84 no ajuste e na avaliação | Ward | 5 km;42;42;data/v22_verified/sensitivity/sensitivity_selection.csv (case=geodesic);OK;
588;Apêndice A.1;WGS84 no ajuste e na avaliação | Ward | 10 km;17;17;data/v22_verified/sensitivity/sensitivity_selection.csv (case=geodesic);OK;
589;Apêndice A.1;WGS84 no ajuste e na avaliação | Complete | 3 km;91;91;data/v22_verified/sensitivity/sensitivity_selection.csv (case=geodesic);OK;
590;Apêndice A.1;WGS84 no ajuste e na avaliação | Complete | 5 km;47;47;data/v22_verified/sensitivity/sensitivity_selection.csv (case=geodesic);OK;
591;Apêndice A.1;WGS84 no ajuste e na avaliação | Complete | 10 km;20;20;data/v22_verified/sensitivity/sensitivity_selection.csv (case=geodesic);OK;
592;Apêndice A.1;WGS84 no ajuste e na avaliação | Average | 3 km;101;101;data/v22_verified/sensitivity/sensitivity_selection.csv (case=geodesic);OK;
593;Apêndice A.1;WGS84 no ajuste e na avaliação | Average | 5 km;54;54;data/v22_verified/sensitivity/sensitivity_selection.csv (case=geodesic);OK;
594;Apêndice A.1;WGS84 no ajuste e na avaliação | Average | 10 km;24;24;data/v22_verified/sensitivity/sensitivity_selection.csv (case=geodesic);OK;
595;Apêndice A.1;WGS84 no ajuste e na avaliação | P-mediana | 3 km;Inviável;Inviável;data/v22_verified/sensitivity/sensitivity_selection.csv (case=geodesic);OK;
596;Apêndice A.1;WGS84 no ajuste e na avaliação | P-mediana | 5 km;55;55;data/v22_verified/sensitivity/sensitivity_selection.csv (case=geodesic);OK;
597;Apêndice A.1;WGS84 no ajuste e na avaliação | P-mediana | 10 km;23;23;data/v22_verified/sensitivity/sensitivity_selection.csv (case=geodesic);OK;
598;Apêndice A.1;WGS84 no ajuste e na avaliação | MCLP GA | 3 km;Inviável;Inviável;data/v22_verified/sensitivity/sensitivity_selection.csv (case=geodesic);OK;
599;Apêndice A.1;WGS84 no ajuste e na avaliação | MCLP GA | 5 km;39;39;data/v22_verified/sensitivity/sensitivity_selection.csv (case=geodesic);OK;
600;Apêndice A.1;WGS84 no ajuste e na avaliação | MCLP GA | 10 km;15;15;data/v22_verified/sensitivity/sensitivity_selection.csv (case=geodesic);OK;
601;Apêndice A.1;Projeção e retorno a latitude/longitude | K-Means | 3 km;84;84;data/v22_verified/sensitivity/sensitivity_selection.csv (case=projected_inverse);OK;
602;Apêndice A.1;Projeção e retorno a latitude/longitude | K-Means | 5 km;40;40;data/v22_verified/sensitivity/sensitivity_selection.csv (case=projected_inverse);OK;
603;Apêndice A.1;Projeção e retorno a latitude/longitude | K-Means | 10 km;16;16;data/v22_verified/sensitivity/sensitivity_selection.csv (case=projected_inverse);OK;
604;Apêndice A.1;Projeção e retorno a latitude/longitude | Ward | 3 km;88;88;data/v22_verified/sensitivity/sensitivity_selection.csv (case=projected_inverse);OK;
605;Apêndice A.1;Projeção e retorno a latitude/longitude | Ward | 5 km;45;45;data/v22_verified/sensitivity/sensitivity_selection.csv (case=projected_inverse);OK;
606;Apêndice A.1;Projeção e retorno a latitude/longitude | Ward | 10 km;16;16;data/v22_verified/sensitivity/sensitivity_selection.csv (case=projected_inverse);OK;
607;Apêndice A.1;Projeção com centros angulares | K-Means | 3 km;84;84;data/v22_verified/sensitivity/sensitivity_selection.csv (case=projected_partition_angular);OK;
608;Apêndice A.1;Projeção com centros angulares | K-Means | 5 km;40;40;data/v22_verified/sensitivity/sensitivity_selection.csv (case=projected_partition_angular);OK;
609;Apêndice A.1;Projeção com centros angulares | K-Means | 10 km;16;16;data/v22_verified/sensitivity/sensitivity_selection.csv (case=projected_partition_angular);OK;
610;Apêndice A.1;Projeção com centros angulares | Ward | 3 km;88;88;data/v22_verified/sensitivity/sensitivity_selection.csv (case=projected_partition_angular);OK;
611;Apêndice A.1;Projeção com centros angulares | Ward | 5 km;45;45;data/v22_verified/sensitivity/sensitivity_selection.csv (case=projected_partition_angular);OK;
612;Apêndice A.1;Projeção com centros angulares | Ward | 10 km;16;16;data/v22_verified/sensitivity/sensitivity_selection.csv (case=projected_partition_angular);OK;
613;Apêndice A.1;Mediana postal | K-Means | 3 km;84;84;data/v22_verified/sensitivity/sensitivity_selection.csv (case=median);OK;
614;Apêndice A.1;Mediana postal | K-Means | 5 km;40;40;data/v22_verified/sensitivity/sensitivity_selection.csv (case=median);OK;
615;Apêndice A.1;Mediana postal | K-Means | 10 km;16;16;data/v22_verified/sensitivity/sensitivity_selection.csv (case=median);OK;
616;Apêndice A.1;Mediana postal | Ward | 3 km;86;86;data/v22_verified/sensitivity/sensitivity_selection.csv (case=median);OK;
617;Apêndice A.1;Mediana postal | Ward | 5 km;41;41;data/v22_verified/sensitivity/sensitivity_selection.csv (case=median);OK;
618;Apêndice A.1;Mediana postal | Ward | 10 km;17;17;data/v22_verified/sensitivity/sensitivity_selection.csv (case=median);OK;
619;Apêndice A.1;Mediana postal | Complete | 3 km;87;87;data/v22_verified/sensitivity/sensitivity_selection.csv (case=median);OK;
620;Apêndice A.1;Mediana postal | Complete | 5 km;46;46;data/v22_verified/sensitivity/sensitivity_selection.csv (case=median);OK;
621;Apêndice A.1;Mediana postal | Complete | 10 km;22;22;data/v22_verified/sensitivity/sensitivity_selection.csv (case=median);OK;
622;Apêndice A.1;Mediana postal | Average | 3 km;98;98;data/v22_verified/sensitivity/sensitivity_selection.csv (case=median);OK;
623;Apêndice A.1;Mediana postal | Average | 5 km;53;53;data/v22_verified/sensitivity/sensitivity_selection.csv (case=median);OK;
624;Apêndice A.1;Mediana postal | Average | 10 km;24;24;data/v22_verified/sensitivity/sensitivity_selection.csv (case=median);OK;
625;Apêndice A.1;Mediana postal | P-mediana | 3 km;Inviável;Inviável;data/v22_verified/sensitivity/sensitivity_selection.csv (case=median);OK;
626;Apêndice A.1;Mediana postal | P-mediana | 5 km;53;53;data/v22_verified/sensitivity/sensitivity_selection.csv (case=median);OK;
627;Apêndice A.1;Mediana postal | P-mediana | 10 km;23;23;data/v22_verified/sensitivity/sensitivity_selection.csv (case=median);OK;
628;Apêndice A.1;Mediana postal | MCLP GA | 3 km;Inviável;Inviável;data/v22_verified/sensitivity/sensitivity_selection.csv (case=median);OK;
629;Apêndice A.1;Mediana postal | MCLP GA | 5 km;40;40;data/v22_verified/sensitivity/sensitivity_selection.csv (case=median);OK;
630;Apêndice A.1;Mediana postal | MCLP GA | 10 km;14;14;data/v22_verified/sensitivity/sensitivity_selection.csv (case=median);OK;
631;Apêndice A.1;Sem repetições completas | K-Means | 3 km;84;84;data/v22_verified/sensitivity/sensitivity_selection.csv (case=dedup_full);OK;
632;Apêndice A.1;Sem repetições completas | K-Means | 5 km;42;42;data/v22_verified/sensitivity/sensitivity_selection.csv (case=dedup_full);OK;
633;Apêndice A.1;Sem repetições completas | K-Means | 10 km;17;17;data/v22_verified/sensitivity/sensitivity_selection.csv (case=dedup_full);OK;
634;Apêndice A.1;Sem repetições completas | Ward | 3 km;88;88;data/v22_verified/sensitivity/sensitivity_selection.csv (case=dedup_full);OK;
635;Apêndice A.1;Sem repetições completas | Ward | 5 km;45;45;data/v22_verified/sensitivity/sensitivity_selection.csv (case=dedup_full);OK;
636;Apêndice A.1;Sem repetições completas | Ward | 10 km;16;16;data/v22_verified/sensitivity/sensitivity_selection.csv (case=dedup_full);OK;
637;Apêndice A.1;Sem repetições completas | Complete | 3 km;91;91;data/v22_verified/sensitivity/sensitivity_selection.csv (case=dedup_full);OK;
638;Apêndice A.1;Sem repetições completas | Complete | 5 km;45;45;data/v22_verified/sensitivity/sensitivity_selection.csv (case=dedup_full);OK;
639;Apêndice A.1;Sem repetições completas | Complete | 10 km;17;17;data/v22_verified/sensitivity/sensitivity_selection.csv (case=dedup_full);OK;
640;Apêndice A.1;Sem repetições completas | Average | 3 km;101;101;data/v22_verified/sensitivity/sensitivity_selection.csv (case=dedup_full);OK;
641;Apêndice A.1;Sem repetições completas | Average | 5 km;48;48;data/v22_verified/sensitivity/sensitivity_selection.csv (case=dedup_full);OK;
642;Apêndice A.1;Sem repetições completas | Average | 10 km;21;21;data/v22_verified/sensitivity/sensitivity_selection.csv (case=dedup_full);OK;
643;Apêndice A.1;Sem repetições completas | P-mediana | 3 km;Inviável;Inviável;data/v22_verified/sensitivity/sensitivity_selection.csv (case=dedup_full);OK;
644;Apêndice A.1;Sem repetições completas | P-mediana | 5 km;54;54;data/v22_verified/sensitivity/sensitivity_selection.csv (case=dedup_full);OK;
645;Apêndice A.1;Sem repetições completas | P-mediana | 10 km;24;24;data/v22_verified/sensitivity/sensitivity_selection.csv (case=dedup_full);OK;
646;Apêndice A.1;Sem repetições completas | MCLP GA | 3 km;Inviável;Inviável;data/v22_verified/sensitivity/sensitivity_selection.csv (case=dedup_full);OK;
647;Apêndice A.1;Sem repetições completas | MCLP GA | 5 km;40;40;data/v22_verified/sensitivity/sensitivity_selection.csv (case=dedup_full);OK;
648;Apêndice A.1;Sem repetições completas | MCLP GA | 10 km;14;14;data/v22_verified/sensitivity/sensitivity_selection.csv (case=dedup_full);OK;
649;Apêndice A.1;Inclusão por maioria estrita | K-Means | 3 km;83;83;data/v22_verified/sensitivity/sensitivity_selection.csv (case=D16);OK;
650;Apêndice A.1;Inclusão por maioria estrita | K-Means | 5 km;42;42;data/v22_verified/sensitivity/sensitivity_selection.csv (case=D16);OK;
651;Apêndice A.1;Inclusão por maioria estrita | K-Means | 10 km;17;17;data/v22_verified/sensitivity/sensitivity_selection.csv (case=D16);OK;
652;Apêndice A.1;Inclusão por maioria estrita | Ward | 3 km;81;81;data/v22_verified/sensitivity/sensitivity_selection.csv (case=D16);OK;
653;Apêndice A.1;Inclusão por maioria estrita | Ward | 5 km;42;42;data/v22_verified/sensitivity/sensitivity_selection.csv (case=D16);OK;
654;Apêndice A.1;Inclusão por maioria estrita | Ward | 10 km;17;17;data/v22_verified/sensitivity/sensitivity_selection.csv (case=D16);OK;
655;Apêndice A.1;Inclusão por maioria estrita | Complete | 3 km;89;89;data/v22_verified/sensitivity/sensitivity_selection.csv (case=D16);OK;
656;Apêndice A.1;Inclusão por maioria estrita | Complete | 5 km;46;46;data/v22_verified/sensitivity/sensitivity_selection.csv (case=D16);OK;
657;Apêndice A.1;Inclusão por maioria estrita | Complete | 10 km;19;19;data/v22_verified/sensitivity/sensitivity_selection.csv (case=D16);OK;
658;Apêndice A.1;Inclusão por maioria estrita | Average | 3 km;100;100;data/v22_verified/sensitivity/sensitivity_selection.csv (case=D16);OK;
659;Apêndice A.1;Inclusão por maioria estrita | Average | 5 km;54;54;data/v22_verified/sensitivity/sensitivity_selection.csv (case=D16);OK;
660;Apêndice A.1;Inclusão por maioria estrita | Average | 10 km;25;25;data/v22_verified/sensitivity/sensitivity_selection.csv (case=D16);OK;
661;Apêndice A.1;Inclusão por maioria estrita | P-mediana | 3 km;Inviável;Inviável;data/v22_verified/sensitivity/sensitivity_selection.csv (case=D16);OK;
662;Apêndice A.1;Inclusão por maioria estrita | P-mediana | 5 km;56;56;data/v22_verified/sensitivity/sensitivity_selection.csv (case=D16);OK;
663;Apêndice A.1;Inclusão por maioria estrita | P-mediana | 10 km;24;24;data/v22_verified/sensitivity/sensitivity_selection.csv (case=D16);OK;
664;Apêndice A.1;Inclusão por maioria estrita | MCLP GA | 3 km;Inviável;Inviável;data/v22_verified/sensitivity/sensitivity_selection.csv (case=D16);OK;
665;Apêndice A.1;Inclusão por maioria estrita | MCLP GA | 5 km;40;40;data/v22_verified/sensitivity/sensitivity_selection.csv (case=D16);OK;
666;Apêndice A.1;Inclusão por maioria estrita | MCLP GA | 10 km;15;15;data/v22_verified/sensitivity/sensitivity_selection.csv (case=D16);OK;
667;Apêndice A.1;Maioria estrita, candidatos principais fixos | P-mediana | 3 km;Inviável;Inviável;data/v22_verified/sensitivity/sensitivity_selection.csv (case=D16_main300fixed);OK;
668;Apêndice A.1;Maioria estrita, candidatos principais fixos | P-mediana | 5 km;55;55;data/v22_verified/sensitivity/sensitivity_selection.csv (case=D16_main300fixed);OK;
669;Apêndice A.1;Maioria estrita, candidatos principais fixos | P-mediana | 10 km;24;24;data/v22_verified/sensitivity/sensitivity_selection.csv (case=D16_main300fixed);OK;
670;Apêndice A.1;Maioria estrita, candidatos principais fixos | MCLP GA | 3 km;Inviável;Inviável;data/v22_verified/sensitivity/sensitivity_selection.csv (case=D16_main300fixed);OK;
671;Apêndice A.1;Maioria estrita, candidatos principais fixos | MCLP GA | 5 km;40;40;data/v22_verified/sensitivity/sensitivity_selection.csv (case=D16_main300fixed);OK;
672;Apêndice A.1;Maioria estrita, candidatos principais fixos | MCLP GA | 10 km;15;15;data/v22_verified/sensitivity/sensitivity_selection.csv (case=D16_main300fixed);OK;
673;Apêndice A.1;Teste com empates | K-Means | 3 km;85;85;data/v22_verified/sensitivity/sensitivity_selection.csv (case=D22);OK;
674;Apêndice A.1;Teste com empates | K-Means | 5 km;41;41;data/v22_verified/sensitivity/sensitivity_selection.csv (case=D22);OK;
675;Apêndice A.1;Teste com empates | K-Means | 10 km;19;19;data/v22_verified/sensitivity/sensitivity_selection.csv (case=D22);OK;
676;Apêndice A.1;Teste com empates | Ward | 3 km;81;81;data/v22_verified/sensitivity/sensitivity_selection.csv (case=D22);OK;
677;Apêndice A.1;Teste com empates | Ward | 5 km;42;42;data/v22_verified/sensitivity/sensitivity_selection.csv (case=D22);OK;
678;Apêndice A.1;Teste com empates | Ward | 10 km;17;17;data/v22_verified/sensitivity/sensitivity_selection.csv (case=D22);OK;
679;Apêndice A.1;Teste com empates | Complete | 3 km;90;90;data/v22_verified/sensitivity/sensitivity_selection.csv (case=D22);OK;
680;Apêndice A.1;Teste com empates | Complete | 5 km;47;47;data/v22_verified/sensitivity/sensitivity_selection.csv (case=D22);OK;
681;Apêndice A.1;Teste com empates | Complete | 10 km;19;19;data/v22_verified/sensitivity/sensitivity_selection.csv (case=D22);OK;
682;Apêndice A.1;Teste com empates | Average | 3 km;101;101;data/v22_verified/sensitivity/sensitivity_selection.csv (case=D22);OK;
683;Apêndice A.1;Teste com empates | Average | 5 km;54;54;data/v22_verified/sensitivity/sensitivity_selection.csv (case=D22);OK;
684;Apêndice A.1;Teste com empates | Average | 10 km;25;25;data/v22_verified/sensitivity/sensitivity_selection.csv (case=D22);OK;
685;Apêndice A.1;Teste com empates | P-mediana | 3 km;Inviável;Inviável;data/v22_verified/sensitivity/sensitivity_selection.csv (case=D22);OK;
686;Apêndice A.1;Teste com empates | P-mediana | 5 km;56;56;data/v22_verified/sensitivity/sensitivity_selection.csv (case=D22);OK;
687;Apêndice A.1;Teste com empates | P-mediana | 10 km;24;24;data/v22_verified/sensitivity/sensitivity_selection.csv (case=D22);OK;
688;Apêndice A.1;Teste com empates | MCLP GA | 3 km;Inviável;Inviável;data/v22_verified/sensitivity/sensitivity_selection.csv (case=D22);OK;
689;Apêndice A.1;Teste com empates | MCLP GA | 5 km;40;40;data/v22_verified/sensitivity/sensitivity_selection.csv (case=D22);OK;
690;Apêndice A.1;Teste com empates | MCLP GA | 10 km;15;15;data/v22_verified/sensitivity/sensitivity_selection.csv (case=D22);OK;
691;Apêndice A.1;Teste com empates, candidatos principais fixos | P-mediana | 3 km;Inviável;Inviável;data/v22_verified/sensitivity/sensitivity_selection.csv (case=D22_main300fixed);OK;
692;Apêndice A.1;Teste com empates, candidatos principais fixos | P-mediana | 5 km;55;55;data/v22_verified/sensitivity/sensitivity_selection.csv (case=D22_main300fixed);OK;
693;Apêndice A.1;Teste com empates, candidatos principais fixos | P-mediana | 10 km;24;24;data/v22_verified/sensitivity/sensitivity_selection.csv (case=D22_main300fixed);OK;
694;Apêndice A.1;Teste com empates, candidatos principais fixos | MCLP GA | 3 km;Inviável;Inviável;data/v22_verified/sensitivity/sensitivity_selection.csv (case=D22_main300fixed);OK;
695;Apêndice A.1;Teste com empates, candidatos principais fixos | MCLP GA | 5 km;40;40;data/v22_verified/sensitivity/sensitivity_selection.csv (case=D22_main300fixed);OK;
696;Apêndice A.1;Teste com empates, candidatos principais fixos | MCLP GA | 10 km;15;15;data/v22_verified/sensitivity/sensitivity_selection.csv (case=D22_main300fixed);OK;
697;Apêndice A.2;K-Means R=3 | K;82;82;data/v22_verified/main/service_selection.csv;OK;
698;Apêndice A.2;K-Means R=3 | Ajuste (s);0,184;0,184;data/v22_verified/main/service_selection.csv (runtime_s);OK;
699;Apêndice A.2;K-Means R=3 | Busca (s);34,007;34,007;data/v22_verified/main/service_selection.csv (search_runtime_s);OK;
700;Apêndice A.2;K-Means R=5 | K;40;40;data/v22_verified/main/service_selection.csv;OK;
701;Apêndice A.2;K-Means R=5 | Ajuste (s);0,064;0,064;data/v22_verified/main/service_selection.csv (runtime_s);OK;
702;Apêndice A.2;K-Means R=5 | Busca (s);9,461;9,461;data/v22_verified/main/service_selection.csv (search_runtime_s);OK;
703;Apêndice A.2;K-Means R=10 | K;17;17;data/v22_verified/main/service_selection.csv;OK;
704;Apêndice A.2;K-Means R=10 | Ajuste (s);0,061;0,061;data/v22_verified/main/service_selection.csv (runtime_s);OK;
705;Apêndice A.2;K-Means R=10 | Busca (s);3,019;3,019;data/v22_verified/main/service_selection.csv (search_runtime_s);OK;
706;Apêndice A.2;Ward R=3 | K;80;80;data/v22_verified/main/service_selection.csv;OK;
707;Apêndice A.2;Ward R=3 | Ajuste (s);0,029;0,029;data/v22_verified/main/service_selection.csv (runtime_s);OK;
708;Apêndice A.2;Ward R=3 | Busca (s);1,937;1,937;data/v22_verified/main/service_selection.csv (search_runtime_s);OK;
709;Apêndice A.2;Ward R=5 | K;42;42;data/v22_verified/main/service_selection.csv;OK;
710;Apêndice A.2;Ward R=5 | Ajuste (s);0,016;0,016;data/v22_verified/main/service_selection.csv (runtime_s);OK;
711;Apêndice A.2;Ward R=5 | Busca (s);0,874;0,874;data/v22_verified/main/service_selection.csv (search_runtime_s);OK;
712;Apêndice A.2;Ward R=10 | K;17;17;data/v22_verified/main/service_selection.csv;OK;
713;Apêndice A.2;Ward R=10 | Ajuste (s);0,019;0,019;data/v22_verified/main/service_selection.csv (runtime_s);OK;
714;Apêndice A.2;Ward R=10 | Busca (s);0,414;0,414;data/v22_verified/main/service_selection.csv (search_runtime_s);OK;
715;Apêndice A.2;Complete R=3 | K;88;88;data/v22_verified/main/service_selection.csv;OK;
716;Apêndice A.2;Complete R=3 | Ajuste (s);0,105;0,105;data/v22_verified/main/service_selection.csv (runtime_s);OK;
717;Apêndice A.2;Complete R=3 | Busca (s);7,476;7,476;data/v22_verified/main/service_selection.csv (search_runtime_s);OK;
718;Apêndice A.2;Complete R=5 | K;46;46;data/v22_verified/main/service_selection.csv;OK;
719;Apêndice A.2;Complete R=5 | Ajuste (s);0,089;0,089;data/v22_verified/main/service_selection.csv (runtime_s);OK;
720;Apêndice A.2;Complete R=5 | Busca (s);3,970;3,970;data/v22_verified/main/service_selection.csv (search_runtime_s);OK;
721;Apêndice A.2;Complete R=10 | K;19;19;data/v22_verified/main/service_selection.csv;OK;
722;Apêndice A.2;Complete R=10 | Ajuste (s);0,061;0,061;data/v22_verified/main/service_selection.csv (runtime_s);OK;
723;Apêndice A.2;Complete R=10 | Busca (s);1,685;1,685;data/v22_verified/main/service_selection.csv (search_runtime_s);OK;
724;Apêndice A.2;Average R=3 | K;99;99;data/v22_verified/main/service_selection.csv;OK;
725;Apêndice A.2;Average R=3 | Ajuste (s);0,099;0,099;data/v22_verified/main/service_selection.csv (runtime_s);OK;
726;Apêndice A.2;Average R=3 | Busca (s);7,363;7,363;data/v22_verified/main/service_selection.csv (search_runtime_s);OK;
727;Apêndice A.2;Average R=5 | K;53;53;data/v22_verified/main/service_selection.csv;OK;
728;Apêndice A.2;Average R=5 | Ajuste (s);0,057;0,057;data/v22_verified/main/service_selection.csv (runtime_s);OK;
729;Apêndice A.2;Average R=5 | Busca (s);3,879;3,879;data/v22_verified/main/service_selection.csv (search_runtime_s);OK;
730;Apêndice A.2;Average R=10 | K;24;24;data/v22_verified/main/service_selection.csv;OK;
731;Apêndice A.2;Average R=10 | Ajuste (s);0,061;0,061;data/v22_verified/main/service_selection.csv (runtime_s);OK;
732;Apêndice A.2;Average R=10 | Busca (s);1,888;1,888;data/v22_verified/main/service_selection.csv (search_runtime_s);OK;
733;Apêndice A.2;P-mediana R=5 | K;55;55;data/v22_verified/main/service_selection.csv;OK;
734;Apêndice A.2;P-mediana R=5 | Ajuste (s);0,473;0,473;data/v22_verified/main/service_selection.csv (runtime_s);OK;
735;Apêndice A.2;P-mediana R=5 | Busca (s);19,785;19,785;data/v22_verified/main/service_selection.csv (search_runtime_s);OK;
736;Apêndice A.2;P-mediana R=10 | K;23;23;data/v22_verified/main/service_selection.csv;OK;
737;Apêndice A.2;P-mediana R=10 | Ajuste (s);0,571;0,571;data/v22_verified/main/service_selection.csv (runtime_s);OK;
738;Apêndice A.2;P-mediana R=10 | Busca (s);4,670;4,670;data/v22_verified/main/service_selection.csv (search_runtime_s);OK;
739;Apêndice A.2;MCLP GA R=5 | K;40;40;data/v22_verified/main/service_selection.csv;OK;
740;Apêndice A.2;MCLP GA R=5 | Ajuste (s);0,058;0,058;data/v22_verified/main/service_selection.csv (runtime_s);OK;
741;Apêndice A.2;MCLP GA R=5 | Busca (s);0,070;0,070;data/v22_verified/main/service_selection.csv (search_runtime_s);OK;
742;Apêndice A.2;MCLP GA R=10 | K;15;15;data/v22_verified/main/service_selection.csv;OK;
743;Apêndice A.2;MCLP GA R=10 | Ajuste (s);0,019;0,019;data/v22_verified/main/service_selection.csv (runtime_s);OK;
744;Apêndice A.2;MCLP GA R=10 | Busca (s);0,036;0,036;data/v22_verified/main/service_selection.csv (search_runtime_s);OK;
745;Apêndice A.2;P-mediana (sens.) R=3 | K;90;90;data/v22_verified/main/service_selection.csv;OK;
746;Apêndice A.2;P-mediana (sens.) R=3 | Ajuste (s);3,531;3,531;data/v22_verified/main/service_selection.csv (runtime_s);OK;
747;Apêndice A.2;P-mediana (sens.) R=3 | Busca (s);156,285;156,285;data/v22_verified/main/service_selection.csv (search_runtime_s);OK;
748;Apêndice A.2;MCLP GA (sens.) R=3 | K;64;64;data/v22_verified/main/service_selection.csv;OK;
749;Apêndice A.2;MCLP GA (sens.) R=3 | Ajuste (s);0,196;0,196;data/v22_verified/main/service_selection.csv (runtime_s);OK;
750;Apêndice A.2;MCLP GA (sens.) R=3 | Busca (s);0,380;0,380;data/v22_verified/main/service_selection.csv (search_runtime_s);OK;
751;Resumo/3.1;pedidos no conjunto principal;9.691;9.691;data/quality/summary.json;OK;
752;Resumo/3.1;prefixos de CEP;828;828;data/quality/summary.json;OK;
753;3.1;pedidos pelo filtro de UF e município;9.694;9.694;data/quality/summary.json;OK;
754;3.1;prefixos antes da conferência;830;830;data/quality/summary.json (requested_prefix_count);OK;
755;3.1;compradores únicos;9.347;9.347;data/v22_verified/sensitivity/cohort_summary.csv;OK;
756;3.1;período dos pedidos entregues;2016 e 2018;2016 e 2018;data/pedidos_rmrj_geo.csv (order_purchase_timestamp);OK;
757;3.1/3.6;municípios do recorte;22;22;data/quality/summary.json (scope_municipalities);OK;
758;3.1;malha IBGE período 2022 idêntica à cópia;"periodo=2022; idêntica byte a byte";"periodo=2022; idêntica byte a byte";data/geography/scope.json (reference_year_verification);OK;
759;3.1;registros geográficos examinados;93.322;93.322;data/quality/summary.json (target_rows);OK;
760;3.1;registros retidos;93.279;93.279;data/quality/summary.json (retained_rows);OK;
761;3.1;registros excluídos fora da região;43;43;data/quality/summary.json (excluded_outside_region_rows);OK;
762;3.1;registros na divisa mantidos;3;3;data/quality/summary.json (retained_boundary_uncertainty_rows);OK;
763;3.1;registros recuperados do filtro textual;76;76;data/quality/summary.json;OK;
764;3.1;registros repetidos após a primeira ocorrência;35.752;35.752;data/quality/summary.json;OK;
765;3.1;pedidos excluídos sem coordenada;3;3;data/quality/summary.json;OK;
766;3.1;prefixos com média fora da região;3;3;data/quality/summary.json;OK;
767;3.1;pedidos desses 3 prefixos;35;35;data/quality/aggregated_means_outside_region.csv (soma de n_pedidos);OK;
768;3.1;hashes dos arquivos Olist;no material suplementar online;4 hashes SHA-256;data/quality/summary.json (input_hashes);OK;mesmo conteúdo, redação diferente
769;3.2;latitude da RMRJ (aprox.);22,9;22,9;data/v22_verified/sensitivity/demand_main.csv (média de lat ponderada por pedidos);OK;"aproximação: ""cerca de"""
770;3.2;razão 1° longitude / 1° latitude;92%;92%;cálculo: cos(22,9°);OK;derivação geométrica
771;3.2/A.1/Fig. 4;sistema projetado;EPSG:31983;EPSG:31983;data/quality/summary.json (distance_audit_crs);OK;
772;3.2;scikit-learn;1.9.1;1.9.1;requirements-reproduction.txt;OK;
773;3.2;n_init;10;10;data/v22_verified/main/service_metadata.json (protocol);OK;
774;3.2;tol;0,0001;0,0001;service_metadata.json (kmeans_parameters);OK;
775;3.2;max_iter;300;300;service_metadata.json (kmeans_parameters);OK;
776;3.2;algoritmo;lloyd;lloyd;service_metadata.json (kmeans_parameters);OK;
777;3.2;sementes;42, 0, 1, 2, 3;42, 0, 1, 2, 3;service_metadata.json (protocol.seeds);OK;
778;3.2;limite de passadas da p-mediana;100;100;service_metadata.json (pmedian_max_iter);OK;
779;3.2;candidatos principais (J300);300;300;data/v22_verified/main/service_selection.csv (candidate_count);OK;
780;3.2;candidatos internos (J825);825;825;data/v23_verified/profiles/candidates_J825.csv (linhas);OK;
781;3.2;grade de 500 m (J825_grid500);existe;existe;data/v22_verified/exact/exact_results.csv;OK;
782;3.3/3.5;pedidos exigidos (95%);9.207;9.207;data/v22_verified/main/service_selection.csv (required_orders);OK;
783;3.3/3.5;ceil(0,95 × 9.691);9.207;9.207;cálculo;OK;
784;3.5;posição do P99 = ceil(0,99 × 9.691);9.595;9.595;cálculo;OK;
785;3.3;limite da busca nos agrupamentos;828;828;service_metadata.json (max_k);OK;
786;3.3;teto de cobertura J300 em 3 km (%);93,685%;93,685%;data/v22_verified/main/service_selection.csv (candidate_ceiling_pct);OK;
787;3.3;teto de cobertura J300 em 3 km (pedidos);9.079;9.079;data/v22_verified/exact/exact_results.csv (candidate_ceiling_orders);OK;
788;3.3;teto com desempate inverso;9.125;9.125;data/v22_verified/exact/exact_results.csv (J300_reverse);OK;
789;3.3;K-Means: sementes exigidas no mesmo K;5;5;service_metadata.json;OK;
790;3.4;SciPy;1.18.1;1.18.1;data/v22_verified/exact/exact_metadata.json;OK;
791;3.4;HiGHS;1.12.0;1.12.0;não está no GitHub;NÃO ESTÁ NO GITHUB;Derivado: o SciPy 1.18.1 registrado no repositório embute o HiGHS 1.12.0 (conferido na instalação).
792;3.4;máximo de Ward em 3 km (base da escolha de T);8,48;8,48;data/v22_verified/main/service_selection.csv;OK;
793;3.4;máximo de Complete em 3 km (base da escolha de T);5,35;5,35;data/v22_verified/main/service_selection.csv;OK;
794;3.4;máximo de Average em 3 km (base da escolha de T);4,66;4,66;data/v22_verified/main/service_selection.csv;OK;
795;3.4;T avaliados em J825, R=3 km;"8; 5; 4,65";"15; 10; 8; 6; 5; 4,65";data/v23_verified/profiles/solver_profiles.csv (mandatory_radius_km);OK;"Todos os T do texto aparecem entre os avaliados (4,65; 5; 6; 8; 10; 15)."
796;4.1/4.6/5;Ward K em 3 km;80;80;data/v22_verified/main/service_selection.csv;OK;
797;4.1/4.6/5;K-Means K em 3 km;82;82;data/v22_verified/main/service_selection.csv;OK;
798;4.1;K-Means K em 5 km;40;40;data/v22_verified/main/service_selection.csv;OK;
799;4.1;MCLP GA K em 5 km;40;40;data/v22_verified/main/service_selection.csv;OK;
800;4.1;MCLP GA K em 10 km;15;15;data/v22_verified/main/service_selection.csv;OK;
801;Resumo/4.2/4.6/5;K-Means média 3 km;1,33;1,33;data/v22_verified/main/service_selection.csv;OK;
802;Resumo/4.2/4.6;K-Means máximo 3 km;15,26;15,26;data/v22_verified/main/service_selection.csv;OK;
803;4.2/4.6;Ward média 3 km;1,61;1,61;data/v22_verified/main/service_selection.csv;OK;
804;Resumo/4.6;Average K 3 km;99;99;data/v22_verified/main/service_selection.csv;OK;
805;Resumo/4.6;Average máximo 3 km;4,66;4,66;data/v22_verified/main/service_selection.csv;OK;
806;4.6;Complete K 3 km;88;88;data/v22_verified/main/service_selection.csv;OK;
807;4.2;MCLP GA máximo 10 km;50,48;50,48;data/v22_verified/main/service_selection.csv;OK;
808;4.2;Average K 10 km;24;24;data/v22_verified/main/service_selection.csv;OK;
809;4.2;Average máximo 10 km;12,60;12,60;data/v22_verified/main/service_selection.csv;OK;
810;4.2.1;cobertura parcial exata J300, 5 km;35;35;data/v22_verified/exact/exact_results.csv;OK;
811;4.2.1;cobertura parcial exata J300, 10 km;12;12;data/v22_verified/exact/exact_results.csv;OK;
812;4.2.1;referência exata J828, 3 km;61;61;data/v22_verified/exact/exact_results.csv;OK;
813;4.2.1;MCLP GA com J828, ordem por prefixo, 3 km;64;64;data/v22_verified/sensitivity/sensitivity_selection.csv;OK;
814;4.2.1;p-mediana exata K=54: pedidos em 5 km;9.223;9.223;data/v22_verified/exact/pmedian_comparisons.csv;OK;
815;4.2.1;p-mediana heurística K em 5 km;55;55;data/v22_verified/main/service_selection.csv;OK;
816;Tab. 3 (nota);mínimos J828 = J825;coincidem;coincidem;data/v22_verified/exact/exact_results.csv;OK;
817;4.3;MCLP GA 10 km: municípios sem cobertura;9;9;data/v22_verified/main/municipal_summary_v22.csv;OK;
818;4.3;MCLP GA 10 km: municípios <80%;10;10;data/v22_verified/main/municipal_summary_v22.csv;OK;
819;4.3;P-mediana 10 km: sem cobertura;6;6;data/v22_verified/main/municipal_summary_v22.csv;OK;
820;4.3;P-mediana 10 km: <80%;11;11;data/v22_verified/main/municipal_summary_v22.csv;OK;
821;4.3;MCLP GA 10 km: pedidos do Rio fora do raio;33;33;data/v22_verified/main/municipal_summary_v22.csv;OK;
822;4.3;MCLP GA 10 km: pedidos fora do raio;440;440;data/v22_verified/main/municipal_summary_v22.csv;OK;
823;4.3;Average 3 km: pedidos do Rio fora do raio;393;393;data/v22_verified/main/municipal_summary_v22.csv;OK;
824;4.3;Average 3 km: pedidos fora do raio;478;478;data/v22_verified/main/municipal_summary_v22.csv;OK;
825;4.4;J828, 3 km, T=15: mínimo;63;63;data/v22_verified/exact/exact_results.csv;OK;
826;4.4;J828, 3 km, T=10: mínimo;65;65;data/v22_verified/exact/exact_results.csv;OK;
827;4.4;J828, 3 km, T=8: mínimo;67;67;data/v22_verified/exact/exact_results.csv;OK;
828;4.4;J828, 3 km, T=5: mínimo;76;76;data/v22_verified/exact/exact_results.csv;OK;
829;4.4;J828, 3 km, sem T: mínimo;61;61;data/v22_verified/exact/exact_results.csv;OK;
830;4.4;pedidos atribuídos ao candidato externo (MCLP GA, 10 km);487;487;data/v22_verified/main/facility_geography_v22.csv;OK;
831;4.5;prefixos com P90 > 1 km;477;477;data/v22_verified/sensitivity/prefix_dispersion.csv;OK;
832;4.5;pedidos desses prefixos;5.061;5.061;prefix_dispersion.csv;OK;
833;4.5;percentual (5.061 / 9.691);52,2%;52,2%;cálculo;OK;
834;4.5;prefixos com P90 > 3 km;138;138;prefix_dispersion.csv;OK;
835;4.5;pedidos desses prefixos;1.018;1.018;prefix_dispersion.csv;OK;
836;4.5;percentual (1.018 / 9.691);10,5%;10,5%;cálculo;OK;
837;4.5;prefixos com registro a mais de 20 km;108;108;prefix_dispersion.csv (extreme_gt20km);OK;
838;4.5;pedidos desses prefixos;1.788;1.788;prefix_dispersion.csv;OK;
839;4.5;teste de pesos redistribuídos: mínimo;86,96%;86,96%;data/v22_verified/sensitivity/sensitivity_network_diagnostics.csv;OK;
840;4.5;teste de pesos redistribuídos: máximo;92,28%;92,28%;sensitivity_network_diagnostics.csv;OK;
841;4.5;30 sementes: execuções viáveis com K=82 em 3 km;17;17;data/v22_verified/sensitivity/seed30_by_K.csv;OK;
842;4.5;30 sementes: execuções viáveis com K=40 em 5 km;26;26;data/v22_verified/sensitivity/seed30_by_K.csv;OK;
843;4.5;30 sementes: execuções viáveis com K=17 em 10 km;30;30;data/v22_verified/sensitivity/seed30_by_K.csv;OK;
844;4.5;30 sementes: primeiro K simultâneo em 3 km;86;86;seed30_by_K.csv;OK;
845;4.5;30 sementes: primeiro K simultâneo em 5 km;42;42;seed30_by_K.csv;OK;
846;4.5;30 sementes: primeiro K simultâneo em 10 km;17;17;seed30_by_K.csv;OK;
847;4.5;30 sementes: faixa de K testada em 3 km;77–87;77–87;seed30_by_K.csv;OK;
848;4.5;30 sementes: faixa de K testada em 5 km;35–45;35–45;seed30_by_K.csv;OK;
849;4.5;30 sementes: faixa de K testada em 10 km;12–22;12–22;seed30_by_K.csv;OK;
850;4.5;sementes do teste;"de zero a vinte e nove; inclui quatro das cinco principais";"0 a 29; inclui 4 das 5 principais";data/v22_verified/sensitivity/seed30_by_seed.csv;OK;mesmo conteúdo, redação diferente
851;4.5;pedidos de papucaia;10;10;data/v22_verified/sensitivity/omission_hypotheses.csv;OK;
852;4.5;pedidos de japuiba;5;5;data/v22_verified/sensitivity/omission_hypotheses.csv;OK;
853;4.5;pedidos de boa esperanca;1;1;data/v22_verified/sensitivity/omission_hypotheses.csv;OK;
854;4.5;pedidos de travessao;4;4;data/v22_verified/sensitivity/omission_hypotheses.csv;OK;
855;4.5;pedidos de tocos;2;2;data/v22_verified/sensitivity/omission_hypotheses.csv;OK;
856;4.5;total de pedidos hipotéticos;22;22;omission_hypotheses.csv;OK;
857;4.5;município de Papucaia e Japuíba;Cachoeiras de Macacu;cachoeiras de macacu;omission_hypotheses.csv (municipio_inferido);OK;
858;4.5;município de Boa Esperança;Rio Bonito;rio bonito;omission_hypotheses.csv (municipio_inferido);OK;
859;4.5;Travessão e Tocos: distritos de Campos dos Goytacazes;Campos dos Goytacazes;repositório só indica metade dos registros no Rio de Janeiro;omission_hypotheses.csv;NÃO ESTÁ NO GITHUB;"Informação geográfica externa (registros da Olist rotulados ""campos dos goytacazes"" e malha do IBGE), acrescentada na v25."
860;4.5;registros divididos igualmente (empates);50% dentro;50% dentro;omission_hypotheses.csv (share_inside);OK;
861;4.5;Cachoeiras de Macacu: pedidos na condição principal;20;20;data/v22_verified/main/service_by_municipality_v22.csv;OK;
862;4.5;Cachoeiras de Macacu: pedidos na hipótese;35;35;data/v22_verified/sensitivity/sensitivity_municipal.csv (case=D16);OK;
863;Resumo/4.6/5;MCLP exato K (5 km);39;39;data/v22_verified/exact/exact_results.csv;OK;
864;4.6;MCLP exato K=39: pedidos cobertos;9.315;9.315;data/v22_verified/exact/exact_results.csv;OK;
865;4.6;Greedy Adding K=40: pedidos cobertos;9.225;9.225;data/v22_verified/main/service_selection.csv;OK;
866;4.6;média GA K=40;2,98;2,98;data/v22_verified/main/service_selection.csv;OK;
867;4.6;média exato K=39;2,81;2,81;data/v22_verified/exact/exact_results.csv;OK;
868;4.6;máximo GA K=40;26,95;26,95;data/v22_verified/main/service_selection.csv;OK;
869;4.6;máximo exato K=39;16,55;16,55;data/v22_verified/exact/exact_results.csv;OK;
870;Resumo/4.6/5;K=39 melhora P99 e municípios sem cobertura;melhoram;melhoram;data/v22_verified/exact/exact_results.csv + data/v22_verified/main/service_selection.csv + data/v22_verified/main/municipal_summary_v22.csv;OK;"P99 10,38 → 9,21; sem cobertura 5 → 3"
871;4.6;MCLP exato K (10 km);14;14;data/v22_verified/exact/exact_results.csv;OK;
872;4.6;MCLP exato K=14: pedidos cobertos;9.351;9.351;data/v22_verified/exact/exact_results.csv;OK;
873;4.6;Greedy Adding K=15: pedidos cobertos;9.251;9.251;data/v22_verified/main/service_selection.csv;OK;
874;4.6;média GA K=15;6,08;6,08;data/v22_verified/main/service_selection.csv;OK;
875;4.6;média exato K=14;5,98;5,98;data/v22_verified/exact/exact_results.csv;OK;
876;4.6;P99 GA K=15;22,97;22,97;data/v22_verified/main/service_selection.csv;OK;
877;4.6;P99 exato K=14;18,41;18,41;data/v22_verified/exact/exact_results.csv;OK;
878;4.6;máximo exato K=14;36,53;36,53;data/v22_verified/exact/exact_results.csv;OK;
879;4.6;sem cobertura GA K=15;9;9;data/v22_verified/main/municipal_summary_v22.csv;OK;
880;4.6;sem cobertura exato K=14;6;6;data/v22_verified/exact/exact_results.csv;OK;
881;4.6;grade J825_grid500: K em 3 km;52;52;data/v22_verified/exact/exact_results.csv;OK;
882;4.6;grade J825_grid500: K em 5 km;27;27;data/v22_verified/exact/exact_results.csv;OK;
883;4.6;grade J825_grid500: K em 10 km;10;10;data/v22_verified/exact/exact_results.csv;OK;
884;4.6;excesso mínimo de Ward (80 − 52);28;28;data/v23_verified/profiles/count_lower_bounds.csv;OK;
885;4.6/5;alternativa T=8 km: K;67;67;data/v23_verified/profiles/solver_profiles.csv;OK;
886;4.6/5;alternativa T=5 km: K;76;76;data/v23_verified/profiles/solver_profiles.csv;OK;
887;4.6/5;alternativa T=4,65 km: K;79;79;data/v23_verified/profiles/solver_profiles.csv;OK;
888;4.6;T=8: média;1,86;1,86;data/v23_verified/profiles/solver_profiles.csv;OK;
889;4.6;T=8: P99;6,73;6,73;data/v23_verified/profiles/solver_profiles.csv;OK;
890;4.6;T=8: máximo;7,96;7,96;data/v23_verified/profiles/solver_profiles.csv;OK;
891;4.6;T=8: municípios <80%;5;5;data/v23_verified/profiles/solver_profiles.csv;OK;
892;4.6;Ward 3 km: municípios <80%;2;2;data/v22_verified/main/municipal_summary_v22.csv;OK;
893;4.6;T=5: máximo;5,00;5,00;data/v23_verified/profiles/solver_profiles.csv;OK;
894;4.6;T=5: municípios <80%;5;5;data/v23_verified/profiles/solver_profiles.csv;OK;
895;4.6;Complete 3 km: municípios <80%;1;1;data/v22_verified/main/municipal_summary_v22.csv;OK;
896;4.6;K-Means 3 km: municípios <80%;6;6;data/v22_verified/main/municipal_summary_v22.csv;OK;
897;4.6;Average 3 km: sem município nulo ou <80%;0 e 0;0 e 0;data/v22_verified/main/municipal_summary_v22.csv;OK;
898;Tab. 8 (legenda);T=8 e T=5: K e máximo iguais aos da Tabela 6;coincidem;coincidem;data/v23_verified/profiles/solver_profiles.csv + data/v22_verified/exact/exact_results.csv;OK;
899;A.2;equipamento: i7-1185G7, 4 núcleos, 8 processadores lógicos, 16 GB;"i7-1185G7; 4; 8; 16 GB";"i7-1185G7; 4; 8; 16 GB (16.868.499.456 bytes)";registro local 04_Versao_v23/Auditoria_v23/equipamento.json;NÃO ESTÁ NO GITHUB;Dado do computador usado, conferido no registro local. O texto não afirma mais que esse arquivo está no repositório.
900;A.2;arquivos citados no A.2 existem no repositório;sim;sim;"requirements-reproduction.txt; service_selection.csv; metadados das execuções (exact_metadata.json); metadados das sensibilidades";OK;
901;A.2;texto não cita mais arquivos ausentes;sim;sim;texto do artigo;OK;
902;A.2;tempos de ajuste e busca;na tabela A.2;service_selection.csv;data/v22_verified/main/service_selection.csv (runtime_s, search_runtime_s);OK;
903;3.2/4.4/A.4;resultados do DBSCAN;no material suplementar online;8 linhas DBSCAN;data/results_clustering.csv;OK;
904;4.6;T=8 frente a Ward: melhora K e máximo, piora média e P99;sim;sim;data/v23_verified/profiles/solver_profiles.csv + data/v22_verified/main/service_selection.csv;OK;
905;4.6;T=5 frente a Complete: reduz K e máximo, piora média e P99;sim;sim;data/v23_verified/profiles/solver_profiles.csv + data/v22_verified/main/service_selection.csv;OK;
906;4.6/5;T=4,65 frente a Average: menos K, máximo menor, média e P99 maiores, sem municípios <80%;sim;sim;data/v23_verified/profiles/solver_profiles.csv + data/v22_verified/main/service_selection.csv;OK;
907;4.2;Em 3 km, K-Means tem média menor e Ward máximo menor (com menos instalações);sim;sim;data/v22_verified/main/service_selection.csv;OK;
908;Resumo;Em 3 km, Average tem o menor máximo e a maior quantidade entre as redes principais;sim;sim;data/v22_verified/main/service_selection.csv;OK;
909;Fig. 4 / A.1;nome do EPSG:31983;SIRGAS 2000 / UTM zona 23S;SIRGAS 2000 / UTM zona 23S;registro EPSG (pyproj);OK;fato externo de referência, não é cálculo do estudo
910;A.2;limites de linhas de execução nos metadados das sensibilidades;constam;constam;data/v22_verified/sensitivity/metadata.json;OK;"thread_environment=; OMP_NUM_THREADS=""1""; OPENBLAS_NUM_THREADS=""1""; MKL_NUM_THREADS=""1"""
911;Figuras;Figura 1 (media/image7.png);2046x1239 px;mesma figura redimensionada (diferença média 1.43/255);figures/v22_verified/10_instalacoes_por_raio.png;OK;
912;Figuras;Figura 2 (media/image10.png);2046x1478 px;mesma figura redimensionada (diferença média 1.58/255);figures/v22_verified/11_perfis_selecionados_R3.png;OK;
913;Figuras;Figura 3 (media/image4.png);1618x2047 px;mesma figura redimensionada (diferença média 2.26/255);figures/v22_verified/12_mapas_selecao_R3.png;OK;
914;Figuras;Figura 4 (media/image11.png);2047x1804 px;mesma figura redimensionada (diferença média 1.84/255);figures/v23_verified/16_mapas_perfis_R3_v23.png;OK;
915;Figuras;Figura A.1 (media/image3.png);2046x1315 px;mesma figura redimensionada (diferença média 1.25/255);figures/v23_verified/17_comparacao_perfis_R3_v23.png;OK;
916;Legendas;Figura 1: arquivo citado na legenda;figures/v22_verified/10_instalacoes_por_raio.png;figures/v22_verified/10_instalacoes_por_raio.png;comparação de pixels acima;OK;
917;Legendas;Figura 2: arquivo citado na legenda;figures/v22_verified/11_perfis_selecionados_R3.png;figures/v22_verified/11_perfis_selecionados_R3.png;comparação de pixels acima;OK;
918;Legendas;Figura 3: arquivo citado na legenda;figures/v22_verified/12_mapas_selecao_R3.png;figures/v22_verified/12_mapas_selecao_R3.png;comparação de pixels acima;OK;
919;Legendas;Figura 4: arquivo citado na legenda;figures/v23_verified/16_mapas_perfis_R3_v23.png;figures/v23_verified/16_mapas_perfis_R3_v23.png;comparação de pixels acima;OK;
920;Legendas;Figura A.1: arquivo citado na legenda;figures/v23_verified/17_comparacao_perfis_R3_v23.png;figures/v23_verified/17_comparacao_perfis_R3_v23.png;comparação de pixels acima;OK;
921;A.6;Figura 1: arquivo na tabela A.6;figures/v22_verified/10_instalacoes_por_raio.png;figures/v22_verified/10_instalacoes_por_raio.png;comparação de pixels acima;OK;
922;A.6;Figura 2: arquivo na tabela A.6;figures/v22_verified/11_perfis_selecionados_R3.png;figures/v22_verified/11_perfis_selecionados_R3.png;comparação de pixels acima;OK;
923;A.6;Figura 3: arquivo na tabela A.6;figures/v22_verified/12_mapas_selecao_R3.png;figures/v22_verified/12_mapas_selecao_R3.png;comparação de pixels acima;OK;
924;A.6;Figura 4: arquivo na tabela A.6;figures/v23_verified/16_mapas_perfis_R3_v23.png;figures/v23_verified/16_mapas_perfis_R3_v23.png;comparação de pixels acima;OK;
925;A.6;Figura A.1: arquivo na tabela A.6;figures/v23_verified/17_comparacao_perfis_R3_v23.png;figures/v23_verified/17_comparacao_perfis_R3_v23.png;comparação de pixels acima;OK;
926;A.6;Tabelas 1, 2 e A.2: arquivo na tabela A.6;data/v22_verified/main/service_selection.csv;data/v22_verified/main/service_selection.csv;arquivo usado na conferência da tabela;OK;
927;A.6;Tabelas 3 e 6: arquivo na tabela A.6;data/v22_verified/exact/exact_results.csv;data/v22_verified/exact/exact_results.csv;arquivo usado na conferência da tabela;OK;
928;A.6;Tabelas 4 e 5: arquivo na tabela A.6;data/v22_verified/main/municipal_summary_v22.csv e data/v22_verified/main/service_by_municipality_v22.csv;data/v22_verified/main/municipal_summary_v22.csv e data/v22_verified/main/service_by_municipality_v22.csv;arquivo usado na conferência da tabela;OK;
929;A.6;Tabelas 7 e A.1: arquivo na tabela A.6;data/v22_verified/sensitivity/sensitivity_selection.csv;data/v22_verified/sensitivity/sensitivity_selection.csv;arquivo usado na conferência da tabela;OK;
930;A.6;Tabela 8: arquivo na tabela A.6;data/v23_verified/profiles/solver_profiles.csv;data/v23_verified/profiles/solver_profiles.csv;arquivo usado na conferência da tabela;OK;
931;Caminhos citados;data/demanda_por_cep.csv;existe;existe;commit 952ee3a;OK;
932;Caminhos citados;data/geography/rj_municipios_ibge.geojson;existe;existe;commit 952ee3a;OK;
933;Caminhos citados;data/pedidos_rmrj_geo.csv;existe;existe;commit 952ee3a;OK;
934;Caminhos citados;data/quality/summary.json;existe;existe;commit 952ee3a;OK;
935;Caminhos citados;data/v22_verified/exact/exact_results.csv;existe;existe;commit 952ee3a;OK;
936;Caminhos citados;data/v22_verified/main/figure_map_extremes_v22.csv;existe;existe;commit 952ee3a;OK;
937;Caminhos citados;data/v22_verified/main/municipal_summary_v22.csv;existe;existe;commit 952ee3a;OK;
938;Caminhos citados;data/v22_verified/main/service_assignments.csv;existe;existe;commit 952ee3a;OK;
939;Caminhos citados;data/v22_verified/main/service_by_municipality_v22.csv;existe;existe;commit 952ee3a;OK;
940;Caminhos citados;data/v22_verified/main/service_facilities.csv;existe;existe;commit 952ee3a;OK;
941;Caminhos citados;data/v22_verified/main/service_selection.csv;existe;existe;commit 952ee3a;OK;
942;Caminhos citados;data/v22_verified/sensitivity/sensitivity_selection.csv;existe;existe;commit 952ee3a;OK;
943;Caminhos citados;data/v23_verified/profiles/all_network_profiles.csv;existe;existe;commit 952ee3a;OK;
944;Caminhos citados;data/v23_verified/profiles/networks/;existe;existe;commit 952ee3a;OK;
945;Caminhos citados;data/v23_verified/profiles/solver_profiles.csv;existe;existe;commit 952ee3a;OK;
946;Caminhos citados;figures/v22_verified/10_instalacoes_por_raio.png;existe;existe;commit 952ee3a;OK;
947;Caminhos citados;figures/v22_verified/11_perfis_selecionados_R3.png;existe;existe;commit 952ee3a;OK;
948;Caminhos citados;figures/v22_verified/12_mapas_selecao_R3.png;existe;existe;commit 952ee3a;OK;
949;Caminhos citados;figures/v23_verified/16_mapas_perfis_R3_v23.png;existe;existe;commit 952ee3a;OK;
950;Caminhos citados;figures/v23_verified/17_comparacao_perfis_R3_v23.png;existe;existe;commit 952ee3a;OK;
951;Caminhos citados;figures/v23_verified/tres_maiores_deslocamentos.csv;existe;existe;commit 952ee3a;OK;
952;Caminhos citados;figures/v23_verified/valores_plotados.csv;existe;existe;commit 952ee3a;OK;
953;Caminhos citados;scripts/05_select_service_k.py;existe;existe;commit 952ee3a;OK;
954;Caminhos citados;scripts/07_run_exact_benchmarks.py;existe;existe;commit 952ee3a;OK;
955;Caminhos citados;scripts/08_run_sensitivities.py;existe;existe;commit 952ee3a;OK;
956;Caminhos citados;scripts/09_plot_v22.py;existe;existe;commit 952ee3a;OK;
957;Caminhos citados;scripts/13_certify_service_profiles_v23.py;existe;existe;commit 952ee3a;OK;
958;Caminhos citados;scripts/15geracao_figuras_verificadas.py;existe;existe;commit 952ee3a;OK;
959;Caminhos citados;scripts/robustness_v22.py;existe;existe;commit 952ee3a;OK;
960;Arquivos citados;README.md;existe;existe;README.md;OK;
961;Arquivos citados;requirements-reproduction.txt;existe;existe;requirements-reproduction.txt;OK;
